CR,CM,time
http://sealytics.github.io/ontologies/release-model#Bug-7f801587-8b10-4680-a917-b553df7aaee7,"I think the root cause of the src/main/config error is maven-launchpad-plugin not accepting a missing folder in recent versions.

I had the same problem in launchpad/builder and worked around it for now, look for empty.config.directory in pom.xml",1384172553495
http://sealytics.github.io/ontologies/release-model#Bug-7f801587-8b10-4680-a917-b553df7aaee7,Attached log files for both of the issues described.,1384172553495
http://sealytics.github.io/ontologies/release-model#Bug-faf3e730-8032-4620-a989-d68d4babbe47,-use JackrabbitNode.rename() instead of Session.move()-,1406037631217
http://sealytics.github.io/ontologies/release-model#Bug-faf3e730-8032-4620-a989-d68d4babbe47,workaround implemented as described,1406037631217
http://sealytics.github.io/ontologies/release-model#Bug-faf3e730-8032-4620-a989-d68d4babbe47,Can&apos;t use JackrabbitNode.rename() since that would not work on oak,1406037631217
http://sealytics.github.io/ontologies/release-model#Bug-0a727cf1-a4f0-4bb6-abbc-e0fe613c681a,"Hi Bertrand, I think the warning should be enough. Maybe you can also mention the workaround in the warning that replacing dots with &quot;_&quot; should work, if the dots should not be considered as separator between path and selectors. Thanks.",1376059740305
http://sealytics.github.io/ontologies/release-model#Bug-0a727cf1-a4f0-4bb6-abbc-e0fe613c681a,"The workaround, to find out about the actual selectors, suffix and extension is to execute the request in question and then look at the /system/console/requests plugin, which displays the SlingRequestPathInfo values.",1376059740305
http://sealytics.github.io/ontologies/release-model#Bug-0a727cf1-a4f0-4bb6-abbc-e0fe613c681a,"The goal of the plugin form is to show mapping rules applied. This does very rudimentary string operation which is sufficient for the purpose.

Maybe your message should read something like &quot;don&apos;t add a suffix&quot;.",1376059740305
http://sealytics.github.io/ontologies/release-model#Bug-0a727cf1-a4f0-4bb6-abbc-e0fe613c681a,"I have added two tests at http://svn.apache.org/r1539586 that demonstrate that we don&apos;t get the results that you expect.

As the webconsole plugin does not check if the underlying resources actually exist, it simply uses the first dot in the URL to separate between path and selectors/extension.

We could improve that by having the plugin make an actual request, but I&apos;m not sure if that&apos;s a good idea. For now I have added the following warning on the path field of the plugin&apos;s output:

bq. Note that in a real Sling request, the path might vary depending on the existence of resources that partially match it. This utility does not take this into account and uses the first dot to split between path and selectors/extension.

I think that&apos;s acceptable for now, the workaround is to replace dots with _ for example when testing such an URL. At least the behavior is now clearly explained.

WDYT? Feel free to create a separate issue if you think this should be addressed.",1376059740305
http://sealytics.github.io/ontologies/release-model#Bug-0a727cf1-a4f0-4bb6-abbc-e0fe613c681a,"Good idea, I have added workaround info in http://svn.apache.org/r1540671",1376059740305
http://sealytics.github.io/ontologies/release-model#Bug-0a727cf1-a4f0-4bb6-abbc-e0fe613c681a,"Another use case is the request URI
/home/users/geometrixx-outdoors/emily.andrews@mailinator.com/profile.form.html/content/geometrixx-outdoors/en/user/profile

which gets decomposed to
Path
    /home/users/geometrixx-outdoors/emily
Selectors
    [andrews@mailinator, com/profile, form]
Extension
    html 

whereas it should be 
Path
    /home/users/geometrixx-outdoors/emily.andrews@mailinator.com/profile
Selectors
    [form]
Extension
    html 

Is that fixed with the updated version as well?",1376059740305
http://sealytics.github.io/ontologies/release-model#Bug-0a727cf1-a4f0-4bb6-abbc-e0fe613c681a,"Fixed in http://svn.apache.org/r1512369 by using the SlingRequestPathInfo class that&apos;s used in request processing in the webconsole plugin.

The plugin can still potentially get out of sync with the actual request processing code as I&apos;m embedding that class in the resolver bundle instead of using it via a service, but using the &quot;official&quot; URL decomposition code gives it a much better chance of being correct.",1376059740305
http://sealytics.github.io/ontologies/release-model#Bug-ad14a24b-cb95-477d-9889-9444613bcaa6,"This works as expected, so resolving.",1379594235059
http://sealytics.github.io/ontologies/release-model#Bug-ad14a24b-cb95-477d-9889-9444613bcaa6,"[~rombert], I commited the nt:resource/jcr:data support and would appreciate if you could quickly review them. Thanks!",1379594235059
http://sealytics.github.io/ontologies/release-model#Bug-898efea1-1436-4090-a942-5f7648463e86,"Hi, I found this change will cause at least one problem that resource.path in esp script returns &apos;&lt;name&gt;.&lt;selector&gt;.&lt;extension&gt;&apos; for Synthetic resources:

var path = resource.path;

for example, it will return &apos;/libs.explorer.node.html&apos; if I&apos;m visiting url &apos;/libs.explorer.node.html&apos; where &apos;/libs&apos; is a synthetic resource (this code is from bundles/extensions/explorer/src/main/resources/libs/sling/servlet/default/explorer/node.esp)

And, I also did a test that if I package a resource which parent folder does not exist previously in a bundle. 

&lt;Sling-Bundle-Resources&gt;/apps/newfolder1/myres1&lt;/Sling-Bundle-Resources&gt;

It does return 404 for url &apos;/apps/newfolder.json&apos; and returns json for &apos;/apps/newfolder/myres1.json&apos; in example above, which causes myres1 not navigatable from &apos;/apps.infinity.json&apos;. I feel this will break some function if I want to count or navigate children for example.
",1395909378985
http://sealytics.github.io/ontologies/release-model#Bug-898efea1-1436-4090-a942-5f7648463e86,"If I&apos;m not mistaken we can remove the above block completely.
In the case of a script in the resource tree, the parent path exists and is readable and in the case of a servlet resource, a provider entry for the parent exists and has more than a single entry",1395909378985
http://sealytics.github.io/ontologies/release-model#Bug-898efea1-1436-4090-a942-5f7648463e86,"Thanks for your quick response! 
I&apos;ve created an issue at https://issues.apache.org/jira/browse/SLING-3496",1395909378985
http://sealytics.github.io/ontologies/release-model#Bug-898efea1-1436-4090-a942-5f7648463e86,"Thanks for reporting, for your last example myres1 is navigatable from /apps.infinity.json as this uses internally getResource() and not resolve() to get the child nodes and therefore the same code as before executes.
However, please open a new issue against 1.1.0 explaining your problem. It would be good to attach a reproducible test case as well",1395909378985
http://sealytics.github.io/ontologies/release-model#Bug-898efea1-1436-4090-a942-5f7648463e86,"My above assumption was wrong. I changed the code to execute only if getResource() is called but not for resolve().
Added a test case as well",1395909378985
http://sealytics.github.io/ontologies/release-model#Bug-4b60b38e-c88c-4b89-ad8b-8d4e2a4264d7,Actually the underlying problem is the same as described in SLING-3522.,1395668232143
http://sealytics.github.io/ontologies/release-model#Bug-bb531a2c-c773-44ff-be9e-5334380ccb26,fixed,1401874496909
http://sealytics.github.io/ontologies/release-model#Bug-d0893d60-cdef-43ab-b73e-e577914deef7,That would be SLING-3713 .,1403772632969
http://sealytics.github.io/ontologies/release-model#Bug-d0893d60-cdef-43ab-b73e-e577914deef7,"[~cziegeler], [~justinedelson], [~asanso] - you&apos;re the main contributors to the ResourceResolver mapping area, maybe you can take a look at this failing test?",1403772632969
http://sealytics.github.io/ontologies/release-model#Bug-d0893d60-cdef-43ab-b73e-e577914deef7,"bq. Hm, do think it&apos;s possible that the test fails due to a timeout? [~rombert]

mmm to me it kinds of look like the last code from the resource resolver bundle is not taked in consideration here. Is it possible?",1403772632969
http://sealytics.github.io/ontologies/release-model#Bug-d0893d60-cdef-43ab-b73e-e577914deef7,"Hm, do think it&apos;s possible that the test fails due to a timeout?",1403772632969
http://sealytics.github.io/ontologies/release-model#Bug-d0893d60-cdef-43ab-b73e-e577914deef7,"Thanks for looking into this. Do the tests pass locally for you? They still fail on Jenkins, see

* https://builds.apache.org/job/sling-trunk-1.6/org.apache.sling$org.apache.sling.launchpad.testing/2230/testReport/org.apache.sling.launchpad.webapp.integrationtest/ResourceResolverProxyTest/runWriteableResourcesTest/
* https://builds.apache.org/job/sling-trunk-1.7/605/org.apache.sling$org.apache.sling.launchpad.testing/testReport/org.apache.sling.launchpad.webapp.integrationtest/ResourceResolverProxyTest/runWriteableResourcesTest/",1403772632969
http://sealytics.github.io/ontologies/release-model#Bug-d0893d60-cdef-43ab-b73e-e577914deef7,"Works fine now, so closing and thanks for looking into this. It seems that we get another IT failure though, will file a bug for it.",1403772632969
http://sealytics.github.io/ontologies/release-model#Bug-d0893d60-cdef-43ab-b73e-e577914deef7,fixed in rev. r1605714,1403772632969
http://sealytics.github.io/ontologies/release-model#Bug-d0893d60-cdef-43ab-b73e-e577914deef7,[~rombert] actually yes :) :S,1403772632969
http://sealytics.github.io/ontologies/release-model#Bug-d0893d60-cdef-43ab-b73e-e577914deef7,Good catch! I&apos;ve updated the bundle list in http://svn.apache.org/r1606721 . That should fix the test on Jenkins as well.,1403772632969
http://sealytics.github.io/ontologies/release-model#Bug-d0893d60-cdef-43ab-b73e-e577914deef7,thanks [~rombert] I am on it,1403772632969
http://sealytics.github.io/ontologies/release-model#Bug-c0964b88-3d7c-4162-8b41-dabfecfe4eb4,"[~shroti] thanks for the info. The JobConsumerManager has a configuration property org.apache.sling.installer.configuration.persist with the default value false. It is displayed in the web console with &quot;Distribute config&quot;.
On a first startup, there is no configuration for the consumer manager; therefore the configuration can&apos;t be distributed.
If you know change the config in the web console and don&apos;t change the &quot;Distribute config&quot; setting, a configuration will be created with your changed config and this value being set to false. Which then means, the config is not distributed.
If you should happen a config on first startup, make sure that this field is set to false in that config

So I think it works as it should",1402380627430
http://sealytics.github.io/ontologies/release-model#Bug-c0964b88-3d7c-4162-8b41-dabfecfe4eb4,--deleted-- was lookin at wrong place,1402380627430
http://sealytics.github.io/ontologies/release-model#Bug-c0964b88-3d7c-4162-8b41-dabfecfe4eb4,"Seems I had to elaborate the issue in detail:

Sling job consumer manager service has an configuration &quot;distribute config&quot; = &quot;disabled&quot;, which doesn&apos;t work as expected on start up. 

This config value needs to be reset (mark it enable &amp; then disable) explicitly through OSGI config to get it reflected. 

Above issue should be fixed as it depicts confusing &amp; un-expected behavior for an end user.
",1402380627430
http://sealytics.github.io/ontologies/release-model#Bug-c0964b88-3d7c-4162-8b41-dabfecfe4eb4,"I have started the multiple AEM 6.0 GA instances in same cluster having nodestore &amp; datastore on mongo with following run command:

&quot;java -Xmx1024m -XX:MaxPermSize=256M -jar cq-author-4502.jar -nofork -r crx3,crx3mongo -p4502 -r author -Doak.mongo.db=oakauthor -Doak.mongo.uri=mongodb://&lt;mongo_url&gt;:27017 &amp;&quot;

Started the instance one by one &amp; issue can be reproduced by changing any config (which will be replicated across all instances) once all up.


",1402380627430
http://sealytics.github.io/ontologies/release-model#Bug-c0964b88-3d7c-4162-8b41-dabfecfe4eb4,It would be great if someone could post reproducible steps,1402380627430
http://sealytics.github.io/ontologies/release-model#Bug-c0964b88-3d7c-4162-8b41-dabfecfe4eb4,Closing as won&apos;t fix as this can be changed by applying an OSGi configuration,1402380627430
http://sealytics.github.io/ontologies/release-model#Bug-c0964b88-3d7c-4162-8b41-dabfecfe4eb4,"[~cziegeler] When instance started up in a cluster, changes in configuration of one instance are getting distributed to others by default (though the default value of  &quot;distribute config&quot; is false if look at felix console).

After re-setting this config (set true &amp; the false) will actually help us to stop distribution of the configuration changes across instances, which is an un-necessary step in my opinion.

[~amitgupt] has also reproduced this issue along with me, what is your input on this?",1402380627430
http://sealytics.github.io/ontologies/release-model#Bug-0c96c1a7-dbce-4140-8107-fd46c968e3fe,I&apos;ve committed a potential fix to the problem which checks the namespace prefix before changing,1398693531133
http://sealytics.github.io/ontologies/release-model#Bug-9ebd03c2-f2db-4409-ad14-7a0a9899f5f9,"Thanks for your patch, it&apos;s applied",1371830387465
http://sealytics.github.io/ontologies/release-model#Bug-86514b76-b651-4509-82e9-cd6ffa81d58f,I think in the {{JcrResourceListener}}Â case the session refresh logic of Oak should kick in and the explicit refresh should not be necessary. But it will hopefully not do any harm. In the pure Oak case there is no such auto refreshing as there the listener is not attached to a session. ,1396432682451
http://sealytics.github.io/ontologies/release-model#Bug-86514b76-b651-4509-82e9-cd6ffa81d58f,Fixed at http://svn.apache.org/r1583952,1396432682451
http://sealytics.github.io/ontologies/release-model#Bug-86514b76-b651-4509-82e9-cd6ffa81d58f,"I made a modification to the patch which refreshes the resolver if the jcr bridge is used as well. I believe this is required if used within Oak, too",1396432682451
http://sealytics.github.io/ontologies/release-model#Bug-86514b76-b651-4509-82e9-cd6ffa81d58f,Attaching patch with added resolver refresh.,1396432682451
http://sealytics.github.io/ontologies/release-model#Bug-1e166618-a2df-4061-b1c5-b0c6c5f60fbf,"fix Completed: At revision: 1571375  
",1393264984671
http://sealytics.github.io/ontologies/release-model#Bug-e8a87a40-76b2-4777-941e-f3c8050dc27b,"Implemented in http://svn.apache.org/r1537534

The test can now be run with a POST from http://localhost:8888/system/sling/junit/org.apache.sling.launchpad.testservices.serversidetests.ResourceResolverTest.html , it looks stable in both Jackrabbit and Oak now, but much slower in Oak (33s vs. 9 on my box). IIUC the slowness is caused by Oak 0.9 having higher latency in delivering observation events.",1383232050534
http://sealytics.github.io/ontologies/release-model#Bug-a3c62849-a05d-4746-b261-948a21c67839,"I also think we need both changes - while it&apos;s the Jetty bundle that causes the issue in this case, others might as well.

Also, when upgrading existing systems we might see different combinations, so the commons log bundle should be as robust as possible w.r.t these initialization problems.",1382099872386
http://sealytics.github.io/ontologies/release-model#Bug-a3c62849-a05d-4746-b261-948a21c67839,"From seeing the thread dump I think following is happening

# Sling installer installs all bundles at a given Start Level like 1
# At start level 1 we have various bundles like Commons Log and Jetty
# Jetty has an optional dependency on SLF4J
# Once all the bundles are resolved the bundles are started. In some cases Jetty bundle gets started first. 
# If Jetty gets started first it triggers SLF4J initialization in a separate thread (diff from main Framework thread) and the SLF4J would access the StaticLoggerBinder provided by Logback jar packaged within Commons Log bundle. This is triggered via static initializer logic in org.slf4j.LoggerFactory#getILoggerFactory [2]. Note that by this time Commons Log bundle has not be started. In this process at some stage it needs lock on the Commons Log classloader
# Commons Log bundle itself require access to the return value of ILoggerFactory.getILoggerFactory() in its BundleActivator.start as its that singleton LoggerContext instance which needs to be used by LogbackManager for further configuration. It currently hold the Common Log classloader lock

This lead to a deadlock and stalls the system. One possible fix I can think of is

# Commons Log activator checks if the LoggerFactory is initialized i.e. {{LoggerFactory.getILoggerFactory() instanceof LoggerContext}}
# If not initialized then it would starting the initialization in a separate thread where it would wait till {{LoggerFactory}} is initialized and only then start LogbackManager

Thoughts?

[1] http://bugzilla.slf4j.org/show_bug.cgi?id=106
[2] https://github.com/qos-ch/slf4j/blob/master/slf4j-api/src/main/java/org/slf4j/LoggerFactory.java#L292",1382099872386
http://sealytics.github.io/ontologies/release-model#Bug-a3c62849-a05d-4746-b261-948a21c67839,"Patch which uses a separate thread to configure Logback in case SLF4J is not initialized yet.

I tried to reproduce the issue locally but somehow it does not show up. So [~bdelacretaz] would require you to test the patch on your system and see if it resolves the issue",1382099872386
http://sealytics.github.io/ontologies/release-model#Bug-a3c62849-a05d-4746-b261-948a21c67839,I feared this situation would arise with my fix for SLING-3185. Would try to reproduce and come with proper fix,1382099872386
http://sealytics.github.io/ontologies/release-model#Bug-a3c62849-a05d-4746-b261-948a21c67839,Here&apos;s the full stack trace.,1382099872386
http://sealytics.github.io/ontologies/release-model#Bug-a3c62849-a05d-4746-b261-948a21c67839,Ok. I agree we should do both - move Jetty to a higher startlevel (also the bridge for servlet container deployments) as well as taking the asychronous approach when this situation is detected.,1382099872386
http://sealytics.github.io/ontologies/release-model#Bug-a3c62849-a05d-4746-b261-948a21c67839,"Reading [1] I wonder whether this might be an approach to the problem: Can we make sure to only do minimal, default, setup in StaticLoggerBinder.SINGLETON.getLoggerFactory() such as to not do any further class loading and then have the &quot;commons log&quot; activator do the actual heavy listing configuration ?

Apart from it being nice to solve this problem, I hope this is a corner case -- Logback intialization caused by a paralell thread causing deadlock between Logback and classloaders. And we can also mitigate this by moving the jetty bundle to another start level, which should actually be the case ?

[1] http://logback.qos.ch/manual/configuration.html#joranDirectly",1382099872386
http://sealytics.github.io/ontologies/release-model#Bug-a3c62849-a05d-4746-b261-948a21c67839,Patch was applied by [~bdelacretaz] at rev http://svn.apache.org/r1534615 and seems to resolve the issue for now.,1382099872386
http://sealytics.github.io/ontologies/release-model#Bug-a3c62849-a05d-4746-b261-948a21c67839,"bq. Reading [1] I wonder whether this might be an approach to the problem 

That is what is being done. The default config used is [1] and later we introduce our integration config via [2]

bq.  And we can also mitigate this by moving the jetty bundle to another start level

That would help. I have been using Commons Log with Adobe CQ (Sling based App) where the HTTP service starts at a later start level. And I have not hit this issue so far for past 2 months. 

So unless changing startlevel does not pose much issue in terms of upgrade I suggest
# Move Jetty to a later start level - or some how ensure that commons log activator is called first
# In additon use the thread based approach to workaround such cases. The logic would ensure that new thread is only used when Slf4j is not initialized

[1] https://github.com/apache/sling/blob/trunk/bundles/commons/log/src/main/resources/logback.xml
[2] https://github.com/apache/sling/blob/trunk/bundles/commons/log/src/main/resources/logback-empty.xml
",1382099872386
http://sealytics.github.io/ontologies/release-model#Bug-a3c62849-a05d-4746-b261-948a21c67839,"I&apos;m not that happy about solving this by changing the start level. Start levels should not be abused to solve problems. If we have a chance to fix this without depending on startup order, we should go that way",1382099872386
http://sealytics.github.io/ontologies/release-model#Bug-a3c62849-a05d-4746-b261-948a21c67839,"I like the idea of initializing in a separate thread. 

As mentioned at SLING-3185 the commons log bundle causes circular dependencies, as it&apos;s exporting the org.slf4j.impl packages which slf4j needs to startup. Having those come from a distinct bundle might make things easier but according to Chetan it&apos;s not that easy to implement that separation. Decoupling the bundle&apos;s initialization in a separate thread should break those loops.",1382099872386
http://sealytics.github.io/ontologies/release-model#Bug-a3c62849-a05d-4746-b261-948a21c67839,"I tried to reproduce the issue locally but it does not happen on my setup. I used the latest Sling created from launchpad/builder module.

[~bdelacretaz] Can you provide thread dump for the above deadlock?",1382099872386
http://sealytics.github.io/ontologies/release-model#Bug-8d49c64f-368e-4d35-bad6-253e1ec74b6c,Fixed in http://svn.apache.org/viewvc?view=revision&amp;revision=1591865,1399028032035
http://sealytics.github.io/ontologies/release-model#Bug-680f6723-9479-46ee-8069-767e8c4c70b5,Changes committed in revision 1541469,1384340217331
http://sealytics.github.io/ontologies/release-model#Bug-94130005-1dc1-48aa-bf0a-96dc62764621,Fixed in http://svn.apache.org/viewvc?view=revision&amp;revision=1486953,1369753415996
http://sealytics.github.io/ontologies/release-model#Bug-dae0020e-3131-460c-b4be-96f1155db3c0,added src/main/config. could be removed once maven-launchpad-plugin 2.2.2 is released...,1393760518463
http://sealytics.github.io/ontologies/release-model#Bug-b830fd27-2795-4ddf-83a4-1d18c4d57004,Lowering prio and adjusting title since we have the JCR transport implementation as primary right now.,1352990595783
http://sealytics.github.io/ontologies/release-model#Bug-b830fd27-2795-4ddf-83a4-1d18c4d57004,"I&apos;m thinking about the current way of addressing the problem:

I. Create a server-side support bundle which will handle requests, instead of using the Default{Get,Post}Servlet directly

1. Create a Servlet which is mapped at /bin/idesupport ( for lack of a better location ). This servlet handles resources based on requestPathInfo.getSuffixResource()
2. For GET requests, return the resource mapped as JSON. 
2.1 If the request has a &apos;children&apos; selector, also dump the first-level children
2.2 If the request does not have a suffix, dump bundle information in JSon format - for now the bundle version.
3. For POST requests, delegate to the POST servlet ( lookup the component with Servlet.class and pid=org.apache.sling.servlets.post.impl.SlingPostServlet )

II. Update the IDE integration to hook into this bundle

1. Build the support bundle as part of the reactor and embed it inside the eclipse-core plugin.
2. When creating a new Sling Launchpad Server in Eclipse check if the support bundle is available. If it is, or if we have a newer version, offer to install it.
3. Allow the user to install/upgrade/remove this support bundle using the Server editor
4. Update the RepositoryImpl to communicate with the new servlet

[~asanso], [~dklco], [~egli] - any thoughts on this?",1352990595783
http://sealytics.github.io/ontologies/release-model#Bug-b830fd27-2795-4ddf-83a4-1d18c4d57004,"Hi [~rombert],

I like both suggestions, esp the idea to use dedicated servlets for the ide support.

I guess a question to ask here though is do we want to take the resource way, the jcr/vault way, or both. I think we need a decision here at some point..",1352990595783
http://sealytics.github.io/ontologies/release-model#Bug-ff1f7c59-bc8d-4a00-8691-2476b52105d5,Fixed.,1361857320718
http://sealytics.github.io/ontologies/release-model#Bug-56b82c23-5c81-46a7-b5c1-34ed579943c2,Fixed in http://svn.apache.org/viewvc?view=revision&amp;revision=r1615597,1407164095073
http://sealytics.github.io/ontologies/release-model#Bug-b35e21b9-0917-4ba1-8b70-48cc0bf06b86,"[~egli] - thanks for confirming the approach.

Fix applied in http://svn.apache.org/viewvc?view=revision&amp;revision=1602373",1401972523800
http://sealytics.github.io/ontologies/release-model#Bug-b35e21b9-0917-4ba1-8b70-48cc0bf06b86,"Thinking about this a bit more, the more direct approach is to no longer use the RepositoryProvider class and the ServiceProvider lookup mechanism, but to rely on instantiating the DAVExRepositoryFactory directly. We don&apos;t expect any other implementations to be present anyway. I&apos;ll think about it a little bit more, but unless anyone objects I&apos;ll use this approach.",1401972523800
http://sealytics.github.io/ontologies/release-model#Bug-b35e21b9-0917-4ba1-8b70-48cc0bf06b86,"[~rombert], I&apos;ve updated and seen it once more - but when trying to reproduce I couldn&apos;t .. - so it _might_ still be there.. let&apos;s wait and see",1401972523800
http://sealytics.github.io/ontologies/release-model#Bug-b35e21b9-0917-4ba1-8b70-48cc0bf06b86,"Attaching a stacktrace which shows the same message as above and happened when trying to start the (wst-)server after &apos;new project&apos; wizard failed - even though not exactly at the same location it is likely indicating the root cause:
{code}
!ENTRY org.apache.sling.ide.eclipse-core 4 0 2014-06-05 14:55:21.186
!MESSAGE No repository found at http://localhost:4502/
server/-/jcr:root : URL scheme http not supported. only
crx/-/jcr:root : URL scheme http not supported. only
!STACK 0
java.lang.IllegalArgumentException: No repository found at http://localhost:4502/
server/-/jcr:root : URL scheme http not supported. only
crx/-/jcr:root : URL scheme http not supported. only
	at org.apache.sling.ide.jcr.RepositoryUtils.getRepositoryAddress(RepositoryUtils.java:68)
	at org.apache.sling.ide.jcr.RepositoryUtils.getRepository(RepositoryUtils.java:38)
	at org.apache.sling.ide.impl.vlt.VltRepository.init(VltRepository.java:49)
	at org.apache.sling.ide.impl.vlt.VltRepositoryFactory.getRepository(VltRepositoryFactory.java:50)
	at org.apache.sling.ide.eclipse.core.ServerUtil.getRepository(ServerUtil.java:124)
	at org.apache.sling.ide.eclipse.core.internal.SlingLaunchpadBehaviour.start(SlingLaunchpadBehaviour.java:88)
	at org.apache.sling.ide.eclipse.core.internal.SlingLaunchpadLaunchConfigurationDelegate.launch(SlingLaunchpadLaunchConfigurationDelegate.java:45)
	at org.eclipse.debug.internal.core.LaunchConfiguration.launch(LaunchConfiguration.java:858)
	at org.eclipse.debug.internal.core.LaunchConfiguration.launch(LaunchConfiguration.java:707)
	at org.eclipse.debug.internal.core.LaunchConfiguration.launch(LaunchConfiguration.java:700)
	at org.eclipse.wst.server.core.internal.Server.startImpl2(Server.java:3538)
	at org.eclipse.wst.server.core.internal.Server.startImpl(Server.java:3474)
	at org.eclipse.wst.server.core.internal.Server$StartJob.run(Server.java:367)
	at org.eclipse.core.internal.jobs.Worker.run(Worker.java:53)
{code}",1401972523800
http://sealytics.github.io/ontologies/release-model#Bug-b35e21b9-0917-4ba1-8b70-48cc0bf06b86,"I was able to reproduce this by starting Eclipse fresh and immediately creating a bundle project, and in that process selecting to create a new server.",1401972523800
http://sealytics.github.io/ontologies/release-model#Bug-b35e21b9-0917-4ba1-8b70-48cc0bf06b86,"I&apos;ve committed a potential fix in http://svn.apache.org/viewvc?view=revision&amp;revision=1600759 . The error no longer appears for me, and it is the correct thing to do, but I can&apos;t be sure that it is indeed fixed, so I&apos;m keeping this open for a little longer.

[~egli] - if you do see the problem again, please let me know so that I can investigate again.

_Edit_: typo",1401972523800
http://sealytics.github.io/ontologies/release-model#Bug-b35e21b9-0917-4ba1-8b70-48cc0bf06b86,"I&apos;ve pushed another potential fix in http://svn.apache.org/viewvc?view=revision&amp;revision=1602363 . Since the problem is that the RepositoryProvider can&apos;t find the DAVExRepositoryFactory implementation, I&apos;ve tried to load it early enough to be registered. Let&apos;s see if that fixes it. I&apos;ve tried running Eclipse with -verbose:class, to notice any possible classloading issues.",1401972523800
http://sealytics.github.io/ontologies/release-model#Bug-b35e21b9-0917-4ba1-8b70-48cc0bf06b86,"bq. We don&apos;t expect any other implementations to be present anyway.
+1
if we&apos;ll run into the need to support other implementations in the future, we can tackle this at that time again..",1401972523800
http://sealytics.github.io/ontologies/release-model#Bug-b35e21b9-0917-4ba1-8b70-48cc0bf06b86,"[~rombert], I&apos;ve added a check to the RepositoryUtils which aims to figure out &apos;isRepositoryProviderReady&apos; - as this problem seems to exist only &apos;at the beginning&apos;, ie when there is no repository factory yet at all, hence it might be good to give the user a clearer message &apos;not yet ready, pls try again&apos;.

Of course it would be good to find out, when those repository factories are registered exactly..",1401972523800
http://sealytics.github.io/ontologies/release-model#Bug-b35e21b9-0917-4ba1-8b70-48cc0bf06b86,"This is probably a classloading issue, I&apos;ll look deeper into it.",1401972523800
http://sealytics.github.io/ontologies/release-model#Bug-52843081-1e3b-4a83-96c8-f17427d64923,"I could definitely reproduce with importing an existing maven project (packaging content-package), which is outside the workspace folder, converting it to a sling content project and adding it as a server module.",1403528923878
http://sealytics.github.io/ontologies/release-model#Bug-52843081-1e3b-4a83-96c8-f17427d64923,"GitHub user kwin opened a pull request:

    https://github.com/apache/sling/pull/20

    SLING-3687, support multiple facets by evaluating all possible modules

    Support multiple facets by always evaluating all possible modules per project.

You can merge this pull request into a Git repository by running:

    $ git pull https://github.com/kwin/sling SLING-3687-support-multiple-facets

Alternatively you can review and apply these changes as the patch at:

    https://github.com/apache/sling/pull/20.patch

To close this pull request, make a commit to your master/trunk branch
with (at least) the following in the commit message:

    This closes #20
    
----
commit f7b6434e0ef6d1b582bf1891a1746da6c3949333
Author: Konrad Windszus &lt;konrad.windszus@netcentric.biz&gt;
Date:   2014-06-23T14:17:05Z

    SLING-3687, support multiple facets by evaluating all possible modules

----
",1403528923878
http://sealytics.github.io/ontologies/release-model#Bug-52843081-1e3b-4a83-96c8-f17427d64923,"The problem is in SelectionUtils line 56 (https://github.com/apache/sling/blob/trunk/tooling/ide/eclipse-ui/src/org/apache/sling/ide/eclipse/ui/internal/SelectionUtils.java#L56). The ServerUtil.getModule returns only the module
{code}
Module[nc-website-components-package,org.eclipse.jst.jee.server:nc-website-components-package]
{code}

whereas ServerUtil.getModules would return two items
{code}
[Module[nc-website-components-package,org.eclipse.jst.jee.server:nc-website-components-package], Module[nc-website-components-package,org.apache.sling.ide.contentModuleFactory:nc-website-components-package]]
{code}

Only the second one is relevant. Therefore please replace the call of ServerUtil.getModule with ServerUtil.getModules and evaluate all returned modules.

The javadoc of ServerUtil.getModule even states that (http://help.eclipse.org/juno/index.jsp?topic=%2Forg.eclipse.servertools.doc.isv%2Fhtml%2Fapi_reference%2Forg%2Feclipse%2Fwst%2Fserver%2Fcore%2FServerUtil.html)
{code}
...
Returns the module contained within the given project. If more than one module is contained with the project, this method will return an arbitrary module unless the module factory defines an ordering. If there might be multiple modules in a project, users should typically use getModules(IProject) instead. 
...
{code}",1403528923878
http://sealytics.github.io/ontologies/release-model#Bug-52843081-1e3b-4a83-96c8-f17427d64923,Thanks for digging up the root cause and contributing the fix. I&apos;ve applied it in http://svn.apache.org/viewvc?view=revision&amp;revision=1604819  .,1403528923878
http://sealytics.github.io/ontologies/release-model#Bug-52843081-1e3b-4a83-96c8-f17427d64923,"Sorry, the fix version was incorrect. Since the 1.0.0 release vote was cancelled this will end up in the first public release, whether it will be called 1.0.0 or 1.0.2 .",1403528923878
http://sealytics.github.io/ontologies/release-model#Bug-52843081-1e3b-4a83-96c8-f17427d64923,"Github user kwin closed the pull request at:

    https://github.com/apache/sling/pull/20
",1403528923878
http://sealytics.github.io/ontologies/release-model#Bug-52843081-1e3b-4a83-96c8-f17427d64923,"Maybe this is related to the multimodule structure. The structure is as following

nc-website (pom packaging)
- nc-website-components (pom packaging, module of nc-website)
-- nc-website-components-package (content-package packaging, module of nc-website-components.

All projects are real Eclipse Projects in the workspace (compare with the attached screen), but their location in the filesystem is also nested. Although I triggered the Sling Export from the Project &quot;nc-website-components-package&quot; the pathname in the errormessage &quot;nc-website-components/nc-website-components-package/...&quot; leads to the assumption that simply the wrong project is taken into account (nc-website-components instead of nc-website-components-package).

Maybe you do not really support the case where project location is not below workspace location but somewhere else?",1403528923878
http://sealytics.github.io/ontologies/release-model#Bug-52843081-1e3b-4a83-96c8-f17427d64923,This is related to SLING-3100 which also installs the facet &quot;Dynamic Web Module&quot; for packaging &quot;content-package&quot; projects automatically. In any case to be compatible with other plugins it would be good to always evaluate all possible modules of a project (to support other facets as well).,1403528923878
http://sealytics.github.io/ontologies/release-model#Bug-52843081-1e3b-4a83-96c8-f17427d64923,[~rombert] Is the fix version 1.1.0 correct? Can we backport to 1.0.2 as well? I consider this very low risk.,1403528923878
http://sealytics.github.io/ontologies/release-model#Bug-656f0944-46db-4928-b2dd-e615ea07a434,"Felix, your patch looks good to me.",1213403205966
http://sealytics.github.io/ontologies/release-model#Bug-656f0944-46db-4928-b2dd-e615ea07a434,"Applied my patch for multi-value property handling in Rev. 742950 as well as the extended unit test provided by Eric Norman (Thanks) in Rev. 742951.

Please close this issue, if it works for you. Thanks.",1213403205966
http://sealytics.github.io/ontologies/release-model#Bug-656f0944-46db-4928-b2dd-e615ea07a434,looks good.  thanks.,1213403205966
http://sealytics.github.io/ontologies/release-model#Bug-656f0944-46db-4928-b2dd-e615ea07a434,"Very good point. Thanks Erik.

But how about this patch ? It unifies the value handling in the wrap method handling reference values. This concentrates handling of REFERNCE values in a single place.",1213403205966
http://sealytics.github.io/ontologies/release-model#Bug-656f0944-46db-4928-b2dd-e615ea07a434,"Could you provide some automated tests for your patch?

See  https://svn.apache.org/repos/asf/incubator/sling/trunk/scripting/javascript/src/test/java/org/apache/sling/scripting/wrapper/ScriptableNodeTest.java for examples, the framework provides everything to make it very easy to add automated tests. Or let us know if something&apos;s missing, and we&apos;ll fix it.",1213403205966
http://sealytics.github.io/ontologies/release-model#Bug-656f0944-46db-4928-b2dd-e615ea07a434,Is there anything keeping this patch from being committed?,1213403205966
http://sealytics.github.io/ontologies/release-model#Bug-656f0944-46db-4928-b2dd-e615ea07a434,Proposed patch.,1213403205966
http://sealytics.github.io/ontologies/release-model#Bug-656f0944-46db-4928-b2dd-e615ea07a434,Patch to add a new unit test to the ScriptableNodeTest  testcase,1213403205966
http://sealytics.github.io/ontologies/release-model#Bug-472aa162-a798-4572-8172-869474f9a9fb,seems to be affect of SLING-2947,1391254173189
http://sealytics.github.io/ontologies/release-model#Bug-472aa162-a798-4572-8172-869474f9a9fb,"fixed the pom in revision: 1563397  

using latest released installer.core now.
",1391254173189
http://sealytics.github.io/ontologies/release-model#Bug-d73bca69-72d3-4676-ab7d-9fd157ffd186,Committed in r1624835,1410692421653
http://sealytics.github.io/ontologies/release-model#Bug-d9ff6f15-13dc-440d-849c-79da6dab58cf,Fixed in http://svn.apache.org/viewvc?view=revision&amp;revision=1605101,1403619928292
http://sealytics.github.io/ontologies/release-model#Bug-00d7cf86-1e19-489c-a525-b120a2242402,"Fixed:

grabbing the latest selection and setting it as input when the properties view opens. This will only work if the last selection was indeed a jcr node in the project explorer - now the behavior corresponds to the default eclipse properties view.",1403601700987
http://sealytics.github.io/ontologies/release-model#Bug-213c500d-bb8f-4499-8689-b15e947ae866,"Since it&apos;s going to be interpreted as a string first you might have to double or triple escape.

Also have you tried using the \Q and \E to escape the pattern?


Here&apos;s a small sample:
{code}
    public static void main(String[] args) {
		String test =&quot;/1213/213$/234&quot;;
		
		Pattern test1 = Pattern.compile(test);
		Matcher matcher1 = test1.matcher(test);
		System.out.println(&quot;match? &quot; + matcher1.matches());
		//match? false
		

		Pattern test2 = Pattern.compile(&quot;\\Q&quot; +test + &quot;\\E&quot;);
		
		Matcher matcher2 = test2.matcher(test);
		
		System.out.println(&quot;match? &quot; + matcher2.matches());
		//match? true
		
		
		Pattern test3 = Pattern.compile(test.replaceAll(&quot;\\$&quot;, &quot;\\\\\\$&quot;));
		Matcher matcher3 = test3.matcher(test);
		System.out.println(&quot;match? &quot; + matcher3.matches());
		//match? true
		
	}
{code}",1407660975243
http://sealytics.github.io/ontologies/release-model#Bug-c6fc05b3-8a54-499f-9607-3deb63026a37,updating summary to indicate that issue also impacts encodeRedirectURL(),1390574064463
http://sealytics.github.io/ontologies/release-model#Bug-c6fc05b3-8a54-499f-9607-3deb63026a37,fixed in r1561035 by passing the request into the map() method.,1390574064463
http://sealytics.github.io/ontologies/release-model#Bug-c6fc05b3-8a54-499f-9607-3deb63026a37,Close after release,1390574064463
http://sealytics.github.io/ontologies/release-model#Bug-4f324b68-c392-4526-8bca-9c064e8060ed,Replaced the exception unwrapping and special casing by simply DEBUG logging the IOException in Rev. 1586411,1396968573163
http://sealytics.github.io/ontologies/release-model#Bug-874b637d-3bf5-4f37-84ea-49c9dc56ebdf,Applied the change in https://svn.apache.org/r1622231 . Keeping open to validate that this unblocks the Jenkins builds.,1409746400371
http://sealytics.github.io/ontologies/release-model#Bug-874b637d-3bf5-4f37-84ea-49c9dc56ebdf,Confirmed fix,1409746400371
http://sealytics.github.io/ontologies/release-model#Bug-11c02ad7-7e12-4726-9a2a-3f9b5d59d11b,"Added an integration test in revision 1463585, we can enable the DISABLED_ test in ExportedPackagesTest once this is fixed.",1364912785290
http://sealytics.github.io/ontologies/release-model#Bug-11c02ad7-7e12-4726-9a2a-3f9b5d59d11b,"FELIX-3239 has been fixed, test reactivated in http://svn.apache.org/r1614588, all 3 ExportedPackagesTest tests pass now.",1364912785290
http://sealytics.github.io/ontologies/release-model#Bug-11c02ad7-7e12-4726-9a2a-3f9b5d59d11b,"Still not fixed, no progress on FELIX-3239 and the ExportedPackagesTest.testPackageFromFragment still fails if enabled.",1364912785290
http://sealytics.github.io/ontologies/release-model#Bug-44d6f1b5-0c4f-43ef-937e-b308e5f434c4,I removed the support for log level and additivity for appender registration,1379313917798
http://sealytics.github.io/ontologies/release-model#Bug-44d6f1b5-0c4f-43ef-937e-b308e5f434c4,"Ah right - yeah, sorry I missed the array part - ok, so yes, a single string it is :)
I think the default for additive should be &quot;true&quot; - not false as this is the default logback behaviour",1379313917798
http://sealytics.github.io/ontologies/release-model#Bug-44d6f1b5-0c4f-43ef-937e-b308e5f434c4,"The problem is that I want {{loggers}} to be an array property. I would ensure that apart from specifying the logger name other config details should be completely optional without causing any side effects

{noformat}
[
 &quot;foo:INFO:true&quot;,
 &quot;foo.bar&quot;,
 &quot;foo.bar.baz:DEBUG&quot;
]
{noformat}
",1379313917798
http://sealytics.github.io/ontologies/release-model#Bug-44d6f1b5-0c4f-43ef-937e-b308e5f434c4,"Additivity and level are properties of the Logger instances and not of appenders. So adding this kind of attributes to the loggers properties is bound to create race conditions: Depending on which appender is first configured, the logger will be differently configured.

I would take logging level and additivity completely out of the appender service registration picture.",1379313917798
http://sealytics.github.io/ontologies/release-model#Bug-44d6f1b5-0c4f-43ef-937e-b308e5f434c4,"I suggest to create three different service registration properties:
- logger name
- log level (optional) - defaults to empty value
- additive (optional) - defaults to true

If no log level is set, the log level of the logger is not changed at all",1379313917798
http://sealytics.github.io/ontologies/release-model#Bug-44d6f1b5-0c4f-43ef-937e-b308e5f434c4,"&gt;  In worst case the Appenders can configure the Logger via LoggerContext in the start method

Yeah, even though I would not call that &quot;good practice&quot; because it violates the separation of concern principle. Appenders are just for appending log messages.",1379313917798
http://sealytics.github.io/ontologies/release-model#Bug-44d6f1b5-0c4f-43ef-937e-b308e5f434c4,"bq. I would take logging level and additivity completely out of the appender service registration picture.

Makes sense ... keep things simple. You can manage logger level (additivity not supported currently) via creating config for pid {{org.apache.sling.commons.log.LogManager.factory.config}}. Would remove support for configuring logger attributes while registering the appenders. In worst case the Appenders can configure the Logger via {{LoggerContext}} in the start method",1379313917798
http://sealytics.github.io/ontologies/release-model#Bug-44d6f1b5-0c4f-43ef-937e-b308e5f434c4,[~cziegeler] made the changes in rev 1523638. Resolving the issue for now,1379313917798
http://sealytics.github.io/ontologies/release-model#Bug-44d6f1b5-0c4f-43ef-937e-b308e5f434c4,"Good point, yes, log level and additivity are configurations of the loggers not the appenders",1379313917798
http://sealytics.github.io/ontologies/release-model#Bug-c85f276f-679d-456d-98d5-3b147f32b88d,"Actually I was looking at the wrong class and you&apos;re right of course. 
I&apos;ve fixed this in rev 1611769",1403704965408
http://sealytics.github.io/ontologies/release-model#Bug-c85f276f-679d-456d-98d5-3b147f32b88d,"[~anshika] The workaround should not pose a problem once this is fixed.
However, the job should actually get removed, the TimedEventSender#execute method contains a remove instruction at the end. Could you please debug what is going wrong there?",1403704965408
http://sealytics.github.io/ontologies/release-model#Bug-c85f276f-679d-456d-98d5-3b147f32b88d,"As a workaround, I am unscheduling the job just before returning the JobResult and after it is executed, using following piece of code snippet:

Collection&lt;ScheduledJobInfo&gt; scheduledJobs = jobManager.getScheduledJobs();
		for (ScheduledJobInfo eachJob : scheduledJobs) {
			Map&lt;String, Object&gt; eachJobProps = eachJob.getJobProperties();
			if (eachJob.getJobTopic().equals(AssetUpdateListener.REPLICATION_EVENT_TOPIC) &amp;&amp; 
					eachJobProps.get(AssetUpdateListener.PROPERTY_FORM_PATH).equals(formPath) &amp;&amp;						eachJobProps.get(AssetUpdateListener.PROPERTY_REPLICATION_ATTRIBUTE).equals(replicationAtribute)) {
				eachJob.unschedule();
			}
		}

Should I go forward with this approach? Would this approach create a problem once this issue is fixed in sling?",1403704965408
http://sealytics.github.io/ontologies/release-model#Bug-3b2157ee-6629-4660-8eb8-52b6c10ba888,I&apos;ve added the property to the configurable ones,1388759881737
http://sealytics.github.io/ontologies/release-model#Bug-991dfe1d-d854-46f7-8320-28a42a699bfb,"Oops, accidental double-submission",1400072873446
http://sealytics.github.io/ontologies/release-model#Bug-2f8631b9-dbec-472e-b1d2-e2e6c2655c25,"- added a test to validate that .content.xml parsing is correct in http://svn.apache.org/viewvc?view=revision&amp;revision=1526714 
- fixed remaining JCR commands which incorrectly encoded the paths they were executing on in platform format - paths passed to commands must always be in repository format in http://svn.apache.org/viewvc?view=revision&amp;revision=1526716",1380230265112
http://sealytics.github.io/ontologies/release-model#Bug-82060768-eb6e-4b09-b359-5cbc86dddb54,r1625366,1410897512995
http://sealytics.github.io/ontologies/release-model#Bug-36cd72c0-a065-43a2-8a53-c83ef4fbfeba,"Test reactivated in revision 1540733, passes after upgrading to Oak 0.10.",1383567835886
http://sealytics.github.io/ontologies/release-model#Bug-36cd72c0-a065-43a2-8a53-c83ef4fbfeba,"For now, I have disabled the failing tests using the JackrabbitOnly category, in http://svn.apache.org/r1539021",1383567835886
http://sealytics.github.io/ontologies/release-model#Bug-36cd72c0-a065-43a2-8a53-c83ef4fbfeba,{{rep:write}} sounds like an internal permission. Do we want to check for those at all ?,1383567835886
http://sealytics.github.io/ontologies/release-model#Bug-b2406f61-3e69-4c76-81e1-916f3279805c,Fixed in http://svn.apache.org/viewvc?view=revision&amp;revision=1596604,1400681302056
http://sealytics.github.io/ontologies/release-model#Bug-cc880c16-2353-4a37-9dd1-94b893b7c47b,fixed in rev. r1601644,1400140707401
http://sealytics.github.io/ontologies/release-model#Bug-cc880c16-2353-4a37-9dd1-94b893b7c47b,enabled test in r1601645,1400140707401
http://sealytics.github.io/ontologies/release-model#Bug-cc880c16-2353-4a37-9dd1-94b893b7c47b,"added showcase test in rev, 1594810",1400140707401
http://sealytics.github.io/ontologies/release-model#Bug-19d4db0d-f01b-4e25-a9e0-c9cb655b9a8c,"There are valid cases for both relative and absolute Location URI in a response, as described in the draft-ietf-httpbis-p2-semantics-25 that you point to.

What we might do is override sendRedirect to make sure it respects the intention (absolute or relative Location) of the caller, using set header + set status calls as suggested, instead of calling the sendRedirect of the response object that we wrap.",1391559975887
http://sealytics.github.io/ontologies/release-model#Bug-19d4db0d-f01b-4e25-a9e0-c9cb655b9a8c,"Can you provide a scenario or automated test to reproduce the issue?

IIUC from an offline discussion this happens when running Sling on specific servlet engines.

There&apos;s a number of tests under [1] which verify the Location header in responses, I assume some of them should show the problem if you run them in a problematic environment.

[1] https://svn.apache.org/repos/asf/sling/trunk/launchpad/integration-tests",1391559975887
http://sealytics.github.io/ontologies/release-model#Bug-19d4db0d-f01b-4e25-a9e0-c9cb655b9a8c,"Technically we can (and in an internal discussion I may actually have stipulated that we) implement the sendRedirect method in Sling to return a relative path.

There are two problems, though with respect to specification compliance:

# The Servlet API spec requires the [sendRedirect|http://docs.oracle.com/javaee/6/api/javax/servlet/http/HttpServletResponse.html#sendRedirect%28java.lang.String%29] method to set an absolute URL on the Location header.
# The current HTTP/1.1 spec (RFC 2616) mandates the [Location|http://tools.ietf.org/html/rfc2616#section-14.30] header to be an absolute URI (which is considered a bug to be fixed in the upcoming HTTP spec: http://www.greenbytes.de/tech/webdav/draft-ietf-httpbis-p2-semantics-25.html#header.location).

Given that the HTTP spec is being updated and most if not all modern browsers today support relative URI Location headers, it would be conceivable to wrap the sendRedirect method to always use a relative URL instead of forcing an absolute one.

But then: what would be the benefit of having a relative URL as opposed to an absolute URL ? Could it be that the HttpServletRequest.getServerName and HttpServletRequest.getServerPort yield wrong (or unexpected) values behind a caching proxy ?",1391559975887
http://sealytics.github.io/ontologies/release-model#Bug-c16da66a-8ed3-434c-9d0e-2b2559cb510b,"Attached a trivial patch on SLING-3222, could you close it?
",1306218400320
http://sealytics.github.io/ontologies/release-model#Bug-c16da66a-8ed3-434c-9d0e-2b2559cb510b,SLING-3222 might affect this. Is it a concern?,1306218400320
http://sealytics.github.io/ontologies/release-model#Bug-c16da66a-8ed3-434c-9d0e-2b2559cb510b,"[~bdelacretaz], What I meant is that using RequestUtil in RequestHistoryConsolePlugin might not be safe right now, as using quotes can be part of an XSS attack.",1306218400320
http://sealytics.github.io/ontologies/release-model#Bug-c16da66a-8ed3-434c-9d0e-2b2559cb510b,"Intuitively I&apos;d say no, escaping single and double quotes in addition to what&apos;s already escaped shouldn&apos;t be a problem.",1306218400320
http://sealytics.github.io/ontologies/release-model#Bug-c16da66a-8ed3-434c-9d0e-2b2559cb510b,Uses ResponseUtil in revision 1127020,1306218400320
http://sealytics.github.io/ontologies/release-model#Bug-c16da66a-8ed3-434c-9d0e-2b2559cb510b,Implemented in revision 1126891,1306218400320
http://sealytics.github.io/ontologies/release-model#Bug-c16da66a-8ed3-434c-9d0e-2b2559cb510b,"Ah ok, so fixing SLING-3222 would fix that, right? That would be good then.",1306218400320
http://sealytics.github.io/ontologies/release-model#Bug-c16da66a-8ed3-434c-9d0e-2b2559cb510b,"HTML escaping is already available in the org.apache.sling.api.request.ResponseUtil class, we should use that instead.",1306218400320
http://sealytics.github.io/ontologies/release-model#Bug-b3d0f1f2-d304-47f0-aa04-ebda224e6fe6,"Thanks for reporting and the patch, David.

I&apos;ve committed two fixes, for the launchpad builder we can use the snapshot as the release is currently under vote, for the testing project we can use the latest release instead.",1394704603649
http://sealytics.github.io/ontologies/release-model#Bug-eedd0839-29e0-4f2b-824f-d79528c559f5,Expression is now explicitly checked,1382040045547
http://sealytics.github.io/ontologies/release-model#Bug-8de24c0f-39c7-40a6-9240-053ef86aadf1,committed in r1624774,1410634598993
http://sealytics.github.io/ontologies/release-model#Bug-70eef6b5-5483-4967-8d29-bbbc754ca5bf,"Thanks Bertrand, I should have put this in as an issue.  It seems like changing the css to max-width: 100% instead of width:100% should resolve the issue.  Any objections?",1401971557681
http://sealytics.github.io/ontologies/release-model#Bug-70eef6b5-5483-4967-8d29-bbbc754ca5bf,"Thanks very much, all looks good to me!",1401971557681
http://sealytics.github.io/ontologies/release-model#Bug-70eef6b5-5483-4967-8d29-bbbc754ca5bf,"The installer page looks good but on http://sling.staging.apache.org/documentation/the-sling-engine/authentication.html the image is now too small, as compared to http://sling.apache.org/documentation/the-sling-engine/authentication.html 

Probably because the image is set like this in content/documentation/the-sling-engine/authentication.mdtext

{code}
&lt;a href=&quot;authentication.png&quot; style=&quot;float:left;padding-right:5%;width:30%;&quot;&gt;
    &lt;img src=&quot;authentication.png&quot; title=&quot;Authentication Flow&quot; alt=&quot;Authentication Flow&quot; width=&quot;30%&quot;&gt;
&lt;/a&gt;
{code}

So I guess all such pages that contain images need to be checked. That&apos;s not a too many pages, those contain .jpg or .png in their content:

http://sling.apache.org/./documentation/bundles/manipulating-content-the-slingpostservlet-servlets-post.html
http://sling.apache.org/./documentation/bundles/mime-type-support-commons-mime.html
http://sling.apache.org/./documentation/bundles/osgi-installer.html
http://sling.apache.org/./documentation/bundles/request-analysis.html
http://sling.apache.org/./documentation/bundles/sling-health-check-tool.html
http://sling.apache.org/./documentation/development/logging.html
http://sling.apache.org/./documentation/development/monitoring-requests.html
http://sling.apache.org/./documentation/getting-started/discover-sling-in-15-minutes.html
http://sling.apache.org/./documentation/the-sling-engine/authentication.html
http://sling.apache.org/./documentation/the-sling-engine/mappings-for-resource-resolution.html
http://sling.apache.org/./documentation/tutorials-how-tos/how-to-manage-events-in-sling.html
",1401971557681
http://sealytics.github.io/ontologies/release-model#Bug-70eef6b5-5483-4967-8d29-bbbc754ca5bf,"My understanding is that max-width: 100% wouldn&apos;t make a difference for the right-hand side part of my screenshot, where the image gets very wide but not over 100% of its container. 

The best might be for you to try your CSS changes on http://sling.staging.apache.org/ , without publishing them for now, so that we can test with our browsers.",1401971557681
http://sealytics.github.io/ontologies/release-model#Bug-70eef6b5-5483-4967-8d29-bbbc754ca5bf,"I validated the provided pages and it seems to be in good shape. The authentication page is the only case where it&apos;s a little wonky.  The image is natively a little on the large end, but it seems okay.

http://sling.apache.org/./documentation/bundles/manipulating-content-the-slingpostservlet-servlets-post.html
 - Validated, looks better!

http://sling.apache.org/./documentation/bundles/mime-type-support-commons-mime.html
 - Migrated this page as well, it seemed to have had non-ASCII characters

http://sling.apache.org/./documentation/bundles/osgi-installer.html
 - Looks good.
 
http://sling.apache.org/./documentation/bundles/request-analysis.html
 - Looks good.

http://sling.apache.org/./documentation/bundles/sling-health-check-tool.html
 - Removed inline styles from images

http://sling.apache.org/./documentation/development/logging.html
 - Looks good

http://sling.apache.org/./documentation/development/monitoring-requests.html
 - Looks a little better
 
http://sling.apache.org/./documentation/getting-started/discover-sling-in-15-minutes.html
 - No images here
 
http://sling.apache.org/./documentation/the-sling-engine/authentication.html
 - Revised the HTML a little, looks okay if a little large

http://sling.apache.org/./documentation/the-sling-engine/mappings-for-resource-resolution.html
 - No images here
 
http://sling.apache.org/./documentation/tutorials-how-tos/how-to-manage-events-in-sling.html
 - No images here",1401971557681
http://sealytics.github.io/ontologies/release-model#Bug-70eef6b5-5483-4967-8d29-bbbc754ca5bf,"Good idea, I committed my proposed fix and it is available at: 
http://sling.staging.apache.org/documentation/bundles/osgi-installer.html",1401971557681
http://sealytics.github.io/ontologies/release-model#Bug-b813ad0e-7a4c-4f41-b061-03ad37c2ea95,"Implemented in revision 1524717, modified the launchpad integration tests to use it in revision 1524718",1379591955583
http://sealytics.github.io/ontologies/release-model#Bug-39d1d876-7677-4ac2-b82a-213bcfdd8c90,"Also I would like if the ProjectHelper.getInferredContentProjectContentRoot() would only be taken as the default for the dialog (asking for the JCR-Root). But it should be possible to convert projects, even if the JCR-Root is outside the checked folders. In some projects the jcr_root is at /src/main/jcr_root.",1402047277081
http://sealytics.github.io/ontologies/release-model#Bug-39d1d876-7677-4ac2-b82a-213bcfdd8c90,"Github user kwin closed the pull request at:

    https://github.com/apache/sling/pull/19
",1402047277081
http://sealytics.github.io/ontologies/release-model#Bug-39d1d876-7677-4ac2-b82a-213bcfdd8c90,"What would be good to do as well, is to reuse the same dialog with the tree view for the Sling Property Page (because the improved one only shows containers below the current project and gives out validation information). [~rombert] Maybe you can do that. Otherwise we can defer that part to a future version.",1402047277081
http://sealytics.github.io/ontologies/release-model#Bug-39d1d876-7677-4ac2-b82a-213bcfdd8c90,"Yes, the changes are all included in the pull request. Would you consider integrating that in Version 1.0.0?",1402047277081
http://sealytics.github.io/ontologies/release-model#Bug-39d1d876-7677-4ac2-b82a-213bcfdd8c90,"GitHub user kwin opened a pull request:

    https://github.com/apache/sling/pull/19

    SLING-3651, improved error message for conversion to content project

    always enable the conversion action (to be able to see the error
    message)

You can merge this pull request into a Git repository by running:

    $ git pull https://github.com/kwin/sling SLING-3651-improve-conversions

Alternatively you can review and apply these changes as the patch at:

    https://github.com/apache/sling/pull/19.patch

To close this pull request, make a commit to your master/trunk branch
with (at least) the following in the commit message:

    This closes #19
    
----
commit 57cebdb13ffb0d380bfdaddece2219d0d4d680ee
Author: Konrad Windszus &lt;konrad.windszus@netcentric.biz&gt;
Date:   2014-06-06T13:15:16Z

    SLING-3651, improved error message for conversion to content project,
    always enable the conversion action (to be able to see the error
    message)

----
",1402047277081
http://sealytics.github.io/ontologies/release-model#Bug-39d1d876-7677-4ac2-b82a-213bcfdd8c90,"Applied patch from [~kwin], thanks a lot! 

I&apos;ve adjusted the patch slightly to not show the action when a project is already a content or a bundle project. IMO this is reasonably understandable (that a project can either be a content or a bundle project, not both. And we dont support automatic conversion from one to the other atm, that has to be done manually via facet fiddlings). i&apos;ve also provided some more details as to which projects are listed in the &apos;convert to bundle project&apos; wizard.

Marking this resolved, please let me know if this is fine for you, [~kwin], otherwise feel free to reopen and comment accordingly.",1402047277081
http://sealytics.github.io/ontologies/release-model#Bug-39d1d876-7677-4ac2-b82a-213bcfdd8c90,I also improved the path handling (to be platform independent and even support Windows and backslashes :-)). The Conversion To Bundle Wizard will now display a proper tree view to allow me to easily select the JCR root (instead of a simple input field) with the correct validation and error messages in place. ,1402047277081
http://sealytics.github.io/ontologies/release-model#Bug-39d1d876-7677-4ac2-b82a-213bcfdd8c90,"Yes, I think this should go into 1.0.0. I&apos;ll look at it next.",1402047277081
http://sealytics.github.io/ontologies/release-model#Bug-39d1d876-7677-4ac2-b82a-213bcfdd8c90,"Hi [~kwin], thanks!
bq. I also improved the path handling
Does &apos;https://github.com/apache/sling/pull/19&apos; include this change already?",1402047277081
http://sealytics.github.io/ontologies/release-model#Bug-5c37aafc-fb75-474b-a738-d4e5d546be7d,"Thanks for getting back on this, [~cziegeler]. I checked again and indeed those poms have now been fixed and the default deployed content in the launcher too. 
So I have removed my previous patch. I have attached a new patch that changes the instructions for the demo slightly as with the current code base one less step is required to get the demo running.",1396635624405
http://sealytics.github.io/ontologies/release-model#Bug-5c37aafc-fb75-474b-a738-d4e5d546be7d,"[~bosschaert] Thanks for the work and patch - I think at least the scripting java pom was pretty outdated. It shouldn&apos;t point to a snapshot version. I&apos;ve updated that one to the latest release and the current commons compiler looks different now as well (due to some updates for Java 8).
Could you please recheck with the latest stuff from trunk?",1396635624405
http://sealytics.github.io/ontologies/release-model#Bug-5c37aafc-fb75-474b-a738-d4e5d546be7d,"The attached SLING-3493.diff patch fixes these issues.

The dependency error in the commons/compiler is caused by an import indirectly referenced from an eclipse component: org.osgi.service.prefs. This import is not needed so I removed it.

The import range on org.osgi.framework in scripting/java is wrong, which is caused by a transitive dependency of the o.a.s.commons.compiler component. I have excluded that in Maven so that the correct version of this package is picked up from the org.osgi.core module.",1396635624405
http://sealytics.github.io/ontologies/release-model#Bug-5c37aafc-fb75-474b-a738-d4e5d546be7d,Thanks David for checking and the updated readme. Your patch is applied,1396635624405
http://sealytics.github.io/ontologies/release-model#Bug-e6a96950-98f1-4ed1-8e63-a8a0a8f27e75,"I&apos;ve committed a potential fix in http://svn.apache.org/viewvc?view=revision&amp;revision=1594956, can you check if this solves the problem for you?",1400162921592
http://sealytics.github.io/ontologies/release-model#Bug-e6a96950-98f1-4ed1-8e63-a8a0a8f27e75,"Thanks for confirming, marked as fixed.",1400162921592
http://sealytics.github.io/ontologies/release-model#Bug-e6a96950-98f1-4ed1-8e63-a8a0a8f27e75,"That code hasn&apos;t changed in some time, so I&apos;m not sure what triggered this problem. Just to be on the safe side, what SVN revision did you build the project from?",1400162921592
http://sealytics.github.io/ontologies/release-model#Bug-e6a96950-98f1-4ed1-8e63-a8a0a8f27e75,The fix worked for me. Thanks.,1400162921592
http://sealytics.github.io/ontologies/release-model#Bug-a64bd058-372a-4477-98fa-7c1aed19d441,"Thanks for your patch, it&apos;s applied",1371830093532
http://sealytics.github.io/ontologies/release-model#Bug-31ba4109-26bf-4a48-8fe1-285c4a10449d,fixed in r1577534. Was an unfortunate typo.,1394804412371
http://sealytics.github.io/ontologies/release-model#Bug-2da13133-e429-49ec-8c53-779c0611ef07,Fixed in http://svn.apache.org/viewvc?view=revision&amp;revision=1524739,1379596778301
http://sealytics.github.io/ontologies/release-model#Bug-ca661827-ecff-4989-a6be-5f0e74e33c8e,Patch which sets the additivity to false for loggers which have appenders explicitly defined,1378726594653
http://sealytics.github.io/ontologies/release-model#Bug-ca661827-ecff-4989-a6be-5f0e74e33c8e,"I have applied the patch At revision: 1521082.

Thanks Chetan.
",1378726594653
http://sealytics.github.io/ontologies/release-model#Bug-e6296014-46db-412b-8aba-4ae50eaebacf,Dan - I wonder if you have a bad artifact in your local maven repo. But we might as well update these versions anyway.,1351691975455
http://sealytics.github.io/ontologies/release-model#Bug-e6296014-46db-412b-8aba-4ae50eaebacf,"To be honest, I&apos;m still not sure what is breaking, but it seems like it&apos;s something internal to Pax Exam.  When I updated from the Release Candidate to the Release for the version, this error went away.

I kept the same version to avoid introducing any further errors.",1351691975455
http://sealytics.github.io/ontologies/release-model#Bug-e6296014-46db-412b-8aba-4ae50eaebacf,Attaching test results and Maven output,1351691975455
http://sealytics.github.io/ontologies/release-model#Bug-e6296014-46db-412b-8aba-4ae50eaebacf,fixed in r1404673,1351691975455
http://sealytics.github.io/ontologies/release-model#Bug-38cebb0d-a731-4d42-9e6f-02b058e0f7b2,"* Introduced RepositoryFactory in http://svn.apache.org/viewvc?view=revision&amp;revision=r1592510
* Removed stale TODO in http://svn.apache.org/viewvc?view=revision&amp;revision=1592513 - no need to change SerializationManager",1379421312537
http://sealytics.github.io/ontologies/release-model#Bug-24468993-d67c-4510-8e13-cd377f5f37fd,fixed in r1602882 by removing the empty template map.,1402929606937
http://sealytics.github.io/ontologies/release-model#Bug-a0f479d1-b645-413a-a3e2-7b7a787ebd45,Fixed in rev 1613901,1406531835261
http://sealytics.github.io/ontologies/release-model#Bug-67678ab4-2589-480e-b344-c535cf0782ac,"The issue is not contained in the code of the Sling discovery code, however it has impact on all services depending on a unique and stable sling identifier such as the Sling Discovery service. 
Maybe [~cziegeler] could have a look at the current issue.",1404491056304
http://sealytics.github.io/ontologies/release-model#Bug-67678ab4-2589-480e-b344-c535cf0782ac,[~marett] DataInputStream.readFully might do the trick ?,1404491056304
http://sealytics.github.io/ontologies/release-model#Bug-67678ab4-2589-480e-b344-c535cf0782ac,"bq. Nice catch indeed.
+1

One more thing. The Sling Settings Service bundle starts at level 1 where as currently commons-io starts at level 5. So if possible copy the logic (or embed) and avoid adding new dependency as this particular bundle starts at very early stage",1404491056304
http://sealytics.github.io/ontologies/release-model#Bug-67678ab4-2589-480e-b344-c535cf0782ac,"GitHub user tmaret opened a pull request:

    https://github.com/apache/sling/pull/22

    SLING-3737 - Instance Sling Identifier may be randomly reset on restart

    * add unit test to cover the use case
    * read the file completely using org.apache.commons.io.FileUtils
    * fix the writeSlingId method not taking the passed identifier into account

You can merge this pull request into a Git repository by running:

    $ git pull https://github.com/tmaret/sling SLING-3737a

Alternatively you can review and apply these changes as the patch at:

    https://github.com/apache/sling/pull/22.patch

To close this pull request, make a commit to your master/trunk branch
with (at least) the following in the commit message:

    This closes #22
    
----
commit e29f58cb38ad711f5c7c3b220ab9f2ed41b5b696
Author: tmaret &lt;tmaret@adobe.com&gt;
Date:   2014-07-04T16:28:13Z

    SLING-3737 - Instance Sling Identifier may be randomly reset on restart
    
    * add unit test to cover the use case
    * read the file completely using org.apache.commons.io.FileUtils
    * fix the writeSlingId method not taking the passed identifier into account

----
",1404491056304
http://sealytics.github.io/ontologies/release-model#Bug-67678ab4-2589-480e-b344-c535cf0782ac,"I am +1 on applying this patch, although since I didn&apos;t write the code I think Stefan should check it an merge. He has far more experience with Topology.",1404491056304
http://sealytics.github.io/ontologies/release-model#Bug-67678ab4-2589-480e-b344-c535cf0782ac,Opened pull request with unit test and fix in https://github.com/apache/sling/pull/22,1404491056304
http://sealytics.github.io/ontologies/release-model#Bug-67678ab4-2589-480e-b344-c535cf0782ac,"bq. Please don&apos;t make the methods and classes protected.

Good point, will change that in the patch.

[~fmeschbe], as suggested by [~chetanm] I think it would make sense to not leverage an external dependency.
I will provide a patch using classes available in the JRE.",1404491056304
http://sealytics.github.io/ontologies/release-model#Bug-67678ab4-2589-480e-b344-c535cf0782ac,"Great finding, [~marett]
I would prefer a way where we don&apos;t need additional libs as the sling settings service is one of the first bundles to start. In this case this should be pretty easy as we know how much data should be read.",1404491056304
http://sealytics.github.io/ontologies/release-model#Bug-67678ab4-2589-480e-b344-c535cf0782ac,"bq. I don&apos;t want to allow the Sling ID to be easily specified by users. This is not the goal of the Sling ID.

Ok.

I added a new patch leveraging Data[Input|Output]Stream, please shop, improve and fix :-)",1404491056304
http://sealytics.github.io/ontologies/release-model#Bug-67678ab4-2589-480e-b344-c535cf0782ac,Just added a new patch to the issue (and pushed in the pull request) which contains an ad-hoc IO util to fill a byte array from an input stream. The new patches does not leverage commons-* for runtime anymore.,1404491056304
http://sealytics.github.io/ontologies/release-model#Bug-67678ab4-2589-480e-b344-c535cf0782ac,"This may have a major beneficial impact on the stability of the Sling Discovery
cc [~ianeboston], [~egli]",1404491056304
http://sealytics.github.io/ontologies/release-model#Bug-67678ab4-2589-480e-b344-c535cf0782ac,"Thanks, Timothee for the patch. It&apos;s applied now",1404491056304
http://sealytics.github.io/ontologies/release-model#Bug-67678ab4-2589-480e-b344-c535cf0782ac,"[~marett] DataInputStream.readFully(byte[]) introduces no platform dependency since this just makes sure all bytes are read as-is.

... and just for the sake of completeness: The name and location of the Sling Instance ID file is an implementation detail. Relying on that may cause issues in the future.",1404491056304
http://sealytics.github.io/ontologies/release-model#Bug-67678ab4-2589-480e-b344-c535cf0782ac,"bq. Timothee Maret DataInputStream.readFully(byte[]) introduces no platform dependency since this just makes sure all bytes are read as-is.

Indeed, DataInputStream representation should be compatible among platforms.. but AFAIK, it is an opaque binary format.
If the Sling.id.file is not meant to be edited, then whatever representation would fit.
The DataInputStream has the advantage of not requiring an ad-hoc reader given the no external lib constraint.

With the DataInputStream solution, I think it would make sense to offer a way to allow users to specify sling identifiers.
This would allow to define structured scheme of identifiers which would be easier for a human to deal with.",1404491056304
http://sealytics.github.io/ontologies/release-model#Bug-67678ab4-2589-480e-b344-c535cf0782ac,"[~fmeschbe] yes but the representation in the sling.id.file file would become opaque (platform dependent), thus limiting the possibility for external tools (such as any bash script) to set the sling id beforehand. This would also make the implementation more complex (assuming backward compatibility).

I think it is fairly easy to read the file fully.

Generally, is there another way to specify the sling id ?
",1404491056304
http://sealytics.github.io/ontologies/release-model#Bug-67678ab4-2589-480e-b344-c535cf0782ac,"Nice catch indeed.

Yet, some asks for changes:

* Please don&apos;t make the methods and classes protected. Protected methods are part of a class&apos; API. Rather use package private (default) modifier if you need the methods in the tests (and maybe add some non-JavaDoc comment as to why these are not private, as they technically should.
* You might want to use FileUtils.readFileToString(File, String encoding) instead to also immediately do the conversion.",1404491056304
http://sealytics.github.io/ontologies/release-model#Bug-67678ab4-2589-480e-b344-c535cf0782ac,"No, this is the only way for the sling id. I think we don&apos;t need DataInputStream, creating a buffer of size 37 bytes and the filling it, should do the trick",1404491056304
http://sealytics.github.io/ontologies/release-model#Bug-67678ab4-2589-480e-b344-c535cf0782ac,The Sling ID is a machine identifier which is why it is a UUID for good uniqueness garantee. I don&apos;t want to allow the Sling ID to be easily specified by users. This is not the goal of the Sling ID.,1404491056304
http://sealytics.github.io/ontologies/release-model#Bug-67678ab4-2589-480e-b344-c535cf0782ac,"nice one!
+1 from my side",1404491056304
http://sealytics.github.io/ontologies/release-model#Bug-14ffdfc0-7210-46b3-a387-6b77a4fc2016,"Actually the test is wrong and the code is right :)
The test is using the same id for the different resources which means it does not provide three different resources, but the same resource three times with different contents. In that case, priority does of course not play a role",1365431579272
http://sealytics.github.io/ontologies/release-model#Bug-14ffdfc0-7210-46b3-a387-6b77a4fc2016,Corrected the test in rev 1619772,1365431579272
http://sealytics.github.io/ontologies/release-model#Bug-14ffdfc0-7210-46b3-a387-6b77a4fc2016,Test re-activated with TODOs in revision 1465653 - my impression is that the installer just considers the last config resource provided and ignores other candidates which have the same PID and different priorities. Not sure if that&apos;s what we want.,1365431579272
http://sealytics.github.io/ontologies/release-model#Bug-9cd170d6-2b6b-49e0-8abd-a7a1497ebbcc,Fixed in r 1573637,1393869115715
http://sealytics.github.io/ontologies/release-model#Bug-cf9fb4dd-9b25-472f-9961-238b53a56a8d,Resolved in 1613877,1406529171265
http://sealytics.github.io/ontologies/release-model#Bug-d799188a-9094-493c-ae96-734396b60c07,Yeah and I also think that the new code that has been added should be covered by tests. It&apos;s the best way to make sure that we don&apos;t hit any regressions. :),1394259731727
http://sealytics.github.io/ontologies/release-model#Bug-d799188a-9094-493c-ae96-734396b60c07,"Github user bond- closed the pull request at:

    https://github.com/apache/sling/pull/12
",1394259731727
http://sealytics.github.io/ontologies/release-model#Bug-d799188a-9094-493c-ae96-734396b60c07,"Just a suggestion. I think you might want to fix your build on: https://travis-ci.org/apache/sling/

Is there someother CI that is in use?",1394259731727
http://sealytics.github.io/ontologies/release-model#Bug-d799188a-9094-493c-ae96-734396b60c07,"GitHub user bond- opened a pull request:

    https://github.com/apache/sling/pull/12

    SLING-3443: Parameter based redirection vulnerability in FormAuthenticationHandler

    *FormAuthenticationHandler* didn&apos;t url encode the parameter(*Authenticator.LOGIN_RESOURCE*) before redirection. This leads the attacker to use this parameter to redirect to a different domain. This may also help in phishing attacks. 
    
    This was initially spotted in one of our applications which use org.apache.sling:org.apache.sling.auth.form:1.0.2
    
    This pull request fixes the vulnerability.

You can merge this pull request into a Git repository by running:

    $ git pull https://github.com/bond-/sling sling-3443

Alternatively you can review and apply these changes as the patch at:

    https://github.com/apache/sling/pull/12.patch

To close this pull request, make a commit to your master/trunk branch
with (at least) the following in the commit message:

    This closes #12
    
----
commit d1531735762e7423404f1e304dfc4c483f9556de
Author: Raviteja Lokineni &lt;raviteja.lokineni@gmail.com&gt;
Date:   2014-03-08T12:24:52Z

    SLING-3443: Parameter based redirection vulnerability in FormAuthenticationHandler

----
",1394259731727
http://sealytics.github.io/ontologies/release-model#Bug-d799188a-9094-493c-ae96-734396b60c07,"Thanks for your patch, I&apos;ve applied a slightly modified version which also replaces the usage of deprecated API.
The basic difference is that not AuthUtil.sendRedirect is used to do the redirect as this one always at least adds the login resource parameter which I think is wrong as the authentication was successful. The original code did not any parameter to the redirect, so I think we should keep it like this",1394259731727
http://sealytics.github.io/ontologies/release-model#Bug-d799188a-9094-493c-ae96-734396b60c07,"Yepp, I agree - I&apos;Ve added your test and adapted it",1394259731727
http://sealytics.github.io/ontologies/release-model#Bug-d799188a-9094-493c-ae96-734396b60c07,"Hi [~cziegeler],

This seems to be related to [SLING-3141]. Please look at the pull request whenever you find sometime.

Thanks in advance.",1394259731727
http://sealytics.github.io/ontologies/release-model#Bug-8b473c6e-a068-4d1e-a5d3-0b64ae5f1291,"I am not sure, we should go down this route: Because you would also have to consider &quot;updating&quot; the resource metadata, which is also currently locked at resource object creation time.

In fact, the node underlying the JcrNodeResource might not even &quot;see&quot; updates to its properties after having been retrieved from the repository - it just so happens in the current Jackrabbit 2 implementation.",1362921029872
http://sealytics.github.io/ontologies/release-model#Bug-8b473c6e-a068-4d1e-a5d3-0b64ae5f1291,"Hmm, ok, but this also applies to the data in the ResourceMetadata: Consider you update the file content or change the last modification time stamp ?",1362921029872
http://sealytics.github.io/ontologies/release-model#Bug-8b473c6e-a068-4d1e-a5d3-0b64ae5f1291,"Yes, I agree...now, I always wanted to implement the ResourceMetadata to be fetched lazy as right now these props are read for each and every resource but are rarely used. This has some performance impact which could be neglected. Of course that would not make this problem go away, but reduce and would also allow to update the metadata.
I just realized that the implementation of the jcr value map caches as well, so if you adapt the jcr resource to a ValueMap, fetch some values, then adapt to a ModifiableValue map, change the previously fetched values, the first value map will still return the old values.
This all sounds wrong to me, and all objects returned in some way from the resource resolver should display the same state. But that might be a little bit more work than I thought - the only other option I see is that we clearly document it. However I prefer fixing it as this might lead to interesting errors/problems over time",1362921029872
http://sealytics.github.io/ontologies/release-model#Bug-8b473c6e-a068-4d1e-a5d3-0b64ae5f1291,"Ok, my description is too brief - I&apos;m not refering to changes done by other sessions - I&apos;m talking about a change through the same resource resolver, for example:
1. get a resource from the resource resolver
2. adapt it to ModifiableValueMap
3. set the resource type on the modifiable map
4. get the resource type from the resource above - it contains the old rt
5. commit the changes done in 3
6. get the resource type from the resource above - it contains the old rt

This doesn&apos;t look right

",1362921029872
http://sealytics.github.io/ontologies/release-model#Bug-e20f3567-fee5-4b1a-81e1-b9ac1210a6c4,Fixed in revision 1528391 by granting anonymous read access on / as per OAK-1016.,1379083170546
http://sealytics.github.io/ontologies/release-model#Bug-e20f3567-fee5-4b1a-81e1-b9ac1210a6c4,assigned by accident,1379083170546
http://sealytics.github.io/ontologies/release-model#Bug-e20f3567-fee5-4b1a-81e1-b9ac1210a6c4,The root cause is OAK-1016,1379083170546
http://sealytics.github.io/ontologies/release-model#Bug-adb5ad6e-a398-43c1-87da-8e213723a429,"[~blefebvre] Thanks for reporting, it&apos;s fixed now",1409079335822
http://sealytics.github.io/ontologies/release-model#Bug-adb5ad6e-a398-43c1-87da-8e213723a429,"[~cziegeler], thanks - that got me past the initial error. I&apos;ve now hit the following dependency issue:

{quote}
[ERROR] Failed to execute goal on project org.apache.sling.launchpad: Could not resolve dependencies for project org.apache.sling:org.apache.sling.launchpad:war:7-SNAPSHOT: Could not find artifact org.apache.sling:org.apache.sling.servlets.post:jar:2.3.5-SNAPSHOT in apache.snapshots (http://repository.apache.org/snapshots) -&gt; [Help 1]
{quote}

I can file a new issue or take this to the dev list if that would be preferred.",1409079335822
http://sealytics.github.io/ontologies/release-model#Bug-adb5ad6e-a398-43c1-87da-8e213723a429,You first need to locally build the commons.json bundle to get a recent snapshot of that one - the servlets get bundle depends on it,1409079335822
http://sealytics.github.io/ontologies/release-model#Bug-adb5ad6e-a398-43c1-87da-8e213723a429,"[~blefebvre] Ah, sorry - it seems the snapshot dependency in servlets get was not recent as commons.json is currently under vote. I fixed the deps, it should work now",1409079335822
http://sealytics.github.io/ontologies/release-model#Bug-adb5ad6e-a398-43c1-87da-8e213723a429,"[~cziegeler], I am still seeing the errors after running `mvn clean install` in bundles/commons/json/.",1409079335822
http://sealytics.github.io/ontologies/release-model#Bug-adb5ad6e-a398-43c1-87da-8e213723a429,"Thanks [~cziegeler], I was able to get a successful build.

I had to use -DskipTests to get past org.apache.sling.resourceaccesssecurity.it due to a test failure.",1409079335822
http://sealytics.github.io/ontologies/release-model#Bug-e03bd376-7c1d-4886-b4c6-c4174b2653e0,"If I am not mistaken, this is what is going on: the opting servlet is used in the first phase where sling tries to find a matching servlet/script, before the second phase that has one servlet identified already and simply calls it.
Multiple candidates can come into play in the resolution process, say an overlayed script in the search path or multiple selectors matching (resourcetype/selector/html.jsp vs. resourcetype/selector.jsp). There is a weighting algorithm going on to prefer the right things (albeit you can still come up with complicated cases). This phase might end up with multiple matches, usually you have at least also the default GET or POST servlet waiting as fallback.
If any of these implement the OptingServlet they are asked if they will accept the request. If they don&apos;t, they will get kicked out of the list.
After that, the top match will be picked and called.
Now I assume because the very explicit &quot;/*.servlet&quot; resource type is used (usually reserved for registering java based servlets with one string), that first step is essentially skipped and the servlet behind that it is directly called - thus skipping the OptingServlet call, and not relying on the selector.",1391700084195
http://sealytics.github.io/ontologies/release-model#Bug-cde7c71a-102d-4350-926a-485501e6925a,"GitHub user kwin opened a pull request:

    https://github.com/apache/sling/pull/27

    SLING-3923, support method overriding in postconstruct

    

You can merge this pull request into a Git repository by running:

    $ git pull https://github.com/kwin/sling SLING-3923-postconstructoroverridding

Alternatively you can review and apply these changes as the patch at:

    https://github.com/apache/sling/pull/27.patch

To close this pull request, make a commit to your master/trunk branch
with (at least) the following in the commit message:

    This closes #27
    
----
commit 37381578b1a3f71b886864151fdd2294d3971f6a
Author: Konrad Windszus &lt;konrad.windszus@netcentric.biz&gt;
Date:   2014-09-13T13:04:08Z

    SLING-3923, support method overriding in postconstruct

----
",1410522026656
http://sealytics.github.io/ontologies/release-model#Bug-99026e2e-ab27-42ec-8afc-c8eff7d80c7f,"For now, I have disabled the failing tests using the JackrabbitOnly category, in http://svn.apache.org/r1539027",1383568635649
http://sealytics.github.io/ontologies/release-model#Bug-ffbce791-9220-46b3-ba6f-bbc5d21f9a0a,Fixed in https://svn.apache.org/viewvc?view=revision&amp;revision=1616122,1407310974970
http://sealytics.github.io/ontologies/release-model#Bug-cf105825-56a9-4b1e-82b3-6db877160eaf,[~justin.edelson@mtvi.com] This meets expectations and I can appreciate the simpler integration. Thanks!,1410005389624
http://sealytics.github.io/ontologies/release-model#Bug-cf105825-56a9-4b1e-82b3-6db877160eaf,"Patches change 3 things. First, replaces the default assignments in the Default anotation to empty arrays. Second, adds a Map that returns the default value based on Class based key. Third rewrites the Default injection method to utilize the above two mentioned changes.",1410005389624
http://sealytics.github.io/ontologies/release-model#Bug-cf105825-56a9-4b1e-82b3-6db877160eaf,"[~jebailey] In r1624550, I committed a sightly simpler approach and tests. Can you verify that this meets your expectations?",1410005389624
http://sealytics.github.io/ontologies/release-model#Bug-78cd270e-e834-4165-8580-6abb9bdcd56a,"fixed in 1497518

But I would really suggest using properly formed JSON.",1372359759349
http://sealytics.github.io/ontologies/release-model#Bug-78cd270e-e834-4165-8580-6abb9bdcd56a,"Yes, you are correct. Yet if this is long parsable string, we can address it rather than returning an incorrect value.  Thanks for the fix Justin.",1372359759349
http://sealytics.github.io/ontologies/release-model#Bug-78cd270e-e834-4165-8580-6abb9bdcd56a,"Don&apos;t you mean
{code}
String jsonStr1 = &quot;{\&quot;longvalue\&quot;:13857270119014401}&quot;; 
{code}

?",1372359759349
http://sealytics.github.io/ontologies/release-model#Bug-16326a0f-3eac-481c-bf44-4c8f80f54018,I kind of disagree: I think only the JCR results referring to JCR nodes which are hidden by the other resource provider need to be removed. Not the complete result set from the respective tree.,1362921395742
http://sealytics.github.io/ontologies/release-model#Bug-16326a0f-3eac-481c-bf44-4c8f80f54018,"Ok, got it. Thanks.",1362921395742
http://sealytics.github.io/ontologies/release-model#Bug-16326a0f-3eac-481c-bf44-4c8f80f54018,"I&apos;m not sure if I understand the use case - do you mean that some /libs content is duplicated in both the JCR resource provider and another one? 

The performance impact of filtering all search results sounds worrying as well.",1362921395742
http://sealytics.github.io/ontologies/release-model#Bug-16326a0f-3eac-481c-bf44-4c8f80f54018,"No you don&apos;t disagree :) we agree; this depends on how the resource provider is mounted, I thought of the situation where a provider claims to own the sub tree while you&apos;re thinking about the shadowing case.

So, the search should not return resources which are not accessible via ResourceResolver#getResource",1362921395742
http://sealytics.github.io/ontologies/release-model#Bug-16326a0f-3eac-481c-bf44-4c8f80f54018,"This is the default setup: the jcr provider is mounted at /, all other providers are mounted at some paths, ootb these are bundle resource providers and the servlet provider. So as soon as you search for something which is hidden by them, you hit the problem.

But even more problematic, we have many users using the file system provider and mounting stuff at some points.

It is way too easy to say this is a wrong setup, we have the resource abstraction with the way the providers work and we should stick to this theme and implement everything correctly.

And I don&apos;t think that this has a huge performance impact as the check should be pretty fast. This is a bug which needs to be fixed anyway.",1362921395742
http://sealytics.github.io/ontologies/release-model#Bug-16326a0f-3eac-481c-bf44-4c8f80f54018,"Do you have a concrete use case where shadowing JCR paths with other resource providers is actually useful and not a mistake? 

Having to evaluate all paths returned by JCR searches with access control from various Sling providers will kill search performance, especially as AFAIK JCR repositories optimize searches with caches and lazy loading.

Another option, to make sure the JCR repository doesn&apos;t find anything under a patch that&apos;s shadowed by a resource provider, is to set an ACL that denies access to everybody on that path (assuming that works for admin as well, not sure about that).

",1362921395742
http://sealytics.github.io/ontologies/release-model#Bug-16326a0f-3eac-481c-bf44-4c8f80f54018,"Ok, forget about the example /libs :) it was a bad choice...

It&apos;s possible to mount resource providers at any path, these shadow potential resources from the JCR. That&apos;s a fairly common scenario. In those case we have to filter, otherwise you get a resource from a search and try to get the same resource from the resource resolver using the path and you get something different. Returning something which is actually not in the resource tree is wrong and might create very hard to trace problems.
",1362921395742
http://sealytics.github.io/ontologies/release-model#Bug-cf3554b3-9f2f-4431-b6d1-e70b6b8429c9,"Fixed another race condition in http://svn.apache.org/r1562003

In this case there was a race condition when logbackManager is initialized. It can happen that OSGi config events are received while the started flag is set to false and config has been invoked",1390827620008
http://sealytics.github.io/ontologies/release-model#Bug-cf3554b3-9f2f-4431-b6d1-e70b6b8429c9,Refactored the logic in http://svn.apache.org/r1561666,1390827620008
http://sealytics.github.io/ontologies/release-model#Bug-cf3554b3-9f2f-4431-b6d1-e70b6b8429c9,issue has not surfaced/reported again post this fix. Current fixes looks sufficient. Closing it for now,1390827620008
http://sealytics.github.io/ontologies/release-model#Bug-1bf223f9-26b7-402e-a773-73e4e018d9e4,[~egli] - do you have any thoughts on how to solve this conflict? From a usability point of view I get bit by this daily :-) so I&apos;m inclined to remove it and create a post-1.0.0 issue on adding a sling project overlay.,1381244203966
http://sealytics.github.io/ontologies/release-model#Bug-1bf223f9-26b7-402e-a773-73e4e018d9e4,"Hm, not sure. Let&apos;s leave this tentatively as &apos;remove decorator&apos; until we get closer to releasing 1.0.0 and make the change then. It&apos;s an easy change and with low risk.",1381244203966
http://sealytics.github.io/ontologies/release-model#Bug-1bf223f9-26b7-402e-a773-73e4e018d9e4,"I&apos;ve attached [^java-faceted-project-decoration.png] , which shows how a Maven + Java project appears after being converted to faceted form.

To me it looks like converting to faceted form does not add any decoration - the Java decoration was already there. And consider a project with multiple facets - how does one choose which facet is displayed?

I suggest making this decorator optional and disabled by default.",1381244203966
http://sealytics.github.io/ontologies/release-model#Bug-1bf223f9-26b7-402e-a773-73e4e018d9e4,"Since no other proposal popped up, I removed the overlay in http://svn.apache.org/viewvc?view=revision&amp;revision=1592516",1381244203966
http://sealytics.github.io/ontologies/release-model#Bug-1bf223f9-26b7-402e-a773-73e4e018d9e4,"yea, that&apos;s a bit unfortunate. decorator space is really a scarce resource.. somehow I&apos;m still inclined to &apos;somehow&apos; indicate that the project is marked with a sling facet.. what if we move it to the lower-left, is something biting it there?",1381244203966
http://sealytics.github.io/ontologies/release-model#Bug-1bf223f9-26b7-402e-a773-73e4e018d9e4,"In the attached [^screenshot.png] it is visible that the project has a Sling project decorator, but it should rather inherit the &apos;?&apos; decorator which marks untracked resources from Git.",1381244203966
http://sealytics.github.io/ontologies/release-model#Bug-1bf223f9-26b7-402e-a773-73e4e018d9e4,"bq. I suggest making this decorator optional and disabled by default.

Ok, agreed. Then again, we might also just get rid of it? Who would try to find this option anyway..?",1381244203966
http://sealytics.github.io/ontologies/release-model#Bug-59326ba9-ee88-447e-a0ae-06be28a164c7,"Imagine the following: (lines valid for r1021641)
thread X calls serviceChanged -&gt; #1451 removeService now, authReq are not any more in props but still in the cache.
now thread Y drops in with serviceChanged -&gt; first calls removeService but the key is no longer there, then calls addService with all the keys once again. Now you have authRequs duplicated.
Besides, access to props should be synchronized anyway.
",1355758149220
http://sealytics.github.io/ontologies/release-model#Bug-59326ba9-ee88-447e-a0ae-06be28a164c7,While investigating for SLING-2966 I realized that your bug report is of course totally correct - sorry for being blind. It&apos;s now fixed as part of SLING-2966,1355758149220
http://sealytics.github.io/ontologies/release-model#Bug-59326ba9-ee88-447e-a0ae-06be28a164c7,"Thanks Dominik, I suggest to use the new version with SLING-2812 and if the problem persists, we can reopen this issue",1355758149220
http://sealytics.github.io/ontologies/release-model#Bug-59326ba9-ee88-447e-a0ae-06be28a164c7,"I&apos;m not 100% sure but I think your patch is syncing too much and reading the current code, I think it does the right syncing. However, I recently found a bug in some other place (SLING-2812). Maybe your problem is related to that?
Or can you further explain, why a larger sync block is needed?
Thanks",1355758149220
http://sealytics.github.io/ontologies/release-model#Bug-59326ba9-ee88-447e-a0ae-06be28a164c7,"I&apos;m not sure, the SLING-2812 deals with tracking AuthenticationHandlers while this one synchronizes changes in services delivering sling.auth.requirements. The bug in question has shown up in connection with entries from CugSupportImpl service from CQ5.4, one which isn&apos;t an AuthenticationHandler.
",1355758149220
http://sealytics.github.io/ontologies/release-model#Bug-59326ba9-ee88-447e-a0ae-06be28a164c7,A patch adding necessary synchrinizations.,1355758149220
http://sealytics.github.io/ontologies/release-model#Bug-5a4175d5-f2db-4f6e-aafe-991b81b0930e,Updated scripting/core bundle in http://svn.apache.org/viewvc?view=revision&amp;revision=r1615545,1406931297436
http://sealytics.github.io/ontologies/release-model#Bug-5a4175d5-f2db-4f6e-aafe-991b81b0930e,Fixed bundles/common/log in http://svn.apache.org/viewvc?view=revision&amp;revision=1615259,1406931297436
http://sealytics.github.io/ontologies/release-model#Bug-5a4175d5-f2db-4f6e-aafe-991b81b0930e,Updated jcr/it-jackrabbit-oak in http://svn.apache.org/viewvc?view=revision&amp;revision=r1615549,1406931297436
http://sealytics.github.io/ontologies/release-model#Bug-5a4175d5-f2db-4f6e-aafe-991b81b0930e,Fixed bundles/commons/classloader in https://svn.apache.org/r1615258,1406931297436
http://sealytics.github.io/ontologies/release-model#Bug-5a4175d5-f2db-4f6e-aafe-991b81b0930e,Updated event bundle in http://svn.apache.org/viewvc?view=revision&amp;revision=r1615543,1406931297436
http://sealytics.github.io/ontologies/release-model#Bug-5a4175d5-f2db-4f6e-aafe-991b81b0930e,Downgraded pax-exam to 3.5.0 in http://svn.apache.org/viewvc?view=revision&amp;revision=1615343 and http://svn.apache.org/viewvc?view=revision&amp;revision=1615344 to ensure that the build still works with Java 6.,1406931297436
http://sealytics.github.io/ontologies/release-model#Bug-5a4175d5-f2db-4f6e-aafe-991b81b0930e,"Results are looking better, resolving as fixed:

{{(23 failures / -51)}}",1406931297436
http://sealytics.github.io/ontologies/release-model#Bug-d48164b3-3a05-49c1-9b8c-75fc9631256c,I&apos;ve committed a potential fix according to the suggested implementation mentioned by Justin,1397724746342
http://sealytics.github.io/ontologies/release-model#Bug-ae8f7a82-f397-4198-a1f6-49b2cc7d0f51,"As a fix we need to add method name in test execution path in two places. Attaching the patch for the same.
",1390908047678
http://sealytics.github.io/ontologies/release-model#Bug-ae8f7a82-f397-4198-a1f6-49b2cc7d0f51,"As a fix, added method name to post path in order to invoke only selected test method. Attaching patch.",1390908047678
http://sealytics.github.io/ontologies/release-model#Bug-ae8f7a82-f397-4198-a1f6-49b2cc7d0f51,Patch for fixing it in both the servlets.,1390908047678
http://sealytics.github.io/ontologies/release-model#Bug-ae8f7a82-f397-4198-a1f6-49b2cc7d0f51,moved from 1.0.8 to 1.0.10,1390908047678
http://sealytics.github.io/ontologies/release-model#Bug-ae8f7a82-f397-4198-a1f6-49b2cc7d0f51,Neither patch seemed to work.  Could you take a look at this counter proposal patch and see if that fixes this issue?,1390908047678
http://sealytics.github.io/ontologies/release-model#Bug-0bde0867-2dcb-472c-a18f-04974f0d178e,Fixed in https://svn.apache.org/viewvc?view=revision&amp;revision=r1616114,1407310195871
http://sealytics.github.io/ontologies/release-model#Bug-eb928710-e9a8-4f78-b74d-c48a52aca9c8,"Adding a couple more fixes, in particular the vlt package builder should rely on package id primarily.",1407168000703
http://sealytics.github.io/ontologies/release-model#Bug-eb928710-e9a8-4f78-b74d-c48a52aca9c8,follow up fix in r1615918,1407168000703
http://sealytics.github.io/ontologies/release-model#Bug-eb928710-e9a8-4f78-b74d-c48a52aca9c8,"patch applied in r1615901, plus a minor fix on wrong local importer name (it was &quot;default&quot;, it is &quot;local&quot;), however forward and reverse replication ITs still fail.",1407168000703
http://sealytics.github.io/ontologies/release-model#Bug-eb928710-e9a8-4f78-b74d-c48a52aca9c8,Fixing resource names and also adding test for reverse delete replication.,1407168000703
http://sealytics.github.io/ontologies/release-model#Bug-eb928710-e9a8-4f78-b74d-c48a52aca9c8,"thanks Marius, patch applied in r1615933",1407168000703
http://sealytics.github.io/ontologies/release-model#Bug-997dc112-077c-4e04-adec-710202cfadb3,I can not reproduce the error I have reported.,1285099360721
http://sealytics.github.io/ontologies/release-model#Bug-997dc112-077c-4e04-adec-710202cfadb3,"Just saw this again on a buildbot build: http://ci.apache.org/builders/sling-trunk/builds/5/steps/compile/logs/stdio

I&apos;ll attach the logs, which indicate that the config is indeed deleted (15:46:34.982), but the test still times out after 5 seconds (15:46:39.995) thinking the config still exists. No idea why, and it looks like this happens quite rarely now.

",1285099360721
http://sealytics.github.io/ontologies/release-model#Bug-997dc112-077c-4e04-adec-710202cfadb3,"* updated pax-exam setup to log timestamps in http://svn.apache.org/viewvc?view=revision&amp;revision=1503745
* increased wait timeout from 5 seconds to 6 seconds in http://svn.apache.org/viewvc?view=revision&amp;revision=1503746",1285099360721
http://sealytics.github.io/ontologies/release-model#Bug-997dc112-077c-4e04-adec-710202cfadb3,"The second error in the log is fine as it is expected - a bundle is installed during the tests which requires another bundle that&apos;s currently missing

Can you add some more details about your environment please? And set the pax.exam.log.level property in the it pom.xml to DEBUG and then attach the log output? You can just run the failing test with &quot;mvn -Dtest=ConfigInstallTest install",1285099360721
http://sealytics.github.io/ontologies/release-model#Bug-997dc112-077c-4e04-adec-710202cfadb3,"Improved synchronization by waiting for installer events in http://svn.apache.org/r1547444, looks better on my box but I still get rare failures. Haven&apos;t found the exact cause yet.",1285099360721
http://sealytics.github.io/ontologies/release-model#Bug-997dc112-077c-4e04-adec-710202cfadb3,"Java(TM) SE Runtime Environment (build 1.6.0_21-b06)
Java HotSpot(TM) 64-Bit Server VM (build 17.0-b16, mixed mode)
64 bit Debian
",1285099360721
http://sealytics.github.io/ontologies/release-model#Bug-997dc112-077c-4e04-adec-710202cfadb3,"I just tried &quot;mvn -s /dev/null clean install&quot; again (without svn update before doing so) and it was successful.

The tests and their results seem to be somewhat unpredictable...",1285099360721
http://sealytics.github.io/ontologies/release-model#Bug-997dc112-077c-4e04-adec-710202cfadb3,Be sure to set your PermGen to 512MB. This has basically stabilized the build for me.,1285099360721
http://sealytics.github.io/ontologies/release-model#Bug-997dc112-077c-4e04-adec-710202cfadb3,"Still regular failures at http://ci.apache.org/builders/sling-trunk, my last fixes haven&apos;t helped.",1285099360721
http://sealytics.github.io/ontologies/release-model#Bug-997dc112-077c-4e04-adec-710202cfadb3,"I also found this in the logs:

21.09.2010 21:34:55.889 *ERROR* [FelixDispatchQueue] osgi-installer-needsB FrameworkEvent ERROR (org.osgi.framework.BundleException: Unresolved constraint in bundle osgi-installer-needsB [14]: package; (&amp;(package=org.apache.sling.installer.it.a)(version&gt;=1.0.0))) org.osgi.framework.BundleException: Unresolved constraint in bundle osgi-installer-needsB [14]: package; (&amp;(package=org.apache.sling.installer.it.a)(version&gt;=1.0.0))
	at org.apache.felix.framework.Felix.resolveBundle(Felix.java:3263)
	at org.apache.felix.framework.Felix.startBundle(Felix.java:1597)
	at org.apache.felix.framework.Felix$RefreshHelper.restart(Felix.java:4280)
	at org.apache.felix.framework.Felix.refreshPackages(Felix.java:3415)
	at org.apache.felix.framework.PackageAdminImpl.run(PackageAdminImpl.java:329)
	at java.lang.Thread.run(Thread.java:619)
",1285099360721
http://sealytics.github.io/ontologies/release-model#Bug-997dc112-077c-4e04-adec-710202cfadb3,"Now I get lots of other failed tests (for &quot;mvn -s /dev/null clean install&quot;):

  testIndex(org.apache.sling.launchpad.webapp.integrationtest.InitialContentTest)
  testRootRedirectProperty(org.apache.sling.launchpad.webapp.integrationtest.InitialContentTest)
  testInitialContentA(org.apache.sling.launchpad.webapp.integrationtest.InitialContentTest)
  testInitialContentB(org.apache.sling.launchpad.webapp.integrationtest.InitialContentTest)
  testWebServerRoot(org.apache.sling.launchpad.webapp.integrationtest.HttpPingTest)
  testCounters(org.apache.sling.launchpad.webapp.integrationtest.FiltersTest)
  testForcedLogin(org.apache.sling.launchpad.webapp.integrationtest.login.AuthRequestLoginTest)

org.apache.sling.launchpad.testing.TestAll.txt begins with these lines (I did not find a specific log file for org.apache.sling.launchpad.webapp.integrationtest.InitialContentTest):

-------------------------------------------------------------------------------
Test set: org.apache.sling.launchpad.testing.TestAll
-------------------------------------------------------------------------------
Tests run: 382, Failures: 7, Errors: 0, Skipped: 0, Time elapsed: 310.095 sec &lt;&lt;&lt; FAILURE!
testIndex(org.apache.sling.launchpad.webapp.integrationtest.InitialContentTest)  Time elapsed: 0.051 sec  &lt;&lt;&lt; FAILURE!
junit.framework.AssertionFailedError: Expected status 200 for http://localhost:38786/index.html (content=&lt;!DOCTYPE HTML PUBLIC &quot;-//IETF//DTD HTML 2.0//EN&quot;&gt;
&lt;html&gt;
&lt;head&gt;
&lt;title&gt;404 No resource found&lt;/title&gt;
&lt;/head&gt;
&lt;body&gt;
&lt;h1&gt;No resource found (404)&lt;/h1&gt;
&lt;p&gt;The requested URL /index.html resulted in an error in org.apache.sling.servlets.resolver.internal.defaults.DefaultErrorHandlerServlet.&lt;/p&gt;
&lt;h3&gt;Request Progress:&lt;/h3&gt;
&lt;pre&gt;
      0 (2010-09-22 09:41:03) TIMER_START{Request Processing}
      0 (2010-09-22 09:41:03) COMMENT timer_end format is {&amp;lt;elapsed msec&amp;gt;,&amp;lt;timer name&amp;gt;} &amp;lt;optional message&amp;gt;
      0 (2010-09-22 09:41:03) LOG Method=GET, PathInfo=/index.html
      0 (2010-09-22 09:41:03) TIMER_START{ResourceResolution}
     21 (2010-09-22 09:41:03) TIMER_END{21,ResourceResolution} URI=/index.html resolves to Resource=NonExistingResource, path=/index.html
     21 (2010-09-22 09:41:03) LOG Resource Path Info: SlingRequestPathInfo: path=&apos;/index.html&apos;, selectorString=&apos;null&apos;, extension=&apos;html&apos;, suffix=&apos;null&apos;
     21 (2010-09-22 09:41:03) TIMER_START{ServletResolution}
     21 (2010-09-22 09:41:03) TIMER_START{resolveServlet(NonExistingResource, path=/index.html)}
     23 (2010-09-22 09:41:03) TIMER_END{2,resolveServlet(NonExistingResource, path=/index.html)} Using servlet org.apache.sling.servlets.get.DefaultGetServlet
     23 (2010-09-22 09:41:03) TIMER_END{2,ServletResolution} URI=/index.html handled by Servlet=org.apache.sling.servlets.get.DefaultGetServlet
     23 (2010-09-22 09:41:03) LOG Applying Requestfilters
     23 (2010-09-22 09:41:03) LOG Calling filter: org.apache.sling.engine.impl.debug.RequestProgressTrackerLogFilter
     23 (2010-09-22 09:41:03) LOG Calling filter: org.apache.sling.launchpad.testservices.filters.NoPropertyFilter
     23 (2010-09-22 09:41:03) LOG Calling filter: org.apache.sling.launchpad.testservices.filters.SlingFilter
     23 (2010-09-22 09:41:03) TIMER_START{org.apache.sling.servlets.get.DefaultGetServlet#0}
     23 (2010-09-22 09:41:03) TIMER_END{0,org.apache.sling.servlets.get.DefaultGetServlet#0}
     23 (2010-09-22 09:41:03) TIMER_START{handleError:status=404}
     24 (2010-09-22 09:41:03) TIMER_END{1,handleError:status=404} Using handler org.apache.sling.servlets.resolver.internal.defaults.DefaultErrorHandlerServlet
     24 (2010-09-22 09:41:03) TIMER_END{24,Request Processing} Dumping SlingRequestProgressTracker Entries
&lt;/pre&gt;
&lt;hr&gt;
&lt;address&gt;ApacheSling/2.1 (Java HotSpot(TM) 64-Bit Server VM 1.6.0_21; Linux 2.6.32-trunk-amd64 amd64)&lt;/address&gt;
&lt;/body&gt;
&lt;/html&gt;
) expected:&lt;200&gt; but was:&lt;404&gt;
        at junit.framework.Assert.fail(Assert.java:47)
...

---

BTW: The log produced by
$ mvn -Dtest=ConfigInstallTest install
did not seem to be very helpful:

andreas@lenny:~/sling$ mvn -Dtest=ConfigInstallTest install
[INFO] Scanning for projects...
[INFO] Reactor build order: 
[INFO]   Apache Sling (Parent)
[INFO]   Apache Sling Maven Plugin to create Jackrabbit OCM descriptors
[INFO]   Apache Sling API
[INFO]   Apache Sling Scripting Implementation API
[INFO]   Apache Sling Dynamic Class Loader Support
[INFO]   Apache Sling Scripting JSP Support
[INFO]   Apache Sling Maven Plugin for Compiling JSP Sources into Bundles
[INFO]   Apache Sling Repository API Bundle
[INFO]   Apache Sling Commons OSGi support
[INFO]   Apache Sling Adapter Manager Implementation
[INFO]   Apache Sling Testing Utilities
[INFO]   Apache Sling JSON Library
[INFO]   Apache Sling Maven Plugin for Supporting Bundle Development
[INFO]   Apache Sling Launchpad Base
[INFO]   Apache Sling Launchpad Maven Plugin
[INFO]   Sling Launchpad Standalone Archetype
[INFO]   Sling Launchpad Webapp Archetype
[INFO]   Sling Resources Archetype
[INFO]   Sling Servlet Archetype
[INFO]   Apache Sling OSGi LogService Implementation
[INFO]   Apache Sling MIME type mapping support
[INFO]   Apache Sling Thread Support
[INFO]   Apache Sling Scheduler Support
[INFO]   Apache Sling Authentication Service
[INFO]   Apache Sling JCR Base Bundle
[INFO]   Apache Sling Jackrabbit Embedded Repository
[INFO]   Apache Sling OpenID Authentication
[INFO]   Apache Sling Form Based Authentication Handler
[INFO]   Apache Sling Authentication Selector
[INFO]   Apache Sling Settings
[INFO]   Apache Sling Engine Implementation
[INFO]   Apache Sling JCR ClassLoader
[INFO]   Apache Sling Initial Content Loader
[INFO]   Apache Sling JCR Resource Resolver
[INFO]   Apache Sling Default POST Servlets
[INFO]   Apache Sling Jackrabbit UserManager Support
[INFO]   Apache Sling Jackrabbit JSR-283 Access Control Manager Support
[INFO]   Apache Sling Object Content Mapping
[INFO]   Apache Sling Simple WebDAV Access to repositories
[INFO]   Apache Sling DavEx Access to repositories
[INFO]   Apache Sling JCR WebConsole Bundle
[INFO]   Apache Sling Servlet Resolver
[INFO]   Apache Sling Default GET Servlets
[INFO]   Apache Sling Scripting Core implementation
[INFO]   Apache Sling Scripting JavaScript Support
[INFO]   Apache Sling JSP Tag Library
[INFO]   Apache Sling Bundle Resource Provider
[INFO]   Apache Sling Event Support
[INFO]   Apache Sling Filesystem Resource Provider
[INFO]   Apache Sling Thread Dumper
[INFO]   Apache Sling Web Console Branding
[INFO]   Apache Sling Web Console Security Provider
[INFO]   Apache Sling Groovy Extensions
[INFO]   Apache Sling Explorer
[INFO]   Apache Sling Installer
[INFO]   Apache Sling File Installer
[INFO]   Apache Sling JCR Installer
[INFO]   Apache Sling Installer Integration Tests
[INFO]   Apache Sling Launchpad Content
[INFO]   Apache Sling Launchpad Application Builder
[INFO]   Apache Sling Launchpad Testing Services
[INFO]   Apache Sling Launchpad Testing Services WAR
[INFO]   Apache Sling Integration Tests
[INFO]   Apache Sling Launchpad Testing
[INFO]   Apache Sling (Builder)
[INFO] ------------------------------------------------------------------------
[INFO] Building Apache Sling (Parent)
[INFO]    task-segment: [install]
[INFO] ------------------------------------------------------------------------
[INFO] [enforcer:enforce {execution: enforce-java}]
[INFO] Setting property: classpath.resource.loader.class =&gt; &apos;org.codehaus.plexus.velocity.ContextClassLoaderResourceLoader&apos;.
[INFO] Setting property: velocimacro.messages.on =&gt; &apos;false&apos;.
[INFO] Setting property: resource.loader =&gt; &apos;classpath&apos;.
[INFO] Setting property: resource.manager.logwhenfound =&gt; &apos;false&apos;.
[INFO] [remote-resources:process {execution: default}]
[INFO] [antrun:run {execution: default}]
[INFO] Executing tasks
     [echo] **************** WARNING (SLING-443/SLING-1782) ******************************
     [echo] On most platforms, you&apos;ll get OutOfMemoryErrors when building unless you set
     [echo] on 32bit platforms: MAVEN_OPTS=&quot;-Xmx256M -XX:Ma",1285099360721
http://sealytics.github.io/ontologies/release-model#Bug-997dc112-077c-4e04-adec-710202cfadb3,"This still happens in some Jenkins builds, for instance https://builds.apache.org/job/sling-trunk-1.6/org.apache.sling$org.apache.sling.installer.it/1738/testReport/junit/org.apache.sling.installer.it/ConfigInstallTest/testDeferredConfigInstall/ . The logging output indicates that the configuration is removed, so this is probably a timing issue.",1285099360721
http://sealytics.github.io/ontologies/release-model#Bug-4fe2238c-65d3-4584-b76e-a796cab88c34,Fixed in 1613893,1406530598390
http://sealytics.github.io/ontologies/release-model#Bug-67d4409a-96cc-42c0-a622-6eb1d0908e21,committed in r1623668,1410244813598
http://sealytics.github.io/ontologies/release-model#Bug-87c448d1-689b-4566-aa7d-e4f1749a1495,"Looks much better after [~cziegeler]&apos;s http://svn.apache.org/r1560567 changes, thanks!

I still get some timeouts with the while loop of the SLING-3321-log.txt attachment and resultCacheTtlInMs set to 5000, but timeout results are not cached anymore.

To avoid getting timeouts we might implement a policy to start executing a new check if the cached result is older than say 50% of its time to live in cache, but that&apos;s probably better considered together with a general mechanism to refresh HC results regularly.",1389879713716
http://sealytics.github.io/ontologies/release-model#Bug-87c448d1-689b-4566-aa7d-e4f1749a1495,"Looks good, I&apos;ve done a quick test with the while loop of  the SLING-3321-log.txt attachment, with another similar loop in parallel that executes the slow health check very often, in parallel with the main test. 

There&apos;s no double execution, I still get occasional execution which is expected with the test&apos;s timings.",1389879713716
http://sealytics.github.io/ontologies/release-model#Bug-87c448d1-689b-4566-aa7d-e4f1749a1495,I&apos;ve changed the handling of futures completely - now only final results are cached and the managing of futures is synchronized to avoid double creation/running of futures when the same check is requested in parallel,1389879713716
http://sealytics.github.io/ontologies/release-model#Bug-87c448d1-689b-4566-aa7d-e4f1749a1495,Execution log attached as SLING-3321-log.txt,1389879713716
http://sealytics.github.io/ontologies/release-model#Bug-9d951a91-ebb8-4663-b43b-59b424030f06,Fixed in revision 1514658,1376652205154
http://sealytics.github.io/ontologies/release-model#Bug-447c2b2d-24fc-4251-ad71-4c6c49778f6c,"fixed in Rev. 1571220.

Also folded the getContainerParameters method into  the getParameterMapInternal method.",1393234622585
http://sealytics.github.io/ontologies/release-model#Bug-447c2b2d-24fc-4251-ad71-4c6c49778f6c,Close after release,1393234622585
http://sealytics.github.io/ontologies/release-model#Bug-f40621a8-b8ec-485b-9508-a1feb369113a,Fixed in http://svn.apache.org/viewvc?view=revision&amp;revision=1591905,1399038115900
http://sealytics.github.io/ontologies/release-model#Bug-6fea55bf-80fd-4962-847f-3ed60f415df1,Fixed in https://fisheye6.atlassian.com/changelog/sling?cs=1598064,1400121263690
http://sealytics.github.io/ontologies/release-model#Bug-1f096cae-bd39-45c9-a501-4e2ac55d13ca,Fixed in http://svn.apache.org/r1584906,1396645133643
http://sealytics.github.io/ontologies/release-model#Bug-376f00af-52af-42c9-a0ff-e1e7124e6bff,Added basic tag for encoding text based on OWASP standards.,1402606088800
http://sealytics.github.io/ontologies/release-model#Bug-376f00af-52af-42c9-a0ff-e1e7124e6bff,Attaching Patch.,1402606088800
http://sealytics.github.io/ontologies/release-model#Bug-3b1bd65d-096d-4bea-a891-1f647e63113a,"Thanks for reporting, Alex - I&apos;ve added an extra null check for the user id",1362569266182
http://sealytics.github.io/ontologies/release-model#Bug-c087f8f4-07a9-42d8-8778-d1a0f79f9b96,patch that reproduce the issue in one unit test,1368618261444
http://sealytics.github.io/ontologies/release-model#Bug-c087f8f4-07a9-42d8-8778-d1a0f79f9b96,Thanks for reviewing [~bdelacretaz] I have applied the slightly improved patch and the unit test in rev. 1483299,1368618261444
http://sealytics.github.io/ontologies/release-model#Bug-c087f8f4-07a9-42d8-8778-d1a0f79f9b96,attaching simple proposed patch,1368618261444
http://sealytics.github.io/ontologies/release-model#Bug-c087f8f4-07a9-42d8-8778-d1a0f79f9b96,"Stacktrace would be

java.lang.StringIndexOutOfBoundsException: String index out of range: 2
	at java.lang.String.charAt(String.java:686)
	at java.util.regex.Matcher.appendReplacement(Matcher.java:711)
	at java.util.regex.Matcher.replaceFirst(Matcher.java:861)
	at org.apache.sling.resourceresolver.impl.mapping.MapEntry.replace(MapEntry.java:269)
	at org.apache.sling.resourceresolver.impl.ResourceResolverImpl.map(ResourceResolverImpl.java:471)
	at org.apache.sling.resourceresolver.impl.ResourceResolverImpl.map(ResourceResolverImpl.java:361)
	at org.apache.sling.resourceresolver.impl.MockedResourceResolverImplTest.testMapping(MockedResourceResolverImplTest.java:468)
	at sun.reflect.NativeMethodAccessorImpl.invoke0(Native Method)
	at sun.reflect.NativeMethodAccessorImpl.invoke(NativeMethodAccessorImpl.java:39)
	at sun.reflect.DelegatingMethodAccessorImpl.invoke(DelegatingMethodAccessorImpl.java:25)
	at java.lang.reflect.Method.invoke(Method.java:597)
	at org.junit.runners.model.FrameworkMethod$1.runReflectiveCall(FrameworkMethod.java:45)
	at org.junit.internal.runners.model.ReflectiveCallable.run(ReflectiveCallable.java:15)
	at org.junit.runners.model.FrameworkMethod.invokeExplosively(FrameworkMethod.java:42)
	at org.junit.internal.runners.statements.InvokeMethod.evaluate(InvokeMethod.java:20)
	at org.junit.internal.runners.statements.RunBefores.evaluate(RunBefores.java:28)
	at org.junit.internal.runners.statements.RunAfters.evaluate(RunAfters.java:30)
	at org.junit.runners.ParentRunner.runLeaf(ParentRunner.java:263)
	at org.junit.runners.BlockJUnit4ClassRunner.runChild(BlockJUnit4ClassRunner.java:68)
	at org.junit.runners.BlockJUnit4ClassRunner.runChild(BlockJUnit4ClassRunner.java:47)
	at org.junit.runners.ParentRunner$3.run(ParentRunner.java:231)
	at org.junit.runners.ParentRunner$1.schedule(ParentRunner.java:60)
	at org.junit.runners.ParentRunner.runChildren(ParentRunner.java:229)
	at org.junit.runners.ParentRunner.access$000(ParentRunner.java:50)
	at org.junit.runners.ParentRunner$2.evaluate(ParentRunner.java:222)
	at org.junit.runners.ParentRunner.run(ParentRunner.java:300)
	at org.eclipse.jdt.internal.junit4.runner.JUnit4TestReference.run(JUnit4TestReference.java:49)
	at org.eclipse.jdt.internal.junit.runner.TestExecution.run(TestExecution.java:38)
	at org.eclipse.jdt.internal.junit.runner.RemoteTestRunner.runTests(RemoteTestRunner.java:467)
	at org.eclipse.jdt.internal.junit.runner.RemoteTestRunner.runTests(RemoteTestRunner.java:683)
	at org.eclipse.jdt.internal.junit.runner.RemoteTestRunner.run(RemoteTestRunner.java:390)
	at org.eclipse.jdt.internal.junit.runner.RemoteTestRunner.main(RemoteTestRunner.java:197)",1368618261444
http://sealytics.github.io/ontologies/release-model#Bug-c087f8f4-07a9-42d8-8778-d1a0f79f9b96,"Patch looks ok to me but it might be good to log info about which entry caused the problem, I suggest adding the MapEntry.toString() to the log message",1368618261444
http://sealytics.github.io/ontologies/release-model#Bug-56f6cdb4-665f-4838-93d7-536863767882,"I think this should be split up into two issues, as the larger part of the patch is for commons testing.

For the threading change: a thread should not hold a lock when calling into the framework - in this case, I think there is no syncing required, as these static methods are called from the BundleActivator which has a defined order. Maybe we shoudln&apos;t use a static field to store the information and make this an object field to be sure to avoid any potential problems.",1361768335516
http://sealytics.github.io/ontologies/release-model#Bug-56f6cdb4-665f-4838-93d7-536863767882,Methods in question are synchronised by the container so no risk and no patch required.,1361768335516
http://sealytics.github.io/ontologies/release-model#Bug-56f6cdb4-665f-4838-93d7-536863767882,Created new issue  SLING-2750 to cover the commons testing issues.,1361768335516
http://sealytics.github.io/ontologies/release-model#Bug-56f6cdb4-665f-4838-93d7-536863767882,I chickened out applying this patch as the synchronized required to get multithreaded correctness requires wrapping a bundle.registerService call which might have side effects as the thread is used to activate other bundles. Needs some more eyes on it. (its the patch to WebConsolePrinter thats of concern),1361768335516
http://sealytics.github.io/ontologies/release-model#Bug-bf934438-115e-4f68-ad65-4c13d7fb064c,tentatively assigning to 1.0.12,1394026628090
http://sealytics.github.io/ontologies/release-model#Bug-b30c6aa2-71eb-4280-9eab-f02b55679ef5,"Attaching patch that:

* if the redirect parameter doesn&apos;t contain the contextpath it&apos;s prepended to it before checking if the redirect is valid, so that old implementations that rely on this behavior still work
* if the redirect parameter contains the contextpath it&apos;s not duplicated",1396531559161
http://sealytics.github.io/ontologies/release-model#Bug-b30c6aa2-71eb-4280-9eab-f02b55679ef5,"Thanks for the patch, Felix. it&apos;s applied",1396531559161
http://sealytics.github.io/ontologies/release-model#Bug-92c8df08-bd6c-41a8-aa44-81de7a6a330f,This got fixed in r 1594817 (SLING-2985),1381456053129
http://sealytics.github.io/ontologies/release-model#Bug-92c8df08-bd6c-41a8-aa44-81de7a6a330f,Does this still happen? I don&apos;t see them ( but I might be looking in the wrong place ),1381456053129
http://sealytics.github.io/ontologies/release-model#Bug-a5e5e4c0-a3c4-4173-9eda-7f89b5dd1c7a,"Removed those comments, and also removed another usage of &apos;mvn install&apos; - which was needed initially before the vault-content-sync was implemented (due to a dependency between an archetype-generated project and another one). Now there is only one usage of the MavenLaunchHelper left: that&apos;s the one doing a sling:install for a bundle project, if the tooling.support.install bundle is not used/installed/configured.",1379420581839
http://sealytics.github.io/ontologies/release-model#Bug-a5e5e4c0-a3c4-4173-9eda-7f89b5dd1c7a,"[~rombert], agreed, there is more to clean up. also, the &apos;mvn install&apos; which is done initially will not be necessary anymore. I planned to do this once the mechanism works &quot;smooth enough&quot;.",1379420581839
http://sealytics.github.io/ontologies/release-model#Bug-a5e5e4c0-a3c4-4173-9eda-7f89b5dd1c7a,[~egli] - I see you&apos;ve commented out the code which does this in http://svn.apache.org/viewvc?view=revision&amp;revision=1524370 . Shouldn&apos;t we rather remove all the code which supports this? We can always bring this back from SVN if needed.,1379420581839
http://sealytics.github.io/ontologies/release-model#Bug-05d4015a-f61d-4557-a816-fd3b8f2e2436,"Looks good, thank you",1363264060587
http://sealytics.github.io/ontologies/release-model#Bug-05d4015a-f61d-4557-a816-fd3b8f2e2436,"Applied a slightly modified patch in Rev. 1456861:

- New command line option -n to not install shutdown hook
- New system property sling.shutdown.hook to control shutdown hook installation
- New property sling.shutdown.hook to Main constructor to control shutdown hook installation (constructor property overwrites system property)",1363264060587
http://sealytics.github.io/ontologies/release-model#Bug-05d4015a-f61d-4557-a816-fd3b8f2e2436,"Proposed patch.

Adds new -n command line option to prevent installation of a shutdown hook.

Adds support for a new system/configuration property sling.shutdown.hook: If set to true or not set at all, the hook is installed, otherwise the hook is not installed.",1363264060587
http://sealytics.github.io/ontologies/release-model#Bug-05d4015a-f61d-4557-a816-fd3b8f2e2436,"Is your problem, that you have you own shutdown hook which may or may not be called before the Sling shutdown hook ?",1363264060587
http://sealytics.github.io/ontologies/release-model#Bug-05d4015a-f61d-4557-a816-fd3b8f2e2436,"Yes, we have our own shutdown hook which should be called before the one of sling. But all JVM shutdown hooks are called in parallel.

Basically what we want to archive is to gracefully shutdown our Jetty-Server, i.e. all current connections will be handled and only after that the server should continue to shutdown. As part of our own shutdown hook we will shutdown the Framework as well.

Basically this is what we have in our Shutdown Hook:

Runtime.getRuntime().addShutdownHook(new Thread(&quot;Custom Shutdown Hook&quot;)
{
	@Override
	public void run()
	{
		stopWebApi();
		stopMessaging();
		shutdownFramework();
	}
}
",1363264060587
http://sealytics.github.io/ontologies/release-model#Bug-05d4015a-f61d-4557-a816-fd3b8f2e2436,Published documentation on this new option in http://sling.apache.org/documentation/the-sling-engine/the-sling-launchpad.html,1363264060587
http://sealytics.github.io/ontologies/release-model#Bug-7df5c22a-910e-4d47-864d-4f01f4e9cdb3,"[~asavory] - I can&apos;t apply this patch:

{code}
$ patch -p0 &lt; SLING-3107.diff 
patching file tooling/maven/archetypes/initial-content/src/main/resources/META-INF/maven/archetype-metadata.xml
patching file tooling/maven/archetypes/initial-content/src/main/resources/META-INF/maven/archetype.xml
can&apos;t find file to patch at input line 47
Perhaps you used the wrong -p or --strip option?
The text leading up to this was:
--------------------------
|Index: tooling/maven/archetypes/initial-content/src/main/resources/archetype-resources/src/main/resources/SLING-CONTENT/apps/html.esp
|===================================================================
|--- tooling/maven/archetypes/initial-content/src/main/resources/archetype-resources/src/main/resources/SLING-CONTENT/apps/html.esp     (revision 1522061)
|+++ tooling/maven/archetypes/initial-content/src/main/resources/archetype-resources/src/main/resources/SLING-CONTENT/apps/html.esp     (working copy)
{code}

Am I doing something wrong?",1380054732549
http://sealytics.github.io/ontologies/release-model#Bug-7df5c22a-910e-4d47-864d-4f01f4e9cdb3,"This patch attempts to rectify some of the main issues with the archetype:

- move SLING-INF to SLING-CONTENT to match e.g. slingbucks sample
- switches from xml to json content
- creates an apps directory and a subdirectory based on the artifactId

This patch does not yet:
- provide a sample component for page rendering (for some reason, mvn refuses to copy html.esp into new projects)",1380054732549
http://sealytics.github.io/ontologies/release-model#Bug-f28eb315-efc8-46f7-bfed-95e4a6f80dad,Fixed in http://svn.apache.org/viewvc?view=revision&amp;revision=1597980,1401269580039
http://sealytics.github.io/ontologies/release-model#Bug-e6e2a81d-39a0-4adf-8800-1edab3a95479,"Thanks Stefan for the fixes, the test indeed passes now, at http://ci.apache.org/builders/sling-trunk/builds/386/steps/compile/logs/stdio",1396736773011
http://sealytics.github.io/ontologies/release-model#Bug-e6e2a81d-39a0-4adf-8800-1edab3a95479,"The test is still failing at http://ci.apache.org/builders/sling-trunk/builds/334/steps/compile/logs/stdio: 

{code}
LargeTopologyWithHubTest.testLargeTopologyWithHub:73 expected:&lt;101&gt; but was:&lt;1&gt;
{code}

I have added some extra logging to try to understand, a successful test run now looks like below, and the &quot;checking if all connectors are registered&quot; line can be repeated if the test doesn&apos;t pass on first try and is retried.

{code}
...
06.06.2014 10:20:37 *INFO * [main] Instance: &lt;init&gt;: starting slingId=6f0933df-c7ac-4ea9-983a-54a391b77ba0, debugName=instance97
06.06.2014 10:20:37 *INFO * [main] Instance: &lt;init&gt;: starting slingId=f0ce8867-e3d2-4e4e-be47-ea145f1a1984, debugName=instance98
06.06.2014 10:20:37 *INFO * [main] Instance: &lt;init&gt;: starting slingId=68e18a00-9502-4291-9831-4a36b3f2cad8, debugName=instance99
06.06.2014 10:20:37 *INFO * [main] LargeTopologyWithHubTest: testLargeTopologyWithHub: checking if all connectors are registered, TopologyView has 101 Instances
06.06.2014 10:20:37 *INFO * [main] LargeTopologyWithHubTest: testLargeTopologyWithHub: test passed
06.06.2014 10:20:37 *INFO * [main] Instance: stop: stopping slingId=f25699ca-80f0-4cf1-afd1-f41cdbc45d40, debugName=hub
06.06.2014 10:20:37 *INFO * [main] Instance: stop: removing listener for slingId=f25699ca-80f0-4cf1-afd1-f41cdbc45d40: org.apache.sling.discovery.impl.setup.Instance$1@3980725e
06.06.2014 10:20:37 *INFO * [main] Instance: stop: stopped slingId=f25699ca-80f0-4cf1-afd1-f41cdbc45d40, debugName=hub
06.06.2014 10:20:37 *INFO * [main] Instance: stop: stopping slingId=c805cb50-8ffb-4dc3-9334-290c79e5e499, debugName=instance0
06.06.2014 10:20:37 *INFO * [main] Instance: stop: removing listener for slingId=c805cb50-8ffb-4dc3-9334-290c79e5e499: org.apache.sling.discovery.impl.setup.Instance$1@63177167
06.06.2014 10:20:37 *INFO * [main] Instance: stop: stopped slingId=c805cb50-8ffb-4dc3-9334-290c79e5e499, debugName=instance0
06.06.2014 10:20:37 *INFO * [main] Instance: stop: stopping slingId=6149bca0-bf08-4489-9801-de346e386375, debugName=instance1
06.06.2014 10:20:37 *INFO * [main] Instance: stop: removing listener for slingId=6149bca0-bf08-4489-9801-de346e386375: org.apache.sling.discovery.impl.setup.Instance$1@63c6ec18
06.06.2014 10:20:37 *INFO * [main] Instance: stop: stopped slingId=6149bca0-bf08-4489-9801-de346e386375, debugName=instance1
...
{code}",1396736773011
http://sealytics.github.io/ontologies/release-model#Bug-e6e2a81d-39a0-4adf-8800-1edab3a95479,"using default timeout of 30s instead of 20s - plus using TimeoutProvider which allows to configure an additional factor - to adjust for slow machines, thanks [~bdelacretaz] for the pointer",1396736773011
http://sealytics.github.io/ontologies/release-model#Bug-e6e2a81d-39a0-4adf-8800-1edab3a95479,"The timeout is correctly increased:

{code}
17.06.2014 04:51:32 *INFO * [main] LargeTopologyWithHubTest: setUp: using heartbeatTimeout of 1200sec (default: 300)
{code}

But the test still failed at http://ci.apache.org/builders/sling-trunk/builds/385/steps/compile/logs/stdio , I&apos;m attaching the relevant part of the log.

It looks like TopologyView items are still expiring:

{code}
testLargeTopologyWithHub: checking if all connectors are registered, TopologyView has 93 Instances
...TopologyView has 93 Instances
...TopologyView has 91 Instances
...TopologyView has 89 Instances
...
{code}",1396736773011
http://sealytics.github.io/ontologies/release-model#Bug-e6e2a81d-39a0-4adf-8800-1edab3a95479,"I have modified the tests to isolate LargeTopologyWithHubTest in its own class, and use RetryRule so that it retries for up to 30 seconds after setting up the test instances - let&apos;s if if that helps.

http://svn.apache.org/r1600654 and http://svn.apache.org/r1600664",1396736773011
http://sealytics.github.io/ontologies/release-model#Bug-e6e2a81d-39a0-4adf-8800-1edab3a95479,"[~bdelacretaz], thanks for double-checking! I &apos;forgot&apos; to set the heartbeatTimeout also on the &apos;hub&apos; instance (only set it on the &apos;satellite&apos; instances so far). Hopefully this should fix everything and the timeout can be decreased from 300 back to eg 30",1396736773011
http://sealytics.github.io/ontologies/release-model#Bug-e6e2a81d-39a0-4adf-8800-1edab3a95479,"I&apos;m seeing this again at http://ci.apache.org/builders/sling-trunk/builds/328/steps/compile/logs/stdio

Also it seems like the assertEquals is backwards in this code:

{code}
private void assertTopologyConsistsOf(TopologyView topology, String... slingIds) {
        assertNotNull(topology);
        assertEquals(topology.getInstances().size(), slingIds.length);
{code}
    
IIUC the expected value is slingIds.length so the assert parameters should be exchanged.",1396736773011
http://sealytics.github.io/ontologies/release-model#Bug-a08298d5-f7b4-412e-acf1-df536614f3a5,"Similar situation in Intellij IDEA. The tag seems to get resolved, but none of the &quot;defined objects&quot; are actually available in the JSP unless explicit dependencies to the o.a.sling.api, slf4j-api and (optionally) JCR are added. What&apos;s worse, there don&apos;t seem to be any error messages.

Declaring the three dependencies o.a.sling.api, slf4j-api and javax.jcr:jcr with {{scope=compile}} does indeed allow the &lt;sling:defineObjects/&gt; tag to be resolved.

The dependencies required for the IDE seem to coincide with the &quot;uses&quot; constraint of the Export-Package header of the jsp-taglib. The dependency to JCR is missing, because the implementation uses a String to identify the Node class in order to make it optional.

{code}
Export-Package: org.apache.sling.scripting.jsp.taglib;version=&quot;2.2.0&quot;
    uses:=&quot;javax.servlet,javax.servlet.jsp,javax.servlet.jsp.tagext,
    org.apache.sling.api.adapter,org.apache.sling.api.resource&quot;
{code}

Are there any concerns that changing the scope might have an undesired impact anywhere else? Otherwise, I very much support this change, as I know from experience how confusing the issue can be.",1398273728351
http://sealytics.github.io/ontologies/release-model#Bug-a08298d5-f7b4-412e-acf1-df536614f3a5,"In Eclipse the TEI cannot be instanciated if the referenced classes are not in the Maven classpath. The according warning message is not very descriptive though: &quot;The TagExtraInfo class for &quot;sling:defineObjects&quot; (org.apache.sling.scripting.jsp.taglib.DefineObjectsTEI) 
 could not be instantiated&quot;. It is hard to derive from that message, which class is missing from the classpath. In my regard all necessary classes should be loaded by Maven (even the transitive ones). It is very cumbersome to add dependencies manually to the project, just for the IDE to be able to instanciate the TEI class.",1398273728351
http://sealytics.github.io/ontologies/release-model#Bug-a08298d5-f7b4-412e-acf1-df536614f3a5,"Justin &amp; Konrad, is this issue ready to be resolved?",1398273728351
http://sealytics.github.io/ontologies/release-model#Bug-a08298d5-f7b4-412e-acf1-df536614f3a5,"Changed the artifact scopes in r1589700. Although we generally use compile scope to indicate embedded dependencies, it doesn&apos;t have any impact in this case.",1398273728351
http://sealytics.github.io/ontologies/release-model#Bug-e4df8828-094f-46b1-a074-e61591d24a6a,Thanks for reporting - should be fixed now,1400042287345
http://sealytics.github.io/ontologies/release-model#Bug-df8cc043-d1a0-499b-87dd-a193f0d9ef16,IIUC the underlying issue discussed in http://markmail.org/thread/bqnnp6w7zjudffbt has not yet been resolved - so I guess at the moment there is only the workaround to fix the jcr:primaryType of /var in this case (to a sling:Folder),1401430924375
http://sealytics.github.io/ontologies/release-model#Bug-df8cc043-d1a0-499b-87dd-a193f0d9ef16,"[~dekesmith]&apos;s finding confirms my suspicion that /var is created with a different node type depending on which module creates it, depending on startup timing.

The mkdir method in ClassLoaderWriterImpl [1] does some (ugly) retries to cope with concurrency issues, it looks like we need a better way to handle the creation of those commonly used nodes a startup - I&apos;ll start a discussion on list about that.

For now, changing the folders node type to sling:Folder in ClassLoaderWriterImpl should fix this issue, assuming that node type is available when that module starts.

[1] https://svn.apache.org/repos/asf/sling/trunk/bundles/jcr/classloader/src/main/java/org/apache/sling/jcr/classloader/internal/ClassLoaderWriterImpl.java",1401430924375
http://sealytics.github.io/ontologies/release-model#Bug-df8cc043-d1a0-499b-87dd-a193f0d9ef16,[~egli] - does this ring any bells to you?,1401430924375
http://sealytics.github.io/ontologies/release-model#Bug-df8cc043-d1a0-499b-87dd-a193f0d9ef16,"Any update on this issue? I am still getting this error when I have the trunk checked out, does this mean I have to apply the fix described by Bertrand manually when building?",1401430924375
http://sealytics.github.io/ontologies/release-model#Bug-df8cc043-d1a0-499b-87dd-a193f0d9ef16,"bq. no matching child node definition found for {}discovery
That&apos;s indeed odd. &apos;/var&apos; is just a sling:Folder so it should allow any type of child node - and &apos;/var/discovery&apos; is just another sling:Folder ..

[~yogi_1306], can you double-check what jcr:primaryType &apos;/var&apos; has in your case? And, if the problem persists? As a simple workaround you should be able to manually create &apos;/var/discovery&apos; (with jcr:primaryType==sling:Folder) and it should work fine..",1401430924375
http://sealytics.github.io/ontologies/release-model#Bug-df8cc043-d1a0-499b-87dd-a193f0d9ef16,"The /var node is created as nt:folder by org.apache.sling.jcr.classloader.internal.ClassLoaderWriterImpl within 

 private synchronized boolean mkdirs(final Session session, final String path)

org.apache.sling.discovery.impl.common.heartbeat.HeartbeatHandler is using org.apache.sling.discovery.impl.common.resource.ResourceHelper to create the discovery node under /var as nt:unstructured. ",1401430924375
http://sealytics.github.io/ontologies/release-model#Bug-339f106b-896e-4a8f-a411-72be39553956,"Turns out we need both filter registration because initial resource resolution takes place before any Sling filter is called

An additional issues was unconvered where negative feature checks had no effect

Fixed both issues in Rev. 1562416",1390992245732
http://sealytics.github.io/ontologies/release-model#Bug-d942f476-d262-48f1-9ce1-771a0adb179d,"Fixed.

The root cause was in the way eclipse handles the elementMap in the CommonViewer/TreeViewer: upon a structural change, it figured the node was no longer equal and disposed the element - while still keeping it in the elementMap for some reason. This discrepancy later turned into the &apos;Widget is disposed&apos; exception when the changed node was expanded for example.

To avoid this, the tree elements (ie the JcrNode) now are regarded as &apos;equals (same hashCode)&apos; as long as the node itself is equal, irrespective of the children.

This way, we&apos;re no longer running into what I consider a bug with the elementMap.",1404904674709
http://sealytics.github.io/ontologies/release-model#Bug-d942f476-d262-48f1-9ce1-771a0adb179d,"Steps to reproduce:
 * have a structure as for example:
{code}
\-parent
 |- child1
 |\-grandchild1
 \-child2
  \-grandchild2
   \-grandgrandchild
{code}
 * move &apos;grandgrandchild&apos; from grandchil2 to grandchild1 (using drag-n-drop)
 * move it back
 * notice that &apos;child1&apos; collapsed and when trying to open it again, said exception should occur",1404904674709
http://sealytics.github.io/ontologies/release-model#Bug-86008c24-b657-4c0c-bfdf-44360f2cb422,"There was indeed something about &lt; 1000 in AbstractCreateOperation.ensureUniquePath, which is meant to break ties in case the default and/or configured NodeNameGenerator generate a path that&apos;s not unique.

I have replaced the incremental suffix with a random integer in http://svn.apache.org/r1607787 which should fix the issue. To test it I replaced this line

{code}
generatedName = defaultNodeNameGenerator.getNodeName(request, basePath, requirePrefix, defaultNodeNameGenerator);
{code}

with {{generated_name = &quot;CONSTANT&quot;}} to trigger the call to ensureUniquePath, and without node additions would fail after node 999 as you saw.

ensureUniquePath still makes up to 1000 tries but now with random integers, so collisions are much less likely. If that&apos;s not sufficient we might also improve the default NodeNameGenerator which uses System.currentTimeMillis() which might not change as often as one thinks, especially under Windows.

Please cross-check with the current snapshot of bundles/servlets/post, you shouldn&apos;t need to replace anything else.",1404402553400
http://sealytics.github.io/ontologies/release-model#Bug-86008c24-b657-4c0c-bfdf-44360f2cb422,"Thanks Bertrand for the super-quick fix! This solves the problem for me!
Many thanks :)",1404402553400
http://sealytics.github.io/ontologies/release-model#Bug-86008c24-b657-4c0c-bfdf-44360f2cb422,"To reproduce simply run the attached JMeter file.

I noticed that it happens a *lot* more after node number 999... Is that a hard limit on the node number?",1404402553400
http://sealytics.github.io/ontologies/release-model#Bug-3d80f859-225f-4f60-af69-1dc95588e613,"committed At revision: 1544497 

added a log in request tracker to record the post operation used",1384841252929
http://sealytics.github.io/ontologies/release-model#Bug-e7b4c28f-77eb-45f9-962c-7f197f2269e4,Thanks for spotting this - in rev 1509329 i&apos;ve changed the implementation and moved all whiteboard stuff into a separate class which now uses a service tracker which runs after the component is activated. This ensures that all jobs are bound after the scheduler is initialized and we don&apos;t need to handle bound jobs before the scheduler is ready,1375368158573
http://sealytics.github.io/ontologies/release-model#Bug-e7b4c28f-77eb-45f9-962c-7f197f2269e4,Thanks for the info - the idea is that all Sling common modules can be run without some of the core Sling modules. The scheduler is just depending on the commons thread pool. The other dependency to the discovery service is optional,1375368158573
http://sealytics.github.io/ontologies/release-model#Bug-e7b4c28f-77eb-45f9-962c-7f197f2269e4,"Wow, that was quick :-)

btw, Karaf is considering adding a scheduling service based on the Sling scheduler but ported to blueprint (KARAF-751)... so if you ever have a choice in design/implementation to make things more decoupled from DS/SCR and/or other slingy dependencies, and it&apos;s all the same to you, going for the decoupled approach would be helpful :-)

Thanks for the fix!
",1375368158573
http://sealytics.github.io/ontologies/release-model#Bug-0f84e91a-25e7-46b2-a461-3bf4a0b2fa88,"The bug has been fixed in Slf4j and a new release 1.7.6 with the fix is available [1]

[1] http://www.slf4j.org/news.html",1390633593276
http://sealytics.github.io/ontologies/release-model#Bug-0f84e91a-25e7-46b2-a461-3bf4a0b2fa88,"Opened bug in Slf4j [1] and sent a pull request for the possible fix [2]

[1] http://bugzilla.slf4j.org/show_bug.cgi?id=311
[2] https://github.com/qos-ch/slf4j/pull/58",1390633593276
http://sealytics.github.io/ontologies/release-model#Bug-0f84e91a-25e7-46b2-a461-3bf4a0b2fa88,Updated the Slf4j related bundle versions in http://svn.apache.org/r1571156,1390633593276
http://sealytics.github.io/ontologies/release-model#Bug-60e6d982-926e-4b48-8811-4a582d1b3944,"Thanks for your patch, I&apos;ve applied a slightly different version",1371828484623
http://sealytics.github.io/ontologies/release-model#Bug-7acb148f-96c2-4d1f-b5e4-719560c651b8,"Agreed - as a workaround ..

PS: I now added taking the server&apos;s publish settings into account too.. (at least the mode, not the delay)",1400596840321
http://sealytics.github.io/ontologies/release-model#Bug-7acb148f-96c2-4d1f-b5e4-719560c651b8,"Yup, see this as well. I think that if we want to force this behaviour, we can introduce a new Builder for content projects which uses the triggerIncrementalBuild facility you just added whenever just a folder is created.",1400596840321
http://sealytics.github.io/ontologies/release-model#Bug-7acb148f-96c2-4d1f-b5e4-719560c651b8,"As a workaround, introduced ServerUtil.triggerIncrementalBuild - this can be explicitly triggered wherever a fit is seen. Eg when a new node is created, this can be used to &apos;force&apos; a publish",1400596840321
http://sealytics.github.io/ontologies/release-model#Bug-7acb148f-96c2-4d1f-b5e4-719560c651b8,Sounds good to me,1400596840321
http://sealytics.github.io/ontologies/release-model#Bug-7acb148f-96c2-4d1f-b5e4-719560c651b8,"[~rombert], I&apos;d suggest to move this to 1.0.2, wdyt?",1400596840321
http://sealytics.github.io/ontologies/release-model#Bug-13c70b71-07e9-441b-870d-20477b1617a7,"Thanks for your patch, it&apos;s applied in rev 1533884",1381871830000
http://sealytics.github.io/ontologies/release-model#Bug-13c70b71-07e9-441b-870d-20477b1617a7,Proposed patch.,1381871830000
http://sealytics.github.io/ontologies/release-model#Bug-8463c4fe-41c3-4b34-9c3d-fe53b1f69ee5,Reopened that issue because the problem still exists in the OakSlingReporityManager.,1393837716334
http://sealytics.github.io/ontologies/release-model#Bug-8463c4fe-41c3-4b34-9c3d-fe53b1f69ee5,"With your patch, the list keeps the service objects in the list. it is correct, that the same service is not bound twice, so adding is not a problem. Removing is the problematic part, if one implementation e.g. always returns &quot;true&quot; for the equals(Object) method, removing any service object from the list, might result in removing this one leaving a reference to a removed service and creating a leak. (Returning &quot;true&quot; is just the simplest case of messing up the equals() method)
While this sounds a little bit academic, I ran into similar issues while developing similar code in other areas and came to the conclusion that relying on equals being implemented 100% correctly can cause trouble in this usage pattern",1393837716334
http://sealytics.github.io/ontologies/release-model#Bug-8463c4fe-41c3-4b34-9c3d-fe53b1f69ee5,"Perfect, thanks - so&apos;ll set this to resolved",1393837716334
http://sealytics.github.io/ontologies/release-model#Bug-8463c4fe-41c3-4b34-9c3d-fe53b1f69ee5,"Thanks for reporting and the patch, Stefan.
I think we need to keep a map where the key is either the service ref or maybe the service id (long) - otherwise we rely on equals either not being overwritten or implemented correctly (well in practice this shouldn&apos;t be a problem, but I guess this would be safer)",1393837716334
http://sealytics.github.io/ontologies/release-model#Bug-8463c4fe-41c3-4b34-9c3d-fe53b1f69ee5,"Yes, again, thanks for the patch - I&apos;ve applied a slightly modified version which uses the service id (long) as the PID is optionally.

Could you please verify the changes?",1393837716334
http://sealytics.github.io/ontologies/release-model#Bug-8463c4fe-41c3-4b34-9c3d-fe53b1f69ee5,Attached patch for the equivalent class of the Oak repository.,1393837716334
http://sealytics.github.io/ontologies/release-model#Bug-8463c4fe-41c3-4b34-9c3d-fe53b1f69ee5,I thought it would be sufficient to keep a list of service references because the OSGi environment handles the rest. So a service should not be bound twice.,1393837716334
http://sealytics.github.io/ontologies/release-model#Bug-8463c4fe-41c3-4b34-9c3d-fe53b1f69ee5,Attached a potential fix for this issue.,1393837716334
http://sealytics.github.io/ontologies/release-model#Bug-8463c4fe-41c3-4b34-9c3d-fe53b1f69ee5,Looks good. At least 1573558 results in the first working build of trunk on my machine.,1393837716334
http://sealytics.github.io/ontologies/release-model#Bug-8463c4fe-41c3-4b34-9c3d-fe53b1f69ee5,"So, maybe it&apos;s better to pass the service properties to the bind methods (see patch number two). Using the type parameter instead of the ServiceReference has the charm that SCR gets and ungets the service (which is missing in the current implementation?).",1393837716334
http://sealytics.github.io/ontologies/release-model#Bug-8463c4fe-41c3-4b34-9c3d-fe53b1f69ee5,"Thanks for your patch Stefan, it&apos;s applied",1393837716334
http://sealytics.github.io/ontologies/release-model#Bug-f757efab-3940-4515-bba3-fa46b7f574b5,"GitHub user kwin opened a pull request:

    https://github.com/apache/sling/pull/16

    SLING-3547, add test for numerical defaults (both boolean and long,

    test exposing the wrong behaviour of numerical defaults in Sling Models

You can merge this pull request into a Git repository by running:

    $ git pull https://github.com/kwin/sling SLING-3547

Alternatively you can review and apply these changes as the patch at:

    https://github.com/apache/sling/pull/16.patch

To close this pull request, make a commit to your master/trunk branch
with (at least) the following in the commit message:

    This closes #16
    
----
commit 63b59bceecae1670a58da257d9165a5905a52075
Author: Konrad Windszus &lt;konrad.windszus@netcentric.biz&gt;
Date:   2014-05-08T12:37:19Z

    SLING-3547, add test for numerical defaults (both boolean and long,
    primitive and object wrapper)

----
",1399548813152
http://sealytics.github.io/ontologies/release-model#Bug-f757efab-3940-4515-bba3-fa46b7f574b5,The pull requests adds a test around that and provides the fix for it as well.,1399548813152
http://sealytics.github.io/ontologies/release-model#Bug-f757efab-3940-4515-bba3-fa46b7f574b5,I have applied a slightly modified version of this patch in r1594343; the only change I made was to separate out the primitive injections from the wrapper object injections. Thanks Konrad!,1399548813152
http://sealytics.github.io/ontologies/release-model#Bug-f757efab-3940-4515-bba3-fa46b7f574b5,"Github user kwin closed the pull request at:

    https://github.com/apache/sling/pull/16
",1399548813152
http://sealytics.github.io/ontologies/release-model#Bug-f757efab-3940-4515-bba3-fa46b7f574b5,"we are currently experiencing the same issues in on of our projects. would be nice, if the fix could released soon",1399548813152
http://sealytics.github.io/ontologies/release-model#Bug-f3c2af11-325c-4960-a942-d04a1bb0110a,"Fixed in revision 1452252, the bundle now starts on Sling launchpad 6.

Note that this wouldn&apos;t be needed for trunk as the org.apache.sling.jcr.jcr-wrapper bundle exports javax.jcr,version=1.1.0

Building Sling from trunk should work, if not please give us more details about what fails.",1362392741081
http://sealytics.github.io/ontologies/release-model#Bug-f3c2af11-325c-4960-a942-d04a1bb0110a,"Hello,
I&apos;m having the same kind of  error on the trunk-checkout.  I try to run the  the /samples/simple-demo
The bundle is installed but won&apos;t start;
This is what i see in the console:
Apache Sling Sample Applicationorg.apache.sling.samples.simple-demo
Symbolic Name	org.apache.sling.samples.simple-demo
...
Imported Packages	javax.el,version=[2.1,3) from org.apache.sling.scripting.jsp (38)
javax.jcr,version=[1.0,2) -- Cannot be resolved (red)
javax.servlet from org.apache.felix.http.jetty (65)

I&apos;m I doing something wrong or is this some kind of bug?

Kind regards,
Henk-Jan
",1362392741081
http://sealytics.github.io/ontologies/release-model#Bug-f3c2af11-325c-4960-a942-d04a1bb0110a,"This is similar to SLING-2557, I&apos;ll fix the pom in a similar way.",1362392741081
http://sealytics.github.io/ontologies/release-model#Bug-f3c2af11-325c-4960-a942-d04a1bb0110a,"Great, thanks for fixing the OSGi import. I&apos;ll create a new issue for the failing trunk build, with more info...
https://issues.apache.org/jira/browse/SLING-2770",1362392741081
http://sealytics.github.io/ontologies/release-model#Bug-f3c2af11-325c-4960-a942-d04a1bb0110a,"The org.apache.sling.samples.simple-demo bundle, built from trunk, works for me when installed in a Sling instance built from the launchpad/builder trunk. Let&apos;s discuss on the Sling users list if you&apos;re still seeing this issue.",1362392741081
http://sealytics.github.io/ontologies/release-model#Bug-c1240a4f-0709-4372-9dcc-4f9faf3f7269,"Changed the warning into a question - hence giving the user the opportunity to overwrite the check.

Opened SLING-3775 to analyze further why this check was returning false.",1405936114884
http://sealytics.github.io/ontologies/release-model#Bug-c382957a-205c-4b04-a037-abeda2d5ebe7,"Added support in http://svn.apache.org/r1571618

This fix would enable including files which are rotated via simple patterns i.e. which do not change the prefix, which do not create rotated file in different directory etc would get included in zip

",1391423678195
http://sealytics.github.io/ontologies/release-model#Bug-99768fad-3d56-486e-81bb-f43f192b7980,added unit test and fix in r1607312,1404294905079
http://sealytics.github.io/ontologies/release-model#Bug-5a94fde2-572a-4123-bcfe-27521a20f4d8,"This change looks wrong to me, as a call {{curl http://localhost:8181/system/userManager/user.tidy.1.json}} now results in:

{noformat}
{
  &quot;sling:resourceType&quot;: &quot;sling/users&quot;,
  &quot;admin&quot;: {
    &quot;memberOf&quot;: [],
    &quot;declaredMemberOf&quot;: []
  },
  &quot;anonymous&quot;: {
    &quot;memberOf&quot;: [],
    &quot;declaredMemberOf&quot;: []
  }
}
{noformat}

I don&apos;t think that clients should filter out {{sling:resourceType}} and {{sling:resourceSuperType}}. What was the purpose of this change?
",1376063415289
http://sealytics.github.io/ontologies/release-model#Bug-5a94fde2-572a-4123-bcfe-27521a20f4d8,"With the recent changes of making a value map a first class citizen this change is unnecessary anyway as a resource must provide a value map. So the situation should not happen anyway.
However, before we had the problem that a json response of a resource simply returned an empty response which is totally meaningless and therefore at least the information availabel which is the resource type is returned.",1376063415289
http://sealytics.github.io/ontologies/release-model#Bug-5a94fde2-572a-4123-bcfe-27521a20f4d8,"I think so, but I need to do some test before I can confirm ",1376063415289
http://sealytics.github.io/ontologies/release-model#Bug-5a94fde2-572a-4123-bcfe-27521a20f4d8,"Does it mean we can simply remove the code block? (works for me)

{noformat}
            if ( resource.getResourceType() != null ) {
                obj.put(&quot;sling:resourceType&quot;, resource.getResourceType());
            }
            if ( resource.getResourceSuperType() != null ) {
                obj.put(&quot;sling:resourceSuperType&quot;, resource.getResourceSuperType());
            }
{noformat}

Or is there anything else to do?",1376063415289
http://sealytics.github.io/ontologies/release-model#Bug-5a94fde2-572a-4123-bcfe-27521a20f4d8,Added the two values to json rendering if the resource can&apos;t be adapted to a map,1376063415289
http://sealytics.github.io/ontologies/release-model#Bug-db2f1c62-51ca-4ea4-ae3c-dc2f7a942cc8,"chosen the refresh suggestion, as that&apos;s the least intrusive. refactoring that whole area would probably be better, but at this stage (1.0.x) I&apos;d prefer small-ish steps.",1392912266572
http://sealytics.github.io/ontologies/release-model#Bug-fe8e54a2-4f26-46f8-9689-8696757438de,Removing the node now if an exception within create() occurs. Revision 1483758,1368792191771
http://sealytics.github.io/ontologies/release-model#Bug-fe8e54a2-4f26-46f8-9689-8696757438de,Patch for JcrResourceProvider,1368792191771
http://sealytics.github.io/ontologies/release-model#Bug-322473e9-136a-4912-bce3-b0a00318d91c,"The timeout for waiting for events is given in seconds instead of milliseconds. So setting the timeout to 5000 will wait for close 1.5h for the event to arrive which basically has the test stuck because the event may not come at all.

Reduced the time to 5 seconds in Rev. 1568208 and this now lets the test fail after 5 seconds if the event is missing.",1392363310730
http://sealytics.github.io/ontologies/release-model#Bug-35c6e912-82bb-4fc3-995f-2bd8d49bc5cc,"Actually, this change would be wrong - ResourceProvider is marked a ConsumerType - and this has been discussed as part of SLING-2993",1394791887107
http://sealytics.github.io/ontologies/release-model#Bug-86d0f389-bd37-4eb3-b27e-5dd717f08ebe,"The way it currently works is described in SLING-3315.
Why should we persist requests ? Package persistence should be already handled by the _ReplicationPackageBuilder_, why should we explicitly persist them separately?

I think this and SLING-3352 are part of the same discussion about the replication HTTP API, with this one specific to HTTP API for triggering replication &quot;actions&quot; ",1392035626007
http://sealytics.github.io/ontologies/release-model#Bug-86d0f389-bd37-4eb3-b27e-5dd717f08ebe,We should discuss this in a full context of a REST-ful/HTTP API. See http://sling.markmail.org/thread/mvfbi4pv2hgmmqnr,1392035626007
http://sealytics.github.io/ontologies/release-model#Bug-86d0f389-bd37-4eb3-b27e-5dd717f08ebe,"I&apos;m not saying you should store the &apos;commands&apos; in the content - IMO that&apos;s nonsense. but avoid HTTP headers to transport any action or parameter. they belong to the HTTP layer, not your application :-)

A better REST way would be to upload the package first, get a location URL, and then issue the commands referring to the packages. this also mitigates the multiple-agents problem a bit.",1392035626007
http://sealytics.github.io/ontologies/release-model#Bug-86d0f389-bd37-4eb3-b27e-5dd717f08ebe,"Hi Tobias,

There is no detailed spec as I wanted to fix first the general approach. Basically requests use headers and a stream payload for packages. If we are to drop headers then we could use multipart messages with jsons containing the metadata (action, paths, agent) and octetstreams containing the package bytes.

However, when I was analyzing this option it made more sense to rely again on standard servlets rather than implementing custom servlets to handle the payload.

We could use purely JCR nodes that store requests and packages.

For replication actions (commands) one would store the content of a command and a task (or event handler) would pick it up, pass it to the agent and then move it to outbox.
{noformat}
/system/replication/commands/inbox
/system/replication/commands/outbox
{noformat}

For importing/exporting packages those could be uploaded/downloaded from their corresponding boxes.
{noformat}
/system/replication/packages/inbox
/system/replication/packages/outbox
{noformat}

The only questions for this approach are:
- Is there a way in sling to get the the first element in the outbox using orderby and pagination. 
- We might still need to expose status information about agents (like inner queues status). Should we do this by using a resourceprovider in order to avoid empty agent nodes?

",1392035626007
http://sealytics.github.io/ontologies/release-model#Bug-86d0f389-bd37-4eb3-b27e-5dd717f08ebe,"I have the impression you should define a proper REST-ful API addressing agents and queues as resources ...

* Replicate:
{noformat}
POST /system/replication/agents/{agentName}

content=/content/mycontent&amp;action={action}
{noformat}

* Status/Information

{noformat}
GET /system/replication/agents/{agentName}
GET /system/replication/queues/{queueName}
GET /system/replication/packages/{queueName}/{agentName}
{noformat}",1392035626007
http://sealytics.github.io/ontologies/release-model#Bug-86d0f389-bd37-4eb3-b27e-5dd717f08ebe,"&gt;&gt;&gt; For replication actions (commands) one would store the content of a command and a task (or event handler) would pick it up, pass it to the agent and then move it to outbox
&gt;&gt; store the &apos;commands&apos; in the content - IMO that&apos;s nonsense.
&gt; From what I found out that is the only secure way in sling to expose REST APIs OOTB. Any servlet based approach (registered by path or by resourcetype) is unsecure by default and must be protected inside the servlet.

I see your point, but defining a purely content driven command interface is not very practical - especially in respect to error handling. and you have to deal with clustering problematics, too. ",1392035626007
http://sealytics.github.io/ontologies/release-model#Bug-86d0f389-bd37-4eb3-b27e-5dd717f08ebe,"I think [~tripod] hit the nail: You should be defining a concise REST-ful (or HTTP if you will) API and discuss that. This really is an API discussion at this point and we can think about the implementation later.
",1392035626007
http://sealytics.github.io/ontologies/release-model#Bug-86d0f389-bd37-4eb3-b27e-5dd717f08ebe,"bq. avoid HTTP headers to transport any action or parameter

That will be done :).

bq. store the &apos;commands&apos; in the content - IMO that&apos;s nonsense.

From what I found out that is the only secure way in sling to expose REST APIs OOTB. Any servlet based approach (registered by path or by resourcetype) is unsecure by default and must be protected inside the servlet.



",1392035626007
http://sealytics.github.io/ontologies/release-model#Bug-86d0f389-bd37-4eb3-b27e-5dd717f08ebe,"I don&apos;t like the use of http headers to transport the information. this is highly unusable for ajax clients and for debugging. And it might not go through proxies.

also, is there a documentation how the REST (or let&apos;s call it HTTP) API looks like? what are the parameters for? how is the error handling? what is the payload? what is the response?",1392035626007
http://sealytics.github.io/ontologies/release-model#Bug-86d0f389-bd37-4eb3-b27e-5dd717f08ebe,"Hi Felix,

You are right, that would probably be a nicer design, however there are some issues with it.

1. We want to be able to replicate to multiple agents at once so that would be done by posting to /agents with multiple X-replication-agent headers.
2. There seems to be no consensus on how to expose such an hierarchy via HTTP (see \[1\]). I am trying to propose here a not so nice compromise. 

More specifically exposing /system/replication/agents/\{agentName\} can be done with a ResourceProvider or with a hierarchy of shadow nodes. While for agent configuration the shadow nodes make some sense because they contain properties of the configuration and they can be accessed via standard servlets (in /etc/replication) for agent and queue actions/status a shadow hierarchy of nodes will be very unnatural. 

Basically the compromise solution is to create only the root node of the hierarchy and use query params to filter the results.






[1] https://issues.apache.org/jira/browse/SLING-3352




",1392035626007
http://sealytics.github.io/ontologies/release-model#Bug-42ad9d76-8be6-44f7-b6ac-d0d57ba41f68,"patch applied in r 1621286

Thanks!",1409311662476
http://sealytics.github.io/ontologies/release-model#Bug-42ad9d76-8be6-44f7-b6ac-d0d57ba41f68,fixed the additional problem in r 1621289,1409311662476
http://sealytics.github.io/ontologies/release-model#Bug-42ad9d76-8be6-44f7-b6ac-d0d57ba41f68,"uh, spotted another one in the same method - updated patch follows",1409311662476
http://sealytics.github.io/ontologies/release-model#Bug-42ad9d76-8be6-44f7-b6ac-d0d57ba41f68,the impl was synchronized on the wrong object,1409311662476
http://sealytics.github.io/ontologies/release-model#Bug-c66667c8-fd27-42d8-9e79-a0821eb87a87,Fixed in revision 1555048,1388746295577
http://sealytics.github.io/ontologies/release-model#Bug-251926e9-0140-44ee-8bba-61174af826dd,"As stated in the mail thread, I&apos;m against any service returning resources which are not part of the resource tree - as this will create all kinds of problems and bypasses all of Sling&apos;s concepts like resource decorators, resource access security, feature flags - just to name a few.

I&apos;m fine with having  a service which returns a data structure for merged resource, something like:
public interface MergeData {
     String[] getMergedPaths();
     ValueMap getMergedValueMap();
}


with a method

public MergeData merge(String[] paths)

on the service.

If the application wants to go the risky way of wrapping this in a resource, this can be easily done on the app level",1393624985714
http://sealytics.github.io/ontologies/release-model#Bug-251926e9-0140-44ee-8bba-61174af826dd,At this point I think I&apos;m totally confused about what we are trying to achieve - do we have a list of use cases somewhere?,1393624985714
http://sealytics.github.io/ontologies/release-model#Bug-251926e9-0140-44ee-8bba-61174af826dd,"[~bdelacretaz], I believe that there is a desire to merge arbitrary resources. The current implementation only merges resources based on the search-paths, which only covers the &quot;overlay&quot; use-case. IIUC Alex is interested in merging based on the resource-type hierarchy, which would be a different (but equally valid) use-case.

It would be nice to find a way to re-use the same merge-logic for both (and possibly even more) use-cases. This would cut down the implementation effort, as well as promote consistency.

One approach to make this logic useful is by introducing a utility (either static or a service). Carsten fears that merging resource-trees via a utility generates &quot;trees&quot; that are dangling in mid-air (i.e. they are not accessible via the resource resolver, because they are generated ad-hoc).

The approach I propose in my previous comment leaves the resources in the resource-tree (i.e. accessible via the resource resolver). However, following the &quot;don&apos;t call us we&apos;ll call you&quot; design pattern, I propose an extension point that allows Alex to inject the resources he wants merged into the resource-provider implementation, thus achieving re-use of the merge logic.",1393624985714
http://sealytics.github.io/ontologies/release-model#Bug-251926e9-0140-44ee-8bba-61174af826dd,"Would be ok, but it would require a dynamic handler to implement the merge path collection logic, which makes it complicated.

In my view:
- single merger service takes care of merging/patching resource trees
- multiple custom resource providers use it and implement their merge path logic (use sling search path, resource type inheritance plus a sub path such as &quot;dialog&quot; to merge &quot;component dialogs&quot; and what not)

I am fine with a big note in the javadocs that one should only use it in a resource provider with a clearly separate (mounted) path structure.",1393624985714
http://sealytics.github.io/ontologies/release-model#Bug-251926e9-0140-44ee-8bba-61174af826dd,"Well, either MergeData or MergedValueMap is new :)
But I&apos;m fine with either",1393624985714
http://sealytics.github.io/ontologies/release-model#Bug-251926e9-0140-44ee-8bba-61174af826dd,"We&apos;re kind of nitpicking at this point, but MergeData is a totally new concept while MergedValueMap is a small variation on an existing one ;-)",1393624985714
http://sealytics.github.io/ontologies/release-model#Bug-251926e9-0140-44ee-8bba-61174af826dd,"Yes, as I wrote on the list, this would be the normal case and AFAICS only practical way (i.e. once you need to expose this virtual tree over HTTP).",1393624985714
http://sealytics.github.io/ontologies/release-model#Bug-251926e9-0140-44ee-8bba-61174af826dd,"Ok, so why don&apos;t we provide a configurable resource provider then?",1393624985714
http://sealytics.github.io/ontologies/release-model#Bug-251926e9-0140-44ee-8bba-61174af826dd,It would be nice if whoever needs this stuff can briefly document their use cases so that we have all of them in a single place and are not guessing at what other people need. Best is probably a new page under https://cwiki.apache.org/confluence/display/SLING/Index,1393624985714
http://sealytics.github.io/ontologies/release-model#Bug-251926e9-0140-44ee-8bba-61174af826dd,"We love to nitpick, right? :) Ok, so let&apos;s go with MergedValueMap",1393624985714
http://sealytics.github.io/ontologies/release-model#Bug-251926e9-0140-44ee-8bba-61174af826dd,"Ok, what I meant is actually a resource provider factory which gets the same input (or similar) as the service method you&apos;re suggesting, so for every use case it creates a resource provider for exactly this configuration

This would be even more DRY than having the service as you don&apos;t have to write the provider each time",1393624985714
http://sealytics.github.io/ontologies/release-model#Bug-251926e9-0140-44ee-8bba-61174af826dd,"So you&apos;re saying that this service is not used by application code, but by other resource providers that one implements?",1393624985714
http://sealytics.github.io/ontologies/release-model#Bug-251926e9-0140-44ee-8bba-61174af826dd,"In r1622390, added the MergingResourcePicker whiteboard and converted the existing ResourceProvider into a MergingResourcePicker.",1393624985714
http://sealytics.github.io/ontologies/release-model#Bug-251926e9-0140-44ee-8bba-61174af826dd,"[~bdelacretaz] Gilles original patch, the readme has a description of the merge protocol: https://github.com/gknob/sling-resourcemerger

Use case is customer/project content like a UI &quot;patching&quot; a core product UI. For example, just adding a single new button to some content management interface, without having to copy the entire UI and then breaking on the next upgrade. This assumes the out of the box UI is defined under /libs and the customer would patch it at the same path under /apps. (This is the existing use case which is implemented)

Another use case: overlay code (binary files), for example javascript. Core product puts them at /libs/some/path/module.js and customers can overlay it at /apps/some/path/module.js. This is useful if there is a system that concatenates and minifies multiple javascript files and the individual modules should be overlayable (the concatenator will simply use /mnt/overlay + modulepath). (This should work as well, but isn&apos;t verified yet)

The other use case I see soon is to merge UI dialogs of components (resource types). In our CMS we have small components that make up a webpage and each can be configured by an author through a dialog. This dialog is defined in the resource type folder in a &quot;dialog&quot; subtree which describes the UI. Components can be inherited (resource super type) and often you want to add a little feature that also needs a little addition in the dialog. You don&apos;t want to copy the dialog, so the patching approach makes a lot of sense here. In this case, the merge paths would be the resource type hierarchy + the dialog sub node, for example &quot;/apps/project/components/carousel/dialog&quot;, &quot;/apps/project/components/images/dialog&quot;, &quot;/apps/project/components/base/dialog&quot;. (This would not work with the current state, as the service is hardcoded to the sling search path).

More use cases can be made by customers: a project once asked me for a generic &quot;extend&quot; that you can put on some resource and where you can define another resource that you would extend. These would get merged in the same way. This is again an inheritance model where you patch instead of copying everything (and having to maintain the copy to stay in sync with the original). I personally think that&apos;s a bit too generic, but I wouldn&apos;t be surprised if there are new more specific cases like this coming up where you&apos;d build a new resource provider using the merger service to quickly handle that. (This would not work with the current state, as the service is hardcoded to the sling search path).

In all cases you&apos;d have the same merge protocol as described in https://github.com/gknob/sling-resourcemerger",1393624985714
http://sealytics.github.io/ontologies/release-model#Bug-251926e9-0140-44ee-8bba-61174af826dd,The logic for getting the merge paths will be dynamic (say resource types plus a &quot;dialog&quot; child node) and a single provider mounting to different paths seems convoluted.,1393624985714
http://sealytics.github.io/ontologies/release-model#Bug-251926e9-0140-44ee-8bba-61174af826dd,"I disagree. Why would you want to have to implement the MergedResource again and again instead of a single place - it&apos;s not just about the value map but also about resolving the right parent and children.

I don&apos;t get the point about the dangerousness of this returning a Resource - it&apos;s not that the service walks around and pushes resources in the hands of other code. It will be a utility service used by different resource providers, following the DRY principle.",1393624985714
http://sealytics.github.io/ontologies/release-model#Bug-251926e9-0140-44ee-8bba-61174af826dd,"I haven&apos;t followed all the discussions but I like the MergeData proposal, as it makes it very clear what&apos;s happening, without extra magic. I&apos;d just use MergeData.getValueMap() without the redundant &quot;merge&quot; in the name.

Note that merge(String ... paths) could also return a MergedValueMap interface, which extends ValueMap with a getMergedPaths() method - to avoid introducing the completely new MergeData interface.",1393624985714
http://sealytics.github.io/ontologies/release-model#Bug-251926e9-0140-44ee-8bba-61174af826dd,"I did a small change in r1622419 to handle service property updates, the root could be updated/added/removed",1393624985714
http://sealytics.github.io/ontologies/release-model#Bug-251926e9-0140-44ee-8bba-61174af826dd,"[~jsedding] Yes, you are right, that could be an alternative. However, I would say it is more complicated/not intuitive (&quot;the other way around&quot;). You have to configure a separate resource provider (through a factory) with a specific implementation of the MergeResourceSelector service, so these will require a dedicated name to identify them in configuration/service ldap filter, for example &quot;search-path-selector&quot;. Just adding a custom ResourceProvider with plain scr and config seems more straightforward to me.

Also, who says there isn&apos;t at some point later a need for the service independent of a resource provider - maybe hooking it in via decorator etc. could make sense.

BTW, the {{path.startsWith(&apos;/mnt/overlay/&apos;)}} part must be in the resource provider, the selector doesn&apos;t know the mount path (= mergeRootPath in the issue description above).",1393624985714
http://sealytics.github.io/ontologies/release-model#Bug-251926e9-0140-44ee-8bba-61174af826dd,"I think the idea is lingering in the previous comments, but hasn&apos;t explicitly jumped out yet. The logic selecting the resources that should be merged could be factored out into an extension hook. I propose the following interface for discussion:

{code:java}
public interface MergeResourceSelector {
    public Iterable&lt;Resource&gt; selectResourcesToMerge(ResourceResolver resolver, String path);
}                 
{code}      

ResourceProvider instances could be created via factory configurations that allow configuration of the provider root (e.g. /mnt/overlay/) and the &quot;merge-resource-selection-strategy&quot;, i.e. a named implementation of MergeResourceSelector.

WDYT?

PS: the search-path based merge strategy could then be similar to the following (simplified) implementation
{code:java}
public class SearchPathResourceSelector implements MergeResourceSelector {                  

    // TODO: should be dynamically retrieved
    private String[] searchPaths = {&apos;/apps/&apos;, &apos;/libs/&apos;}

    public Iterable&lt;Resource&gt; selectResourcesToMerge(ResourceResolver resolver, String path) {
        final List&lt;Resource&gt; resources = new ArrayList&lt;Resource&gt;();
        if (path.startsWith(&apos;/mnt/overlay/&apos;)) {
            for (final String searchPath : searchPaths) {
                final String resourcePath = path.replace(&apos;/mnt/overlay/&apos;, searchPath);
                final Resource resource = resolver.getResource(resourcePath);
                if (resource != null) {
                    resources.add(resource);
                }
            }
        }                                   
        return resources;
    }
}
{code}",1393624985714
http://sealytics.github.io/ontologies/release-model#Bug-3bab443f-f610-4f3d-b553-8ed1de9a8373,"I have changed the functionality of a transport handler to be a helper class. We should also consider to move it from the public API into implementation.

The helper class allows distribution to multiple endpoints and to poll multiple times an endpoint.",1407401242326
http://sealytics.github.io/ontologies/release-model#Bug-3bab443f-f610-4f3d-b553-8ed1de9a8373,"patch applied in r1616781, I&apos;ll create the RepositoryReplicationPackageImporter.",1407401242326
http://sealytics.github.io/ontologies/release-model#Bug-3bab443f-f610-4f3d-b553-8ed1de9a8373,"thanks Marius, the patch looks good.

The only thing I&apos;m not sure is the removal of the transport API as the originating rationale was that it was good to have a pluggable transport (with pluggable authentication) so that one could for example add other ways of authenticating over HTTP besides simple user/password (e.g. certificate &amp; others).
If we follow up with this patch the _RepositoryTransportHandler_ should be converted into a _ReplicationPackageImporter_.",1407401242326
http://sealytics.github.io/ontologies/release-model#Bug-55da7621-b436-4c9c-8ff4-15699efc2c0e,Fixed in http://svn.apache.org/viewvc?view=revision&amp;revision=r1612554,1406031252792
http://sealytics.github.io/ontologies/release-model#Bug-ec053330-f033-4317-821d-d79324ecca6e,"The issue is both about the multi-valued information not being propagated and about the conversion from a single to a multi-valued property not being properly handled. We need to tackle both, but in the beginning I&apos;d like to handle the conversion from single to multiple, which would fix the error in this particular scenario, and then revisit the ResourceProxy model and add more type information to the properties. Having a simple {{Map&lt;String, Object&gt;}} for the properties was a good start, but we need more. Unfortunately, it&apos;s going to propagate throughout the code base so the refactoring won&apos;t make it in time for 1.0.2 .",1405971090675
http://sealytics.github.io/ontologies/release-model#Bug-ec053330-f033-4317-821d-d79324ecca6e,"* http://svn.apache.org/viewvc?view=revision&amp;revision=1612547 - created a a AddOrUpdateNodeCommand to verify the basic functionality of the command
* http://svn.apache.org/viewvc?view=revision&amp;revision=1612548 - fixed by removing non-multi-valued properties when the property needs to be updated to take multiple values",1405971090675
http://sealytics.github.io/ontologies/release-model#Bug-ec053330-f033-4317-821d-d79324ecca6e,"Thx for checking! I&apos;ve now double-checked my use-case and have a way to work-around, so lowered priority to Major. I&apos;d suggest then to defer it.",1405971090675
http://sealytics.github.io/ontologies/release-model#Bug-3b8c3309-d1e1-4002-becd-f0b307b21324,"Thanks [~bdelacretaz]! I&apos;ve added a version check too, so now the bundle is reinstalled only if there is a version mismatch (no semantic checks, just equals()) or if it&apos;s a SNAPSHOT. Have committed the patch, hence closing this ticket.",1405354323177
http://sealytics.github.io/ontologies/release-model#Bug-3b8c3309-d1e1-4002-becd-f0b307b21324,"Attaching a patch which introduces isInstalled(), uninstallBundle() and does the appropriate checks in installBundle() whether or not to skip the bundle or uninstall/install",1405354323177
http://sealytics.github.io/ontologies/release-model#Bug-3b8c3309-d1e1-4002-becd-f0b307b21324,"Looks good to me. Maybe just add a TODO noting that bundle versions are not taken into account, if an older version of the bundle is installed that will prevent a newer version from being installed.",1405354323177
http://sealytics.github.io/ontologies/release-model#Bug-fce6bef6-e52b-45db-9790-9337a3798795,"[~rombert], I added a check to avoid this exception - but it looks like the Binary property is not handled further down too. Not sure if we want to have this in 1.0 ..",1401199104046
http://sealytics.github.io/ontologies/release-model#Bug-fce6bef6-e52b-45db-9790-9337a3798795,[~egli] - can you give me an example of how such a content structure looks like? I&apos;m not sure what to look for.,1401199104046
http://sealytics.github.io/ontologies/release-model#Bug-fce6bef6-e52b-45db-9790-9337a3798795,"Fixed in http://svn.apache.org/viewvc?view=revision&amp;revision=1600611 . Binary properties are now outright ignored. Unfortunately there isn&apos;t much that I can do here, as we can&apos;t log warnings in low-level, embeddable layers like the vlt serialization layer.

The bulk of the work will be done in SLING-3644 .",1401199104046
http://sealytics.github.io/ontologies/release-model#Bug-fce6bef6-e52b-45db-9790-9337a3798795,a candidate for 1.0.0?,1401199104046
http://sealytics.github.io/ontologies/release-model#Bug-fce6bef6-e52b-45db-9790-9337a3798795,"I&apos;ll look into this soon, thanks.",1401199104046
http://sealytics.github.io/ontologies/release-model#Bug-fce6bef6-e52b-45db-9790-9337a3798795,"Attached a sample content package which contains a property &apos;bin&apos; under /content/appny/home that currently results in a 
{code}
java.lang.IllegalArgumentException: Unknown typeHint value &apos;Binary&apos;
	at org.apache.sling.ide.impl.vlt.serialization.ContentXmlHandler$TypeHint.parsePossiblyTypedValue(ContentXmlHandler.java:251)
	at org.apache.sling.ide.impl.vlt.serialization.ContentXmlHandler.startElement(ContentXmlHandler.java:67)
{code}",1401199104046
http://sealytics.github.io/ontologies/release-model#Bug-4564220e-ec50-44c6-bd64-452804e33999,Setting as critical since it&apos;s really bad from a performance point of view when importing lots of content.,1379113182904
http://sealytics.github.io/ontologies/release-model#Bug-4564220e-ec50-44c6-bd64-452804e33999,Fixed in http://svn.apache.org/viewvc?view=revision&amp;revision=1526713 by setting a session property on imported resources which makes them skipped by the publish process exactly once.,1379113182904
http://sealytics.github.io/ontologies/release-model#Bug-1cbfab54-84a4-40c0-a64a-27a020461d83,Requires changes in the tooling support bundle -&gt; Moving to 1.0.2,1400584323686
http://sealytics.github.io/ontologies/release-model#Bug-6ff756cc-4fab-4da8-a951-5b5639c97802,and here&apos;s the trivial patch,1348818723053
http://sealytics.github.io/ontologies/release-model#Bug-6ff756cc-4fab-4da8-a951-5b5639c97802,fixed in r1391371. thanks for the patch!,1348818723053
http://sealytics.github.io/ontologies/release-model#Bug-dcc9ffed-3b88-4e16-82c7-8c6baf23bc94,"Slightly reworked the fix in http://svn.apache.org/viewvc?view=revision&amp;revision=1602454 . Unfortunately getting the right tests up proved a bit tricky so I skipped that part for now.

[~egli] - can you please cross-check that the updated fix still works for you?",1402388669856
http://sealytics.github.io/ontologies/release-model#Bug-dcc9ffed-3b88-4e16-82c7-8c6baf23bc94,"bq.  can you please cross-check that the updated fix still works for you?
checked, still works fine.",1402388669856
http://sealytics.github.io/ontologies/release-model#Bug-dcc9ffed-3b88-4e16-82c7-8c6baf23bc94,"While this fixes the issue, I believe the we need to adjust it a bit. The reorderChildNodes call should be done since other child nodes down the path are potentially orderable. This can happen for nodes with full coverage and with more than one level of children.

I&apos;ll work on more tests to demonstrate the correct behaviour.",1402388669856
http://sealytics.github.io/ontologies/release-model#Bug-dcc9ffed-3b88-4e16-82c7-8c6baf23bc94,"[~rombert], I&apos;ve committed a fix but would appreciate if you could double-check, thx!",1402388669856
http://sealytics.github.io/ontologies/release-model#Bug-cc66304a-647d-4ba2-9a53-17ce25248d85,Fixed in rev 1613879,1406529345073
http://sealytics.github.io/ontologies/release-model#Bug-ea222f8e-3921-49d1-b357-22c08ba260b6,deprecated ClusterView.getId() and adjusted javadoc accordingly,1381505623261
http://sealytics.github.io/ontologies/release-model#Bug-ea222f8e-3921-49d1-b357-22c08ba260b6,"Reverted deprecation of getId() and instead marked the id as stable.

There&apos;s two special cases to take note of:
 * when an instance joins a cluster, it inherits the new cluster&apos;s cluster id (in this situation the cluster id changes for the joining instance)
 * when instances part from a cluster, the cluster id is retained (in this situation there can be potentially multiple clusters with the same id - hence the cluster id is not unique in this situation. This fact can be used to detect split brain/network partitioning situations)",1381505623261
http://sealytics.github.io/ontologies/release-model#Bug-ea222f8e-3921-49d1-b357-22c08ba260b6,"As the further discussion in [0] evolved, it turned out that ClusterView.getId should not be deprecated but instead be improved and made more stable. Hence this ticket is reopen to adjust the javadoc of ClusterView.getId (discovery.api part). There is a separate ticket, SLING-3195, about the improvement/stabilization of the id in discovery.impl.

[0] - http://markmail.org/message/kf3pydso7eruiwfg",1381505623261
http://sealytics.github.io/ontologies/release-model#Bug-8a78696d-3fc1-4f6d-96e3-5d2eebb3f0c0,"Yes, this works as designed. It&apos;s not important how the value is stored in the JCR - if the property has a single value, thats the json value, if it has more, the json value is an array.
Please consider writing an email to the mailing list for such questions in the future, thanks",1410174585172
http://sealytics.github.io/ontologies/release-model#Bug-8a78696d-3fc1-4f6d-96e3-5d2eebb3f0c0,"In the JCR you know if it&apos;s an array/multi-value property with one value vs. a normal single-value property, so you could make the distinction...",1410174585172
http://sealytics.github.io/ontologies/release-model#Bug-8a78696d-3fc1-4f6d-96e3-5d2eebb3f0c0,"OK, thanks for the quick response!",1410174585172
http://sealytics.github.io/ontologies/release-model#Bug-986e4171-55ed-45d0-b841-0c8651b920cb,Committed experimental query support in r1623664,1410242776537
http://sealytics.github.io/ontologies/release-model#Bug-e188d79c-48d8-4aee-a35f-84f67265a352,fixed in r1625032,1410788127189
http://sealytics.github.io/ontologies/release-model#Bug-a3aeff28-11fb-4149-81a9-b692ed662e79,"I&apos;ve implemented a possible fix at:
https://github.com/tteofili/sling/compare/apache:trunk...sling-3140.patch
 by catching such failures and using commons-lang&apos;s ArrayUtils#toObject method to explicitly convert primitive types arrays.
",1380610142723
http://sealytics.github.io/ontologies/release-model#Bug-a3aeff28-11fb-4149-81a9-b692ed662e79,[~teofili] Thanks for the patch - what about first doing all the instanceof tests and as a default case casting to Object[] array instead of catching the exception and then doing the checks?,1380610142723
http://sealytics.github.io/ontologies/release-model#Bug-a3aeff28-11fb-4149-81a9-b692ed662e79,"Thanks for your updated patch, Tommas. It&apos;s applied",1380610142723
http://sealytics.github.io/ontologies/release-model#Bug-a3aeff28-11fb-4149-81a9-b692ed662e79,"yeah, thanks [~cziegeler], it makes sense, patch updated at https://github.com/tteofili/sling/compare/apache:trunk...sling-3140.patch",1380610142723
http://sealytics.github.io/ontologies/release-model#Bug-2ff94b56-a842-4a17-b693-56d9ff1e5c9f,Rather than providing a default value for each primitive value we should in that case not inject at all.,1408542596596
http://sealytics.github.io/ontologies/release-model#Bug-2ff94b56-a842-4a17-b693-56d9ff1e5c9f,"hmm, but with the changes to the implementation that patch is no longer correct and breaks existing behavior - if the fields use the wrapper instead of the primitive type it&apos;s initialized with 0 and not null when missing and optional.

attached is a patch that updates the unit tests that show the problematic behavior.
[^140820_SLING-3863_additional_unit_tests.patch]",1408542596596
http://sealytics.github.io/ontologies/release-model#Bug-2ff94b56-a842-4a17-b693-56d9ff1e5c9f,Thanks. I neglected to account for that case. It is fixed now in r1619212.,1408542596596
http://sealytics.github.io/ontologies/release-model#Bug-2ff94b56-a842-4a17-b693-56d9ff1e5c9f,"Thanks Stefan. I modified the patch a bit and applied it in r1619199. I found the two Type parameters a bit confusing, so instead I have the Callback object decide whether or not the initial primitive value should be injected.",1408542596596
http://sealytics.github.io/ontologies/release-model#Bug-2ff94b56-a842-4a17-b693-56d9ff1e5c9f,"why? the field/parameter is marked explicitly as &quot;@Optional&quot;, so failing the injection is not what the user expects.",1408542596596
http://sealytics.github.io/ontologies/release-model#Bug-2ff94b56-a842-4a17-b693-56d9ff1e5c9f,"Sorry, did not read carefully enough. So you only talk about interfaces and constructor injection. Yes, then we indeed need to provide the default values.",1408542596596
http://sealytics.github.io/ontologies/release-model#Bug-467d83ea-208a-4d64-931a-66eee0791aea,Fixed by unwrapping the exception for as long as it is a SlingException,1381226422349
http://sealytics.github.io/ontologies/release-model#Bug-e5d02c0e-a8c8-4f2f-8eea-eeca83c16ab7,Fixed in http://svn.apache.org/viewvc?view=revision&amp;revision=1597792,1401203500517
http://sealytics.github.io/ontologies/release-model#Bug-2b1b7ec3-6f2e-4878-9aa7-629ab5e6727f,"I have analyzed potential ways to alter this behavior. Removing the extension(s) during the split() or during the resolution phase later on has undesired side effects (i.e., bugs). For instance, the ResourceProviderEntry infers semantics from the number of elements resolved:

{code:java}
// query: /libs/sling/servlet/default
// resource Provider: libs/sling/servlet/default/GET.servlet
// list will match libs, sling, servlet, default
// and there will be no resource provider at the end
if (entries.size() &gt; 0 &amp;&amp; entries.size() == elements.length) {
	if (entries.get(entries.size() - 1).getResourceProviders().length == 0) {
		logger.debug(&quot;Resolved Synthetic {}&quot;, fullPath);
		return new SyntheticResource(resourceResolver, fullPath, ResourceProvider.RESOURCE_TYPE_SYNTHETIC);
	}
}
{code}

I believe the underlying issue is a lack of distinction between the lookup path (created by the ResourceResolverImpl using a ResourcePathIterator) and the original path as passed to the ResourceResolver. In my opinion, the original path should be preserved and passed to the resolver obtained via the path created by the ResourcePathIterator.

I have modified the ResourceResolverImpl to this extend, and ran both the unit tests and some integration tests against a CMS project using Sling - so far I spotted no error. However, this is a very sensitive change and must be reviewed with care.",1389858401977
http://sealytics.github.io/ontologies/release-model#Bug-2b1b7ec3-6f2e-4878-9aa7-629ab5e6727f,patchfile adding original path preservation to the resource resolver,1389858401977
http://sealytics.github.io/ontologies/release-model#Bug-2b1b7ec3-6f2e-4878-9aa7-629ab5e6727f,"As described in http://markmail.org/message/eshsevv7gqwr5p2r, this is not a bug.

If the provider root is /content/test/root, it should never be asked for /content/test/root.html as that is not a child of /content/test/root.",1389858401977
http://sealytics.github.io/ontologies/release-model#Bug-e4b67601-8c5f-4eba-93ce-442e81f3a2c3,"I am out of office, back on June 22.

regards

antonio


",1401801809006
http://sealytics.github.io/ontologies/release-model#Bug-e4b67601-8c5f-4eba-93ce-442e81f3a2c3,"Updated component to be Engine (since this happens to be an issue in the HttpServletRequest.getUserPrincipal() implementation of the Engine.

The fix version includes the next Engine bundle for the ResourceResolver.adaptTo(Principal) call and the next JCR Resource bundle for the Principal adapter implementation.",1401801809006
http://sealytics.github.io/ontologies/release-model#Bug-e4b67601-8c5f-4eba-93ce-442e81f3a2c3,fixed in rev. 1600814. Thanks [~fmeschbe] for hinting me the right solution,1401801809006
http://sealytics.github.io/ontologies/release-model#Bug-263a2bc2-ebd0-4034-ab52-4d22bfd6f25a,"Thanks for reporting this, I&apos;ve made the classes now package private again and added a comment why this is needed.
This required to move one class (adapter factory) and adding a test resource class to circumvent the package private modifier",1390927135844
http://sealytics.github.io/ontologies/release-model#Bug-263a2bc2-ebd0-4034-ab52-4d22bfd6f25a,"It seems, at some point of time we added public back as the modifier for those classes",1390927135844
http://sealytics.github.io/ontologies/release-model#Bug-aa364656-d9ed-41f8-9f09-95332713e849,Fixed in http://svn.apache.org/r1584648,1396616724901
http://sealytics.github.io/ontologies/release-model#Bug-72f37bb9-e70c-41fb-9380-60d53b88f332,"Sorry, I thought all dots get escaped by Text.escapeIllegalJcrChars. But most work, only using &quot;node/../prop&quot; doesn&apos;t work.

Added attachment SLING-2425-test-dots.patch which adds tests with &quot;./prop&quot; &quot;node/prop&quot; and &quot;node/../prop&quot; where the last one currently fails.",1329844368165
http://sealytics.github.io/ontologies/release-model#Bug-72f37bb9-e70c-41fb-9380-60d53b88f332,There is no solution to that - I was talking about the inconsistency between read() and readFully(),1329844368165
http://sealytics.github.io/ontologies/release-model#Bug-72f37bb9-e70c-41fb-9380-60d53b88f332,"I&apos;ve committed a first implementation in revision 1325221 which basically works like Felix has outlined
I&apos;ll leave this bug open for further comments / testing",1329844368165
http://sealytics.github.io/ontologies/release-model#Bug-72f37bb9-e70c-41fb-9380-60d53b88f332,The ISO9075 encoding was introduced with SLING-1077.,1329844368165
http://sealytics.github.io/ontologies/release-model#Bug-72f37bb9-e70c-41fb-9380-60d53b88f332,For the backwards compatible manner: I fear that this testing decreases performance for reading as each and every property has to be checked. But maybe this can be done in a fast manner.,1329844368165
http://sealytics.github.io/ontologies/release-model#Bug-72f37bb9-e70c-41fb-9380-60d53b88f332,"+1 for keeping it consistent
+1 for using org.apache.jackrabbit.util.Text#escapeIllegalJcrChars()  as escaping, as the application does not know it the resource is backed by JCR or something else.",1329844368165
http://sealytics.github.io/ontologies/release-model#Bug-72f37bb9-e70c-41fb-9380-60d53b88f332,The changes introduced a regression: see SLING-2502.,1329844368165
http://sealytics.github.io/ontologies/release-model#Bug-72f37bb9-e70c-41fb-9380-60d53b88f332,"I think encoding is absolutely required. The application does not have to care about whether and how the persistence layer supports the property names. The ValueMap implementation has to cope with this properly and transparently.

However, if the Jackrabbit suggested way of encoding is not ISO 9075 but Jackrabbit&apos;s own encoding, then we should abide by this rule. Yet, there is another text on encoding: Section 3.2.5.4, Exposing Non-JCR Names, of the JCR 2 spec. Extrapolating from that, yet another encoding might be stipulated using private-use Unicode characters...

Can we not handle this in a backwards compatible manner ?

  * When creating properties, the Jackrabbit encoding is used
  * When updating properties: either the Jackrabbit encoding isued (removing the property with the old encoding)
  * When deleting properties, we use the encoding of the original property
  * When reading with read all we check the encoding:
       - if the string contains /_x[0-9a-fA-F]{4}_/ then use ISO decoding
       - if the string contains /%[0-9a-fA-F]{2}/ then use Jackrabbit decoding
       - else don&apos;t decode at all
  * When reading an uncached value both encodings should be tried

Of course, the internal read and readall methods should behave the same - support whatever encoding is used in the repository but internally cache un-encoded. I do not understand where your problem really is here (you didn&apos;t fully disclose it).

As for documentation: This behaviour should probably be documented in the JcrPropertyMap class exposed from the JCR Resource bundle.",1329844368165
http://sealytics.github.io/ontologies/release-model#Bug-72f37bb9-e70c-41fb-9380-60d53b88f332,"We explicitly had to add the encoding (therefore SLING-1077) as many apps where already relying on this behaviour and without it completely broke. So we can&apos;t change the escaping part

I&apos;ll look into the inconsistency problem",1329844368165
http://sealytics.github.io/ontologies/release-model#Bug-72f37bb9-e70c-41fb-9380-60d53b88f332,Maybe we&apos;re talking about different things or I got you wrong. Can you post/add a test which shows the problem?,1329844368165
http://sealytics.github.io/ontologies/release-model#Bug-72f37bb9-e70c-41fb-9380-60d53b88f332,"Just checked the latest resource.jcr release. The test fail there as well, therefore I&apos;m now closing this",1329844368165
http://sealytics.github.io/ontologies/release-model#Bug-72f37bb9-e70c-41fb-9380-60d53b88f332,"But mixing the Resource/ValueMap and JCR APIs is normal with Sling, especially considering the Sling POST servlet, which uses JCR directly and does not adhere to these escaping rules.

Also, there is no limitation in JCR which this escaping fixes - as mentioned, this is the wrong escaping if any, as it reduces the allowed charset! ISO9075 is for xml (xpath queries), but not fir JCR paths.

Furthermore the escaping is not documented in the API at all.

What was the exact problem that lead to this?",1329844368165
http://sealytics.github.io/ontologies/release-model#Bug-72f37bb9-e70c-41fb-9380-60d53b88f332,"BTW, this made me crazy while debugging: looking up an existing &quot;-foo&quot; property failed in my case, but when I stepped through the code, it worked.

It turned out that since the ValueMap is a Map, it is specifically handled in my IDE&apos;s debugging inspector and it calls at least size() automatically - which triggers a readFully(), while the normal code path just yields an individual read() call.",1329844368165
http://sealytics.github.io/ontologies/release-model#Bug-72f37bb9-e70c-41fb-9380-60d53b88f332,"For the paths, &quot;.&quot; and &quot;..&quot; have never been handled before either - so I think we are fine",1329844368165
http://sealytics.github.io/ontologies/release-model#Bug-72f37bb9-e70c-41fb-9380-60d53b88f332,"I had a quick look at the code. Generally it looks good wrt to the backwards compatibility and unit tests present. Only the case if the name is a path looks fragile with the custom parsing. For sure it does not catch relative path steps such as &quot;.&quot; or &quot;..&quot;, they will get escaped incorrectly.

Looking at that I think that not doing any encodings in the value map layer is much simpler - this encoding logic can get endlessly complex and I guess there will always be a case where it fails if the application cannot decide what to do (e.g. escape &quot;/&quot; or not).",1329844368165
http://sealytics.github.io/ontologies/release-model#Bug-72f37bb9-e70c-41fb-9380-60d53b88f332,"Sorry if my original description was unclear. The issue I have is that I can&apos;t read certain properties via the ValueMap, that can be created using the JCR API and the Sling POST servlet:

1. create properties:

curl -u admin:admin -F &quot;-prop=value&quot; -F &quot;1prop=value&quot; http://localhost:8080/tmp

2. try to read them:

ValueMap map = resolver.getResource(&quot;/tmp&quot;).adaptTo(ValueMap.class);
map.get(&quot;-prop&quot;, String.class); // fails, returns null
map.get(&quot;1prop&quot;, String.class); // fails, returns null

My current workaround (due to the fact that the encoding is not done in the cached variant):

// right after fetching the map
map.size(); // triggers readFully() internally
map.get(&quot;1prop&quot;, String.class); // returns &quot;value&quot;

Property names starting with &quot;-&quot; or numbers are affected (and more). (Agree this is a rare case, but in our use case we need to resort to a specific naming to separate these properties from others. And these are perfectly valid in JCR.)",1329844368165
http://sealytics.github.io/ontologies/release-model#Bug-72f37bb9-e70c-41fb-9380-60d53b88f332,"Thanks Alex,

ok, it&apos;s clear that we should only encode if there is a need to encode and obviously the encoding should either be applied always or never and not depend on side effects.
I guess/fear we have to do something like Felix suggests earlier on in order to a) get this right and b) be compatible",1329844368165
http://sealytics.github.io/ontologies/release-model#Bug-72f37bb9-e70c-41fb-9380-60d53b88f332,"As Tobi points out, the app does not know what the backend is, so we need to escape internally and not in the app.

The exact problem was that users simply used key names containing illegal jcr chars 

I see the point that we use the wrong escaping - however from an app perspective it doesn&apos;t matter. It&apos;s ugly if you access the content in a different way. The problem I see is that we can&apos;t change the encode without getting incompatible (or maybe I&apos;m wrong)",1329844368165
http://sealytics.github.io/ontologies/release-model#Bug-72f37bb9-e70c-41fb-9380-60d53b88f332,"And rethinking this, the escaping in general is good - the app should not have to care about limitations in the underlying storage. And as long as one is using a single API there is no problem with that approach. As soon as people start mixing APIs it gets messy.",1329844368165
http://sealytics.github.io/ontologies/release-model#Bug-72f37bb9-e70c-41fb-9380-60d53b88f332,How do you think the inconsistency can be resolved when using the JCR API as well?,1329844368165
http://sealytics.github.io/ontologies/release-model#Bug-72f37bb9-e70c-41fb-9380-60d53b88f332,"&gt; I see the point that we use the wrong escaping - however from an app perspective it doesn&apos;t matter. It&apos;s ugly if you access the content in a different way.

It&apos;s impossible to access properties (or child node properties) that contain chars escaped by ISO9075, for example &quot;some-property&quot;. This is the major issue - my current workaround is to force the readFully() variant, in which it works because of the inconsistency.

IMHO fixing this escaping is more important than backwards compatibility. Code relying on that (undocumented feature) would need to be adapted, using the ISO9075 encoding themselves before accessing ValueMap.",1329844368165
http://sealytics.github.io/ontologies/release-model#Bug-72f37bb9-e70c-41fb-9380-60d53b88f332,"But the test failed before as well, right?",1329844368165
http://sealytics.github.io/ontologies/release-model#Bug-a18f3a5f-30ff-40a0-bdc5-21d07e6428fc,"Attached patch.

The fix from the original issue enabled the call to {{Loader#installContent(...)}} but seems to have missed that there is another check there.",1401973167379
http://sealytics.github.io/ontologies/release-model#Bug-a18f3a5f-30ff-40a0-bdc5-21d07e6428fc,"Cloning this issue as it still seems to exist.

Steps to reproduce:
# Start Sling.
# Install a bundle with initial content.
# Stop the Content Loader bundle.
# Uninstall the bundle installed above.
# Start the Content Loader bundle.
# Install the same bundle with modified initial content.

The modified initial content will not be loaded, even if the bundle version was modified as well.",1401973167379
http://sealytics.github.io/ontologies/release-model#Bug-a18f3a5f-30ff-40a0-bdc5-21d07e6428fc,"Thanks for your contribution, committed in r1607658",1401973167379
http://sealytics.github.io/ontologies/release-model#Bug-dcf6a315-1e54-4e9f-b1ff-94b5259df16c,Reopeing the issue as error message is seen in few cases,1378708035931
http://sealytics.github.io/ontologies/release-model#Bug-dcf6a315-1e54-4e9f-b1ff-94b5259df16c,Issue not seen since patch has been applied in rev1520970. Resolving it as fixed,1378708035931
http://sealytics.github.io/ontologies/release-model#Bug-dcf6a315-1e54-4e9f-b1ff-94b5259df16c,Updated the logic in [r1566597|http://svn.apache.org/r1566597] to be more robust,1378708035931
http://sealytics.github.io/ontologies/release-model#Bug-dcf6a315-1e54-4e9f-b1ff-94b5259df16c,applied patch in revision: 1520970,1378708035931
http://sealytics.github.io/ontologies/release-model#Bug-dcf6a315-1e54-4e9f-b1ff-94b5259df16c,"Logback would log a warning if no appender is found when a log message is received. During reset there is a small window where no appenders would be present and such a warning is fine.

LogbackManager accounts for such scenario by recording the time &apos;resetStartTime&apos; at which reset happened. By that time it ensures a default console appender is attached to root. It only logs the warning if such a message is found *after* resetStartTime. However its possible that in same millisecond a log message arrives so suh filtering would fail.

To account for that we now add a millisecond extra so as to ensure the &apos;resetStartTime&apos; reflects the time by which a console appender has been attached to the root logger. Any warn message after the resetStartTime would trigger log at console

Also set the default log level for root logger to INFO",1378708035931
http://sealytics.github.io/ontologies/release-model#Bug-dcf6a315-1e54-4e9f-b1ff-94b5259df16c,In some cases such logs would be observed and cannot be avoided. These are handled in a better way with SLING-3410,1378708035931
http://sealytics.github.io/ontologies/release-model#Bug-3c3bcb35-ba2d-42ba-8d9b-4f4d4d78b707,"I think once SLING-2477 is implemented we should:
- if a configuration is read from a config node, changed and then written back, it should be written back to a config node again
- if a configuration is read from a file, changed and then written back, it should be written back to a config file again
- we add a configuration property which defines whether new configurations are written back as a config node or a config file
- for me, it doesn&apos;t matter what the default of that property is, I guess many people will vote for config nodes, so let&apos;s use that",1361855159951
http://sealytics.github.io/ontologies/release-model#Bug-638e6150-d1b3-429a-b766-09382f5533d1,fixed in r1616478.,1407414368676
http://sealytics.github.io/ontologies/release-model#Bug-6c35a628-34ac-438f-85bc-69f2f6e3e06f,"Hi Eric,

Thanks for raising this issue - it&apos;s entirely correct that your experience is not the best one. To give you a little more background, the Sling download - the Sling Launchpad - is an aggregate release of many bundles and artifacts, including the base launchpad. SLING-2348 was filed against the base launchpad and fixed, but we never did a full release of the Sling Launchpad 7 which is expected to work against Java 7 and 8.

To run the Sling launchpad, either use Java 6 for the official Sling Launchpad 6 download , or build the latest svn trunk version according to [Getting and building Sling|http://sling.apache.org/documentation/development/getting-and-building-sling.html] . This trunk version will work just fine with Java 7, and should work with Java 8 as well.

Robert",1380888307345
http://sealytics.github.io/ontologies/release-model#Bug-6c35a628-34ac-438f-85bc-69f2f6e3e06f,"Adding a note about that is an option, I&apos;ve started a discussion at http://sling.markmail.org/thread/miuo36tnb65vp3ov . Let&apos;s see what the other developers think as well.",1380888307345
http://sealytics.github.io/ontologies/release-model#Bug-6c35a628-34ac-438f-85bc-69f2f6e3e06f,"Indeed it works with java6. Hopefully I still had an old jdk6 installed too.
The best for now would probably to add a small warning saying that the launchpad-6 jar does not work on jdk&gt;=7,
until there is a more recent build availaible, no ?
Thanks,
Eric",1380888307345
http://sealytics.github.io/ontologies/release-model#Bug-792f473f-3cdc-4fc1-9251-d8132678a598,"Thanks for the patch, Florentin. It&apos;s applied",1366225143592
http://sealytics.github.io/ontologies/release-model#Bug-792f473f-3cdc-4fc1-9251-d8132678a598,"Tenant 1.0 has been released, hence closing issues now.",1366225143592
http://sealytics.github.io/ontologies/release-model#Bug-7948bf10-d88b-476b-8174-306e44db783c,r1606657,1404120979797
http://sealytics.github.io/ontologies/release-model#Bug-a3f196d0-b37c-4b5b-82ae-1a2e1fff3697,Added an extra existence check before starting the copying,1367213901979
http://sealytics.github.io/ontologies/release-model#Bug-088ece64-c8cc-4745-9d4b-826612229de7,increased default heartbeat timeout to 45s (3x interval),1373615842924
http://sealytics.github.io/ontologies/release-model#Bug-088ece64-c8cc-4745-9d4b-826612229de7,PS: You could run into the situation (under load) where a node enters/leaves/enters in a loop - due to the high load not propagating the heartbeats in time in a cluster.,1373615842924
http://sealytics.github.io/ontologies/release-model#Bug-9cc6be54-e6ce-4deb-b31f-30054186c9b6,Thanks [~bdelacretaz] and [~sseifert@pro-vision.de]. The patch looks good. Sorry I missed this issue.,1409078762208
http://sealytics.github.io/ontologies/release-model#Bug-9cc6be54-e6ce-4deb-b31f-30054186c9b6,"Thanks for your patch, committed in http://svn.apache.org/r1621267 , the tests pass now.

[~justinedelson] could you review the patch and mark this issue resolved if you&apos;re ok with it? I&apos;m not familiar with that modules&apos; code.",1409078762208
http://sealytics.github.io/ontologies/release-model#Bug-9cc6be54-e6ce-4deb-b31f-30054186c9b6,"patch attached.

reason was a change when the adaptable itself is injected - this is done for annotated constructor and interface injection now only when explicitely @Self is used. ",1409078762208
http://sealytics.github.io/ontologies/release-model#Bug-9cc6be54-e6ce-4deb-b31f-30054186c9b6,[~justinedelson] - perhaps the test failures ring a bell for you?,1409078762208
http://sealytics.github.io/ontologies/release-model#Bug-9cc6be54-e6ce-4deb-b31f-30054186c9b6,"assumed reason:
{noformat}
29.08.2014 10:36:15.712 *WARN* [qtp1897049143-42] org.apache.sling.models.impl.ModelAdapterFactory Required methods [public abstract org.apache.sling.api.resource.Resource org.apache.sling.models.it.models.InterfaceInjectionTestModel.getResource()] on model interface interface org.apache.sling.models.it.models.InterfaceInjectionTestModel were not able to be injected.
29.08.2014 10:36:15.712 *WARN* [qtp1897049143-42] org.apache.sling.models.impl.ModelAdapterFactory Required methods [public abstract org.apache.sling.api.resource.Resource org.apache.sling.models.it.models.InterfaceInjectionTestModel.getResource()] on model interface interface org.apache.sling.models.it.models.InterfaceInjectionTestModel were not able to be injected.
29.08.2014 10:36:15.728 *WARN* [qtp1897049143-42] org.apache.sling.models.impl.ModelAdapterFactory Required constructor parameters [Parameter2[interface org.apache.sling.api.resource.Resource]] on model class class org.apache.sling.models.it.models.ConstructorInjectionTestModel were not able to be injected.
29.08.2014 10:36:15.728 *WARN* [qtp1897049143-42] org.apache.sling.models.impl.ModelAdapterFactory Required constructor parameters [Parameter2[interface org.apache.sling.api.resource.Resource]] on model class class org.apache.sling.models.it.models.ConstructorInjectionTestModel were not able to be injected.
{noformat}

i&apos;ll have a look into it.",1409078762208
http://sealytics.github.io/ontologies/release-model#Bug-899559b0-f47f-40b9-9105-7f2a5284f944,"Thanks for your patch, Stefan. It&apos;s applied",1408052445451
http://sealytics.github.io/ontologies/release-model#Bug-201bb422-65e0-4678-8da0-bea8ae4614a3,Fixed in http://svn.apache.org/viewvc?view=revision&amp;revision=r1596547 .,1400670507840
http://sealytics.github.io/ontologies/release-model#Bug-7d6ebc49-3431-46cd-bb3e-477cf31950ea,"[~asanso] Patch looks good to me, except :) arent there constants for &quot;sling:vanityPath&quot; and &quot;sling:alias&quot; ?",1404140060557
http://sealytics.github.io/ontologies/release-model#Bug-7d6ebc49-3431-46cd-bb3e-477cf31950ea,"the issue here is that session.move() doesn&apos;t carry resourceAddedAttributes properties. This is tracked in SLING-2529.

I have attached here a proposed patch I would like to apply. Once SLING-2529 is solved I can improved this part of the code (I am going to open a new issue that is blocked by SLING-2529 ).

Until then I would like to apply this patch [~cziegeler] [~justinedelson] might ypu please give a look at the patch? :)
",1404140060557
http://sealytics.github.io/ontologies/release-model#Bug-7d6ebc49-3431-46cd-bb3e-477cf31950ea,attaching proposed patch,1404140060557
http://sealytics.github.io/ontologies/release-model#Bug-7d6ebc49-3431-46cd-bb3e-477cf31950ea,I have opened SLING-3791,1404140060557
http://sealytics.github.io/ontologies/release-model#Bug-7d6ebc49-3431-46cd-bb3e-477cf31950ea,fixed in rev. 1613407 and r1613415,1404140060557
http://sealytics.github.io/ontologies/release-model#Bug-7d6ebc49-3431-46cd-bb3e-477cf31950ea,"bq. patch looks good to me, 

thanks

bq.  arent there constants for &quot;sling:vanityPath&quot; and &quot;sling:alias&quot; ?

I will give a look. if not i will create one and I will change the code accordingly.. :)",1404140060557
http://sealytics.github.io/ontologies/release-model#Bug-d6b38b6d-428d-43c9-acb4-3044f4a969ed,"[~chetanm]  The output I get is:

org.apache.sling.event (3.3.5.SNAPSHOT) - Classloader Count [2] 
     - Bundle Id - 137 
     - Leaked classloaders 
         - Identity HashCode - 603863fc, Creation time 19.02.2014 15:51:18.764 

How can I make more sense out of this?",1392014200893
http://sealytics.github.io/ontologies/release-model#Bug-d6b38b6d-428d-43c9-acb4-3044f4a969ed,"I&apos;ve committed some changes, basically now the interrupt flag is reset and in some cases the running flag is changed.
What&apos;s the easiest way to find out if that fixes the problem?",1392014200893
http://sealytics.github.io/ontologies/release-model#Bug-d6b38b6d-428d-43c9-acb4-3044f4a969ed,"Looking at the thread dump, there is no thread hanging in Sling eventing anymore, however the above entry is printed.
Does this mean that another bundle holds the class loader?",1392014200893
http://sealytics.github.io/ontologies/release-model#Bug-d6b38b6d-428d-43c9-acb4-3044f4a969ed,Not sure on easy way. You can possibly try refreshing the Event bundle multiple times and then use the Classloader Leak Detector (SLING-3359) to see if it highlights any leak,1392014200893
http://sealytics.github.io/ontologies/release-model#Bug-a3cccefe-d641-4da1-b9c7-ad968c07eec6,"Thanks for reporting, yes that seems to be a left over. I&apos;ve removed it and added a redirect from the old to the new page",1386932829930
http://sealytics.github.io/ontologies/release-model#Bug-44190024-aa2c-4e2b-845d-0c683a679b01,Looks like the event is processed before the resource is visible in the session.,1403878442423
http://sealytics.github.io/ontologies/release-model#Bug-44190024-aa2c-4e2b-845d-0c683a679b01,Introduced by SLING-3505.,1403878442423
http://sealytics.github.io/ontologies/release-model#Bug-44190024-aa2c-4e2b-845d-0c683a679b01,Great [~justinedelson]. I tested this and it works perfectly. Thanks.,1403878442423
http://sealytics.github.io/ontologies/release-model#Bug-44190024-aa2c-4e2b-845d-0c683a679b01,"It seems that under high load, the oak refresh time of 1 second for non-observation sessions isn&apos;t sufficient. I fixed this in r1606130 by forcing a refresh when a processable change occurs. While this adds a bit of inefficiency, since the change in SLING-3505 dramatically *increased* efficiency, I think this is OK.",1403878442423
http://sealytics.github.io/ontologies/release-model#Bug-42080596-d60a-4fd6-a283-7cddc6a868ba,Committed in r1579213,1395148028817
http://sealytics.github.io/ontologies/release-model#Bug-42080596-d60a-4fd6-a283-7cddc6a868ba,"I have updated the ResourceResolver to use the value returned by the ProviderResourceAccessSecurity service when evaluating the restrictions imposed by ApplicationResourceAccessSecurity.

I have also updated the corresponding integration test to reflect the correct behavior.",1395148028817
http://sealytics.github.io/ontologies/release-model#Bug-42080596-d60a-4fd6-a283-7cddc6a868ba,"The issue I described in [1], can be solved by SLING-3462.

But you&apos;re patch addresses another issue:
The question is how should ResourceAccessSecurity behave if for a resource from a provider with the useResourceAccessSecurity flag set matches registered ResourceAccessGates for provider and application context. Should they logically &quot;ANDed&quot; or &quot;ORed&quot;. By now the behavour is inconsistent: It will be &quot;ORed&quot; if the provider context does not deny the access, otherwise &quot;ANDed&quot;.

I think AND woould be more secure and therefore less errorprone.

I will check your Patch and maybe add some more Tests for this case.

[1] http://markmail.org/message/b2ksm2f3lox6l6vh",1395148028817
http://sealytics.github.io/ontologies/release-model#Bug-42080596-d60a-4fd6-a283-7cddc6a868ba,"Thank you for the patch, applied it in r1579213",1395148028817
http://sealytics.github.io/ontologies/release-model#Bug-c23eea2e-f3b8-4aa4-8fe5-00798475cc36,"I can&apos;t tell for sure, but I think this is related to DS. We should wait for the 1.8 release and see whether that solves the problem",1382520471448
http://sealytics.github.io/ontologies/release-model#Bug-fe1aafb8-bb71-4525-8a04-06129c18e122,Fixed in rev 1613898,1406530969826
http://sealytics.github.io/ontologies/release-model#Bug-253934bc-203a-4151-96e1-d4b7c76209a1,"I was able to reproduce the problem with a slightly different content structure. Starting with:

{code}
mapping [sling:Mapping]
\- jcr:content [nt:unstructured]
 \- par [nt:unstructured]
  \- folder [sling:Folder] 
{code}

delete the {{mapping/_jcr_content}} folder. ",1404725934651
http://sealytics.github.io/ontologies/release-model#Bug-253934bc-203a-4151-96e1-d4b7c76209a1,Reopening as [~egli] has noticed a situation where this is not handled properly,1404725934651
http://sealytics.github.io/ontologies/release-model#Bug-253934bc-203a-4151-96e1-d4b7c76209a1,Fixed a possible infinite loop in http://svn.apache.org/viewvc?view=revision&amp;revision=1611171,1404725934651
http://sealytics.github.io/ontologies/release-model#Bug-253934bc-203a-4151-96e1-d4b7c76209a1,"[~rombert], looks good now, thx!",1404725934651
http://sealytics.github.io/ontologies/release-model#Bug-253934bc-203a-4151-96e1-d4b7c76209a1,"bq. I&apos;m not sure this example is correct.
I&apos;ve attached a sample (partial!) zip which contains the two .content.xml that I&apos;ve played around with. I do get that structure starting with &apos;grandpa&apos; aggregated into one .content.xml though..",1404725934651
http://sealytics.github.io/ontologies/release-model#Bug-253934bc-203a-4151-96e1-d4b7c76209a1,"* http://svn.apache.org/viewvc?view=revision&amp;revision=1608772 - simplified repository API for deleting nodes
* http://svn.apache.org/viewvc?view=revision&amp;revision=1608773 - when resource data is found in a covering parent on a resource delete,  generate an add/update operation instead.

[~egli] - with the above changes, folder deletion should no longer be problematic, given that the parent&apos;s .content.xml is changed beforehand. Can you please cross-check?",1404725934651
http://sealytics.github.io/ontologies/release-model#Bug-253934bc-203a-4151-96e1-d4b7c76209a1,"Thanks for confirming, resolving as fixed.",1404725934651
http://sealytics.github.io/ontologies/release-model#Bug-253934bc-203a-4151-96e1-d4b7c76209a1,"[~egli] - I&apos;m not sure this example is correct. When a nt:unstructured folder is serialized to disk, it _must_ have a .content.xml file, at least according to https://jackrabbit.apache.org/filevault/vaultfs.html#Generic_aggregates . ",1404725934651
http://sealytics.github.io/ontologies/release-model#Bug-253934bc-203a-4151-96e1-d4b7c76209a1,Resolving again as fixed since the underlying problem is a different one - see SLING-3768,1404725934651
http://sealytics.github.io/ontologies/release-model#Bug-650aca7f-400d-4d1c-8883-e24d72460bb8,"Fixed the issue with [r1541482|http://svn.apache.org/r1541482]

Following formats are supported
*  -Da1=b1 -Da2=b2
* -D a1=b1 -D a2=b2
 ",1383663342663
http://sealytics.github.io/ontologies/release-model#Bug-650aca7f-400d-4d1c-8883-e24d72460bb8,"Patch to handle multiple options. This patch support specifying property like {{-Da1=b1 -Da2=b2}} which matches the style used to specify the system properties in Java command line

If required support can also be added for documented way of {{-D a1=b1 -D a2=b2}}",1383663342663
http://sealytics.github.io/ontologies/release-model#Bug-650aca7f-400d-4d1c-8883-e24d72460bb8,"Thanks for the patch.

And yes, I think we should support both variants &quot;-Da=b&quot; and &quot;-D a=b&quot;.

[~bdelacretaz] I think we should stick with -D because we always had this and other Java apps to the same. Changing this might be even more confusing and using -F might even be confused with -f for the log file.

",1383663342663
http://sealytics.github.io/ontologies/release-model#Bug-650aca7f-400d-4d1c-8883-e24d72460bb8,"I don&apos;t have a very strong opinion about -D or -F, as long as those who vote for -D take the burden of explaining that when people get in trouble with &quot;java -Da=b -jar some.jar -Da=c&quot; ;-)",1383663342663
http://sealytics.github.io/ontologies/release-model#Bug-650aca7f-400d-4d1c-8883-e24d72460bb8,"Fine would go with {{-F}} option

[~fmeschbe] and [~cziegeler] Can you also have a look and comment. Would like to commit it by tomorrow ",1383663342663
http://sealytics.github.io/ontologies/release-model#Bug-650aca7f-400d-4d1c-8883-e24d72460bb8,"I think requiring -Da=b without spaces is fine if that makes things simpler, as long as -D a=b with spaces produces a useful error message.

And actually using -F instead of -D would be better to prevent confusion, otherwise you can have confusing command lines like 

{code}
java -Da=b -jar some.jar -Da=c
{code}

Where the -Ds have different meaning depending on their position in the command line.",1383663342663
http://sealytics.github.io/ontologies/release-model#Bug-d8e06490-13bc-44e0-a9f6-8bb05bda9f21,fixed in r1620132,1408883230177
http://sealytics.github.io/ontologies/release-model#Bug-25191a57-5212-4e0e-8242-fd37900e1eb3,"[~sseifert@pro-vision.de] Thanks for spotting this. There is currently not a real test which tests for an annotation which cannot be used for injection, but it should be easy to derive from the already existing tests at https://github.com/apache/sling/blob/trunk/bundles/extensions/models/impl/src/test/java/org/apache/sling/models/impl/InjectorSpecificAnnotationTest.java.",1403281252553
http://sealytics.github.io/ontologies/release-model#Bug-25191a57-5212-4e0e-8242-fd37900e1eb3,"In r1604914, I have broken the linkage between an Injector and an InjectAnnotationProcessorFactory. They are now processed in separate loops. This also introduces a new section to the Configuration Printer to output the factories.",1403281252553
http://sealytics.github.io/ontologies/release-model#Bug-5ec90402-98c4-4fe5-8604-e1f4c34b14d3,[~lbyrum] Can you confirm / verify that this is caused by long running resource resolvers? Thanks,1392753865750
http://sealytics.github.io/ontologies/release-model#Bug-5ec90402-98c4-4fe5-8604-e1f4c34b14d3,"In rev 1570565 I&apos;ve committed a change which will re-register the resource resolver factory if a resource provider factory is unregistered.
This causes all resource resolvers to be closed and then re-created

I&apos;ll leave this issue open a little bit for futher comments",1392753865750
http://sealytics.github.io/ontologies/release-model#Bug-5ec90402-98c4-4fe5-8604-e1f4c34b14d3,It seems this is really caused by long running resource resolvers. They hold a reference to the used resource provider for as long as the resource resolver exists,1392753865750
http://sealytics.github.io/ontologies/release-model#Bug-76a4fe3f-fbfe-4644-96ac-0ab5de9582b4,"Yes, but why is this tested at all? It is based on internals of the jsp scripting and how the generated code looks like. We didn&apos;t replace jasper, the exception is still there - we just moved the compiler out of the bundle and use a compiler from another bundle",1399299318145
http://sealytics.github.io/ontologies/release-model#Bug-76a4fe3f-fbfe-4644-96ac-0ab5de9582b4,"The problem is that the generated servlet used to contain a reference to JasperException whenever the directive jsp:setProperty was used. If the classloader, which loads the Jasper-generated servlet has no access to that class, there is an exception thrown. Does the new Jasper no longer require access to that exception class?",1399299318145
http://sealytics.github.io/ontologies/release-model#Bug-76a4fe3f-fbfe-4644-96ac-0ab5de9582b4,"That test was created for SLING-2617 where code that&apos;s like bean-set-get.jsp is now would fail. I agree that the test as it is now is good, the extra compiler-specific code probably helped explain the problem with the old compiler.",1399299318145
http://sealytics.github.io/ontologies/release-model#Bug-76a4fe3f-fbfe-4644-96ac-0ab5de9582b4,"The test is definitely wrong - it just worked because so far the compiled jsps where loaded with the class loader of the jsp bundle - and obviously this has access to internal classes. Now, they are loaded by the commons class loader which has no access to private classes of the jsp bundle (which is a good thing)
So this test is definitely wrong",1399299318145
http://sealytics.github.io/ontologies/release-model#Bug-76a4fe3f-fbfe-4644-96ac-0ab5de9582b4,I&apos;ve removed the buggy call in rev 1592661,1399299318145
http://sealytics.github.io/ontologies/release-model#Bug-76a4fe3f-fbfe-4644-96ac-0ab5de9582b4,"I think this test is wrong, org.apache.sling.scripting.jsp.jasper. has never been exported and the test is relying on internals of the jsp compilation.
I&apos;ve no clue what the test is actually testing though....",1399299318145
http://sealytics.github.io/ontologies/release-model#Bug-63d16428-7208-4dee-a8ca-166663c7486b,added test case and fix in r1607119,1404229230020
http://sealytics.github.io/ontologies/release-model#Bug-38872455-c717-46e1-9d2f-05c32489651f,"Thank you, Bertrand!",1380130662835
http://sealytics.github.io/ontologies/release-model#Bug-38872455-c717-46e1-9d2f-05c32489651f,attaching patch,1380130662835
http://sealytics.github.io/ontologies/release-model#Bug-38872455-c717-46e1-9d2f-05c32489651f,"On the dev list, Felix notes that the regexp pattern might not be compatible with future versions of the HTTP service, so please don&apos;t mark this issue resolved for now. 

The current code should work but we probably need to handle the /system/console exception inside the doFilter(...) call. Performance is not an issue as this filter is meant to be active during system startup only.",1380130662835
http://sealytics.github.io/ontologies/release-model#Bug-38872455-c717-46e1-9d2f-05c32489651f,"I have removed the regexp in http://svn.apache.org/r1526908 , replaced by string matching in the doFilter() method.

Ben, please check if this works for you and if yes you can mark this issue resolved.",1380130662835
http://sealytics.github.io/ontologies/release-model#Bug-38872455-c717-46e1-9d2f-05c32489651f,"Thanks for your contribution! I have applied your patch in http://svn.apache.org/r1526891 and added logging of the filter pattern in http://svn.apache.org/r1526893

Please cross-check and mark this issue resolved if ok.",1380130662835
http://sealytics.github.io/ontologies/release-model#Bug-42e2407d-8ec6-4713-acf0-c905887be0d4,Committed proposed fix in Rev. 1534825 along with a simple unit test making sure the Location header is appropriately set for the 201 and 3xx responses.,1382479702550
http://sealytics.github.io/ontologies/release-model#Bug-ea1a5b90-87c5-4f46-99fd-71b748c349ee,Added an extra null check,1376063155107
http://sealytics.github.io/ontologies/release-model#Bug-24983cbe-c4ac-4153-a18a-1a8246fbc5d9,added unit test and fix in r1606994,1404197287220
http://sealytics.github.io/ontologies/release-model#Bug-6f285f99-7637-47a6-8573-f39861f49769,added unit tests and fix in 1607792,1404371988005
http://sealytics.github.io/ontologies/release-model#Bug-2264b773-487e-4465-8aae-60576daa333c,"* http://svn.apache.org/viewvc?view=revision&amp;revision=1605086 added ProgressUtils
* http://svn.apache.org/viewvc?view=revision&amp;revision=1605087 use ProgressUtils in the wizard classes
* http://svn.apache.org/viewvc?view=revision&amp;revision=1605088 tweak the import wizard for progress reporting and for being cancellable",1403617580811
http://sealytics.github.io/ontologies/release-model#Bug-ba643492-711f-4a4d-82c7-8512b85415dd,"Fixed by making sure that instanceof tests work. Instead of relying on the resource being the right one, it fetches the resource from the provider again if necessary, making sure the instance has the correct type",1394707917911
http://sealytics.github.io/ontologies/release-model#Bug-685f8db1-d830-4aee-9738-6761fde5f133,Implemented in http://svn.apache.org/r1522872,1379067025652
http://sealytics.github.io/ontologies/release-model#Bug-ac0b73fa-bd21-4505-93df-a3e3dc93abcd,Thanks for providing the patch. I have applied it in Rev. 1411616,1353350950152
http://sealytics.github.io/ontologies/release-model#Bug-ac0b73fa-bd21-4505-93df-a3e3dc93abcd,"Tenant 1.0 has been released, hence closing issues now.",1353350950152
http://sealytics.github.io/ontologies/release-model#Bug-f8def742-2eab-4a63-8e21-58d7db64be66,Thanks for applying this. It resolves my issue.,1243865062936
http://sealytics.github.io/ontologies/release-model#Bug-f8def742-2eab-4a63-8e21-58d7db64be66,"Thanks for reporting the issue and providing the patch.

Applied your patch slightly modified in Rev. 780748. The modification is in the test case, which checks for an empty map and not for ValueMap.EMPTY.

Please close this issue, if this fixes your issue. Thanks.",1243865062936
http://sealytics.github.io/ontologies/release-model#Bug-f8def742-2eab-4a63-8e21-58d7db64be66,"I am not satisifed with ResourceUtil.getValueMap returning ValueMap.EMPTY, since that map is immutable. While I don&apos;t expected many places trying to update such ValueMap, it must still be possible without getting an exception, since the getValueMap is specified to return a ValueMap not an *immutable* ValueMap.",1243865062936
http://sealytics.github.io/ontologies/release-model#Bug-f8def742-2eab-4a63-8e21-58d7db64be66,Patch based on r780648.,1243865062936
http://sealytics.github.io/ontologies/release-model#Bug-f8def742-2eab-4a63-8e21-58d7db64be66,"In Rev. 780768 I modified the getValueMap method to return a ValueMap which is modifiable if the resource is empty or does not adapt to either ValueMap or Map. In addition I added more unit tests.

This is now ready, I think. Please close if you agree. Thanks.",1243865062936
http://sealytics.github.io/ontologies/release-model#Bug-8a66332b-dde0-49b9-a27e-3d329fad4b3e,"Thanks for the patch! I&apos;ve applied it partially, as I have already made some changes as part of SLING-3538, before noticing your patch.",1378903432704
http://sealytics.github.io/ontologies/release-model#Bug-8a66332b-dde0-49b9-a27e-3d329fad4b3e,"This patch corrects the port number in the explorer README and in the archetypes bundle-for-jcrinstall, initial-content, servlet, bundle.",1378903432704
http://sealytics.github.io/ontologies/release-model#Bug-4c9cea90-c964-4bdc-acea-72d738b28838,"This is due to the fact, that the ProjectUtil.findFilterPath(IProject) does return null for a newly created Sling Content Project.

BTW: How do I set the filter appropriately, didn&apos;t find anything in https://cwiki.apache.org/confluence/display/SLING/Sling+IDE+tooling+User+Guide nor in the project properties?",1400602659896
http://sealytics.github.io/ontologies/release-model#Bug-4c9cea90-c964-4bdc-acea-72d738b28838,"[~egli] - if you already handle missing filter.xml files, can this be closed?",1400602659896
http://sealytics.github.io/ontologies/release-model#Bug-4c9cea90-c964-4bdc-acea-72d738b28838,"[~kwin], added a check for existance of filter.xml - if the filter.xml does not exist, everything is allowed

[~rombert], wdyt re supplying a filter.xml as part of the simple content wizard?

Plus we should probably (eventually..) have support for filter.xml editing",1400602659896
http://sealytics.github.io/ontologies/release-model#Bug-4c9cea90-c964-4bdc-acea-72d738b28838,"Would it be possible to create a project with a preconfigured filter, when using the wizard? At least the error message should be improved.",1400602659896
http://sealytics.github.io/ontologies/release-model#Bug-4c9cea90-c964-4bdc-acea-72d738b28838,"[~egli] - yes, the simple content project wizard ( SLING-3174 ) will create a filter.xml file. However, it&apos;s safer to guard against filter.xml missing, there&apos;s no guarantee that it exists.

[~kwin] - I&apos;ve created a placeholder for the filter docs at https://cwiki.apache.org/confluence/display/SLING/Sling+IDE+tooling+User+Guide#SlingIDEtoolingUserGuide-Filteringtopics-includingfilter.xmldefinition , to make sure it&apos;s not forgotten.",1400602659896
http://sealytics.github.io/ontologies/release-model#Bug-4c9cea90-c964-4bdc-acea-72d738b28838,"yup, this one can be closed.",1400602659896
http://sealytics.github.io/ontologies/release-model#Bug-554bf149-3599-4f02-8058-5b90b0bd8f5a,Fixed in http://svn.apache.org/viewvc?view=revision&amp;revision=1595033,1400072856097
http://sealytics.github.io/ontologies/release-model#Bug-554bf149-3599-4f02-8058-5b90b0bd8f5a,"Gotcha - I guess I missed the introduction of the JarBuilder/installLocalBundle(pathToJar).

Agreed, then SlingLaunchpadBehaviour shouldn&apos;t run launches anymore.

Where we still (I think) use the launch mechanism is during the new-project-wizard - to do the initial install of snapshot bundles.. - but that is independent I assume",1400072856097
http://sealytics.github.io/ontologies/release-model#Bug-554bf149-3599-4f02-8058-5b90b0bd8f5a,"It can work in theory, but in practice the user can set up the launch for different purposes. For instance, running unit tests :-) So there&apos;s no guarantee that we will get the result that we want.

Also, bundles are not deployed anymore if the tooling support bundle is not installed, see  SLING-3159 .",1400072856097
http://sealytics.github.io/ontologies/release-model#Bug-554bf149-3599-4f02-8058-5b90b0bd8f5a,"The new project wizard simply requests a full publish of the server - not sure if that&apos;s not too heavyweight right now, but it works.

https://github.com/apache/sling/blob/c6b87d8043efde46dad6cb360df738b821da206c/tooling/ide/eclipse-m2e-ui/src/org/apache/sling/ide/eclipse/ui/wizards/np/AbstractNewSlingApplicationWizard.java#L277",1400072856097
http://sealytics.github.io/ontologies/release-model#Bug-554bf149-3599-4f02-8058-5b90b0bd8f5a,"[~rombert], for content projects agreed. For bundle projects we had the launch mechanism as a fall-back when the deployment mechanism is configured not to use the tooling.support.install bundle, no?",1400072856097
http://sealytics.github.io/ontologies/release-model#Bug-1efa2b04-c28b-4dd8-bfb2-2d36fda21cbf,Thanks for providing the patch. I have applied it in Rev. 1567598,1392138996144
http://sealytics.github.io/ontologies/release-model#Bug-1efa2b04-c28b-4dd8-bfb2-2d36fda21cbf,Proposed patch,1392138996144
http://sealytics.github.io/ontologies/release-model#Bug-908d84b4-650c-4876-a347-590ef486e426,"* http://svn.apache.org/viewvc?view=revision&amp;revision=1593616 fix Poller timing out too fast
* http://svn.apache.org/viewvc?view=revision&amp;revision=1593617 poller now propagates the last caught throwable in all situations
* http://svn.apache.org/viewvc?view=revision&amp;revision=1593618 update the node&apos;s primary type if necessary ( + IT )
* http://svn.apache.org/viewvc?view=revision&amp;revision=1593619 use a common location in the repository for all methods of the ContentDeploymentTest",1383917994669
http://sealytics.github.io/ontologies/release-model#Bug-0d470493-a02c-4e32-ad10-635bc7d303b8,"I have implemented your idea in a slightly simpler way in http://svn.apache.org/r1614910 , by having the renderers implement RendererFactory. That&apos;s not fantastic but requires less changes.

Can you check if that solves your issue? I don&apos;t see it in my environment anyway, if you have a scenario or ideally an automated test that reproduces the problem without this fix that would be great.",1405415534121
http://sealytics.github.io/ontologies/release-model#Bug-0d470493-a02c-4e32-ad10-635bc7d303b8,Patch to fix the issue.,1405415534121
http://sealytics.github.io/ontologies/release-model#Bug-0d470493-a02c-4e32-ad10-635bc7d303b8,"Thanks for your patch - it looks like the Renderer service design is broken, it doesn&apos;t lead to stateless services.

Your patch would work but it&apos;s bit complicated IMO, I&apos;ll look for a simpler solution to work around this broken API.

For now, I have added checks in http://svn.apache.org/r1614898 to make sure the renderers are not used by multiple threads at a given time.",1405415534121
http://sealytics.github.io/ontologies/release-model#Bug-0d470493-a02c-4e32-ad10-635bc7d303b8,"The issue doesn&apos;t show up in environment where the errors always occurred previously.
I&apos;m gonna try to implement an automated test reproducing the problem.",1405415534121
http://sealytics.github.io/ontologies/release-model#Bug-328e046b-9d63-4aff-a6b6-4a4d7d49a3e0,I&apos;ve added a configurable whitelist of prefixes from which vanity paths are loaded,1378459940764
http://sealytics.github.io/ontologies/release-model#Bug-328e046b-9d63-4aff-a6b6-4a4d7d49a3e0,I&apos;ve also added a configurable blacklist and a test case,1378459940764
http://sealytics.github.io/ontologies/release-model#Bug-328e046b-9d63-4aff-a6b6-4a4d7d49a3e0,"In general, the idea is to get away with vanity paths stored in the resource tree but rely solely on /etc/maps.
However, to solve today&apos;s problems (until the above is in place), it makes sense to have a whitelist from where vanity paths are read. This can simply be prefixes",1378459940764
http://sealytics.github.io/ontologies/release-model#Bug-328e046b-9d63-4aff-a6b6-4a4d7d49a3e0,"-.7

I am only lukewarm with such a feature for reasons of complexity to configure and building cruft for backwards compatibility.",1378459940764
http://sealytics.github.io/ontologies/release-model#Bug-48452c9f-b647-4101-9750-8358aa625eed,"The proposed patch fixes the Locale 2-args ctor issue with Java7.

Please note that the launchpad-maven-plugin needs to be updated to latest launchpad-base",1369838475831
http://sealytics.github.io/ontologies/release-model#Bug-48452c9f-b647-4101-9750-8358aa625eed,"Thanks for reporting the issue.

Yes, I agree that adding the sun.* and com.sun.* packages to boot delegation is probably a good idea. But I think we should do that in the global properties file, not in the Java 7 related one.

As for the launchpad bundle update: I don&apos;t think we should do that. The actual Launchpad Base version used building the launchpad is IIRC just the launchpad base dependency.",1369838475831
http://sealytics.github.io/ontologies/release-model#Bug-48452c9f-b647-4101-9750-8358aa625eed,"Look like the {{sun.*}} packages have to be added to the boot delegation packages. E.g. by setting the {{org.apache.sling.launcher.bootdelegation}} Sling property in jre-1.7.properties:

{noformat}
org.apache.sling.launcher.bootdelegation=sun.*,com.sun.*
{noformat}",1369838475831
http://sealytics.github.io/ontologies/release-model#Bug-48452c9f-b647-4101-9750-8358aa625eed,"Replaced the existing sun.reflection boot delegation with a more general sun.* and com.sun.* boot delegation
in Rev. 1487628.",1369838475831
http://sealytics.github.io/ontologies/release-model#Bug-1012fce2-d997-447b-b3e5-38a34479178f,"Yes, I fear we have to go this route - while implementing an appender I exactly ran into that problem: i wanted to use one of the logback classes, but that package was not exported ",1390924451306
http://sealytics.github.io/ontologies/release-model#Bug-1012fce2-d997-447b-b3e5-38a34479178f,"While we are at it ... should we export all packages from Logback. At starting I only exported those packages which were like defining the API. Probably we should export all.

Thoughts?",1390924451306
http://sealytics.github.io/ontologies/release-model#Bug-1012fce2-d997-447b-b3e5-38a34479178f,added all packages in r 1562601,1390924451306
http://sealytics.github.io/ontologies/release-model#Bug-1012fce2-d997-447b-b3e5-38a34479178f,fixed in r1562346,1390924451306
http://sealytics.github.io/ontologies/release-model#Bug-1012fce2-d997-447b-b3e5-38a34479178f,I&apos;m not 100% sure what the expectation is from Appender creators as to how much of Logback they can depend upon. Probably all of it :) in which case you&apos;re correct.,1390924451306
http://sealytics.github.io/ontologies/release-model#Bug-1940604a-a537-4635-8a34-886ed69c0ace,fixed in r1568311,1392386635280
http://sealytics.github.io/ontologies/release-model#Bug-15b72be5-0e81-4314-9e85-ab3e521b7b2a,Proposed patch fixing the service.ranking problem.,1371556522086
http://sealytics.github.io/ontologies/release-model#Bug-15b72be5-0e81-4314-9e85-ab3e521b7b2a,"I&apos;ve applied the patch as I think the implementation was just wrong.
In addition I&apos;ve added simple test case for the filter chain and removed the need to sync access to the filters on each request",1371556522086
http://sealytics.github.io/ontologies/release-model#Bug-8fd65cc1-7568-48e1-a30a-4acee4436440,"I think we can make both behaviours work, HealthCheckFilter.getTaggedHealthCheckServiceReferences(final String... tags) at the moment already receives tags that might be prefixed with &quot;!&quot; for tags to be excluded. We could introduce &quot;&amp;&quot; and &quot;|&quot; as prefix and make &quot;&amp;&quot; the default. 

Maybe it would be better to change the signature of getTaggedHealthCheckServiceReferences to not have implicit commands in the tag strings though, e.g. getTaggedHealthCheckServiceReferences(String[] tagsToInclude, String[] tagsToExclude, boolean combineByAnd), but this would mean introducing another taglist and a property/checkbox &quot;combineByAnd&quot; to both org.apache.sling.hc.core.impl.CompositeHealthCheck and org.apache.sling.hc.webconsole.impl.HealthCheckWebconsolePlugin, so using the first approach is definitely easier to implement. WDYT?",1397426865475
http://sealytics.github.io/ontologies/release-model#Bug-8fd65cc1-7568-48e1-a30a-4acee4436440,"I agree that OR might be more appropriate in some situations, but it depends on how your HC tag space is structured.

IIUC your patch removes the AND variant, do you see a way to provide both AND or OR? Ideally without breaking compatibility, so maybe something like

  tag1,tag2 -&gt; tag1 AND tag2 as now
  tag1 OR tag2 -&gt; obvious
  tag1 AND tag2 -&gt; obvious

We don&apos;t need to support any more complex combinations than this IMO, but both OR and AND make sense.",1397426865475
http://sealytics.github.io/ontologies/release-model#Bug-f83876df-c0ab-4cda-b516-95883dbfd055,"{quote} I&apos;ll open a separate bug report and link it here.{quote}

That would be SLING-3125
",1380106083919
http://sealytics.github.io/ontologies/release-model#Bug-f83876df-c0ab-4cda-b516-95883dbfd055,"Thanks [~kwin] for the debugging. I&apos;ll have a look at this. We&apos;re anyway trying to get rid of the EmbeddedArchetypeInstaller, as it seems to cause more problems than that it helps.. (see SLING-3102)",1380106083919
http://sealytics.github.io/ontologies/release-model#Bug-f83876df-c0ab-4cda-b516-95883dbfd055,"Yep - ideally we will not have to wrap those bundles since we should be able to rely on released bundles and retrieve them from public repos. But for example the install support bundle is not yet released (hence embedded in slingclipse atm), but as soon as it will be, we should remove it from slingclipse.",1380106083919
http://sealytics.github.io/ontologies/release-model#Bug-f83876df-c0ab-4cda-b516-95883dbfd055,"Thanks for reporting and the suggested fix!

This was fixed as a side-effect of http://svn.apache.org/viewvc?view=revision&amp;revision=1526588 using your idea of stripping the version.",1380106083919
http://sealytics.github.io/ontologies/release-model#Bug-f83876df-c0ab-4cda-b516-95883dbfd055,"At any rate, I guess this applies to bundles that we wrap as well, such as the installation support bundle. I have an idea on how to best approach this, but I&apos;ll open a separate bug report and link it here.",1380106083919
http://sealytics.github.io/ontologies/release-model#Bug-389dad20-8512-4a1b-bdcb-f2721224ab10,fixed in r1593249,1399552012905
http://sealytics.github.io/ontologies/release-model#Bug-33c14014-fe67-4aaa-bb83-db244b67fd91,"Fixed as described above - if the two patterns have the same length, the result of comparing them is returned",1374145334417
http://sealytics.github.io/ontologies/release-model#Bug-bfa2e509-aa87-437a-bd7b-9be17475ca74,"Nevermind, it was obviously a broken build (colliding Eclipse Incremental Compilation and CLI Maven Build). After installing a new build, everything went fine.",1379931546400
http://sealytics.github.io/ontologies/release-model#Bug-bfa2e509-aa87-437a-bd7b-9be17475ca74,The weird thing is that the class ISO9075 is inside the package &quot;org.apache.jackrabbit.util&quot; and that package is exported by the bundle &quot;vlt-wrapper&quot; correctly which is also installed correctly within Eclipse. The error message indicated that obviously Eclipse is looking for the class in the wrong package.,1379931546400
http://sealytics.github.io/ontologies/release-model#Bug-a2632993-7683-4dfe-a442-c0442abad1e0,OK. I get it now... The issue is specifically to removing the mixin. The reference to adding the mixin threw me off. I agree that removing the mixin should cause the vanity path to no longer be operative.,1400050369462
http://sealytics.github.io/ontologies/release-model#Bug-a2632993-7683-4dfe-a442-c0442abad1e0,Why is this a problem?,1400050369462
http://sealytics.github.io/ontologies/release-model#Bug-a2632993-7683-4dfe-a442-c0442abad1e0,"@justinedelson why not :) ? If I remove a sling:VanityPath mixin from a node i would expect that that vanityPath is not anymore enabled.
Unless I got a wrong understanding of the feature.

BTW see also the test i committed...",1400050369462
http://sealytics.github.io/ontologies/release-model#Bug-a2632993-7683-4dfe-a442-c0442abad1e0,added showcase test in rev. 1594485 . This issue will be address together with SLING-3505,1400050369462
http://sealytics.github.io/ontologies/release-model#Bug-dd471c9b-6675-43b8-8a3f-0c58863569ae,Thread dump where you can see 18 threads of &quot;MapEntries Update&quot; getting created possibly for each bundle which asks for ResourceResolverFactory,1381407555430
http://sealytics.github.io/ontologies/release-model#Bug-dd471c9b-6675-43b8-8a3f-0c58863569ae,I&apos;ve applied a potential fix in rev 1531301 which splits the resource resolver factory implementation into two classes: a common singleton instance shard by all instances of the factory,1381407555430
http://sealytics.github.io/ontologies/release-model#Bug-8963f9d1-5998-4058-bc5f-bd4d6cd09bca,changed in r1412190,1353515213568
http://sealytics.github.io/ontologies/release-model#Bug-276d30eb-eb90-4346-aacb-e032965e1b3a,"It might be worth noting that a Date object represents pure utc millis only and does not carry a timezone offset, as it will be [included in the JCR date property|http://www.day.com/specs/jcr/2.0/3_Repository_Model.html#3.6.4.3%20From%20DATE%20To]. The offset will always be taken from the current JVM timezone default (because of {{Calendar.getInstance()}}), and not be under control of the client code as it would be when passing Calendar objects.",1407961784175
http://sealytics.github.io/ontologies/release-model#Bug-276d30eb-eb90-4346-aacb-e032965e1b3a,"Thanks for your patch, Stefan - it&apos;s applied in rev 1620262.",1407961784175
http://sealytics.github.io/ontologies/release-model#Bug-276d30eb-eb90-4346-aacb-e032965e1b3a,"yes - maybe the initial support of the JCR value map implementation for built-in conversion of Calendar to Date is questionable.
but it is there since years, and thus i think it should be supported for write as well, not only for read.",1407961784175
http://sealytics.github.io/ontologies/release-model#Bug-51966c22-9527-4895-8cf5-048ffb591aa2,"* http://svn.apache.org/viewvc?view=revision&amp;revision=1612271 - cleanup - pass less Repository instances around
* http://svn.apache.org/viewvc?view=revision&amp;revision=1612272 - start work on a ResourceChangeCommandFactoryTest to allow for more fine-grained tests on the vlt  commands.
* http://svn.apache.org/viewvc?view=revision&amp;revision=1612273 - do not attempt to change the primary node type of the root node, as that is an illegal operation
* http://svn.apache.org/viewvc?view=revision&amp;revision=1612275 - normalise the resource proxy&apos;s children based on the filesystem representation
",1405601605294
http://sealytics.github.io/ontologies/release-model#Bug-0163d137-2dcf-48ea-9c37-a6a23a7cc4ea,"No, if you pass in the session when you create the resolver, you still have to call close() on the resolver yourself. Or in other words, close() must be called for every resolver regardless of how it was created",1393957749863
http://sealytics.github.io/ontologies/release-model#Bug-0163d137-2dcf-48ea-9c37-a6a23a7cc4ea,I guess the resource resolver you&apos;re using is not properly closed at the end,1393957749863
http://sealytics.github.io/ontologies/release-model#Bug-0163d137-2dcf-48ea-9c37-a6a23a7cc4ea,"As Carsten explained, this does not seem to be an sling issue, rather an issue in the calling code.

closing this",1393957749863
http://sealytics.github.io/ontologies/release-model#Bug-0163d137-2dcf-48ea-9c37-a6a23a7cc4ea,"Interesting, I see that now. The code flow that is calling this is using older way to get the admin session.

{code}
Session admin = null;
try {
admin = repository.loginAdministrative(null);
} finally {
if (admin != null) {
                try {
                    admin.logout();
                } catch (Exception ignore) {

                }
            }
}
{code}

logout should have called the close() on resolver??",1393957749863
http://sealytics.github.io/ontologies/release-model#Bug-f4ef0dd4-9468-46d3-90dd-c742c53c780b,Thanks for the report. I&apos;ve fixed the layout in http://svn.apache.org/r1550766 and improved it in http://svn.apache.org/r1550767,1386931385950
http://sealytics.github.io/ontologies/release-model#Bug-aba4a734-8d0b-4b87-8054-803805796753,Patch applied in http://svn.apache.org/r1525583. Thank you for your contribution!,1379935862902
http://sealytics.github.io/ontologies/release-model#Bug-aba4a734-8d0b-4b87-8054-803805796753,"I have attached a simple patch, which is fixing that and is also extending the test method to cover the case with an empty attribute value.",1379935862902
http://sealytics.github.io/ontologies/release-model#Bug-29795709-0c1d-4681-9895-ff9c21ab9c42,"Fixed in http://svn.apache.org/r1519966 - all integration tests pass now.

Using _ instead of $ in logger names (i.e. apps.integration-test.srt_1378284549103) fixes it - the new logback implementation considers $ as an alternate log hierarchy separator, which caused the error.",1378284722324
http://sealytics.github.io/ontologies/release-model#Bug-29795709-0c1d-4681-9895-ff9c21ab9c42,"Patch which locally overrides the ch.qos.logback.classic.util.LoggerNameUtil with fix included as per comment by Chris in LOGBACK-384. 

The fix is also provided to Logback as per [1]. Untill it gets included we can override the LoggerNameUtil in Sling log bundle

[1] http://jira.qos.ch/browse/LOGBACK-384?focusedCommentId=13483&amp;page=com.atlassian.jira.plugin.system.issuetabpanels:comment-tabpanel#comment-13483",1378284722324
http://sealytics.github.io/ontologies/release-model#Bug-29795709-0c1d-4681-9895-ff9c21ab9c42,Updated the Logback version to 1.1.0 in http://svn.apache.org/r1563778. All test pass,1378284722324
http://sealytics.github.io/ontologies/release-model#Bug-29795709-0c1d-4681-9895-ff9c21ab9c42,As per SLING-3252 we need to revert the changes done and wait for next release of Logback jar,1378284722324
http://sealytics.github.io/ontologies/release-model#Bug-29795709-0c1d-4681-9895-ff9c21ab9c42,I can provide a patch as per suggestion in LOGBACK-384. It would involve overriding the Logback class in our bundle i.e. placing a class of same name and package in our bundle. Logback is under EPL ... so to check on legal front would it be ok to override the class which has a different license compared to ASL,1378284722324
http://sealytics.github.io/ontologies/release-model#Bug-29795709-0c1d-4681-9895-ff9c21ab9c42,"As per http://logback.qos.ch/news.html, logback 1.1.0 is released and includes the LOGBACK-384 fix.",1378284722324
http://sealytics.github.io/ontologies/release-model#Bug-29795709-0c1d-4681-9895-ff9c21ab9c42,"Can&apos;t we provide a fix for logback?
I think overlaying the class until it&apos;s fixed there is fine. However we should really provide a patch to logback, so it gets fixed with the next release",1378284722324
http://sealytics.github.io/ontologies/release-model#Bug-29795709-0c1d-4681-9895-ff9c21ab9c42,"Thanks Chetan, I&apos;ve applied your patch and reverted the change to scripting.core",1378284722324
http://sealytics.github.io/ontologies/release-model#Bug-29795709-0c1d-4681-9895-ff9c21ab9c42,Yeah...the conversion of $ to something else could be implemented in our logging module.,1378284722324
http://sealytics.github.io/ontologies/release-model#Bug-29795709-0c1d-4681-9895-ff9c21ab9c42,I think this needs to be fixed in the logging as this is actually a regression,1378284722324
http://sealytics.github.io/ontologies/release-model#Bug-29795709-0c1d-4681-9895-ff9c21ab9c42,Issue in Logback http://jira.qos.ch/browse/LOGBACK-384. We can use the fix suggested above untill it gets fixed in Logback,1378284722324
http://sealytics.github.io/ontologies/release-model#Bug-4fd20c97-54a4-4bc5-85ba-7ba8baa4119c,"If you are trying to set the nodetype or add mixins, you will probably need to have the jcr:nodeTypeManagement privilege granted in addition to the jcr:write privilege.",1337384630814
http://sealytics.github.io/ontologies/release-model#Bug-9200ff82-b007-4bcb-aa7e-474f5a424d44,Adding a unique id consisting of the instance id and an incremental counter,1376307774025
http://sealytics.github.io/ontologies/release-model#Bug-9559c203-5adf-4654-a353-53d8e54416e6,Fixed in revision 1565165,1391685371603
http://sealytics.github.io/ontologies/release-model#Bug-ed461fb9-95e7-4c58-929e-0f6669138a8b,Thanks for your patch. I&apos;ve applied a slightly modified version,1371830639338
http://sealytics.github.io/ontologies/release-model#Bug-cdfd08fd-f25a-404e-bfae-89ed185cc4e8,"David,

Thanks for the bug report.  I have fixed the links on the pages you indicated and all of the other pages I found.

Please open another issue if you happen to find anything else.

Regards,
Dan",1381224483130
http://sealytics.github.io/ontologies/release-model#Bug-cdfd08fd-f25a-404e-bfae-89ed185cc4e8,"Cool, thanks Dan! :)

Best
Dave",1381224483130
http://sealytics.github.io/ontologies/release-model#Bug-698abd3a-9e5d-4dec-8423-794168875428,"The canonical documentation page is actually http://sling.apache.org/site/the-sling-launchpad.html now, I have fixed this in revision 1452225, thanks very much for spotting this error!",1362389919832
http://sealytics.github.io/ontologies/release-model#Bug-698abd3a-9e5d-4dec-8423-794168875428,"Yes, you&apos;re right. I&apos;ve noticed that there were &quot;static&quot; and &quot;wiki&quot; pages, containing similar content. Thanks for fixing this",1362389919832
http://sealytics.github.io/ontologies/release-model#Bug-c6d3ca55-117b-4f91-8079-8bbe67690ad4,Fixed in http://svn.apache.org/viewvc?view=revision&amp;revision=1526145,1380101477960
http://sealytics.github.io/ontologies/release-model#Bug-5d337444-d8bf-4dda-8419-c799c51dd8c7,Fixed in http://svn.apache.org/viewvc?view=revision&amp;revision=1523321,1379191363194
http://sealytics.github.io/ontologies/release-model#Bug-c2c3d181-e9c1-4249-bb71-7360131b194e,"Another improvement in Rev. 1525918:

* Only support and open the Swing GUI if accessed from localhost. When accessing from remote, opening the window would open it on the Sling host, which is definitely not desired. Thus remote access web console will not have the option to open the GUI at all.
* Only ever open a single window. If the Swing GUI window is already opened, that one will be reused. Only if the window is closed a new one will be opened again.",1380007360359
http://sealytics.github.io/ontologies/release-model#Bug-c2c3d181-e9c1-4249-bb71-7360131b194e,"Implemented the Web Console plugin in Rev. 1525810

The plugins supports the following functionality:

* Download the log as text file or zip
* Launch the Swing GUI to analyze the log

The Swing GUI cannot be launched if Sling is launched in headless mode because the GUI is launched in Sling&apos;s JVM.

This plugin is not currently an Inventory Printer with attachement provider.",1380007360359
http://sealytics.github.io/ontologies/release-model#Bug-320ccf4a-ab91-49e9-8791-65701ba3d9c5,Thanks for providing the patch. I have applied it in Rev. 1463457,1364604144023
http://sealytics.github.io/ontologies/release-model#Bug-320ccf4a-ab91-49e9-8791-65701ba3d9c5,"The problem is the loading of javax.script.ScriptEngineFactory file. By default the config loader handles the # comments, but the empty lines isn&apos;t, so trying to load invalid class (empty name).

The fix is attached.",1364604144023
http://sealytics.github.io/ontologies/release-model#Bug-5f560f28-8b5c-4f2f-9e8b-8495a3e2c5c9,"With the latest fixes for SLING-3019, we no longer need to use Maven to deploy bundles. Therefore we now pick up the directory and create a jar file out of it.

This is faster and less error-prone than building and invoking maven launch configurations.

Fixed in http://svn.apache.org/viewvc?view=revision&amp;revision=1534649
",1380314634732
http://sealytics.github.io/ontologies/release-model#Bug-fc922a09-09ab-45d0-8f7f-7cb685e40a03,Fixed in http://svn.apache.org/viewvc?view=revision&amp;revision=1527617,1380547981595
http://sealytics.github.io/ontologies/release-model#Bug-dacdcb13-51be-4734-b70d-eaa4c076a580,"We&apos;ve moved away from using Maven for bundle deployment, so this no longer applies.",1382962978538
http://sealytics.github.io/ontologies/release-model#Bug-e2924324-55ed-4a49-bc5e-71723c5ad130,Fixed in r1606124,1403882544530
http://sealytics.github.io/ontologies/release-model#Bug-46d38775-db11-479a-961e-94e2f8eda600,Test case demonstrating the problem at http://svn.apache.org/r1569420,1392741658429
http://sealytics.github.io/ontologies/release-model#Bug-46d38775-db11-479a-961e-94e2f8eda600,"As discussed with [~cziegeler], we might be better of in investing into a new solution targeted at Oak&apos;s scalability level (i.e. SLING-3279) instead of tweaking {{JcrResourceListener}}, which would only push the bottleneck to the next level.

Such a new solution would probably not be fully backward compatible with {{JcrResourceListener}} but would scale much better in the face of many events. Users would then actually have the choice between the two options trading off full backwards compatibility against better scalability. ",1392741658429
http://sealytics.github.io/ontologies/release-model#Bug-46d38775-db11-479a-961e-94e2f8eda600,Resolving as won&apos;t fix as the {{OakResourceListner}} from SLING-3279 should be used when running into this problem.,1392741658429
http://sealytics.github.io/ontologies/release-model#Bug-46d38775-db11-479a-961e-94e2f8eda600,This also occurs on copy and move operations of large trees.,1392741658429
http://sealytics.github.io/ontologies/release-model#Bug-51154d0c-e7c9-418a-8126-c83ba2de38b2,"Fixed. DiscoveryServiceImpl re-registers the connector urls on activate - so ConnectorRegistryImpl should accept this, instead of throwing an IllegalStateException that registering twice is not allowed",1394548752740
http://sealytics.github.io/ontologies/release-model#Bug-51154d0c-e7c9-418a-8126-c83ba2de38b2,This can be reproduced by stopping&amp;starting the org.apache.sling.discovery.impl.cluster.ClusterViewServiceImpl component (in the felix console) - so whenever ClusterViewServiceImpl is deactivated/activated (probably?) this situation is triggered.,1394548752740
http://sealytics.github.io/ontologies/release-model#Bug-fa1a4ce5-2d0d-465d-905b-e1fc14bd9308,"Cannot reproduce with 6 and 7-SNAPSHOT. If the cause is a missing intermediate node ({{content}}), create it with {{curl -X MKCOL -u admin:admin http://localhost:8080/content}}.",1310362577851
http://sealytics.github.io/ontologies/release-model#Bug-9c6c15bf-0200-4f4a-be01-9f5d52eecf22,"Thanks for the patch David, it&apos;s applied",1395271237781
http://sealytics.github.io/ontologies/release-model#Bug-9c6c15bf-0200-4f4a-be01-9f5d52eecf22,The attached patch fixes the issue.,1395271237781
http://sealytics.github.io/ontologies/release-model#Bug-a0d26e76-17bf-4a81-8932-2b6a757c5a24,"Thanks for the patch, Lukas. I&apos;ve applied your patch and changed the tests to pass as this issue is about clone() :)
While your observations are totally correct, I think in general this issue is minor as this class is not intended to be instantiated directly by client code ",1363088475496
http://sealytics.github.io/ontologies/release-model#Bug-a0d26e76-17bf-4a81-8932-2b6a757c5a24,"Thanks for the feedback. I was just going to implement these modifications:

- Override clone(), resetting the three new cache objects introduced in SLING-2785: lockedEntrySet, lockedKeySet, lockedValues
- Marking them all as transient
- Marking lockedEntrySet as volatile to enforce correct behaviour of double-checked locking in getLockedData()

But then, I&apos;ve noticed that the current implementation might still be wrong. Consider this piece of code:

    	final ResourceMetadata m = new ResourceMetadata();
    	m.put(&quot;key&quot;, &quot;value&quot;);
    	Set&lt;String&gt; keys = m.keySet();
    	m.lock();
    	keys.remove(&quot;key1&quot;); // This shouldn&apos;t work anymore, as the view&apos;s referenced map has been locked

This implies that ResourceMetadata should probably return inner class implementations for keySet(), entrySet(), and values(), referencing the outer instance and its isReadOnly flag. Attached is a patch with more (currently failing) test cases",1363088475496
http://sealytics.github.io/ontologies/release-model#Bug-a0d26e76-17bf-4a81-8932-2b6a757c5a24,"I agree that a Javadoc disclaimer is the path of least resistance :-)

Issues tend to pile up because of the fact that ResourceMetadata *extends* HashMap instead of implementing Map and delegating to an internal HashMap. Of course, removing HashMap from the type hierarchy would introduce a backwards-incompatibility in the Sling API, so I&apos;m not sure if that&apos;s a viable approach. Anyway, fixing these Map views is off-topic for this issue, which is about clone(). I&apos;ll let you decide how to proceed with the Map views.

I have attached a patch containing a fix for clone(). The failing test cases for invalid Map view manipulation are also contained in the patch. Feel free to remove those test cases.",1363088475496
http://sealytics.github.io/ontologies/release-model#Bug-a0d26e76-17bf-4a81-8932-2b6a757c5a24,We&apos;ll never add an unlock operation,1363088475496
http://sealytics.github.io/ontologies/release-model#Bug-a0d26e76-17bf-4a81-8932-2b6a757c5a24,"I agree with the modifications that you suggest.

And of course you&apos;re right about locking keySet etc. after clients have acquired copies of them. 

If using inner class implementations is not too problematic, why not...we could also just document in the javadocs that the return values of entrySet() etc. should never be stored, to avoid that problem. I don&apos;t think it&apos;s a common use case so documenting might be enough.",1363088475496
http://sealytics.github.io/ontologies/release-model#Bug-a0d26e76-17bf-4a81-8932-2b6a757c5a24,"I agree about clone(), feel free to submit a patch and enhance the tests that I added for SLING-2785.

Transient is fine as well, we don&apos;t expect these things to be serialized AFAIK but we don&apos;t prevent that either.

I agree with Carsten that we don&apos;t want an unlock() method - the use case is that resource providers create ResourceMetadata, set them up and then turn them into immutable objects.",1363088475496
http://sealytics.github.io/ontologies/release-model#Bug-c8b3167f-be26-4b62-bff7-d10529552715,patch for the fix of the issue,1384561807740
http://sealytics.github.io/ontologies/release-model#Bug-c8b3167f-be26-4b62-bff7-d10529552715,"Thanks for reporting and providing the patch.

Indeed we should consider all potential expressions and not abort if the first match happens to not map to a Tenant.

Resolved in Rev. 1542627 applying the with some additional logging.",1384561807740
http://sealytics.github.io/ontologies/release-model#Bug-eb01e9c6-c8b1-46e4-87b6-ac1dfba811d4,"Actually this is a little bit complicated and I&apos;m not sure if we can/should do anything about it:

The original jsp handling the request calls sendError(). As the error handling is done by custom scripts (error handler jsps), such a script e.g. the 500.jsp is called. These scripts do not use the sendError() command. Rather, they write output (the error message or whatever) to the jsp writer. So once the error handler is finished, the response does not get flagged as committed as this is normal jsp output. So the original jsp which called sendError() continues and can append content to the writer.

Now we could in such cases buffer the whole output of the error handling script within the script resolver error handler, and then call internal sendError() with the buffered output as the content body.

This sounds like a lot of work for a rare developer error: the developer who called the sendError() should have read the servlet spec and actually avoid any output afterwards :) So I&apos;m inclined to close this as wontfix

Opinions?",1360227162736
http://sealytics.github.io/ontologies/release-model#Bug-eb01e9c6-c8b1-46e4-87b6-ac1dfba811d4,I checked the code and it seems that a flushBuffer() is not making it to the original response and therefore the response does not get committed. But I need to further investigate,1360227162736
http://sealytics.github.io/ontologies/release-model#Bug-eb01e9c6-c8b1-46e4-87b6-ac1dfba811d4,"&gt; and if we should update the docs

I have added a section about resetting the response: http://sling.apache.org/documentation/the-sling-engine/errorhandling.html#resetting-the-response",1360227162736
http://sealytics.github.io/ontologies/release-model#Bug-eb01e9c6-c8b1-46e4-87b6-ac1dfba811d4,"Thanks for tracking. I have the impression, we can fix this ...

Error handling is basically funneled through the SlingRequestProcessorImpl.handleError methods. Those call the registered ErrorHandler servlet -- either the DefaultErrorHandler which does a response.flushBuffer() at the end -- or more probable the SlingServletResolver which does *not* flush the response.

I think we have two options: (a) flush the response in the SlingServletResolver after calling the error handler servlet (which may be a wrapped script) or (b) in the SlingRequestProcessorImpl.handleError methods. I am inclined to propose that we do both.",1360227162736
http://sealytics.github.io/ontologies/release-model#Bug-eb01e9c6-c8b1-46e4-87b6-ac1dfba811d4,Calling flushBuffer() doesn&apos;t help - as this only sends the first bytes to the client and a reset() is not possible. But the script can still output additional bytes. (I tried this in the SlingServletResolver),1360227162736
http://sealytics.github.io/ontologies/release-model#Bug-eb01e9c6-c8b1-46e4-87b6-ac1dfba811d4,"Ok, but the SlingRequestProcessorImpl class as part of the engine bundle has access to the actual ServletContainer&apos;s response object and could fiddle this to prevent further output ?

How about calling close() on the servlet container&apos;s writer ?",1360227162736
http://sealytics.github.io/ontologies/release-model#Bug-eb01e9c6-c8b1-46e4-87b6-ac1dfba811d4,"I agree about the change, but the current behaviour is probably wrong, so relying on this wrong behaviour is wrong, too.

We could catch such an IllegalStateException in the SlingMainServlet and not propagate it to the servlet container but instead just terminate request processing (of course logging this situation).",1360227162736
http://sealytics.github.io/ontologies/release-model#Bug-eb01e9c6-c8b1-46e4-87b6-ac1dfba811d4,"It seems when a script is called to process the error, no reset() is called on the response and it is left up to the script. I&apos;ll write a test case for this and if we should update the docs and check our error handler scripts.
We already have documented that a script should check isCommitted(), we should add here that the script should call reset().
",1360227162736
http://sealytics.github.io/ontologies/release-model#Bug-eb01e9c6-c8b1-46e4-87b6-ac1dfba811d4,"Ok, I think what we could do is:
- the first response wrapper we create, returns a special print writer for getWriter()
- after the error handler is called from either DefaultErrorHandler or SlingServletResolver, the code calling the error handlers calls flushBuffer() to write bytes to the output stream, followed by close() on the writer
- the writer keeps track if it is closed and checks in every method the flag
- if the flag is set (by calling close() ) and someone tries to append content, an illegal state exception is thrown from within the writer
- such an exception would be caught by the sling main servlet and just logged, so it&apos;s not propagated to the servlet engine

This should solve the problem - as we first call flushBuffer() the response is flagged as committed, so calls to the response like setting a header etc. would throw an exception anyway.

WDYT?",1360227162736
http://sealytics.github.io/ontologies/release-model#Bug-eb01e9c6-c8b1-46e4-87b6-ac1dfba811d4,"Not sure, what happens if we call close() - I remember some years ago calling close() on the writer to throw an exception in some app server; but that might have been a bug there. Afaik, it&apos;s not specified what happens if you call close (other than the javadocs for the writer).
I think we could handle this somehow in our response wrapper - the first sling response wrapper we create, set a flag if an error handler has been called and then throw an exception if content is written after the error handler has been called.
However, we have to be aware that this is a change in behaviour: previously if sendError is called and content is written after that, the content of the error handler plus the additional content is sent to the client.
Now, if we throw an exception like IllegalStateException - this is escalated up to the servlet engine and the engine is sending an error response - or if we don&apos;t throw an exception (although we should if we follow the spec) we could ignore any additional output (fail gracefully).",1360227162736
http://sealytics.github.io/ontologies/release-model#Bug-eb01e9c6-c8b1-46e4-87b6-ac1dfba811d4,I&apos;Ve added a first implementation in revision 1489950 - it works as outlined above,1360227162736
http://sealytics.github.io/ontologies/release-model#Bug-05eab764-dc02-42bc-9d82-8ace22cea3f4,Health Check Tools initial release done in SLING-3127,1375102238795
http://sealytics.github.io/ontologies/release-model#Bug-05eab764-dc02-42bc-9d82-8ace22cea3f4,"Added a JMX binding in revision 1508067, allows for writing rules that evaluate combinations of JMX attributes, such as:

{
  &quot;sling:resourceType&quot; : &quot;sling/healthcheck/rules&quot;,
  &quot;namespace&quot;: &quot;script&quot;,
  &quot;ruleName&quot;: &quot;Example javascript expression that combines two JMX attributes&quot;,
  &quot;qualifier&quot;: &quot;ecma&quot;,
  &quot;expression&quot;: &apos;jmx.attribute(&quot;java.lang:type=ClassLoading&quot;, &quot;LoadedClassCount&quot;) &gt; 100 &amp;&amp; jmx.attribute(&quot;osgi.core:type=framework,version=1.5&quot;,&quot;FrameworkStartLevel&quot;) &gt; 1&apos;,
  &quot;tags&quot; : [&quot;script&quot;,&quot;javascript&quot;, &quot;jmx&quot; ],
  &quot;jcr:primaryType&quot;: &quot;nt:unstructured&quot;
}",1375102238795
http://sealytics.github.io/ontologies/release-model#Bug-05eab764-dc02-42bc-9d82-8ace22cea3f4,Committed in revision 1508040,1375102238795
http://sealytics.github.io/ontologies/release-model#Bug-52ba4cbd-c021-41ca-8cb3-f02e8e73f4c7,fixed in r995888,1284139057507
http://sealytics.github.io/ontologies/release-model#Bug-0aead3c1-c77b-4868-9713-f8422d05dbf1,Can you point to some code where this happens? - afaik resource decorators are not called directly but by using the ResourceDecoratorTracker which handles the null case,1386594513541
http://sealytics.github.io/ontologies/release-model#Bug-0aead3c1-c77b-4868-9713-f8422d05dbf1,"[~cziegeler] Right, it is the ResourceDecoratorTracker which calls the decorators in order and which handles a null-return value as documented on the ResourceDecorator interface.",1386594513541
http://sealytics.github.io/ontologies/release-model#Bug-0aead3c1-c77b-4868-9713-f8422d05dbf1,"Tests added in http://svn.apache.org/r1549566 - the offending cases are in ResourceDecoratorReturnsNullTest, with TODOs for when this is fixed.",1386594513541
http://sealytics.github.io/ontologies/release-model#Bug-0aead3c1-c77b-4868-9713-f8422d05dbf1,I think your test is bogus as it uses a custom ResourceDecoratorTracker,1386594513541
http://sealytics.github.io/ontologies/release-model#Bug-0aead3c1-c77b-4868-9713-f8422d05dbf1,"Of course...testing the mocks instead of the actual code ;-)

Thanks for catching this, I have fixed the tests in http://svn.apache.org/r1549806 and they now demonstrate that the behavior is correctly implemented.",1386594513541
http://sealytics.github.io/ontologies/release-model#Bug-b29b00f9-71e7-489c-abd4-0f98e3d8bc30,"Thanks for your patch, AFAICS this has been addressed by SLING-3276 in the meantime.",1383323454285
http://sealytics.github.io/ontologies/release-model#Bug-b29b00f9-71e7-489c-abd4-0f98e3d8bc30,Attached patch,1383323454285
http://sealytics.github.io/ontologies/release-model#Bug-2ca66904-1837-4256-aaf4-fd4b742b5d00,"Given this difference: Is this a corner case which may or may not be implemented in one or the other way (according to the spec) or is it a regression in either Jackrabbit or Oak ?

In the former case, I opt for removing the test (we cannot make sure the test ever passes on different implementations).

In the latter case, I opt for adapting the test to what is the intended behaviour and report an issue against the regression producing implementation.

Ok, there is a third option: The test is just buggy ;-)",1383563886316
http://sealytics.github.io/ontologies/release-model#Bug-2ca66904-1837-4256-aaf4-fd4b742b5d00,"This looks like a real difference in behavior between Jackrabbit and Oak. 

To confirm, we should add a test to bundles/jcr/it-jackrabbit-oak/.../CommonTests which does the same privileges setup (*) directly on the repository, and verifies the results.

(*) See GetAclTest. testEffectiveAclMergeForUser_SubsetOfPrivilegesDeniedOnChild for the privileges setup.",1383563886316
http://sealytics.github.io/ontologies/release-model#Bug-2ca66904-1837-4256-aaf4-fd4b742b5d00,"For now, I have disabled the failing tests using the JackrabbitOnly category, in revision 1539019",1383563886316
http://sealytics.github.io/ontologies/release-model#Bug-fbd6ff7a-2db5-42a3-9aa2-07eea1468f3d,Fixed by passing in an empty list instead of null,1380696746864
http://sealytics.github.io/ontologies/release-model#Bug-151a5b93-dfec-403a-a168-8e6e8e7b9c37,"proposed patch that implements alex&apos;s suggestion.

however, it might be better to not go this way and implement the new dictionary approach as discussed on the list: http://www.mail-archive.com/dev@sling.apache.org/msg25686.html",1369335487503
http://sealytics.github.io/ontologies/release-model#Bug-151a5b93-dfec-403a-a168-8e6e8e7b9c37,"I think listening for sling:Message should be enough. But... mix:language modifications are probably necessary to catch changing the language of a dictionary (which I can imagine happens when you create/copy a dictionary, and then change the language to the &quot;new&quot; one).

Maybe we have two event listeners:
* sling:Message modification =&gt; full reload
* mix:language modification =&gt; quick check if path is already covered in a cached dictionary and only reload (everything) in this case; if it&apos;s a new dictionary and has no strings yet (= no sling:message), we don&apos;t have to care, and as soon as a string is added, you get the sling:Message event above",1369335487503
http://sealytics.github.io/ontologies/release-model#Bug-151a5b93-dfec-403a-a168-8e6e8e7b9c37,"Thanks for providing the patch. I have applied it in Rev. 1560925 along with these additions:

- Completely disabled the integration test due to unavailability of the pax test support (as well as the launchpad snapshot reference)
- Updated requirement to Java 6 due to use of Collections.newSetFromMap",1369335487503
http://sealytics.github.io/ontologies/release-model#Bug-7ad0fcda-bcbd-46c5-bb86-47094c83780e,"plain fix: https://github.com/oliverlietz/sling/commit/0859287b1f8a83ed748c753ecdf26ddf0a0f4155
integration test: https://github.com/oliverlietz/sling/commit/44853d5f39d1fe5161dae190232cccb897f36f06
",1370859326228
http://sealytics.github.io/ontologies/release-model#Bug-7ad0fcda-bcbd-46c5-bb86-47094c83780e,moved test to https://github.com/oliverlietz/sling-tests/tree/master/org.apache.sling.tests/SLING-2917,1370859326228
http://sealytics.github.io/ontologies/release-model#Bug-cfcfc672-2d20-401d-a2bd-4d96e36db6e5,"Fixed, I&apos;ve also updated the project to the latest api",1391076575751
http://sealytics.github.io/ontologies/release-model#Bug-7112427e-8dfe-4264-a91f-1527979ddfee,"Updated the default content, espblog sample and http://sling.apache.org/site/46-line-blog.html (not live yet) with new login instructions.",1266845022568
http://sealytics.github.io/ontologies/release-model#Bug-7112427e-8dfe-4264-a91f-1527979ddfee,IMHO we should instruct users to use the real login servlet at /system/sling/login to login into the system. This works regardless of any authentication handler might be installed and/or active in the system.,1266845022568
http://sealytics.github.io/ontologies/release-model#Bug-f7e49ad6-00cf-4ef2-b4fd-597e10ee805d,Fixed in r1620296. Thanks!,1408957575538
http://sealytics.github.io/ontologies/release-model#Bug-75fe6084-5356-4505-ad01-9a539d8cd6c4,Fixed in 1613889,1406530098893
http://sealytics.github.io/ontologies/release-model#Bug-1827101b-8246-4301-8e4d-c85a5f285d1d,"Github user roele closed the pull request at:

    https://github.com/apache/sling/pull/11
",1391615062566
http://sealytics.github.io/ontologies/release-model#Bug-1827101b-8246-4301-8e4d-c85a5f285d1d,"Thanks for the patch applied At revision: 1565082  
",1391615062566
http://sealytics.github.io/ontologies/release-model#Bug-1827101b-8246-4301-8e4d-c85a5f285d1d,adding possible patch,1391615062566
http://sealytics.github.io/ontologies/release-model#Bug-1827101b-8246-4301-8e4d-c85a5f285d1d,Closing applied the patch already.,1391615062566
http://sealytics.github.io/ontologies/release-model#Bug-6dfde975-0b50-4cf5-b0a5-dcbbcaeef00a,"Partially fixed: now changing to/from sling:Folder works.

What&apos;s not working atm is round-tripping from nt:unstructured -&gt; sling:Folder back -&gt; nt:unstructured. This should yield the original structure. To achieve this, the (JcrNode) model has to be adjusted a fair bit. Suggesting to move this to 1.0.2",1401873352364
http://sealytics.github.io/ontologies/release-model#Bug-6dfde975-0b50-4cf5-b0a5-dcbbcaeef00a,[~egli] - assigning this back to you as the blocking content sync issues are handled elsewhere,1401873352364
http://sealytics.github.io/ontologies/release-model#Bug-6dfde975-0b50-4cf5-b0a5-dcbbcaeef00a,"[~rombert], with the introduction of http://svn.apache.org/r1608378 the content-sync mechanism now deletes the parent node unfortunately. Could you pls have a look if this could be fixed easily?

The reason this happens is that the SlingLaunchpadBehaviour.publishContentModule gets the change of the .content.xml first, then gets the delete events of the folders and .content.xml of the child. So it looks like that mechanism is too simplistic?",1401873352364
http://sealytics.github.io/ontologies/release-model#Bug-6dfde975-0b50-4cf5-b0a5-dcbbcaeef00a,"Sure. It&apos;s basically the steps shown at the beginning of this ticket, so:

* Create:
{code}
grandparent [nt:unstructured]
\- parent [nt:unstructured]
 |- child1 [nt:unstructured]
 \- child2 [nt:unstructured]
{code}
* Then change child2 to sling:Folder
* Changing child2 back to nt:unstructured then causes the deletion of parent (since I delete parent/child2 and parent folders explicitly, as they are no longer needed)",1401873352364
http://sealytics.github.io/ontologies/release-model#Bug-6dfde975-0b50-4cf5-b0a5-dcbbcaeef00a,exactly,1401873352364
http://sealytics.github.io/ontologies/release-model#Bug-6dfde975-0b50-4cf5-b0a5-dcbbcaeef00a,implemented second part: merging child nodes (with parent) if the new serializationKind is metadata_*,1401873352364
http://sealytics.github.io/ontologies/release-model#Bug-6dfde975-0b50-4cf5-b0a5-dcbbcaeef00a,"[~rombert], this one works fine now!
Hence marking fixed.",1401873352364
http://sealytics.github.io/ontologies/release-model#Bug-6dfde975-0b50-4cf5-b0a5-dcbbcaeef00a,Can you give me some simple steps to reproduce? I&apos;m traveling today but I&apos;ll look into it as soon as I can.,1401873352364
http://sealytics.github.io/ontologies/release-model#Bug-6dfde975-0b50-4cf5-b0a5-dcbbcaeef00a,Thanks for confirming. Filed SLING-3741 and linked it to this one as a blocker.,1401873352364
http://sealytics.github.io/ontologies/release-model#Bug-6dfde975-0b50-4cf5-b0a5-dcbbcaeef00a,"Ah, I see. So the point would be something like &apos;when processing a deleted folder, ensure that it does not have a covering aggregate somewhere higher in the filesystem&apos;, right?",1401873352364
http://sealytics.github.io/ontologies/release-model#Bug-033c56fd-2c04-418c-9656-769feb821ccc,"http://svn.apache.org/r1546024 should fix this, there was a bug in synchronizing the test with the server mapping changes.

Keeping this open until buildbot confirms that it&apos;s fixed.",1385555790942
http://sealytics.github.io/ontologies/release-model#Bug-6277101f-fd93-43af-a341-f02cf14cc17e,"The attached patch fixes the instructions on how to launch Sling itself and deploy the samples into it.
It also clarifies the demo instructions in a few places. 

It doesn&apos;t completely fix all the demo instructions yet, I&apos;m planning to take a closer look at the demo semantics later.",1396541394003
http://sealytics.github.io/ontologies/release-model#Bug-6277101f-fd93-43af-a341-f02cf14cc17e,Updated the patch to provide better documentation for the accessmanager.ui/usermanager.ui samples as well.,1396541394003
http://sealytics.github.io/ontologies/release-model#Bug-6277101f-fd93-43af-a341-f02cf14cc17e,I&apos;ve updated the patch with additional instructions for the espblog demo.,1396541394003
http://sealytics.github.io/ontologies/release-model#Bug-6277101f-fd93-43af-a341-f02cf14cc17e,"Thanks for your work and patch, David. It&apos;s applied with rev 1593967",1396541394003
http://sealytics.github.io/ontologies/release-model#Bug-6277101f-fd93-43af-a341-f02cf14cc17e,"I&apos;ve updated the patch with additional instructions for the javashell demo.

Note that for the javashell demo to work, the patch provided with SLING-3493 needs to be applied.",1396541394003
http://sealytics.github.io/ontologies/release-model#Bug-fc12bf28-5a31-4ac9-b5ac-69f609eb352c,At least it could be upped to a log.info ,1398356602546
http://sealytics.github.io/ontologies/release-model#Bug-fc12bf28-5a31-4ac9-b5ac-69f609eb352c,"Catching RuntimeException sounds OK - but catching Errors is trickier, as this for example also catches OutOfMemoryError ..

.. and maybe this could even be upped to log.warn, not just log.info..",1398356602546
http://sealytics.github.io/ontologies/release-model#Bug-fc12bf28-5a31-4ac9-b5ac-69f609eb352c,"Yes, I changed the log level to warn now - which is more appropriate. And only exceptions are now caught - throwables are caught by the main servlet anyway",1398356602546
http://sealytics.github.io/ontologies/release-model#Bug-efb1c334-c0a4-4259-9210-c038f0e6c3c6,Fixed in Revision 711721.,1225923401204
http://sealytics.github.io/ontologies/release-model#Bug-e26d7ce2-3844-49dc-a97b-b00f5cdbf581,"I&apos;ve corrected the metatype information, applied our general naming scheme and also moved the metatype information into the java source files
rev 1533746",1382185256627
http://sealytics.github.io/ontologies/release-model#Bug-ea5d954f-23ba-445f-8b43-d977716e9a67,Fixed by implementing ordering as a separate command and triggering it after all changes have been processed in http://svn.apache.org/viewvc?view=revision&amp;revision=r1611371 .,1405452955622
http://sealytics.github.io/ontologies/release-model#Bug-ea5d954f-23ba-445f-8b43-d977716e9a67,Cleaned up FileInfo handling in http://svn.apache.org/viewvc?view=revision&amp;revision=1611172,1405452955622
http://sealytics.github.io/ontologies/release-model#Bug-9a9181fd-7a57-454b-8568-8b912a640f42,Fixed in rev 1607289,1404289613277
http://sealytics.github.io/ontologies/release-model#Bug-a89e8975-26c3-4a54-b570-2da071913fc7,fixed,1407931562940
http://sealytics.github.io/ontologies/release-model#Bug-b1bdcd2f-fa09-42d5-82d8-7f066f8ec275,"What happens at startup of my patched launchpad is

{code}
[Loaded org.slf4j.helpers.SubstituteLoggerFactory from slinginstall:slf4j-api-1.6.4.jar]

[Loaded ch.qos.logback.classic.LoggerContext from slinginstall:org.apache.sling.commons.log-3.0.3-SNAPSHOT.jar]

*ERROR* [FelixStartLevel] ERROR: Error starting slinginstall:org.apache.sling.commons.log-3.0.3-SNAPSHOT.jar (java.lang.ClassCastException: org.slf4j.helpers.SubstituteLoggerFactory cannot be cast to ch.qos.logback.classic.LoggerContext)
  at org.apache.sling.commons.log.logback.internal.LogbackManager.&lt;init&gt;(LogbackManager.java:101)
  at org.apache.sling.commons.log.logback.internal.Activator.start(Activator.java:55)
{code}

According to Chetan, logback uses its own classloader, that&apos;s probably what causes the ClassCastException.

Once Sling starts, the commons.log bundle starts without problems.",1382011354091
http://sealytics.github.io/ontologies/release-model#Bug-b1bdcd2f-fa09-42d5-82d8-7f066f8ec275,"The issue occurs because of the way SLF4J performs initialization. When it is asked for the logger for the very first time it triggers the initialization of Logging layer and sets its state to {{ONGOING_INITILIZATION}}. Now untill it gets initialized if any other thread asks for Logger then it returns a logger obtained from {{SubstituteLoggerFactory}}.

This logger factory gets swapped with actual LoggerFactory when initialization is complete. See also [1]

So what happens here that by the time Sling LogbackManager tries to obtain the LoggerFactory the initialization was not complete and it got {{SubstituteLoggerFactory}} instead of Logback&apos;s {{LoggerContext}} resulting in CCE

As a fix we now make a call to {{StaticLoggerBinder.getSingleton();}} which ensures that by the time this call returns the Logback based Logger implementation is binded to SLF4J as it is done in a static initializer 

[1] http://bugzilla.slf4j.org/show_bug.cgi?id=106",1382011354091
http://sealytics.github.io/ontologies/release-model#Bug-b1bdcd2f-fa09-42d5-82d8-7f066f8ec275,"Patch committed in revision 1533079, it does indeed fix my issue, thanks for your contribution!",1382011354091
http://sealytics.github.io/ontologies/release-model#Bug-3907103b-de90-4009-9679-3e8aac848e40,Committed in r1579213,1395171065048
http://sealytics.github.io/ontologies/release-model#Bug-e35522fc-5d43-4427-b3a0-cb39eeec5803,"For now, I have disabled the failing tests using the JackrabbitOnly category, in http://svn.apache.org/r1539025",1383323053452
http://sealytics.github.io/ontologies/release-model#Bug-e35522fc-5d43-4427-b3a0-cb39eeec5803,"When running on Jackrabbit, a login with something like this as credential attributes:

{sling.formauth=9a4b3db0a0c625f36a16124710a8bdcb2903dac0@01383319840133@admin, user.name=admin, sling.authType=FORM}

is handled by our FormLoginModulePlugin [1], that&apos;s not present on our Oak setup.

I have asked on the Oak dev list what the equivalent is.

[1] https://svn.apache.org/repos/asf/sling/trunk/bundles/auth/form/src/main/java/org/apache/sling/auth/form/impl/FormLoginModulePlugin.java",1383323053452
http://sealytics.github.io/ontologies/release-model#Bug-c62d993c-d65a-4c10-a3b5-414a864f50a7,"[~bdelacretaz] I don&apos;t think you need the extra test. Just changing the login to some credentials should be sufficient. The test in DavExDisabledAnonAccessTest ensures that davex login works with or without anonymous access being enabled (which was the issue in SLING-2274).
",1382964833077
http://sealytics.github.io/ontologies/release-model#Bug-c62d993c-d65a-4c10-a3b5-414a864f50a7,"Thanks for the clarification, I have removed the extra test in revision 1536617 - the other tests do indeed fail if I remove the dummy service registration in the org.apache.sling.jcr.davex bundle.",1382964833077
http://sealytics.github.io/ontologies/release-model#Bug-c62d993c-d65a-4c10-a3b5-414a864f50a7,"The DavExDisabledAnonAccessTest isn&apos;t really about anonymous access to the repository. It is about when anonymous access is disabled at the Sling Auth level.

A DavEx client will send one or two anonymous requests (IIRC these are PROPFIND requests to get repository descriptors) before sending authentication information. So we had to always enable anonymous acess (again at the Sling Auth level) to the DavEx servlet, otherwise these initial requests would fail.
",1382964833077
http://sealytics.github.io/ontologies/release-model#Bug-c62d993c-d65a-4c10-a3b5-414a864f50a7,"At http:///svn.apache.org/r1536348 , modified the DavExIntegrationTest base class to use admin credentials to verify that remote access works, and added a separate testDavexServletAccess() that tests just HTTP GET access to the davex servlet without credentials. 

IIUC the latter is what the test is meant to check, but before my changes it also assumed that credentials-less access to the remote repository should work, which is not the case with Oak anymore.

[~justinedelson], as according to SLING-2274 you implemented that test, could you review my changes?",1382964833077
http://sealytics.github.io/ontologies/release-model#Bug-c62d993c-d65a-4c10-a3b5-414a864f50a7,"Instead of admin credentials, I suggest to use GuestCredentials which is the right way to get anonymous access to the repository.",1382964833077
http://sealytics.github.io/ontologies/release-model#Bug-7fb0cf47-e4d3-44f3-9435-05c0b6ba157a,Fixed in rev 1613895,1406530756176
http://sealytics.github.io/ontologies/release-model#Bug-858a8a40-2734-4b53-b4a5-21b836190ec4,"[~anjan] Thanks for reporting the bug and providing a patch.

I have applied your fix in revision 1513729 plus added a couple of integration tests to guard against future regressions.

Please verify that the fix works as expected for you.",1376302223537
http://sealytics.github.io/ontologies/release-model#Bug-9b887599-2e70-4e44-9dbb-05ff82e673da,Actually calling shutdown on the quartz scheduler should remove the thread group. Maybe we need do to something additional,1342537337426
http://sealytics.github.io/ontologies/release-model#Bug-9b887599-2e70-4e44-9dbb-05ff82e673da,"I think you&apos;re right, create() and also get(String) do not sync access to the Entry class (incUsage in this case) - so it should be moved into the sync block in both cases.",1342537337426
http://sealytics.github.io/ontologies/release-model#Bug-9b887599-2e70-4e44-9dbb-05ff82e673da,"Hmm, I see what you mean. 
The shutdown in decUsage has the potential to cause a deadlock.

       public void decUsage() {
            synchronized (usagelock) {
                this.count--;
                if ( this.count == 0 ) {
                    this.shutdown();
                }
            }
        }

could be 
         public void decUsage() {
            boolean shutdown = false;
            synchronized (usagelock) {
                this.count--;
                if ( this.count == 0 ) {
                    shutdown = true;
                }
            }
            if ( shutdown ) {
                  this.shutdown();
            }
        }",1342537337426
http://sealytics.github.io/ontologies/release-model#Bug-9b887599-2e70-4e44-9dbb-05ff82e673da,"I have put sync blocks inside incUsage and decUsage to see if that addresses the problem in r1404087.
After looking at it for some time I felt this was safer since it doesn&apos;t require the caller to know they have to be synchronized.",1342537337426
http://sealytics.github.io/ontologies/release-model#Bug-9b887599-2e70-4e44-9dbb-05ff82e673da,"Reverted the commit and put the sync one layer further out as suggested.
Avoiding a deadlock or weird behaviour was going to be hard.",1342537337426
http://sealytics.github.io/ontologies/release-model#Bug-9b887599-2e70-4e44-9dbb-05ff82e673da,"Testing in the trunk at 1403475 shows that the thread pool does shutdown if Sling has just been started and no jobs have been run.

31.10.2012 17:48:56.013 *INFO* [401258966@qtp-1399560387-11] org.apache.sling.commons.threads.impl.DefaultThreadPool Shutting down thread pool [ThreadPool-0a751a8b-e907-4993-806f-64923e3d85cd (Apache Sling Eventing Thread Pool)] ...
31.10.2012 17:48:56.013 *INFO* [401258966@qtp-1399560387-11] org.apache.sling.commons.threads.impl.DefaultThreadPool Thread pool [ThreadPool-0a751a8b-e907-4993-806f-64923e3d85cd (Apache Sling Eventing Thread Pool)] is shut down.

JMX records the Thread group disappears when the bundle unloads.
(My JDK is 1.6 Java HotSpot(TM) 64-Bit Server VM version 20.12-b01-434)

Default configuration on thread groups is to shutdown non gracefully so its not an issue with threads in the thread group being slow to terminate.

Looking at the code:

In org.apache.sling.commons.scheduler.impl.QuartzScheduler.QuartzThreadPool.shutdown(boolean) does nothing. 

QuartzThreadPool.shutdown is called by org.quartz.core.QuartzScheduler.shutdown(boolean) line 677.

        resources.getThreadPool().shutdown(waitForJobsToComplete);


The comment on org.apache.sling.commons.scheduler.impl.QuartzScheduler.QuartzThreadPool.shutdown(boolean) indicates that the pool is managed by the thread pool manager.

in the org.apache.sling.commons.scheduler.impl.QuartzScheduler.dispose(Scheduler) line 222, tpm.release(this.threadPool); is called. 
This calls org.apache.sling.commons.threads.impl.DefaultThreadPoolManager.Entry.decUsage() which when a reference counter reaches zero the thread pool is shutdown by calling org.apache.sling.commons.threads.impl.DefaultThreadPool.shutdown() which calls down to the JDK.

That last method should emit some messages:
        this.logger.info(&quot;Shutting down thread pool [{}] ...&quot;, name);
followed by
        this.logger.info(&quot;Thread pool [{}] is shut down.&quot;, this.name);
 
the incUsage and decUsage methods reference count with ints protected by synchronized(this.pool) where this.pool is the pool they were added to.... except for one location.

org.apache.sling.commons.threads.impl.DefaultThreadPoolManager.create(ThreadPoolConfig) does this:

  final Entry entry = new Entry(null, config, name);
  synchronized ( this.pools ) {
          this.pools.put(name, entry);
   }
   return entry.incUsage();

which could result in an invalid reference count causing decUsage to never call the ThreadExecutor shutdown.


To recap:
If there is no 
Shutting down thread pool [ThreadPool-0a751a8b-e907-4993-806f-64923e3d85cd (Apache Sling Eventing Thread Pool)] 

in the logs there is a race condition in decUsage, incUsage

if there is, but there is no 
Thread pool [ThreadPool-0a751a8b-e907-4993-806f-64923e3d85cd (Apache Sling Eventing Thread Pool)] is shut down.

Then its an issue with running jobs in the Quartz scheduler.
Since the default configuration of the ThreadPools (unless there is a configuration) seems to be to a non graceful shutdown which points to a race condition.

In addition FindBugs reports 
VO_VOLATILE_INCREMENT
This code increments a volatile field. Increments of volatile fields aren&apos;t atomic. If more than one thread is incrementing the field at the same time, increments could be lost.

(It doesn&apos;t detect the potential synchronization issue or that the volatile field is protected)


To fix, for certain I would need to be able to reproduce. Is there are reliable way ?

(Sorry for the long comment)






",1342537337426
http://sealytics.github.io/ontologies/release-model#Bug-9b887599-2e70-4e44-9dbb-05ff82e673da,"Hmm, not 100% sure, need to check the code again but right now all other syncing is done from the outside. I think there is a decUsage()/ isInUse() combination which could maybe cause trouble",1342537337426
http://sealytics.github.io/ontologies/release-model#Bug-9b887599-2e70-4e44-9dbb-05ff82e673da,"I think this is fixed, but I am leaving the issue open to see if it reappears in the wild.",1342537337426
http://sealytics.github.io/ontologies/release-model#Bug-9b887599-2e70-4e44-9dbb-05ff82e673da,Assigning to Ian who worked on this,1342537337426
http://sealytics.github.io/ontologies/release-model#Bug-9b887599-2e70-4e44-9dbb-05ff82e673da,I think we can close this now,1342537337426
http://sealytics.github.io/ontologies/release-model#Bug-e3ead7fa-6576-462f-8174-ae2782562cfd,added a potential fix: forcing a refresh after installing the facet,1402584099054
http://sealytics.github.io/ontologies/release-model#Bug-e3ead7fa-6576-462f-8174-ae2782562cfd,"Marking this one resolved for now as we have a potential fix. If it happens again, we shall reopen it.",1402584099054
http://sealytics.github.io/ontologies/release-model#Bug-e3ead7fa-6576-462f-8174-ae2782562cfd,Suspicion is that the ConfigurationHelper.convertTo* methods do not succeed in creation - or the resources go out of sync,1402584099054
http://sealytics.github.io/ontologies/release-model#Bug-530c1ed9-2e4b-4c70-a4ce-aabc0821b1ba,"For now, I have disabled the failing tests using the JackrabbitOnly category, in http://svn.apache.org/r1539033",1383569828942
http://sealytics.github.io/ontologies/release-model#Bug-95575a63-8ab6-4edb-a067-4b26132fe864,"the corresponding logger misconfiguration that caused this was:
{code}
&lt;jcr:root xmlns:sling=&quot;http://sling.apache.org/jcr/sling/1.0&quot;
	xmlns:jcr=&quot;http://www.jcp.org/jcr/1.0&quot; jcr:primaryType=&quot;sling:OsgiConfig&quot;
	org.apache.sling.commons.log.file=&quot;logs/my-granite-project.log&quot;
	org.apache.sling.commons.log.level=&quot;debug&quot;
	org.apache.sling.commons.log.names=&quot;[demo.demo]&quot;
	org.apache.sling.commons.log.pattern=&quot;\{0,date,yyyy-MM-dd HH:mm:ss.SSS} {4} [{3}] {5}&quot; /&gt;
{code}",1393586582742
http://sealytics.github.io/ontologies/release-model#Bug-95575a63-8ab6-4edb-a067-4b26132fe864,"One thing to note that logging would still work and all log message with level INFO+ would be directed to stdout.log. So no loss of imp log message here. 

Would update the configuration logic to handle such cases if possible and ignore malformed message formats
",1393586582742
http://sealytics.github.io/ontologies/release-model#Bug-ffbdc719-37e8-4c4c-a60e-6f470e1f93ff,"Jetty was unable to search for Sling Launchpad  Base jar at /WEB-INF//resources/org.apache.sling.launchpad.base.jar.

Replacing // with / did the trick. Attaching patch.
",1391536345222
http://sealytics.github.io/ontologies/release-model#Bug-ffbdc719-37e8-4c4c-a60e-6f470e1f93ff,Thank you very much for the patch. I have applied it in Rev. 1564767.,1391536345222
http://sealytics.github.io/ontologies/release-model#Bug-4c9c20a5-024c-464b-8d1a-db14dfb0c0b4,"* http://svn.apache.org/viewvc?view=revision&amp;revision=1594242 - ProjectAdapter now rejects empty input streams
* http://svn.apache.org/viewvc?view=revision&amp;revision=1594243 - add RepositoryAccessor.creatNode
* http://svn.apache.org/viewvc?view=revision&amp;revision=1594244 - take the real repository path into account when filtering",1380194746981
http://sealytics.github.io/ontologies/release-model#Bug-077b824c-0b49-4a5a-aacd-f06570abc31d,"I think, that you can expect that you get the same (identical) object, so all wrapping should imho be avoided.

In this case we have the proxy which (afaik) is used for the namespace handling which I really believe is not really needed.",1395858450068
http://sealytics.github.io/ontologies/release-model#Bug-077b824c-0b49-4a5a-aacd-f06570abc31d,"for example, this does not work:

{code}
@Refererence
SlingRepository repo;

Session s = repo.login(...);
SlingRepository r = (SlingRepository) s.getRepository();
{code}
",1395858450068
http://sealytics.github.io/ontologies/release-model#Bug-077b824c-0b49-4a5a-aacd-f06570abc31d,"Well, the problem is not only in the proxy but with all classes that decorate a JCR interface.
I don&apos;t know what the best pattern is - should they always returns decorators so that the symmetry is preserved? 

the JCR javadoc is a big vague here, if the &quot;same == identical&quot; object should be returned in the reverse methods, eg:

http://www.day.com/maven/jsr170/javadocs/jcr-2.0/javax/jcr/Item.html#getSession():
{quote}
Returns the Session through which this Item was acquired.
{quote}

and: http://www.day.com/maven/jsr170/javadocs/jcr-2.0/javax/jcr/Session.html#getRepository()
{quote}
Returns the Repository object through which this session was acquired.
{quote}

If you take the javadoc literally, I think the contract indeed is, that the identical object needs to be returned. So a compliant implementation should ensure that all returned objects are properly decorated, so that they can return the original session and/or repository.



",1395858450068
http://sealytics.github.io/ontologies/release-model#Bug-077b824c-0b49-4a5a-aacd-f06570abc31d,"Attached patch that solves the top most problem within the SessionProxy. But I&apos;m not sure if this is the correct place, nor worth the effort as the original session object gets lost over {{getItem()}} calls anyways.",1395858450068
http://sealytics.github.io/ontologies/release-model#Bug-077b824c-0b49-4a5a-aacd-f06570abc31d,"the problem goes further, even if the session is decorated to return the correct repository, all items created from the session would need to return the outer session.

eg:
{code}
session.getNode().getSession() != session;
{code}
",1395858450068
http://sealytics.github.io/ontologies/release-model#Bug-077b824c-0b49-4a5a-aacd-f06570abc31d,"not only the session proxy, but also the AbstractSlingRepository2 which delegates to the &quot;real&quot; JCR repository.",1395858450068
http://sealytics.github.io/ontologies/release-model#Bug-077b824c-0b49-4a5a-aacd-f06570abc31d,"As this just fixes some places but not all, I think it&apos;s not worth the effort.
My feeling is that we rather should remove the proxy alltogether as this is usually not required at all, it&apos;s more a theoretical approach",1395858450068
http://sealytics.github.io/ontologies/release-model#Bug-16e35aaf-1d82-4ee0-94fc-5185f0d52728,"I&apos;ve attached [^SLING-3307-repro.zip|a sample maven project] which demonstrates the steps I took and ended up with the launchpad not being updated.

The archive contains a README.md file which shows step-by-step instructions.",1389005518623
http://sealytics.github.io/ontologies/release-model#Bug-16e35aaf-1d82-4ee0-94fc-5185f0d52728,"We used to have a different upgrade detection mechanism, which stored the unique ID (computed at build time) of a given launchpad jar file in the sling folder, and compared that with the current jar&apos;s ID at startup. Not sure why that was changed.",1389005518623
http://sealytics.github.io/ontologies/release-model#Bug-bfcf50d6-642d-4da0-b5c2-01d75073d9f2,fixed in http://svn.apache.org/viewvc?view=revision&amp;revision=1525146,1379710341732
http://sealytics.github.io/ontologies/release-model#Bug-2f858e46-5fef-46b2-af75-1d67e9bb3799,"Implemented in http://svn.apache.org/r1560342 , with integration test.

POST :delete now returns 403 with a descriptive message if the request includes selectors, extension or suffix.

All integration tests pass.",1382530710212
http://sealytics.github.io/ontologies/release-model#Bug-2f858e46-5fef-46b2-af75-1d67e9bb3799,"Suggested patch - causes the above scenario to return a 400 BAD REQUEST status for any :delete operation that has selectors, extension or a suffix.",1382530710212
http://sealytics.github.io/ontologies/release-model#Bug-2f858e46-5fef-46b2-af75-1d67e9bb3799,"AFAIU, 400 Bad Request would mean the &quot;HTTP syntax&quot; is broken. In this case however it&apos;s just that the URL doesn&apos;t make sense here. If later that node in question is present, the request would be ok, so it is weird to say it&apos;s a syntax issue...

So I agree a 404 instead sound better.",1382530710212
http://sealytics.github.io/ontologies/release-model#Bug-2f858e46-5fef-46b2-af75-1d67e9bb3799,"bq. to return a 400 BAD REQUEST status

I think 400 is the incorrect status code. It is defined in [RFC2616|http://www.w3.org/Protocols/rfc2616/rfc2616-sec10.html] as &quot;The request could not be understood by the server due to malformed syntax.&quot;,^, however, the syntax of the request is just fine.

Would it make sense to use a simple 404 Not Found?",1382530710212
http://sealytics.github.io/ontologies/release-model#Bug-2f858e46-5fef-46b2-af75-1d67e9bb3799,"In the case an :applyTo is provided isn&apos;t this check too draconian?

Forbidding selectors on the sling post servlet ignores that filters and security checks might wish to use selectors to enforce security in front of the sling post servlet.",1382530710212
http://sealytics.github.io/ontologies/release-model#Bug-2f858e46-5fef-46b2-af75-1d67e9bb3799,"You could argue that the syntax of the request is incorrect...but 404 is fine as well, as we&apos;re not finding the resource we&apos;re being asked to delete.",1382530710212
http://sealytics.github.io/ontologies/release-model#Bug-2f858e46-5fef-46b2-af75-1d67e9bb3799,"I agree that something &quot;worse&quot; than 404 is good to express the problem clearly.

I wouldn&apos;t use 409 as http://www.w3.org/Protocols/rfc2616/rfc2616-sec10.html says &quot;this code is only allowed in situations where it is expected that the user might be able to resolve the conflict and resubmit the request&quot; but here resubmitting will fail every time.

My (current ;-) favorite is 403, &quot;the server understood the request, but is refusing to fulfill it - authorization will not help and the request SHOULD NOT be repeated&quot;. I&apos;ll implement it like that then.

bq. I wonder, whether we should not forbid selectors and extensions completely on the SlingPostServlet

I&apos;m not in favor of that but let&apos;s discuss on the dev list if needed, that&apos;s a distinct topic.",1382530710212
http://sealytics.github.io/ontologies/release-model#Bug-2f858e46-5fef-46b2-af75-1d67e9bb3799,"Looks good to me. A request to /tmp/test.other/nothing doesn&apos;t really make sense in the first place if the (full) path does not exist.

Does the same issue apply to these cases?
- a DELETE request (don&apos;t know if that shares use of the DeleteOperation)
- a request using a @Delete addressing the local node (not sure if that works):
{code}
POST /tmp/test.other/nothing
with param: &quot;.@Delete&quot; = &quot;true&quot;
{code}
- (are these all ways to delete something?)

Also could the same issue be present for other operations such as move, copy etc.?
",1382530710212
http://sealytics.github.io/ontologies/release-model#Bug-2f858e46-5fef-46b2-af75-1d67e9bb3799,"I agree with the 400 part not being appropriate. I am not really sure about 404 being the right code, though. Rather I think it would be 403/FORBIDDEN (we don&apos;t allow this operation on this resource [URL]) or maybe even 409/CONFLICT (because we generally allow this method on this URL but in this context)

WDYT ?

Going a step further: I wonder, whether we should not forbid selectors and extensions completely on the SlingPostServlet ?",1382530710212
http://sealytics.github.io/ontologies/release-model#Bug-c22d881e-a32d-470e-a3a0-da924db0e1bd,"Fixed in http://svn.apache.org/r1520551 by having the scripting.api bundle just import the javax.script package, without embedding or exporting it.

All integration tests pass after this change, with JDK 1.6. This might break compatibility with JDK 1.5 but I don&apos;t think we really care about that anymore.

I have left the custom javax.script.ScriptEngineManager implementation in the bundle for now, removing it would need more analysis.",1378458896233
http://sealytics.github.io/ontologies/release-model#Bug-c22d881e-a32d-470e-a3a0-da924db0e1bd,"This is caused by org.apache.sling.scripting.api embedding and exporting the javax.script package, which is now also (rightly IMO) exported by org.apache.felix.framework 4.2.0.

As a result, some javax.script classes are loaded from the framework bundle and others from org.apache.sling.scripting.api, which causes errors like the above one and maybe others depending on the order of bundles activation.",1378458896233
http://sealytics.github.io/ontologies/release-model#Bug-c22d881e-a32d-470e-a3a0-da924db0e1bd,Cool. Thanks.,1378458896233
http://sealytics.github.io/ontologies/release-model#Bug-c22d881e-a32d-470e-a3a0-da924db0e1bd,"Done already, org.apache.sling.scripting.api now has Bundle-RequiredExecutionEnvironment: JavaSE-1.6",1378458896233
http://sealytics.github.io/ontologies/release-model#Bug-c22d881e-a32d-470e-a3a0-da924db0e1bd,That change makes sense to me (nowadays). But then we should mark the bundle as requiring Java 6 using the appropriate Bundle-RequiredExecutionEvibronment header (or simple declare build for Java 6 in the pom),1378458896233
http://sealytics.github.io/ontologies/release-model#Bug-27e8418f-54a9-43d4-af3f-83c6fae0cacc,"[~rombert], yup, makes sense. it&apos;s fixed now.",1402674732594
http://sealytics.github.io/ontologies/release-model#Bug-27e8418f-54a9-43d4-af3f-83c6fae0cacc,[~egli] - do you think this makes sense for 1.0.0?,1402674732594
http://sealytics.github.io/ontologies/release-model#Bug-196d6125-7d38-4896-b333-7730c4568a17,"Fixed by using getProperty(name).remove instead (with an additional sanity check if the property exists)
The JcrModifiablePropertyMap was also affected by this problem. Fixed as well",1394469342760
http://sealytics.github.io/ontologies/release-model#Bug-fe8b9b90-b6b5-43e8-a104-3b54b905e417,Fixed in rev 1534576 by using commons-lang,1382435437548
http://sealytics.github.io/ontologies/release-model#Bug-435ebad9-809a-40e5-8985-9ee801b89bdb,"I agree, you should simply be able to simply overwrite a bundle not caring about versions. 
It is also  worth mentioning that this comparison happens backwards: you start with the master list (CQ) and check if there are any overlaps with the partial bundle list (Granite), then the merge will change versions only if the new version (Granite) is newer than the old version (CQ). Dunno if it helps, but I found this a bit confusing at first.",1385589446740
http://sealytics.github.io/ontologies/release-model#Bug-435ebad9-809a-40e5-8985-9ee801b89bdb,"FWIW, the source for the maven-osgi shared component is here: http://svn.apache.org/repos/asf/maven/shared/trunk/maven-osgi/src/main/java/org/apache/maven/shared/osgi/DefaultMaven2OsgiConverter.java

I wonder if this version comparision is even necessary. I&apos;ll have to doublecheck, but it seems like you should be able to downgrade bundles from an upstream list. Why shouldn&apos;t it just be the last bundle definition wins?",1385589446740
http://sealytics.github.io/ontologies/release-model#Bug-435ebad9-809a-40e5-8985-9ee801b89bdb,"Apart from the faulty version check, I think this behaviour is what we have discussed back then. The bundle list can be seen as feature list and in this respect the highest version of a bundle must win, otherwise a feature will not work anymore.
So this is not an inheritance mechanism (as we&apos;re using internally within Adobe) but an aggregation mechanism",1385589446740
http://sealytics.github.io/ontologies/release-model#Bug-b4ac99a2-4e17-49a5-8cfb-bc28d456bb3d,The comparator did not handle the case if two jobs have the same created time. If changed this by comparing the id if the date is the same,1390331432311
http://sealytics.github.io/ontologies/release-model#Bug-d4186fa1-c9dc-48e1-89f8-9f0324fa9949,fixed in revision 1488784.,1370206449858
http://sealytics.github.io/ontologies/release-model#Bug-e3abb501-a577-4d36-b124-c0ef8b80f10d,"* http://svn.apache.org/viewvc?view=revision&amp;revision=1605439 initial fix
* http://svn.apache.org/viewvc?view=revision&amp;revision=1605440 simplify VaultFile lookup 
* http://svn.apache.org/viewvc?view=revision&amp;revision=1605441 downgrade a warning to debug",1403645858162
http://sealytics.github.io/ontologies/release-model#Bug-02222a57-0c8b-4545-af8c-2de64df71d77,"Actually using the ServiceUtil method was wrong as the map provided to the activate method never contains the service id - the junit tests didn&apos;t catch this as they were providing maps with the service id set.
In addition, the update method on the service map was wrongly specified, so changes to the configuration of a service where ignored as well
All fixed now in rev 1609569",1405004484913
http://sealytics.github.io/ontologies/release-model#Bug-fc535209-91fb-4209-b7a2-e673f8c97d52,"Fixed in Rev. 1541393.

Also adapted the ScriptableResourceTest becaused &quot;undefined&quot; is returned as null now. The test evaluates a comparison to the undefined value and verifies the result is true.",1384317248652
http://sealytics.github.io/ontologies/release-model#Bug-fc535209-91fb-4209-b7a2-e673f8c97d52,"unwrap might work if the resultant object is Scriptable, but seems like its always a NativeObject.

Is it possible to reuse the ScriptValueConvertor#unwrapValue [1] from the springframework project? we would have to do the same thing.
Or do you think it should be the responsibility of the client application to unwrap js native objects.

[1] https://src.springframework.org/svn/se-surf/trunk/spring-webscripts/spring-webscripts/src/main/java/org/springframework/extensions/webscripts/ScriptValueConverter.java",1384317248652
http://sealytics.github.io/ontologies/release-model#Bug-fc535209-91fb-4209-b7a2-e673f8c97d52,"Closing Apache Sling Scripting JavaScript Support 2.0.14 issues after releasing that module.
",1384317248652
http://sealytics.github.io/ontologies/release-model#Bug-81e6aa60-40e1-4cdf-b168-cace07872912,added test in rev. 1590589,1393843402853
http://sealytics.github.io/ontologies/release-model#Bug-81e6aa60-40e1-4cdf-b168-cace07872912,"Before we make any changes, can we make sure we have tests that demonstrate the current behavior, along with any changes that such patches might introduce? We have several layers of URL-to-resource mappings in Sling, it&apos;s sometimes hard to get the overview, and any changes might introduce backwards compatibility issues.

As a starting point, we do have some vanity paths tests at [1].

[1] https://svn.apache.org/repos/asf/sling/trunk/launchpad/integration-tests/src/main/java/org/apache/sling/launchpad/webapp/integrationtest/VanityPathTest.java",1393843402853
http://sealytics.github.io/ontologies/release-model#Bug-81e6aa60-40e1-4cdf-b168-cace07872912,fixed in rev. 1590592,1393843402853
http://sealytics.github.io/ontologies/release-model#Bug-410b4f9d-ef64-4fdd-9ebc-17f7410f3e9b,"[~egli] - unless we run into this again and get steps to reproduce, I suggest we postpone to 1.0.2 . WDYT?",1379684989117
http://sealytics.github.io/ontologies/release-model#Bug-410b4f9d-ef64-4fdd-9ebc-17f7410f3e9b,"Yes, agreed. I haven&apos;t seen this lately. We&apos;d need to know how to reproduce.",1379684989117
http://sealytics.github.io/ontologies/release-model#Bug-410b4f9d-ef64-4fdd-9ebc-17f7410f3e9b,Haven&apos;t seen this in quite some time so resolving.,1379684989117
http://sealytics.github.io/ontologies/release-model#Bug-34c02f22-b3fb-4070-b6d8-44bc405246cc,"Added failing, ignored test in http://svn.apache.org/viewvc?view=revision&amp;revision=1596549",1400674082144
http://sealytics.github.io/ontologies/release-model#Bug-8d45dd6e-d170-475c-80bf-ce6cc0806fd4,[~asanso] Can you please have a look?,1406107158085
http://sealytics.github.io/ontologies/release-model#Bug-8d45dd6e-d170-475c-80bf-ce6cc0806fd4,thanks [~cziegeler] but is a duplicate of SLING-3713,1406107158085
http://sealytics.github.io/ontologies/release-model#Bug-505ff065-cf7d-498a-894f-3b924e6bd0e0,fixed in r1625293,1410875972649
http://sealytics.github.io/ontologies/release-model#Bug-20f25f70-81e0-41a2-83f3-8ee81ef83eaa,fixed,1405967187599
http://sealytics.github.io/ontologies/release-model#Bug-20f25f70-81e0-41a2-83f3-8ee81ef83eaa,SLING-3777 is part of/blocks SLING-3775,1405967187599
http://sealytics.github.io/ontologies/release-model#Bug-7193ac5d-4fec-427f-a3cc-3c8a66b3521d,"Yes, that would do as a workaround.
I agree that the above suggestion is complex and it has some problems for implementing it.",1396845061155
http://sealytics.github.io/ontologies/release-model#Bug-7193ac5d-4fec-427f-a3cc-3c8a66b3521d,"Thanks for the issue and the information. I guess the fix in SLING-3482 is too simple.
The problem there is caused by servlets being registered into the resource tree. For example, if a servlet is registered at /libs/foo/baa/my.servlet, fake resource providers are created for /libs, /libs/foo and /libs/foo/baa.
I think we&apos;re facing several issues:
- servlet resources are available to everyone
- intermediate fake resource providers are available to everyone

I haven&apos;t yet looked into the detail, but I could imagine that we should protect the servlet resources and somehow use the same protected for the generated fake intermediate resource proivders. This would have solved SLING-3482 without the change in behaviour.
",1396845061155
http://sealytics.github.io/ontologies/release-model#Bug-7193ac5d-4fec-427f-a3cc-3c8a66b3521d,"mysample-source is eclipse project, and you can build bundle by maven as well.

mysample-1.0.0-SNAPSHOT.jar is bundle",1396845061155
http://sealytics.github.io/ontologies/release-model#Bug-7193ac5d-4fec-427f-a3cc-3c8a66b3521d,"I understand your points, it makes sense but a little bit complex to protect servlet and its fake parents in same protection rule, especially when two different servlet resources have common fake parent(s).

So, for now, if I need create a /content/newfolder1/myres1 in my sample, the most safe way is to create /content, newfolder1 and myres1 as sling:Folder nodes separately, right?",1396845061155
http://sealytics.github.io/ontologies/release-model#Bug-281fb9c2-2fe8-499e-87eb-b7d444d9ff04,Fixed in rev 1618926,1408430109708
http://sealytics.github.io/ontologies/release-model#Bug-f1a67581-5b45-4b6f-a211-d275980b7095,Quick question - according ot JCR-3596 it looks like multi-threaded read access on a session is permitted while write is not.  Is there any reason we have to protect multithreaded access to this admin session considering it is only required for read?  (for option b I am speaking),1386988155243
http://sealytics.github.io/ontologies/release-model#Bug-f1a67581-5b45-4b6f-a211-d275980b7095,"I am out of office until January 6th 2014 with no access to email.

If you have an urgent issue please call me on my mobile number and leave a Voice Mail and I will return your call as soon as possible.

Please use the relevant CRM system (Daycare/ClientCare) for any operational issues during my time out.

Alternatively, you can visit the Adobe Support Portal to log issues against your registered products: http://www.adobe.com/go/supportportal or into Daycare at http://daycare.day.com/

Kind regards -- David
",1386988155243
http://sealytics.github.io/ontologies/release-model#Bug-f1a67581-5b45-4b6f-a211-d275980b7095,I think we can close this issue with the current implementation. I&apos;ll create a duplicate of this to keep the idea of a separate service,1386988155243
http://sealytics.github.io/ontologies/release-model#Bug-f1a67581-5b45-4b6f-a211-d275980b7095,"Yes, good point. It could be that the &quot;left overs&quot; of a Jackrabbit session that was already closed but not finalized yet (?) have a big impact on other sessions in terms of synchronization.

Or it is simply the creation of a session that - if done 100s or 1000s of times per request (this is what we saw, easily happens if you use isResourceType() to filter on a larger jcr tree) even if a single session creation takes only a few ms, this adds up.",1386988155243
http://sealytics.github.io/ontologies/release-model#Bug-f1a67581-5b45-4b6f-a211-d275980b7095,"If the resource resolver spec doesn&apos;t allow concurrent access just as the jcr session spec, then we are ok - because the admin resolver access will always be wrapped within the normal resolver, which needs to be properly synchronized anyways.

Regarding the 2 options Carsten mentioned:
a) is the simplest one and we should do it as a first step now and see what real-world improvements we get from it
b) right, having a cache makes only sense if we put it in a central shared service; we should look at this if a) is not good enough",1386988155243
http://sealytics.github.io/ontologies/release-model#Bug-f1a67581-5b45-4b6f-a211-d275980b7095,"Hi Alex, thanks for your answer but how does the cache help then?
If we only talk about one request, there should never be parallel access in any case, since the session was closed immediately afterwards (before the cache was implemented), so there should be no overlap of open sessions (at least for the case of isResourceType())
If we talk about multiple requests the cache will not help, because the cache is per request (it means for n requests there might be n parallel sessions, which is the same behaviour as before!).
Even without the cache we would have no more than n parallel sessions for n requests. Am I wrong here?",1386988155243
http://sealytics.github.io/ontologies/release-model#Bug-f1a67581-5b45-4b6f-a211-d275980b7095,While I value this discussion I think it should rather happen on the mailing list as this is not directly about this issue. Thanks,1386988155243
http://sealytics.github.io/ontologies/release-model#Bug-f1a67581-5b45-4b6f-a211-d275980b7095,"If we assume that the sessions which are closed but not yet finalized have an effect on synchronisation that should clearly be fixed in the code. But I am rather assuming that the GC is the culprit there (see http://www.fasterj.com/articles/finalizer1.shtml), meaning the closed sessions survive too long in the heap, due to the finalizer. Don&apos;t you think that getting rid of the finalize (JCR-2768) would have a bigger impact than the implemented cache?
Another question is, why does Oak behave even worse than Jackrabbit here?
",1386988155243
http://sealytics.github.io/ontologies/release-model#Bug-f1a67581-5b45-4b6f-a211-d275980b7095,"Having a cache of the isResourceType() lookups would certainly be ideal, but it may be difficult to invalidate such a cache if we store the cache long-term.  

What about storing a &quot;long lived&quot; admin resource resolver associated with the current resource resolver factory and using that for the resource type heirarchy lookups?  This would eliminate the need to get new admin resolvers each time.  Of course on OAK this admin resolver would need to be refreshed on occasion which could also pose it&apos;s own set of challenges.",1386988155243
http://sealytics.github.io/ontologies/release-model#Bug-f1a67581-5b45-4b6f-a211-d275980b7095,"There are at least three reasons :)
- the jcr spec states that a session should not be a accessed concurrently - and we don&apos;t want to rely on implementation details
- the resource resolver spec states it should not be accessed concurrently - and we&apos;re accessing an admin resource resolver which has an underlying session
- although Jackrabbit states that its safe to have concurrent read access, at least in previous versions of Jackrabbit, there were sporadic problems with this resulting in exceptions. This might be fixed with newer versions of Jackrabbit",1386988155243
http://sealytics.github.io/ontologies/release-model#Bug-f1a67581-5b45-4b6f-a211-d275980b7095,"Thinking about b) further: a central service actually makes sense as it could use the script user to get the exact same view as the script resolution about the resource type hierarchies. And while invalidation can be a bit tricky (needs another observation on the entire repository), it usually should only happen on code deployments. For a production system, where the performance issue with many parallel request only really comes up, types will be very stable.

The service / cache would:
- use the script user to do the lookups
- be invalidated by an observation listener on the sling search path (/apps, /libs...) (also script user)
- just set a dirty flag on events
- and force a refresh on the underlying jcr session, to make sure it sees the latest content (needed for Oak)
- do the necessary single lookup using that session and add this single entry to the cache

The only problem we might face is if the content modified by the production system overlaps with the areas where the types are:
- production requests make frequent &quot;content&quot; changes to /libs or /apps, leading to frequent invalidation (and we can&apos;t instruct the cache to only look at rt changes, because we need to take into account not only modifications of the sling:resourceSuperType properties, but also of creation or removal of resource type folders, as they can have an impact on the rt hierarchy)
- use of absolute resource types or super types pointing outside the search path (e.g. sling:resourceSuperType=/content/site/foo)

Both (especially the latter) seem an uncommon usage and the penalty of doing so could be ok.",1386988155243
http://sealytics.github.io/ontologies/release-model#Bug-f1a67581-5b45-4b6f-a211-d275980b7095,"I think we have two options:
a) cache the admin resource resolver per resource resolver impl
b) create a separate (internal) service taking care of the resource hierarchy and using a single admin session. This service could also keep a cache and simply throw it away of a change is done to any sub tree of the search paths

So b) is similar to Will&apos;s suggestion but keeps it in a separate service where we can handle the multi-threaded access to the single admin resource resolver

Do avoid any additional sync&apos;ing a think it&apos;s better to go with a)",1386988155243
http://sealytics.github.io/ontologies/release-model#Bug-f1a67581-5b45-4b6f-a211-d275980b7095,Why is creating a very short-living session so expensive? Within the ResourceResolver.getParentResourceType() the session is almost immediately closed within the finally. Probably it is related to the session having a finalize method (JCR-2768). Since one request is dealt within a single thread there should never be multiple sessions active at the same time for that specific method. I think by just getting rid of the finalize method within the JCR session one would achieve a much better performance (very similar to using a resource resolver cache).,1386988155243
http://sealytics.github.io/ontologies/release-model#Bug-f1a67581-5b45-4b6f-a211-d275980b7095,"The problem seems to lie in the concurrent access of multiple JCR sessions with many parallel requests, not just in the creation of the session (see the description). This depends on the JCR implementation, but with the current state of Oak it seemed even worse, so Sling should minimize session use in any case.",1386988155243
http://sealytics.github.io/ontologies/release-model#Bug-f1a67581-5b45-4b6f-a211-d275980b7095,"I&apos;ve added a first simple implementation for a)

For b) if there are frequent changes to /libs, /apps, there is nothing we can do - we could provide an option to disable the cache though
If a resource type is absolute and pointing outside of the search paths, it&apos;s very likely that the script is not executed as the script resolver is configured with absolute paths which are allowed",1386988155243
http://sealytics.github.io/ontologies/release-model#Bug-32be5ff5-5f11-41ce-9c99-d274a5f604da,"As it turns out, this worked but I wrote the tests incorrectly. Nevertheless, we have one more automated test for the sync process.

* http://svn.apache.org/viewvc?view=revision&amp;revision=1594912 - added tracing to the impl-vlt plugin
* http://svn.apache.org/viewvc?view=revision&amp;revision=1594913 - added a PropertyMatcher
- http://svn.apache.org/viewvc?view=revision&amp;revision=1594914 - added test to validate the scenario of this bug",1400157902563
http://sealytics.github.io/ontologies/release-model#Bug-5ee6428a-aefb-4c79-9b10-88ff4f0cc39d,"Thanks for reporting, I&apos;ve committed a fix in rev 1625294",1409301590138
http://sealytics.github.io/ontologies/release-model#Bug-11040c4f-a9c6-49b5-a2e4-939b6fac8c24,"bq. Will you also take care of the patch provided by Tim for SLING-3179 ? 

yes I can try :)",1362130976619
http://sealytics.github.io/ontologies/release-model#Bug-11040c4f-a9c6-49b5-a2e4-939b6fac8c24,Linking to the generic issue implementing the preauthentication problem proposal (https://cwiki.apache.org/confluence/display/SLING/Solving+the+Authentication+Handler+Credential+Validation+Problem),1362130976619
http://sealytics.github.io/ontologies/release-model#Bug-11040c4f-a9c6-49b5-a2e4-939b6fac8c24,[~alexander.klimetschek] I fear Sling is not in a position to answer you question :-),1362130976619
http://sealytics.github.io/ontologies/release-model#Bug-11040c4f-a9c6-49b5-a2e4-939b6fac8c24,"BTW, regarding the null login in JCR allowing the context to define the user freely: I hope Jackrabbit/Oak has an option to turn that off and it is off by default. Otherwise things like loginByService() are not adding any security, just a little convenience to configure the mappings in a central place (which probably will evolve into a pluggable setting anyway, since otherwise a deployment of a new feature would always require update of that central configuration anyway or you are forced to add a fallback to &quot;admin&quot; for unconfigured services, which would be a bad outcome...).",1362130976619
http://sealytics.github.io/ontologies/release-model#Bug-11040c4f-a9c6-49b5-a2e4-939b6fac8c24,"I&apos;d be inclined to apply the patch included by [~fmeschbe] and [~anchela] in https://cwiki.apache.org/confluence/display/SLING/Solving+the+Authentication+Handler+Credential+Validation+Problem

namely 

{code}

if (credentials == null) {
    if (Subject.getSubject(AccessController.getContext()) != null) {
        return getRepository().login(null, workspace);
    } else {
        // TODO: getAnonCredentials(this.anonUser) should not be used for anonymous access
        return getRepository().login(new GuestCredentials(), workspace);
    }
} else {
    return getRepository().login(credentials, workspace);
}
{code}

WDYT?",1362130976619
http://sealytics.github.io/ontologies/release-model#Bug-11040c4f-a9c6-49b5-a2e4-939b6fac8c24,"&gt; GuestCredentials

Remember this Sling implementations dates back to JCR 1 where there was no GuestCredentials and we never adapted this code.

&gt; login(null) support

Thanks for the update. For Sling which wraps its own Repository wrapper around the actual Repository we can still implement the support.

As I tried to bring the discussion to the list, I propose replace the respective code with something similar to this:

    if (credentials == null) {
        if (!hasAccessControlContext || !hasSubject) {
            credentials = new GuestCredentials();
        }
    }

This allows for backwards compatibility (where generally there will be no AccessControlContext with a Subject) while at the same time allow for Subject based authentication.",1362130976619
http://sealytics.github.io/ontologies/release-model#Bug-11040c4f-a9c6-49b5-a2e4-939b6fac8c24,"apart from violating the spec this also pretty awkward as the &apos;anonymous&apos; in sling represents the unauthenticated user.
login as such with other credentials that javax.jcr.GuestCredentials doesn&apos;t make sense IMHO.

it&apos;s actually an oddity (or bug) in jackrabbit core that it was (actually is) possible to login with SimpleCredentials build for the
anonymous user that has not been fixed in order not to break backwards compatibility.

as of oak that special handling for the anonymous user will not be supported any more and the built-in anonymous user
will not have a password property any more... so login(new SimpleCredentials(&quot;anonymous&quot;, &quot;&quot;) will no longer work.
instead login(new GuestCredentials) will succeed if a valid anonymous user exists.

similarly, login(null) will no longer be converted into an anonymous-login by default. to ease migration and provide a
backwards compatible setup there exists a separate loginmodule implementation that will populate the shared-state 
with guestcredentials in case of null-login.

hope that helps",1362130976619
http://sealytics.github.io/ontologies/release-model#Bug-11040c4f-a9c6-49b5-a2e4-939b6fac8c24,[~asanso] Yes. Will you also take care of the patch provided by Tim for SLING-3179 ? Thanks.,1362130976619
http://sealytics.github.io/ontologies/release-model#Bug-049ffb12-49d8-418d-8bc6-c4e145b495b8,"Proposing patch for fixing this. If the parent of the resource is not available, try getting the resource directly.",1398672383828
http://sealytics.github.io/ontologies/release-model#Bug-049ffb12-49d8-418d-8bc6-c4e145b495b8,Thanks for your patch Matei - I solved it now slightly different by allowing null in the ParentHidingHandler constructor,1398672383828
http://sealytics.github.io/ontologies/release-model#Bug-95ace97a-effe-4043-9e30-ede7eaed9877,"Fixed in http://svn.apache.org/r1524703 by refreshing the long-lived Session that ScriptableTestsProvider uses, before querying it.

This wasn&apos;t a problem with Jackrabbit, but Oak handles that differently.",1379432642869
http://sealytics.github.io/ontologies/release-model#Bug-030ed71f-4fbb-40e7-98ef-fc98efe47bb5,fixed in r1602450,1402671018655
http://sealytics.github.io/ontologies/release-model#Bug-108328aa-fd28-4bff-b150-f55b6d82a158,"the current text is:

{code}
            description = &quot;Provides mappings from service name to user names. &quot;
                + &quot;Each entry is of the form &apos;serviceName [ \&quot;:\&quot; subServiceName ] \&quot;=\&quot; userName&apos; &quot;
                + &quot;where serviceName and subServiceName identify the service and userName &quot;
                + &quot;defines the name of the user to provide to the service. Invalid entries are logged and ignored.&quot;,
{code}

but the mapping is not based on service name, but on the bundle id. so it should read:

{code}
            description = &quot;Provides mappings from service name to user names. &quot;
                + &quot;Each entry is of the form &apos;bundleId [ \&quot;:\&quot; subServiceName ] \&quot;=\&quot; userName&apos; &quot;
                + &quot;where bundleId and subServiceName identify the service and userName &quot;
                + &quot;defines the name of the user to provide to the service. Invalid entries are logged and ignored.&quot;,
{code}
",1395251465523
http://sealytics.github.io/ontologies/release-model#Bug-108328aa-fd28-4bff-b150-f55b6d82a158,"Thanks for your patch, Tobias - it&apos;s applied. I&apos;ve also fixed the copied description in MappingConfigAmendment",1395251465523
http://sealytics.github.io/ontologies/release-model#Bug-e14066a1-dc9f-4ccd-bd30-412cade89b43,This has been fixed with the changes for SLING-3645 -&gt; duplicate,1401394250750
http://sealytics.github.io/ontologies/release-model#Bug-65d08f7f-f1e7-4d00-ad3d-05136ac977be,"* http://svn.apache.org/viewvc?view=revision&amp;revision=1611661 - correct the version of the embedded support bundle
* http://svn.apache.org/viewvc?view=revision&amp;revision=1611662 - automatically deploy the tooling bundle on startup, if needed
* http://svn.apache.org/viewvc?view=revision&amp;revision=1611663 - better progress reporting when connecting to the server",1404723974187
http://sealytics.github.io/ontologies/release-model#Bug-5c0ec774-9ae9-4942-89bd-4c3d100af8fb,Fixed in http://svn.apache.org/viewvc?view=revision&amp;revision=r1615633,1407163297834
http://sealytics.github.io/ontologies/release-model#Bug-32a4fb9f-092c-490a-a582-3585bdf04f73,"This is similar to requesting page.badSelector.html, where checking for all possible values of badSelector can get expensive.

We could introduce an optional SelectorValidator service and let users supply implementations that can reject requests based on their selectors. You could then reject any request that has an empty selector for this case, restrict the space of which selectors you accept in your system, restrict requests that have more than N selectors, etc.

This might actually already be possible with a Sling Filter that checks the current request&apos;s selectors and returns 404 if they are not ok.
",1256130794288
http://sealytics.github.io/ontologies/release-model#Bug-32a4fb9f-092c-490a-a582-3585bdf04f73,And such a filter already exists: http://svn.apache.org/repos/asf/sling/trunk/samples/urlfilter/,1256130794288
http://sealytics.github.io/ontologies/release-model#Bug-32a4fb9f-092c-490a-a582-3585bdf04f73,"Ah, you are right. One could set such a flag on individual servlets/resource types, for the ones where you know the set of selectors is fixed.

But I guess a central whitelist can be easier to maintain in the end.",1256130794288
http://sealytics.github.io/ontologies/release-model#Bug-32a4fb9f-092c-490a-a582-3585bdf04f73,"Yes your observation is indeed right. Is this a problem we have to tackle ? And if so: in what whay ?

After all, these are all valid URLs and according to how we resolve URLs by continuously cut at dots, this can be seen as expected behaviour.",1256130794288
http://sealytics.github.io/ontologies/release-model#Bug-32a4fb9f-092c-490a-a582-3585bdf04f73,@alexander.klimetschek not necessarily. Selectors are frequently dynamic and you can&apos;t assume that only registered selectors are going to be supported.,1256130794288
http://sealytics.github.io/ontologies/release-model#Bug-32a4fb9f-092c-490a-a582-3585bdf04f73,"It should also be possible without having to configure all your selectors again, since you already configured the valid selectors in your servlets or in your scripts.

So some (global?) flag for the sling engine could say &quot;only.configured.selectors&quot; etc. and after evaluation of all possible servlet candidates - when none matches &quot;exactly&quot; and sling falls back to a lower level (say an unknown selector &quot;malicious&quot; is used, and there is no servlet registered for it, and sling would take the non-selector servlet), it would simply result with a 404.",1256130794288
http://sealytics.github.io/ontologies/release-model#Bug-32a4fb9f-092c-490a-a582-3585bdf04f73,"Hi Felix. That&apos;s all true, but it does cause harm, so that should be considered; typos are silently ignored which can lead to problems with SEO, cache inefficiency, and complicate URL redirection efforts.

My personal preference would be to see these URLs return 404.",1256130794288
http://sealytics.github.io/ontologies/release-model#Bug-f7839a4c-b21c-40fd-a929-e1aa839c9956,"This should now be fixed, your example project works fine for me.

* http://svn.apache.org/viewvc?view=revision&amp;revision=1596257 - simplify usage of ProjectAdapter.createOrUpdateFile
* http://svn.apache.org/viewvc?view=revision&amp;revision=1596258 - added tracing to the node deletion code
* http://svn.apache.org/viewvc?view=revision&amp;revision=1596259 - fixed bug + added  regression test",1400588743320
http://sealytics.github.io/ontologies/release-model#Bug-f7839a4c-b21c-40fd-a929-e1aa839c9956,zipped content for reproducing the bug,1400588743320
http://sealytics.github.io/ontologies/release-model#Bug-f7839a4c-b21c-40fd-a929-e1aa839c9956,"That&apos;s perfect, thanks.",1400588743320
http://sealytics.github.io/ontologies/release-model#Bug-f7839a4c-b21c-40fd-a929-e1aa839c9956,[~egli] - can you please attach an archive of the content structure? It&apos;s much faster than trying to re-create it myself,1400588743320
http://sealytics.github.io/ontologies/release-model#Bug-f83de7c0-459c-4c2e-ba71-68e544e96617,Fixed in http://svn.apache.org/viewvc?view=revision&amp;revision=1592478,1381402818120
http://sealytics.github.io/ontologies/release-model#Bug-1b06cdbc-127a-469e-88c2-bb2562309864,"yes, I get this too - when getting this, after another few seconds it usually works..",1404723853115
http://sealytics.github.io/ontologies/release-model#Bug-1b06cdbc-127a-469e-88c2-bb2562309864,Another failed attempt: exporting org.apache.jackrabbit.jcr2spi from vlt-wrapper,1404723853115
http://sealytics.github.io/ontologies/release-model#Bug-1b06cdbc-127a-469e-88c2-bb2562309864,"FTR, using Require-Bundle in the impl-vlt bundle to pull in the vlt-wrapper bundle does not work.",1404723853115
http://sealytics.github.io/ontologies/release-model#Bug-1b06cdbc-127a-469e-88c2-bb2562309864,See https://dev.eclipse.org/mhonarc/lists/m2e-dev/msg01661.html ,1404723853115
http://sealytics.github.io/ontologies/release-model#Bug-1b06cdbc-127a-469e-88c2-bb2562309864,"The {{RepositoryFactoryImpl}} class make use of the context ClassLoader. I suspect that this can be the cause of erratic behaviour.

{code}
            Class&lt;?&gt; repositoryFactoryClass = Class.forName(repositoryFactoryName, true,
                    Thread.currentThread().getContextClassLoader());

            repositoryFactory = repositoryFactoryClass.newInstance();
{code}",1404723853115
http://sealytics.github.io/ontologies/release-model#Bug-1b06cdbc-127a-469e-88c2-bb2562309864,"The original stack trace shows that class loading is done via Plexus Classworlds. Not sure whether this is fine or not, but it does stand out.

{code}javax.jcr.RepositoryException: java.lang.ClassNotFoundException: org.apache.jackrabbit.jcr2spi.Jcr2spiRepositoryFactory
        at org.apache.jackrabbit.client.RepositoryFactoryImpl.getRepository(RepositoryFactoryImpl.java:71)
        at org.apache.jackrabbit.vault.davex.DAVExRepositoryFactory.createRepository(DAVExRepositoryFactory.java:124)
        at org.apache.sling.ide.jcr.RepositoryUtils.getRepositoryAddress(RepositoryUtils.java:71)
        at org.apache.sling.ide.jcr.RepositoryUtils.getRepository(RepositoryUtils.java:44)
        at org.apache.sling.ide.impl.vlt.VltRepository.connect(VltRepository.java:65)
        at org.apache.sling.ide.impl.vlt.VltRepositoryFactory.connectRepository(VltRepositoryFactory.java:69)
        at org.apache.sling.ide.eclipse.core.ServerUtil.connectRepository(ServerUtil.java:154)
        at org.apache.sling.ide.eclipse.core.internal.SlingLaunchpadBehaviour.start(SlingLaunchpadBehaviour.java:88)
        at org.apache.sling.ide.eclipse.core.internal.SlingLaunchpadLaunchConfigurationDelegate.launch(SlingLaunchpadLaunchConfigurationDelegate.java:45)
        at org.eclipse.debug.internal.core.LaunchConfiguration.launch(LaunchConfiguration.java:858)
        at org.eclipse.debug.internal.core.LaunchConfiguration.launch(LaunchConfiguration.java:707)
        at org.eclipse.debug.internal.core.LaunchConfiguration.launch(LaunchConfiguration.java:700)
        at org.eclipse.wst.server.core.internal.Server.startImpl2(Server.java:3541)
        at org.eclipse.wst.server.core.internal.Server.startImpl(Server.java:3477)
        at org.eclipse.wst.server.core.internal.Server$StartJob.run(Server.java:367)
        at org.eclipse.core.internal.jobs.Worker.run(Worker.java:53)
Caused by: java.lang.ClassNotFoundException: org.apache.jackrabbit.jcr2spi.Jcr2spiRepositoryFactory
        at org.codehaus.plexus.classworlds.strategy.SelfFirstStrategy.loadClass(SelfFirstStrategy.java:50)
        at org.codehaus.plexus.classworlds.realm.ClassRealm.loadClass(ClassRealm.java:244)
        at org.codehaus.plexus.classworlds.realm.ClassRealm.loadClass(ClassRealm.java:230)
        at java.lang.Class.forName0(Native Method)
        at java.lang.Class.forName(Class.java:270)
        at org.apache.jackrabbit.client.RepositoryFactoryImpl.getRepository(RepositoryFactoryImpl.java:65)
        ... 15 more{code}",1404723853115
http://sealytics.github.io/ontologies/release-model#Bug-1b06cdbc-127a-469e-88c2-bb2562309864,"Bingo! When the build works, the ClassLoader is {noformat}org.eclipse.core.runtime.internal.adaptor.ContextFinder@5cbe48ab{noformat} , but when it does not, the ClassLoader is {noformat}ClassRealm[project&gt;com.example:test002.components:0.0.1-SNAPSHOT, parent: ClassRealm[maven.api, parent: null]]{noformat} .",1404723853115
http://sealytics.github.io/ontologies/release-model#Bug-1b06cdbc-127a-469e-88c2-bb2562309864,Fixed in http://svn.apache.org/viewvc?view=revision&amp;revision=r1608702 by setting the TCCL to a well-known &apos;good&apos; class loader.,1404723853115
http://sealytics.github.io/ontologies/release-model#Bug-ecf385fa-90a0-484d-b4e8-d5c4cdbd3042,Fixed in http://svn.apache.org/viewvc?view=revision&amp;revision=1529050,1380847837386
http://sealytics.github.io/ontologies/release-model#Bug-0227bc08-a8b4-4172-beda-f3b3c99a2a17,Unassigning and lowering priority until I get more feedback about how to reproduce.,1380046983326
http://sealytics.github.io/ontologies/release-model#Bug-0227bc08-a8b4-4172-beda-f3b3c99a2a17,Reopened since I&apos;ve seen that his does not work - tried with Subversive 1.0.0.I20130122-1700 .,1380046983326
http://sealytics.github.io/ontologies/release-model#Bug-0227bc08-a8b4-4172-beda-f3b3c99a2a17,"Fixed in http://svn.apache.org/viewvc?view=revision&amp;revision=1526021 by taking into account the team private status of a resource. Note that I haven&apos;t been able to reproduce it since I need to use an older version of SVN that the one I have installed, and Git doesn&apos;t exhibit this problem.

But the change doesn&apos;t break anything and seems correct, so resolving until proven otherwise.",1380046983326
http://sealytics.github.io/ontologies/release-model#Bug-0227bc08-a8b4-4172-beda-f3b3c99a2a17,Reported fixed,1380046983326
http://sealytics.github.io/ontologies/release-model#Bug-03fef785-0467-400f-97fb-1ed6756e225c,Here is a patch that adds a test for the case and fixes it.,1385418311743
http://sealytics.github.io/ontologies/release-model#Bug-03fef785-0467-400f-97fb-1ed6756e225c,"on line 548, only {{read}} bytes should be written, not {{len}} : 

{code} 
543	        while (position &lt; end) {
544	            int len = (int) Math.min(end - position, buffer.length);
545	            int read = istream.read(buffer, 0, len);
546	            if (read != -1) {
547	                position += read;
548	                ostream.write(buffer, 0, len);
549	            } else {
550	                break;
551	            }
552	        }
553	    }
{code}",1385418311743
http://sealytics.github.io/ontologies/release-model#Bug-03fef785-0467-400f-97fb-1ed6756e225c,Patch applied in http://svn.apache.org/r1545544 - thanks for the report and patch!,1385418311743
http://sealytics.github.io/ontologies/release-model#Bug-08b09943-031d-40c7-bdaa-383c90e2ff5e,"only fixed the issue in 
Node createPath(String path,
                                  String intermediateNodeType,
                                  String nodeType,
                                  Session session,
                                  boolean autoSave)

for the other variant, I am not sure if we need to fix that as well. As caller is already passing parentNode, so we can assume that user already have access to  parentNode.",1391170946928
http://sealytics.github.io/ontologies/release-model#Bug-08b09943-031d-40c7-bdaa-383c90e2ff5e,patch file,1391170946928
http://sealytics.github.io/ontologies/release-model#Bug-08b09943-031d-40c7-bdaa-383c90e2ff5e,fixing other variants as well.. added one more specific test for the variant.,1391170946928
http://sealytics.github.io/ontologies/release-model#Bug-08b09943-031d-40c7-bdaa-383c90e2ff5e,"patch applied At revision: 1563166  
",1391170946928
http://sealytics.github.io/ontologies/release-model#Bug-891f5c9b-f511-4150-a0b0-962e940fa7ff,Fixing by retrieving an object and letting the PropertiesUtil.toStringArray do the actual casting,1393262878631
http://sealytics.github.io/ontologies/release-model#Bug-891f5c9b-f511-4150-a0b0-962e940fa7ff,"Thanks for reporting, I&apos;ve fixed the issue slightly different.
Fixed also the same problem with the final operations",1393262878631
http://sealytics.github.io/ontologies/release-model#Bug-c27aa392-d043-4978-a74e-78da911a34bd,"Hi [~cbuzoiu], can you pls double-check if this really doesn&apos;t work with the latest version? &quot;it works for me..&quot;",1403603842436
http://sealytics.github.io/ontologies/release-model#Bug-c27aa392-d043-4978-a74e-78da911a34bd,"fixed:
moved &apos;New Node...&apos; action under &apos;New&apos; menu to be consistent",1403603842436
http://sealytics.github.io/ontologies/release-model#Bug-c27aa392-d043-4978-a74e-78da911a34bd,"Thx [~cbuzoiu] for the (privately sent) details on how to reproduce.

What&apos;s happening here is indeed that nodes that are not in filter.xml have the &apos;New Node...&apos; action placed *at a different location* - namely in the &apos;main&apos; popup menu in the bottom, rather than in the (more intuitive) &apos;New...&apos; submenu.

So the functionality is there, it&apos;s just placed at a slightly inconvenient and non-intuitive location.

The reason for the two different location of the &apos;new node&apos; action is the nature of the underlying tree-item in the project explorer: in one case it is a standard eclipse item (in the case where the node is not part of the filter.xml) - in the other case it is a &quot;sling-made&quot; jcr node..

I agree that this should be cleaned up though - the priority might be slightly lower though, wdyt?",1403603842436
http://sealytics.github.io/ontologies/release-model#Bug-3b8af5fb-9f3d-4dcf-943a-efb215a09a9a,"I&apos;ll restart the discussion about this on the dev list, see also http://markmail.org/message/ku6svfns46jvw5ik where we didn&apos;t really agree on whether the magic should happen at build time or runtime.",1372668181662
http://sealytics.github.io/ontologies/release-model#Bug-3b8af5fb-9f3d-4dcf-943a-efb215a09a9a,"Here&apos;s my proposed SLING-2938-api.patch to integrate this in trunk.

The adapter bundle changes can be found under https://svn.apache.org/repos/asf/sling/whiteboard/bdelacretaz/adapter-methods/extensions-adapter, it&apos;s 3 new classes (AdapterMethodsManagerImplTest, AdapterMethodManagerIT, AdapterMethodsManagerImpl) and changes to the pom to enable pax exam tests.



",1372668181662
http://sealytics.github.io/ontologies/release-model#Bug-3b8af5fb-9f3d-4dcf-943a-efb215a09a9a,"I see, thanks for the explanation. When is that gonna be integrated?",1372668181662
http://sealytics.github.io/ontologies/release-model#Bug-3b8af5fb-9f3d-4dcf-943a-efb215a09a9a,"Additional TODOs after dev@ feedback:

* Rename @AdapterMethod to @Adapter, the annotation is for a method so the suffix is redundant

* Put @Adapter  in a separate &quot;annotations&quot; package

* Have AdapterMethodProxyManagerImpl validate the methods as discussed at http://markmail.org/message/2tz3wwx4fotzmpel",1372668181662
http://sealytics.github.io/ontologies/release-model#Bug-3b8af5fb-9f3d-4dcf-943a-efb215a09a9a,"The @Adapter annotation is processed at runtime, all the &quot;magic&quot; is in
http://svn.apache.org/repos/asf/sling/whiteboard/bdelacretaz/adapter-methods/extensions-adapter/src/main/java/org/apache/sling/adapter/internal/AdapterMethodsManagerImpl.java",1372668181662
http://sealytics.github.io/ontologies/release-model#Bug-3b8af5fb-9f3d-4dcf-943a-efb215a09a9a,"Who is processing this annotation and when (build time, run time..) ?
",1372668181662
http://sealytics.github.io/ontologies/release-model#Bug-3b8af5fb-9f3d-4dcf-943a-efb215a09a9a,Why isn&apos;t this a pure build time annotation (similar to @SlingServlet)?,1372668181662
http://sealytics.github.io/ontologies/release-model#Bug-3b8af5fb-9f3d-4dcf-943a-efb215a09a9a,"TODOs after integration in trunk:
* Add an integration test
* Add an optional condition like @Adapter(condition=&quot;if the resource type is slingbucks/list&quot;) that completes the webconsole description",1372668181662
http://sealytics.github.io/ontologies/release-model#Bug-3b8af5fb-9f3d-4dcf-943a-efb215a09a9a,Here&apos;s a screenshot of how an @Adapter method looks in the console plugin (at the bottom),1372668181662
http://sealytics.github.io/ontologies/release-model#Bug-3b8af5fb-9f3d-4dcf-943a-efb215a09a9a,"I have committed a prototype to my whiteboard, to test it build

https://svn.apache.org/repos/asf/sling/whiteboard/bdelacretaz/adapter-methods/sling-api
and
https://svn.apache.org/repos/asf/sling/whiteboard/bdelacretaz/adapter-methods/extensions-adapter

(both modules overwrite the current Sling trunk snapshots, make sure to rebuild the trunk ones after testing)

The AdapterMethodManagerIT [1] contains two examples of services that provide AdapterMethods.

TODO:
* Do not activate http service in pax exam tests
* Make sure the AdapterMethods are listed in the corresponding webconsole plugin
* When testing, pax exam should take the current bundle from the filesystem, not Maven repo (it might not be updated there yet)

[1] https://svn.apache.org/repos/asf/sling/whiteboard/bdelacretaz/adapter-methods/extensions-adapter/src/test/java/org/apache/sling/adapter/internal/AdapterMethodManagerIT.java",1372668181662
http://sealytics.github.io/ontologies/release-model#Bug-3b8af5fb-9f3d-4dcf-943a-efb215a09a9a,"Doing the same thing at build time would require additional code generation.

{code}
@Component 
  @Service 
  public class MyAdapters implements AdapterMethodProvider { 
    @AdapterMethod 
    public Bar toBar(Foo f) { ... adapt Foo to Bar ... } 
  } 
{code}

needs to become (in bytecode terms):
{code}
public class MyAdapters implements AdapterFactory { 

    public &lt;T&gt; T getAdapter(Object adaptable, Class&lt;T&gt; type) {
         return toBar(adaptable);
    }

    public Bar toBar(Foo f) { ... adapt Foo to Bar ... } 
} 
{code}",1372668181662
http://sealytics.github.io/ontologies/release-model#Bug-5a787e16-f34d-4802-98c8-5a0806859843,"The reason is we now have configurations, and I don&apos;t see this empty dir anymore in my recent build",1407339987071
http://sealytics.github.io/ontologies/release-model#Bug-5a787e16-f34d-4802-98c8-5a0806859843,"Thanks for your patch, David. It&apos;s applied with rev 1616461
I&apos;ve also fixed the it test for oak which now requires to setup the segment store configuration",1407339987071
http://sealytics.github.io/ontologies/release-model#Bug-5a787e16-f34d-4802-98c8-5a0806859843,"in this rev. these lines from {{launchpad/builder/pom.xml}} were removed:
{code:xml}
        &lt;!-- trick maven-launchpad-plugin into not copying any configs --&gt;
        &lt;empty.config.directory&gt;${project.build.directory}/NOCONFIGS&lt;/empty.config.directory&gt;
{code}

why? because of this on every build an empty directory named (literally)
{noformat}${empty.config.directory}{noformat}
is created.

the line was added by bertrand in context of SLING-3155 (rev. Revision: 1533101). if it is no longer required the corresponding {{maven-antrun-plugin}} should be removed as well.",1407339987071
http://sealytics.github.io/ontologies/release-model#Bug-5a787e16-f34d-4802-98c8-5a0806859843,"Oh right, thanks for fixing this - it seems I made the change locally but never committed... :(",1407339987071
http://sealytics.github.io/ontologies/release-model#Bug-5a787e16-f34d-4802-98c8-5a0806859843,"it&apos;s still configured in the pom in trunk, referencing twice the (now) invalid property {{empty.config.directory}}.
in rev. 1623739 i&apos;ve removed these references - on my machine launchpad is running fine.

please cross-check.",1407339987071
http://sealytics.github.io/ontologies/release-model#Bug-5a787e16-f34d-4802-98c8-5a0806859843,"The attached patch replaces the config generation in the Activator with a configuration provided via the launchpad. The configuration will still appear by default, but when deleted it will not reappear on restart.",1407339987071
http://sealytics.github.io/ontologies/release-model#Bug-117b2b4d-95ff-4b35-8e59-0c15dbd0bd12,"[~sseifert@pro-vision.de] Thanks, this is a minor relief, as the test code before was correct and if my change would have fixed the problem, this would have meant we have a larger problem in the way consumers are treated. I know I&apos;m asking a lot - but it  seems you&apos;re the only one who can reproduce the problem - could you please create thread dumps when the test hangs? This might give us a clue where the problem actually lies",1382342679843
http://sealytics.github.io/ontologies/release-model#Bug-117b2b4d-95ff-4b35-8e59-0c15dbd0bd12,"[~sseifert@pro-vision.de] The OrderedJobQueue test was registering two job consumers handling the same topic - not sure if this is the problem, but I committed a change anyway. Could you please give it a test run?",1382342679843
http://sealytics.github.io/ontologies/release-model#Bug-117b2b4d-95ff-4b35-8e59-0c15dbd0bd12,"please note that the IT &quot;ClassloadingTest&quot; is not the source of the problem. i deactivated it by adding to the failsafe plugin configuration in the pom:
{code:xml}
                    &lt;excludes&gt;
                        &lt;exclude&gt;**/it/ClassloadingTest*&lt;/exclude&gt;
                    &lt;/excludes&gt;
{code}
but it still fails.

attached is a full maven output of this run with this one test deactivated, this time only one IT failed, with the same set of tests in a previous run two ITs failed.
[^131021_maven_full_output.zip]",1382342679843
http://sealytics.github.io/ontologies/release-model#Bug-117b2b4d-95ff-4b35-8e59-0c15dbd0bd12,"another test run, this time with two failures:
[^131024_output.txt]

the first hang for several minutes was at the log line
{noformat}
24.10.2013 23:19:38.441 *INFO* [Apache Sling Job Queue test] org.apache.sling.event.impl.jobs.queues.OrderedJobQueue.test Starting job queue test
{noformat}
series of thread dumps during this hang [^131024_dump1.txt]

the second hang was at this line:
{noformat}
24.10.2013 23:28:26.803 *INFO* [Apache Sling Job Queue orderedtest] org.apache.sling.event.impl.jobs.queues.OrderedJobQueue.orderedtest Starting job queue orderedtest
{noformat}
series of thread dumps during this hang [^131024_dump2.txt]
",1382342679843
http://sealytics.github.io/ontologies/release-model#Bug-117b2b4d-95ff-4b35-8e59-0c15dbd0bd12,"This doesn&apos;t look related but FWIW I just found an issue in ClassloadingTest, see SLING-3202",1382342679843
http://sealytics.github.io/ontologies/release-model#Bug-117b2b4d-95ff-4b35-8e59-0c15dbd0bd12,"the failures are different from time to time. sometimes only on IT fails, sometimes more than one, sometimes it runs without failure.

other example of a test run today - two failures
{noformat}
Results :

Tests in error:
  testHistory(org.apache.sling.event.it.HistoryTest): test timed out after 300000 milliseconds
  testOrderedQueue(org.apache.sling.event.it.OrderedQueueTest): test timed out after 300000 milliseconds

Tests run: 18, Failures: 0, Errors: 2, Skipped: 0
{noformat}
with detailed results in [^131021_failsafe-reports.zip]",1382342679843
http://sealytics.github.io/ontologies/release-model#Bug-117b2b4d-95ff-4b35-8e59-0c15dbd0bd12,"i tried it again to day - it seems the problem is solved, IT test run on windows (although they take quite a long time to complete: ~10 minutes on my machine).",1382342679843
http://sealytics.github.io/ontologies/release-model#Bug-117b2b4d-95ff-4b35-8e59-0c15dbd0bd12,"i tested it 6 times, and it succeeded in 4 cases, failed in 2 cases.
so - unfortunately - its still seems to be unstable.",1382342679843
http://sealytics.github.io/ontologies/release-model#Bug-117b2b4d-95ff-4b35-8e59-0c15dbd0bd12,Could you please also capture the whole maven output?,1382342679843
http://sealytics.github.io/ontologies/release-model#Bug-42211071-5670-4745-aa98-88fa95a6bdef,"I&apos;ve updated the JCR OCM Bundle to the latest snapshot, and it seems this bundle is not resolving now:

org.apache.jackrabbit.value,version=[1.5,2) -- Cannot be resolved",1406537700783
http://sealytics.github.io/ontologies/release-model#Bug-42211071-5670-4745-aa98-88fa95a6bdef,"I&apos;ve removed the jcr ocm bundle for now, leaving this open until we have decided on how to proceed with ocm",1406537700783
http://sealytics.github.io/ontologies/release-model#Bug-42211071-5670-4745-aa98-88fa95a6bdef,Moved OCM to contrib and removed from launchpad,1406537700783
http://sealytics.github.io/ontologies/release-model#Bug-20ab78f2-8a0f-4cb3-8f61-3d761d66ecee,"The uris for replication settings:

{code}
/libs/sling/replication/settings/agents.html
/libs/sling/replication/settings/importers/local.html
/libs/sling/replication/settings/importers/remote.html
/libs/sling/replication/settings/exporters/local.html
/libs/sling/replication/settings/exporters/remote.html
{code}

The uris for replication API:

{code}
/libs/sling/replication/services/agents.html
/libs/sling/replication/services/importers.html
/libs/sling/replication/services/exporters.html
{code}",1408461858595
http://sealytics.github.io/ontologies/release-model#Bug-20ab78f2-8a0f-4cb3-8f61-3d761d66ecee,"patch applied in r1620273, with a slight modification in _org.apache.sling.replication.packaging.impl.exporter.AgentReplicationPackageExporter-reverse.json_ which had the wrong target for the agent (_reverse_ instead of _agents/reverse_)",1408461858595
http://sealytics.github.io/ontologies/release-model#Bug-20ab78f2-8a0f-4cb3-8f61-3d761d66ecee,"Adding patch that supports navigation and replication triggering from
{code}
/libs/sling/replication/services/agents/publish.replicate.html
{code}",1408461858595
http://sealytics.github.io/ontologies/release-model#Bug-becd6273-be5a-4214-924b-f12ee3af72a2,"I have committed the code at http://svn.apache.org/r1553124

Checked the dependency tree, looks to me like all licenses are ok. I checked the licences of the following dependencies in particular, the others where familiar.

me.prettyprint:hector-core:jar:1.0-2
https://github.com/rantav/hector - MIT License

org.ccil.cowan.tagsoup:tagsoup:jar:1.2
http://ccil.org/~cowan/XML/tagsoup/ -  Apache License

com.drewnoakes:metadata-extractor:jar:2.4.0-beta-1
https://drewnoakes.com/code/exif/ - Apache License,

com.github.stephenc.eaio-uuid:uuid:jar:3.2.0
http://johannburkard.de/software/uuid/ - MIT License

com.ecyrd.speed4j:speed4j:jar:0.9
https://github.com/jalkanen/speed4j - Apache License
",1364333180988
http://sealytics.github.io/ontologies/release-model#Bug-becd6273-be5a-4214-924b-f12ee3af72a2,Dishara Wijewardana emailed list.,1364333180988
http://sealytics.github.io/ontologies/release-model#Bug-becd6273-be5a-4214-924b-f12ee3af72a2,"Two comments here:

1. The code was donated, but still not included in the source repo. What is missing to make this happen?
2. [~bdelacretaz] mentioned Cassandra testing. We can use the Cassandra Maven plugin ( http://mojo.codehaus.org/cassandra-maven-plugin/ ) to set up integrations tests. But maybe we can get the first point solved :-)",1364333180988
http://sealytics.github.io/ontologies/release-model#Bug-becd6273-be5a-4214-924b-f12ee3af72a2,"Agreed. 
Each of the projects posted here are 1 person projects and we wont be able to award a GSoC place to 2 students doing the same project, so if both Ishan and Dishara really want to do this project we will have to choose the best candidate.",1364333180988
http://sealytics.github.io/ontologies/release-model#Bug-becd6273-be5a-4214-924b-f12ee3af72a2,"Dishara&apos;s code is at https://code.google.com/p/cassandra-backend-for-sling/ - it is currently lacking instructions on how to setup Cassandra for testing, ideally a Vagrant config should be provided to have a reproducible Cassandra test setup.",1364333180988
http://sealytics.github.io/ontologies/release-model#Bug-becd6273-be5a-4214-924b-f12ee3af72a2,Ishan Thilina emailed list with interest.,1364333180988
http://sealytics.github.io/ontologies/release-model#Bug-becd6273-be5a-4214-924b-f12ee3af72a2,Dishara submitted  a proposal see http://www.google-melange.com/gsoc/proposal/review/google/gsoc2013/ddwijewardana/18001,1364333180988
http://sealytics.github.io/ontologies/release-model#Bug-becd6273-be5a-4214-924b-f12ee3af72a2,"Note that IMO students would improve their chances of being accepted if they choose distinct projects instead of competing for the same one. 
We might get two GSoC slots for Sling but even if that happens we&apos;re not going to have two students working on the same project. ",1364333180988
http://sealytics.github.io/ontologies/release-model#Bug-becd6273-be5a-4214-924b-f12ee3af72a2,Attaching the source archive in order to donate the GSoC source code to Apache Sling.,1364333180988
http://sealytics.github.io/ontologies/release-model#Bug-e9365e84-b2c6-4e54-bade-822188ce17cb,"[~egli] - you&apos;re probably more familiar with this area of the code, does this ring any bells?",1400224960521
http://sealytics.github.io/ontologies/release-model#Bug-e9365e84-b2c6-4e54-bade-822188ce17cb,[~rombert] - Thanks a lot. Works perfectly now for me as well and indeed a lot faster.,1400224960521
http://sealytics.github.io/ontologies/release-model#Bug-e9365e84-b2c6-4e54-bade-822188ce17cb,"[~rombert], very odd, looks like a builder is added twice to a buildcommand .. maybe some race condition :S",1400224960521
http://sealytics.github.io/ontologies/release-model#Bug-e9365e84-b2c6-4e54-bade-822188ce17cb,"Fixed in http://svn.apache.org/viewvc?view=revision&amp;revision=1596228 . I was unable to reproduce this particular issue, but the operations should be properly serialized and hopefully even faster. In my tests everything works, please reopen if there are still problems.",1400224960521
http://sealytics.github.io/ontologies/release-model#Bug-e9365e84-b2c6-4e54-bade-822188ce17cb,I&apos;ll try and reorg the steps into distinct WorkspaceModifyOperation instances ; perhaps that will bring enough order to this process. Hopefully I&apos;ll have the time to write a test as well.,1400224960521
http://sealytics.github.io/ontologies/release-model#Bug-8d3264eb-7215-45a5-a1b6-1b8ad2639412,"Source modified. Modifications are marked with &quot;SLING-3277&quot;.
I believe it could solve the issue",1386687895967
http://sealytics.github.io/ontologies/release-model#Bug-8d3264eb-7215-45a5-a1b6-1b8ad2639412,"Committed your patch and tests in http://svn.apache.org/r1550098, thanks very much for your contribution!

If you have more patches to suggest, we prefer svn diff format if possible. In this case the changes were sufficiently small to be usable as you provided them.",1386687895967
http://sealytics.github.io/ontologies/release-model#Bug-8d3264eb-7215-45a5-a1b6-1b8ad2639412,"Hi Bertrand,
please find attached the Test class that shows the issue.
Changes marked with string &quot;SLING-3277&quot;
",1386687895967
http://sealytics.github.io/ontologies/release-model#Bug-8d3264eb-7215-45a5-a1b6-1b8ad2639412,Close after release,1386687895967
http://sealytics.github.io/ontologies/release-model#Bug-8d3264eb-7215-45a5-a1b6-1b8ad2639412,"Thanks for this report - would it be possible for you to supply a patch for the RequestProcessorMBeanImplTest, that reproduces your problem? We can then fix it and verify that your use case is covered.

[1]  https://svn.apache.org/repos/asf/sling/trunk/bundles/engine/src/test/java/org/apache/sling/engine/impl/RequestProcessorMBeanImplTest.java",1386687895967
http://sealytics.github.io/ontologies/release-model#Bug-4b0f8639-d771-44fb-96de-791e1d32ab34,Fixed in http://svn.apache.org/r1539289,1383730571017
http://sealytics.github.io/ontologies/release-model#Bug-e9a55264-ae77-491d-ab3b-2d5ee18c771b,"That patch helped - the SWTException is gone.

Unfortunately, now there&apos;s an actual test failure:
{code}
Tests run: 1, Failures: 1, Errors: 0, Skipped: 0, Time elapsed: 11.503 sec &lt;&lt;&lt; FAILURE!
deployBundleOnServer(org.apache.sling.ide.test.impl.BundleDeploymentTest)  Time elapsed: 11.27 sec  &lt;&lt;&lt; FAILURE!
java.lang.AssertionError: Unexpected status call for http://localhost:49227/simple-servlet
Expected: &lt;200&gt;
     but: was &lt;404&gt;
        at org.hamcrest.MatcherAssert.assertThat(MatcherAssert.java:20)
        at org.junit.Assert.assertThat(Assert.java:865)
        at org.apache.sling.ide.test.impl.helpers.RepositoryAccessor.assertGetIsSuccessful(RepositoryAccessor.java:66)
        at org.apache.sling.ide.test.impl.BundleDeploymentTest$1.call(BundleDeploymentTest.java:129)
        at org.apache.sling.ide.test.impl.BundleDeploymentTest$1.call(BundleDeploymentTest.java:1)
        at org.apache.sling.ide.test.impl.helpers.Poller$1.run(Poller.java:79)
        at org.apache.sling.ide.test.impl.helpers.Poller.pollUntilSuccessful(Poller.java:41)
        at org.apache.sling.ide.test.impl.helpers.Poller.pollUntil(Poller.java:74)
        at org.apache.sling.ide.test.impl.BundleDeploymentTest.deployBundleOnServer(BundleDeploymentTest.java:126)
{code}",1400145258126
http://sealytics.github.io/ontologies/release-model#Bug-e9a55264-ae77-491d-ab3b-2d5ee18c771b,"So this particular issue is fixed - commited in http://svn.apache.org/viewvc?view=revision&amp;revision=1595036 . Please open a new issue about the BundleDeploymentTest. A couple of thoughts

- you can inspect the error log of the sling launchpad tooling/ide/eclipse-test/target/sling/_/logs ; perhaps there are some error logged in there ; or perhaps the tooling bundle was not installed during the test
- you can try increasing the timeout in the Poller class, although I don&apos;t think it&apos;s a timing issue - 5 seconds are more than enough
- you can try running the test as a plug-in test from within Eclipse ; it tries to find a Sling launchpad on port 8080
- perhaps you have an older tooling support bundle installed? You can try bumping the dependency to 1.0.1-SNAPSHOT ( 1.0.0 vote is still underway ) and see what that does",1400145258126
http://sealytics.github.io/ontologies/release-model#Bug-e9a55264-ae77-491d-ab3b-2d5ee18c771b,"Can you try the attached diff and see if it fixes the build for you?  In the tooling/ide directory, apply it with patch -p3 &lt; SLING-3564-1.diff",1400145258126
http://sealytics.github.io/ontologies/release-model#Bug-5ab51acc-2ada-4805-af21-e0e7a743a64a,"Good catch, yes, the resource resolver should always set both values - it&apos;s the only component who knows this information.",1404392191767
http://sealytics.github.io/ontologies/release-model#Bug-5ab51acc-2ada-4805-af21-e0e7a743a64a,[~cziegeler] Would you mind removing the call from https://github.com/apache/sling/blob/trunk/bundles/api/src/main/java/org/apache/sling/api/resource/SyntheticResource.java as well?,1404392191767
http://sealytics.github.io/ontologies/release-model#Bug-5ab51acc-2ada-4805-af21-e0e7a743a64a,"While it would be correct to remove the call from SyntheticResource it&apos;s an API change which I would like to avoid. The call there doesn&apos;t play a role as the ResourceResolver will override the values set there anyway. But if someone is using SyntheticResource in a totally different context, we don&apos;t break that code.",1404392191767
http://sealytics.github.io/ontologies/release-model#Bug-5ab51acc-2ada-4805-af21-e0e7a743a64a,I only have an example for AEM6. You find the according content package attached. By just registering your Sling Rewriter to a custom path prefix (in this case /content) an NPE is thrown when clicking on &quot;Publish&quot; within /editor.html/content/geometrixx.html.,1404392191767
http://sealytics.github.io/ontologies/release-model#Bug-5ab51acc-2ada-4805-af21-e0e7a743a64a,"Actually this should be set by the resource resolver, can you provide a test case where this is not the case?
And actually the code in the jcr resource (or other resources) is wrong and should be removed, e.g. the jcr resource sets this to the path in the repository which could be a totally different path then request path",1404392191767
http://sealytics.github.io/ontologies/release-model#Bug-5ab51acc-2ada-4805-af21-e0e7a743a64a,I&apos;ve added two missing calls and also removed the set call from the JcrItemResource.,1404392191767
http://sealytics.github.io/ontologies/release-model#Bug-5ab51acc-2ada-4805-af21-e0e7a743a64a,I would propose setting that to the resource path of the first resource in the given list of resources (https://github.com/apache/sling/blob/trunk/contrib/extensions/resourcemerger/src/main/java/org/apache/sling/resourcemerger/impl/MergedResource.java),1404392191767
http://sealytics.github.io/ontologies/release-model#Bug-5ab51acc-2ada-4805-af21-e0e7a743a64a,"I assume that under certain circumstances only the ResolutionPathInfo is set (https://github.com/apache/sling/blob/trunk/bundles/resourceresolver/src/main/java/org/apache/sling/resourceresolver/impl/ResourceResolverImpl.java#L819) but not the ResolutionPath as it is in https://github.com/apache/sling/blob/trunk/bundles/resourceresolver/src/main/java/org/apache/sling/resourceresolver/impl/ResourceResolverImpl.java#L869. It seems to me that the first option (checking the path directly) does not seem to be implemented correctly in ResourceResolverImpl.resolveInternal(), as it sets only ResolutionPathInfo but not ResolutionPath. Also there is a lot of duplicate code in the method.",1404392191767
http://sealytics.github.io/ontologies/release-model#Bug-4ff3fc68-4c0b-4ac2-98eb-61825470e868,[~justinedelson] Wouldn&apos;t it be good to use https://commons.apache.org/proper/commons-lang/javadocs/api-2.5/org/apache/commons/lang/ClassUtils.html#primitivesToWrappers%28java.lang.Class[]%29,1402997861985
http://sealytics.github.io/ontologies/release-model#Bug-4ff3fc68-4c0b-4ac2-98eb-61825470e868,"Thanks for submitting these tests. Very helpful! (although in the future, it would be better to submit a patch file when you are changing an existing test). This is fixed in r1603159.",1402997861985
http://sealytics.github.io/ontologies/release-model#Bug-4ff3fc68-4c0b-4ac2-98eb-61825470e868,"[~kwin] thanks for the pointer. That method seems to convert an array of classes, which isn&apos;t so useful in this case, but there is a method in that class which does the primitive &lt;-&gt; wrapper class mapping, so I pulled out the duplicate code in r 1603178",1402997861985
http://sealytics.github.io/ontologies/release-model#Bug-4ff3fc68-4c0b-4ac2-98eb-61825470e868,Please compare with SLING-2988. The ValueMap just does not support primitive types and therefore the according injector does neither.,1402997861985
http://sealytics.github.io/ontologies/release-model#Bug-b024621c-1eed-4124-990c-fffe1f4bc3df,Removed in https://svn.apache.org/r1619785,1408711733311
http://sealytics.github.io/ontologies/release-model#Bug-16674a63-90b0-407d-a866-8fa186c4b97d,The rules for parsing .vltignore files are found in the [Ignore#addIgnored|https://github.com/apache/jackrabbit-filevault/blob/9981fdca2630bc08b921752f41475e0027615da4/vault-vlt/src/main/java/org/apache/jackrabbit/vault/vlt/meta/Ignored.java#L122].,1381455559141
http://sealytics.github.io/ontologies/release-model#Bug-16674a63-90b0-407d-a866-8fa186c4b97d,"I&apos;ve added .vltignore logic, but just for importing. Let&apos;s see if we need something else.

* http://svn.apache.org/viewvc?view=revision&amp;revision=1595203 added EclipseResourceMatchers
* http://svn.apache.org/viewvc?view=revision&amp;revision=1595205 added RepositoryAccessor.createFile
* http://svn.apache.org/viewvc?view=revision&amp;revision=1595207 added ContentImportTest.importFilesAndFolders
* http://svn.apache.org/viewvc?view=revision&amp;revision=1595208 added ContentImportTest.importFilesAndFoldersRespectsVltFilters
* http://svn.apache.org/viewvc?view=revision&amp;revision=1595209 add an IgnoredResources abstraction in the api project.
* http://svn.apache.org/viewvc?view=revision&amp;revision=1595210 respect found .vltignore files found when importing.
* http://svn.apache.org/viewvc?view=revision&amp;revision=1595211 take into account .vltignore files which are present under the content sync root but not under the import root.",1381455559141
http://sealytics.github.io/ontologies/release-model#Bug-ce85415a-6a5d-429c-bff4-1bffb5a248f1,Updated patch - removing the .* that follows the root path completely.,1382371066210
http://sealytics.github.io/ontologies/release-model#Bug-ce85415a-6a5d-429c-bff4-1bffb5a248f1,"With the attached patch my ClassLoaderResourceProviderChildrenTest passes, and I think the test is correct.It also allows the runmode-based switching of bundles to work in launchpad/builder, with is not the case with the current trunk.

The patch causes ClassLoaderResourceProviderTest, which tests the matching pattern used to select subpaths, to fail.

[~cziegeler], as you wrote the latter test, do you agree with my patch? If yes I&apos;ll update the ClassLoaderResourceProviderTest and commit.",1382371066210
http://sealytics.github.io/ontologies/release-model#Bug-ce85415a-6a5d-429c-bff4-1bffb5a248f1,"Reverted the code as it was before SLING-3022 (with a small addition to guard against trailing slashes in paths, should that ever occur) in revision 1534587. ClassLoaderResourceProvider now has full test coverage.",1382371066210
http://sealytics.github.io/ontologies/release-model#Bug-ce85415a-6a5d-429c-bff4-1bffb5a248f1,"[~bdelacretaz] I&apos;m a little bit confused. In SLING-3022 you changed the regexp from &quot;^&quot; + path + &quot;/[^/]+/?$&quot; to the current version and added the above mentioned test.
So this basically reverts SLING-3022 which I think is fine (I didn&apos;t catch the change of SLING-3022 when it was done :( )",1382371066210
http://sealytics.github.io/ontologies/release-model#Bug-ce85415a-6a5d-429c-bff4-1bffb5a248f1,"Oh - I forgot about SLING-3022, of course if I&apos;m reverting my own wrong changes I don&apos;t really need to ask for permission ;-)

Sorry about the noise, I&apos;ll commit this and at least we&apos;ll have gained some unit tests in the process.",1382371066210
http://sealytics.github.io/ontologies/release-model#Bug-7aea1325-03d8-449a-9519-217721d1d77b,"While I was under the assumption that javax.xml.rpc was part of the Java platform, I have now quickly crosschecked and neither Java 7 nore Java 8 have this package in their runtime class library.

So we should probably not add it to any of the fragments.",1391517455652
http://sealytics.github.io/ontologies/release-model#Bug-7aea1325-03d8-449a-9519-217721d1d77b,I was under the same impression. Thanks for double checking.,1391517455652
http://sealytics.github.io/ontologies/release-model#Bug-7387b553-ea97-4546-8c54-7d5dc45c3019,"fixed by resetting the created time of a topology announcement before persisting it.

persisting a topology announcement happens on both side of a topology connector. the &apos;created&apos; field contained the origin&apos;s local machine time. this caused issues when the clocks are not in sync. the fix is to redefine &apos;created&apos; as &apos;receive-time&apos;, thus always working with local times only",1373976729180
http://sealytics.github.io/ontologies/release-model#Bug-7550a6ff-ca31-4367-a41f-5b9b0e35b1a6,"GitHub user kwin opened a pull request:

    https://github.com/apache/sling/pull/26

    SLING-3892

    use ServiceReference in the map as a key to expose multiple adapterFactories registered through the same service

You can merge this pull request into a Git repository by running:

    $ git pull https://github.com/kwin/sling SLING-3892-support-multiple-adapter-factories-from-the-same-service

Alternatively you can review and apply these changes as the patch at:

    https://github.com/apache/sling/pull/26.patch

To close this pull request, make a commit to your master/trunk branch
with (at least) the following in the commit message:

    This closes #26
    
----
commit 22475ad5910d5057415e214b2dffeb5b155afacb
Author: Konrad Windszus &lt;konrad.windszus@netcentric.biz&gt;
Date:   2014-08-28T16:43:42Z

    SLING-3892, use ServiceReference in the map as a key to expose multiple
    adapterFactories registered through the same service

----
",1409234396280
http://sealytics.github.io/ontologies/release-model#Bug-7550a6ff-ca31-4367-a41f-5b9b0e35b1a6,"Github user asfgit closed the pull request at:

    https://github.com/apache/sling/pull/26
",1409234396280
http://sealytics.github.io/ontologies/release-model#Bug-7550a6ff-ca31-4367-a41f-5b9b0e35b1a6,Applied patch in r1621169,1409234396280
http://sealytics.github.io/ontologies/release-model#Bug-8e2eccf4-9237-4fbc-9869-c7c59f9cf4af,"So what is now fixed is that changing the property &apos;sync_root&apos; in the properties page dialog refreshes the project hence triggers the content browser to correctly show up.

What&apos;s not working though - and what the original ticket description suggests - is that importing a project doesn&apos;t bring along that sync_root property.

That is because we&apos;re storing the &apos;sync_root&apos; via project.setPersistentProperty() - which ends up in the .metadata/.plugins/org.eclipse.core.resources/.projects directory - rather than in the project&apos;s/.settings

So I&apos;d leave this ticket open to use the project&apos;s/.settings instead",1405542378232
http://sealytics.github.io/ontologies/release-model#Bug-8e2eccf4-9237-4fbc-9869-c7c59f9cf4af,"Fixed this partially : when the jcr_root is changed in the properties page, I trigger a refresh of the project.
[~rombert], I suggest to defer the property change listener part to 1.1.0, wdyt?",1405542378232
http://sealytics.github.io/ontologies/release-model#Bug-8e2eccf4-9237-4fbc-9869-c7c59f9cf4af,[~egli] - if this works as expected then I suggest you close this directly against 1.0.2,1405542378232
http://sealytics.github.io/ontologies/release-model#Bug-8e2eccf4-9237-4fbc-9869-c7c59f9cf4af,"Yes, I&apos;ve seen this as well. We should do a refresh on jcr_root change. I&apos;ll have a look at it today.",1405542378232
http://sealytics.github.io/ontologies/release-model#Bug-8e2eccf4-9237-4fbc-9869-c7c59f9cf4af,"Sounds good, thanks.",1405542378232
http://sealytics.github.io/ontologies/release-model#Bug-8e2eccf4-9237-4fbc-9869-c7c59f9cf4af,"I think I know what happens. The project initially had an invalid content sync directory value ( jcr_root ) but the content was at src/main/content/jcr_root. A refresh fixed it, but we probably need to react to changes in the value of the content sync root property",1405542378232
http://sealytics.github.io/ontologies/release-model#Bug-b4c5a6aa-6760-4eeb-864a-d3d8b789dfc9,Fixed in 1613887,1406529837633
http://sealytics.github.io/ontologies/release-model#Bug-8b33c7f8-06c4-4959-832c-6dd713185e98,"Should be fixed by http://svn.apache.org/r1542223

The test-services bundle now includes configs which are installed asynchronously at startup and cause Sling to temporarily respond with 503. The tests now check URLs that (hopefully) indicate when a stable state is reached.",1383909468616
http://sealytics.github.io/ontologies/release-model#Bug-87d8c39b-aa31-4596-998a-e541ac2475ae,Fixed in http://svn.apache.org/viewvc?view=revision&amp;revision=1594935,1381506296055
http://sealytics.github.io/ontologies/release-model#Bug-87d8c39b-aa31-4596-998a-e541ac2475ae,"As a workaround, you can right-click on the server and click &apos;Add and Remove...&apos;",1381506296055
http://sealytics.github.io/ontologies/release-model#Bug-c2694684-d86d-406f-9312-ee4ae9d60bb6,"Changed the order to have services with higher service ranking first in the list. 
I also added some more tests to check the correct handling of service rankings.
Committed in r1624823",1410685877892
http://sealytics.github.io/ontologies/release-model#Bug-70701280-1e26-48d9-bedd-b9563422639b,"Which  MANIFEST.MF are we talking about? If it&apos;s about projects with the Sling Bundle facet, then it&apos;s a devlopment-time concern. And if the bundle deployment works only with Maven projects, we should revisit that later.",1379516268132
http://sealytics.github.io/ontologies/release-model#Bug-70701280-1e26-48d9-bedd-b9563422639b,"Then we can leave this one as it is for now, and look into creating a dev-only target platform which includes more stuff we want to develop against, like JSP/XML/HTML/CSS editors.",1379516268132
http://sealytics.github.io/ontologies/release-model#Bug-70701280-1e26-48d9-bedd-b9563422639b,"[~rombert], this is a requirement at build time. Without tycho, the build:build lifecycle-mapping does not exist, and the MANIFEST.MF does not get generated. Without the MANIFEST.MF the bundle install mechanism doesn&apos;t work. So either we need tycho included or we have to rely on the pom.xml doing the lifecycle-mapping explicitly - I opt for the first variant. wdyt?",1379516268132
http://sealytics.github.io/ontologies/release-model#Bug-70701280-1e26-48d9-bedd-b9563422639b,"Yes, it&apos;s that one. I wouldn&apos;t think the bundle deployment only works with maven projects - but if you do have a Maven project, then you&apos;d want to use tycho..",1379516268132
http://sealytics.github.io/ontologies/release-model#Bug-70701280-1e26-48d9-bedd-b9563422639b,"- added a -dev update site in http://svn.apache.org/viewvc?view=revision&amp;revision=1526865
- added a shared launch config to make it easier to get started developing in http://svn.apache.org/viewvc?view=revision&amp;revision=1526868 ",1379516268132
http://sealytics.github.io/ontologies/release-model#Bug-70701280-1e26-48d9-bedd-b9563422639b,Examples of dev-only target platforms: https://git.eclipse.org/c/mylyn/org.eclipse.mylyn.git/tree/org.eclipse.mylyn-target,1379516268132
http://sealytics.github.io/ontologies/release-model#Bug-70701280-1e26-48d9-bedd-b9563422639b,[~egli] - is this for development purposes only or a requirement at build time?,1379516268132
http://sealytics.github.io/ontologies/release-model#Bug-515e8ceb-49bf-4714-8455-de6bab91dd1e,Fixed by applying the filtering in all places,1391758745782
http://sealytics.github.io/ontologies/release-model#Bug-f32f6e7f-5449-4138-975f-570cb3316ffb,"Did you try the latest scheduler version, 2.4.2? This should support modified",1393589865495
http://sealytics.github.io/ontologies/release-model#Bug-f32f6e7f-5449-4138-975f-570cb3316ffb,[~ireasor] Could you reproduce this problem with a newer scheduler version?,1393589865495
http://sealytics.github.io/ontologies/release-model#Bug-f32f6e7f-5449-4138-975f-570cb3316ffb,"IIUC the failure scenario is as follows:

# A service S that&apos;s registered with the Sling scheduler uses an @Modified annotation to be informed of configuration changes
# When that service&apos;s config changes, The @Modified method of S gets invoked, but the Sling scheduler is not informed of the configuration change

If I&apos;m correct that&apos;s by design, as I assume (haven&apos;t checked) that the Sling scheduler identifies changes in scheduler.expression values by listening to the service activations and deactivations. If S handles the &quot;config modified&quot; event itself there&apos;s no deactivation/reactivation and the Sling scheduler sees nothing.

We might then just document this behavior in the Sling scheduler docs/javadocs.",1393589865495
http://sealytics.github.io/ontologies/release-model#Bug-f32f6e7f-5449-4138-975f-570cb3316ffb,"No that&apos;s not by design and a bug :) The scheduler should not just listen to services being registered and unregistered but also to service property changes.
Starting with version 2.4.0 it does so",1393589865495
http://sealytics.github.io/ontologies/release-model#Bug-f32f6e7f-5449-4138-975f-570cb3316ffb,"I did not.  We are using the version that is bundled with CQ 5.6.1.  I can try this locally to let you know if it addresses the issue that I was seeing, but we don&apos;t actually need access to modified in our application.",1393589865495
http://sealytics.github.io/ontologies/release-model#Bug-d5c18bb8-848b-4bd3-816a-040389970c97,Fix in http://svn.apache.org/viewvc?view=revision&amp;revision=1598394,1401393950638
http://sealytics.github.io/ontologies/release-model#Bug-364f7694-5e96-4b52-b270-984bb303d752,"I managed to fix the endless loop, simply by ensuring all types of events are handled and the event is reset to null accordingly. This ensures the loop always takes the next event from the queue, which properly blocks the thread, if the queue is empty.

The intention to put a &apos;stopped event&apos; (Utility.TOPIC_STOPPED) on the queue to control the background thread is unclear to me. Starting the thread is guarded by the threadStarted flag, which ensures the thread is only started once. So IMHO the thread must only be stopped on component deactivation.

Does this help?

",1383235353548
http://sealytics.github.io/ontologies/release-model#Bug-364f7694-5e96-4b52-b270-984bb303d752,"Looking again at the code, I take my comment back :) The active flag is set to false before the stop event is sent, so everything should be fine. Patch looks good to me",1383235353548
http://sealytics.github.io/ontologies/release-model#Bug-364f7694-5e96-4b52-b270-984bb303d752,"I think this is introducing a new problem - the idea of stopping the queue is to stop/suspend the queue thread until the topology is stable again. With the patch in place, new events coming in while the topology is not stable, these events are immediately processed.
Of course the endless loop is not correct either. So I think this needs to be fixed completeley different: when stopped, the thread should sleep until woken up again.",1383235353548
http://sealytics.github.io/ontologies/release-model#Bug-364f7694-5e96-4b52-b270-984bb303d752,"Patch applied in revision 1537937, thanks for your contribution!",1383235353548
http://sealytics.github.io/ontologies/release-model#Bug-d5bc6617-58e4-4a64-b9f8-e89e4a47fb3a,"Right now we expect the project to place all required data in its output directory. If data is missing, the deployment will not work properly. How do you see this improved?",1382964353545
http://sealytics.github.io/ontologies/release-model#Bug-d5bc6617-58e4-4a64-b9f8-e89e4a47fb3a,"What I can think of is inspecting the MANIFEST.MF and looking for a Service-Component header . If that header exists, ensure that it matches something in the project output directory. Of course, things can get hairy if we have a header which is {{OSGI-INF/*.xml}} .

I&apos;m not sure that this is  100% correct, but that&apos;s what we can do and is pretty much agnostic to how the application is assembled. This can be only one of the pre-deployment rules that we have, as I think there is more to be done in the future.",1382964353545
http://sealytics.github.io/ontologies/release-model#Bug-d5bc6617-58e4-4a64-b9f8-e89e4a47fb3a,"Could it be due to the maven-scr-plugin not being configured properly in the pom and/or not picked up by m2e&apos;s lifecycle mapping?

[~rombert], could we try to come up with some sanity check for such a case? Wouldn&apos;t know how exactly though.. But maybe this could become a frequent case that people stumble upon..",1382964353545
http://sealytics.github.io/ontologies/release-model#Bug-d5bc6617-58e4-4a64-b9f8-e89e4a47fb3a,"My OSGI-INF data is generated properly and it&apos;s in the {{target/scr-plugin-generated}} directory. Isn&apos;t it a default maven-scr-plugin directory? When I manually copy OSGI-INF to the {{target/classes}} it works fine. 

I have also other issue - is it possible to restart some other bundle when one is modified?",1382964353545
http://sealytics.github.io/ontologies/release-model#Bug-d5bc6617-58e4-4a64-b9f8-e89e4a47fb3a,"bq. My OSGI-INF data is generated properly and it&apos;s in the target/scr-plugin-generated directory. Isn&apos;t it a default maven-scr-plugin directory? When I manually copy OSGI-INF to the target/classes it works fine. 

It must be in the target/classes directory. This is due to the way, the install servlet works: either it takes the exploded content of target/classes and installs it as a bundle. Or the slingclipse creates a jar based on the content of target/classes and uploads the jar. Both ways, everything must be under target/classes.",1382964353545
http://sealytics.github.io/ontologies/release-model#Bug-d5bc6617-58e4-4a64-b9f8-e89e4a47fb3a,Right. Double-checking the Service-Component property of the manifest sounds like a good first step and shouldn&apos;t have any side-effects.,1382964353545
http://sealytics.github.io/ontologies/release-model#Bug-d5bc6617-58e4-4a64-b9f8-e89e4a47fb3a,"With the fixes from SLING-3550, this is no longer an issue. I&apos;ve also updated the troubleshooting guide to reference this problem - see https://cwiki.apache.org/confluence/display/SLING/Sling+IDE+tooling+User+Guide#SlingIDEtoolingUserGuide-WhydoIgetanerrrorabout%22NoSCRdescriptorfoundat...%22?

[~Maciej Matuszewski] - please reopen if you still have problems.",1382964353545
http://sealytics.github.io/ontologies/release-model#Bug-d5bc6617-58e4-4a64-b9f8-e89e4a47fb3a,If you update to the latest version of the maven-scr-plugin you will get this configuration change automatically.,1382964353545
http://sealytics.github.io/ontologies/release-model#Bug-bd018056-6275-491b-8a62-d0943ab9f979,Fixed by explicitely checking for updated event type,1401800416446
http://sealytics.github.io/ontologies/release-model#Bug-cf655886-f5ce-4c6b-84d1-d96362266242,fixed. ensuring proper java package name is calculated out of groupdId/artifactId,1380032061847
http://sealytics.github.io/ontologies/release-model#Bug-5df9a29c-23e1-40e0-812c-faa397e8bf41,Descheduling. Will be fixed in a future release.,1218175674695
http://sealytics.github.io/ontologies/release-model#Bug-5df9a29c-23e1-40e0-812c-faa397e8bf41,I have the impression this issues actually duplicates SLING-534 which has been fixed a long time ago.,1218175674695
http://sealytics.github.io/ontologies/release-model#Bug-5df9a29c-23e1-40e0-812c-faa397e8bf41,Thus closing.,1218175674695
http://sealytics.github.io/ontologies/release-model#Bug-5df9a29c-23e1-40e0-812c-faa397e8bf41,This didn&apos;t make it into the initial release. Retargeting for the next release.,1218175674695
http://sealytics.github.io/ontologies/release-model#Bug-fbcbcb2e-d42e-4b3b-9c33-5503cbc732cb,Fixed in http://svn.apache.org/viewvc?view=revision&amp;revision=1596604 by falling back to stock Eclipse icons for now.,1400681988051
http://sealytics.github.io/ontologies/release-model#Bug-42fdaeed-9fae-4f25-a82f-ee82d405c38c,"Addressed in r1619847. If there is no @Self annotation, then the self injector only injects on the first constructor parameter. I think this preserves backwards compatibility. Basically, you should always use the @Self annotation.",1408716840178
http://sealytics.github.io/ontologies/release-model#Bug-069c1118-5290-4fec-81c7-4de2483a7d78,foxed om rev. r1609429,1404984435518
http://sealytics.github.io/ontologies/release-model#Bug-4b9ee793-980c-433f-b773-44c6c63ee4a2,"improved patch
- concatenate servlet path and path info as their values are configuration/container dependent
- remove LoginServlet.SERVLET_PATH.equals(pathInfo) check as paths of LoginServlet and LogoutServlet are added to PathBasedHolderCache",1375802207528
http://sealytics.github.io/ontologies/release-model#Bug-4b9ee793-980c-433f-b773-44c6c63ee4a2,SLING-2998.2013-09-12.patch applied in r1522946,1375802207528
http://sealytics.github.io/ontologies/release-model#Bug-4b9ee793-980c-433f-b773-44c6c63ee4a2,integration test: https://github.com/oliverlietz/sling-tests/tree/master/org.apache.sling.tests/SLING-2998,1375802207528
http://sealytics.github.io/ontologies/release-model#Bug-a2a693be-a8a8-4c3c-af5b-5471827c95b0,"Taking an even simpler route: Using the existing configuration value as the value for the listener as well as the default for the user idle time.

I updated the description, that on a per-user base this idle time may be reduced with a user property.

WDYT ?",1403687601796
http://sealytics.github.io/ontologies/release-model#Bug-a2a693be-a8a8-4c3c-af5b-5471827c95b0,"Good finding. Thanks for reporting.

How about adding a new property &quot;global max idle time&quot; which can be configured this listener timeout value? Then we can document the user&apos;s idle time to be capped by the &quot;global max idle time&quot;.",1403687601796
http://sealytics.github.io/ontologies/release-model#Bug-22353139-c22e-41c9-b8b5-cc289c139989,"&quot;Fixed&quot; in revision 1537938 by adding a client-side delay before running the current test, after deleting the previous test script and uploading the new one.

The key finding, that I didn&apos;t notice earlier, is that in this issue&apos;s description we see we&apos;re trying to run the resourceresolver-api.jsp test, but the server-side TestAllPaths class still sees the old installer-duplicate.test.txt, and not the new test, based on a repository query. So it tries to run an old test script that&apos;s not there anymore.

I&apos;ve tried different things like using Session.refresh and verifying that items returned by a query actually exist, but that didn&apos;t help. There&apos;s been a good number of changes in Oak since the version 0.9 that we&apos;re using, so for now this workaround is good enough - if similar problems reappear elsewhere we can investigate more.",1379603160319
http://sealytics.github.io/ontologies/release-model#Bug-91a87b7f-15b2-461d-98b5-f641e2b97ead,The problem is that the changed operation is not performed atomar but in two steps.,1373965264261
http://sealytics.github.io/ontologies/release-model#Bug-91a87b7f-15b2-461d-98b5-f641e2b97ead,Attached a possible patch: synchronizing the whole serviceChanged() method. ,1373965264261
http://sealytics.github.io/ontologies/release-model#Bug-91a87b7f-15b2-461d-98b5-f641e2b97ead,Thanks for your patch Lars - I&apos;ve applied a slightly modified version which removes the additional (unneeded) syncing in revision 1503632,1373965264261
http://sealytics.github.io/ontologies/release-model#Bug-bdf5a00e-0533-47de-a86e-c0f057aba1c0,Fixed in http://svn.apache.org/viewvc?view=revision&amp;revision=1600624,1401969781776
http://sealytics.github.io/ontologies/release-model#Bug-090484e1-fe2e-4402-aba9-cacf5298f450,"Thanks for your patch, Dominique. It&apos;s applied in rev 1623999",1410265733318
http://sealytics.github.io/ontologies/release-model#Bug-3600441c-c5fa-4337-a1de-b001d61917ac,"To be honest, I don&apos;t see any good reason, why you want to retain the old compiled JSPs in case you have changed something about the configuration. ",1396366804361
http://sealytics.github.io/ontologies/release-model#Bug-3600441c-c5fa-4337-a1de-b001d61917ac,"[~cziegeler] with the new web console plugin, you still need to restart the JSP Scripting bundle, correct?",1396366804361
http://sealytics.github.io/ontologies/release-model#Bug-3600441c-c5fa-4337-a1de-b001d61917ac,"[~mhaack] With SLING-3509 I&apos;ve added a web console plugin which allows to remove the compiled classes through the web console
I think this should be all we&apos;re doing in this respect and maybe add a sentence to the metatype description of the configuration that changes only take effect for newly compiled jsps.
I can imagine that there are situations where you don&apos;t want to remove the compiled classes when you change the configuration.
The only other option I see is to calculate a hash of the configuration set, persist it and compare it with the hash of the new configuraiton. If it&apos;s different, remove the compiled classes.",1396366804361
http://sealytics.github.io/ontologies/release-model#Bug-3600441c-c5fa-4337-a1de-b001d61917ac,"This is true for all changes affecting the compilation, e.g. java version etc.",1396366804361
http://sealytics.github.io/ontologies/release-model#Bug-3600441c-c5fa-4337-a1de-b001d61917ac,"[~justinedelson] No, with the web console plugin a restart should not be required anymore - it internally restarts

I&apos;ve just committed a potential fix which removes all class files if a jasper configuration is changed.",1396366804361
http://sealytics.github.io/ontologies/release-model#Bug-3600441c-c5fa-4337-a1de-b001d61917ac,"For example if you change the source or target props, why recompile if everything worked so far?",1396366804361
http://sealytics.github.io/ontologies/release-model#Bug-16686c1a-afc4-42cc-a6ef-551ef5295248,Fixed,1383750181123
http://sealytics.github.io/ontologies/release-model#Bug-a97cf603-f07f-483c-a414-b89b3e0c5a6f,r1607991,1404554254543
http://sealytics.github.io/ontologies/release-model#Bug-5233418b-4f55-426a-b60b-76e94f97c39c,"Fixed by using the helper method AuthUtil.isRedirectValid and additionally escaping &lt;, &gt;, &amp;, &quot; and &apos;
Revision 1528062",1380628697367
http://sealytics.github.io/ontologies/release-model#Bug-f875ebfe-a21d-4fad-ae81-bed81e3ee3ff,"While I do not like too much this feature of having a special group configured via osgi that skips ACLs it seems that is a feature of Sling.

I will attach a patch that would create those groups on demand (only for the tests).

Bertrand Delacretaz WDYT?
",1380807493853
http://sealytics.github.io/ontologies/release-model#Bug-f875ebfe-a21d-4fad-ae81-bed81e3ee3ff,"using last version of org.apache.sling.jcr.jackrabbit.usermanager (namely 2.2.1-SNAPSHOT) makes all the test contained in  org.apache.sling.launchpad.webapp.integrationtest.accessManager.PrivilegesInfoTest to pass.

org.apache.sling.launchpad.webapp.integrationtest.userManager.PrivilegesInfoTest are still failing",1380807493853
http://sealytics.github.io/ontologies/release-model#Bug-f875ebfe-a21d-4fad-ae81-bed81e3ee3ff,"thanks [~bdelacretaz] 

bq. In addition, I would suggest having a look at the CreateUserServlet and CreateGroupServlet, and make sure they return a 403 forbidden HTTP status and log a descriptive message if these groups are missing.

another option is to change the default of the properties that expect those groups to empty. IMHO is wrong to count on the presence of them.

WDYT?

",1380807493853
http://sealytics.github.io/ontologies/release-model#Bug-f875ebfe-a21d-4fad-ae81-bed81e3ee3ff,"Ok with changing the default values, but then I assume you&apos;d need to set them in order for our existing Jackrabbit tests to work? That&apos;s doable of course.",1380807493853
http://sealytics.github.io/ontologies/release-model#Bug-f875ebfe-a21d-4fad-ae81-bed81e3ee3ff,"I haven&apos;t tested your patch but creating the UserAdmin and GroupAdmin groups just for the tests looks good to me.

In addition, I would suggest having a look at the CreateUserServlet and CreateGroupServlet, and make sure they return a 403 forbidden HTTP status and log a descriptive message if these groups are missing. That can happen in distinct issues of course.",1380807493853
http://sealytics.github.io/ontologies/release-model#Bug-5f5f31b0-ee3a-49fb-b0ca-92c39fa3e17c,The wrong class loader writer was used to load the compiled classes. Now the jsp one is used (again) which fixes this class loading problem.,1399298679747
http://sealytics.github.io/ontologies/release-model#Bug-5f5f31b0-ee3a-49fb-b0ca-92c39fa3e17c,I think this is due to some class loading changes,1399298679747
http://sealytics.github.io/ontologies/release-model#Bug-a1e85f58-7f7b-432f-9420-105b6bf50c23,"Fixed in revision 1467250
I switched from a set to a list which is now sorted on demand. Given that usually the list contains a single entry and in some cases maybe two or three, the extra sorting doesn&apos;t really make a difference in terms of performance",1365767178686
http://sealytics.github.io/ontologies/release-model#Bug-0581e7ce-7129-4978-9563-32300a891b17,Everything looks good to me. Can we also get a new release for the o.a.s.scripting.core bundle (2.0.26)?,1389862398469
http://sealytics.github.io/ontologies/release-model#Bug-0581e7ce-7129-4978-9563-32300a891b17,"I&apos;ve attached a patch that uses the natural ordering of the BVPs&apos; service references in order to return the BVPs in the order of their service ranking. This should allow BVPs to depend on the values set by other BVPs with a lower service ranking.
",1389862398469
http://sealytics.github.io/ontologies/release-model#Bug-0581e7ce-7129-4978-9563-32300a891b17,"service.ranking can be used at any time, the code that uses the services just needs to sort the ServiceReference objects to get the services in the order of that integer value. I&apos;m not sure if we are currently doing that for BVPs, but if we are not we should.

Whether the order is up or down depends on the code that uses the services.

If you could try changing the ranking to check if that has an impact that would be nice, or even better add tests to [1] that create BVPs with various rankings and check the result. I think you just need to modify getProperties(String context, String engineName) to take an optional ranking parameter, add that to service properties, and add some tests that create BVPs in a single context with different rankings to verify.

[1] https://svn.apache.org/repos/asf/sling/trunk/bundles/scripting/core/src/test/java/org/apache/sling/scripting/core/impl/BindingsValuesProvidersByContextIT.java",1389862398469
http://sealytics.github.io/ontologies/release-model#Bug-0581e7ce-7129-4978-9563-32300a891b17,"Doesn&apos;t a service.ranking property on each service work?

Note that the value has to be an integer, IIRC you don&apos;t get a warning if it&apos;s not.",1389862398469
http://sealytics.github.io/ontologies/release-model#Bug-0581e7ce-7129-4978-9563-32300a891b17,Fixed ClassCastException in Rev. 1568213.,1389862398469
http://sealytics.github.io/ontologies/release-model#Bug-0581e7ce-7129-4978-9563-32300a891b17,"Yes, as I said BVPs should be ordered by service ranking. I don&apos;t have time to work on this right now but if someone could contribute a test as described above that would already help.",1389862398469
http://sealytics.github.io/ontologies/release-model#Bug-0581e7ce-7129-4978-9563-32300a891b17,"I have committed a minimized version of your patch (i.e. without the formatting changes) in http://svn.apache.org/r1565659. 

Also added a few more tests in BindingsValuesProvidersByContextIT including mixing language-specific and generic providers.

[~radu.cotescu] can you please cross-check?",1389862398469
http://sealytics.github.io/ontologies/release-model#Bug-0581e7ce-7129-4978-9563-32300a891b17,I was too early...after redeploying a few times it seems to be still executed at random...,1389862398469
http://sealytics.github.io/ontologies/release-model#Bug-0581e7ce-7129-4978-9563-32300a891b17,"This has nothing to do with the greedy option, the current implementation simply uses a service tracker and does not sort the services in any order. So adding a sort by using the service reference which already implements Comparable should do the trick",1389862398469
http://sealytics.github.io/ontologies/release-model#Bug-0581e7ce-7129-4978-9563-32300a891b17,Thanks - I won&apos;t have time to do a release myself in the next few days but I&apos;ve scheduled this issue for 2.0.26.,1389862398469
http://sealytics.github.io/ontologies/release-model#Bug-0581e7ce-7129-4978-9563-32300a891b17,Do you think this is a bug?,1389862398469
http://sealytics.github.io/ontologies/release-model#Bug-0581e7ce-7129-4978-9563-32300a891b17,"Probably one has to leverage the PolicyOption greedy (OSGi Compendium 4.3, $112.3.5), otherwise it depends on the when a specific ValuesProvider becomes available.",1389862398469
http://sealytics.github.io/ontologies/release-model#Bug-0581e7ce-7129-4978-9563-32300a891b17,"Little experiment:

{code}
@Service
@Component(immediate=true)
@Properties (
@Property(name = Constants.SERVICE_RANKING, intValue = 10, propertyPrivate = false))
public class MyBindings2 implements BindingsValuesProvider {

	@Override
	public void addBindings(Bindings bindings) {
		if ( bindings.get(&quot;test&quot;) == null) { 
			System.out.println(&quot;test not found!!!&quot;);
		}
	}
}

@Service
@Component(immediate=true)
@Properties (
@Property(name = Constants.SERVICE_RANKING, intValue = 10000, propertyPrivate = false))
public class MyBindings implements BindingsValuesProvider {

	@Override
	public void addBindings(Bindings bindings) {
		bindings.put(&quot;test&quot;, &quot;test&quot;);
	}
}

{code}

This works: so the higher the value the earlier it gets picked up.

Do you know if there is a default when no ranking is specified?
",1389862398469
http://sealytics.github.io/ontologies/release-model#Bug-0581e7ce-7129-4978-9563-32300a891b17,"Is this not used only for the startup of a service?

Also should be number be low or high to get the service executed at the end?
",1389862398469
http://sealytics.github.io/ontologies/release-model#Bug-0581e7ce-7129-4978-9563-32300a891b17,"This change has a problem in the removedService(ServiceReference) method: The genericBindingsValuesProviders now uses a ServiceReference as the key while the removedService method still assumes the service ID this causes a ClassCastException:

{noformat}
java.lang.ClassCastException: org.apache.felix.framework.ServiceRegistrationImpl$ServiceReferenceImpl cannot be cast to java.lang.Long
	at java.lang.Long.compareTo(Long.java:50)
	at java.util.concurrent.ConcurrentSkipListMap.doRemove(ConcurrentSkipListMap.java:1064)
	at java.util.concurrent.ConcurrentSkipListMap.remove(ConcurrentSkipListMap.java:1659)
	at org.apache.sling.scripting.core.impl.ContextBvpCollector.removedService(ContextBvpCollector.java:99)
	at org.apache.sling.scripting.core.impl.BindingsValuesProvidersByContextImpl$3.applyInContext(BindingsValuesProvidersByContextImpl.java:217)
{noformat}",1389862398469
http://sealytics.github.io/ontologies/release-model#Bug-acaf1a69-853b-4f15-9af3-d5f3fb0b5741,"Implemented in revision 1535709

Corresponding integration enabled in revision 1535712

With this, the launchpad/testing tests use the correct bundles when run with -Dsling.run.modes=oak, as verified by InactiveRunModeTest. Some other tests still fail with that run mode but that&apos;s SLING-2788.",1382614676612
http://sealytics.github.io/ontologies/release-model#Bug-acaf1a69-853b-4f15-9af3-d5f3fb0b5741,"Added a test in http://svn.apache.org/r1535342 that demonstrates the problem, disabled for now.",1382614676612
http://sealytics.github.io/ontologies/release-model#Bug-0821d085-eaea-4a60-b7bb-c4cffcd561c7,[~marett] may you please provide an SVN patch :) ?,1381910695011
http://sealytics.github.io/ontologies/release-model#Bug-0821d085-eaea-4a60-b7bb-c4cffcd561c7,"[~asanso], I have uploaded the svn patch, see SLING-3179.patch
Regarding the implementation, it follows the patterns in 
org.apache.sling.resourceresolver.impl.ResourceResolverFactoryActivator",1381910695011
http://sealytics.github.io/ontologies/release-model#Bug-0821d085-eaea-4a60-b7bb-c4cffcd561c7,"Hi [~fmeschbe],

I have attached a patch (also available at [0]) for this implementation and opened a pull request [1].
The patch contains the implementation described in the wiki.

In order to work, the Service User Mapper must be configured with:
org.apache.sling.resourceresolver:user.identified=*

Would it make sense to have this as a default for the org.apache.sling.serviceusermapping.impl.ServiceUserMapperImpl service ?
If not, I would add some documentation.

[0] https://github.com/apache/sling/pull/9.diff
[1] https://github.com/apache/sling/pull/9",1381910695011
http://sealytics.github.io/ontologies/release-model#Bug-0821d085-eaea-4a60-b7bb-c4cffcd561c7,"I don&apos;t see how this is adding security other than reintroducing the TrustedInfo again, just with different and more complex code.

Why the Subject doAs part: the code already does an &quot;evil&quot; repository.loginAdministrative() - then it would be much simpler to do impersonation on the session rather than the complex doAs() logic, which really exposes internal JCR/repository user logic, i.e. how principals are set up, including group membership, while on the JCR layer a user is simply identified by a string id.
",1381910695011
http://sealytics.github.io/ontologies/release-model#Bug-0821d085-eaea-4a60-b7bb-c4cffcd561c7,"{quote}this is how JAAS works{quote}
Yes. It seems quite complex and IMO we shouldn&apos;t use or advertise it very much - it seems you can easily mess it up.

IIUC, this is for the use case of external authentication where the repository needs to trust the outside. IMO this must be a config option in Jackrabbit and by default off. And use LoginModule or the loginByService mechanism for pre authentication.",1381910695011
http://sealytics.github.io/ontologies/release-model#Bug-0821d085-eaea-4a60-b7bb-c4cffcd561c7,"bq. I don&apos;t see how this is adding security other than reintroducing the TrustedInfo again, just with different and more complex code.
yes, but on a different level. IMO the JCR resource provider must come with a LoginModule counterpart that establishes the trust.

bq. complex doAs() logic, which really exposes internal JCR/repository user logic
this is how JAAS works and also referred to in [Repository.login()|http://www.day.com/maven/javax.jcr/javadocs/jcr-2.0/javax/jcr/Repository.html#login(javax.jcr.Credentials, java.lang.String)]. AFAICS, the only problem is the population of the subject and that&apos;s why I&apos;d prefer the LoginModule approach.

",1381910695011
http://sealytics.github.io/ontologies/release-model#Bug-70f7755b-7866-498b-a46c-a5afca603333,"* http://svn.apache.org/viewvc?view=revision&amp;revision=1593959 implemented + added IT
* http://svn.apache.org/viewvc?view=revision&amp;revision=1593960 improved generics usage in Poller",1380104666221
http://sealytics.github.io/ontologies/release-model#Bug-70f7755b-7866-498b-a46c-a5afca603333,* http://svn.apache.org/viewvc?view=revision&amp;revision=1594005 fixed regression when deploying file-like or folder-like nodes,1380104666221
http://sealytics.github.io/ontologies/release-model#Bug-cea61868-6011-481b-bd6c-f244a25136d0,Fixed in http://svn.apache.org/viewvc?view=revision&amp;revision=1596605 ,1400682449993
http://sealytics.github.io/ontologies/release-model#Bug-01a951b6-e3b6-4684-8230-27426897c952,Is this a bug in Oak - or is the Sling implementation relying on non spec&apos;ed behaviour from the jackrabbit implementation?,1380916498929
http://sealytics.github.io/ontologies/release-model#Bug-01a951b6-e3b6-4684-8230-27426897c952,"I have added some tests to the bundles/jcr/it-jackrabbit-oak module in http://svn.apache.org/r1541972 to try to reproduce the problem there, but observation works just fine in those tests. We&apos;ll need to dig deeper to find out what&apos;s different between both sets of tests.",1380916498929
http://sealytics.github.io/ontologies/release-model#Bug-01a951b6-e3b6-4684-8230-27426897c952,"Sorry, all I can point to at the moment is the sling i18n bundle in action. Don&apos;t have time to write a test.",1380916498929
http://sealytics.github.io/ontologies/release-model#Bug-01a951b6-e3b6-4684-8230-27426897c952,"Thanks!

It seems some of the automagic refreshing added in OAK-803 solved the problem on our application stack already, so I couldn&apos;t reproduce this anymore. But that magic is only intended for a few oak releases to ease application migration, so the explicit refresh() is still the right thing and based on your integration tests I am quite sure this was the cause of the issue. The updated sling.i18n bundle works fine. I created an internal release of it.

So I am resolving this as fixed.",1380916498929
http://sealytics.github.io/ontologies/release-model#Bug-01a951b6-e3b6-4684-8230-27426897c952,Needs to be investigated.,1380916498929
http://sealytics.github.io/ontologies/release-model#Bug-01a951b6-e3b6-4684-8230-27426897c952,"Alex, do we have tests that demonstrate this, or could you add one?

In the meantime, our launchpad and integration tests run on Oak if using -Dsling.run.modes=oak on the launchpad or Maven command line.",1380916498929
http://sealytics.github.io/ontologies/release-model#Bug-01a951b6-e3b6-4684-8230-27426897c952,I guess it&apos;s a missing {{Session.refresh()}} that is [required in Oak|http://jackrabbit.apache.org/oak/docs/differences.html]. The [JcrResourceBundleProvider|http://svn.apache.org/viewvc/sling/trunk/contrib/extensions/i18n/src/main/java/org/apache/sling/i18n/impl/JcrResourceBundleProvider.java?revision=1378151&amp;view=markup&amp;pathrev=1539396] that registers the event listener uses the same long-running session/resource resolver for the observation events and reading the actual bundles.,1380916498929
http://sealytics.github.io/ontologies/release-model#Bug-01a951b6-e3b6-4684-8230-27426897c952,"It&apos;s funny, we have SLING-2881 still to do, but it&apos;s solved now already ;)",1380916498929
http://sealytics.github.io/ontologies/release-model#Bug-01a951b6-e3b6-4684-8230-27426897c952,"I have added a new integration test at http://svn.apache.org/r1539396 , which reproduces the problem: running the extensions/i18n build with -Dsling.run.modes=oak now fails, whereas in the default jackrabbit mode it passes.

This new test requires the new extensions/sling-pax-util module, as a snapshot dependency for now.",1380916498929
http://sealytics.github.io/ontologies/release-model#Bug-01a951b6-e3b6-4684-8230-27426897c952,"Thanks for the hints, of course lack of session refresh was the issue. 

Should be fixed in http://svn.apache.org/r1542231 - mvn clean install -Dsling.run.modes=oak now works.

[~alexander.klimetschek] can you review and close this issue if ok?",1380916498929
http://sealytics.github.io/ontologies/release-model#Bug-01a951b6-e3b6-4684-8230-27426897c952,...or create the session with auto-refresh. see OAK-803,1380916498929
http://sealytics.github.io/ontologies/release-model#Bug-01e712d8-1feb-42f2-a350-bc1d2feb6b8a,"It looks like the Java 8 Matcher class doesn&apos;t like it when the replacement string contains a $ at the end so it throws an IllegalArgumentException.

from Matcher.java
{code}
           } else if (nextChar == &apos;$&apos;) {
                // Skip past $
                cursor++;
                // Throw IAE if this &quot;$&quot; is the last character in replacement
                if (cursor == replacement.length())
                   throw new IllegalArgumentException(
                        &quot;Illegal group reference: group index is missing&quot;);
{code}

If you run with Java 7 and turn on the debug logging you can see that this throws a StringIndexOutOfBoundsException that we&apos;re currently catching.  So the test currently throws an exception in both Java 7 and Java 8 so I don&apos;t think there is any harm just catching and logging the IllegalArgumentException.  See attached patch.  The test now passes on Java 8.  Does it make sense to increase the log level too so this is more visible?",1407163106258
http://sealytics.github.io/ontologies/release-model#Bug-01e712d8-1feb-42f2-a350-bc1d2feb6b8a,"Thanks for the patch, Bob - it&apos;s applied in rev 1617868",1407163106258
http://sealytics.github.io/ontologies/release-model#Bug-2d92ad44-2e54-4650-8ee3-aec460ee3982,r1584705,1396619429845
http://sealytics.github.io/ontologies/release-model#Bug-2c370dc0-12d5-49da-8aec-1365ab0791d4,"Setting {{sling.java.version}} to the version of your JDK is not needed (and wanted). You can build with 7 and run on 5 or 6, but there are bundles which use newer language features and do not longer support 5. Did you encounter any problems?",1401826388050
http://sealytics.github.io/ontologies/release-model#Bug-2c370dc0-12d5-49da-8aec-1365ab0791d4,"ah ok, no i didn&apos;t encounter any problems.",1401826388050
http://sealytics.github.io/ontologies/release-model#Bug-2c370dc0-12d5-49da-8aec-1365ab0791d4,"probably an additional information, that the user building sling should adjust the setting according to his jdk would be an idea, but that&apos;s fine, thank you!",1401826388050
http://sealytics.github.io/ontologies/release-model#Bug-2c370dc0-12d5-49da-8aec-1365ab0791d4,"We should also remove the outdated _Getting Started_ (Maven and Subversion) sections from all READMEs, as it&apos;s not worth the effort to bring them up-to-date. A single accurate build instruction should be enough. If no one complains, I will go ahead.",1401826388050
http://sealytics.github.io/ontologies/release-model#Bug-2c370dc0-12d5-49da-8aec-1365ab0791d4,"The {{sling.java.version}} property is used for the [{{source}} and {{target}} properties of Maven Compiler Plugin|http://maven.apache.org/plugins/maven-compiler-plugin/examples/set-compiler-source-and-target.html], Animal Sniffer Maven Plugin and for the {{Bundle-RequiredExecutionEnvironment}} manifest header.

Is this description sufficient, [~amuthmann]? First point is fixed in r1600116.",1401826388050
http://sealytics.github.io/ontologies/release-model#Bug-f219cf89-b06c-4c88-bcd6-74a3f4238b78,fixed in 1573638. resulted in a ~75% net decrease in file size,1393869199217
http://sealytics.github.io/ontologies/release-model#Bug-f219cf89-b06c-4c88-bcd6-74a3f4238b78,"For me this optimization results in a failing build executing the org.apache.sling.models.it.ViaTest (more precisely at the method org.apache.commons.beanutils.PropertyUtils#getProperty(java.lang.Object, java.lang.String)). The attempt to spot and add the needed classes may prove very lengthy and could result in a org.apache.sling.models.impl artifact that is potentially missing some dependencies on several execution paths. Maybe the file size can be decreased by excluding some packages that will definitely not be needed.

A second look at the commons-beanutils:commons-beanutils:1.8.3 artifact revealed that it has a size of about 227 KB. Is it really worth to cut off stability for such a small embedded dependency?",1393869199217
http://sealytics.github.io/ontologies/release-model#Bug-f219cf89-b06c-4c88-bcd6-74a3f4238b78,Hmmm. I could have sworn this was working for me yestereday when I commited it. Thanks for doublechecking. Reverted in r1574050.,1393869199217
http://sealytics.github.io/ontologies/release-model#Bug-bba6e080-59d2-4cc1-be6c-de33785c571b,Fix committed in http://svn.apache.org/r1486973,1369755818367
http://sealytics.github.io/ontologies/release-model#Bug-382c1ad4-9a65-4cf3-bb8f-d467f2e0c9c3,This is a clone of SLING-3285 to keep the idea of a separate component for hierarchy related computing,1387804977052
http://sealytics.github.io/ontologies/release-model#Bug-64feec4b-11da-4e5b-a3a6-e9de5c9b817b,Worth noting that FileVault has special handling for rep:User and rep:Group node types - [DocViewSaxImporter|https://github.com/apache/jackrabbit-filevault/blob/244586b46aef726a3bebc0e3caf10267523c89b9/vault-core/src/main/java/org/apache/jackrabbit/vault/fs/impl/io/DocViewSAXImporter.java#L637] .,1407337988639
http://sealytics.github.io/ontologies/release-model#Bug-39e5b072-50d7-4774-85dd-4c1282350281,I think the methods of the ResourceChangeListener should not modify the state directly but wait a cycle - like we do with new/updated resources.,1398691728757
http://sealytics.github.io/ontologies/release-model#Bug-39e5b072-50d7-4774-85dd-4c1282350281,I&apos;ve committed a first simple potential fix in rev 1590644,1398691728757
http://sealytics.github.io/ontologies/release-model#Bug-45a0ba90-a203-40f7-869d-79647854d634,Updating a new patch with more tests and one more minor fix in orderRelation,1367870449801
http://sealytics.github.io/ontologies/release-model#Bug-45a0ba90-a203-40f7-869d-79647854d634,It seems the constants class is missing in this patch. ResourceCollectionConstants,1367870449801
http://sealytics.github.io/ontologies/release-model#Bug-45a0ba90-a203-40f7-869d-79647854d634,"Thanks for your patch, Amit. I&apos;ve applied it with revision 1479500",1367870449801
http://sealytics.github.io/ontologies/release-model#Bug-45a0ba90-a203-40f7-869d-79647854d634,attaching a patch file,1367870449801
http://sealytics.github.io/ontologies/release-model#Bug-45a0ba90-a203-40f7-869d-79647854d634,updated patch,1367870449801
http://sealytics.github.io/ontologies/release-model#Bug-45a0ba90-a203-40f7-869d-79647854d634,I&apos;ve added the missing class,1367870449801
http://sealytics.github.io/ontologies/release-model#Bug-e2c8df13-5497-4a2c-9820-be2629aa2821,Added support in  http://svn.apache.org/r1546580,1385534177698
http://sealytics.github.io/ontologies/release-model#Bug-3a3492ab-ab37-401d-a124-054d3b9b5ee2,"Fixed. leaderId is now properly taken from the pre-calculated /var/discovery/impl/establishedView/%cluster-view-id%/leaderId.

As a result:
 * in discovery.impl 1.0.0: the leader is always the instance with the lowest slingId
 ** this means that the leader can change if a new instance with a lower slingId joins or leaves.
 * in discovery.impl 1.0.2: there are two situations:
 ** with leaderElectionRepositoryDescriptor empty: the first started instance becomes and remains leader until it is stopped
 ** with leaderElectionRepositoryDescriptor configured: the first started instance where that descriptor-value is &apos;false&apos; becomes and remains leader until it is stopped. An instance with descriptor-value &apos;true&apos; can only become and stay leader if/as long as there are no instances with descriptor-value &apos;false&apos;.

PS: &apos;start/stop&apos; of an instance above is determined by discovery.impl bundle activate/deactivate.
PPS: an example of the leaderElectionRepositoryDescriptor is for it to be set to crx.cluster.master, in which case it forces the leader to be the first slave. This prevents an edge case problem with job distribution on the master.",1384957761532
http://sealytics.github.io/ontologies/release-model#Bug-c4b9ecf8-a202-4714-bc2f-70df802086b8,"* http://svn.apache.org/viewvc?view=revision&amp;revision=1594002 added ChildrenNameMatcher
* http://svn.apache.org/viewvc?view=revision&amp;revision=1594004 persist node order changes",1380104882185
http://sealytics.github.io/ontologies/release-model#Bug-8ec28840-c5b6-4f86-b0cf-16ac381a918a,works with http://svn.apache.org/repos/asf/sling/trunk/samples/fling/ and current bundles from Karaf Launchpad (if that helps),1410707607720
http://sealytics.github.io/ontologies/release-model#Bug-8ec28840-c5b6-4f86-b0cf-16ac381a918a,"Could it be that the sample content use the HTTP Basic Authentication Handler configured to *not* log out ? Since HTTP Basic has not real log-out support, best one could do is send a 401 response causing the browser to clear the credential cash with the drawback of showing the default browser login box to the user. We have a configuration switch to enable/disable this behaviour.",1410707607720
http://sealytics.github.io/ontologies/release-model#Bug-16260c29-ff29-4141-8d58-d703f62b8bcd,"I applied the patch and everything works fine now.

Thank you.",1377003974632
http://sealytics.github.io/ontologies/release-model#Bug-16260c29-ff29-4141-8d58-d703f62b8bcd,This patch should solve the problem. Last change to the web plugin didn&apos;t handle the case in which the {{url}} request parameter was not specified.,1377003974632
http://sealytics.github.io/ontologies/release-model#Bug-16260c29-ff29-4141-8d58-d703f62b8bcd,This has been fixed by SLING-3006. Someone with the right permissions should resolve this issue.,1377003974632
http://sealytics.github.io/ontologies/release-model#Bug-98333bb4-a419-48ab-8380-c142ec5a52ba,attaching patch,1400148039450
http://sealytics.github.io/ontologies/release-model#Bug-f22b45ba-746f-4d72-a8e1-39af92b01e42,Fixed in http://svn.apache.org/r1524672,1379583926486
http://sealytics.github.io/ontologies/release-model#Bug-5e2f13f2-5184-47ab-9c36-ad4305b5df30,"attached patch  At revision: 1605719  
",1402039922736
http://sealytics.github.io/ontologies/release-model#Bug-5e2f13f2-5184-47ab-9c36-ad4305b5df30,"The issue behind the exception seems to be that in the class SlingUserManager, authorizable.getProperty is being called after the admin session which has been used to retrieve authorizable has been closed. 
I have attached a patch for this, Please review.",1402039922736
http://sealytics.github.io/ontologies/release-model#Bug-975e8548-b237-43b0-b263-f95483881256,"Thanks for your patch, Stefan . It&apos;s applied",1407963044186
http://sealytics.github.io/ontologies/release-model#Bug-74bacf24-4f94-42af-97ce-fadddc79edee,fixed in r1625168,1410816664434
http://sealytics.github.io/ontologies/release-model#Bug-17843b69-e57d-4b18-b7f3-85e929127d30,Timeouts added in http://svn.apache.org/viewvc?view=revision&amp;revision=1512261,1376045016790
http://sealytics.github.io/ontologies/release-model#Bug-e1f294da-3c5c-490c-adf5-59b843c3e844,Fixed in http://svn.apache.org/viewvc?view=revision&amp;revision=1526912,1380194785445
http://sealytics.github.io/ontologies/release-model#Bug-113fd9ce-a3e0-4505-8afb-ba5f92d383c6,fixed in rev. r1618115,1408019890288
http://sealytics.github.io/ontologies/release-model#Bug-7ceb55c8-925e-49b0-a012-47577f68ba8f,Always configure the tests to run outside the UI thread in http://svn.apache.org/viewvc?view=revision&amp;revision=1598532,1401292516010
http://sealytics.github.io/ontologies/release-model#Bug-7ceb55c8-925e-49b0-a012-47577f68ba8f,"Committed the patch, test ran fine twice (on one run I had a test failure but that did not show up again, so is very likely unrelated and has yet to be reproduced). 

Closing this one therefore.",1401292516010
http://sealytics.github.io/ontologies/release-model#Bug-7ceb55c8-925e-49b0-a012-47577f68ba8f,Also posted a question on the JDT support group - https://www.eclipse.org/forums/index.php/t/781368/ .,1401292516010
http://sealytics.github.io/ontologies/release-model#Bug-7ceb55c8-925e-49b0-a012-47577f68ba8f,"Updated a patch which should behave better, for testing on Mac OS X.",1401292516010
http://sealytics.github.io/ontologies/release-model#Bug-7ceb55c8-925e-49b0-a012-47577f68ba8f,interesting enough on Windows it works fine,1401292516010
http://sealytics.github.io/ontologies/release-model#Bug-7ceb55c8-925e-49b0-a012-47577f68ba8f,"[~egli] - I&apos;ve tried to find a more generic approach for this. It&apos;s a bit hard for me, since I don&apos;t have access to a Mac.

I&apos;ve verified on another machine that when started on Mac OS X Eclipse does not define any JRE installations. Therefore I&apos;ve tried to simplify the current approach by
    
 - looking for a JRE install from the java.home system property . This is guaranteed to exist and is very likely what we want in terms of version
 - converted the helper into a JUnit rule that can be added to all interested tests
  
However, with this fix the BundleDeploymentTest fails but the ServiceComponentHeaderValidatorTest does not. I think that maybe we need for stuff to settle after setting the default VM, but I&apos;d rather test with with an actual Mac.",1401292516010
http://sealytics.github.io/ontologies/release-model#Bug-7ceb55c8-925e-49b0-a012-47577f68ba8f,Added a workaround: &apos;added TychoJREHelper which allows to explicitly install a particular JRE (configured in the pom via system property &apos;tycho.jre.helper.jre.home&apos;). This is meant as a workaround until someone finds a better/more appropriate solution&apos;,1401292516010
http://sealytics.github.io/ontologies/release-model#Bug-9c70694e-d833-4def-8657-47347b808968,"* http://svn.apache.org/viewvc?view=revision&amp;revision=1604467 implemented describeMismatchSafely for all JCR matchers
* http://svn.apache.org/viewvc?view=revision&amp;revision=1604468 fix node deletion and enhance an existing test to prove that the problem is fixed",1402993210203
http://sealytics.github.io/ontologies/release-model#Bug-9c70694e-d833-4def-8657-47347b808968,"I think I know the root cause here. When processing deleted notes, we try to compare the local and the remote state, and remove all nodes which are no longer present. However, we only take into account covered resources from the local side. For instance, if the resource covers &apos;jcr:content&apos;, but not &apos;en&apos; and &apos;fr&apos;, &apos;en&apos; and &apos;fr&apos; will be deleted since they are considered in excess.

I&apos;ll try to set up a test case to make sure that my assumption is correct.",1402993210203
http://sealytics.github.io/ontologies/release-model#Bug-069012ee-d9b5-410f-817a-484a09d68773,I think that we can keep both parameters to support previous versions,1392368658008
http://sealytics.github.io/ontologies/release-model#Bug-069012ee-d9b5-410f-817a-484a09d68773,Close after release,1392368658008
http://sealytics.github.io/ontologies/release-model#Bug-069012ee-d9b5-410f-817a-484a09d68773,"patch tested with latest Jetty &gt;7, not tested with older version. ",1392368658008
http://sealytics.github.io/ontologies/release-model#Bug-069012ee-d9b5-410f-817a-484a09d68773,"Thanks for providing the patch. I have applied it (slightly reformatted) in Rev. 1569040.

Please note, that the approach discussed on the Sling dev list [Request Parameter Themes|http://sling.markmail.org/thread/iw5lxsb6ewpefvvv] might render this patch obsolete. At least it solves the short term problem.",1392368658008
http://sealytics.github.io/ontologies/release-model#Bug-35600deb-d69b-4cc7-a540-3229ceea4072,"Thanks for the patch, Alexei. It&apos;s applied",1391037888991
http://sealytics.github.io/ontologies/release-model#Bug-35600deb-d69b-4cc7-a540-3229ceea4072,Could you create a proper patch?,1391037888991
http://sealytics.github.io/ontologies/release-model#Bug-35600deb-d69b-4cc7-a540-3229ceea4072,"Sorry for not submitting proper patch, - I was having troubles checking out your project yesterday.",1391037888991
http://sealytics.github.io/ontologies/release-model#Bug-ac2b1c29-376c-4849-bd3a-432c520522fe,Thanks [~bdelacretaz]. I applied my patch in r1537059.,1383096364699
http://sealytics.github.io/ontologies/release-model#Bug-ac2b1c29-376c-4849-bd3a-432c520522fe,"There&apos;s actually two different problems:
1) a change to a BVP doesn&apos;t cause the script cache to be refresh. The best solution I can come up with is to send an event.
2) unregistered BVPs aren&apos;t actually removed from the language-specific maps because the remove() call is passing in the service, not the serviceId.

Attached patch handles both. However, it causes the Scripting Core ITs to fail. [~bdelacretaz] can you take a look as to why? I can&apos;t figure it out.",1383096364699
http://sealytics.github.io/ontologies/release-model#Bug-ac2b1c29-376c-4849-bd3a-432c520522fe,"Fixed the tests in http://svn.apache.org/r1536994 , they were making some wrong assumptions about the sorting of BVPs of the same category. I have added the org.apache.felix.eventadmin dependency that you need as well, so if you apply your patch without the src/test bits you should be ok.",1383096364699
http://sealytics.github.io/ontologies/release-model#Bug-263dbc11-6490-4027-a295-fe459c3fe656,Implemented in http://svn.apache.org/r1587885,1397649540705
http://sealytics.github.io/ontologies/release-model#Bug-7a24c750-830d-4612-88cb-f1bb655fefcf,"Opened https://github.com/apache/sling/pull/21
https://github.com/apache/sling/pull/21.patch",1403623954085
http://sealytics.github.io/ontologies/release-model#Bug-7a24c750-830d-4612-88cb-f1bb655fefcf,"GitHub user tmaret opened a pull request:

    https://github.com/apache/sling/pull/21

    SLING-3695 - TenantProvider throws NPE when listing tenants root tenant ...

    ...resource does not exist
    
    * fix NPE
    * add unit test

You can merge this pull request into a Git repository by running:

    $ git pull https://github.com/tmaret/sling SLING-3695a

Alternatively you can review and apply these changes as the patch at:

    https://github.com/apache/sling/pull/21.patch

To close this pull request, make a commit to your master/trunk branch
with (at least) the following in the commit message:

    This closes #21
    
----
commit 1c065647ccd0267a8f992ff450d60031520e4f3a
Author: tmaret &lt;tmaret@adobe.com&gt;
Date:   2014-06-24T15:35:43Z

    SLING-3695 - TenantProvider throws NPE when listing tenants root tenant resource does not exist
    
    * fix NPE
    * add unit test

----
",1403623954085
http://sealytics.github.io/ontologies/release-model#Bug-d7aa3a23-0385-40fc-a5f2-7941cefe4950,"Using a thread local to detect recursive invocation
rev 1533742",1382184800585
http://sealytics.github.io/ontologies/release-model#Bug-4e0e55e2-32e0-4ad2-b6db-e3cba812fc3f,"Looking closer, there was a very short 10msec timeout on the Framework.waitForStop() call, I have increased that to 1000 in http://svn.apache.org/r1549887

Marking the issue fixed, we&apos;ll reopen if needed.",1385555251856
http://sealytics.github.io/ontologies/release-model#Bug-d8ff9ddc-d4cc-49de-b172-87c33ea3ebda,"Implemented in http://svn.apache.org/r1520565 , the SlingScriptAdapterFactory now takes the context service property into account, tested in BindingsValuesProvidersByContextIT.

The new BindingsValuesProvidersByContext service can be used for other code that wants context-specific BindingsValuesProviders, and the implementation also takes the scripting language into account to include BVPs or not, and to provide them in the appropriate order.

One can also just select BindingsValuesProviders based on their context service property, which avoids depending on the latest scripting.api bundle version, but you won&apos;t get the language-specific selection when doing that.

All integration tests pass after this change.",1378305742330
http://sealytics.github.io/ontologies/release-model#Bug-d8ff9ddc-d4cc-49de-b172-87c33ea3ebda,"The Groovy issued is indeed not related to this patch, it&apos;s SLING-3042",1378305742330
http://sealytics.github.io/ontologies/release-model#Bug-d8ff9ddc-d4cc-49de-b172-87c33ea3ebda,"SLING-3038.patch should work but if I use the latest script.api snapshot in the launchpad, two integration tests fail (JSONGroovyBuilderTest, ScriptBindingsValuesProviderTest), apparently because the .groovy script engine is disabled. Looks like the issue is not caused by my code, I&apos;ll investigate further.",1378305742330
http://sealytics.github.io/ontologies/release-model#Bug-005fbf62-9b87-421d-8840-58cf1b3463de,"I question to workaround potential problems in the repository, especially as search is used all over the place. And if it is not working here, chances are high that its not working in other places. And avoiding search altogether seems very unlikely.
However, in this case, we could replace the search with traversing and make everything a little bit more robust wrt to repository problems.
I don&apos;t see how to create a good non flat hierarchy - we can&apos;t use any randomness as the path needs to be the exact same on all instances in a cluster to make locking work. So the only option would be to use the job name - however in order to create a nice /non-flat distribution we would need to know how the name is constructed, it might just differ in one single character at any place in the string. And having a hierarchy makes the cleanup way harde, as we also would need to remove empty folders which could cause conflicts in the cluster etc.",1392368011366
http://sealytics.github.io/ontologies/release-model#Bug-005fbf62-9b87-421d-8840-58cf1b3463de,"This is about creating locks - so each instance in a cluster needs to create the exact same path for the same lock. if instance A creates the lock at 12:20:58 and instance B tries this at 12:21:00 (which is very likely to happen), then both instances get the lock. Checking several paths to create the lock simply does not work and creates all kinds of concurrency problems.
Jackrabbit claims to handle 10.000 child nodes in a flat hierarchy, the locks are valid for two minutes. So as long as there are less jobs with locks in this time interval, we&apos;re fine. Please note, that the mechanism which starts to use locks within the job handling is deprecated for some time anyway, so clients should avoid it - and usually it is not needed anyway.
Oak handles flat hierarchies.
If I count all if this together, it&apos;s simply not worth adding a complicated and error prone mechanism in this area",1392368011366
http://sealytics.github.io/ontologies/release-model#Bug-005fbf62-9b87-421d-8840-58cf1b3463de,I&apos;ve added the changes as mentioned above,1392368011366
http://sealytics.github.io/ontologies/release-model#Bug-005fbf62-9b87-421d-8840-58cf1b3463de,"After checking the code I think we can do the following:

    traverse the repository instead of doing a search
    use batch deletion
    decrease the TTL for locks to two minutes
    do the lock cleanup every minute

I don&apos;t see any way to not create a flat hierarchy which leaves us with an equally distributed hierarchy
",1392368011366
http://sealytics.github.io/ontologies/release-model#Bug-005fbf62-9b87-421d-8840-58cf1b3463de,"AFAICS, in the current solution it still has a flat list and needs to iterate it completely to find out the oldest ones which could be anywhere in the list (I assume it&apos;s not ordered).

You could use a date + time based structure for the nested hierarchy. Have buckets in minutes or whatever is appropriate to keep it minimized. Then deletion is really simple - just delete all the buckets that are older than 3 minutes.

{code}
/var/eventing/jobs/locks
    + 2014-02-19_12:20
        + job1
        + job2
    + 2014-02-19_12:21
        + job3
        + job4
    + 2014-02-19_12:22
        + job5
    + 2014-02-19_12:23
        + job6
{code}
(date + timestamps would be UTC)",1392368011366
http://sealytics.github.io/ontologies/release-model#Bug-005fbf62-9b87-421d-8840-58cf1b3463de,"Right, the path must be the same on multiple cluster nodes, I missed that.",1392368011366
http://sealytics.github.io/ontologies/release-model#Bug-6270ba6c-3c34-4434-9c23-75ca85bf49ed,"* http://svn.apache.org/viewvc?view=revision&amp;revision=1593604 make RepositoryUtils API so that it can be used by the eclipse test utils
* http://svn.apache.org/viewvc?view=revision&amp;revision=1593605 make the RepositoryAccessor use JCR APIs when needed.
* http://svn.apache.org/viewvc?view=revision&amp;revision=1593606 add helpers.jcr package for working with JCR data
* http://svn.apache.org/viewvc?view=revision&amp;revision=1593607 make the Poller propagate the last caught error after a timeout
* http://svn.apache.org/viewvc?view=revision&amp;revision=1593608 sync mixin types whenever a node is created or updated ( + test )",1399645205459
http://sealytics.github.io/ontologies/release-model#Bug-c19c813e-db51-4d58-97ef-51f9d921943c,fixed in r1602435,1402668461429
http://sealytics.github.io/ontologies/release-model#Bug-c6a138de-711f-4593-8f2f-c23f6eedf8db,I&apos;ve included the framework version in the launchpad base version: 4.4.0-2.5.1-SNAPSHOT,1398333297254
http://sealytics.github.io/ontologies/release-model#Bug-c6a138de-711f-4593-8f2f-c23f6eedf8db,"Actually my comment above is wrong and the problem is that the installer expects an update of the full launchpad base jar (which totally makes sense in a Sling world). However, this goes through Sling&apos;s version check mechanism and in the end the version of the framework (e.g. 4.3.0) is compared with the bundle version of the launchpad base jar (2.5.x) and therefore the update is ignored as the new version (2.5.x) is lower.

I think the simplest way is to simply set the version of the launchpad base bundle to the version of the framework",1398333297254
http://sealytics.github.io/ontologies/release-model#Bug-92d20387-9b92-405d-a460-a197fe3e0c5c,"Fixed in http://svn.apache.org/viewvc?view=revision&amp;revision=1589998
Additional cleanups in http://svn.apache.org/viewvc?view=revision&amp;revision=1589999

The code is really ugly now, using reflection. If/when we decide to drop Maven 3.0.x support, we can clean this up.",1398338943475
http://sealytics.github.io/ontologies/release-model#Bug-2bbbef16-c785-467b-a5b1-aa4ea358b4f1,I&apos;ve started the vote just now.,1398941190807
http://sealytics.github.io/ontologies/release-model#Bug-2bbbef16-c785-467b-a5b1-aa4ea358b4f1,"Thank you for the quick resolution. Do you know when version 1.0.4 will be released?

Regards, Dominik",1398941190807
http://sealytics.github.io/ontologies/release-model#Bug-2bbbef16-c785-467b-a5b1-aa4ea358b4f1,Fixed in r1591638,1398941190807
http://sealytics.github.io/ontologies/release-model#Bug-51948675-a36b-48e5-b611-9ca1989712aa,"- improved error logging in http://svn.apache.org/viewvc?view=revision&amp;revision=1525602
- fixed archetype inclusion in resulting jar in  http://svn.apache.org/viewvc?view=revision&amp;revision=1525603",1379945649767
http://sealytics.github.io/ontologies/release-model#Bug-e2383eb4-5e3b-48cd-a9f3-d520acf604e4,"Test added in revision 1514637

Issue fixed in revision 1514646",1376647617138
http://sealytics.github.io/ontologies/release-model#Bug-e2383eb4-5e3b-48cd-a9f3-d520acf604e4,"Note that these changes were incorrect, reverted in SLING-3196 (revision 1534587)",1376647617138
http://sealytics.github.io/ontologies/release-model#Bug-17968029-8c29-4772-96ff-3cb528e8d723,"FWIW: Works for me for a different case of the SlingRequestProcessor. Here I have own implementations of the request and response object that implement the parts needed by the called servlet (so no wrapped request object). However, this only uses getQueryString() directly, and none of the getParameter() and related methods, which would explain why it isn&apos;t affected by this issue.",1394158740228
http://sealytics.github.io/ontologies/release-model#Bug-17968029-8c29-4772-96ff-3cb528e8d723,"Actually the problem is related to the change in ParameterSupport.getRequestParameterMapInternal()
While in previous versions this was relying in getServletRequest().getParameterMap() (for non POST requests), its now relying on getServletRequest().getQueryString().
",1394158740228
http://sealytics.github.io/ontologies/release-model#Bug-17968029-8c29-4772-96ff-3cb528e8d723,"It seems that the problem is that as soon as a custom wrapper object for the request is involved, parameter handling fails as this is always going back to the ParameterSupport class which expects the parameters in the query string or the body of the request.
I think, this needs completely different handling for wrapped requests",1394158740228
http://sealytics.github.io/ontologies/release-model#Bug-17968029-8c29-4772-96ff-3cb528e8d723,Rev 1576258 : If added an additional check: the fallback is now only used if the request processing has been started using the SlingRequestProcessor service (and only for the cases mentioned above),1394158740228
http://sealytics.github.io/ontologies/release-model#Bug-17968029-8c29-4772-96ff-3cb528e8d723,The internal build you&apos;re using is identical to the 2.3.0 release,1394158740228
http://sealytics.github.io/ontologies/release-model#Bug-17968029-8c29-4772-96ff-3cb528e8d723,I&apos;ve committed a simple version of a potential fix which simply reverts to the old behaviour if the request is not a POST request and has no query string,1394158740228
http://sealytics.github.io/ontologies/release-model#Bug-17968029-8c29-4772-96ff-3cb528e8d723,Additional comment: the problem did only show up for own HttpServletRequest/Response objects which are not based on the original request and passed to the SlingRequestProcessor service,1394158740228
http://sealytics.github.io/ontologies/release-model#Bug-17968029-8c29-4772-96ff-3cb528e8d723,"I&apos;ve slightly changed the fix in rev 1576200: the fallback (old behaviour) is used if none of the other ways is not used (queryString for get, form encoded or multipart post)",1394158740228
http://sealytics.github.io/ontologies/release-model#Bug-17968029-8c29-4772-96ff-3cb528e8d723,[~JohnFait] Could you please attach a simple example of what is not working for reproducing this?,1394158740228
http://sealytics.github.io/ontologies/release-model#Bug-43cefb36-4238-4a06-a64a-016a6b9514bd,"* http://svn.apache.org/viewvc?view=revision&amp;revision=1603923 - updated ResourceProxy to know more about its covered children
* http://svn.apache.org/viewvc?view=revision&amp;revision=1603925 - corrected the node reordering and made it more resilient",1402487853748
http://sealytics.github.io/ontologies/release-model#Bug-43cefb36-4238-4a06-a64a-016a6b9514bd,Attached a sample content package with which the NoSuchElementException can be reproduced,1402487853748
http://sealytics.github.io/ontologies/release-model#Bug-43cefb36-4238-4a06-a64a-016a6b9514bd,"The root cause is that only &apos;covered&apos; children are considered for reordering purposes, therefore the resource and the node list no longer agree.

While it&apos;s correct that we don&apos;t have enough information to recurse into a non-covered child in order to perform reordering, they should be considered for reordering when their parent is processed. Therefore the problem occurs when an orderable node has both covered and non-covered children.",1402487853748
http://sealytics.github.io/ontologies/release-model#Bug-43cefb36-4238-4a06-a64a-016a6b9514bd,"The error seems to be triggered by the jcr:content child. So this works

{code}&lt;?xml version=&quot;1.0&quot; encoding=&quot;UTF-8&quot;?&gt;
&lt;jcr:root 
    xmlns:sling=&quot;http://sling.apache.org/jcr/sling/1.0&quot;
    xmlns:jcr=&quot;http://www.jcp.org/jcr/1.0&quot;
    jcr:primaryType=&quot;sling:OrderedFolder&quot;
    jcr:title=&quot;Haha&quot;&gt;
	&lt;file1.txt/&gt;
	&lt;file2.txt/&gt;
	&lt;file3.txt/&gt;    
&lt;/jcr:root&gt;{code}

but this doesn&apos;t:

{code}&lt;?xml version=&quot;1.0&quot; encoding=&quot;UTF-8&quot;?&gt;
&lt;jcr:root 
    xmlns:sling=&quot;http://sling.apache.org/jcr/sling/1.0&quot;
    xmlns:jcr=&quot;http://www.jcp.org/jcr/1.0&quot;
    jcr:primaryType=&quot;sling:OrderedFolder&quot;
    jcr:title=&quot;Haha&quot;&gt;
	&lt;file1.txt/&gt;
	&lt;file2.txt/&gt;
        &lt;jcr:content jcr:primaryType=&quot;nt:unstructured&quot;&gt;
            &lt;child jcr:primaryType=&quot;nt:unstructured&quot;/&gt;
        &lt;/jcr:content&gt;		
	&lt;file3.txt/&gt;    
&lt;/jcr:root&gt;{code}",1402487853748
http://sealytics.github.io/ontologies/release-model#Bug-5af1b9c0-33ba-4f5c-b738-919ac13f7ba0,In other words: this is a case of a pseudo-network-partition where we have two leader in the cluster,1393944098054
http://sealytics.github.io/ontologies/release-model#Bug-5af1b9c0-33ba-4f5c-b738-919ac13f7ba0,"Two more points relevant here:
 * this happened right after a topology change event where the leader changed from instance 2 to instance 1
 * hence the job manager might have had to reassign jobs while instance 2 was reading it?
 * I&apos;m also seeing an oak repository traversal with the query that lists all jobs:
{code}
04.03.2014 06:55:39.343 *WARN* [Apache Sling Job Background Loader] org.apache.jackrabbit.oak.plugins.index.property.strategy.ContentMirrorStoreStrategy Traversed 1000 nodes using index jcr:primaryType with filter Filter(query=select [jcr:path], [jcr:score], * from [slingevent:Job] as a where [event.job.application] = &apos;e4337f8f-47d2-41df-b3ab-0d40b1b2acd4&apos; and [slingevent:created] &lt; cast(&apos;2014-03-04T06:55:09.143-05:00&apos; as date) order by [slingevent:created] /* xpath: //element(*,slingevent:Job)[@event.job.application = &apos;e4337f8f-47d2-41df-b3ab-0d40b1b2acd4&apos; and @slingevent:created &lt; xs:dateTime(&apos;2014-03-04T06:55:09.143-05:00&apos;)] order by @slingevent:created ascending */, path=*, property=[event.job.application=e4337f8f-47d2-41df-b3ab-0d40b1b2acd4, slingevent:created=..2014-03-04T06:55:09.143-05:00)])
{code}
  so maybe while the traversal was ongoing, the other instance deleted/moved the job node?",1393944098054
http://sealytics.github.io/ontologies/release-model#Bug-5af1b9c0-33ba-4f5c-b738-919ac13f7ba0,"Besides trying harder to avoid a pseudo-network-partition due to overload/slow-repository, another option is to be more resilient just by increasing the heartbeatTimeout. Hence increasing the default of 60sec to 120sec for the timeout, leaving the interval at 30sec though.",1393944098054
http://sealytics.github.io/ontologies/release-model#Bug-5af1b9c0-33ba-4f5c-b738-919ac13f7ba0,"Notice that instance 1 is 9718d7db-85b4-4930-a2ba-11a80d772970, and instance 2 is e4337f8f-47d2-41df-b3ab-0d40b1b2acd4 in above example warning. The warning showed up in console of instance 2 (which is correct, as that&apos;s the instance to which the job was assigned)",1393944098054
http://sealytics.github.io/ontologies/release-model#Bug-5af1b9c0-33ba-4f5c-b738-919ac13f7ba0,"Yes, a retry loop sounds like a good workaround - however, if it is really a cluster problem, this needs to be fixed in the repository implementation. The eventing is relying on jcr events and considers a save to be atomic. But maybe it&apos;s something different?",1393944098054
http://sealytics.github.io/ontologies/release-model#Bug-5af1b9c0-33ba-4f5c-b738-919ac13f7ba0,Great analysis. I guess there is not that much we can do about it.,1393944098054
http://sealytics.github.io/ontologies/release-model#Bug-5af1b9c0-33ba-4f5c-b738-919ac13f7ba0,"If this turns out to be an underlying repository/cluster problem, that what we could do for example is to handle this as an acceptable case and re-read the property in a retry loop (potentially with a 50ms sleep?)",1393944098054
http://sealytics.github.io/ontologies/release-model#Bug-5af1b9c0-33ba-4f5c-b738-919ac13f7ba0,"Here&apos;s the likely order of events that caused this, this time:

 * instance 1 (9718d7db) is leader in a 4 node cluster
 * for some reason instance 1 runs into a high CPU load situation and cannot issue heartbeats &apos;in time&apos; (ie within &gt;30sec), or the repository synchronization is slow to propagate those heartbeats to the rest of the cluster
 * after the other 3 nodes don&apos;t &quot;hear&quot; from instance 1 for over 60sec anymore, they decide it has died and establish a new discovery view (marking instance 3 (2ccd5d38) the new leader)
 * instance 3 - the new leader - now runs the job handler&apos;s BackgroundLoader, realizes that instance 1 is not in the cluster anymore (from its point of view) and reassigns above job to instance 2 (e4337f8f) along a bunch of other jobs it reassigns
 * instance 2 at some point - also via the BackgroundLoader - grabs the list of jobs it has assigned
 * in this test case the list of jobs is rather large, which is results in the following WARN:
{code}
04.03.2014 06:55:39.343 *WARN* [Apache Sling Job Background Loader] org.apache.jackrabbit.oak.plugins.index.property.strategy.ContentMirrorStoreStrategy Traversed 1000 nodes using index jcr:primaryType with filter Filter(query=select [jcr:path], [jcr:score], * from [slingevent:Job] as a where [event.job.application] = &apos;e4337f8f-47d2-41df-b3ab-0d40b1b2acd4&apos; and [slingevent:created] &lt; cast(&apos;2014-03-04T06:55:09.143-05:00&apos; as date) order by [slingevent:created] /* xpath: //element(*,slingevent:Job)[@event.job.application = &apos;e4337f8f-47d2-41df-b3ab-0d40b1b2acd4&apos; and @slingevent:created &lt; xs:dateTime(&apos;2014-03-04T06:55:09.143-05:00&apos;)] order by @slingevent:created ascending */, path=*, property=[event.job.application=e4337f8f-47d2-41df-b3ab-0d40b1b2acd4, slingevent:created=..2014-03-04T06:55:09.143-05:00)])
{code}
 * which is why instance 2 takes a while when reading its jobs until it reaches above job (slingevent:eventadmin/2014/3/3/8/45/cq.wcm.msm.job.pageEvent_9718d7db-85b4-4930-a2ba-11a80d772970_172)
 * meanwhile, instance 1 thinks that it is all alone. It gets told so via the discovery API via a topology changed event which only contains itself - plus it is the leader (someone has to be)
 * as instance 1 got this topology changed (informing it about the other 3 leaving the cluster), it has to go through the BackgroundLoader to verify whether the jobs are all correctly assigned
 * this races with instance 3 reassigning jobs away from instance 1
 * at some point instance 2 is reading mentioned job which instance 1 thinks: oh, that&apos;s assigned to a crashed instance, let me reassign it to myself. This reassignment creates the job under instance 1&apos;s path and deletes it under instance 2&apos;s path. At which point - when instance 2 wants to read the binary - fails with a NullPointerException",1393944098054
http://sealytics.github.io/ontologies/release-model#Bug-235d8eea-9431-475f-91d9-37c6e4bc89a7,"GitHub user cpilsworth opened a pull request:

    https://github.com/apache/sling/pull/15

    SLING-3510 Check for null classUrls and warn when no @Model classes found

    When a non-existent package is added to Sling-Model-Packages, then an NPE is thrown as there are no matching classes found. I guess the same would happen for existing packages that contain no @Model classes. Check for classUrls and warn, then continue if null.

You can merge this pull request into a Git repository by running:

    $ git pull https://github.com/cpilsworth/sling SLING-3510

Alternatively you can review and apply these changes as the patch at:

    https://github.com/apache/sling/pull/15.patch

To close this pull request, make a commit to your master/trunk branch
with (at least) the following in the commit message:

    This closes #15
    
----
commit 88e2a197c7fda2922244b42b77499f54ab6a503a
Author: Chris Pilsworth &lt;cpilsworth@gmail.com&gt;
Date:   2014-04-23T13:49:20Z

    SLING-3510 Check for null classUrls and warn when no @Model classes found by Sling Models

----
",1398259854545
http://sealytics.github.io/ontologies/release-model#Bug-235d8eea-9431-475f-91d9-37c6e4bc89a7,Applied patch along with adding check to integration tests. Thanks!,1398259854545
http://sealytics.github.io/ontologies/release-model#Bug-235d8eea-9431-475f-91d9-37c6e4bc89a7,"Github user cpilsworth closed the pull request at:

    https://github.com/apache/sling/pull/15
",1398259854545
http://sealytics.github.io/ontologies/release-model#Bug-235d8eea-9431-475f-91d9-37c6e4bc89a7,Fix in can be found in pull request here https://github.com/apache/sling/pull/15  with patch available here https://github.com/apache/sling/pull/15.patch,1398259854545
http://sealytics.github.io/ontologies/release-model#Bug-0337dd05-f760-4b6a-8819-b4fb000ec3eb,Fixed in 1613880,1406529506999
http://sealytics.github.io/ontologies/release-model#Bug-3a7846e6-5f24-4784-99df-2d41713d6dfb,Sounds like a good option to me.,1362044946547
http://sealytics.github.io/ontologies/release-model#Bug-3a7846e6-5f24-4784-99df-2d41713d6dfb,"[~fmeschbe] I can easily understand the &quot;confusion&quot; since the names are too similar but OpenId Connect [0] is a complete different specification than openId [1] :)

IMHO Open Id is kind of legacy spec and we might think to move the bundle directly to attic and focus on the new Open Id Connect .

WDYT?


[0] http://openid.net/connect/ 
[1] http://openid.net/",1362044946547
http://sealytics.github.io/ontologies/release-model#Bug-3a7846e6-5f24-4784-99df-2d41713d6dfb,I see a third option: As Antonio to convert the bundle to use Apache Oltu instead of DYU ;-),1362044946547
http://sealytics.github.io/ontologies/release-model#Bug-10d27061-a779-4db0-842c-b9562a087815,"- invoke &apos;package&apos; before trying to deploy the bundle with Maven in http://svn.apache.org/viewvc?view=revision&amp;revision=1526934
- updated launch config to make it easier to debug Maven executions in http://svn.apache.org/viewvc?view=revision&amp;revision=1526936
- make local deployment use the OSGiClient instead of httpclient in http://svn.apache.org/viewvc?view=revision&amp;revision=1526938",1380194739060
http://sealytics.github.io/ontologies/release-model#Bug-10d27061-a779-4db0-842c-b9562a087815,"- Use fully-qualified plugin name when creating the maven launch config in http://svn.apache.org/viewvc?view=revision&amp;revision=1526949
- Make the maven launch config not update snapshots in http://svn.apache.org/viewvc?view=revision&amp;revision=1526950",1380194739060
http://sealytics.github.io/ontologies/release-model#Bug-e5f06a61-9014-4168-99a2-6b015ec43c79,"The disable distribution property is now visible in the web console, I decided to make all other props private",1386931284584
http://sealytics.github.io/ontologies/release-model#Bug-e5f06a61-9014-4168-99a2-6b015ec43c79,"The reason for not making these properties visible is to avoid web console admins to switch back and force without knowing what they do - while this might be true for other settings as well - I thought it&apos;s a good idea. The property can of course be set through an osgi configuration

But I agree that its probably better to make this visible in the web console",1386931284584
http://sealytics.github.io/ontologies/release-model#Bug-a00deaef-c6c8-4e97-84d3-50d53696fc6a,"For now, I have disabled the failing tests using the JackrabbitOnly category, in http://svn.apache.org/r1539035",1380784849502
http://sealytics.github.io/ontologies/release-model#Bug-a00deaef-c6c8-4e97-84d3-50d53696fc6a,"I don&apos;t think this is a reasonable patch: The assumption is that the configured group name is such that members of that group are allowed to manage users which includes creation of users. If this is not the case, then either configuration is wrong or setup of the group is wrong.",1380784849502
http://sealytics.github.io/ontologies/release-model#Bug-a00deaef-c6c8-4e97-84d3-50d53696fc6a,"CreateUserServlet  has currently 2 failures :

- testCreateUser 
- testCreateUserAsUserAdminGroupMember 

using last version of org.apache.sling.jcr.jackrabbit.usermanager (namely 2.2.1-SNAPSHOT) makes testCreateUser to pass.

Regarding  testCreateUserAsUserAdminGroupMember  according to the discussion held in the OAk list would make sense to disable for Sling on Oak",1380784849502
http://sealytics.github.io/ontologies/release-model#Bug-a00deaef-c6c8-4e97-84d3-50d53696fc6a,"Yeah, I see.

Still I don&apos;t like changing the running code towards the worse. Rather I suggest to hack-up the test cases -- maybe along the lines of SLING-3144 -- to make sure, all things being configured corrently, the tests pass.",1380784849502
http://sealytics.github.io/ontologies/release-model#Bug-a00deaef-c6c8-4e97-84d3-50d53696fc6a,"[~fmeschbe] as mentioned the patch is just a workaround that gets the tests green. We need to find a better solution, or disable the corresponding functionality on Oak if we think we don&apos;t need it.",1380784849502
http://sealytics.github.io/ontologies/release-model#Bug-a00deaef-c6c8-4e97-84d3-50d53696fc6a,[~fmeschbe] you might want to see my patch and comment in SLING-3144,1380784849502
http://sealytics.github.io/ontologies/release-model#Bug-c44e8797-056b-4227-8a26-4b147d797fc8,fixed in r1521496,1378822156509
http://sealytics.github.io/ontologies/release-model#Bug-c44e8797-056b-4227-8a26-4b147d797fc8,"Closing Apache Sling Scripting JavaScript Support 2.0.14 issues after releasing that module.
",1378822156509
http://sealytics.github.io/ontologies/release-model#Bug-8b711d14-37e6-4212-81a5-c41327832650,Added an null guard in http://svn.apache.org/viewvc?view=revision&amp;revision=1524670,1379583316018
http://sealytics.github.io/ontologies/release-model#Bug-a6491ac2-c1a2-491c-a670-b5b156958158,"As there is no stacktrace attached, I can only guess where the problem lies, but I&apos;ve committed a potential fix in rev 1582206

[~chkeller] Could you please give this a try?",1395764508440
http://sealytics.github.io/ontologies/release-model#Bug-a6491ac2-c1a2-491c-a670-b5b156958158,"Confirmed working.

Sorry for missing Stacktrace.But was so into int I thought it was obvious...for sure it is not.
{code}
26.03.2014 10:20:34.564 *INFO* [pool-25-thread-1] org.apache.sling.bgservlets.impl.ExecutionEngineImpl Starting job BackgroundRequestExecutionJob, state=RUNNING, path=/var/bg/jobs/2014/03/27/10/20/1
26.03.2014 10:20:34.566 *ERROR* [pool-25-thread-1] org.apache.sling.engine.impl.SlingRequestProcessorImpl service: Uncaught Throwable
org.apache.sling.bgservlets.BackgroundHttpServletRequest$UnsupportedBackgroundOperationException: This operation is not supported for background requests
	at org.apache.sling.bgservlets.BackgroundHttpServletRequest.getInputStream(BackgroundHttpServletRequest.java:257)
	at org.apache.sling.engine.impl.parameters.ParameterSupport.getRequestParameterMapInternal(ParameterSupport.java:264)
	at org.apache.sling.engine.impl.parameters.ParameterSupport.getParameter(ParameterSupport.java:173)
	at org.apache.sling.engine.impl.SlingHttpServletRequestImpl.getParameter(SlingHttpServletRequestImpl.java:142)
	at org.apache.sling.bgservlets.impl.BackgroundServletStarterFilter.doFilter(BackgroundServletStarterFilter.java:105)
	at org.apache.sling.engine.impl.filter.AbstractSlingFilterChain.doFilter(AbstractSlingFilterChain.java:60)
	at com.adobe.granite.resourceresolverhelper.impl.ResourceResolverHelperImpl.doFilter(ResourceResolverHelperImpl.java:81)
	at org.apache.sling.engine.impl.filter.AbstractSlingFilterChain.doFilter(AbstractSlingFilterChain.java:60)
	at org.apache.sling.engine.impl.SlingRequestProcessorImpl.doProcessRequest(SlingRequestProcessorImpl.java:153)
	at org.apache.sling.engine.impl.SlingRequestProcessorImpl.processRequest(SlingRequestProcessorImpl.java:249)
	at org.apache.sling.bgservlets.impl.BackgroundRequestExecutionJob.run(BackgroundRequestExecutionJob.java:99)
	at org.apache.sling.bgservlets.impl.ExecutionEngineImpl$RunnableWrapper.run(ExecutionEngineImpl.java:87)
	at java.util.concurrent.ThreadPoolExecutor.runWorker(Unknown Source)
	at java.util.concurrent.ThreadPoolExecutor$Worker.run(Unknown Source)
	at java.lang.Thread.run(Unknown Source)

{code}",1395764508440
http://sealytics.github.io/ontologies/release-model#Bug-a6491ac2-c1a2-491c-a670-b5b156958158,Thanks for this quick fix. I will try it,1395764508440
http://sealytics.github.io/ontologies/release-model#Bug-a6491ac2-c1a2-491c-a670-b5b156958158,Thanks for confirming Chris,1395764508440
http://sealytics.github.io/ontologies/release-model#Bug-4f26ec66-155f-4e2f-ab7a-6c90ee1e65bd,Added a javadoc comment as a first step (rev 1620263),1408473341525
http://sealytics.github.io/ontologies/release-model#Bug-52a165d1-a1cb-4c05-94c3-6e133ca7564b,Fixed in rev 1549371 by always waking up take() when put() is called.,1386557103215
http://sealytics.github.io/ontologies/release-model#Bug-17d1dd3a-5674-436a-aebe-dcfd0a488196,"Reopening as per discussion:
http://markmail.org/thread/tput7mdv3uz52ogv",1402600720432
http://sealytics.github.io/ontologies/release-model#Bug-17d1dd3a-5674-436a-aebe-dcfd0a488196,"Fixed in 1602275, Updated to have class fallbacks for adaptTo and getProperty",1402600720432
http://sealytics.github.io/ontologies/release-model#Bug-17d1dd3a-5674-436a-aebe-dcfd0a488196,Fixed the issue causing getProperty to fail and removed the test for adaptTo with an invalid class.,1402600720432
http://sealytics.github.io/ontologies/release-model#Bug-b6642b08-2f1a-4c2f-9122-a16efddfd853,"Should be relatively low effort if we simply have some name mangling rules to apply, so I&apos;m keeping this for 1.0.0",1402417957858
http://sealytics.github.io/ontologies/release-model#Bug-b6642b08-2f1a-4c2f-9122-a16efddfd853,"bq. I just didn&apos;t think we&apos;d run into this for 1.0
depends on the effort - &apos;real world&apos; examples frequently have files nested under jcr:content(nt:unstructured) - so I think it would be great to have it in 1.0. How realistic do you think this is?",1402417957858
http://sealytics.github.io/ontologies/release-model#Bug-b6642b08-2f1a-4c2f-9122-a16efddfd853,"Attached a content zip containing the structure with which to reproduce this problem in detail.

Note that the sample is more about the fact that jcr:content *can* have children, irrespective of whether having a sling:chunk below jcr:content makes sense or not..",1402417957858
http://sealytics.github.io/ontologies/release-model#Bug-b6642b08-2f1a-4c2f-9122-a16efddfd853,"This _should_ be fixed now, based on my manual tests. Unfortunately it&apos;s getting difficult to test the scenario of nested nodes under a nt:file/nt:resource hierarchy, since I would have to register a custom mixin for this.

* http://svn.apache.org/viewvc?view=revision&amp;revision=1604273 VltSerializationDataBuilder - more resilience against missing aggregates
* http://svn.apache.org/viewvc?view=revision&amp;revision=1604274 VltSerializationManager - getRepositoryPath now removes all &apos;.dir/&apos; segments
* http://svn.apache.org/viewvc?view=revision&amp;revision=1604275 Consistently use repository paths when filtering and creating resources in ResourceChangeCommandFactory.",1402417957858
http://sealytics.github.io/ontologies/release-model#Bug-b6642b08-2f1a-4c2f-9122-a16efddfd853,"There are a couple of places where we have a simplistic handling of file nodes:

- The SerializationDataBuilder does not take into account mixin types when deciding if an extra serialization directory is needed
- The ImportRepositoryContentAction does not descend into nt:resource children of an nt:file, only writing the binary jcr:data property as the file&apos;s contents.",1402417957858
http://sealytics.github.io/ontologies/release-model#Bug-b6642b08-2f1a-4c2f-9122-a16efddfd853,"Yes, that&apos;s specified under[VaultFS - Extended File aggregates|https://jackrabbit.apache.org/filevault/vaultfs.html#Extended_File_aggregates]. I just didn&apos;t think we&apos;d run into this for 1.0 :-)",1402417957858
http://sealytics.github.io/ontologies/release-model#Bug-b6642b08-2f1a-4c2f-9122-a16efddfd853,"I&apos;ve managed to get the import part working, not yet tested export

* http://svn.apache.org/viewvc?view=revision&amp;revision=1604261 ContentImportTest - extract runImport method.
* http://svn.apache.org/viewvc?view=revision&amp;revision=1604262  Added RepositoryAccessor.doWithSession
* http://svn.apache.org/viewvc?view=revision&amp;revision=1604263 Improve diagnostics for HasFileMatcher and HasFolderMatcher.
* http://svn.apache.org/viewvc?view=revision&amp;revision=1604264  VltSerializationDataBuilder - encapsulate fsLocator field
* http://svn.apache.org/viewvc?view=revision&amp;revision=1604265 VltSerializationDataBuilder - enhance aggregate lookup and take into account mixin types
* http://svn.apache.org/viewvc?view=revision&amp;revision=1604266 Added SerializationManager methods to help converting between repository and OS paths.
* http://svn.apache.org/viewvc?view=revision&amp;revision=1604267 Handle child nodes of nt:resource nodes under nt:file nodes in the ImportRepositoryContentAction
* http://svn.apache.org/viewvc?view=revision&amp;revision=1604268 Added a more convoluted import test case under ContentImportTest to validate nested nodes under file/jcr:content get properly imported.
",1402417957858
http://sealytics.github.io/ontologies/release-model#Bug-b6642b08-2f1a-4c2f-9122-a16efddfd853,"Looks like the problem is the encoded path names, eg &apos;_jcr_content&apos;, which are not decoded before synching with the server. Could be in different places, but one of them is likely in AddOrUpdateNodeCommand",1402417957858
http://sealytics.github.io/ontologies/release-model#Bug-1110caf6-ef99-445b-8ac4-4008c25c4ea1,"Thanks for your patch, it&apos;s applied",1371831026650
http://sealytics.github.io/ontologies/release-model#Bug-81498762-64e1-4e0f-8d12-e4b7718a68ca,"bq. however I would just use File.separatorChar and replace File.separatorChar with &quot;/&quot;

That can be used but then testcase would not pass on Unix system as there we forcefully use a Windows path for test. 

Applied the patch with http://svn.apache.org/r1579534

",1395224662155
http://sealytics.github.io/ontologies/release-model#Bug-81498762-64e1-4e0f-8d12-e4b7718a68ca,"This support is implemented in FileInstaller [1]

It uses the File absolutePath as InstallableResource id. Later the ConfigTaskCreator constructs extracts the configPid from file path. However it looks for &apos;/&apos; in path to determine configPid. This fails for Windows paths. As a fix it should first normalize the path to use &apos;/&apos; as path separator and then extract the configPid.

Attaching patch for the same

[1] https://github.com/apache/sling/blob/trunk/installer/providers/file/src/main/java/org/apache/sling/installer/provider/file/impl/Installer.java#L145",1395224662155
http://sealytics.github.io/ontologies/release-model#Bug-81498762-64e1-4e0f-8d12-e4b7718a68ca,"General +1 for the patch, however I would just use File.separatorChar and replace File.separatorChar  with &quot;/&quot;",1395224662155
http://sealytics.github.io/ontologies/release-model#Bug-73fdee3c-c438-45a2-a4f0-afa351e38e12,Fixed in 1613883,1406529675271
http://sealytics.github.io/ontologies/release-model#Bug-b2f048d4-5f49-4cd2-9051-10c83765e9ff,"Reopening, looks like this breaks our RangeStreamingTest integration test",1385069279734
http://sealytics.github.io/ontologies/release-model#Bug-b2f048d4-5f49-4cd2-9051-10c83765e9ff,"See latest comments in OAK-956 for some additional background.

As for the Tomcat code, since it&apos;s in DefaultServlet, I believe it only needs to work with local files and resources inside jar/war files, in which cases the {{available()}} methods are implemented in a way to make {{BufferedInputStream}} work as expected by the code. It also seems that the code in Tomcat predates http://bugs.sun.com/bugdatabase/view_bug.do?bug_id=6192696 where the behavior of {{BufferedInputStream}} was adjusted so that it no longer necessarily blocks to wait until the full requested number of bytes has been read.",1385069279734
http://sealytics.github.io/ontologies/release-model#Bug-b2f048d4-5f49-4cd2-9051-10c83765e9ff,Proposed patch,1385069279734
http://sealytics.github.io/ontologies/release-model#Bug-b2f048d4-5f49-4cd2-9051-10c83765e9ff,See SLING-3256 for a regression of this change.,1385069279734
http://sealytics.github.io/ontologies/release-model#Bug-b2f048d4-5f49-4cd2-9051-10c83765e9ff,"HTTP Range header handling was off by one, fixed in revision 1544547",1385069279734
http://sealytics.github.io/ontologies/release-model#Bug-b2f048d4-5f49-4cd2-9051-10c83765e9ff,"BTW, the tomcat servlet which was used as basis in SLING-1814 still seems to use the same code: [DefaultServlet.java copyRange() line 2045|http://svn.apache.org/viewvc/tomcat/trunk/java/org/apache/catalina/servlets/DefaultServlet.java?revision=1532296&amp;view=markup#l2045]. ",1385069279734
http://sealytics.github.io/ontologies/release-model#Bug-b2f048d4-5f49-4cd2-9051-10c83765e9ff,"Thanks for your patch, I have committed it in http://svn.apache.org/r1544432 and added a few more test cases in http://svn.apache.org/r1544434",1385069279734
http://sealytics.github.io/ontologies/release-model#Bug-1ddd64f9-1a08-456a-86ec-33716fcd7659,Thanks [~rombert] !!. I just checked InstallerMBean state so missed that part would be careful next time,1409556925554
http://sealytics.github.io/ontologies/release-model#Bug-1ddd64f9-1a08-456a-86ec-33716fcd7659,"After this change the org.apache.aries.jmx.core bundle remains in an installed state since it has an unsatisfied dependency to org.apache.aries.util,version=[1.0,2) . Fixed in https://svn.apache.org/r1622133",1409556925554
http://sealytics.github.io/ontologies/release-model#Bug-1ddd64f9-1a08-456a-86ec-33716fcd7659,Thanks [~chetanm] for your analysis - I suppose upgrading aries in the sling launchpad would be ok.,1409556925554
http://sealytics.github.io/ontologies/release-model#Bug-1ddd64f9-1a08-456a-86ec-33716fcd7659,"I validated this on a system where Aries JMX support was at version 1.0.0

{code:xml}
        &lt;bundle&gt;
            &lt;groupId&gt;org.apache.aries.jmx&lt;/groupId&gt;
            &lt;artifactId&gt;org.apache.aries.jmx.api&lt;/artifactId&gt;
            &lt;version&gt;1.1.0&lt;/version&gt;
        &lt;/bundle&gt;
        &lt;bundle&gt;
            &lt;groupId&gt;org.apache.aries.jmx&lt;/groupId&gt;
            &lt;artifactId&gt;org.apache.aries.jmx.core&lt;/artifactId&gt;
            &lt;version&gt;1.1.1&lt;/version&gt;
        &lt;/bundle&gt;
        &lt;bundle&gt;
            &lt;groupId&gt;org.apache.aries.jmx&lt;/groupId&gt;
            &lt;artifactId&gt;org.apache.aries.jmx.whiteboard&lt;/artifactId&gt;
            &lt;version&gt;1.0.0&lt;/version&gt;
        &lt;/bundle&gt;
{code}

Current jmx support used in Sling launchpad is bit old at 0.0.3

{code:xml}
        &lt;bundle&gt;
415	            &lt;groupId&gt;org.apache.aries.jmx&lt;/groupId&gt;
416	            &lt;artifactId&gt;org.apache.aries.jmx.api&lt;/artifactId&gt;
417	            &lt;version&gt;0.3&lt;/version&gt;
418	        &lt;/bundle&gt;
419	        &lt;bundle&gt;
420	            &lt;groupId&gt;org.apache.aries&lt;/groupId&gt;
421	            &lt;artifactId&gt;org.apache.aries.util&lt;/artifactId&gt;
422	            &lt;version&gt;0.3&lt;/version&gt;
423	        &lt;/bundle&gt;
424	        &lt;bundle&gt;
425	            &lt;groupId&gt;org.apache.aries.jmx&lt;/groupId&gt;
426	            &lt;artifactId&gt;org.apache.aries.jmx.core&lt;/artifactId&gt;
427	            &lt;version&gt;0.3&lt;/version&gt;
428	        &lt;/bundle&gt;
429	        &lt;bundle&gt;
430	            &lt;groupId&gt;org.apache.aries.jmx&lt;/groupId&gt;
431	            &lt;artifactId&gt;org.apache.aries.jmx.whiteboard&lt;/artifactId&gt;
432	            &lt;version&gt;0.3&lt;/version&gt;
433	        &lt;/bundle&gt;
{code}

Would try to reproduce it at my end and see if the issue goes away with latest build of aries or not",1409556925554
http://sealytics.github.io/ontologies/release-model#Bug-1ddd64f9-1a08-456a-86ec-33716fcd7659,Updating the Aries JMX bundles resolves the issue. Done that in http://svn.apache.org/r1621703,1409556925554
http://sealytics.github.io/ontologies/release-model#Bug-30245964-fe0b-4fe0-8e27-f63255832340,"New org.apache.sling.junit.healthcheck bundle added in http://svn.apache.org/r1526015, with a sample test in the org.apache.sling.hc.samples bundle.

Keeping this issue open to update the docs and include the new bundle in the main pom - cannot do that right now as it&apos;s using snapshots that are not part of the main build.",1380057593336
http://sealytics.github.io/ontologies/release-model#Bug-30245964-fe0b-4fe0-8e27-f63255832340,Health Check Tools initial release done in SLING-3127,1380057593336
http://sealytics.github.io/ontologies/release-model#Bug-30245964-fe0b-4fe0-8e27-f63255832340,"Hc tools moved to bundles tree, main pom updated.

Health Check Tools initial release done in SLING-3127",1380057593336
http://sealytics.github.io/ontologies/release-model#Bug-61e5f2ec-b784-498b-85be-d26c9551a87e,Marking resolved as there&apos;s a suggested fix. To reopen if persists otherwise.,1403089848087
http://sealytics.github.io/ontologies/release-model#Bug-61e5f2ec-b784-498b-85be-d26c9551a87e,"I&apos;m not sure that this is a proper fix. I made this change specifically for SLING-3102 , where the archetype was not picked up. I would ask you to test with a clean maven repo and see that the non-embedded archetypes show. If they do, it&apos;s safe to remove this code. If they don&apos;t, we can use the acceptsArchetype method to only refresh the page when acceptable archetypes have been added.",1403089848087
http://sealytics.github.io/ontologies/release-model#Bug-61e5f2ec-b784-498b-85be-d26c9551a87e,"I&apos;ve provided an alternate fix in http://svn.apache.org/viewvc?view=revision&amp;revision=1604482, making sure to touch the UI only when the known acceptable archetypes have changed. Based on my limited testing, this works well enough.

Please reopen if you still find the refresh problematic.",1403089848087
http://sealytics.github.io/ontologies/release-model#Bug-57b39afc-176e-428f-8c60-f1e094c0ad00,Fixed ( and verified on Linux ) in http://svn.apache.org/r1525951,1380043227776
http://sealytics.github.io/ontologies/release-model#Bug-6798f4b2-20d2-43e2-8978-dabee228af00,"PEBKAC - I forgot to execute the code which disables the org.apache.sling.servlets.resolver.SlingServletResolver cache before testing, after doing that these tests work fine.",1379074875247
http://sealytics.github.io/ontologies/release-model#Bug-6798f4b2-20d2-43e2-8978-dabee228af00,"Added the required configuration to launchpad/testing in revision 1536359, along with a test that verifies the config.",1379074875247
http://sealytics.github.io/ontologies/release-model#Bug-3abf7cdd-b0cb-48f6-b487-1e98db2f5e87,Fixed in http://svn.apache.org/viewvc?view=revision&amp;revision=1597782,1401195162711
http://sealytics.github.io/ontologies/release-model#Bug-d389ce81-a52e-4c12-8f19-a48699bb6e1a,Fixed in rev 1613876,1406528946444
http://sealytics.github.io/ontologies/release-model#Bug-2b525bd7-4213-4414-966f-c1f11ee2dee3,"Fixed in http://svn.apache.org/viewvc?view=revision&amp;revision=1596669 . The image is now a standard folder icon with a &apos;web&apos; overlay, used to signal content. Not perfect, but IMO better than the previous.",1400681578839
http://sealytics.github.io/ontologies/release-model#Bug-d84d1ce3-99ef-4ac3-980c-67f5cb007047,"Proposed fix.

Not sure if the call to {{interpolateProperties()}} towards the end of the method is still necessary but I guess there&apos;s a chance {{initBundleList(BundleList)}} introduces dependencies that must be resolved with properties.",1409042504841
http://sealytics.github.io/ontologies/release-model#Bug-d84d1ce3-99ef-4ac3-980c-67f5cb007047,Any feedback on this?,1409042504841
http://sealytics.github.io/ontologies/release-model#Bug-d84d1ce3-99ef-4ac3-980c-67f5cb007047,"Thanks for the patch, Marcel. It&apos;s applied in rev 1624456
Yes, the call at the end is still needed, we could change the code and put the interpolateProperties() to the place where new bundles are added, however I think it&apos;s not worth the effort.",1409042504841
http://sealytics.github.io/ontologies/release-model#Bug-c3d438ae-5884-41e7-9065-75df9ded1cf0,I&apos;Ve committed a potential fix for the problem,1395242921540
http://sealytics.github.io/ontologies/release-model#Bug-c3d438ae-5884-41e7-9065-75df9ded1cf0,"I guess, you mean from ACTIVE to RESOLVED.

The package admin class loader only loads classes when the bundle is ACTIVE - this is to avoid the problem, that the interface class is already available (jsp for example compiles fine) but the service is not.
Therefore, when a bundle goes back into the RESOLVED state, we should handle this",1395242921540
http://sealytics.github.io/ontologies/release-model#Bug-c3d438ae-5884-41e7-9065-75df9ded1cf0,"The {{PackageAdminClassLoader}} checks the bundle state before solving a class. Since declarative services won&apos;t get solved from a bundle which is not in the ACTIVE state, I think class loading should work the same.

Imagine this corner use-case:
1. you have a bundle com.example.bundle in an ACTIVE state
2. you load class A from it
3. the bundle transitions to RESOLVED
4. you want to load class B from it (this will fail)

You get into the weird situation where you still solve A and instantiate it in your code, but you can&apos;t load B or access any service provided by the bundle.",1395242921540
http://sealytics.github.io/ontologies/release-model#Bug-c3d438ae-5884-41e7-9065-75df9ded1cf0,I&apos;m not sure how this is inconsistent. I don&apos;t think the class space changes when a bundle transitions from STARTED to RESOLVED.,1395242921540
http://sealytics.github.io/ontologies/release-model#Bug-161ef859-3f5c-4132-adb1-758bb603d2d1,fixed - loop-connectors are again shown as OK instead of not ok,1398150903719
http://sealytics.github.io/ontologies/release-model#Bug-284ba643-5e27-4019-9383-2d34dd888899,"* http://svn.apache.org/viewvc?view=revision&amp;revision=1597565 added ProjectAdapter.createVltFilterWithRoots
* http://svn.apache.org/viewvc?view=revision&amp;revision=1597566 added a disabled test",1400595817361
http://sealytics.github.io/ontologies/release-model#Bug-284ba643-5e27-4019-9383-2d34dd888899,"Given that

* I don&apos;t think this is a very frequent use case
* There is a workaround ( manually adjust the nodes in the repo )
* The fix is not trivial

I&apos;m going to move this to 1.0.2 and see how many people complain.",1400595817361
http://sealytics.github.io/ontologies/release-model#Bug-4b293607-ccb6-4c49-9eaa-fef0c44b479e,"I&apos;ve added XML escaping with revision 1504776 - although it should not be required to check the context path, I added the escaping to all variables.
",1374145236137
http://sealytics.github.io/ontologies/release-model#Bug-4b293607-ccb6-4c49-9eaa-fef0c44b479e,Thanks Carsten!,1374145236137
http://sealytics.github.io/ontologies/release-model#Bug-329ccb3e-b967-4b4a-a4a9-17d8ccb520d7,"Proposed fix is very simple, which is good :). I wondered for a moment where to put this cache checking condition.
It&apos;s a bit tricky because of key escaping. Does the fix work with properties using prefixes e.g. jcr:created ?

If so then it&apos;s ok, I think.",1384776864848
http://sealytics.github.io/ontologies/release-model#Bug-329ccb3e-b967-4b4a-a4a9-17d8ccb520d7,I&apos;ve committed a potential fix - WDYT?,1384776864848
http://sealytics.github.io/ontologies/release-model#Bug-329ccb3e-b967-4b4a-a4a9-17d8ccb520d7,"Yes, the patch should work with all properties",1384776864848
http://sealytics.github.io/ontologies/release-model#Bug-5323c654-f35a-4b48-9b1f-f9b86921dc44,implemented,1403085035250
http://sealytics.github.io/ontologies/release-model#Bug-6d398528-78a9-47f4-90b1-af749a6cc548,Supporting all types now. Last missing piece: support for multi-value-properties,1401093980523
http://sealytics.github.io/ontologies/release-model#Bug-6d398528-78a9-47f4-90b1-af749a6cc548,"Added improved property type support to the jcr properties view.

The list of supported types is not yet complete though, hence leaving this ticket open for now.",1401093980523
http://sealytics.github.io/ontologies/release-model#Bug-6d398528-78a9-47f4-90b1-af749a6cc548,"mvp support added - closing this ticket for now. If there are related issues, separate tickets can be created",1401093980523
http://sealytics.github.io/ontologies/release-model#Bug-e754d486-bf24-448c-90ea-c2ad7dc34865,"* http://svn.apache.org/viewvc?view=revision&amp;revision=1596137 minor cleanups
* http://svn.apache.org/viewvc?view=revision&amp;revision=1596138 implementation",1380194803873
http://sealytics.github.io/ontologies/release-model#Bug-6fd9fe7d-c28b-4e63-8c62-efcd5be7e810,"The benefit of using the post servlet is that you can specify the nodetype for intermediate nodes, whereas MKCOL will probably just create nt:folder. Like Justin in the discussion I&apos;d prefer sling:Folder nodes where possible.

The best might be to use POST to create intermediate nodes, trying with sling:Folder first and reverting to nt:folder where needed - and logging what&apos;s being done, to avoid surprises.",1399037202960
http://sealytics.github.io/ontologies/release-model#Bug-6fd9fe7d-c28b-4e63-8c62-efcd5be7e810,"The discussion above seemed to be blocked at the point of whether we should use webdav to create the intermediate nodes or the Sling Post Servlet. I for one don&apos;t have a strong opinion ( we already use the WebDAV servlet when usePut is true ), but if someone (still) thinks the distinction is important it would be good to hear.",1399037202960
http://sealytics.github.io/ontologies/release-model#Bug-6fd9fe7d-c28b-4e63-8c62-efcd5be7e810,"The best would be for maven-sling-plugin to create the required folder structure before PUTting the bundle (with appropriate logging to avoid surprises).

I vaguely remember a discussion about adding that feature, forgot what the outcome was.",1399037202960
http://sealytics.github.io/ontologies/release-model#Bug-6fd9fe7d-c28b-4e63-8c62-efcd5be7e810,http://apache-sling.73963.n3.nabble.com/Issue-using-PUT-with-maven-sling-plugin-and-non-existent-path-td3885587.html,1399037202960
http://sealytics.github.io/ontologies/release-model#Bug-995a8d9b-1bb4-4b20-8e16-dafdbb1ca4fa,"Potential fix for the problem, checking if the queue to outdate is the main queue",1397499935969
http://sealytics.github.io/ontologies/release-model#Bug-995a8d9b-1bb4-4b20-8e16-dafdbb1ca4fa,"Attaching patch.

This patch makes sure, the implicit main queue is treated the same as all the other queues in terms of filtering the queue name. At least from what I can tell so far, the main queue is properly outdated, in the sense that there is no outdated queue  in the queue map index by the regular queue name. 

The only drawback I can see so far is: In the job console, the main queue is listed as _main queue_, instead of &lt;main queue&gt;.  Would this be a problem?

I general, I wonder if it would not be better to use a implicit main queue name that is within the allowed character range. Like sling-event-main-queue, for example.",1397499935969
http://sealytics.github.io/ontologies/release-model#Bug-995a8d9b-1bb4-4b20-8e16-dafdbb1ca4fa,"-To get the &lt;main queue&gt; name back for active queues in the webconsole, the AbstractJobQueue.getName() could be modified as shown in attached SLING-3502.patch2 - open for discussion..- fiddling with the getName() is a bad idea - has unwanted side-effects",1397499935969
http://sealytics.github.io/ontologies/release-model#Bug-995a8d9b-1bb4-4b20-8e16-dafdbb1ca4fa,Provided patch fixes the problem as described (with the resulting new web console &apos;issue&apos; of showing {{__main queue__}}),1397499935969
http://sealytics.github.io/ontologies/release-model#Bug-995a8d9b-1bb4-4b20-8e16-dafdbb1ca4fa,IMHO that&apos;s a regression of SLING-3381.,1397499935969
http://sealytics.github.io/ontologies/release-model#Bug-995a8d9b-1bb4-4b20-8e16-dafdbb1ca4fa,notice that ResourceHelper.filterName is not only used for filtering queue names..,1397499935969
http://sealytics.github.io/ontologies/release-model#Bug-995a8d9b-1bb4-4b20-8e16-dafdbb1ca4fa,"fixed, will be shipped in event 3.3.10",1397499935969
http://sealytics.github.io/ontologies/release-model#Bug-995a8d9b-1bb4-4b20-8e16-dafdbb1ca4fa,"About the renaming from &lt;main queue&gt; to {{__main queue__}}: As this main queue is implicitly configured by sling eventing itself, there is the risk that clients are using the JobManager API to query for this main queue by name explicitly. This patch would then potentially break that code.

Other suggestion: How about changing the name filtering and add &lt; and &gt; to the allowed characters? This would allow us to keep using the old main queue name while still doing the outdating properly.  WDYT?",1397499935969
http://sealytics.github.io/ontologies/release-model#Bug-995a8d9b-1bb4-4b20-8e16-dafdbb1ca4fa,"bq. How about changing the name filtering and add &lt; and &gt; to the allowed characters? 
or: explicitly allow &apos;&lt;main queue&gt;&apos; and not filter that at all? but we need to be careful since that filter method is also used for filtering other things than queue names..",1397499935969
http://sealytics.github.io/ontologies/release-model#Bug-995a8d9b-1bb4-4b20-8e16-dafdbb1ca4fa,"Thanks [~cziegeler] and [~pfaffm@adobe.com] for the (updated) patches and the integration test! (Forgot to mention the credit in the commit msg, scusi..)

The new integration test failed on the raw updated patch - due to JobManagerImpl.getQueue() still filtering the main queue name - hence refactored that &apos;main queue special handling&apos; code into ResourceHelper.filterQueueName().

Your inputs are now committed, please double-check/test, so that we can release this, thanks.",1397499935969
http://sealytics.github.io/ontologies/release-model#Bug-995a8d9b-1bb4-4b20-8e16-dafdbb1ca4fa,"[~cziegeler]: The attached IT still fails with your patch. The problem is it uses JobManager.getQueue() witch does not explicitly check for main queue. IMHO this unveils the deeper problem. The code does not consequently use the same values for reading and writing the queue map, which was leading to SLING-3381 already. If we start treating the main queue different than the other queues, we need to explicitly check for the main queue name whenever the queue map is read/written. JobManagerImpl.process() is another such candidate.

IMHO the filterName() method does not avoid name clashes between active queues and outdated queues. Filtering the same queue name will always return the same filtered queue name. Aren&apos;t name clashes avoided by AbstractJobQueue.outdate()? There the queue is renamed to a unique name by appending &lt;outdated&gt; (&lt;hashcode&gt;) to the queue name. Which leads me to think about whether filterName() is needed at all for reading and writing the queue map?

I&apos;ll try to complete your patch by covering all read/write access to the queue map. 






",1397499935969
http://sealytics.github.io/ontologies/release-model#Bug-995a8d9b-1bb4-4b20-8e16-dafdbb1ca4fa,"[~pfaffm@adobe.com], re
bq. The attached IT still fails with your patch.
Have seen that too and fixed it and checked int.

bq. JobManagerImpl.process() is another such candidate.
looking at that now..",1397499935969
http://sealytics.github.io/ontologies/release-model#Bug-995a8d9b-1bb4-4b20-8e16-dafdbb1ca4fa,"Attaching another patch that adds the &lt; and &gt; to the allowed characters when filtering. This way we can keep the original main queue name called &lt;main queue&gt; and still fix the queue outdating.

As well attaching an integration test for verifying this issue. The test is designed to fail, if this issue is not fixed. ",1397499935969
http://sealytics.github.io/ontologies/release-model#Bug-995a8d9b-1bb4-4b20-8e16-dafdbb1ca4fa,"The reason for filterName is exactly to avoid having a name which is the same as an outdated queue or the main queue, therefore &lt;, &gt; are simply filtered out. Therefore the way it is handled right now looks right to me.
So I guess the problem lies somewhere else.",1397499935969
http://sealytics.github.io/ontologies/release-model#Bug-995a8d9b-1bb4-4b20-8e16-dafdbb1ca4fa,"bq. JobManagerImpl.process() is another such candidate.

I think that one is fine, as it uses {code}queueConfigManager.getQueueInfo{code} which in turn does the filtering for everything except the main queue.",1397499935969
http://sealytics.github.io/ontologies/release-model#Bug-995a8d9b-1bb4-4b20-8e16-dafdbb1ca4fa,"The problem is actually the first line in JobManagerImpl#outdateQueue:

        final String oldName = ResourceHelper.filterName(queue.getName());
",1397499935969
http://sealytics.github.io/ontologies/release-model#Bug-1e18fbeb-3765-4aab-9e6e-aa52497cfef0,"fixed, will be shipped with discovery.impl 1.0.4",1391432209736
http://sealytics.github.io/ontologies/release-model#Bug-275c7aff-a368-4208-9f02-525454ef7ca9,Fixed in Rev. 1542629,1384651714199
http://sealytics.github.io/ontologies/release-model#Bug-9198655e-99e8-4c10-be04-ff3d784b0641,"[~egli] - when performing a vlt checkout, here&apos;s why I get ( .vlt files excluded )

./.content.xml
./_jcr_content
./_jcr_content/.content.xml
./_jcr_content/component1
./_jcr_content/component1/.content.xml
./_jcr_content/component2
./_jcr_content/component2/.content.xml

This seems natural since nt:unstructured is not a full coverage node type, so child nodes are serialized individually. The mistake here though is that the jcr content node is serialized under the repository name, and not the platform name.

Can you please confirm that the analysis is correct? Or if not, I need to know

- the path of the node which gets serialized into a single .xml file
- the jcr:primaryType property for the above node and all its parents",1379065074699
http://sealytics.github.io/ontologies/release-model#Bug-9198655e-99e8-4c10-be04-ff3d784b0641,Note - all nodes under jcr:content are nt:unstructured.,1379065074699
http://sealytics.github.io/ontologies/release-model#Bug-9198655e-99e8-4c10-be04-ff3d784b0641,Works fine now.,1379065074699
http://sealytics.github.io/ontologies/release-model#Bug-9198655e-99e8-4c10-be04-ff3d784b0641,I wasn&apos;t able to reproduce so resolving as such. [~egli] - please reopen if you still find this a problem.,1379065074699
http://sealytics.github.io/ontologies/release-model#Bug-9d9fcd0d-0a77-441d-b6ad-d4d6485df8d9,Fixed by using the Arrays class to access the array instead of directly casting to Object[],1394713212259
http://sealytics.github.io/ontologies/release-model#Bug-4a6ff266-8c79-4351-90fa-4b106475bc45,Fixed in 1613890,1406530211987
http://sealytics.github.io/ontologies/release-model#Bug-1ed5e7f5-087a-4922-a42d-234b2a552d78,Fixed in http://svn.apache.org/viewvc?view=revision&amp;revision=r1500794,1373297120386
http://sealytics.github.io/ontologies/release-model#Bug-523a918a-3081-4f31-9dca-6bee9ed8c0af,Patch to check for NPE,1404757035762
http://sealytics.github.io/ontologies/release-model#Bug-523a918a-3081-4f31-9dca-6bee9ed8c0af,"With Sling Script Console the request would be null so yes adding a null check for it makes sense

Thanks for the patch. Applied it in http://svn.apache.org/r1609022",1404757035762
http://sealytics.github.io/ontologies/release-model#Bug-80280694-0c74-41d0-bf01-3fc173694f12,"* http://svn.apache.org/viewvc?view=revision&amp;revision=1611483 - moved the logger to the API bundle
* http://svn.apache.org/viewvc?view=revision&amp;revision=1611484 - inject the logger in all vlt commands, instead of accessing the Activator directly
* http://svn.apache.org/viewvc?view=revision&amp;revision=1611485 - perform all reordering operations in one pass ( fixes this bug )
* http://svn.apache.org/viewvc?view=revision&amp;revision=1611486 - stronger consistency checks before starting the reordering operation",1405541277764
http://sealytics.github.io/ontologies/release-model#Bug-80280694-0c74-41d0-bf01-3fc173694f12,"A snippet which shows the attempted ordering operation, which is incorrect.",1405541277764
http://sealytics.github.io/ontologies/release-model#Bug-80280694-0c74-41d0-bf01-3fc173694f12,"I&apos;ve narrowed down the problem. The current approach when reordering nodes is to reorder once, then resume the reordering process. The assumption is that the child nodes will be re-read and then the processing will continue with the next one. This was a vestige of the old reordering method, and is clearly incorrect. The reason is that the {{Node.orderBefore}} method requires a {{Session.save}} is order to take effect. Since the initial reorder seemingly does not have any effect, it will be attempted over and over again, leading to the StackOverFlowError.",1405541277764
http://sealytics.github.io/ontologies/release-model#Bug-80280694-0c74-41d0-bf01-3fc173694f12,Attached [an example content structure|^screenshot.png] which reproduces the problem,1405541277764
http://sealytics.github.io/ontologies/release-model#Bug-fdf34edb-0c60-4a59-b67b-d212ae6e1684,Uploading patch for new method in ResourceUtil and removing ResourceCollectionUtil,1367825677839
http://sealytics.github.io/ontologies/release-model#Bug-fdf34edb-0c60-4a59-b67b-d212ae6e1684,I&apos;ve applied the patch with a minor change: instead of throwing a runtimeexception I changed this to throw a PersistenceException,1367825677839
http://sealytics.github.io/ontologies/release-model#Bug-1d049569-4c7f-417f-8794-bbbd16652d4f,"[~alex.parvulescu], [~jukkaz] shouldn&apos;t we simply remove fallback to {{DefaultContentCreator}} when extension {{.jcr.xml}} is used? (by moving {{return}} to the end of the _system view imports_ block)

The name and error handling in _contentloader_ should be improved indeed - and there are some more glitches which could be fixed.
",1380101393791
http://sealytics.github.io/ontologies/release-model#Bug-1d049569-4c7f-417f-8794-bbbd16652d4f,"fyi. [~jukkaz] found out that this is triggered in the cases where the file size is above 256000 bytes [0]

More on the failed import case: 
It can be that the node name parameter passed in is not the same as the node from system view export file. 
For example I can export /content/page, and the name I pass in is &apos;jcr:content&apos;, and I ask to be imported under &apos;/content&apos;. this will affect how the system view import verifies if the import was successful: &apos;content&apos;.hasChild(&apos;jcr:content&apos;).
So I&apos;m guessing that the importer could be a bit smarter about this check, as failing it means another import will happen with a fallback on the default importer.



[0] http://svn.apache.org/viewvc/sling/trunk/bundles/engine/src/main/java/org/apache/sling/engine/impl/parameters/ParameterSupport.java?view=markup#l187",1380101393791
http://sealytics.github.io/ontologies/release-model#Bug-1d049569-4c7f-417f-8794-bbbd16652d4f,https://github.com/oliverlietz/sling-tests/tree/master/org.apache.sling.tests/SLING-3114,1380101393791
http://sealytics.github.io/ontologies/release-model#Bug-1d049569-4c7f-417f-8794-bbbd16652d4f,"Fixed in r1591877 as described above (same behavior as in {{org.apache.sling.jcr.contentloader.internal.Loader}}).

Other issues are tracked in SLING-3533, SLING-3534 and SLING-3535.",1380101393791
http://sealytics.github.io/ontologies/release-model#Bug-dd4494a2-08c0-4842-9fac-cf6501fa7103,Added a failing and ignored test in http://svn.apache.org/viewvc?view=revision&amp;revision=1607593,1404119805708
http://sealytics.github.io/ontologies/release-model#Bug-dd4494a2-08c0-4842-9fac-cf6501fa7103,"* http://svn.apache.org/viewvc?view=revision&amp;revision=1607676 - added missing license
* http://svn.apache.org/viewvc?view=revision&amp;revision=1607677 - fix ResourceProxy.covers for depth &gt; 1
* http://svn.apache.org/viewvc?view=revision&amp;revision=1607679  - added ResourceProxy.getChild
* http://svn.apache.org/viewvc?view=revision&amp;revision=1607680 - ResourceProxy - validate paths when adding a child
* http://svn.apache.org/viewvc?view=revision&amp;revision=1607681 - looks for serialization data higher in the filesystem if none is found",1404119805708
http://sealytics.github.io/ontologies/release-model#Bug-dd4494a2-08c0-4842-9fac-cf6501fa7103,Reopened since I found a case which is not handled correctly.,1404119805708
http://sealytics.github.io/ontologies/release-model#Bug-dd4494a2-08c0-4842-9fac-cf6501fa7103,"* http://svn.apache.org/viewvc?view=revision&amp;revision=1607845 - corrected ResourceProxy.get and covers for deeply nested nodes
* http://svn.apache.org/viewvc?view=revision&amp;revision=1607846 - added more tracing to ResourceChangeCommandFactory",1404119805708
http://sealytics.github.io/ontologies/release-model#Bug-12f0aa49-aa87-4f7b-90e7-5bead0e74ee1,"{quote}The new-project-wizard will also start the server of course and up-till-now was assuming the publish would automatically start. That we can still trigger explicitly from the wizard though, so no issue there.{quote}

Sounds good",1379533578095
http://sealytics.github.io/ontologies/release-model#Bug-12f0aa49-aa87-4f7b-90e7-5bead0e74ee1,"I&apos;ve updated the behaviour, but only for content modules. Therefore, the bundle creation wizard will not be affected

* http://svn.apache.org/viewvc?view=revision&amp;revision=1597534  updated tests to create content after the module is deployed
* http://svn.apache.org/viewvc?view=revision&amp;revision=1597536 set the module publish state to none even when we ignore the publish request
* http://svn.apache.org/viewvc?view=revision&amp;revision=1597537 do not re-publish modules when starting the launchpad for the first time",1379533578095
http://sealytics.github.io/ontologies/release-model#Bug-12f0aa49-aa87-4f7b-90e7-5bead0e74ee1,"Agreed, might make it more light-weight to just &apos;connect&apos; instead of &apos;full publish&apos;. If the user knows that the &apos;connect to server&apos; button doesn&apos;t imply an initial publish, then all things are fine. If we get user feedback about this being odd we could still add a config parameter to the server about this. But having it off by default sounds good.

The new-project-wizard will also start the server of course and up-till-now was assuming the publish would automatically start. That we can still trigger explicitly from the wizard though, so no issue there.",1379533578095
http://sealytics.github.io/ontologies/release-model#Bug-12f0aa49-aa87-4f7b-90e7-5bead0e74ee1,"This only happens the first time the server is started and it&apos;s published as a full change:

SlingLaunchpadBehaviour.publishModule(PUBLISH_FULL, CHANGED, [Module[sling-vlt-project-13,org.apache.sling.ide.contentModuleFactory:sling-vlt-project-13]])

As such, this is not critical for the 1.0.0 release.",1379533578095
http://sealytics.github.io/ontologies/release-model#Bug-12f0aa49-aa87-4f7b-90e7-5bead0e74ee1,"[~egli] - When SLING-2651 is fixed, I&apos;m tempted to fix this one for 1.0.0 as well. The reason is that for external servers it&apos;s confusing to connect it to the workspace and instantly publish all the assigned modules. This can even take a long time for large modules ( think vlt ci every time you start Eclipse ... ) .

Thoughts?",1379533578095
http://sealytics.github.io/ontologies/release-model#Bug-f9fc69b7-b194-4aa1-a705-3c07db2b37b3,Fixed in 1613891,1406530395343
http://sealytics.github.io/ontologies/release-model#Bug-c90b66c9-9315-4869-bd7b-5355a83a23ce,"This sample requires OCM for the mapping of resources to objects; however the implementation we have is pretty old and no one maintained it. Even worse, it doesn&apos;t run (the bundle doesn&apos;t resolve) with latest Sling. We moved the OCM part recently out of the Sling launchpad because of those reasons. 
Unless someone spends significant time into getting OCM running again, this sample will continue to fail and we should remove it
There are samples for using jsps with resources - the jsps usually adapt the resource to a value map and use that for rendering. For object mapping I suggest to look into the new Sling models : http://sling.apache.org/documentation/bundles/models.html",1362481252807
http://sealytics.github.io/ontologies/release-model#Bug-c90b66c9-9315-4869-bd7b-5355a83a23ce,"Any update on this ticket? I am also not able to get the demo to work, I get following exception:

&quot;Internal Server Error (500)
The requested URL /sample/content/home.html resulted in an error in /apps/sling/SamplePage/html.jsp.
Exception: java.lang.NullPointerException at org.apache.jsp.apps.sling.SamplePage.html_jsp._jspService(html_jsp.java:117)&quot;

It is the only demo showing how to use jsp pages backed by java objects, and I am not really able to find any other demo&apos;s online where they really use jsp pages together with the underlying resource, so it would be nice if it could be restored to work!",1362481252807
http://sealytics.github.io/ontologies/release-model#Bug-c90b66c9-9315-4869-bd7b-5355a83a23ce,"Ok thanks I will definitely have a look at that then, I was trying to convert the ocm in the simple demo to slice resources (https://github.com/Cognifide/Slice), but maybe I can just use standard sling models then.",1362481252807
http://sealytics.github.io/ontologies/release-model#Bug-c90b66c9-9315-4869-bd7b-5355a83a23ce,"As discussed in the mailing list, we removed this sample",1362481252807
http://sealytics.github.io/ontologies/release-model#Bug-c90b66c9-9315-4869-bd7b-5355a83a23ce,"I&apos;m getting that error too. Besides, there have been discussions to remove the simple demo:
http://mail-archives.apache.org/mod_mbox/sling-dev/200904.mbox/%3C49DC86F8.4030002%40gmail.com%3E

Should we maybe do this? I personally find the simple-demo fairly confusing ;)",1362481252807
http://sealytics.github.io/ontologies/release-model#Bug-60d4ee4f-a645-4bf1-bfcc-894f36ff2d01,Uses ResponseUtil in revision 1127023,1305737809232
http://sealytics.github.io/ontologies/release-model#Bug-60d4ee4f-a645-4bf1-bfcc-894f36ff2d01,"sling/api class modified in revision 1126545 - that class is used by the *UserServlets among others, to test it I created a simple test servlet",1305737809232
http://sealytics.github.io/ontologies/release-model#Bug-60d4ee4f-a645-4bf1-bfcc-894f36ff2d01,"FWIW here&apos;s a curl example that demonstrates the resulting encoding:

{code}
curl -s -e &quot;&lt;script&gt;alert(&apos;argh&apos;)&lt;/script&gt;&quot; -X POST http://localhost:8080/DOESNT_EXIST
&lt;html&gt;
&lt;head&gt;
    &lt;title&gt;Error while processing /DOESNT_EXIST&lt;/title&gt;
&lt;/head&gt;
    &lt;body&gt;
    &lt;h1&gt;Error while processing /DOESNT_EXIST&lt;/h1&gt;
...
            &lt;tr&gt;
                &lt;td&gt;Referer&lt;/td&gt;
                &lt;td&gt;&lt;a href=&quot;&amp;lt;script&amp;gt;alert(&amp;apos;argh&amp;apos;)&amp;lt;/script&amp;gt;&quot;id=&quot;Referer&quot;&gt;&amp;lt;script&amp;gt;alert(&amp;apos;argh&amp;apos;)&amp;lt;/script&amp;gt;&lt;/a&gt;&lt;/td&gt;
            &lt;/tr&gt;
...
    &lt;/body&gt;
{code}",1305737809232
http://sealytics.github.io/ontologies/release-model#Bug-60d4ee4f-a645-4bf1-bfcc-894f36ff2d01,"the escaping changed the readability of the response, because it now escapes the &lt;pre&gt; and &lt;br&gt; tags. which now don&apos;t look nice in the browser anymore.
the intention of the xhtml response was that it is human and machine readable. further, it alters the DOM of the chagelog entry which might cause backward compatibility. 

IMO it would be better to only escape the actual changelog entries instead of the entire changelog.

eg:
&lt;td&gt;ChangeLog&lt;/td&gt;
&lt;td&gt;&lt;div id=&quot;ChangeLog&quot;&gt;
&amp;lt;pre&amp;gt;created(&quot;/foo.txt&quot;);&amp;lt;br/&amp;gt;created(&quot;/bar.txt&quot;);&amp;lt;br/&amp;gt;&amp;lt;/pre&amp;gt;
&lt;/div&gt;&lt;/td&gt;
",1305737809232
http://sealytics.github.io/ontologies/release-model#Bug-60d4ee4f-a645-4bf1-bfcc-894f36ff2d01,Fixed in revision 1126566,1305737809232
http://sealytics.github.io/ontologies/release-model#Bug-60d4ee4f-a645-4bf1-bfcc-894f36ff2d01,"HTML escaping is already available in the org.apache.sling.api.request.ResponseUtil class, we should use that instead.",1305737809232
http://sealytics.github.io/ontologies/release-model#Bug-60d4ee4f-a645-4bf1-bfcc-894f36ff2d01,POST servlet modified in revision 1126521 to escape HTML output,1305737809232
http://sealytics.github.io/ontologies/release-model#Bug-59950c80-a452-433e-8894-0d90ee26848f,Added an extra null check,1410895470091
http://sealytics.github.io/ontologies/release-model#Bug-bd6ae67b-5e76-4445-9c70-9bb32a1783a0,"Resolving as it appears the pull request for this issue was resolved:
https://github.com/apache/sling/pull/14",1395149052072
http://sealytics.github.io/ontologies/release-model#Bug-bd6ae67b-5e76-4445-9c70-9bb32a1783a0,"GitHub user kwin opened a pull request:

    https://github.com/apache/sling/pull/14

    SLING-3459, do not log exceptions which are rethrown

    Do not log exceptions which are rethrown, to prevent stacktraces from appearing twice in the log. The original bug report is at https://issues.apache.org/jira/browse/SLING-3459.

You can merge this pull request into a Git repository by running:

    $ git pull https://github.com/kwin/sling SLING-3459

Alternatively you can review and apply these changes as the patch at:

    https://github.com/apache/sling/pull/14.patch

To close this pull request, make a commit to your master/trunk branch
with (at least) the following in the commit message:

    This closes #14
    
----
commit 5b7bf401deab2051a8f432947aa6dd7bdf6cabe6
Author: Konrad Windszus &lt;konrad.windszus@netcentric.biz&gt;
Date:   2014-04-22T09:18:48Z

    SLING-3459, do not log exceptions which are rethrown

----
",1395149052072
http://sealytics.github.io/ontologies/release-model#Bug-bd6ae67b-5e76-4445-9c70-9bb32a1783a0,"Github user asfgit closed the pull request at:

    https://github.com/apache/sling/pull/14
",1395149052072
http://sealytics.github.io/ontologies/release-model#Bug-bd6ae67b-5e76-4445-9c70-9bb32a1783a0,Fixed in r1589138. Thanks for the patch!,1395149052072
http://sealytics.github.io/ontologies/release-model#Bug-810bd34f-9b09-446c-84e1-028757f1c2c6,"[~lukasz.szwajkowski] - thanks for the report. Would you mind adding the trace logs as documented at https://sling.apache.org/documentation/development/ide-tooling.html#gathering-debug-information? If you find they contain sensitive information, let me know and I will try to get them on a private channel. Thanks",1408011281940
http://sealytics.github.io/ontologies/release-model#Bug-2b1522da-ad9c-48c0-b57e-50f17369a54f,Fixed in rev 1613900,1406531086797
http://sealytics.github.io/ontologies/release-model#Bug-628fafe4-62b9-4549-9c62-f7e627cd42d8,"Thanks for pointing out the problem, I will have a look at it.",1405410977631
http://sealytics.github.io/ontologies/release-model#Bug-628fafe4-62b9-4549-9c62-f7e627cd42d8,"This patch should solve the errors you experienced. The additional changes are:

- I avoided to use some internal classes of JUnit which were not exported by org.apache.sling.junit.core.

- I added org.apache.sling.junit.performance to the module containing integration tests as a bundle to be installed before tests could be executed.",1405410977631
http://sealytics.github.io/ontologies/release-model#Bug-628fafe4-62b9-4549-9c62-f7e627cd42d8,"Thanks, all tests pass with this new patch, I have applied it in http://svn.apache.org/r1610715",1405410977631
http://sealytics.github.io/ontologies/release-model#Bug-628fafe4-62b9-4549-9c62-f7e627cd42d8,"Thanks for your patch - some tests fail if I apply it, IIUC the org.apache.sling.testing.samples.sampletests bundle  is missing the org.junit.internal.runners.statements package.

Steps to reproduce, after applying your patch:
{code}
export PL=$(find testing -name pom.xml | grep -v target | while read p; do echo -n &quot;$(dirname $p),&quot;; done)
mvn clean install -pl $PL
{code}

The testing/samples/integration-tests build fails, starting bundle org.apache.sling.testing.samples.sampletests fails, [1] shows an unresolved constraint error.

[1] testing/samples/integration-tests/sling/instance2/logs/error.log 

",1405410977631
http://sealytics.github.io/ontologies/release-model#Bug-ccc618e3-60c3-4ee5-941b-2087793fde21,Thanks a lot. Just tried it out and now it works.,1379928838389
http://sealytics.github.io/ontologies/release-model#Bug-ccc618e3-60c3-4ee5-941b-2087793fde21,Fixed. Followed [~kwin] hint re using an &apos;updated&apos; flag.,1379928838389
http://sealytics.github.io/ontologies/release-model#Bug-ccc618e3-60c3-4ee5-941b-2087793fde21,I am on Mac OS X 10.8.5 with Eclipse Kepler (4.3.0) running on Java 1.7.0_25 (still).,1379928838389
http://sealytics.github.io/ontologies/release-model#Bug-ccc618e3-60c3-4ee5-941b-2087793fde21,"Compare with this code: https://anonsvn.springsource.org/svn/dm-server-tools/main-branches/jersey/com.springsource.server.ide.runtime.ui/src/com/springsource/server/ide/runtime/internal/ui/editor/StartupEditorSection.java. The field &quot;updating&quot; is used as a guard, so that the PropertyChangeListener is not doing anything, if the update was triggered from the GUI itself (in that case updating is true).",1379928838389
http://sealytics.github.io/ontologies/release-model#Bug-ccc618e3-60c3-4ee5-941b-2087793fde21,"I think the problem is a loop with  the modification listeners. You actually try to store the values whenever they are changed. This itself triggers the PropertyChangeListener, which sets the control value. This resets the cursor position. The key issue is that you try to persist the properties before a &quot;Save&quot; is issued on the ServerEditorSection.",1379928838389
http://sealytics.github.io/ontologies/release-model#Bug-ccc618e3-60c3-4ee5-941b-2087793fde21,"Thanks for the reference, I&apos;ll look into it. [~egli] - can you reproduce? If you do, you&apos;d stand a better chance of making a proper fix...",1379928838389
http://sealytics.github.io/ontologies/release-model#Bug-ccc618e3-60c3-4ee5-941b-2087793fde21,[~kwin] - I can&apos;t reproduce this. What version of Eclipse and what operating system do you use?,1379928838389
http://sealytics.github.io/ontologies/release-model#Bug-e43f6e7c-dfc2-49e5-9b39-04ac1a16e8db,This is already implemented in a newer version of Sling Models,1406207091379
http://sealytics.github.io/ontologies/release-model#Bug-8efe6bff-eb4a-4146-9282-e347e6680798,"or: if the desired archetype cannot be found, we could allow to optionally look for it in a set of well-known archetype-catalogs (which slingclipse config would ship). that list eg could contain the public apache one: https://repository.apache.org/content/repositories/releases/archetype-catalog.xml",1380022771174
http://sealytics.github.io/ontologies/release-model#Bug-8efe6bff-eb4a-4146-9282-e347e6680798,"I think we won&apos;t get around without adding some support for archetype discovery here - it seems like m2eclipse (or for that matter maven)&apos;s handling of archetypes is slightly non intuitive. From what I understand:

 * m2eclipse maintains a list of archetype catalogs. By default the list contains three entries: internal, local and remote. The user can add additional ones.
 * without any further ado, m2eclipse doesn&apos;t notice new archetypes being generated in public repositories (someone correct me if I&apos;m wrong).
 * hence it seems like we need to kick maven/m2eclipse to update the archetype catalogs to find new published archetypes (like the one we have in granite)
 * the current way to deal with this fact in slingclipse is to install an embedded version of the archetype in the local repository - this is probably not what we want in the final version..
 * another way would be to trigger a &apos;crawl&apos; using the following maven command:

mvn archetype:crawl -Dcatalog=/home/&lt;me&gt;/.m2/archetype-catalog.xml

(see http://stackoverflow.com/questions/635543/what-are-the-urls-of-all-the-maven-archetype-catalogs-that-you-know-about)

this regenerates the local (ie ~/.m2/archetype-catalog.xml) and should learn from any configured repository.

I doubt that there is an API in m2eclipse which allows an archetype:crawl command - so it&apos;s probably up to issuing a &apos;raw&apos; maven command here.. 

The whole thing could be an optional step in the &apos;new sling project&apos; wizard, in case the archetype does not show up properly as expected.

wdyt?",1380022771174
http://sealytics.github.io/ontologies/release-model#Bug-8efe6bff-eb4a-4146-9282-e347e6680798,Fixed in http://svn.apache.org/viewvc?view=revision&amp;revision=1589686,1380022771174
http://sealytics.github.io/ontologies/release-model#Bug-8efe6bff-eb4a-4146-9282-e347e6680798,"Improved error reporting in 

- http://svn.apache.org/viewvc?view=revision&amp;revision=1525867
- http://svn.apache.org/viewvc?view=revision&amp;revision=1526019",1380022771174
http://sealytics.github.io/ontologies/release-model#Bug-8efe6bff-eb4a-4146-9282-e347e6680798,"we need the sling-bundle-archetype released first though, to get the changes of http://svn.apache.org/viewvc?view=revision&amp;revision=1521475 incorporated (those are needed for the archetype to correctly work with m2eclipse, 1.0.0 doesn&apos;t work ootb)",1380022771174
http://sealytics.github.io/ontologies/release-model#Bug-2e4258df-e7d7-4f10-be1a-d720ba51a055,fixed,1401797862112
http://sealytics.github.io/ontologies/release-model#Bug-2e4258df-e7d7-4f10-be1a-d720ba51a055,"This happens in the standard eclipse Properties view, not in the (currently called) JCR Properties View",1401797862112
http://sealytics.github.io/ontologies/release-model#Bug-b676df13-6ae0-443d-93fc-a5291d79b6b2,"I have unassigned this issue as I won&apos;t have time to work on it more right now, thanks Felix for the work in progress link.",1392903801756
http://sealytics.github.io/ontologies/release-model#Bug-b676df13-6ae0-443d-93fc-a5291d79b6b2,"I&apos;ve replaced the compiler with a version used by Tomcat 8, not sure what java version this one requires though

We can&apos;t directly use the Eclipse JDT bundle as this requires other Eclipse bundles  - which are not needed for the pure compilation task",1392903801756
http://sealytics.github.io/ontologies/release-model#Bug-b676df13-6ae0-443d-93fc-a5291d79b6b2,"Compilation of that sample class works fine now with [org.eclipse.jdt.core 3.9.1.v20130905-0837|http://search.maven.org/#artifactdetails\|org.eclipse.tycho\|org.eclipse.jdt.core\|3.9.1.v20130905-0837\|jar] and a Java 8 runtime.

Nevertheless, I have no idea where to add this new JDT compiler jar ; {{mvn dependency:tree}} mentions nothing about org.eclipse.jdt.core in bundles/scripting/jsp . I actually made the change in contrib/commons/compiler before realising that the issue is rooted somewhere else.",1392903801756
http://sealytics.github.io/ontologies/release-model#Bug-b676df13-6ae0-443d-93fc-a5291d79b6b2,"{quote}I have been thinking of actually removing the Java Compiler from both the JSP and the Compiler support bundles and just install the Eclipse JDT compiler bundle in Sling. WDYT ?{quote}

That sounds good to me. The jsp scripting support bundle should keep working, as the JDT bundle has changed in a compatible way ( still at 3.x ).",1392903801756
http://sealytics.github.io/ontologies/release-model#Bug-b676df13-6ae0-443d-93fc-a5291d79b6b2,"The goal is actually to update to the latest Eclipse Compiler which fully supports Java 8. Same for the Java compiler support bundle.

I have been thinking of actually removing the Java Compiler from both the JSP and the Compiler support bundles and just install the Eclipse JDT compiler bundle in Sling. WDYT ?",1392903801756
http://sealytics.github.io/ontologies/release-model#Bug-b676df13-6ae0-443d-93fc-a5291d79b6b2,"It looks like it&apos;s the org.eclipse.jdt.core compiler that&apos;s at fault, here&apos;s what I tried, using org.eclipse.jdt.core-3.7.1.jar obtained from Maven Central (md5=7e414469cec096cf93272ab2528c840e) :

{code}
$ cat A.java
import java.lang.CharSequence;
import java.util.Arrays;

public class A {
  public static Class a = Arrays.class;
  public static Class cs = CharSequence.class;
}
{code}

Compiles fine with JDK 1.7:

{code}
$ java -version
java version &quot;1.7.0_45&quot;
Java(TM) SE Runtime Environment (build 1.7.0_45-b18)
Java HotSpot(TM) 64-Bit Server VM (build 24.45-b08, mixed mode)

$ java -jar org.eclipse.jdt.core-3.7.1.jar A.java
$ # no errors

{code}

And after changing JDK settings:

{code}
$ java -version
java version &quot;1.8.0&quot;
Java(TM) SE Runtime Environment (build 1.8.0-b129)
Java HotSpot(TM) 64-Bit Server VM (build 25.0-b69, mixed mode)

$ java -jar org.eclipse.jdt.core-3.7.1.jar A.java
1. ERROR in A.java (at line 1)
...
The import java.lang.CharSequence cannot be resolved

2. ERROR in A.java (at line 2)
...
The import java.util.Arrays cannot be resolved
...
{code}",1392903801756
http://sealytics.github.io/ontologies/release-model#Bug-b676df13-6ae0-443d-93fc-a5291d79b6b2,It seems that version requires Java 6 as well - which is fine for us,1392903801756
http://sealytics.github.io/ontologies/release-model#Bug-b676df13-6ae0-443d-93fc-a5291d79b6b2,"I don&apos;t know much about our Eclipse compiler, and I haven&apos;t tried running our integration tests with Java 8 before, so maybe that never worked.

I have added a more specific test at [1], just this is enough to make JSP compilation fail with java 1.8.0 on macosx 10.9.1:

{code}
&lt;%@page import=&quot;java.util.Arrays&quot;%&gt;
&lt;%@page import=&quot;java.lang.CharSequence&quot;%&gt;
{code}

[1] https://svn.apache.org/repos/asf/sling/trunk/launchpad/integration-tests/src/main/resources/scripts/sling-it/imports.jsp",1392903801756
http://sealytics.github.io/ontologies/release-model#Bug-b676df13-6ae0-443d-93fc-a5291d79b6b2,I&apos;ve also updated the commons compiler used by the java scripting and set the default java version to 1.6 for jsp compilation,1392903801756
http://sealytics.github.io/ontologies/release-model#Bug-b676df13-6ae0-443d-93fc-a5291d79b6b2,"AFAICS those compiler classes are provided by the jasper-jdt dependency in bundles/scripting/jsp:

{code}
cd bundles/scripting/jsp
mvn dependency:copy-dependencies
unzip -l target/dependency/jasper-jdt-6.0.14.jar

Archive:  target/dependency/jasper-jdt-6.0.14.jar
...
     2447  02-12-07 14:00   org/eclipse/jdt/core/compiler/BuildContext.class
     1537  02-12-07 14:00   org/eclipse/jdt/core/compiler/CategorizedProblem.class
    18317  02-12-07 14:00   org/eclipse/jdt/core/compiler/CharOperation.class
     1556  02-12-07 14:00   org/eclipse/jdt/core/compiler/CompilationParticipant.class
...
{code}",1392903801756
http://sealytics.github.io/ontologies/release-model#Bug-b676df13-6ae0-443d-93fc-a5291d79b6b2,"I see, thanks.",1392903801756
http://sealytics.github.io/ontologies/release-model#Bug-b676df13-6ae0-443d-93fc-a5291d79b6b2,"Yepp, looks like the right way to update - do we know if that version supports Java 8?",1392903801756
http://sealytics.github.io/ontologies/release-model#Bug-b676df13-6ae0-443d-93fc-a5291d79b6b2,"By looking at https://tomcat.apache.org/whichversion.html , I can see that the latest Tomcat version is 6.0.39, and since the attached [^jasper-upgrade.patch] does not work, it&apos;s clear that we must look into the 7.x stream at least. There are two issues here:

* Tomcat 7 requires Java 6 at least. That shouldn&apos;t be too much of a problem, as Java 5 is long EOLed
* There are no published jasper-jdt artifacts for Tomcat 7. Not sure why that is, I need to look a bit deeper",1392903801756
http://sealytics.github.io/ontologies/release-model#Bug-b676df13-6ae0-443d-93fc-a5291d79b6b2,"I have tried upgrading the jasper-jdt compiler and related artifacts using the attached jasper-upgrade.path but that doesn&apos;t help.

[~cziegeler], can you confirm that this patch is the right way to upgrade the Eclipse compiler?",1392903801756
http://sealytics.github.io/ontologies/release-model#Bug-b676df13-6ae0-443d-93fc-a5291d79b6b2,"Java 8 support for the JDT compiler is work in progress. See https://wiki.eclipse.org/JDT_Core/Java8

Maybe the compiler just cannot read the Java 8 class files and then fails with that message ?

Can we create some builds which downloads the beta build compiler for use ?",1392903801756
http://sealytics.github.io/ontologies/release-model#Bug-b676df13-6ae0-443d-93fc-a5291d79b6b2,Maybe we need to update our embedded Eclipse java compiler?,1392903801756
