680
1312
315
1853
1930
1310
1746
1538
2523
105
1635
443
1876
2161
1937
999
2394
2514
533
819
1131
1502
2167
979
2502
979
2303
1565
244
1123
2533
1187
333
544
1660
2404
1169
244
14
291
291
291
932
1195
2404
291
932
1195
1195
2303
705
2383
1265
1265
1265
1265
1265
2502
107
1265
1265
869
1265
1195
2502
2502
1265
1265
1333
2502
1265
1195
2502
1265
729
1265
1333
2502
1265
1265
1565
107
1502
107
1265
107
1265
107
1265
1265
1265
2502
1265
1333
2502
2167
2039
701
154
1429
2514
2242
139
1626
2523
359
819
1960
1238
1333
701
1763
154
752
2491
476
819
1187
1079
1511
701
776
1319
2059
812
1888
2523
2287
2491
2039
1511
701
887
1088
812
117
1097
1248
701
2491
2039
1242
1447
1538
701
662
2143
696
145
1233
1772
47
1997
2383
1351
873
2510
2551
2167
1930
1538
2240
2240
2551
2167
614
1930
2551
2167
248
614
1785
1876
1309
1114
65
2551
2167
2167
1146
1564
2039
2052
549
1710
2523
2283
1876
421
2069
1351
1538
2069
1447
1538
2523
1658
2069
1014
2308
795
1461
1351
795
2167
819
1930
1068
2523
1298
2255
2167
1351
680
1959
795
2167
1701
1187
1236
1276
2167
819
1333
1468
1479
93
2491
421
2069
1734
2261
2551
2167
887
2491
1273
2166
1391
2551
2167
1930
1468
1391
2166
2551
1479
565
2052
81
563
614
2551
1479
93
1273
624
563
1077
614
1342
1732
563
1077
2523
340
1333
1421
2445
1351
1538
1714
2052
476
1540
2318
1236
1468
1565
795
2167
1930
1391
1368
943
2547
1611
1463
93
1442
1442
1487
795
2167
1782
1267
2318
2523
1468
1236
2167
1930
348
2472
146
1199
1820
2517
2491
1602
1351
2167
1723
798
135
514
2039
2052
1429
930
1447
1538
2166
1863
1351
795
2167
1447
1538
1888
597
1069
683
819
1323
836
1391
1342
497
107
2306
2491
476
1579
1840
563
795
2167
81
1930
1391
349
2166
1333
1468
1565
2299
1714
1468
1751
1236
2491
1540
565
2551
2551
2166
1479
540
135
391
1840
154
672
869
565
1564
2161
1511
701
589
172
172
2523
473
89
1002
636
2167
918
2303
872
2167
2523
1931
50
443
2415
2039
1979
2428
1705
2395
2481
2012
1385
58
2428
973
590
2461
2432
1858
1698
1385
540
1481
1979
2428
2380
351
2164
1538
1540
2090
2052
47
1990
812
2069
2161
2523
2234
2218
1264
2166
1621
575
2286
2052
2551
1419
2002
1264
1192
2209
2511
460
1893
1912
1323
1544
565
2463
1138
2069
408
1893
2012
798
1912
369
1999
460
2063
2063
1837
2063
2063
1837
2063
2063
1837
2063
2063
1837
2063
2063
1837
2063
2063
1837
2012
2082
2012
2082
2063
2063
1837
798
2082
798
2082
2104
1386
1155
2063
2063
1837
2104
1386
1155
2104
1386
1155
2209
1634
2209
1634
1323
1323
1351
2007
2143
1963
1673
1293
2063
2063
1837
2063
2063
1837
2063
2063
1837
1565
1785
1209
2132
1276
2082
1888
1565
1930
2082
2404
1196
1660
2104
1660
1196
2404
2404
1660
1666
1888
2002
322
1660
2383
1660
1172
322
1660
2383
1666
1172
2119
1937
844
1410
178
563
1209
819
1014
1952
1937
2119
89
1789
1187
798
2278
1789
1412
1888
2303
2402
1963
1114
1351
315
523
1351
2303
677
2146
2303
1077
563
2524
954
1169
2303
2524
2303
2524
2303
2402
2303
1587
2303
1587
2049
2303
1587
2049
2303
1587
2049
2303
1587
2303
2049
2303
2303
1309
2303
1110
2303
2303
2290
192
2303
1587
445
2303
2303
2030
2303
14
1587
2030
391
2174
798
798
798
2174
798
798
841
798
1138
2303
2524
1187
1112
2303
2524
760
948
2303
2524
2203
2303
2524
2251
2303
2524
1138
2303
2524
1112
364
1169
2523
2031
1112
2463
903
2303
2524
1391
2303
2524
1391
2303
2524
760
948
1138
2303
2524
2524
1187
322
355
2119
351
1351
1980
563
1576
1479
2303
2524
1391
899
841
14
14
563
2524
954
1169
2303
2303
2030
2303
14
1587
2030
391
2174
798
798
798
2174
798
798
841
798
1138
14
563
2524
954
1169
2303
2303
2049
2303
2303
1309
2303
1110
2303
2303
2290
192
2303
1587
445
2303
1138
2303
1077
563
2524
954
1169
2303
2524
2303
2524
2303
2402
2303
1587
2303
1587
2049
2303
1587
2049
2303
1587
2049
2303
1587
2303
2049
1138
2303
2524
1187
1112
2303
2524
760
948
2303
2524
2203
2303
2524
2251
2303
2524
1138
2303
2524
1112
364
1169
2523
2031
1112
2463
903
2303
2524
1391
2303
2524
1391
2303
2524
760
948
1138
2303
2524
2524
1187
322
355
2119
351
1351
1980
563
1576
1479
2303
2524
1391
1323
1967
1789
999
1789
558
1408
2523
745
552
999
77
421
1937
1782
2290
2143
1054
1209
2012
1587
2138
77
2127
1264
1264
498
812
701
1937
2303
2408
2524
2119
1937
89
1264
1055
701
2303
2408
2524
2119
1789
2092
1138
2303
2524
2524
1187
322
355
2119
351
1351
1980
563
1576
1479
2303
2524
1391
1789
1630
923
1264
563
2104
2167
1666
1351
315
523
523
1280
322
1600
1997
1351
1980
563
1576
1479
322
1600
322
1351
1980
563
1576
1479
1666
1351
315
523
523
1280
322
1600
1997
1351
563
1576
1479
322
1600
322
1351
563
1576
1479
1963
1963
1114
1351
315
523
1351
2303
135
2049
2146
2303
1077
563
145
1351
315
523
523
2524
1620
2303
1077
563
1114
2303
1077
563
1114
2303
2402
2303
1538
2303
1538
1626
2303
1626
391
1626
391
2303
1626
291
899
1626
391
77
999
1937
1014
90
1323
1717
1908
999
1858
497
107
1835
2286
421
1734
2286
1158
1351
2286
2064
51
1393
2286
119
1784
656
1348
333
677
2167
154
1077
1587
64
1421
2167
443
1792
1963
469
2404
698
2304
391
1096
680
1963
983
89
105
1787
1155
1145
2538
2404
2404
698
2069
787
2052
501
421
2523
2218
1264
594
59
965
59
2218
1099
565
1129
1069
2031
1391
2535
276
1155
276
2020
2039
599
2183
126
1876
2523
527
1364
1437
819
2445
930
2523
1876
2523
930
1410
2052
2039
2523
1014
2138
798
672
233
2463
2523
1500
2463
1014
2481
919
1859
2167
333
2146
907
233
815
1564
1583
2453
829
1527
869
2063
1747
1351
841
2303
1538
1351
2523
2283
2551
983
233
1014
1192
105
983
81
1564
1888
2427
1187
291
869
2303
2303
2303
2261
1421
534
926
1391
1930
968
2012
1751
1116
2039
2283
2523
1500
2463
1407
1014
2510
1565
1323
1611
598
1565
279
1666
279
501
58
1351
1562
2395
2395
872
2395
1323
2395
1997
2383
1544
2395
1997
729
1666
729
175
2463
2194
2395
2194
175
1500
2551
2395
1666
2516
2516
869
743
2516
1293
2406
1293
2194
1293
1268
1570
1666
680
701
1722
1351
2526
2303
784
926
65
1421
2303
1538
872
349
1594
805
869
965
2006
1379
563
377
774
1351
800
2090
1323
1116
987
1116
2050
2310
233
81
2434
1351
2453
88
2523
1930
1421
872
2012
1930
1463
1352
1421
2039
1350
2278
140
999
351
832
1785
701
140
999
1337
2031
832
1264
1481
832
1800
2174
999
2161
2174
1088
445
2174
999
1408
1626
948
701
2039
1350
2283
2286
1146
1264
2414
354
1800
1192
1351
2485
1997
2383
1544
2457
1813
1341
1694
798
139
1479
277
869
869
788
869
2446
2551
1540
369
291
233
331
815
233
869
2303
2303
2012
2303
2012
2303
2012
2303
2012
2303
2012
2303
2012
2303
2012
2049
2303
2012
1323
2104
2551
795
115
844
1413
1264
1264
369
1209
291
2303
2303
2012
2303
2012
2303
2012
2303
2012
2303
2012
2303
2012
2303
2012
2049
2303
2012
1323
2052
1658
2286
1283
501
524
1876
524
1876
633
460
1968
1463
1116
2052
2002
1391
2551
489
2146
1401
2551
2538
2286
1832
1306
421
794
421
1306
2146
2166
331
815
1014
839
971
1658
2069
2523
360
2009
1192
1722
2551
233
1146
1377
531
1527
2551
1931
233
1351
2022
1787
233
81
2551
1135
190
565
2261
795
383
2551
1931
233
1158
1351
1346
626
939
1351
2303
2127
2052
1346
2373
794
1351
2303
2523
939
2063
2384
2303
1997
1564
541
1275
2052
1346
1377
215
2286
40
943
2524
421
2063
1494
1747
1155
1462
1014
596
1616
2371
2161
987
926
680
1468
1673
2039
1109
1303
1417
552
322
1209
1351
1494
322
2039
1303
2350
983
1236
1303
2234
1417
552
322
1351
1494
322
2052
1647
2063
1717
2303
1747
248
1099
1309
1564
1792
1876
1405
184
1351
2303
1734
1351
841
2303
1538
1351
1517
1517
1517
554
2069
421
1855
926
2020
1683
2069
1351
2303
1633
1171
1517
1171
1351
2303
1633
1171
1517
1171
351
1237
1298
2378
1717
2052
524
2551
2020
1876
1876
819
2283
482
533
2523
1479
2523
1333
1196
2516
1196
816
35
458
537
869
1479
1002
2404
701
1832
1811
907
906
349
125
930
1734
346
346
2490
1858
2285
565
2063
2303
2285
309
2496
350
14
1379
126
1379
1758
1758
1264
1264
1379
396
1379
1379
126
1379
204
1626
1858
2285
565
2063
2303
2285
1876
1876
1391
130
1776
1711
2286
153
1391
1268
1146
2496
2286
1377
877
2526
1566
2523
317
2285
565
2526
2384
1523
2526
2285
2063
2523
2394
1054
2340
930
2063
2303
2285
930
1293
2285
565
926
904
1734
1234
926
1391
2281
926
1676
2098
2457
1876
130
1776
1711
2286
153
1391
1268
1146
2496
2286
1858
2288
2285
565
2063
2303
2285
1858
2288
2285
565
2063
2303
2285
1014
2523
2104
2069
421
1876
904
2063
2303
926
2052
1858
2285
565
2063
2303
2285
1014
130
1758
1785
790
2464
1858
2285
565
2063
2303
2285
1876
1876
2063
1717
2303
1747
549
2286
1391
1268
1666
2523
317
2285
565
2526
2384
1523
2526
2285
2063
904
2523
2394
1054
2340
930
2063
2303
2285
930
1293
2285
565
926
904
1734
1234
926
1391
2281
926
1676
2098
2457
1876
2063
1717
2303
1747
549
2286
1391
1268
1666
47
2153
2167
715
701
19
1756
701
132
2033
1666
2130
1756
1756
396
1391
277
1756
1584
1756
841
1666
1437
1776
1666
2180
1231
1437
1437
1666
2130
1437
2190
1500
2180
1231
2033
2023
1666
460
2180
1231
2167
1858
2285
565
2063
2303
2285
1514
2207
2526
1566
1377
245
1026
879
1753
2027
1858
2285
565
2063
2303
2285
309
2496
350
14
1379
126
1379
1758
1758
1264
1264
1264
204
130
2294
350
14
1864
350
1858
2285
565
2063
2303
2285
2158
2027
1234
445
22
2526
252
460
1421
2523
1031
1114
807
105
2516
798
2523
565
2523
1714
823
2378
2516
565
597
570
443
46
1997
277
145
611
983
2338
1611
2347
875
105
1987
2406
1124
96
2492
2402
2523
2257
875
105
1407
1293
842
1991
184
2104
2167
1579
889
1444
529
447
529
1049
1611
2347
1427
2347
145
855
819
175
819
2508
96
1427
2463
2033
30
174
1694
1480
800
2527
1917
1150
105
1579
1824
2125
2012
875
255
460
2209
2139
1617
2139
2209
2511
2012
798
2012
875
255
2012
1142
1351
565
873
798
2233
2234
283
2209
2511
2209
1391
2104
1386
1155
2523
1430
2209
1373
47
1587
2523
2209
2012
875
1587
2012
875
2209
2511
2012
875
2233
798
1207
1840
565
906
798
2012
702
875
1838
1801
2012
1950
105
2012
875
2492
2511
506
2303
2402
2402
2511
105
2012
565
2463
2492
516
2209
2511
1800
2511
2012
875
875
2233
798
2511
798
2012
650
1385
105
2511
2257
2439
2335
105
2012
875
2233
798
798
1917
105
875
2012
1748
509
778
2167
2516
696
869
696
729
1930
2166
1447
950
798
1930
2012
2053
1141
2401
778
2097
1559
1402
2275
907
1654
1508
201
1678
2097
1559
2039
286
2474
1858
2030
377
901
64
1818
1858
2030
377
64
2523
1333
1437
1421
227
105
1309
148
382
1587
2491
148
558
139
798
2203
2161
64
2523
105
1323
1664
1997
1714
1431
2203
510
1431
2192
85
139
2523
2200
1421
1437
1421
1209
1196
819
723
139
2533
1785
701
2161
1734
1930
831
1535
2104
1421
2290
1792
2039
2303
1351
139
1437
1421
1594
1564
2039
2052
47
2167
680
2284
2462
2290
2523
1014
1626
2167
1734
2193
2290
1307
728
382
1564
1437
1421
2303
1351
139
807
105
614
2290
1421
1236
2332
904
1234
2039
139
1538
1421
1083
1587
148
382
1594
1421
1930
1564
382
2259
1587
64
154
544
1997
154
1836
445
2163
923
154
2335
901
2259
2307
1997
154
1587
77
1421
2198
1292
2167
23
1568
2055
1255
1888
1523
1897
820
2096
2323
2428
2104
2063
2526
2303
784
2526
926
2523
2472
1801
2445
139
2031
677
148
2052
2052
1421
1930
2290
1437
1421
832
1255
2428
2069
392
1403
2012
2332
2012
18
1196
2102
2052
926
1391
1851
1776
895
2052
1239
408
2340
2063
237
2069
789
2167
14
565
129
2028
2463
1660
760
1744
2316
2383
129
129
2028
2463
1660
1990
1744
2316
2383
129
565
2167
676
2284
565
590
1824
2145
2167
14
565
129
2028
2463
1660
760
1744
2316
2383
1660
1990
1744
2316
2383
129
2167
1520
2383
816
1211
2516
816
2028
2463
1112
1325
565
539
1824
2517
943
930
125
2100
273
1666
2523
2171
1785
1664
35
24
2167
844
412
2167
1256
2470
2028
1664
2167
640
871
2167
1522
659
782
752
2340
450
2358
1621
1325
2166
1520
2383
1428
1846
2184
565
969
2167
1729
2523
351
2339
2286
1325
2538
1670
1824
225
2071
277
2069
752
2340
2052
930
1151
569
2316
795
1905
1200
2316
1931
734
775
1200
795
2050
2081
968
2012
984
2523
1645
736
2523
1489
1621
1421
2523
2332
2128
1421
1660
2015
775
2523
1930
1421
918
1611
2161
154
415
139
558
139
1187
377
291
2256
14
2077
563
2256
14
2077
563
2256
14
2077
563
2303
2303
2303
2433
2303
2433
2303
1077
563
1114
2303
1077
563
1114
2303
2402
2303
1562
2303
1538
2303
1562
2303
1538
1351
2049
2303
1351
2303
1538
2303
1351
2303
1538
2049
2303
1351
2303
1538
2049
2303
1351
2303
1538
2049
2303
1351
2303
1538
2303
1351
2303
1538
2303
1351
1351
154
2303
1003
1155
2303
1538
154
2303
1351
558
139
1431
558
139
558
139
558
139
103
1763
154
139
1110
103
1763
103
1763
139
558
139
798
2203
1431
558
139
798
558
139
2524
1431
558
139
2524
558
139
798
713
558
139
798
558
139
798
2203
558
139
798
103
1763
154
139
1110
103
1763
103
1763
139
558
139
558
139
558
139
798
713
558
139
798
558
139
798
2203
558
139
798
558
139
798
2203
1431
558
139
798
103
1763
154
139
1110
1431
103
1763
103
1763
139
558
139
798
2203
1431
558
139
798
558
139
798
798
1431
798
558
139
798
558
139
798
558
139
798
558
139
798
1997
558
139
798
558
139
798
1997
558
139
798
558
139
1351
558
139
1351
558
139
1351
558
139
1351
558
139
798
1431
558
139
798
558
139
1431
558
139
558
139
1626
558
139
558
139
899
558
139
558
139
899
1626
558
139
291
899
1626
899
1138
291
558
1110
2296
1559
558
1110
2296
1559
558
1110
2296
1559
558
1110
1559
291
2039
1410
819
819
1876
524
974
77
1481
2428
14
812
2350
2445
2286
2097
692
1978
2097
1632
14
2350
2445
421
2097
1410
2238
486
2097
2523
2301
14
1033
2278
2428
550
2238
247
425
2303
35
869
869
491
1963
1904
987
869
351
2006
1904
2069
1963
1209
1930
869
2500
843
869
869
491
1963
1904
987
869
869
2523
1017
2069
1876
2052
2523
1904
1930
869
2523
1017
930
2052
2039
1792
1876
1234
1351
2303
784
2490
346
1562
841
2303
1114
1774
421
23
2122
1746
1316
946
1673
1734
551
62
2052
2039
425
1114
491
565
1421
2166
565
1421
2523
1014
1852
1346
800
1236
565
844
1611
1237
1447
1538
509
340
614
2523
191
1564
1897
391
2167
794
1264
1876
2523
1734
1888
2363
689
2517
1351
2384
2303
2303
2303
794
596
2230
819
2104
2384
2039
1377
1893
2055
794
2510
1964
2122
2002
1717
59
1328
2122
701
841
696
1365
1391
2064
1351
2404
1997
2383
1544
14
145
1997
2383
1544
14
2231
1544
14
2415
1759
1565
1632
2415
1632
2052
158
460
1017
2039
90
2335
1410
1014
1354
2234
1825
1447
1538
2415
1346
2052
2378
2052
1332
2039
1377
302
1235
1234
1167
484
2050
2342
802
589
1264
2051
1346
108
1523
188
1346
1447
1538
2523
848
1502
701
848
565
1565
2064
1587
64
2415
1840
565
2551
1723
701
1626
848
565
2064
1570
491
491
2453
1888
230
361
844
1523
1507
1116
1183
154
907
1888
1523
1346
841
696
2303
1114
869
1486
1391
2064
64
1447
1351
2404
1997
2383
1544
14
145
1997
2383
1544
14
2231
1544
14
2012
1429
841
696
2303
1114
869
1365
1391
2064
64
2555
1351
2404
1997
2383
1544
14
145
1997
2383
1544
14
2231
1544
14
2012
1429
2039
2166
2052
2388
431
1734
514
2014
565
2012
798
1447
1351
47
64
1447
2555
2012
798
514
1351
1616
357
2510
86
565
2012
86
798
2052
874
1904
2164
1647
1465
874
2480
154
1447
2520
1858
1647
2085
1196
1465
2069
787
1706
2050
1091
1325
1904
2358
2523
874
1904
746
1224
2166
1091
1904
1698
2523
1621
425
2167
2332
1091
746
2451
2284
1904
2166
1698
1904
1428
1930
2063
2526
2303
784
2526
2422
701
2303
2422
2161
2505
705
840
2286
1088
479
1167
999
1099
840
1014
412
1264
1421
999
350
1795
705
840
701
930
736
840
701
930
125
2490
346
705
1371
1876
705
840
2069
930
1876
2220
1861
31
1468
232
2451
807
1546
918
1125
35
1904
2258
35
340
2050
1947
930
125
2490
346
705
1371
2491
2082
2074
1323
930
2285
565
2526
2180
2530
790
89
333
1077
790
1340
2287
790
790
159
980
1884
439
159
1172
2484
1623
841
1208
1980
1077
1152
2383
1346
2016
2411
2167
14
1660
1172
1172
322
1660
2383
1666
1797
1172
322
1660
2383
1195
322
1660
2383
1666
1797
1195
322
1660
2383
1172
322
1660
189
1073
1666
322
1797
1172
322
1660
1172
322
1660
1730
2383
1666
1172
322
1195
322
1660
189
1073
1666
322
1797
1195
322
1660
1172
322
1660
1730
2383
1172
322
1172
2167
1394
1623
841
2303
1077
2358
984
1172
2451
1797
2419
89
1776
930
1268
2340
1016
2358
2358
930
1268
2340
2491
2104
1124
701
1097
678
2359
2167
14
2252
1172
322
1660
1172
322
1660
1730
2383
1666
1172
322
2252
1195
322
1660
1172
322
1660
1730
2383
1666
1172
322
2167
2303
2422
2381
1431
545
1313
1776
1077
2167
14
1351
2303
2383
701
1660
746
872
2383
1666
1660
1730
746
872
1195
1351
2303
2383
701
789
1351
2303
2383
701
2019
1660
2383
1797
2021
1351
2303
2383
701
1660
2383
1351
2303
2383
701
789
1660
746
872
1351
2303
2383
701
1660
746
872
2383
1351
2303
2383
701
1660
746
872
2383
1351
2303
2383
701
1660
746
872
2383
2167
2383
816
1172
148
284
988
1649
142
244
1245
1172
1877
2358
2082
819
1014
2409
794
1264
794
2384
448
51
701
110
2472
1287
2285
565
1298
533
2052
930
1141
1821
701
1129
2285
565
1238
125
1014
1293
2285
565
2251
2052
1785
2167
2303
1077
2358
2303
154
2062
2355
2166
445
2451
1195
154
2355
2203
2203
2355
154
2167
518
1077
1729
1014
460
794
1183
326
2303
794
1753
563
1155
1351
1155
36
14
1904
1584
563
1077
1172
273
109
1172
1877
2383
563
1341
1195
2383
563
1623
2370
1851
2295
1877
2383
2383
1172
2295
322
2383
1172
273
902
2069
902
1447
1348
841
466
402
154
1565
1319
154
2538
2012
1565
2012
1565
2344
930
2351
930
794
2526
1623
841
2303
1077
2358
1623
841
2303
1077
2358
2075
1623
841
2303
1077
2358
1623
841
2303
1077
2358
2355
2355
2110
1394
273
689
1394
561
1914
1132
1172
1851
1987
557
1730
322
1570
1987
2064
1987
2203
222
1786
322
1172
2258
902
2167
2372
2064
1987
1987
2167
105
1394
1268
1172
322
277
1132
1809
2472
1209
968
1133
1394
2252
1172
1002
1171
2491
2285
565
2063
2303
2285
701
626
47
2340
1877
89
14
1428
1014
593
2104
2006
157
1685
1877
2358
2167
14
1172
1172
1195
2451
322
1660
2383
1172
2167
129
763
2167
14
138
2451
138
2167
2167
14
138
2451
2166
322
138
2167
1125
815
2119
2234
2095
30
1015
2153
2340
593
2303
1077
2358
2491
2332
354
2261
2167
2357
2031
790
2028
1592
2161
930
732
2050
619
1172
322
1797
2523
265
1346
626
537
1746
1624
841
1208
2383
701
2383
701
1325
2167
14
1660
1172
322
1660
2383
1666
322
1660
2383
1666
1172
2167
2167
1325
1200
2256
2422
1438
2457
296
107
1666
1325
1200
2256
2422
1438
2457
296
107
1666
2167
2167
1172
1666
1172
1987
2064
2167
1325
2167
14
1660
902
1172
322
1660
1730
2383
1666
1172
1660
902
1987
1172
322
1660
2064
2383
322
1660
2383
902
1172
2167
2167
14
1660
902
1987
1172
322
1660
2064
2383
322
1660
1730
2383
1666
1172
2167
2167
2064
469
872
2167
2345
322
269
944
1167
1615
1157
2167
14
322
1660
2383
902
2167
2167
14
322
1660
1730
2383
1666
2167
2333
1325
2303
2383
701
2167
1325
1200
2256
2422
1438
2457
296
107
1666
1325
1200
2256
2422
1438
2457
296
107
1666
2167
2167
1325
1200
2256
2422
1438
2457
296
1660
107
1666
1325
1200
2256
2422
1438
2457
296
1660
107
1666
2167
2400
1738
1877
2358
1346
844
1579
2104
1877
2383
841
1208
2383
701
2383
701
1814
320
1325
2491
565
2288
2052
48
463
1158
139
701
718
101
2069
701
1293
1419
2340
2481
663
1167
999
2069
1626
396
139
445
1250
1351
2075
421
1351
845
2039
1905
689
1853
72
1717
1427
1040
701
1763
999
845
1274
1867
1325
2075
2143
975
614
2075
1930
2510
2332
1728
1684
1466
2428
1564
2055
794
692
1763
14
1660
975
614
1660
1200
1200
1351
701
1763
999
2075
1351
701
1763
999
845
1169
1489
1236
2234
844
1888
2045
2332
126
843
93
975
614
1888
1377
1323
77
2332
94
1408
701
1763
999
2059
139
2050
775
1615
1601
94
1408
1351
701
1763
999
377
422
81
1722
1587
64
1351
701
1763
999
94
139
1615
1181
1181
1930
701
1763
999
798
330
1351
701
1763
999
377
1274
422
422
81
1722
1587
64
1351
1776
2338
139
1615
2332
728
2059
689
2039
288
680
975
1200
983
288
587
1346
1749
1905
1647
820
1219
2069
1564
2002
1115
2335
1041
1854
288
1124
2046
1705
139
1097
975
1843
701
1943
2059
1408
701
3
139
1346
308
965
1113
2128
2069
1540
139
1918
2297
1565
975
614
1196
614
1843
565
464
975
614
1202
1874
1748
975
1885
1342
1562
139
2538
775
1690
1346
614
696
869
60
344
2417
1876
1146
2298
2104
60
139
1812
1041
2059
2090
237
1876
541
1565
2234
1755
614
2109
1110
975
1717
983
1515
1202
728
1969
832
1930
1930
1237
975
614
869
1206
460
1771
2069
2303
1538
1562
1885
2404
93
1666
584
565
1745
1565
1756
1274
1124
2069
1734
2427
2551
350
14
1565
975
614
43
237
1876
2136
794
2052
680
699
701
1181
1671
247
1351
2526
2303
784
926
1049
139
775
2523
1014
2472
1785
1167
943
701
999
2052
660
2418
46
2128
2059
845
351
139
130
975
232
1196
1431
319
1482
527
93
975
614
1196
2075
2050
2277
774
1040
2167
680
2167
1219
2167
147
2002
1986
2050
1868
1180
841
2069
1351
983
1351
1666
1660
614
1407
565
1198
93
1666
584
565
1745
1565
1756
47
2492
273
2303
1538
1274
1209
93
1666
1861
1138
111
1562
2022
60
2161
350
14
812
231
1010
701
1763
999
2059
701
1763
999
1523
1351
701
1763
999
377
2054
41
377
1587
64
1351
701
1763
999
1351
701
1763
999
1351
701
1763
999
2075
1742
1843
319
1482
1888
1625
1840
154
845
2064
2316
579
2551
518
639
975
812
1531
2054
1419
1531
2138
1488
701
47
2193
1888
716
460
1014
1040
62
1555
187
2052
331
2167
2340
1800
1069
2069
2069
1717
2167
1684
346
346
2261
1734
2069
2303
2332
1218
2523
869
1214
1200
869
537
610
2516
1640
107
869
872
2110
2428
2428
2428
2303
1047
1391
1391
2303
1047
1391
469
1077
491
491
1304
1391
1391
843
843
1333
105
869
1200
2516
2145
872
2110
869
869
1200
1413
154
1587
2538
1931
64
1413
354
1413
2383
1904
1077
992
1268
1083
872
1595
2516
1502
1904
992
1660
1997
1885
331
2054
2541
992
1077
1660
2383
563
1077
1744
342
1538
1351
1980
563
1351
992
1660
469
872
563
992
1744
342
331
1660
563
1479
1584
331
2054
1660
563
1479
1584
2054
992
1077
2069
1214
346
346
1734
2246
2303
2332
417
64
65
1931
569
1300
1333
2544
2167
105
869
869
869
1632
1333
1759
331
2166
320
154
1587
2538
1759
872
1595
1930
992
322
1077
49
631
2166
565
698
1565
1200
872
1751
1930
872
320
154
1587
2538
1759
872
1595
1930
992
322
1077
49
131
2146
1457
460
1187
402
1077
1111
469
872
1595
351
1759
1930
2021
320
154
1587
2538
1759
872
1595
1930
992
322
1077
49
631
1930
2021
565
698
1930
2021
320
154
1587
2538
1759
2021
1595
320
992
322
1077
49
631
1930
2021
565
698
1200
2021
1930
872
320
154
1587
2538
1759
2021
1595
320
992
322
1077
49
565
698
1200
2021
631
1930
872
728
1077
14
2052
1876
701
794
1348
1953
2404
1660
89
2311
2012
1717
1325
2012
1660
1268
1348
1660
2167
2141
2012
2167
1209
2167
2141
2012
2167
2012
396
1268
1776
1348
1953
2404
1158
2167
2141
1348
2167
1209
2167
2141
1348
2167
2039
2052
1897
2069
1242
563
2544
14
85
2166
202
2104
176
798
176
1407
1930
1955
1972
554
1237
128
291
128
1666
291
1666
2291
291
2291
729
2291
798
176
1407
2133
2541
1972
554
1666
291
291
869
291
291
914
14
1351
14
291
291
2012
176
1407
2541
1972
554
291
1666
2374
2541
1550
764
14
291
2541
1666
2541
291
2049
1611
2472
128
35
128
1666
128
1666
128
2130
729
128
729
128
128
930
2052
2491
2063
1717
2303
1747
2167
2104
14
291
1565
58
1955
2291
1138
1325
563
1391
554
1972
983
563
1391
2544
85
14
554
1351
847
742
1955
635
1972
1955
635
1787
291
1955
1435
2330
2305
1111
554
1565
184
1395
2052
158
1748
2069
2338
2167
217
128
1313
1666
1972
2404
1313
1910
1955
2473
1972
89
2473
554
554
551
1068
2332
125
930
126
237
1018
927
1292
400
2052
2039
1377
1893
84
927
2167
720
927
1554
2334
927
1776
2523
1909
1099
927
926
930
1275
2491
2052
1301
930
2378
1544
1342
2039
1888
1405
837
2104
2104
509
377
37
1697
37
2055
1264
1751
1410
2510
415
191
2360
2491
1796
1342
2539
583
410
1524
1114
1099
1226
1342
1738
1181
552
930
2523
2472
728
1114
1882
2332
930
2523
926
1293
1962
1876
1564
2523
1930
2021
1564
1333
2510
2192
1836
1611
1427
1562
2002
1540
207
1132
1979
1413
207
552
1853
1181
1990
1319
1236
1930
1562
1209
1181
1540
1145
1579
2039
2332
1648
1853
1351
207
918
1319
1351
207
2361
1756
2539
590
1351
2461
2523
1014
2039
1565
2161
999
1187
1014
1017
999
701
1187
1565
1395
1395
2404
538
540
1319
1447
2480
2076
2523
1861
920
1351
1319
315
1158
2523
1447
2480
2113
2113
2276
1209
2167
14
538
1319
1705
2076
2523
855
869
713
869
869
795
869
647
869
713
795
869
795
647
1978
1978
1978
1978
2167
2167
14
538
1319
1705
2076
2523
855
869
713
869
1978
1978
1978
1978
2167
2523
1264
2286
2113
1782
819
1511
1346
907
2113
1346
1742
1876
844
2039
2076
844
1565
2113
2276
1340
1391
872
869
1447
2076
930
125
2052
930
1792
1017
2052
1264
794
1167
2384
1564
1040
930
1876
819
1178
887
1876
2127
391
2167
596
1555
2039
1879
857
2446
2148
1738
2465
1597
1905
2363
1125
1040
2167
671
1014
2052
2039
1377
1893
2167
1346
2167
701
1666
1351
1348
2472
2231
1544
1015
1672
1015
1672
1015
30
1672
1672
1015
1672
2167
2167
1863
2167
1474
773
2153
2335
2002
2551
2167
107
35
1220
35
1220
1333
1220
1333
2012
2472
1351
1840
1562
1840
1220
2012
2012
2231
1544
2383
1544
614
107
655
454
107
655
2012
655
2167
701
1565
1264
2523
360
701
999
587
2127
391
2303
2012
1564
2039
1377
1893
1264
2523
166
999
2063
2052
1377
1893
1565
1209
2015
334
1172
1809
680
2316
1196
1565
1251
2445
565
1809
2234
2069
2111
2523
1322
1564
1406
2010
1268
2085
1218
194
907
796
1666
2085
680
1419
1049
1708
2316
1666
2052
2052
333
701
999
1626
794
1594
1346
1183
1695
1408
1626
701
1708
589
2333
2059
1660
1840
1348
1759
1104
723
351
388
2277
334
1274
89
129
2242
298
1240
298
1421
1660
1708
1274
1666
2242
298
1421
1660
1855
1041
2085
1218
1948
1889
330
1172
2085
1092
777
2131
2548
2286
1169
968
2012
2167
1748
1341
1948
50
994
2085
1218
1905
2069
1203
2039
2052
2445
2039
2012
11
919
1448
1172
2523
1370
2551
1172
47
1564
2039
2551
947
1840
2012
11
2528
655
869
962
2052
2039
1419
1667
1320
2166
1391
1479
91
351
1015
1544
1667
2167
1240
135
656
2383
656
1666
1200
1200
656
1666
1240
798
947
2012
2052
2039
460
819
1014
701
1840
2012
11
565
2316
844
1264
701
1840
2528
1708
2341
2528
869
2052
2039
1611
1708
2167
656
1666
2341
2341
1708
1666
1200
279
279
2428
1031
780
225
872
1708
1708
279
1200
1708
1708
2052
2039
1266
1293
2069
2523
2523
1014
2193
1017
1069
597
2404
1325
2404
2404
2446
1155
2404
1226
274
2358
291
35
2446
2311
2404
291
1228
1209
2404
2311
2404
274
2358
1123
2162
395
492
2345
2404
291
1228
2167
605
2467
656
2404
2404
49
49
869
395
2195
1500
2404
780
49
869
869
1421
351
1474
1155
1351
2127
2314
1155
725
1711
2071
1209
918
1881
918
1031
1953
2404
2539
1756
2404
126
1209
2404
126
1881
2404
2404
1421
2404
1500
1421
1200
47
1421
2510
1076
2063
1494
1747
2063
1494
1747
1293
2069
2069
237
2069
2069
2286
1214
1155
2069
1647
2069
1615
2052
331
2286
1313
2167
1980
1608
2422
126
1652
849
1221
1158
2538
2422
1652
2311
1815
2198
2404
2523
1615
2167
2167
1014
2063
2303
1772
2364
2052
2052
2014
1727
27
1482
1410
1748
2063
1717
2303
1747
638
2332
1549
720
1824
2297
425
78
1412
728
912
382
1621
2200
1564
1187
491
1401
907
2319
2032
1660
1705
2303
2319
918
2303
2319
221
1776
2391
946
1407
2332
2332
472
1876
1201
1187
415
130
491
1304
2332
1660
312
2203
1890
2332
912
2203
1147
1611
2404
2167
2012
2167
1138
899
2059
954
233
1621
1236
2059
869
1843
233
906
2002
1408
1436
1419
736
2174
1408
1717
491
2054
696
2242
1351
2048
2303
1440
445
696
2242
2048
2303
1960
445
696
798
1960
2303
1963
2166
992
1585
565
614
377
841
351
648
614
1351
2404
2231
764
1544
14
1544
14
1014
1083
844
1192
491
2143
2306
2510
2002
1570
1963
2166
377
841
983
7
2174
154
1401
2167
2255
1040
2069
2427
1810
1293
2523
668
1598
1705
561
1652
1035
1408
1198
2523
2283
388
2335
696
2278
699
1787
2063
2303
1772
377
1181
803
117
408
1616
565
1198
296
819
844
2440
1408
2286
448
109
2069
2523
2283
1888
1565
1074
2031
614
1200
2551
2064
1666
1200
1666
1200
798
2064
64
1291
1321
544
456
1351
1291
2064
2283
1611
1156
47
2480
1660
2166
154
351
2383
1187
899
47
1351
1159
1156
1200
126
1187
1527
1448
47
1351
1291
2064
1064
1187
1304
154
2059
614
478
291
557
933
614
2075
1351
1840
1291
1494
2472
2303
1538
2303
1538
2303
1538
2303
1538
2049
2303
1538
2049
2303
1538
2049
2303
1538
2303
1538
1351
154
2303
1538
154
2303
2496
2303
2496
1763
2364
2303
2496
2303
2496
226
1763
2364
1763
2444
1763
2444
2303
2496
2303
2496
1763
2364
2303
2496
2303
2496
1706
968
2357
1187
413
2523
2445
2523
2283
2378
2303
1408
1099
460
1125
2069
1413
2523
2283
2069
2006
1074
843
2315
1236
1930
2274
1436
695
1069
844
1393
334
1292
617
1156
614
1196
1840
832
1292
1156
292
2166
154
351
1187
557
933
1187
1156
614
1196
47
1634
2166
537
1990
1670
2103
1775
2039
1377
1866
716
1045
2193
367
2052
421
926
1351
2526
2303
784
926
2069
560
2052
130
1559
159
377
154
1559
377
154
1559
1476
1907
130
1476
421
2543
154
174
2242
377
1385
445
491
1963
2523
778
1782
1695
1701
2082
1525
819
1938
1319
1525
73
1379
1379
819
2445
2052
171
35
2373
2538
1876
2052
31
2446
130
1111
14
1385
907
2399
1281
1664
1937
999
1292
605
1192
2149
2303
1200
291
2154
291
2154
2099
291
2256
2458
1351
963
606
1447
899
1351
899
1258
609
121
2434
1611
858
1377
2069
248
421
585
53
981
2426
964
939
1309
1785
656
2404
2166
2191
105
728
382
918
2523
2264
728
135
1565
1888
2069
1408
2012
798
1391
1408
1240
1763
1544
552
2268
2383
291
1200
291
1200
2383
2303
1200
2303
1169
130
1763
1544
2274
591
1061
460
2033
327
428
2426
1240
1888
333
2012
2167
2167
2472
2091
835
1573
2091
869
2091
2472
35
872
480
2012
205
2091
564
872
2167
1366
2515
1467
1397
780
835
780
2523
634
1562
2445
2326
2286
2052
696
1603
1379
798
1763
443
2234
1565
2234
1565
2012
1419
1264
1187
1391
421
1734
631
2490
2523
2193
794
2445
1734
1235
2063
1558
2303
737
794
596
1564
899
1447
1200
939
2551
2287
2166
2426
855
819
2426
125
2500
2104
2052
2039
1363
1550
1417
552
544
2523
1478
504
918
660
1562
315
107
47
2482
2138
1273
2332
837
1273
1647
2284
1240
933
930
125
2052
1564
933
604
452
933
362
933
1344
421
999
614
2523
2445
1344
430
218
1342
107
2069
276
1040
1264
2234
431
61
1271
1445
798
1014
491
2286
701
190
2286
2543
1670
1695
1803
1876
2523
1187
129
1118
2551
1325
2411
2551
1027
1560
2523
2551
1004
2404
225
2551
1325
1565
486
2052
524
695
1888
1565
279
1525
148
1187
148
2357
1027
47
2350
832
452
2167
2383
2551
956
279
1017
1300
1527
2523
1004
492
2551
35
2523
1824
2350
2358
81
1664
723
492
1824
819
1209
1674
2551
2383
2404
49
2311
492
2491
1824
819
1209
1674
2551
2383
2404
49
2311
492
1824
1054
2478
492
1564
1144
1056
107
225
2523
2198
2404
265
47
730
730
1824
2523
126
2052
2491
2052
930
2161
1088
1792
1621
1824
1421
1421
1930
2020
2478
472
2523
1014
2283
125
930
904
1234
2082
2523
2283
2082
819
2283
819
421
348
2491
126
507
1393
1630
77
2445
843
832
2472
798
338
1930
1315
2284
154
1348
2538
2515
154
1660
1587
1348
1660
2403
832
2030
1228
1797
1002
736
2167
2167
527
2167
944
956
512
61
1111
154
1348
843
2472
684
1031
483
1333
2303
1077
552
1587
684
899
2504
2167
1666
656
1132
2533
35
1587
552
1666
2167
2290
1181
154
364
2167
2290
2290
2290
2167
333
1986
2050
1236
2290
2167
2290
2167
2472
1181
2290
338
1660
684
2167
1333
1200
154
364
798
2472
2167
2167
844
2491
930
125
2208
2052
680
2303
2155
145
14
2505
1351
2303
1734
1351
2303
1234
1351
2303
2161
2505
2303
1577
2505
2479
677
1876
930
1931
1876
2069
2550
1511
701
2479
881
2112
680
1489
2505
1371
903
930
812
1268
2452
730
2054
1885
106
331
2143
2284
1105
1096
617
300
2081
1564
2063
1717
2303
1747
2510
1428
1123
1325
1877
1904
2523
1621
14
418
2181
774
1017
408
2069
1766
2327
1559
850
1325
1904
1864
122
1323
1323
1997
2383
1544
1858
2463
1264
2231
1858
2463
1264
1351
1858
2463
154
1858
2463
1937
96
812
1323
2463
1660
1200
2064
2064
1858
2064
47
598
2064
1677
1858
2064
924
154
1685
1864
2463
1660
14
812
844
922
1323
1323
14
1997
2383
1544
1858
2463
14
1264
2231
1544
1858
2463
14
1264
1351
1858
2463
154
1858
2463
1937
96
812
1323
14
827
1904
1858
827
1904
1047
2064
2064
2463
1660
1660
1200
1200
2463
2064
2064
1858
2064
2064
1858
319
2123
1627
2428
2518
936
1865
514
1627
2235
819
1876
1717
1428
819
195
437
2052
692
1695
812
1929
819
2373
1083
1333
2451
1491
994
680
322
1660
1801
720
1888
692
714
1861
692
2451
723
1228
300
1570
1840
377
300
2373
1843
1391
4
300
2033
1656
1905
155
531
89
2052
257
1559
1151
2015
746
2451
919
1702
2234
2338
2523
1017
2523
2033
1564
1540
2069
2286
112
2142
2161
1904
2505
2505
1325
1904
1024
1897
43
2193
1861
1259
322
225
816
1666
1666
1862
1351
1924
1862
47
96
322
1660
1146
2064
2064
816
1430
2064
2160
1904
2064
2160
2523
156
1428
2523
2410
112
1904
2142
96
213
2143
918
827
1904
1858
1273
256
918
2064
1401
827
1904
1047
14
1273
1981
1839
300
2225
2523
1565
2441
168
1333
1421
816
2064
827
1904
1047
2064
827
1904
1047
2451
390
2536
1930
918
827
1904
1047
1562
2143
2069
2063
1494
1747
1155
2143
2069
2063
1494
1747
1155
2069
1222
425
1980
2447
1020
1275
2039
1908
2069
14
832
1014
883
2052
2039
787
1904
2430
2182
1650
1574
1055
2427
1047
2062
1351
2303
1980
1014
373
1396
549
344
2417
2340
730
701
614
1447
1538
1370
1014
701
2246
2371
1049
2012
2427
145
816
569
2477
2371
569
1564
660
842
2012
291
1494
2523
1720
291
1666
2303
2012
2303
2012
2303
2012
2303
2012
2303
2012
2303
2012
2049
2303
2012
1323
154
2498
154
2498
2256
932
2404
2256
932
2049
2256
932
2049
1735
2062
1110
1735
2062
1626
1735
2062
1110
1735
1185
793
701
2059
1185
793
701
2059
1185
793
701
2059
1185
793
701
2059
701
2059
1735
1626
1735
737
1735
1735
2251
1735
793
1110
1735
1185
793
701
2059
1185
793
1110
1735
1185
793
701
2059
1185
793
1735
1626
701
2059
1626
938
1626
893
841
1138
291
1494
2523
1720
291
1666
2303
2012
2303
2012
1333
1727
754
2052
1447
1538
1133
2057
2012
606
587
351
843
2428
1365
584
49
1391
1486
584
49
1391
2113
105
1365
1391
1391
795
537
524
843
175
1114
2104
1365
1391
1110
2383
1486
1391
1110
2383
2167
2167
1391
2402
2031
1391
1391
2523
93
1407
624
2404
1188
1391
1391
1391
1391
2167
1114
1181
2167
14
544
2064
701
2290
1321
544
2290
2167
1876
2428
1581
1486
1391
2095
1187
49
1391
2271
1114
2523
105
2436
2113
2332
1746
1808
903
1538
2523
105
2277
2076
2523
1293
2069
1180
2113
2332
501
965
59
951
1111
14
812
460
130
1158
1031
1184
1196
1930
2021
1670
1930
304
1293
2404
161
884
869
2167
296
2167
819
1876
2069
701
835
2335
1821
1293
2404
2383
2510
1293
1413
819
2358
2166
2333
1187
392
1413
2303
1413
2551
2492
2012
491
565
2064
1756
491
2064
565
2492
2551
2492
696
1365
1391
2064
64
1351
1517
1351
2404
1323
1997
2383
764
2470
145
2231
1544
14
1997
2383
764
2470
2395
2088
587
2402
1037
1114
2303
2012
1155
587
1351
123
631
564
587
2402
1037
1114
2303
2012
587
1352
2395
1709
587
2395
2064
1351
123
636
1351
2176
2025
2088
636
2185
2176
2185
696
2024
2529
2288
1517
565
587
2395
939
2064
1351
123
636
1351
2176
2025
2088
636
2185
2176
2185
587
1351
123
2288
591
954
565
460
1351
176
471
1756
1352
1517
587
2012
1352
445
893
1517
587
1352
565
2395
1351
1517
587
1352
2395
2185
1351
123
631
587
2012
1352
753
948
565
587
2012
1352
222
1997
587
1352
2395
1709
176
1756
1352
1756
2064
1517
587
2012
1352
445
893
1517
587
1352
565
2395
1351
587
1352
2395
2185
1351
123
631
587
2012
1352
753
948
565
587
2012
1352
222
1997
587
2012
1352
565
1574
587
2012
1352
2551
947
1351
587
2012
1352
495
1997
587
2012
1352
2395
2523
2025
2088
587
2012
1352
2551
906
587
1352
2395
334
2395
1709
2161
491
565
2064
2505
2064
701
445
2516
701
491
812
61
402
2516
491
61
402
2516
729
1997
491
1958
2395
2325
1416
1346
1167
1615
1268
139
2395
1022
2257
491
1416
2167
2508
565
614
2231
1544
14
2383
2383
1544
2028
107
1333
1333
2512
2512
1333
233
764
554
912
912
2379
954
2404
1743
1407
2404
2523
1199
491
587
154
491
1743
2404
1407
2516
1720
2516
1743
1743
2404
1407
1258
2069
819
1295
2395
1709
2395
1709
1413
1930
2472
2167
671
30
788
832
2523
153
1293
1407
148
284
2054
815
1694
1930
2021
527
1264
819
277
200
701
2523
1293
491
1809
697
421
819
943
701
1333
105
815
2288
1372
714
1016
2094
1200
169
2105
2524
873
2284
1940
2064
1124
54
1453
873
1843
1116
2161
2510
2167
844
2433
2232
2433
1391
1997
1138
484
2012
484
2303
1264
1264
2303
1003
1155
2256
14
615
2303
1111
1220
1264
1264
2303
1351
1264
1264
403
403
1264
1264
1264
1264
1319
1763
1264
1410
1264
484
614
2069
1014
1017
606
1192
79
606
1192
753
2472
668
281
1169
105
1192
2004
972
340
2166
367
2404
486
701
2069
787
606
1192
696
2440
1562
2172
1014
486
696
594
421
1014
1658
1754
1911
2134
1785
1979
701
1547
2166
2461
1587
869
2523
2472
701
1462
680
1754
89
1836
145
680
691
2133
2402
983
691
175
2402
2402
532
2084
175
2054
815
397
1333
714
145
1460
1503
262
90
2052
2014
2069
2523
1014
2206
135
692
288
145
2442
514
1292
2198
1933
692
145
2133
668
512
1351
1391
1399
859
145
2133
1210
1125
565
1479
2166
145
2350
2492
2052
1236
1858
735
1218
89
669
2268
1858
735
1200
1698
1660
1732
923
2303
2422
2027
872
2268
1858
735
1200
1698
592
491
1729
379
685
1466
819
755
2108
2419
1325
2108
1480
219
2440
979
799
2054
1371
551
1176
460
735
1371
1790
735
148
1833
2422
1338
2037
1342
2087
592
1108
592
2415
975
2465
491
592
491
2002
1325
735
1371
2104
2371
1729
735
1371
907
2063
1717
2020
1275
2039
2359
408
2523
1014
445
2182
1296
739
2523
1167
943
701
999
1564
692
2356
2113
649
2303
1114
696
1365
1391
2064
64
2063
1840
604
827
1858
1341
1351
2404
1323
1997
2383
1544
14
145
2395
2088
1997
729
1997
2383
1544
14
873
827
869
565
952
2064
845
2209
2012
827
1858
995
2303
1175
96
14
1264
1341
1858
827
40
1858
1351
1904
1351
1351
1351
1660
1858
2472
1660
1351
1972
75
1946
1153
2064
1207
827
827
2383
795
115
1200
1429
2056
1200
1200
1200
1955
490
872
1972
1955
872
568
1858
2472
312
312
568
1858
2303
1114
696
1486
1391
2064
2551
2167
1997
2383
1544
14
145
1997
2383
1544
14
2371
2063
1840
604
827
1858
827
2113
696
827
2457
1997
729
218
738
145
1351
145
1500
624
2503
588
1832
2069
778
2444
1319
2364
2510
1858
995
2303
1758
2358
800
345
2370
1717
2039
1399
1876
1346
2069
420
2050
362
2234
1930
2404
582
1856
2404
819
1407
1877
1915
269
954
1014
1017
1005
460
2388
2052
2491
966
1401
1856
1407
1856
2284
899
1447
2316
606
168
899
2346
213
2143
1856
1130
1802
2288
899
924
213
2143
1856
2288
1176
1881
1096
983
1743
2012
2167
2523
1303
1743
23
2523
593
130
756
864
2523
1905
2117
870
2466
2297
2284
1743
2052
237
1040
2507
2002
1399
359
1856
596
248
2338
851
2288
1495
899
2288
819
621
1743
23
1342
1611
1743
502
2143
482
1792
844
2052
1231
609
2052
1239
1273
2404
680
1743
222
49
1407
148
284
1743
2315
121
213
899
2504
1403
606
107
2316
680
1017
606
107
2316
899
1447
2507
2523
164
758
2039
1866
305
2052
2288
2360
1069
1658
2472
1743
1711
23
2052
501
2491
1574
2167
1792
1522
2052
1014
2052
2163
2491
370
1743
2404
1675
1173
1861
1743
1005
1856
1407
1096
1743
2404
1907
728
2033
692
2052
2234
1930
2000
562
213
1808
671
1856
392
2284
899
2104
1452
1888
1040
1707
2521
2367
1743
1856
671
2494
2507
835
469
2052
2491
443
2006
2360
1069
899
1447
1218
990
606
68
512
289
117
899
2006
1218
469
1856
2404
1950
870
1743
2316
606
1611
844
956
2252
1915
269
2167
1856
2404
2523
671
269
2231
671
1856
2404
2507
835
1432
1856
1925
2316
606
308
701
1297
2326
2069
944
1856
2404
1407
113
244
1611
2507
899
1447
1218
2057
224
1522
843
1738
2234
1930
2404
593
2316
606
2261
899
2052
2491
1096
899
1447
1743
2404
1611
1856
1693
2523
593
899
1662
591
2052
2491
2052
2242
2507
899
1447
2523
1014
1952
1564
2039
1141
2052
434
1792
1522
2052
2220
930
1876
1776
2167
1792
1762
2052
2014
983
1988
391
1876
720
1819
70
138
47
138
1430
1876
1544
14
925
1094
2465
2143
1819
2186
1722
408
1876
1083
1864
2186
1819
1817
2465
2143
2186
1819
1401
1124
563
1391
2301
801
2524
382
2286
1407
549
1760
1792
1295
2069
701
2523
486
2069
926
1876
1351
2526
2303
784
926
904
1351
2526
2303
784
926
346
1234
1351
2526
2303
784
926
346
1234
2510
832
843
1427
1699
1351
2012
2332
2389
491
2054
606
1192
1876
2069
680
701
111
1351
2526
2303
784
926
1738
1849
180
154
1698
798
943
876
1015
919
2284
2551
1564
660
2069
1138
1114
123
983
2487
1997
2054
1391
2281
1997
1832
2234
927
2551
125
930
1734
346
346
1442
1876
1275
135
2350
698
2523
2315
787
2012
357
2050
1431
2143
2523
1536
1155
817
729
2154
769
1824
550
130
1559
2166
2097
1624
228
1986
2238
1615
1264
421
1615
2156
1260
408
2006
30
2097
1615
2156
1260
689
2478
946
2238
2523
2446
349
1888
983
1684
695
2541
81
64
81
2295
2395
509
1843
2395
2025
2012
196
2550
1391
2395
683
2395
2523
2025
1391
81
2395
1391
2383
2541
2551
2523
81
2395
2383
81
2395
2395
509
565
2012
196
2551
1843
2395
369
2551
2541
617
2012
2446
369
1843
2395
1187
2166
1187
1351
93
1997
1391
2523
669
683
1852
1684
2491
1096
654
1351
654
2332
2508
2395
2012
819
1647
2541
89
819
965
2335
1893
108
2505
2069
425
2167
2064
1209
1876
701
416
2052
1930
2303
93
565
728
1114
207
2063
2303
1772
2012
1562
2220
2167
1672
1672
1672
2133
1672
1672
1666
2167
2516
2516
1672
1672
1672
1333
1611
2167
2133
1666
2167
2502
1333
1333
2516
1949
2234
2167
99
1672
513
2052
1014
105
1351
168
340
1047
2383
1890
2167
2133
2167
472
1014
1582
105
1342
1342
107
2445
2481
1843
47
167
692
1253
2277
2521
2478
1253
1689
2264
1419
1427
351
1125
154
2167
2472
2316
1040
879
2167
1671
247
852
460
175
450
154
206
47
1666
2186
1544
14
2551
2472
35
614
1336
1891
943
2012
1565
2459
1407
2472
1138
2303
2012
2166
1391
1479
914
351
2187
1544
14
2303
2012
2303
2012
2303
2012
2167
1804
1514
199
460
2433
1370
2167
154
2069
2332
2052
1209
2350
450
2404
1048
154
154
2052
2551
2192
1785
1374
1351
5
1253
2167
1672
1672
2133
1672
1672
2167
520
2050
1431
1333
2517
2167
1666
2167
2002
641
1014
993
609
1986
842
47
2167
47
2167
1672
2167
1672
876
2538
1333
2516
857
2234
2167
1897
42
1395
391
2167
1125
2167
44
396
1385
1626
460
2012
1891
1804
2462
2472
1377
1021
1579
2112
47
749
1621
2332
2472
930
1466
2332
2523
2234
1001
2332
2383
749
832
1333
2247
2358
2523
2521
2052
501
2551
2158
832
1167
1565
1405
1489
2408
2496
1755
2167
2303
2408
274
1559
794
696
2303
2496
1559
794
396
696
2303
1562
1559
794
396
696
2496
1559
396
696
1562
1559
396
696
2303
1003
1155
1559
396
696
1559
396
696
2256
14
615
1559
396
696
2303
2496
1559
396
2167
1058
2332
2054
1264
2167
2303
1167
1167
735
1342
2047
1167
1264
1591
2314
181
735
2092
783
735
128
1972
1189
1341
2194
1660
809
2194
1264
80
1400
809
2167
425
2230
2523
2166
1815
1040
2340
1817
2054
555
1207
2054
2166
693
1293
90
2069
1658
2523
1187
209
798
672
2551
2463
2415
1114
832
1500
2551
2463
2069
2415
1114
642
2171
2415
844
277
565
701
1570
1755
122
2404
2161
930
1152
2289
1002
2069
174
948
870
1002
1410
870
1152
2289
1377
1465
1069
2234
1235
537
2161
486
614
225
2384
1371
1050
2371
614
1394
50
1023
1832
558
1615
2221
2303
1167
1615
2404
2549
2167
869
107
2480
1208
999
2480
1208
812
812
138
2110
2480
999
999
2167
999
1776
2303
1167
2062
2480
1666
614
648
1698
1670
1371
701
1208
614
2006
1698
701
1670
1371
1236
1698
614
999
618
2526
1865
1698
701
1670
1659
1167
558
1615
2167
2480
812
618
2526
1865
1698
701
1670
618
2526
1865
1698
701
1670
2167
1616
1023
930
2526
2430
2526
1167
1615
841
2303
1167
1615
1167
1615
841
2303
1167
1615
2075
1167
1615
841
2303
1167
1615
1167
1615
841
2303
1167
1615
2480
999
999
2480
999
999
692
2480
1483
2491
2069
735
466
2505
1753
1342
2384
1753
1865
2526
1136
1167
999
77
183
1597
591
1110
202
2022
24
1579
843
99
1463
1193
2261
1565
1463
992
1690
188
1319
983
1380
188
421
2318
1540
472
194
2538
899
202
201
1213
188
1319
1319
565
1379
954
1763
377
1003
586
1994
1310
117
2508
2485
1710
2012
1611
2523
2213
2350
1031
2508
606
890
57
899
670
1155
586
1310
2012
369
1507
2551
2002
800
1836
1431
2523
277
108
1003
891
1319
1155
1644
482
486
1869
1757
1031
1858
1292
1843
899
1824
2073
1824
2303
1463
217
154
1954
1351
795
2551
1729
154
2255
899
1463
671
918
1930
954
154
2255
899
1813
899
2006
2463
154
2524
573
1930
918
2434
1876
125
819
1014
745
1292
1544
1732
610
899
2446
899
1544
1544
486
899
1540
648
1193
584
565
899
1121
2338
1213
8
1041
188
899
67
1379
565
320
1049
983
1319
364
565
828
154
1123
386
349
154
983
2240
552
899
2059
1896
2545
1319
619
1843
899
2226
854
2533
1786
728
2226
2523
443
218
2255
899
565
954
14
927
2395
1319
2059
1181
610
2538
565
2059
565
983
348
2434
1876
125
2039
819
1930
1421
1365
1587
2154
2268
2303
1114
1843
899
1200
872
1587
918
2154
2268
2303
1114
1843
899
1200
872
2491
2510
1565
1310
2453
2523
49
2295
899
594
2350
1876
1876
901
1836
563
1155
1155
837
1421
1155
1292
469
2161
1937
1167
558
999
1523
798
1408
610
2012
1803
612
1904
322
1351
1776
377
1351
1776
377
443
2277
774
2059
2148
1429
2012
1135
1873
154
310
1463
1193
340
1902
1135
1873
2234
2012
154
876
720
1873
421
844
263
2104
2104
1351
2526
2303
784
926
2069
2104
220
1342
618
1351
2006
154
148
1193
2523
2195
992
1918
1172
1172
1037
1193
1172
1292
2491
421
926
1351
2526
2303
784
926
1419
2311
1329
1187
447
1067
525
1371
1660
1345
1390
156
1932
1284
2004
2472
812
1284
2119
1660
2523
552
1550
729
1660
2472
901
93
812
2523
552
339
1660
2050
1424
1014
1326
1284
2004
105
2161
2286
1876
2020
1264
421
2286
2052
2014
2069
983
421
1876
907
775
2340
540
1785
1309
728
1861
2091
2138
1621
421
125
930
904
1234
999
1565
199
460
339
1209
333
1167
999
22
1872
2513
1323
1640
2523
1563
1785
999
2134
434
1167
2523
476
1014
2161
1937
999
2286
1377
2331
819
1197
501
460
1016
2370
819
621
33
443
1167
2101
1824
999
498
2161
812
1270
558
999
363
2286
1333
2218
1559
1763
387
1270
2378
1626
596
1698
1695
94
1695
812
1544
798
651
2378
1408
1747
1408
377
1129
689
1763
154
1930
2385
1800
2523
1129
2335
2472
999
1565
1611
2404
26
2463
1368
367
2164
2028
2516
1570
322
1351
2463
1209
1351
2463
322
1351
2463
2069
2523
161
421
2551
2463
2523
1194
1325
2164
819
2472
701
1636
2445
421
926
1351
2526
2303
784
926
2500
930
701
2433
2549
872
1937
1544
930
346
2069
1303
480
2404
798
835
552
2533
74
125
1405
1489
930
2052
680
107
320
232
1885
421
14
2412
1295
1904
2306
232
2104
2134
1658
2306
31
857
745
664
1544
1394
226
251
2052
583
184
930
1234
346
1876
2167
930
2523
271
2039
2052
930
125
2523
1484
2130
250
2050
2523
1017
1014
1594
701
680
1672
2092
107
1098
2092
1268
1098
701
1742
2143
125
930
930
701
1385
1672
1570
1274
2052
1358
2316
2477
2465
1544
2316
527
2393
1150
1342
68
2052
237
2167
2092
1098
2167
509
1098
2092
1268
1672
1511
701
2092
1646
1268
1672
1098
2092
1646
49
1098
1325
2167
715
2042
2064
1681
2092
2064
1672
1808
2065
2092
2092
2064
2064
1808
2065
2092
1672
2064
2092
2064
1808
2065
1672
1098
2064
2064
2167
125
930
1734
701
1437
1346
2414
1351
2303
784
1734
701
2303
1351
1891
138
277
2069
2006
673
1351
2395
1351
847
2447
2189
817
1351
2395
2012
831
1351
2395
1833
1351
2395
798
1519
154
1806
1014
2161
1168
812
60
1741
999
1904
1351
2395
2162
1980
798
2069
999
1980
843
692
1824
817
1351
2395
1138
1190
1888
1565
1264
2523
2283
2069
421
1264
2104
1264
1187
855
1660
2069
1413
2069
1615
1792
1615
2303
1615
1264
1264
893
2064
2311
1990
2064
2402
2311
1990
2402
1181
1698
1325
841
1351
1181
940
2403
2403
940
893
1615
2523
1187
552
1427
999
1785
1565
1616
1351
859
648
614
859
648
614
1980
1763
798
2523
2523
1414
1351
723
724
1187
1391
983
1138
1245
2358
1904
1904
1187
395
275
1359
1904
1397
1611
1903
1611
2006
648
342
1073
1351
847
29
1273
1190
2251
2523
915
859
1458
2286
1652
1035
182
1705
82
2028
96
565
1664
603
584
1014
486
701
999
2069
1408
2444
1537
2028
2463
1155
1786
1608
182
35
126
1705
1652
1274
81
2059
835
603
584
565
35
2023
815
569
2028
135
2523
692
701
2444
2283
1274
816
565
747
2390
2350
1876
1014
839
971
1658
819
2283
2186
1323
2463
701
965
1911
1570
748
1112
2166
2167
2480
614
1475
614
2472
1323
2186
1544
2028
1819
1544
2551
2059
2059
2551
1437
738
93
816
2187
2186
1323
2463
2286
2410
2186
1323
2463
1155
1150
1500
551
2334
1014
701
2303
2524
1734
701
1722
1664
2523
686
2166
126
2523
1014
2236
2551
2059
2059
2551
1437
738
93
816
2187
816
1664
2028
1664
93
586
495
126
2523
2236
1014
587
1778
2039
2052
2335
524
701
2283
2071
2143
2069
1049
2069
524
1915
2006
1014
2303
943
207
1650
1480
1333
1351
946
1930
1421
2012
1351
207
872
2445
421
1058
2523
1746
49
218
1579
798
672
1626
1996
2414
2551
1025
1860
701
2167
1336
105
2167
841
1666
1351
1259
1924
2395
2395
2395
872
2395
175
2082
1293
869
2395
1666
2551
2551
869
1437
2551
869
2395
1666
2551
2551
869
1437
1187
2551
869
1293
869
1293
2167
2123
884
1480
1059
1187
815
844
2516
884
1187
815
869
405
2538
1187
2551
815
1084
1562
789
2404
1240
2054
1759
1838
2523
2287
1581
2146
2363
2551
1838
469
2523
55
2306
1187
1240
1187
815
348
1190
2523
700
2234
1527
1273
2523
1342
2083
565
2050
954
2551
2052
597
175
1427
701
1565
2303
2516
596
1167
680
2516
126
2049
2404
1611
2104
92
633
1748
1694
2551
815
779
2167
752
2167
841
1666
1351
1259
1924
107
1333
1333
312
1117
872
948
869
1437
1666
2551
2551
869
1437
2551
2315
2165
495
2167
1471
750
1565
2303
508
1565
1351
207
589
2303
1351
2012
490
40
2332
671
1978
1488
213
2523
1650
671
1333
2167
14
2303
1351
1264
1264
2167
1930
1421
724
1014
2039
2523
1852
2283
1238
1274
1187
815
1323
884
1759
351
422
1351
2303
315
2012
1351
1538
2013
1167
999
351
1276
1559
2167
1792
979
1865
1167
1351
470
2303
1351
2052
2445
421
2052
1342
2363
1051
346
207
884
1333
1559
1930
1421
1876
1684
354
1734
1351
2526
2303
784
926
2510
1756
2523
1421
2332
1202
1874
2419
248
1342
1642
1457
2306
1485
1888
842
983
597
1069
1014
1658
360
701
999
2052
842
1776
565
983
1448
2069
1968
975
1208
785
975
154
1648
2059
614
1333
1421
38
2
2261
2059
1540
2069
59
105
1734
2538
565
1014
724
1150
2472
1167
943
999
701
1346
2356
1421
2538
2523
2257
1421
1235
565
2510
565
1155
614
2059
614
2538
923
1457
2306
1876
319
2039
135
421
2332
1421
1421
975
93
1756
1236
1421
1876
1540
1930
1202
1756
2069
1746
59
1564
701
277
597
728
2538
1220
758
1611
1220
2404
1264
1268
714
1876
1316
2480
983
1316
2551
1611
983
2052
983
421
2063
1717
2303
1747
939
939
1278
1564
377
107
422
1313
2259
812
291
1407
2551
2303
2551
2551
2303
2303
1538
2303
1538
154
1351
154
2303
1538
2049
2303
1538
2049
2303
1538
2303
1538
1351
154
2303
1538
154
2303
2496
2303
2496
1763
1408
2364
2303
2496
2303
2496
2303
2496
2049
2303
2496
2049
1763
1408
2524
2049
1763
1408
2524
2049
1763
1408
2524
584
1763
1408
2524
2049
2303
2496
2049
2303
2204
2049
1763
1408
154
2049
2303
1456
2049
2303
2496
2049
2303
154
2303
1440
584
2303
1440
584
2303
1408
1494
1626
291
899
1626
899
907
2551
1407
2551
715
1351
2303
784
2490
346
1351
841
2303
1538
154
565
914
2551
20
565
869
565
2551
565
2551
2551
764
869
2433
2551
1683
512
1843
375
1841
2551
1611
2069
2491
351
2448
1351
2303
315
2046
1632
1937
689
2516
2143
2143
780
2333
2143
2143
421
2052
2063
2303
1772
2046
1632
582
2050
1441
789
1717
1014
1658
1915
789
2052
1239
421
2063
2303
1772
2046
1632
2002
2282
2394
1670
1293
2378
794
701
2052
701
2156
2408
2550
1126
2408
1371
1626
445
798
1847
1240
798
1240
402
2012
1240
2012
1240
2551
798
779
2012
209
115
2054
1904
767
1437
1169
1017
1304
491
2054
46
1980
1401
1904
859
1904
2335
832
1717
820
421
1410
1236
2136
1351
836
2249
2303
1074
1342
2303
1124
1138
291
869
2256
1494
1351
1500
2158
1500
2158
2256
1494
1793
1351
1500
2158
2303
996
1562
1559
2303
1114
1562
1559
1876
794
2378
596
580
954
2166
1479
873
813
2556
107
560
1550
1227
1187
77
680
1937
999
290
1626
701
1346
1385
907
2069
1346
1876
257
1405
1489
1264
701
126
2052
1858
2285
565
2063
2303
2285
2285
565
2523
2288
1014
1858
2285
565
2063
2303
2285
1876
417
869
65
2523
317
2285
565
2526
2384
1523
2526
2285
2063
346
2523
2394
1054
2340
930
2063
2303
2285
930
1293
2285
565
926
904
1734
1234
926
1391
2281
926
1975
1951
2457
1876
417
869
65
1858
2288
2285
565
2063
2303
2285
1858
2285
565
2063
2303
2285
2052
926
565
2288
930
701
680
1738
2332
774
2404
1112
383
1222
812
552
1963
848
919
692
2167
1401
1212
2332
812
1058
1720
2437
1096
2006
2069
2069
108
2433
428
2523
2449
815
1564
2303
135
2303
135
2523
1395
2069
2288
1199
2063
1717
2303
1747
1876
2069
1876
2332
1196
2383
1155
2332
1196
2383
2509
2332
1212
2332
812
2332
1155
626
2286
565
418
497
871
1876
1776
2069
2052
930
1989
1876
1405
2039
421
1565
105
2166
421
2250
1377
2190
606
1192
421
692
1437
1421
710
671
1615
596
1097
907
2063
1717
2303
1747
1410
1410
1235
210
701
1297
2039
325
669
657
139
2008
1346
1292
2538
79
1346
681
2272
2059
648
1023
1069
1551
1457
472
1017
1658
2008
832
1905
2069
2378
648
614
2480
614
604
1209
614
604
2446
690
1138
1457
1565
657
139
2039
897
138
2480
614
402
1898
876
1876
2069
88
644
2523
2069
1564
1565
1439
1073
1843
648
1200
1351
1634
1084
1351
421
1023
569
2242
1907
2025
2517
1014
2523
2008
105
1905
1094
2039
340
84
1342
107
2234
94
2097
277
2069
1964
1351
139
1538
73
2234
1523
1964
1562
1564
2039
2052
695
778
1351
139
1538
73
2039
683
524
2445
1014
1323
218
1342
497
107
1351
2303
497
871
2052
2491
983
1191
2416
1264
1964
2496
1298
1559
266
1298
861
1264
860
972
1099
105
1023
2284
1264
2132
1264
972
1099
277
1325
469
2021
1570
351
2551
1325
1209
2383
869
1209
351
1325
1268
2234
1381
2021
2052
930
2069
1199
701
1392
866
2234
2117
1325
469
2021
1196
918
2316
1281
1664
23
191
1664
23
348
2052
930
563
1391
100
2052
832
1695
1937
1819
94
532
1937
1391
1809
450
2012
844
587
2203
1407
2523
486
1333
860
1346
1615
2332
2311
2404
2523
2052
2416
764
14
2054
2523
798
2551
198
2150
1997
2383
579
764
14
1544
14
108
1565
1544
563
14
563
1876
575
1785
894
2251
1237
2551
145
1997
1955
1972
1997
2383
1544
563
14
2457
798
1544
798
1813
1341
1694
130
489
130
1109
563
2551
145
1997
1955
1972
1997
2383
764
14
2457
798
1544
798
1813
1341
1694
2510
1419
1565
1319
1640
2082
1040
2052
965
421
819
701
1930
105
1817
367
1415
1238
1194
1194
819
1014
1069
2052
198
2150
1129
147
1236
2107
1158
992
983
374
588
1889
835
869
930
2161
399
2277
1151
774
1060
2167
637
491
873
2169
1858
2523
728
421
1462
563
1587
1734
346
731
1494
2139
579
798
351
579
565
154
107
2279
565
1351
154
107
422
1351
565
565
277
2303
1538
2303
1538
154
1854
351
460
2516
914
2551
2516
2433
2551
966
492
1701
1069
2097
1237
1349
1211
2435
2097
2414
1187
639
1255
2523
2283
1351
1915
1167
2303
1003
2303
1003
1562
2097
2301
2261
1396
1877
2167
138
107
445
2143
107
1154
2064
2143
1660
631
83
1998
143
631
83
1233
1264
631
83
1494
1264
631
2303
1758
1360
631
2303
631
2303
631
1758
291
631
2496
631
558
1361
1047
631
558
1361
631
558
1361
631
1032
1438
1410
631
2167
878
794
631
83
2167
878
878
2415
631
2303
2496
631
2303
1763
631
2303
1319
631
2303
1758
1258
631
2303
2238
631
2303
1758
631
2303
1758
291
631
2303
1371
1562
1794
2012
1562
631
2303
1371
1562
1562
631
2303
1371
1562
631
2303
1371
1562
631
2303
1371
1562
631
2303
1371
1562
1794
863
2496
631
2303
1371
1562
1794
1494
675
631
2303
1371
1562
1794
2062
631
2303
1371
1562
1794
1904
631
2303
1371
1562
1794
2089
631
2256
2008
2496
631
2256
2008
2012
631
83
291
2092
631
83
2303
2496
631
59
83
66
652
66
2130
59
83
2075
652
2075
2130
59
83
706
1585
59
83
287
59
83
1840
631
2303
1003
1155
631
2303
1003
1970
1155
631
2303
1003
1114
1155
631
2303
1003
1155
631
2012
631
2303
1003
1562
631
2496
631
279
631
460
631
2303
1003
767
1155
631
83
1047
1264
631
83
1562
1264
631
83
1494
631
2303
1758
2269
631
2303
2238
631
2303
905
631
2303
905
565
631
2303
905
2496
631
2303
905
1367
631
2303
905
1267
631
1073
631
552
103
905
154
631
135
631
2303
905
631
83
1494
1264
631
83
2496
1264
631
83
1351
2012
1351
2012
892
1264
892
631
83
1351
2012
1351
2012
892
1264
892
631
83
1384
2012
1384
2012
892
1264
892
631
83
1562
2012
1562
2012
892
1264
892
631
83
1562
377
2151
892
1264
892
631
83
1264
631
83
2303
631
83
2303
2496
631
83
2303
631
83
1264
631
332
59
83
1494
2549
845
1494
1378
59
83
1494
2534
2493
521
2173
2238
1062
2167
138
1632
187
2173
2428
2173
2428
2496
2173
2428
1003
2173
2097
2303
1003
1052
351
1033
2097
2303
1003
1357
1562
2173
2097
2303
1003
1155
2173
2097
2303
1003
1155
351
1033
2097
2303
1003
1562
351
1033
2097
2303
1003
1562
2173
2097
2303
1003
2303
1003
1562
2173
2097
2303
1003
2303
1003
1562
2173
2097
836
836
351
1033
2097
2303
1003
1562
2173
2097
1562
2173
2097
2496
2173
2097
2303
2238
2303
2238
2173
2097
2303
2238
2303
2238
2173
2097
2303
2496
2173
2097
2303
2238
2303
2238
2173
2097
2303
2238
2303
2238
2173
2097
2303
2238
2303
2238
2173
2097
2303
1562
2173
2097
2303
2496
2173
2097
2303
2029
2173
2097
2303
1008
2173
2428
1351
2173
2428
1351
2173
2097
2303
1351
2173
2097
403
403
2173
2097
2303
1623
14
2173
2097
2303
1111
1220
2173
2097
2303
1111
1915
2173
2097
2303
2173
2428
2173
2428
2496
2173
2428
1003
351
1033
2097
2303
1003
1052
351
1033
2097
2303
1003
1357
1562
351
1033
2097
2303
1003
1155
351
1033
2097
2303
1003
1155
351
1033
2097
2303
1003
1562
351
1033
2097
2303
1003
1562
351
1033
2097
2303
1003
1562
351
1033
2097
2303
1003
1562
351
1033
2097
836
351
1033
2097
2303
1003
1562
351
1033
2097
1562
351
1033
2097
2496
351
1033
2097
2303
2238
351
1033
2097
2303
2238
351
1033
2097
2303
2496
351
1033
2097
2303
2238
351
1033
2097
2303
2238
351
1033
2097
2303
2238
351
1033
2097
2303
1562
351
1033
2097
2303
2496
351
1033
2097
2303
2029
351
1033
2097
2303
1008
2173
2097
2303
138
107
445
2143
107
1154
2064
2143
1660
631
83
1998
143
631
83
1233
1264
631
83
1494
1264
631
1758
1360
631
2303
2097
631
2303
2097
631
1758
291
631
2496
631
1361
1047
631
1361
631
1361
14
631
1438
1410
631
878
794
631
83
2167
878
878
2415
631
2303
2496
631
2303
1763
631
2303
2332
1319
631
1758
1258
631
2303
2238
631
1758
631
1758
291
631
2303
1371
1794
1562
2012
1562
631
2303
1371
1562
1562
631
2303
1371
1562
631
2303
1371
1794
1562
631
2303
1371
1794
1562
631
2303
1371
1794
1562
863
2496
631
2303
1371
1794
1562
1190
675
631
2303
1371
1794
1562
2062
631
2303
1371
1794
1562
1904
2463
631
2303
1371
1794
1562
2089
631
2008
2496
631
2008
2012
631
83
291
2092
631
83
2303
2496
631
59
83
66
652
66
2130
59
83
2075
652
2075
2130
59
83
706
1585
59
83
287
59
83
1840
631
2303
1155
1562
631
939
1933
2523
125
1342
1626
1319
930
1523
462
2140
2334
2332
2340
930
492
697
1120
492
1620
2352
2052
524
2551
1897
820
744
981
930
1876
1836
2332
859
1562
2285
1099
1523
1540
1264
1333
1264
2465
1191
1099
1555
1099
1976
1523
1565
1509
484
1595
1226
985
322
2523
2432
1333
484
484
2303
2422
2303
2422
2496
2303
2422
2303
2422
117
2465
2326
2055
1264
985
1187
1391
1502
291
932
2256
1891
391
2303
1587
2307
2303
1587
2307
2303
1587
2307
2303
1587
2307
2303
1587
2307
2066
2012
2066
2012
2066
2012
2203
2066
1763
2066
1763
2256
932
2049
391
2256
932
2049
291
932
2404
2049
2404
1763
615
2332
1763
615
2332
1763
1763
1431
1763
1763
1763
1763
1351
154
1351
154
2303
2496
2303
2496
226
1250
2303
2496
2303
2496
226
2444
2303
2496
2303
2496
2012
2303
2496
2303
2496
2012
2303
2496
2303
2496
2012
767
2303
2496
2303
2496
2066
2444
2303
2496
2303
2496
2012
713
2303
2496
2303
2496
1763
2444
1763
2444
2303
2496
2303
2496
2303
2496
2049
2303
2496
2049
2303
2496
2049
2303
2204
2049
2303
2496
2049
2303
154
2303
1440
584
2303
1440
2303
1408
1494
2303
1408
1494
2303
1408
591
1626
291
899
1626
899
1138
291
932
2256
932
2404
2256
932
2049
2256
932
2049
291
932
2404
2049
2404
2303
1047
2049
1138
291
291
1666
1666
291
1666
1666
291
1666
1666
2303
801
391
2303
801
391
2303
801
391
2256
14
615
2256
2422
91
14
1848
996
2256
2422
91
14
1848
996
2256
2422
91
14
1848
996
2256
2422
91
14
1848
996
2256
14
615
2166
701
999
1264
855
2218
1621
1264
2227
2166
1621
346
1485
2167
1712
1391
1391
1391
869
1587
1391
1587
869
1712
1712
1587
1712
2167
2153
2333
1921
981
1491
1333
701
2303
2303
291
932
14
2303
2290
2303
2303
1114
2303
1047
2303
2082
2093
2141
2303
2082
2093
2303
2082
2093
2358
2303
2082
2093
2358
1351
2303
2082
2093
798
2279
689
798
2290
2290
2290
1333
701
930
378
965
125
2303
2052
1429
1883
1722
1876
965
2286
2351
1876
1264
421
1028
391
1557
1836
1579
2012
61
590
791
276
2429
453
1181
601
61
590
2095
1391
2523
486
626
1181
722
1858
486
728
590
722
2042
590
1054
1540
2200
469
926
1876
1351
2526
2303
784
926
421
2063
1717
2303
1747
1039
842
2343
1800
926
2104
965
151
819
2340
2104
2558
2404
2082
2303
2422
740
2303
2422
740
105
1155
740
2286
2069
2303
2422
740
492
1660
2286
263
701
2104
1351
2303
1774
719
2104
1673
926
983
354
1155
840
1525
85
129
840
2451
1428
505
2313
492
1546
320
840
273
322
1931
492
2550
257
1546
492
1546
1428
2538
816
1546
1689
2451
1245
322
492
1546
273
2166
202
2404
1660
1333
492
2033
1660
1030
1861
720
2404
1546
1932
1155
752
1981
1351
2303
1774
1774
1039
2167
2167
1673
2404
2166
2404
842
2033
1660
1030
1351
2303
423
2104
2167
932
2340
2161
1785
1167
1587
2104
1264
350
1570
832
701
2523
360
680
492
1351
2303
1633
1171
1517
1171
1346
626
1187
907
2340
2404
425
1673
1579
842
14
1904
2471
14
429
1858
764
2470
1492
1082
14
1904
1588
1137
46
1358
2471
2521
1220
2117
1828
969
1091
1544
2463
1302
901
1550
1358
299
989
14
1904
1633
2093
1684
1091
1325
2358
1544
23
2428
2234
129
1664
1150
895
1091
2138
129
322
47
1904
322
1299
1015
2260
129
322
60
1342
2422
60
559
2407
666
1342
2446
114
1409
1565
14
1904
1617
2286
264
76
2410
1905
2375
14
164
1652
2475
137
526
2093
903
1091
129
322
2517
129
1196
1091
2166
1420
1063
2471
14
14
1904
2545
1776
14
1904
666
2181
96
1017
14
554
1828
1421
2523
1295
1082
680
1421
1904
1621
2523
1809
2517
113
1904
1342
2422
14
1904
2193
1509
1500
2182
1431
2142
943
25
14
1904
1520
2383
2166
14
1660
281
14
2523
1333
1421
2517
2542
1520
2358
1082
164
2069
837
2358
1325
2478
1664
129
787
1933
2069
774
2332
1091
1331
1664
1302
790
1550
2063
1717
2303
1747
1083
1091
2234
1496
2069
23
2332
790
1137
2445
14
1904
2284
2366
129
1196
895
1565
408
129
322
2517
2523
528
1111
789
40
2478
129
1082
1787
1525
129
1525
35
135
2202
629
903
1325
1082
154
819
1525
35
903
2523
2231
1237
14
1504
154
2
2383
2012
1957
2063
1717
2303
1747
1904
1698
1615
2523
2311
2167
129
322
1224
14
1904
2153
2167
129
1664
787
1664
1570
469
1595
129
1664
2260
2478
1002
129
2028
429
47
1593
676
790
2234
1196
24
1660
2360
218
1797
354
154
195
1134
800
1641
154
168
1797
798
970
254
2118
2277
1797
1826
1674
2012
2134
1664
107
1196
322
1017
969
1479
1997
2506
928
2169
14
1904
2234
2351
2052
1040
90
2069
2350
1876
1091
1877
2358
565
2551
1664
1746
2523
2138
1236
795
2523
2234
1091
2551
565
1664
895
129
232
1904
2451
909
2050
351
1311
1897
1776
1441
843
1333
1904
1698
816
1505
746
2540
232
1196
635
122
565
322
2473
122
129
322
698
701
2161
509
1196
2243
2297
168
1937
113
1397
1082
2517
129
322
1224
14
1904
798
1167
1615
2517
129
322
1224
14
1904
1196
1186
698
2234
414
540
1599
1516
149
2459
487
800
395
1516
903
1245
2553
2521
819
2517
14
1904
1421
1091
1421
515
354
2338
304
1111
931
608
2358
2338
2286
129
1091
832
2332
1091
1325
2358
921
1729
2069
1230
1196
2383
1819
2186
14
1196
129
322
859
322
1595
1158
1276
1082
322
2294
608
2383
322
1595
2351
2295
2069
2069
2006
1420
1394
1083
1091
1824
626
1615
1565
2404
2523
1358
983
2069
386
2063
1494
1747
1155
1565
1532
1562
1673
1840
14
2383
1014
1152
1421
1083
317
2138
2332
1898
1319
2103
2404
2166
334
102
47
819
1358
1729
2166
1509
999
2286
2166
2069
486
392
2193
2002
701
812
2069
1017
1248
486
1937
14
1264
1341
1170
1351
618
1494
1264
1325
1351
618
1494
1264
1245
1351
315
523
523
1280
1351
61
1351
1980
61
1351
1310
563
1351
1980
563
1351
1937
1351
1351
1980
1351
1937
1660
2358
1904
1351
1937
1351
225
1904
2358
1391
1660
1660
1664
322
1391
1391
1660
1660
1664
322
1391
1660
992
1660
331
760
1351
1937
1391
331
2054
760
1351
1937
1391
2054
992
1077
1660
2383
563
1077
1538
1351
1980
563
1351
1744
342
563
1077
992
1660
563
992
563
992
331
563
1479
1584
563
1479
331
2054
563
1479
1584
563
1479
2054
992
1077
154
1660
1348
1660
1077
563
64
2371
1351
225
563
64
1348
154
1245
987
812
14
1264
1341
1170
1351
618
1494
1264
1904
1351
1937
1351
1264
1351
1937
322
1660
2383
322
322
1660
2383
322
1660
1172
1172
1660
1172
322
1660
2383
2551
322
1172
1660
2551
1172
322
1660
225
1172
322
1660
2154
1172
322
1660
2268
2383
1666
322
322
1660
1200
2383
1666
322
1172
322
1172
322
1172
1904
1274
1187
1937
225
320
1937
2551
1937
1937
1937
2191
2012
2303
2012
1843
1997
2383
1465
1930
2180
597
1997
729
1997
2383
400
2551
2175
105
1527
1997
2383
1930
764
2470
2551
2175
1014
486
701
333
677
35
692
2428
107
1632
692
1759
565
2059
1421
1930
872
872
2446
443
1759
677
1888
692
551
59
541
1412
2039
2069
965
979
2242
1565
2166
357
1427
1717
1792
2069
2427
1540
1763
1544
94
1408
2193
2523
2472
1785
1167
999
2523
596
1695
94
1408
1564
2052
695
2069
1413
532
614
176
2560
948
2049
2404
354
2360
1069
835
1268
93
20
2166
1309
2404
1931
2341
1219
614
835
20
816
835
798
848
1187
2145
415
565
2063
1014
263
1717
2052
2491
2039
2523
486
1014
2244
2069
855
2523
360
1167
943
701
999
2052
753
2112
1040
462
90
2069
447
2039
819
2523
1017
2379
1763
1181
1932
1711
683
1014
1342
497
107
2063
2303
497
871
683
2014
2509
1717
2052
2491
1418
2261
2109
1236
1502
1930
1014
883
1660
1660
2303
1538
1673
56
377
1930
872
161
2524
1702
1930
2021
1326
2121
1705
2012
250
1238
1673
1660
2109
154
107
422
1660
1200
872
1200
1428
1660
1660
1756
377
1756
1428
1419
692
1382
14
812
798
1587
2064
798
64
1351
1553
1351
701
918
2154
2268
1200
872
918
1587
2063
2303
315
2415
277
1391
277
1391
2541
1391
907
2524
1898
819
277
2013
2012
2012
832
1507
277
2523
798
2541
1391
657
277
1391
1929
1824
1187
798
1187
1726
2029
2029
2049
375
2029
2029
2146
639
2049
992
2029
2029
2049
2256
1114
2049
2256
2049
2029
1626
2524
2029
2049
2029
9
2049
2029
9
2029
9
2251
2029
9
1626
2029
9
2029
9
2049
2029
9
2049
2029
9
2049
677
2355
584
2355
2355
584
2355
2395
2395
2395
2395
1258
1626
1626
1138
2029
2029
1132
2029
2256
932
2404
2256
932
2049
2256
932
2049
291
932
2404
2049
2404
2256
932
2049
2256
932
2404
2256
932
2049
2256
932
2049
291
932
2404
2049
2404
2256
932
2049
2029
1528
2029
1930
1528
2084
2029
2029
2084
2029
2029
2029
2029
2084
639
1030
447
2445
1181
2031
2039
1792
2109
154
107
422
2523
227
724
1907
1040
1264
1564
1701
277
2109
154
107
422
1196
537
2167
1377
215
1785
1018
2052
930
1615
923
1264
1124
1899
1005
1264
277
1187
1916
798
1081
1615
1333
1264
1751
1615
1333
1916
798
999
421
1264
2420
2523
486
2200
1615
923
14
801
1562
1652
2538
1562
486
2523
1014
965
421
351
2285
984
1858
1191
832
1615
923
1264
105
350
1298
2465
484
1187
1565
1264
1187
1169
948
2403
2303
1615
2311
1990
999
1253
893
2311
1990
2403
2303
1615
1169
2303
882
2533
2303
882
1890
2445
98
2378
830
2167
2052
2523
1618
606
1192
2414
2167
606
2414
606
1192
1192
105
1236
2059
2012
2167
434
1489
930
2052
2052
794
1264
794
1753
2523
926
2104
421
2234
1031
872
2021
569
2510
872
581
2021
1565
569
2523
349
1431
2538
1633
597
1264
1888
1565
107
1930
1672
2064
107
1666
1029
1888
1565
2383
2404
2551
14
1742
2383
696
723
1264
2153
2167
1017
2431
323
943
1220
596
2300
483
2538
2268
2001
2300
1931
1259
450
1670
1017
1112
47
2300
2166
1888
1565
1520
2383
14
1888
1565
2303
135
2052
2014
876
2069
1570
1734
1351
2303
125
930
1734
346
346
2490
2433
1565
2179
512
1875
696
2080
400
1565
1522
1511
701
1734
2069
1319
1763
14
2167
14
1660
1660
2303
1538
719
1960
719
1960
2167
14
2167
14
1587
2064
64
1587
1321
544
1321
544
1321
544
1587
2167
1319
2167
1666
154
1660
2303
2524
2495
1512
581
1666
154
312
154
312
1666
918
2383
322
322
1666
614
1479
563
1576
563
1479
1666
614
1600
563
1576
563
873
2524
1600
544
918
918
544
1114
816
1666
1666
300
1010
300
563
1351
1980
563
1576
300
1351
315
523
523
300
1351
315
523
523
1280
107
871
1333
1333
300
544
614
1479
2383
322
544
614
1600
2383
322
544
1114
816
1666
35
918
1010
918
918
544
1114
816
1666
35
918
1010
918
1858
154
1660
918
1589
1858
918
918
1112
322
1351
1980
563
1576
1479
322
1351
315
523
523
1280
1600
918
544
816
1666
1666
568
1010
568
154
1660
154
312
568
1666
1666
2268
2268
816
1666
35
816
1666
35
918
1010
918
760
1600
1112
918
1321
2064
918
918
1321
2064
918
918
918
918
912
1321
918
1083
1112
183
872
918
2167
587
491
812
491
1523
565
2524
2119
47
798
926
587
491
2052
701
876
1876
778
2390
563
1479
2473
1683
1112
767
1742
197
549
1462
2523
563
626
1861
519
2390
1479
635
1479
819
2394
2415
2031
2166
587
848
2161
812
2012
1264
2472
701
2012
154
1237
336
819
360
1652
1181
1565
819
360
587
798
491
526
1112
767
1742
425
812
512
1875
508
930
2261
1292
2026
1421
1292
2104
1405
2261
767
1132
2203
1054
91
914
680
91
1238
914
1421
2523
324
1511
1437
1346
903
2363
2373
1421
1437
653
680
59
125
930
904
1234
2167
2335
691
1611
2012
1891
1236
107
873
35
565
2059
691
1611
1565
2012
1891
148
591
277
818
425
1319
1904
2333
2444
2382
2524
2382
156
2039
2069
421
692
1391
1551
713
872
565
1101
1801
1467
2012
1858
713
844
2012
869
2012
1437
760
565
2012
2012
2012
1763
154
2538
1666
2059
1723
1858
713
1858
2064
1391
1551
713
872
1351
565
2523
2472
2163
1511
1437
1346
701
713
201
704
59
368
1396
1498
2303
515
1891
798
1857
1763
154
1181
1074
1891
2416
1891
565
1891
594
59
1891
798
2069
2453
1427
2505
1224
1209
1264
1155
1108
832
701
2257
623
2166
391
2538
589
1442
2538
1767
1035
2052
524
1876
2039
2052
2014
2069
1571
277
512
2167
1684
800
2338
2174
668
2397
1273
2006
2167
2081
1691
800
2523
975
462
349
2167
194
800
2523
2166
975
727
2050
2012
2206
975
1621
585
656
2404
986
2551
1706
1859
2167
1888
2335
2052
524
2063
1717
2303
1747
2039
2052
501
524
695
1242
563
2541
873
1802
1620
377
226
1640
563
2541
2167
49
563
2541
1209
896
565
2052
2039
563
2541
1565
1264
1264
2333
1292
691
1099
145
320
154
1719
105
226
1525
873
154
1449
154
873
117
873
2491
1742
1351
64
322
320
1587
824
1620
320
1587
1395
563
1391
2104
322
1660
594
689
873
273
1196
1391
1620
1881
2378
2538
1292
1732
1264
1562
794
1732
1264
907
1311
1255
1264
1562
125
930
904
1234
2052
1647
540
1565
2478
2319
2052
1988
277
2268
1347
1562
1347
2203
1236
2445
2264
1876
2069
1236
816
382
816
2523
835
139
382
1876
2050
1017
172
2523
1431
172
1017
2303
172
73
2063
2303
172
2498
960
172
841
2303
172
73
47
2523
1181
2167
14
563
1763
154
96
2064
2064
64
1351
918
2154
2268
1200
96
918
1321
73
2064
544
2064
2167
597
2112
27
139
2203
1824
2138
2251
2261
1237
2097
1701
1611
1378
1274
107
1321
1618
544
70
1705
2192
1497
2389
2039
2052
2014
2438
2167
351
2261
1235
1181
35
1565
509
2332
1930
382
460
2438
2167
2523
90
2069
2491
191
2166
633
2332
1963
1391
979
852
460
639
983
1621
2052
1897
348
2378
1555
1985
994
2052
2523
1014
486
696
901
1347
206
907
2457
1264
1421
2252
2533
2404
425
1347
2167
105
2106
2206
1309
1684
2015
1666
1937
460
14
615
1660
1862
1862
2064
1666
1660
2457
2064
2457
2457
2457
2457
2064
2064
2064
1666
1660
1666
1660
1660
1660
2472
1626
1544
701
841
1666
2059
1862
269
2059
2457
1862
369
899
841
2303
1915
2303
1915
2303
1915
2303
1915
2023
2303
1915
2303
1915
2303
1915
2104
2383
576
2457
855
2404
2457
2457
697
1278
794
1462
1564
421
1351
2526
2303
784
926
1876
1897
1550
688
788
2551
2523
2334
565
2492
624
2551
1135
87
565
460
2492
2523
93
563
1391
2039
1040
1730
2052
2491
2039
1463
800
2446
369
1391
2261
1036
2523
1463
157
565
2551
2551
1391
2205
1687
2287
2553
1921
1944
1843
565
257
2551
2439
89
1292
2052
2491
433
999
2385
2069
396
596
1695
1565
1167
1626
1695
812
2303
1408
1611
1763
154
284
1040
350
14
1264
1264
1931
2069
2510
2337
2523
606
1192
1408
2523
139
2523
606
1192
139
1565
139
139
943
139
1408
943
1782
198
2150
2234
2002
288
1611
832
671
819
949
1897
2012
1801
689
1930
64
1595
1565
590
2461
1979
1547
2395
753
869
64
1169
1246
590
2461
1930
64
1595
2012
490
64
1430
64
1979
2166
428
2426
2229
2069
819
2033
428
2426
365
1763
154
267
1200
446
2488
356
2523
2311
267
565
227
267
530
1761
623
312
2094
267
408
312
764
2472
1545
312
2094
227
267
1817
312
1589
594
289
2234
2095
267
2311
565
930
346
217
2344
1931
1507
563
2541
930
1858
2285
565
2063
2303
2285
175
560
2054
815
217
2523
317
2285
565
2526
2384
1523
2526
2285
2063
2523
2394
1054
2340
930
2063
2303
2285
930
1293
2285
565
926
904
1734
1234
926
1391
2281
926
2457
175
560
2054
815
217
1858
2288
2285
565
2063
2303
2285
2427
2069
2445
443
985
2069
2069
2052
926
1876
1351
2303
1734
1351
2303
1234
1351
2303
1886
277
2069
2063
1717
2303
1747
904
926
2063
2303
926
926
2063
2303
926
1776
2556
2161
999
2340
1980
317
1525
1351
47
810
701
723
2049
1647
1876
1214
794
1429
1167
999
2286
1674
2414
1904
1570
1565
2523
346
2069
2069
130
1476
735
387
527
1476
1099
1325
2069
1746
130
1476
130
1611
2523
589
1626
1737
2054
1737
2054
1095
1611
2482
2350
460
2069
2166
1746
322
746
1729
2069
1980
746
819
1333
696
1260
2167
14
615
1351
47
14
615
746
47
2167
2311
1264
2069
333
1874
2386
832
2311
1542
2167
218
2311
1183
1888
639
768
1304
2286
2523
736
2069
2198
2286
2286
1723
2286
1351
1494
1747
2523
2234
943
240
1351
1494
1747
1888
1897
2445
2069
983
600
2069
1110
2167
266
239
2069
552
1323
1342
148
671
1858
2328
2161
1937
999
130
387
2303
30
354
711
843
1937
489
2267
1801
1342
751
1915
1006
1006
591
2472
1891
1006
284
591
2472
1891
284
460
2335
1611
1014
2104
626
1387
2052
2069
340
787
1739
1562
1792
1964
2286
836
2527
907
1288
2157
1195
2325
455
378
2002
1575
2063
2303
632
2154
836
1688
836
154
674
497
871
2350
491
812
2039
1014
2472
930
105
1391
2551
2167
2052
2052
2497
1093
421
1301
2437
754
1821
2039
2052
2329
443
1342
832
2364
1930
1421
425
1114
105
1352
1391
2167
357
1114
2350
1738
795
105
49
752
421
2052
2014
2069
2052
1876
1930
2419
1083
331
530
198
2150
2167
1391
869
1391
872
2167
2167
2234
1782
1930
1930
2021
1391
340
1351
834
2350
331
2166
530
1881
1839
684
1469
745
985
2238
1936
2475
819
1017
1208
1238
2264
291
563
1587
2206
64
1351
47
2303
1077
563
2303
1587
445
2303
1562
2303
2472
2303
1785
2303
382
794
2303
382
794
2303
154
794
2303
154
794
2303
154
1626
794
2303
154
1626
794
2524
2404
2303
154
794
2303
154
794
2303
2262
772
2276
794
2303
2262
772
2276
794
2303
2262
1626
772
2276
794
1626
291
899
1626
899
841
2426
606
798
2278
798
1238
2354
421
480
798
1876
841
2426
2061
2435
2288
2426
1530
1939
2257
1311
284
1115
2295
2069
2306
2226
2015
524
218
1351
2404
2167
2549
2404
983
2039
1419
1672
1169
1406
2169
492
2318
1595
544
816
93
1406
1385
780
1660
1672
1660
1672
1672
1666
1660
2064
816
36
1279
36
1672
1672
1666
1660
2064
1660
1660
2064
2064
1666
1660
1666
1660
2064
2064
816
36
1279
816
36
1279
1279
1279
2523
701
544
2303
2228
2404
2167
1323
614
2064
1660
1819
1544
14
2186
1544
2028
1672
1672
1672
1672
1672
2167
689
90
787
701
1017
421
2039
639
2404
701
2404
1351
2303
315
2336
720
816
2012
1891
2350
816
1877
569
1123
698
816
2252
569
871
2252
569
680
701
1351
2303
1014
2234
2523
360
701
1058
701
2052
926
1876
1351
2526
2303
784
926
1234
1351
2526
2303
784
926
904
983
1866
701
549
1429
794
1864
887
1325
2167
1325
2480
2085
1196
1622
2480
2085
1196
1776
1088
577
492
701
701
334
1138
1876
2063
1717
2303
1747
2340
1138
1419
1391
322
2309
1904
1155
2052
524
1876
1410
2457
2427
1618
1559
2063
2384
2303
1997
2303
794
1017
1536
2167
2303
1264
794
1264
794
2303
2012
1264
794
2303
2012
1155
1229
794
2303
1264
794
2303
2028
1264
794
2303
1264
794
2303
14
1264
794
2303
1264
794
2303
1264
794
2303
1114
1264
794
2303
1631
1264
794
2303
1074
1970
1264
794
2303
2062
1264
794
2303
135
1264
794
2303
2524
1264
794
2303
1264
794
2303
1319
1264
794
2303
1264
2303
1264
794
2303
1980
1264
794
2167
1775
94
2039
794
1559
421
2069
1017
1536
1559
351
1776
1264
2273
2052
930
237
1040
2415
1187
1391
2014
2012
1112
1876
1861
1666
391
869
2500
930
2161
1448
597
1621
2332
1876
2193
819
1876
443
1060
61
122
322
1077
61
2257
2295
61
1421
2524
1077
340
2166
2295
130
2524
61
1932
1060
61
1776
609
1017
1155
1453
1449
1539
2524
873
1060
320
2524
873
1060
1421
1800
1787
1379
1453
320
1453
1351
315
523
1155
2194
1060
1453
1579
1060
1448
1815
1077
443
901
2166
2295
2206
2303
2524
61
1579
1089
627
1876
1565
794
2457
1314
953
1014
334
794
1410
1565
794
1876
64
1351
1565
1410
1876
64
1351
2457
440
553
708
460
541
2457
440
553
708
460
541
1014
486
696
907
2457
1663
537
2478
918
191
1123
2136
1111
2523
2195
1421
544
1785
1421
540
1565
1462
425
2167
994
2457
1785
1301
1014
526
2523
2127
596
1876
2491
1410
481
2523
1454
1888
711
346
2052
1419
1565
2166
1817
2167
2012
1181
1309
1502
1014
2510
168
798
2012
2457
460
460
460
554
460
554
2457
656
2457
1666
1268
49
49
2457
656
1666
2457
738
291
291
932
2383
816
816
816
656
2383
14
544
2064
544
2064
816
2154
2268
2457
1200
1321
816
544
2012
2064
64
1351
872
1220
1321
544
1220
2012
443
2283
728
2240
1274
89
2523
1167
794
728
2240
1565
1562
1337
1800
1502
1209
876
2457
565
728
2240
1952
728
689
2240
93
1502
2457
728
2240
561
218
561
819
49
1785
2457
35
983
1419
1565
1570
2012
988
2523
1447
701
2011
728
2240
2457
918
1871
544
1014
2127
391
587
2069
386
2513
486
1167
943
701
999
2052
2039
1350
1187
2508
1351
565
728
2404
1621
1479
30
306
389
1391
1479
30
985
160
1694
1813
2445
2523
2445
2326
2052
2039
2069
277
2395
798
2391
843
1500
1351
2211
2245
1691
1579
1876
2069
2491
2427
2414
2069
1565
1792
9
798
2390
2395
1552
2395
1275
2523
9
798
2088
1999
1046
2414
2069
1364
1565
1840
2012
1562
2039
2326
2069
2063
1717
2303
1747
1829
2069
1261
2529
1500
1500
1437
39
553
1293
460
2508
1997
1333
277
1437
1500
185
2069
340
798
1480
2209
2395
2069
2209
2395
1419
2166
2551
1351
683
362
1394
50
1915
1377
1893
2052
2316
696
1014
683
1342
497
107
626
50
597
1256
2286
537
391
1421
1915
243
569
1930
872
47
1930
918
1421
1031
2373
572
796
933
1200
1876
31
1351
2303
1335
1517
1633
47
2357
2551
1187
1187
2523
2313
279
714
2551
47
795
2167
1300
2383
2496
2551
1209
158
2164
1809
2516
1832
1007
848
1187
812
618
1057
1057
841
701
14
277
812
618
1057
1057
841
1000
701
14
2006
1187
812
618
1057
1057
841
1000
701
14
277
812
618
1057
1057
841
1000
701
14
2006
1187
812
618
1057
1057
841
1000
701
14
277
812
618
1057
1057
841
1000
701
14
2006
1187
812
618
1057
1057
841
1000
701
14
277
812
618
1057
1057
841
1000
701
14
2006
1187
812
618
1057
1057
841
1000
701
14
277
812
618
1057
1057
841
1000
701
14
2006
1187
2303
2422
1047
812
618
1057
318
1443
841
701
14
277
812
618
1057
1057
841
1000
701
14
2006
1187
812
618
1057
1057
841
1000
701
14
277
812
618
1057
1057
841
1000
701
14
2006
1187
812
618
1057
1057
841
1000
701
14
277
812
618
1057
1057
841
1000
701
14
2006
1187
812
618
1057
1057
841
1000
701
14
277
812
618
1057
1057
841
1000
701
14
2006
1187
812
618
1057
1057
841
1000
701
14
277
812
618
1057
1057
841
1000
701
14
2006
1187
2069
1640
1030
1163
1187
489
1858
1077
812
1077
812
2167
14
1623
1351
2256
14
1351
1264
1623
2358
1623
2232
322
1660
1660
1623
1623
2232
322
1660
1660
1623
1623
2232
322
1660
1660
1623
1623
2232
322
1660
1660
1623
1623
2232
322
1660
1660
1623
1623
1623
2167
1876
2222
1325
492
1030
2052
1077
812
1832
1187
1535
360
812
14
1264
1341
1245
1660
1351
1980
1351
1310
1351
1980
1351
1980
1310
61
1351
1980
2407
1351
1980
61
1351
563
1351
1980
563
1351
315
523
523
1280
1351
1980
1351
1980
563
1341
1351
1310
1351
1310
1351
1980
1310
61
2064
61
2267
2267
1351
1980
61
2267
61
2267
2021
61
2267
2267
61
2267
61
2267
2267
1060
61
2267
620
61
2267
1060
61
2267
61
2358
1904
746
1351
1351
1980
1351
1980
1437
1351
1980
1351
1980
790
322
1660
1172
322
1660
565
872
2383
1172
322
1660
2172
2021
1111
1073
1172
322
1660
1673
872
2383
1666
322
1660
872
2383
322
1660
2383
1355
1172
1111
322
1660
872
2383
1660
2172
2021
1111
1073
1172
322
1660
872
2383
322
1660
872
2383
1666
322
1660
2383
1351
1980
322
1660
872
2383
1666
322
1660
872
2383
1666
322
1660
872
2383
1666
322
1660
2383
322
1660
872
2383
1666
322
1660
872
2383
1666
322
1660
872
2383
64
322
1660
872
2383
1666
322
1660
872
2383
1666
322
1660
872
2383
1666
322
1660
2383
322
1660
2383
1355
322
1660
2383
1172
1111
322
1660
872
2383
1660
1172
322
1660
568
872
2383
322
1660
872
2383
1666
1172
322
1660
872
2383
1660
1172
322
1660
872
2383
1666
322
1660
872
2383
1666
322
1660
312
872
2383
1666
322
1660
872
2383
1666
1172
322
1660
872
2383
1660
189
1073
1666
1200
1200
1200
1200
189
322
1660
872
2383
1660
64
1172
322
1660
872
2383
1666
322
1660
872
2383
1666
322
1660
872
2383
1666
322
1660
296
872
2383
1666
322
1660
2383
322
1660
872
2383
1666
322
1660
2383
1172
322
1660
64
872
2383
64
1660
189
1073
1666
1200
1200
189
322
1660
872
2383
1660
189
1073
1666
1200
1200
1200
1200
1200
1892
1200
1200
1200
1941
1200
1951
1200
1200
1200
1200
2039
1200
2064
1200
1200
1200
2060
1200
1200
1200
1200
1200
1200
1200
1200
1200
1200
2039
819
1014
743
1187
819
2166
126
708
2378
1628
832
425
1904
767
701
701
563
873
701
1238
1182
873
2142
701
1161
781
563
145
1486
1125
145
781
701
2052
930
2523
1014
2472
172
172
1209
2052
2006
462
1183
1544
798
1565
1272
2088
1097
177
1838
866
2206
1385
719
1670
1802
2274
1408
1792
2167
2303
2296
696
557
2251
1763
1544
835
2274
819
719
2303
1391
313
606
1192
1138
1187
2146
2503
753
899
1138
557
2251
2166
961
629
291
2303
2296
2303
2296
2303
1587
2303
1587
480
2303
1779
291
1321
2404
291
1321
291
1321
2251
291
1321
1626
2167
2318
843
1758
1351
207
2301
1840
1437
1864
2426
433
2284
688
109
1670
1507
1456
1611
1437
1456
445
584
778
584
1792
1405
1776
105
2234
837
421
2523
930
2523
486
843
839
971
1668
540
2167
2296
1456
1456
1456
1456
835
1797
2167
835
1797
835
719
1464
1437
1824
428
2426
2167
1494
1456
1437
2361
1456
35
1456
1437
2361
35
286
1292
2167
2167
1073
2104
1292
1494
1456
869
277
1437
2361
1817
1907
946
348
2069
2069
1833
1457
2031
148
1099
1544
1523
284
835
1544
671
2487
2360
1544
835
625
1973
1715
2149
1544
1973
1715
1017
1200
1408
2524
1200
1408
2524
1200
2524
2059
2524
1200
2524
337
1494
1200
2524
2303
1538
1351
1200
1494
2303
1538
1351
1200
2303
1538
1351
1797
2303
1538
1351
1200
2303
1538
1351
1797
2303
1538
1351
1200
2303
1538
1351
1797
2303
1538
1351
1200
2303
1538
1351
1797
2303
1538
1351
1200
2303
1538
1351
1797
2303
1538
1351
1200
2303
1538
1351
1494
1456
1200
2303
1538
1351
291
35
1200
1494
1456
1456
2265
1200
291
35
337
1670
1408
1200
2265
899
35
291
899
1200
1408
2224
469
436
2069
1861
1236
2031
780
872
1544
1960
2069
88
460
421
1096
2426
1138
289
1494
1456
650
1740
1494
1456
843
2189
89
870
1774
1494
1456
869
689
2523
71
697
2206
1523
462
2426
2301
1158
35
1930
1437
2301
1437
1544
707
2523
1973
1715
1397
1494
1456
561
2426
2069
88
1703
2472
1876
2350
761
561
2166
320
2472
1930
1456
1507
752
1031
1782
1746
1715
819
941
1981
2069
787
544
1930
1478
1663
1663
537
425
1734
2315
1478
537
2104
1792
1391
2541
798
2523
105
848
1408
606
1192
798
126
832
1559
1030
1864
1181
575
1562
1579
1559
1030
2523
1476
1544
832
486
469
1167
999
2161
2523
2069
999
1268
2112
999
350
2152
2403
1167
1615
2311
1990
2402
1167
1631
2311
2112
391
2505
1920
680
1673
2069
2324
999
948
396
138
1371
1888
1427
2404
1224
895
2404
1245
2404
2085
1196
2550
2462
1325
2404
320
2167
14
2480
614
1660
1744
2085
2383
2404
1660
122
2451
1465
47
2404
2480
2167
1325
1570
2167
1819
1544
14
614
2167
2404
1158
2167
14
2480
614
1660
1744
2085
2383
2404
2480
2167
1325
2351
2462
2167
1819
1544
14
614
2167
423
1292
2006
1800
2069
1992
1224
2052
25
1800
2069
2353
47
2167
47
2167
1385
1224
2064
1224
1209
2153
1787
1351
2022
1133
1224
1624
1565
1224
1209
2064
1224
507
907
112
2383
148
492
672
2551
2012
2366
96
2551
676
623
2523
796
2001
408
2463
1565
1905
148
2453
1565
1756
2135
1351
2303
315
2012
1562
2510
2242
1562
2551
2404
2338
2383
696
126
2002
2463
309
899
1351
2316
677
2012
2050
759
816
1267
1268
2303
1310
1158
322
1683
1204
2303
2332
1742
184
549
2145
2075
1562
841
2303
1310
1562
841
2303
1310
1171
1562
841
2303
1310
2433
780
1660
1660
1660
1351
1310
1143
1049
277
2069
1621
1310
1099
1858
2288
2285
565
2063
2303
2285
1858
2285
565
2063
2303
2285
1377
958
558
2338
1858
2285
565
2063
2303
2285
85
1674
1848
321
2523
317
2285
565
2526
2384
1523
2526
2285
2063
2523
2394
1054
2340
930
2063
2303
2285
930
1293
2285
565
926
904
1734
1234
926
1391
2281
926
2457
85
1674
1848
321
2523
360
2069
233
1182
269
176
1401
2523
1158
391
255
1413
2052
54
1763
630
2210
2538
1621
662
662
1129
269
728
2538
819
2433
2244
2167
1351
2303
1734
2524
1047
841
2303
1047
54
1633
1501
2052
1194
2443
947
54
2210
1793
2244
2216
1194
1209
2167
1397
377
1871
2443
947
54
2210
1351
2303
1734
2524
2210
54
841
2303
2524
54
2210
1633
1501
2216
1597
771
54
2443
947
1763
154
565
2524
873
1194
2063
2303
1772
2524
237
2448
1888
1565
1565
1323
912
701
2039
2069
1647
2063
1717
2303
1747
2523
1014
794
1055
939
2052
1419
794
855
392
277
77
524
695
575
2052
781
930
1564
2446
1333
1564
1893
2523
724
1014
2356
1558
1055
1564
701
2333
350
794
1167
62
1207
794
1559
1888
2002
1187
2516
1316
812
680
2167
606
1192
1544
2276
1689
2383
587
2551
1997
2383
1544
2276
1689
2383
1187
2303
1125
2463
1544
2276
1689
2383
415
1351
1110
798
1187
2303
2303
2303
135
2303
2303
1114
2303
1114
2303
1114
2303
2402
2303
1114
2303
2402
2303
1538
2303
1538
1351
2049
2303
1538
1351
139
2303
1538
1351
139
1431
558
139
798
2203
558
139
798
2203
558
139
798
2203
1431
558
139
798
2203
1431
558
139
798
2203
1431
558
139
798
798
1431
798
558
139
798
558
139
798
558
139
798
558
139
1351
558
139
1351
558
139
798
1431
558
139
1431
558
139
1626
558
139
899
558
139
899
1626
291
899
1626
899
1138
291
2166
2303
1047
2303
1047
2303
1047
2303
135
2303
135
2133
2303
135
1138
291
2303
1047
2303
1047
2303
1047
1138
291
1494
1626
1494
1626
2524
2404
1494
291
2256
291
350
2505
1660
1888
2067
1191
910
2261
1410
1264
2303
1047
2092
2416
1734
350
2192
1785
2523
1014
526
2416
89
1047
1559
918
999
596
999
596
1264
1264
1264
1264
1264
794
1264
1264
1410
1264
1264
1264
918
2384
2064
2303
2064
1351
2384
2303
1660
2303
794
2384
1660
1759
872
1759
981
1759
2021
1759
981
2384
2064
2303
2064
1351
2384
2303
1660
2303
794
2384
1660
1759
872
1759
981
1759
2021
1759
981
484
767
767
1562
1264
1264
1758
1181
1758
1181
1264
1264
1758
1758
1264
1264
2303
1264
1264
1264
2303
1111
1220
1264
1264
1264
2303
2012
1264
1264
1264
2303
1351
1264
1264
1264
2303
1351
139
1264
1264
1264
2303
1264
1264
1264
1319
2059
1264
1264
1264
1964
1758
2415
1852
1758
2415
1758
2415
403
403
1264
1264
1562
1264
1264
1264
1614
1264
1264
1264
2496
1264
1264
1264
1264
1264
1379
701
1379
484
701
2333
999
350
794
1167
62
1207
794
1559
1888
2002
1187
2516
1316
812
680
2167
606
1192
1544
2276
1689
2383
587
2551
1997
2383
1544
2276
1689
2383
1187
2303
1125
2463
1544
2276
1689
2383
415
1351
1110
798
1187
2303
2303
2303
135
2303
2303
1114
2303
1114
2303
1114
2303
2402
2303
1114
2303
2402
2303
1538
2303
1538
1351
2049
2303
1538
1351
139
2303
1538
1351
139
1431
558
139
798
2203
558
139
798
2203
558
139
798
2203
1431
558
139
798
2203
1431
558
139
798
2203
1431
558
139
798
798
1431
798
558
139
798
558
139
798
558
139
798
558
139
1351
558
139
1351
558
139
798
1431
558
139
1431
558
139
1626
558
139
899
558
139
899
1626
291
899
1626
899
1138
291
2166
2303
1047
2303
1047
2303
1047
2303
135
2303
135
2133
2303
135
1138
291
2303
1047
2303
1047
2303
1047
1138
291
1494
1626
1494
1626
2524
2404
1494
291
2256
291
816
537
1683
1187
1626
421
408
1187
907
1313
1823
1734
425
2167
279
1174
2166
2069
2069
59
692
403
2186
1544
14
1544
1819
1544
14
1544
2303
1047
2539
1734
391
1734
2285
565
1298
1014
1129
1293
2285
565
2052
2082
2285
565
2063
2303
2285
1584
7
1666
1584
374
1584
1447
749
2358
7
1238
2134
2303
2422
2381
2167
2167
2491
150
421
2069
541
1351
2303
1633
1171
1517
1171
1017
1437
701
47
983
1611
2092
2356
490
64
1930
544
1351
1935
64
1930
544
1351
171
1935
64
1351
1611
671
1351
2092
1098
1385
671
1351
47
1979
2232
1351
1062
671
2508
565
1351
2092
1098
2551
2261
2538
1351
2303
2052
2445
1876
430
2039
2052
930
2510
1513
943
701
340
1437
701
425
1209
2523
701
2428
946
1474
2523
1014
540
1481
1333
701
354
2523
1905
1256
1717
2050
460
421
1952
2092
671
1401
1611
2369
2379
1698
2284
64
1930
2446
624
2092
1611
2052
2052
1792
1841
1935
64
1297
2500
1876
701
1177
2159
2050
351
640
1427
1876
2002
421
2069
930
2039
2052
1827
2050
680
701
2167
701
2428
107
1666
1666
1333
798
1547
1547
2428
1547
798
2428
1611
1672
1672
1825
2064
1672
1611
1672
1825
2064
1672
2167
1385
1611
901
1800
2523
1876
701
2373
1014
105
701
718
1447
1876
2052
1481
2286
696
1854
2082
518
1427
1187
2192
69
1759
1391
729
2303
1114
2136
780
1752
1565
1262
200
1187
617
1843
1391
729
339
2136
729
1095
2043
1187
1391
2472
2415
2373
2136
2415
1319
1181
1930
2136
1421
193
1200
167
391
2326
554
1391
898
1824
788
340
1213
1717
843
1609
2192
69
491
1963
1391
306
2136
421
2523
2431
1264
819
2218
1264
2052
695
624
966
976
2505
2523
596
524
930
701
2052
2193
1222
1876
1351
2303
2490
346
2524
841
2303
2524
1517
1517
1465
2132
421
1351
2303
2490
346
2524
841
2303
2524
1517
1517
2052
1792
2069
421
2523
2069
59
2039
2052
695
698
1500
284
2175
2284
819
1106
1931
148
462
89
1375
1428
1155
1565
1705
1319
1049
1876
277
1888
2196
1196
1763
14
1801
1562
1915
154
614
1915
2523
565
1562
1915
1915
1640
491
1240
587
639
2042
2480
565
614
1915
1240
565
1187
1240
587
639
2042
2480
565
614
1915
1240
846
223
614
1240
1023
648
1073
1544
614
2517
1240
1049
1232
2050
2039
2523
1155
1562
489
1738
1756
376
569
489
1236
1196
2523
1673
819
1564
923
1562
1562
1017
1214
1264
2166
522
959
1758
348
2166
522
1758
137
2465
1264
179
1562
959
2092
966
1446
2340
2483
1973
1565
1965
593
1236
108
1396
864
1536
679
1476
28
778
1476
2491
983
843
1264
1562
735
1559
186
1419
959
2092
844
1454
959
2092
1158
1562
2311
2052
460
77
1897
1710
2286
1350
839
421
919
1099
959
2092
636
2166
2350
1734
1873
2538
2170
1110
2315
462
1562
1209
1049
1264
1562
1559
1562
2378
354
518
1030
291
367
2496
2551
2496
2551
795
2496
2551
1758
1030
291
2303
1758
1904
1500
801
342
291
1666
2303
1758
1904
1670
126
1236
1864
2296
735
1559
735
2303
1559
2190
1396
959
552
959
2092
1407
1476
1753
1562
1562
1559
1753
2303
2496
2496
1559
105
1113
2296
959
2092
1824
2190
462
493
462
1544
959
2092
1224
537
1695
946
517
1158
959
680
2092
1695
946
2435
2491
25
1448
2286
1734
1570
2332
462
1876
2378
794
524
1876
2166
1069
1734
1347
552
2050
1937
999
257
135
2012
1183
1748
2538
1876
2480
614
1660
1744
2085
2383
1666
2404
1660
1323
565
129
2028
2463
1660
1744
2316
2383
1660
1744
2316
2383
1666
129
565
2404
2480
2039
983
1664
2383
1325
2286
1565
1264
2283
2069
146
2234
2052
2523
1014
237
2143
2332
1196
1595
2052
1016
1876
425
2167
1391
2194
537
2510
2516
1621
1014
1665
939
1275
567
907
639
2508
787
2463
1904
780
469
1930
1930
2104
1904
844
348
2508
2463
787
1904
1640
1971
853
2286
546
860
1427
460
1358
1741
720
1746
168
2052
1724
1167
999
168
1570
1565
677
1744
246
2463
992
2335
2523
1842
460
2472
677
1430
2416
1711
1310
89
760
584
783
992
2012
677
992
872
2416
930
677
992
2012
992
2416
1540
992
1660
680
720
2069
2063
2526
2303
784
2526
926
1358
1751
1463
1193
1579
2371
844
1732
1894
1240
1169
677
992
2240
1565
2049
1463
2404
2538
1187
1181
677
835
1187
1398
9
992
1240
1732
1049
144
2432
2012
65
217
1463
2419
565
2059
2523
1145
2545
1226
2541
1084
2082
2340
901
1368
1930
217
2419
2167
2012
1391
217
1463
872
2167
1579
2082
2246
904
1234
701
1217
2419
2012
1769
1147
1748
217
752
979
2442
1155
754
2052
501
2234
1155
1031
1732
1707
2110
348
537
587
713
1930
1421
2012
2141
1391
217
1463
872
157
2551
2317
2167
105
2419
1463
174
1658
2074
819
1447
819
626
217
2419
2012
798
2508
105
2167
1734
346
1876
105
217
1463
2419
1930
217
1463
2419
2348
2419
2104
2166
1817
1565
2261
1099
2427
592
491
812
1325
1264
1565
2218
1264
1014
1255
1014
2114
1937
999
592
491
1325
2523
565
1099
1937
999
1236
1858
735
1218
89
669
2268
1858
735
1200
1698
1660
1732
923
2303
2422
2027
872
2268
1858
735
1200
1698
2333
1565
2326
2163
542
1717
1372
472
2113
906
1921
2039
354
1587
2523
1431
565
1447
579
1358
1749
1862
1447
579
2224
563
1391
2508
2551
579
422
867
2069
1333
1114
1587
1749
2167
1391
2402
409
1793
656
1391
1391
2541
816
1666
107
1666
145
145
1391
2251
2198
1031
1993
2251
2198
1031
492
1323
145
2251
2198
1031
1993
790
145
2251
2198
1031
492
790
1323
2541
2167
2523
579
2508
369
563
1391
1587
2350
1333
145
2551
1391
1447
579
2523
369
330
2551
299
965
1041
843
1629
2338
843
2069
2063
1717
2303
1747
1401
364
1228
2383
930
1876
930
125
2052
2002
1427
1391
1763
1544
2012
2167
2489
1763
154
1187
1391
1351
683
1187
788
205
1408
1433
1763
657
218
2015
2167
2012
2451
1319
2339
767
1658
2069
1911
930
943
1155
2251
2443
1634
2316
1611
1634
723
798
2443
723
885
2286
421
1155
47
2316
73
1816
1056
1172
2145
2549
1816
1303
716
2549
569
2257
2549
748
2182
1836
1407
965
579
2012
832
2549
2061
1379
1200
1155
1156
1056
1666
2523
1209
1156
796
2299
1544
2028
2383
1155
489
1436
1200
1156
1056
1172
1209
533
668
1787
1664
595
1787
2523
680
2549
73
2251
2443
2523
680
2549
47
1787
1861
2251
2443
595
1341
2069
885
2286
421
633
1873
1200
1500
175
2052
1664
2050
2251
2443
650
800
2446
2052
1301
2551
1155
2251
2443
1634
2316
1611
1634
723
798
2443
723
885
2286
421
1379
1200
1155
1156
1056
1666
2523
1209
237
218
1209
2052
2039
2523
1014
2508
2517
47
2052
2524
2312
61
1937
2349
1351
2303
784
1734
2421
841
1410
2408
2524
2312
61
218
2286
443
1782
1690
489
428
1711
2523
277
1973
2523
1213
629
1209
2138
1398
1047
54
2033
1782
24
2536
1481
139
489
1011
2332
309
2332
1072
1264
2332
2151
139
1562
95
139
832
1551
2332
139
139
24
288
1854
1558
139
2332
139
657
1705
1890
139
2523
2334
139
1209
701
2104
2505
139
719
1586
2335
701
139
1896
1734
2167
1684
2490
798
1246
844
1773
2039
77
2035
695
597
2523
139
520
2505
1626
162
1717
77
139
1705
1801
2163
1437
1346
2350
832
657
139
1538
139
119
2340
225
2163
1670
441
139
841
1035
1684
1434
501
139
2167
2222
1717
125
930
904
1234
2052
2301
560
2166
202
1567
1146
1333
1666
1858
2523
879
1565
2039
983
2435
2012
2523
2167
2167
1048
2167
130
1048
1567
983
2333
1785
2167
288
1421
227
1567
1692
2158
1567
1587
1705
2435
687
2047
695
836
107
843
1293
2069
2166
1565
2167
2167
2290
2290
2167
2301
2302
1567
983
2523
105
1567
1562
2167
816
35
1048
2167
1774
693
2012
2333
1187
2146
1273
1567
460
2049
2012
2167
2012
2523
596
1048
1579
2167
2290
2290
421
2029
1864
350
421
2069
59
2303
2052
501
1351
2303
784
635
841
2303
2166
2167
1167
484
2390
2052
524
2510
2454
1661
2541
135
543
2146
2541
679
2541
510
1236
2551
2167
96
1391
266
1701
2069
1774
642
819
2234
360
701
741
2303
2155
819
887
2167
1073
2063
1717
2303
1747
632
1449
2544
452
2006
2155
726
2237
1333
701
2006
767
701
701
2161
2069
503
726
125
1095
1167
999
701
2069
1930
1447
2384
2523
105
196
94
107
2166
1905
196
2052
2388
2020
346
1717
801
218
2270
680
64
720
64
1738
2270
148
2270
35
148
148
393
586
1888
24
2270
257
490
680
2451
876
322
393
322
522
1897
1780
1506
860
461
33
1488
1685
1228
1368
1017
425
350
812
794
1896
1391
1352
565
14
1264
1341
1576
1351
1980
563
1576
1351
1310
1351
1351
835
873
2524
1782
873
1479
1351
315
523
523
1280
2064
2064
1351
315
523
1362
2059
827
1351
315
523
1362
2069
1351
61
1351
2303
1351
315
523
523
54
2443
630
1351
875
2270
1351
315
523
1362
490
64
1351
393
490
64
490
393
64
1351
393
64
393
393
64
1351
393
64
393
393
64
1351
393
64
393
2270
1479
1576
2551
563
1576
563
1351
1980
563
1576
563
873
2524
1782
563
873
563
1479
1351
315
523
523
1280
2064
1351
315
523
1362
1351
315
523
1362
1351
315
523
523
1280
1351
315
523
523
1351
1310
2059
827
1351
315
523
523
54
2443
630
1453
827
523
225
54
1453
1351
835
2064
1264
2383
1718
1718
1112
1351
1112
1112
838
554
827
523
225
54
554
1351
967
701
427
1922
1437
1127
292
814
2404
827
523
225
54
1607
2268
2383
1351
875
838
2244
18
1351
2303
18
2244
827
523
225
54
1670
1453
1351
315
523
1362
1351
61
1351
2303
552
552
563
1479
563
1576
1391
1352
1017
2351
421
794
956
237
2069
328
490
2270
844
12
490
393
328
2028
2028
1897
2167
2516
1792
2234
157
801
2028
490
765
2234
157
2270
1228
1377
977
141
421
794
1333
393
64
2404
2523
2333
1431
2270
469
794
1575
2020
1040
1318
2270
35
2270
1459
490
2270
35
107
393
1228
2270
35
2443
1220
85
2270
322
1353
680
107
1726
2443
1214
2472
2284
2492
565
1506
2439
1333
490
393
1894
1155
490
393
2012
218
2270
680
64
720
64
1738
2270
148
2270
35
148
148
393
443
794
1476
1183
421
2230
819
1050
346
1234
596
1555
1937
565
2248
2524
145
1576
1351
315
523
1362
1351
1980
563
1576
873
1351
1310
2524
1351
315
523
523
1351
315
523
523
1280
1600
2064
552
552
1600
2524
760
2064
2064
1351
315
523
523
1280
1351
315
523
1362
2069
760
2064
2064
1351
315
523
523
1280
2064
2064
1351
315
523
523
1280
1351
967
873
1479
2064
2064
1351
315
523
523
1280
1351
315
523
1362
1351
315
523
1362
2069
1351
61
1351
1351
315
523
523
54
2443
630
1351
2270
393
1351
1310
64
1351
64
1351
61
1351
2303
1587
393
2270
1479
1576
307
794
2516
322
672
2021
2508
2270
2382
2270
1988
801
2451
2067
919
1209
2332
2270
1931
1209
1606
2492
393
1988
322
2166
64
1353
18
2147
1014
486
701
999
680
484
999
551
552
1167
999
1651
1276
484
2012
1866
2052
2383
2153
2167
1181
2523
1014
1454
2306
1565
1319
1544
1908
1187
2069
1866
1319
1379
1048
1035
2286
1347
2132
175
14
763
14
1155
489
2390
1344
2521
14
914
852
954
460
1605
469
1344
787
14
1334
1666
1663
1372
14
537
2496
1559
2234
2090
1344
1448
14
2523
2167
2167
1448
14
2166
733
1544
1377
877
2433
1370
1187
2012
2012
1014
656
2448
421
549
1301
2104
1841
105
421
2448
425
832
2332
2509
382
2332
741
2383
736
2350
266
1351
2303
2063
1717
2303
1747
2397
2050
47
1040
1437
701
2012
1684
728
741
2485
1296
2193
1858
1187
265
2409
1040
2490
1611
382
1866
1933
2404
1255
1897
2012
2012
2261
741
2383
983
1621
2012
895
219
2523
555
919
1964
119
2163
1425
1246
47
2303
1832
1717
1647
1670
184
930
1876
2286
1336
1511
701
1500
2286
1351
1494
309
899
1500
1069
1351
1494
51
2378
930
2314
930
752
2472
1410
2052
930
125
1555
425
2333
1681
1681
1681
2333
1681
2031
787
362
933
1682
1187
2052
125
2052
421
1734
460
907
421
2069
2551
2012
565
2551
2300
398
2286
1264
1876
1264
2286
365
876
2167
715
19
701
1930
1670
1015
35
35
869
1670
2404
872
2049
767
1437
1670
107
35
35
107
107
767
767
767
869
767
35
35
35
2167
2167
715
19
1138
291
2524
2404
1559
2303
1047
1562
1559
2303
1047
1562
1559
2303
1559
2303
1559
2303
1559
2303
1559
2303
1559
2303
1559
2303
1559
2303
1559
2303
1559
2303
1559
2303
1559
2303
1559
2303
1559
2303
1559
2303
1559
2303
1559
2303
1559
2303
1559
2303
1559
2303
1559
2303
1559
2303
1559
2303
1559
2303
1559
2303
1559
2303
1559
2303
1559
2303
1559
2303
1559
2303
1559
2303
1559
2303
1559
2303
1559
2303
1559
2303
1559
2303
1559
2303
1559
2303
1559
2303
1559
2303
1559
2303
1559
2303
1559
2303
1559
2303
1559
2303
1559
2303
1385
2167
2303
291
932
2404
1015
1930
701
701
1930
1670
1015
35
35
869
1670
2404
872
2049
1437
1670
2167
2523
2283
1058
1160
2069
832
943
978
701
1419
1785
2167
701
1930
1670
1015
35
35
869
1670
2510
832
1611
701
1437
1670
2167
2546
1853
1689
1670
832
59
1647
2063
1717
2303
1747
811
1540
2523
1952
1014
2551
1325
728
279
1855
2146
1889
1325
1564
2167
680
1412
1273
857
2523
621
1465
2166
1550
1997
2383
1870
1664
1333
1114
1930
1391
1341
1391
443
2453
672
795
834
474
154
1565
957
1274
2496
2551
35
1236
795
2404
2551
795
1110
798
1187
1391
1930
1565
1419
795
834
1351
1110
1187
873
374
2234
680
1897
2167
391
2167
1469
795
2167
1351
1110
1187
2052
1231
680
2332
176
2161
1088
812
1167
999
1995
498
1371
948
593
187
701
1169
1346
907
1877
1785
2383
1548
855
2551
2427
1877
2358
1877
2383
794
794
125
2340
1876
357
2164
1346
2161
1088
222
1877
2383
1595
680
1785
2383
873
1877
2383
1595
2064
1226
985
322
2187
421
2261
1876
680
2064
1666
421
2161
1937
999
1319
1323
1840
1562
2240
1014
2351
346
1734
1714
2523
2340
2050
775
1273
2523
2033
260
899
1258
176
1256
452
1705
2143
2120
1209
218
2523
317
983
901
2069
1352
869
512
1611
1352
512
1611
1274
899
672
1352
1570
1225
1527
2404
1274
893
1983
443
1014
360
701
999
1346
1523
139
1419
1408
1876
1734
2050
1351
2303
1017
2052
512
1876
2020
1565
728
173
1049
2182
2167
1564
1763
14
1660
1660
2303
1538
719
1960
719
1960
1621
872
1621
1351
1526
908
1930
1621
872
1621
1763
14
197
2388
2069
126
1268
1468
1876
869
105
117
1876
2104
237
2286
1441
1273
1509
2523
1626
1565
2052
2224
508
2383
695
1069
2052
549
1710
425
1187
1391
819
1448
1391
1595
486
1405
1678
2050
1458
1984
1776
819
2359
1611
672
869
1391
1595
1192
927
682
1391
1595
2545
787
1042
1772
1187
1391
1017
873
2451
2167
14
873
1858
1584
2167
2510
1391
1788
1016
1391
1660
1858
2288
2285
565
2063
2303
2285
1377
443
2138
1478
1675
1664
701
1448
544
129
797
1705
837
1017
701
2373
2193
1564
2166
349
108
1401
2063
2303
2285
701
718
1196
2143
2112
1215
616
1555
368
1437
701
1670
1570
1427
701
2510
968
1544
1092
1481
1421
225
569
1372
701
2373
2523
1168
918
907
2510
701
614
936
1891
2404
1891
335
2069
787
2069
1379
643
2063
1717
2303
1747
1564
718
1346
504
1953
2033
1717
1274
1196
1619
723
23
1123
1930
2404
2143
895
1196
2143
47
2063
1155
1494
2075
1843
2069
1673
2445
2167
47
560
2445
1379
381
2063
1717
2303
1747
2002
1663
1478
1621
2069
1570
1421
1660
1685
1619
2404
1746
1737
1196
1660
421
2523
2283
1014
2167
2069
2167
614
2383
1122
1864
122
1122
1122
1122
2383
2383
1122
1122
1122
2383
2383
2167
1858
2285
565
2063
2303
2285
1802
787
2523
2285
565
2288
2523
1014
1293
2052
701
859
2305
1478
751
2039
2052
333
1346
2437
1478
504
1401
425
2523
1014
1292
794
1570
2167
1294
442
1293
787
1377
1792
2069
1002
320
2022
2063
1155
1494
2167
1666
873
1666
2064
1122
1122
1122
1122
2167
2167
1122
1122
1122
1122
1122
1122
2167
597
794
2063
1747
346
701
2303
2063
1747
346
701
2303
1517
701
1858
2285
565
2063
2303
2285
1346
2063
1717
2303
1747
1346
2063
1717
2303
1747
2523
317
2285
565
2526
2384
1523
2526
2285
2063
346
2523
2394
1054
2340
930
2063
2303
2285
930
1293
2285
565
926
904
1734
1234
926
1391
2281
926
378
2457
701
2063
1717
2303
1747
926
378
2457
701
2063
1717
2303
1747
696
683
2360
1069
1550
2002
989
408
2085
1218
1660
1930
614
1200
1293
2069
787
1564
1197
460
2067
1122
1792
2167
2166
1478
2332
2138
544
1663
1570
1619
1953
2002
842
1014
486
2112
2167
2153
2069
697
701
1564
983
1187
2002
901
614
1200
1891
2404
1169
948
2403
1167
1615
615
396
1077
999
1187
776
291
1187
2363
614
291
291
512
926
1351
2526
2303
784
926
271
1885
201
228
14
1666
426
1035
524
1069
2510
2454
367
1415
130
438
1782
387
421
1734
425
2167
907
1562
2523
1040
2167
2219
1411
421
1410
892
567
45
1006
241
1410
301
1410
2303
2092
2012
1351
2139
589
213
1538
468
2092
2303
286
1394
792
2096
2518
1799
1213
2393
1259
2463
1638
1836
1427
2303
833
2428
1930
1881
137
2332
2302
2433
812
6
2127
1193
2332
1997
297
1187
2519
1632
680
1466
981
421
899
241
2303
2063
565
893
1237
1351
1891
2523
277
45
1006
2303
1891
1181
1930
565
2143
1054
2303
565
689
1743
798
1519
1172
2523
277
233
1116
2234
893
2303
656
1466
81
804
1410
892
1410
1704
1213
2116
565
893
1351
788
2234
261
1966
1689
2092
1181
514
1342
2360
981
449
1255
804
1181
2303
2395
2029
2303
1385
2234
445
565
893
329
208
15
2395
2303
2216
425
2303
1565
2012
1351
2012
1214
652
591
2212
1413
2095
1116
845
883
2261
1264
1351
2012
819
2167
819
1264
597
540
979
1565
2012
798
979
1125
1323
838
2335
819
2338
939
965
421
257
1351
1782
2006
1717
1040
752
90
1275
930
1734
812
2371
2039
2069
787
247
138
1023
1058
1227
1971
1488
1351
2303
315
2336
248
1351
2303
315
2336
2052
2538
1540
117
1582
1740
2539
148
138
1208
901
614
2415
983
105
1585
138
1208
1209
1014
415
2538
2050
460
587
199
501
460
460
1274
1723
1963
1449
1208
1880
633
99
2455
1213
629
1876
981
1569
1014
865
2069
1141
77
77
1876
1427
2069
2111
1431
1540
1155
1240
780
273
1240
1876
2069
1377
716
2360
1069
1293
1017
2286
633
1876
2050
1612
2234
2246
1663
1155
46
1663
930
1264
2146
2166
1711
930
2039
2382
2539
1200
1737
2473
869
1232
481
635
2539
869
177
2457
105
1489
1200
126
2457
105
1274
2463
1489
569
2539
869
876
89
1564
2039
2284
1196
2404
1351
315
2314
1562
2496
565
2496
2404
1664
2457
2427
1351
1155
430
1351
2422
1915
1878
1787
2457
105
1861
565
2052
2167
1086
1234
2551
358
1377
1418
185
105
2167
349
876
512
1894
1776
1351
315
2314
1562
2496
565
2496
1274
869
888
2508
2382
2539
2241
1200
1489
2241
1018
2457
2363
2551
2261
89
1014
105
2538
1040
2069
2074
77
1897
2039
476
2069
2234
1565
1351
315
2314
1562
2496
565
2457
2496
626
2424
1200
2382
2539
873
1489
1600
1489
873
569
2241
2360
565
598
1200
1677
1600
2333
1143
888
569
2539
2508
565
2539
2480
1489
869
1200
81
2457
1214
869
81
2508
1746
2034
2551
1209
795
2167
2491
2192
2104
2167
2457
869
2244
2539
2244
1489
2539
2244
2539
1489
698
1351
1787
2382
2539
2539
1787
869
2167
2153
764
2382
233
635
2539
798
149
2233
2404
2382
2539
873
780
2410
720
1489
873
780
565
2166
233
635
2539
798
1489
2551
2167
720
1489
2382
233
635
2539
2539
869
481
537
2539
869
81
1878
1878
709
501
1351
2006
764
2116
943
2040
2069
1565
1196
2404
509
1544
2167
983
2345
105
490
1274
869
1311
1278
2052
2230
2378
794
354
701
1209
1585
1200
2508
1585
2539
2382
2539
1585
1489
460
806
1843
2551
1489
795
2167
2551
154
2311
1018
460
806
672
460
1346
2508
1200
2382
2539
1018
2457
1489
2446
1489
2508
1200
2382
2539
1018
2457
1489
2446
2551
1448
1596
1096
2052
2002
842
869
2551
358
635
2539
901
89
25
2167
869
876
233
635
2539
2523
745
869
2551
358
81
2539
901
1401
2052
186
1878
1155
2432
2559
496
2457
1410
2052
1535
1351
2422
1915
1878
1787
2012
372
1040
1467
2453
233
635
2012
2311
2382
2539
873
780
107
233
635
565
2189
457
2527
2508
1489
2551
1923
1467
2453
1737
849
129
1934
798
1142
129
2166
1737
89
635
1585
1274
869
1923
2539
1776
2539
2382
2539
509
869
2439
2166
1208
1489
1876
1002
329
1200
1585
49
2052
701
1155
1351
1787
1240
2382
233
635
2539
798
149
2233
2404
2382
2539
873
780
2410
720
1489
873
780
565
2166
233
635
2539
798
1489
2551
1240
2491
537
869
983
89
869
1094
869
2069
1449
595
577
1018
677
135
1937
1606
1126
1126
1540
1626
1847
948
798
1847
948
2012
2012
1116
983
1202
1373
1348
798
1202
798
2054
2303
1538
1351
1351
2551
351
2201
1351
639
2508
2541
64
1209
64
1248
701
946
2356
1248
2465
1437
458
351
1207
1415
1311
1124
2492
64
2356
32
2492
1565
912
1792
2052
524
1876
421
2523
2193
922
1323
1391
1310
662
1138
1494
1037
1351
2395
371
779
2190
2277
774
179
1523
1346
1415
2039
2523
421
2510
408
2234
2478
2293
1850
1664
1743
33
2360
2517
1546
983
2197
2069
1155
2143
2166
2523
988
408
1876
98
1664
1141
2052
2052
1696
1236
901
1986
620
2332
1116
2463
919
869
1353
1427
1236
1785
137
1945
1391
714
954
2405
1904
767
268
2523
1236
1421
1930
767
1132
2203
2021
421
2069
1565
168
1503
2054
512
2551
168
366
30
2551
1391
2523
2492
2510
512
2551
1391
1282
1399
2551
788
1921
2453
2309
154
1544
916
2492
2478
788
1683
2166
30
2136
2254
2549
157
680
1077
1538
2551
788
2024
2523
1488
207
2350
2445
800
800
2523
1115
324
1207
1881
2481
781
689
1937
1843
1138
725
2472
2295
2069
351
421
2006
51
2052
1539
1565
927
1055
2460
767
135
677
767
352
1308
589
943
767
1391
1353
801
2451
351
2433
166
801
130
1510
983
367
2523
2284
1241
460
428
351
51
489
767
1559
2174
1106
2334
1426
2286
1679
2142
801
322
1333
767
1559
1980
257
1980
2104
2358
1787
2167
14
2358
1904
746
1351
1351
1351
1904
2358
2167
1980
51
421
2430
1565
1044
2050
51
2006
1904
421
1822
2404
1626
2156
2408
1270
1847
1626
798
402
377
2358
1801
1904
767
1801
1319
1904
767
2012
2483
1626
2012
630
808
1319
1801
154
2483
2508
788
1128
1904
2483
689
2508
1391
1391
1313
1904
1187
788
2483
2485
2551
2492
1221
2166
2164
1904
767
379
2522
1904
2505
1404
1333
1535
1535
1670
754
1333
2383
2465
273
1670
1333
353
2054
692
1124
985
2383
2161
1792
1348
157
2351
2039
2063
1717
2303
1747
930
1732
2092
930
2321
488
2050
2470
1319
798
1123
983
164
923
237
2069
1564
1888
1897
2104
2050
1888
1897
1208
1689
486
1670
399
2538
1048
2052
930
699
1111
562
2480
225
2510
2523
2167
14
544
47
701
2167
930
2002
1670
2117
2250
2193
1564
2052
340
1129
2115
2438
2167
348
1564
1049
46
2117
107
2480
2103
1864
2090
288
729
1181
930
1342
1333
1421
1587
107
1260
1208
849
1260
2132
1564
2039
1231
1031
1525
1587
1183
1031
2103
2480
1107
2523
146
2117
1564
930
2103
1333
701
94
1129
1785
701
2523
593
187
1371
94
2278
832
532
1587
1565
1351
701
1666
320
2480
2039
2115
2438
2167
348
1141
2516
1564
172
2069
59
2069
1448
1803
1325
1888
599
421
2445
2316
225
1565
278
544
2350
1729
226
578
544
225
225
2311
1164
1292
1014
2510
981
1181
812
1937
2069
212
2063
1793
1587
819
1323
1937
1579
1395
2063
2174
2340
110
965
59
1236
1456
2328
1534
1507
701
819
1129
1410
2278
1785
1937
2069
2161
14
1181
425
1037
899
841
899
14
563
819
2508
1391
2303
2049
391
2174
2012
2012
841
2012
1138
2303
1114
2541
819
2508
1391
2303
1114
2303
2402
2303
1587
2049
2303
1587
2049
2303
1587
2049
2303
2303
2049
1138
395
2036
1891
1891
1274
1351
1891
1838
469
2256
1494
1793
1351
2256
1494
1793
2063
58
2256
1494
1793
1351
2256
1494
1793
2063
2303
1538
1351
2303
1538
1351
2303
175
2303
175
2303
1538
1351
1293
2303
1538
1293
2303
1538
1351
1293
2303
1114
49
1891
1385
2012
1838
94
1698
798
2209
684
1550
2278
274
1937
1209
2063
2012
844
1181
1701
1891
1181
89
2432
1565
1351
1236
1793
2063
1659
2069
714
469
2069
59
639
1891
1838
1891
1838
1351
844
1891
1838
2063
1800
1351
836
2249
2303
1074
1342
59
139
1264
1174
248
139
1346
1523
2166
139
620
2112
1562
315
342
2523
2146
677
315
1306
2523
2146
2112
1407
1500
2112
677
1306
1303
2112
593
1407
2551
2492
885
2286
1049
1407
2112
2523
1765
2112
1611
174
2315
1303
2112
2516
1282
1407
565
677
2112
492
1407
2153
1885
857
2090
1933
174
720
2146
1407
2112
597
2112
1274
2538
2112
692
2350
2445
2146
593
680
174
2112
1372
1811
1049
2523
1372
1306
1431
63
1611
677
2112
1743
2315
1407
709
174
2523
778
2112
1824
1564
2052
1419
983
130
677
2090
24
684
1611
677
1346
983
723
1169
1273
2523
130
174
1377
508
1333
1565
139
1147
2510
2551
2002
2492
2012
844
1401
2112
1448
677
1533
2167
677
1407
2039
460
2002
930
2069
1014
360
2339
2052
930
319
146
2277
774
1840
1263
1014
930
930
1268
930
125
237
2100
1141
1660
1874
597
1344
1333
362
2292
1857
1035
1564
1136
47
1200
554
2167
1660
1874
2167
2167
1660
1874
2167
2167
1660
1874
2167
2167
1660
1874
2167
2167
1660
1874
2167
2167
1660
1874
2167
2167
1660
1892
2167
2167
1660
1892
2167
2167
1660
1874
2167
2167
1660
1874
2167
2167
1660
1874
2167
2167
1660
1874
362
2167
2167
1660
1892
2167
2167
1660
1892
2167
2167
1660
1892
2167
2167
1660
1892
362
2167
63
554
1200
554
362
50
554
1268
362
2039
2002
842
2299
1565
930
1344
1843
1200
288
1421
1344
1172
1874
1874
2166
2063
2526
2303
784
2526
926
2063
2526
2303
784
2526
926
351
1323
497
107
1792
1427
1351
1999
701
1865
819
2286
1677
340
1196
224
1628
1099
2194
558
701
1565
965
1664
420
1351
2088
1351
1694
1813
1341
1579
1138
972
1694
1694
1764
886
2395
1376
2166
2398
786
1858
2303
524
1017
2167
819
2167
2260
2523
1014
1923
746
1660
2052
2069
1099
798
414
2069
837
2145
1763
1544
1183
1408
1763
1544
1888
1763
377
1763
377
2240
1893
2510
1587
1763
377
845
1660
2072
1348
1840
1373
2470
1351
2166
2063
1763
154
2240
896
1274
2551
402
899
593
2068
1611
899
593
899
593
899
916
552
1037
1763
154
2288
593
899
2278
2551
81
1763
1544
2167
1611
593
899
2531
1423
552
1763
154
948
1900
460
408
1494
916
1293
2404
1407
870
899
1763
154
2278
1565
916
35
593
899
2281
916
552
1037
1763
154
1763
154
1565
916
35
1763
154
1725
2146
1494
1825
812
798
2256
1494
1351
2256
1494
1351
2256
1494
1793
1351
1494
2303
1538
1351
2303
1538
1351
1626
2303
1626
1626
752
832
1876
2069
1858
2303
2523
2167
2260
2199
1423
593
899
2523
1014
1540
1843
2286
2111
1401
2344
172
1535
2223
2167
351
1670
983
1380
1292
172
946
1670
2303
172
73
1273
2472
2286
172
226
2052
2332
2161
2012
798
2088
1597
2088
2395
284
798
2281
2395
2012
1042
2395
2288
1921
565
2395
2311
460
460
1968
553
2303
798
2012
798
1351
1187
848
2395
196
553
1012
227
2088
542
1213
2405
1116
2492
1006
798
1758
1351
2012
606
1488
1525
2088
717
798
257
1895
2303
798
2088
717
2012
2012
2523
1653
2088
717
1494
2538
1565
589
2256
1494
1351
2538
1565
2321
1264
1249
1494
1351
1351
1799
1258
2414
617
2538
2256
1494
1351
2523
1494
1351
2523
1437
1421
1351
2376
798
2523
1849
2088
717
2303
798
798
1200
310
2088
717
798
2523
2333
1763
2190
2227
1264
2166
1621
2523
1264
465
1017
491
1017
198
2150
2439
2472
1891
565
49
1095
817
1802
2404
561
1891
49
1346
1017
2166
719
1346
2544
1723
2227
1264
2523
2218
1621
1264
1014
2234
360
606
1807
926
1876
1351
2526
2303
784
926
346
1234
1351
2526
2303
784
926
904
2039
1888
988
2069
421
1744
2167
992
869
2167
342
1077
1744
2551
364
2341
774
1463
2167
1010
1010
1010
1391
2167
1463
154
2508
2551
2523
697
537
1437
1346
844
2477
606
1192
1351
207
2551
2050
108
2523
491
2142
1391
1617
695
145
2082
1207
2069
342
1077
1744
1463
565
165
154
1565
1538
2142
1391
165
1391
2203
689
2166
392
1843
1624
154
2095
2551
2382
2341
2551
906
1930
123
2523
123
1391
848
2095
2551
516
907
1040
2303
1310
207
1391
1391
64
2290
2290
2290
207
1391
1391
64
1158
869
2290
2290
2290
1927
2052
524
2551
2161
2505
2161
558
999
2523
310
1463
1587
214
2456
1523
1565
1408
1565
1158
2421
1268
1511
701
561
2012
2030
1391
2456
491
1192
798
606
779
1187
1391
2392
2142
563
1391
1268
873
780
2382
2357
1273
1611
1463
2404
1014
2521
2404
1463
2303
1463
89
1855
1840
377
130
1310
2428
2012
798
2186
1391
249
334
606
1742
701
501
2364
125
1927
1927
991
2069
819
2457
421
2491
947
819
479
2069
2039
1419
479
1785
698
479
819
486
1785
2523
479
2052
1774
154
1565
1587
2030
1565
64
1595
1587
1427
2461
64
1587
575
1587
1170
1776
64
819
1776
701
1358
486
754
971
460
901
1832
2069
1170
1587
918
2167
158
2371
1351
701
1209
1351
701
926
1785
1570
2069
1351
2303
549
2340
14
1112
2022
642
23
322
1544
1570
719
937
2351
2504
486
274
937
1597
47
2495
581
719
875
2523
367
1112
237
825
954
2129
429
47
14
1112
680
2523
1565
1223
1858
1660
581
2495
581
719
875
2523
2495
581
2523
1890
838
225
1149
2017
875
1273
383
2465
1112
2495
2297
1421
1930
2021
1421
2189
581
719
875
1930
568
35
565
35
2167
2012
568
2167
2523
60
1473
1570
2383
60
1473
158
1437
568
1210
1742
2184
2053
873
983
312
2052
2523
417
1421
2261
1391
1570
2069
1907
728
568
1978
1898
2069
2523
59
2166
2338
408
2511
1385
2138
2153
1099
1264
1264
2012
1264
2012
1264
2496
1264
2496
1264
2039
2260
2516
2167
1858
845
641
2167
1815
2198
1700
901
597
1527
1562
721
2039
1930
568
35
677
35
1565
1410
1419
1565
207
2166
492
1930
568
1930
568
2335
832
1248
2069
2021
149
2511
1421
1236
1997
729
873
1742
394
2402
1838
1323
1351
2395
2088
845
1997
2383
1544
563
14
760
1351
2231
1858
995
2303
2002
1419
2167
2303
1351
568
2167
2523
2283
328
2039
2286
683
1014
47
2454
1564
90
2069
1658
1421
1876
1792
956
2136
1296
2552
1543
1748
251
1696
565
2485
1564
2052
296
2166
1155
59
2277
1151
774
819
2024
2462
919
1155
993
1232
2146
277
1811
2309
2506
2417
586
895
274
1200
1736
1325
2277
774
727
2261
1155
764
2017
1633
624
1889
421
2446
1876
126
24
1236
1587
1421
282
1155
371
2510
2523
120
1876
2069
1564
2069
1696
565
2063
1494
1747
1155
2554
1274
2164
1196
2523
2533
2404
617
1196
2383
2338
1118
613
2261
2533
2404
1169
2039
2510
1155
2358
2404
159
2284
1666
2462
835
2383
492
968
2383
2170
2552
1099
1328
1559
999
484
2161
1937
1167
558
999
1523
798
1408
610
2012
2523
1014
105
77
417
1570
918
918
844
1071
577
2430
918
2043
577
1009
2138
114
2430
2157
832
823
2523
175
1114
1618
577
107
1391
2416
2301
1567
823
1292
565
919
2463
161
838
577
935
2463
2301
428
691
2427
1099
2242
1498
2198
673
30
764
739
1490
14
1351
2303
315
2524
2524
2306
24
1099
1620
689
577
1429
577
819
745
843
1792
1997
729
1351
873
800
2508
2052
669
1762
2167
2257
2033
288
918
698
2335
1429
2257
577
1371
1058
2052
2014
2069
425
2024
1114
362
730
614
1251
985
2012
1058
1891
2012
992
225
2536
2086
2167
1049
2316
992
1660
385
2523
357
1421
340
2277
774
2545
2316
1540
1544
841
2167
2202
1930
2481
577
1480
2031
2054
815
1431
2510
2031
2167
614
563
577
1155
537
1930
2143
1498
2523
1930
148
1236
537
2445
1167
1937
1695
999
1836
1836
815
1782
2285
815
1567
1555
968
469
2233
2463
815
917
1003
2365
2333
2523
1333
1114
1339
1351
2303
784
1734
841
2303
577
1567
761
907
1213
629
277
2357
1014
503
930
1014
2445
2394
1888
1897
820
296
1017
1035
2166
2332
1014
1040
1264
1628
918
812
1565
188
728
911
1611
1832
1717
285
1876
1207
460
1535
2167
1310
1783
1930
992
191
1550
33
819
2177
566
97
1377
926
2063
1832
1565
677
835
552
1310
1759
96
1480
1303
677
2049
391
391
783
81
617
1310
2551
1391
114
1303
677
2049
35
1683
1565
2146
1310
1759
2551
788
114
1310
1792
635
2551
1786
1870
1351
1821
2496
2256
701
2189
1066
97
351
1310
563
1077
2052
1897
2167
1782
1236
899
2504
1649
565
2492
677
2539
992
1745
992
2438
930
2481
1410
1264
614
2303
841
2303
1817
248
1930
227
64
431
1196
872
1594
2242
1564
2104
1351
2303
784
1734
2524
1384
1864
350
14
2052
551
1964
2303
2524
1264
2303
1264
1264
1155
2303
1003
1539
2117
1293
2551
2485
1155
2069
1690
391
1670
494
776
1421
552
1891
2335
1891
918
1565
2012
2117
2390
2551
815
23
1811
47
91
391
494
2363
943
342
2233
2325
2523
2003
1297
23
297
1930
1421
2551
815
2117
1293
2303
2404
331
815
2288
233
1500
1891
943
2012
1276
1579
1421
1200
819
872
1891
943
2012
1058
469
1293
2439
2117
1293
1930
1421
2551
815
2117
1293
872
2390
968
2551
2233
421
1876
411
2104
1526
2430
1468
2443
1567
1581
1448
1046
1526
2523
1467
1567
2052
1876
832
1876
1913
2465
1179
1670
2523
486
542
1673
1313
2012
2167
2064
1443
408
1673
2523
597
1729
2069
1716
408
614
597
1014
486
696
2069
1474
2480
2549
701
812
2064
1325
1857
1082
2549
1776
1664
1049
1196
840
1379
193
342
2523
360
2112
701
342
775
696
1465
2523
2069
1377
1243
832
2318
1293
2286
1828
1809
1664
1977
556
351
1352
1861
303
1196
1002
868
2165
2012
1264
691
2222
780
2012
2167
1325
879
1819
1544
14
1544
614
2064
2064
2469
2064
1666
2064
1666
2064
303
798
2523
2165
2012
2167
1535
879
1819
1544
14
1544
614
2064
2064
2469
2064
2064
1666
2064
1666
725
348
574
1986
1323
1897
2069
2069
2052
1796
2523
90
1014
2234
2069
650
1564
983
2165
1809
798
798
134
2523
762
1298
2408
234
819
2523
1509
872
1313
844
1419
1391
1187
1196
1146
2404
2383
455
1209
1077
2450
1196
812
701
1980
2523
1674
2012
872
2419
680
2104
2404
1112
2050
932
469
563
873
563
1077
1610
873
322
1792
1565
1196
33
1479
2335
701
692
714
1757
486
1980
1419
49
2108
1111
1590
2286
1158
2538
2463
563
873
2286
1429
1876
2523
2104
2523
2104
2167
14
1391
1660
951
1660
322
951
1391
2167
2167
14
1391
1660
951
1660
951
322
951
1391
2167
1040
1595
563
873
1382
2539
1660
844
2166
1817
114
554
1746
1081
2178
999
561
89
93
565
1888
1049
679
1479
563
873
1419
1099
49
2052
2014
351
2351
1040
1547
1876
1734
1305
844
2378
1070
2047
2263
181
1451
34
375
1264
580
216
1126
795
2111
2111
2457
460
945
1126
216
1371
1264
1371
918
1264
882
1371
918
1264
882
491
1371
1092
848
216
107
1033
1033
216
1660
1544
798
1190
1457
1264
2064
596
2143
596
2457
1768
1033
1632
2050
1264
1509
409
2319
1705
2320
800
2480
770
1126
795
2111
1070
2052
2510
1158
2545
1621
2538
596
2059
552
2256
14
615
1264
2416
2256
14
1110
615
1264
926
445
2543
2332
714
2538
819
105
2256
558
1264
1034
1110
492
819
1333
714
2167
2332
2251
1824
141
2256
558
819
954
2523
2311
1228
1585
819
340
532
348
965
421
819
701
794
1558
2074
2251
701
680
954
369
2463
798
2341
2286
289
1111
2539
1539
486
2167
1666
1352
1352
2167
486
2167
2303
656
1
1391
1391
1391
1
1391
1391
1391
1666
1547
1391
869
1587
1391
1391
1587
64
2167
486
2167
656
1307
2290
2290
722
722
722
722
2167
1333
1419
486
2465
1894
1621
340
2350
202
77
340
1143
1979
1488
1111
1734
661
77
1659
913
2039
593
843
2523
206
2184
490
1647
107
1979
1373
1866
1756
99
1012
1336
752
2551
2286
2428
2039
340
2257
1539
460
191
490
1169
110
490
64
2523
680
107
1785
2069
1564
2340
346
1419
834
126
1673
1169
490
64
1626
1979
2461
819
1014
486
999
2523
2161
999
1579
2351
77
286
1292
1090
1248
1885
2039
126
1111
1005
168
2166
98
490
107
895
1125
1111
2167
1858
541
752
2551
2286
2428
1419
486
2465
1894
1621
340
2350
202
2166
2233
2418
1342
2166
1906
1143
1040
107
126
1111
2428
2419
1594
1759
973
490
1111
164
1759
1734
1564
2298
486
930
832
2038
2069
126
1572
125
1858
2288
2285
565
2063
2303
2285
1858
2288
2285
565
2063
2303
2285
1858
2285
565
2063
2303
2285
549
2137
1200
2332
2523
317
2285
565
2526
2384
1523
2526
2285
2063
346
2523
2394
1054
2340
930
2063
2303
2285
930
1293
2285
565
926
904
1734
1234
926
1391
2281
926
2457
549
2137
1200
2332
1858
2285
565
2063
2303
2285
549
2137
1200
2332
2523
317
2285
565
2526
2384
1523
2526
2285
2063
904
2523
2394
1054
2340
930
2063
2303
2285
930
1293
2285
565
926
904
1734
1234
926
1391
2281
926
2457
549
2137
1200
2332
1858
2288
2285
565
2063
2303
2285
1858
2285
565
2063
2303
2285
549
2137
1200
2332
2523
317
2285
565
2526
2384
1523
2526
2285
2063
346
2523
2394
1054
2340
930
2063
2303
2285
930
1293
2285
565
926
904
1734
1234
926
1391
2281
926
2457
549
2137
1200
2332
2481
1680
2167
47
1841
1478
1663
2300
1891
2012
639
1611
2404
47
2404
1672
1672
1663
1660
844
1323
492
639
495
2404
1891
1431
2039
421
939
78
2063
1717
2303
1747
2052
2002
939
1410
919
1350
919
1410
2523
1727
1410
1876
364
2286
697
728
2167
2316
2426
16
2474
2277
774
362
1014
540
1565
1616
614
1140
1389
2316
23
565
534
992
1421
68
680
154
1698
1556
2350
68
680
2242
540
1565
68
1870
2286
1183
1746
1448
579
2167
563
64
2371
1351
2167
679
2371
2523
1587
64
1421
1421
2059
656
563
64
2371
357
154
135
1888
1419
1476
2167
47
2039
2052
930
125
2340
1930
1075
537
1465
1930
85
2059
1670
415
1858
728
2059
228
1309
2052
237
431
90
2039
486
930
1987
2167
1876
2491
309
2523
2257
1351
2059
1619
2404
2404
1660
189
309
1351
2059
1619
2404
2404
1660
189
727
2404
1660
189
1333
105
443
2523
1488
552
1891
2350
552
1689
2166
639
1502
2404
35
135
2383
2110
1930
2383
1930
2383
2383
1544
2383
135
1377
1893
2500
930
2523
2069
59
443
794
2039
335
930
1671
125
2278
2090
609
1811
2278
368
1858
2523
2276
1611
564
2250
2167
564
2021
2167
1377
735
599
2523
90
2069
533
2052
2445
1564
2290
564
2404
901
844
599
2166
1018
469
2052
2039
1535
2069
2343
841
277
798
480
983
480
835
1469
2203
139
1351
798
139
591
2025
2088
1372
1544
2357
1643
843
394
564
2166
382
1657
392
930
798
564
1014
486
2388
701
2061
421
930
10
2052
1316
943
2012
1544
2303
2303
1138
1825
152
1529
235
1437
2064
1351
2303
2303
1500
2303
2303
2303
2303
2303
2303
14
154
154
1687
154
154
154
1791
154
1369
154
1369
1626
1626
291
899
1626
899
2303
943
798
1544
1183
1888
1908
1187
2012
1544
943
1565
563
1611
1183
2039
1853
1559
2505
1888
1565
1502
1562
1559
1047
1980
1559
2496
1559
1559
1014
2439
2286
2039
1014
1017
2439
843
2052
1427
2195
81
798
1792
798
672
93
2551
2246
1187
848
798
2445
2039
1734
2074
2307
1632
2264
2333
1734
1540
2069
794
2052
2039
1937
999
794
1579
1776
360
2055
1937
2052
2445
421
1275
1876
426
1035
680
1963
491
2154
2166
163
864
351
272
351
1642
776
1502
812
1187
929
873
491
812
1181
1123
1351
1904
1123
1351
835
1123
1351
1904
1123
1351
2303
1912
1351
2303
1181
2524
1351
1351
2303
1351
1181
1351
1904
1123
1351
1904
1123
1319
1123
1351
2303
1351
2303
1980
1351
2303
1181
2524
1351
2303
1980
1181
2524
1351
1904
1763
377
1763
377
1351
2303
1351
1181
1351
2303
1980
1181
1351
2480
951
14
2480
951
1111
563
14
2480
951
14
1587
1587
2064
154
64
1351
154
1632
544
2303
2428
1632
2226
544
606
2226
402
544
1114
1587
2226
544
2303
154
2226
544
154
544
2226
402
544
1114
1632
544
2303
2428
1632
1587
1123
2039
443
1014
1668
930
2039
1377
1298
752
708
465
1668
930
2052
2318
1825
860
1858
1633
1874
135
1407
1399
1874
1407
2287
1858
1430
107
2431
2018
1274
872
2431
2186
1819
1544
1104
334
135
837
2523
1014
2509
47
135
728
135
2363
2383
1598
52
1717
1570
421
2052
354
435
1124
1155
2552
1717
277
1811
435
1220
435
1832
1717
435
2286
895
435
1544
1220
135
1544
969
2363
1125
2383
2193
52
160
435
277
1811
895
2116
1220
918
2333
1876
2473
465
2394
2069
1389
2509
2069
435
1928
1351
2526
2303
784
926
2052
983
407
1267
1031
1455
2419
979
1710
2234
680
1421
2523
728
860
728
76
900
1930
2231
1228
1720
435
1466
435
2364
1565
2442
1096
1985
1220
2523
2523
2332
2383
1097
344
2193
728
135
1564
1273
1104
2523
2104
2104
435
1888
1565
341
1858
1220
575
1078
509
341
877
2334
1744
135
1155
383
465
2445
2052
460
2394
2523
1293
866
2052
183
90
2350
1876
2039
2523
1014
197
2445
2069
2351
2523
47
1014
2533
2179
1570
482
1210
1220
1269
689
2052
1155
2069
1858
1717
277
1968
1841
511
1377
1893
1155
1520
2383
1388
1391
1479
76
900
203
1520
2358
2332
1565
2186
1819
1669
1863
1520
2383
1669
383
1520
2383
1621
2538
233
135
1520
2383
1621
135
651
233
135
2538
1247
1220
1520
2358
2294
2332
435
1520
2358
2145
1043
135
1751
871
1520
2358
1269
135
871
2246
728
1220
728
1220
1540
2358
349
624
1342
541
1540
135
537
2523
1645
1858
401
1985
1544
135
1598
954
2383
907
2523
1431
672
872
1385
983
1431
135
1431
2166
2193
2445
1701
135
602
2350
1343
2383
1544
135
135
443
293
160
435
2445
2128
2523
1102
2041
1104
1898
47
2350
688
348
2117
1858
1030
1220
1155
2033
388
1220
47
1309
728
105
2358
1520
2358
233
1196
2358
1500
175
1565
135
2033
1824
1309
860
728
2143
1220
2523
2091
444
895
2196
1104
1855
1251
1873
2225
1080
843
1905
2117
2523
1333
1824
227
435
798
1710
367
1933
1104
983
1981
2523
1233
524
701
1540
135
2523
419
2383
2523
983
1431
2052
2370
959
135
2533
1269
667
1565
135
1565
1565
141
135
2031
650
341
1686
509
633
107
2075
649
1220
1209
1701
435
1141
2333
1049
435
1426
2523
1295
907
860
234
2069
384
1295
388
2362
2303
135
2069
2523
135
1684
2358
135
1684
2358
1858
2523
923
1220
1565
1431
2396
2192
633
701
2011
2104
1104
1220
247
918
1220
453
160
435
1876
2069
348
1220
2523
984
2117
2250
2523
2090
482
2268
435
1001
565
1564
1273
734
469
2246
816
1997
2383
2231
805
699
1391
918
340
1316
1236
1997
2383
2203
1817
2480
1670
492
2225
421
2069
2231
2358
409
1585
2364
575
89
844
1481
1793
145
983
1888
1481
1997
2383
2231
1997
2383
1792
2523
2283
2510
1114
1337
565
2444
1316
1114
966
1550
2039
803
816
145
2444
1401
1930
1997
2383
816
2315
1200
2132
105
816
1401
1391
1391
1793
145
451
1391
1997
2383
1391
2231
1997
2383
918
1855
1522
2251
145
2234
1930
1391
1997
2383
1650
1391
1793
145
79
1621
248
1114
1040
1391
1793
145
1391
1997
2383
597
2523
1650
1391
1997
2383
2231
1997
2383
1391
1793
145
89
569
2523
1650
294
689
873
431
1565
2364
1014
1040
1391
1793
145
2050
443
89
1096
2052
819
1333
1114
105
1930
1997
2383
2231
873
1237
1391
1391
2231
1997
2383
2104
417
1391
1793
145
65
1200
1391
656
1570
1292
1236
145
1237
1391
1391
2231
1997
2383
89
168
105
736
873
1391
421
926
1351
2526
2303
784
926
125
930
1734
346
346
2069
930
2052
524
2551
843
680
1181
1624
365
1264
691
1196
2523
1759
2033
1825
1930
227
64
431
872
689
1014
2510
939
689
1930
1196
930
2433
2445
2167
2340
1252
1252
1843
1356
1014
381
296
757
1930
2145
207
816
869
720
1930
869
2094
267
819
2239
1726
1116
2430
832
1431
872
1666
1391
1391
1666
869
869
869
869
869
869
1838
2430
2554
869
816
1666
1666
816
2110
816
816
816
2032
816
2032
267
816
267
1205
816
1205
816
1426
1426
816
1426
816
816
2404
1666
1391
1391
1351
565
2404
2404
869
2404
1323
869
1666
1666
1437
908
908
2094
908
1948
908
1666
1666
2032
1666
267
1666
1205
1666
1426
1666
1314
1666
2404
1323
1666
1666
1666
1666
312
1666
1666
554
1666
1666
1426
404
1666
2032
312
1426
1465
1426
1666
1948
404
2094
267
1666
1948
404
2094
1666
2404
1666
1948
404
2094
1666
869
869
267
267
1666
2551
1948
404
2094
816
1666
1666
1666
1666
2032
2032
267
267
2551
2551
680
1426
1426
869
1205
1205
2383
2094
1978
1978
777
2050
908
2094
50
2167
1666
2167
1195
2094
796
2167
869
2167
1341
1169
1666
1948
729
1493
502
1493
1493
502
1666
1493
1040
1699
696
2468
1937
2523
486
563
1391
1579
701
1448
933
14
956
233
1538
114
133
233
1517
1517
2044
1787
563
1391
565
1053
1167
999
2285
565
2063
2303
2285
1785
1623
841
2303
1077
1623
841
2303
1077
445
1666
764
1666
764
445
291
1666
291
1666
2491
565
1298
1014
1129
1293
2285
565
2052
421
2523
1014
2180
609
1017
125
930
904
346
2490
443
1014
1316
1876
2039
549
2052
1091
1540
2516
2167
540
1565
1209
2332
774
1040
1828
460
1564
2039
1409
660
1579
860
1147
907
2449
2428
2387
2329
2332
1507
1824
1155
2428
1620
1785
1015
2557
2242
2332
2167
715
19
2516
1196
2404
2404
2383
2404
2110
175
85
1196
2383
2404
2404
544
2332
107
1333
2383
2383
869
2167
2432
141
1808
2306
1579
486
469
1196
696
42
544
819
149
994
2404
762
1564
2523
1952
1014
443
2523
1014
1323
606
1192
2446
2069
59
1014
1801
135
73
656
2551
2551
795
2551
795
154
596
1319
866
173
2064
1258
30
2456
2425
798
2064
64
173
1321
544
173
1220
1321
544
1220
1321
544
798
1763
14
2059
1660
1660
1200
1763
2059
14
1200
2059
684
684
1763
2059
684
684
1660
1660
2303
1538
719
1960
719
1960
1621
872
1621
1319
948
866
173
173
173
948
866
1978
173
173
2231
866
866
1978
2167
2303
1114
2516
173
948
957
1319
2551
2551
606
1192
2012
563
1155
2167
2012
2164
1923
1391
2322
1901
1931
1276
2369
2167
901
1904
767
1187
1391
2322
1901
2541
2167
2012
266
594
421
277
317
425
14
2161
926
1876
1351
2303
1734
1351
2303
1234
1351
2303
1234
1351
2303
1234
421
926
1351
2303
77
1395
126
2523
2061
1255
1264
1792
2167
794
1800
855
2104
2033
2002
1303
61
1378
1594
2039
930
1876
2069
1824
1844
1828
1325
1135
2348
2395
766
2523
61
1378
1759
2491
47
558
999
2167
701
2069
2020
1876
2069
1125
950
477
1216
1718
477
838
1956
875
1140
471
1718
1660
1216
2333
1209
1718
1216
477
838
1956
2166
856
275
367
1937
2167
2167
2303
135
1470
291
2496
2496
14
615
47
1164
2166
2383
1196
1937
2154
1997
1666
1937
2154
1997
14
1264
1341
2154
1351
1470
2064
2064
1997
2383
1544
14
1997
2154
1937
2463
2383
1500
2463
2166
2463
2523
841
2154
1211
2516
2556
2382
1570
841
1666
1544
1470
14
1666
1666
1937
2154
1997
1437
1544
1470
14
2383
2154
1666
1666
1937
2154
1997
1437
2167
2039
2069
1876
1748
2039
1774
999
1333
2550
550
656
1685
396
460
692
460
1264
2524
89
2231
2071
1264
2104
396
460
2524
2491
1774
2182
2102
1843
46
2428
1377
1014
43
2104
2491
1876
1351
2526
2303
784
926
346
1234
1351
2526
2303
784
926
346
460
1670
999
2420
537
2261
794
2524
460
1264
2039
1214
2524
2097
1751
1231
1862
999
819
1751
1333
460
1264
1167
2097
1615
1181
867
1858
923
460
396
1379
1255
460
1632
14
1876
536
939
754
1462
2286
2006
1624
1292
2052
430
1069
1488
794
2428
775
2286
1879
2277
1271
2003
2428
2523
2523
2061
1714
2042
2002
1391
565
1421
1874
569
1621
2042
2042
2404
2486
1193
590
540
2474
614
1200
138
1208
13
2050
1271
584
2167
1585
2132
1585
138
1208
849
2284
138
2480
47
2445
1014
988
507
2546
2050
2303
1792
2326
105
1579
492
492
369
2556
822
569
2234
27
2303
1114
1391
2002
569
1218
1611
2303
107
1666
1666
1666
1391
2472
475
45
606
1006
27
2404
105
2480
1019
565
2463
614
2167
316
51
680
258
2167
869
869
1391
569
2021
1391
569
2021
869
2167
926
1876
1351
2303
1734
1351
2303
1234
1351
2303
1181
2161
2303
322
1674
2383
2303
780
680
1172
1290
2383
1421
2167
1274
1209
692
322
1172
2167
1970
1660
1970
2167
2408
14
2383
1660
2544
1279
1209
2167
1216
1666
2167
2472
2167
544
1666
1391
544
1391
544
544
1666
1391
544
277
1391
277
544
544
544
2167
714
2383
2167
1660
1666
1666
1666
2167
1660
1209
2167
14
1660
1172
322
1660
2383
1666
1172
322
1660
872
2383
2167
2167
14
1660
1172
322
1660
1172
322
1660
1200
2383
1666
1172
322
322
1660
2383
1666
1172
322
1660
872
2383
2167
1096
2039
1377
397
695
77
2069
1798
1096
2523
59
1293
146
2166
270
2220
1422
2182
130
130
2478
1346
1905
1466
130
1346
2370
2445
2283
266
2351
1346
899
1528
2052
1571
2257
2445
929
521
1447
943
1413
1413
1126
1413
1126
1888
899
2148
1717
2331
1264
1099
2343
1677
1715
649
1264
696
2331
1958
2069
2491
1248
1346
2525
1346
1351
848
491
2457
1517
1926
929
1580
1677
1311
942
1419
458
2006
2069
819
2005
1264
2005
2002
1264
450
2055
2005
2218
450
1264
450
703
1419
2314
2523
1618
2261
2523
680
1541
1713
991
1422
1351
2541
701
2167
1303
1293
870
207
408
954
2062
1351
2081
2234
1759
1594
1346
1770
1351
1346
521
1733
1351
1480
2523
1422
39
207
870
2069
1014
1734
2052
1565
1158
596
1429
942
1888
459
2069
942
1099
1413
1580
1264
2171
1264
153
1413
942
1264
1565
167
365
248
1888
459
2069
1837
942
1888
1113
1540
1099
153
2361
1100
1099
1919
2195
138
277
2031
2052
2491
2039
2052
1571
1049
1734
2523
408
334
2523
1852
1626
1346
408
1734
2523
1333
1103
2052
443
1351
2166
701
2164
2255
284
2283
1419
1734
794
794
723
1511
1346
1579
2523
1192
671
1351
1169
701
1939
2031
1351
701
2491
2039
1734
2069
2255
1346
560
284
1346
1724
680
1912
1893
2234
2255
1346
560
284
2382
1346
1724
2491
1908
2069
1413
447
1511
701
701
61
1930
2069
929
392
1871
701
1670
2255
324
238
929
1580
1419
2314
819
1401
701
680
1912
1893
701
1861
680
1285
1912
1523
701
2274
2427
1888
1017
1333
1912
1893
2491
2039
443
406
1805
1507
2069
1333
1713
1840
596
2523
1330
1713
1923
701
2200
90
2050
295
2513
1017
754
2193
2052
930
701
1421
1146
1054
425
1346
1465
2012
1713
1346
587
798
2167
701
991
1805
1507
2069
701
701
798
1805
2012
1731
2523
1014
1040
2167
926
105
1346
2446
445
2002
1297
1209
2052
2052
1405
837
2427
1507
2286
1148
340
2217
671
1346
39
701
2069
2242
2090
1351
207
2523
1832
1035
2286
2465
1346
1097
1410
1208
1238
2286
2012
1562
1488
1068
105
1351
1124
1806
1465
2523
1014
2193
1040
391
1626
1351
617
1462
680
23
1999
956
23
1342
1626
1558
1805
1346
1523
1273
90
408
2069
2523
1192
2182
408
277
2052
2257
1055
942
2171
2039
1783
1626
105
2491
1797
2551
723
1114
65
873
2523
2404
2002
1407
2551
1786
69
145
2444
680
873
2351
177
738
714
873
680
1114
2351
1015
1666
1666
1015
1666
145
1437
351
2551
873
145
2551
1786
723
1114
2551
2551
656
1666
1660
2457
1437
1236
2457
873
1660
1660
2457
656
1666
1660
2457
1437
692
2457
873
1660
1660
2457
656
1666
1660
1666
1200
2404
2240
1437
1236
873
1660
1660
1200
656
1666
1660
1666
1200
1437
692
873
1660
1660
1200
656
1666
1660
1200
1437
1236
873
1660
1660
1200
656
1666
1660
1200
1437
692
873
1660
1660
1200
135
2059
2551
2059
2049
2153
492
2551
1888
1565
2303
1408
391
1167
812
1626
701
617
2031
839
971
1395
701
2052
2002
2167
175
2551
2167
1932
2523
175
145
1125
815
2446
145
1803
2390
787
1377
2260
2444
2167
83
1147
2234
1083
701
2161
391
999
1014
1083
1606
182
2551
2303
2069
2006
2538
895
1930
873
2444
1888
395
1500
1502
2444
656
656
1982
2357
1888
1751
826
873
2446
832
1500
1502
738
2551
145
69
2351
1015
1666
1666
1015
1666
145
1437
351
2551
873
145
656
480
2050
842
901
2444
2167
2059
2167
1125
2444
1340
1843
145
656
492
145
1930
692
145
1237
145
145
680
351
1876
2069
2315
701
626
1570
873
259
1236
2551
873
1125
2054
815
1876
2551
175
1209
175
2551
2166
2146
2012
1570
2551
145
1093
2303
1538
1351
1932
531
1125
2054
815
2538
2198
625
2012
2523
1014
922
1351
2303
728
1839
145
1237
2138
1237
2012
145
443
1014
794
541
1014
2472
1167
943
701
360
1785
1695
589
2331
832
1293
2052
778
2415
2166
1817
914
1114
1118
2516
175
835
2303
1538
1351
2198
1014
2510
2161
2480
1888
96
764
701
1742
501
96
764
701
1118
798
491
2303
1114
2541
819
2508
1391
1138
1888
2427
1507
999
819
907
1712
1114
1507
999
701
2012
1761
2551
795
2351
1570
873
2039
1236
873
1237
2059
1888
35
1237
2059
2551
835
758
547
835
1419
2059
2551
1695
812
1169
94
1343
1125
145
1125
815
844
30
96
1502
1154
1932
2439
1974
1118
1087
1930
145
1125
815
514
96
30
2523
2135
1155
47
2063
1155
1494
1303
2059
177
1125
2054
815
623
832
1930
145
1303
2059
177
714
105
552
2444
2551
145
2551
873
1930
1114
81
2012
2444
656
656
1982
2357
738
2551
145
1015
1666
1666
1015
1666
145
1437
351
2551
873
145
656
480
2050
2006
1351
2404
296
2153
1502
2306
701
2480
492
2234
714
2551
145
81
743
614
2064
2551
2064
1666
2059
2551
2059
565
2059
2145
2059
2551
2059
2551
1888
2192
1114
2240
671
2012
2551
2404
1135
2350
2039
876
1717
2427
2386
2198
2523
2033
2182
288
1218
2445
1988
2069
1401
130
2415
1114
2012
2161
2167
2069
94
1695
1408
835
1626
701
2161
391
999
701
423
1183
1695
1447
1408
1395
701
2050
1183
1695
141
862
798
701
96
718
701
96
1385
2369
1251
819
2069
30
2551
96
1606
1831
93
1268
2284
604
701
718
2523
1042
714
2551
873
2444
2012
1831
1268
1781
1097
2351
873
626
1562
671
2523
682
2551
2404
2240
1114
692
873
1997
2383
692
873
2457
1236
873
351
2551
873
2457
351
2551
873
1997
2383
1544
351
2551
873
1813
1341
1694
1273
1705
1540
984
628
134
1306
642
340
857
955
1351
1155
1494
291
291
932
2383
291
2496
2496
1930
145
2059
177
145
1084
930
125
1266
357
2063
1494
1747
1155
1038
1410
2074
365
1368
2022
2311
1224
89
1840
2093
930
2513
988
1377
196
711
694
292
1254
22
658
460
735
1017
1677
1427
17
1426
1336
253
930
2063
880
649
1426
2423
1047
1864
1286
1539
1073
1616
1351
47
1073
138
1073
138
2523
1621
552
2167
930
1887
460
923
2339
2155
1845
1888
711
2112
1097
907
443
127
89
1885
2286
2052
1418
1866
2102
2039
1792
47
1069
2332
1155
2523
421
2039
2052
430
1539
1073
1616
1383
2063
1155
1494
794
2496
1494
1616
1073
1616
2063
1494
1747
1155
2523
2251
1040
1085
2523
1776
565
1351
845
1348
138
818
81
1351
315
2314
315
1562
1494
90
2110
1351
845
1348
138
222
1351
845
1348
138
983
789
2286
565
1351
845
1348
138
818
81
540
934
2028
2434
930
876
1824
633
43
1876
2069
98
2167
262
2063
1494
1747
1155
1550
1942
565
1283
1997
1502
2337
1240
2510
2069
1283
1155
2182
2233
1323
1885
2063
1155
1494
794
2496
1494
47
1776
1240
2413
1073
1351
845
1348
138
565
1351
845
1348
138
818
81
1240
787
47
639
90
81
2167
1494
2472
1351
845
1348
138
90
1351
845
1348
138
2167
1861
2351
565
108
712
138
138
527
2075
1763
774
1158
90
2075
47
308
2538
2063
1717
2303
1747
930
2333
1843
701
105
965
1776
1885
819
340
2480
2171
2104
1351
95
787
1348
47
2166
450
835
1240
1073
1351
47
138
565
1351
47
138
2480
818
81
1240
1522
1876
1333
2351
565
1240
2413
1073
1351
845
1348
138
565
1351
845
1348
138
818
81
1240
2442
565
1240
1419
2206
2303
767
135
1465
2303
767
1385
680
1876
346
1876
794
1429
2510
1333
1562
1559
999
482
2401
1586
347
484
551
2052
421
1138
1114
273
1823
136
2541
510
1743
869
1930
1209
425
2541
279
994
1462
540
1565
1309
135
2313
711
2444
401
1114
1778
2431
1515
1104
728
939
1309
728
2541
1114
2499
2234
2069
23
2364
425
1787
2063
2303
1772
2052
2333
1138
2069
533
2069
979
2335
377
2468
1561
125
930
1734
930
125
2052
2500
930
2161
1135
701
701
1346
844
460
798
2012
89
1888
344
267
1200
565
460
1007
1055
518
2069
1206
541
2438
2303
351
927
552
2457
1930
460
535
421
892
563
1116
552
460
535
1155
1224
460
1393
892
1787
834
2023
2333
1351
812
1167
2303
2524
801
892
2303
801
1391
2443
460
2224
1897
2092
1014
720
1069
2039
77
430
2278
1319
2524
2501
720
2166
450
2028
2069
1466
1579
819
1891
2203
1160
671
2404
1891
1579
1319
2524
604
450
1196
333
1891
1786
552
1041
2404
1112
1611
1888
2070
2523
994
2069
1872
2039
983
2203
2228
2404
2404
2049
35
2404
2160
154
544
1891
2440
2203
499
2049
2138
154
544
2126
500
1684
832
2283
1518
1166
2002
2039
2052
2014
2069
351
1717
59
47
1351
2303
784
1734
701
2303
2524
1488
1351
2303
784
1734
701
2303
2524
1397
1351
2303
784
1734
701
1208
2524
1763
1123
14
1049
425
999
421
958
1319
2524
409
1323
2039
2052
701
999
351
167
2551
2064
1209
2551
2064
346
2069
1406
2404
2049
1891
1273
492
983
35
1664
907
2118
2523
1441
408
2404
1891
1385
2523
2366
728
2226
2510
728
154
2226
147
753
1385
724
2174
47
126
1606
320
450
1419
348
2445
1891
2049
1385
1606
47
1565
2465
2524
2246
2049
1611
1891
348
340
360
2069
2523
2069
1637
220
497
107
930
137
701
1820
2332
2523
701
565
2492
2456
2551
844
821
565
2341
1820
2551
2351
77
2523
2283
1876
1624
2523
821
565
2551
1792
869
1391
2492
1820
2368
821
701
2069
2063
2426
622
2498
904
701
2426
622
2459
59
183
1264
2063
2426
622
486
2069
1523
2426
1661
701
1990
1236
2296
869
1521
701
1183
1396
697
2277
334
421
1897
2167
983
1570
746
1660
47
1351
1014
1792
689
565
1129
983
2523
1861
2332
1421
160
1538
2303
1351
1538
227
2523
314
2145
1351
1538
2097
1268
1763
14
456
2403
1565
1763
14
148
590
1023
1763
1544
1881
168
137
1065
1684
1565
1763
14
1811
236
614
1183
1587
680
2135
148
2284
1695
424
1073
1587
64
1385
844
2523
472
1421
1257
1202
963
1052
720
1351
1707
819
1964
1565
1763
14
340
1522
161
2039
2052
2166
2069
787
488
311
1595
1319
1351
2303
784
1734
701
1208
135
1763
1123
14
2167
14
2496
2290
1660
2167
1295
1123
14
2064
1595
983
469
2069
1273
2039
1565
2290
1595
2290
1660
2496
1632
2496
2415
2290
2290
2491
2290
322
2345
2290
1595
2052
1377
2412
2496
2290
2290
2496
1632
2496
1595
1660
2290
1660
844
172
1587
2491
901
1419
334
1564
105
1626
999
2069
549
1734
2033
1811
2052
1040
838
1671
692
1281
1664
2085
1092
1499
1961
1058
2052
1722
2069
929
2011
2058
1564
108
2069
460
2359
1401
979
2404
2064
1477
445
979
2143
2539
1819
1401
1737
492
2064
998
1855
2085
1092
1200
1524
2022
1235
2085
340
1751
1119
50
251
324
2064
689
2069
2085
157
1343
2052
1255
907
2069
832
2283
2069
1413
2052
501
1897
2144
2167
819
1116
820
1219
298
614
1196
2166
2069
518
1358
1292
548
237
2069
2174
503
139
518
2069
1565
1408
2523
1014
1333
696
1705
645
1040
1372
1281
1664
280
305
1565
1540
2434
211
1200
1448
2465
1379
1655
1585
1426
2012
844
798
2012
1840
1208
1840
1208
2215
2484
2316
1664
1351
1562
2461
2444
1660
421
2052
1239
77
2069
787
798
775
1480
2404
544
1238
2446
1619
1802
2064
2240
1962
2548
901
798
775
242
2345
1351
1196
225
901
2539
1421
225
2246
1196
569
1952
1861
2012
1562
1930
2316
472
1564
2061
1562
41
377
2523
2478
1200
1002
1627
2143
2372
1002
1051
1792
2476
106
982
1002
2303
2012
701
1087
1421
1385
1187
1502
1751
1362
2280
1664
1351
207
1181
207
571
2012
2266
565
2524
2443
1421
1362
2280
1181
1351
207
1187
2190
899
701
1437
47
701
1437
794
1169
2303
154
2533
1169
2472
154
2303
2303
2496
2303
2524
1362
2303
2524
2303
2524
1362
2303
2524
47
701
1437
47
701
1437
794
47
701
1437
47
701
1437
794
2303
1349
2190
948
2303
1349
2190
2303
2532
1008
274
948
2303
1349
2190
2303
2532
948
2303
1349
2190
2303
2532
2303
1349
2190
2303
2532
2303
1349
2190
2303
2532
254
1626
254
2303
1349
2190
2303
2532
948
2303
1349
2190
2303
2532
948
2303
1349
2190
2303
2532
948
2303
1349
2190
2303
1349
2190
2190
1626
2190
2303
1349
2190
291
899
1626
899
1138
1347
1187
927
2063
1538
2312
1494
2209
2256
2524
614
1235
1169
2256
2524
135
395
1448
2078
614
2233
1698
14
2303
2238
14
2303
2238
14
2303
2238
2303
2303
2496
2303
2303
2496
2303
2303
2496
1138
1494
2209
2256
2524
614
1235
1169
2256
2524
135
395
1448
2078
614
2233
1698
2256
2524
2209
2256
2524
2209
131
2256
2524
2209
2256
2524
2209
2256
2524
2209
2256
2524
2209
2256
2524
2209
2256
2524
2209
584
619
2256
2524
2209
2256
2524
2209
2256
2524
2209
2256
2524
2209
2256
1494
1793
2063
2256
1494
1793
2063
58
2256
1494
1793
1351
2256
1494
1793
2063
2303
391
2303
2238
2303
391
2303
2238
2303
1317
2023
391
2303
2238
2303
1317
2023
391
2303
2238
2303
1317
2023
391
2303
2238
2303
1317
2023
391
2303
2238
2303
2023
391
2303
2238
14
2303
2238
1138
2256
2524
614
1235
1169
2256
2524
135
395
1448
2078
614
2233
1698
2256
2524
2256
2524
2256
2524
367
2256
2524
2209
367
2256
2524
2209
2256
2524
2209
2256
2524
2209
1138
2256
2524
135
395
1448
2078
614
2233
1698
2256
2524
135
2524
596
2234
1410
2457
907
334
1292
1319
927
927
2124
1319
1319
671
665
1125
322
1666
1565
2533
2023
1666
1319
1450
964
108
1607
1323
135
1165
14
1479
1155
357
485
135
391
943
1763
377
1626
701
93
93
1961
2277
774
2446
135
391
377
14
170
1351
377
2332
93
2287
798
537
1155
1448
331
124
2523
563
1077
391
1627
2508
1323
93
1479
93
563
1391
14
1351
1077
1888
1448
93
14
1479
1491
2095
1502
1448
14
1264
1341
1401
2508
879
565
47
2104
41
677
2174
2316
1540
1862
879
2064
1437
1037
798
1351
2316
1862
696
2377
2377
879
343
2286
1419
334
14
322
680
152
1193
469
1479
154
1193
1395
24
2463
2069
563
1220
563
1077
1220
89
563
1391
1429
1876
2069
2166
2253
2069
460
1293
2166
2388
1502
1069
1474
618
497
107
443
1193
469
1479
650
1565
677
135
99
41
154
467
135
677
1155
1155
1540
819
1890
2167
2332
93
1479
1323
2017
2523
93
1479
453
869
391
93
391
1013
273
93
1479
1604
47
677
93
391
391
182
2472
93
391
342
1565
1640
14
1479
14
14
1264
479
2166
1341
1413
135
93
1479
14
1347
1013
832
331
1058
14
342
1565
677
135
99
41
154
147
2523
47
1351
1077
41
154
1564
2052
2333
248
1264
2166
135
1431
1323
93
1479
2418
2052
876
1621
277
1187
1187
2523
322
2166
1082
351
2303
1302
1351
1980
1310
1351
1980
126
2303
1382
248
1099
1841
820
2069
2214
2437
2303
2012
1174
1565
2404
552
2371
1342
2039
2052
2014
184
2203
1209
1565
2261
899
2296
2431
901
2059
2296
2203
340
1358
1561
966
2523
2203
1858
2059
2296
2523
1876
1792
1244
2052
2079
1431
126
2523
1689
1891
818
1689
450
843
1333
832
130
2059
1031
486
1187
1391
926
1876
1734
2523
2394
2052
2523
2283
1072
2069
2006
2063
1717
2303
1747
943
843
1351
683
2523
291
932
1891
2295
544
544
544
544
544
2472
2039
84
1905
1246
2371
1566
966
46
1342
1824
1647
794
1933
2284
1047
794
596
1292
2064
2064
1158
827
523
225
54
1453
1158
421
1351
2303
1633
1171
1517
1171
1351
2303
1633
1171
1517
1171
2039
1888
2002
1187
1888
832
689
2523
1014
2445
2167
2311
2094
1200
1112
1200
1565
1741
2012
1741
1351
315
523
523
54
2443
630
2524
61
1245
1351
1980
1351
1980
1351
315
523
523
1280
1351
1310
1351
1980
61
1351
1980
1310
61
1351
1980
2407
1351
1980
1351
1980
1310
1351
1310
1351
1351
1980
377
563
1351
1980
563
1351
1310
1351
1980
563
1341
1351
1980
377
61
2064
61
1351
1980
377
1838
1838
477
1351
377
1362
477
2267
2267
1351
315
523
61
2267
61
2267
61
2267
2267
61
2267
61
2267
2267
1060
61
2267
620
61
2267
1060
2267
61
2267
2267
2267
1351
315
523
61
2267
2267
1351
315
523
1718
1351
315
523
64
1351
1310
1351
1310
64
1351
1310
1351
1980
1351
835
64
1351
1310
2063
377
1362
64
1718
2267
1362
1362
1351
315
523
1362
1351
315
523
1362
1362
1362
1362
1351
315
523
1362
1362
1362
118
1362
1351
315
523
1362
1351
1980
1122
1351
1980
1122
1351
1980
1122
118
1362
118
1362
1362
1351
315
523
1362
1351
1578
1362
1362
1362
1351
315
523
1362
1351
2537
1362
1362
1362
1351
315
523
1362
1351
1834
1362
1362
1362
1351
315
523
1362
1351
14
1362
1362
1362
1351
315
523
1362
1351
2537
1362
2267
61
2267
61
2267
61
2267
2267
2267
1351
315
523
61
2267
2267
2267
1351
315
523
61
2267
2267
2267
61
2267
61
2277
1187
2427
2006
2069
1158
1209
154
848
2325
2020
1876
2069
1888
1377
1283
1776
1888
1763
377
1366
1876
2069
1888
639
1611
1777
1763
154
2211
118
943
1181
1888
2002
1187
2551
2069
1550
1187
639
105
2069
391
2167
2311
2094
1200
1112
1200
2524
873
563
565
2445
229
2188
2251
798
491
1502
1187
798
1112
255
1169
1014
2508
391
2167
2311
2524
873
563
1391
1351
1980
1187
1351
1972
2092
1437
1613
1673
1118
1673
138
1437
2524
1437
1264
21
1391
1391
2524
255
1169
1391
1437
2524
1391
1517
1517
1391
1999
1437
2524
1391
1517
1517
1391
1999
1437
1391
1517
1517
1391
1999
1437
1999
1437
1437
49
1437
49
1437
2112
1437
1930
1730
1730
1437
1730
1730
1437
1730
760
1437
1730
760
1437
49
1437
49
1437
49
1437
760
912
35
1437
1437
2059
760
912
35
1437
1357
49
1437
1357
1437
1357
1437
1357
35
1437
912
35
1437
1357
35
1437
1437
1187
1437
1437
2524
1391
2524
255
1169
1517
1437
2524
104
1112
255
1169
1437
1437
2524
1162
35
1666
2064
1437
2524
1437
2524
91
1437
2524
584
1999
1437
2524
1391
1517
1517
1391
1999
1437
2524
1391
1517
1517
1391
1999
1808
606
1192
1437
2524
104
1264
21
1391
1112
255
1169
1391
1437
1437
2524
1162
35
1666
2064
1437
2524
1437
2524
91
1437
2524
584
1999
1437
2524
1391
1517
1517
1391
1999
1437
2524
1391
1517
1517
1391
1999
1437
2524
104
1112
255
1169
1437
1437
2524
1162
35
1666
2064
1437
2524
1437
2524
91
1437
2524
584
1999
1437
2524
1391
1517
1517
1391
1999
1437
2524
77
2445
541
61
1351
1980
377
1351
1980
1351
1980
1351
1310
1351
1980
377
1351
1980
1351
315
523
523
1280
1351
1980
61
1351
1980
1310
61
1351
1980
2407
1351
1980
1310
1351
1310
1351
1310
563
1351
1980
563
1351
1351
1980
563
1341
61
2064
61
2267
2267
1351
315
523
61
2267
61
2267
61
2267
2267
61
2267
61
2267
2267
1060
61
2267
620
61
2267
1060
2267
61
2267
2267
2267
1351
315
523
61
2267
2267
1351
315
523
1718
1351
315
523
64
1351
1310
2063
2174
377
1362
64
1351
1310
1351
1980
1351
835
64
1351
1310
2063
2174
377
1362
64
1718
2267
1362
1362
1351
315
523
1362
1351
315
523
1362
1362
1362
1362
1351
315
523
1362
1362
1362
118
1351
1980
1122
1362
1351
315
523
1362
1351
1980
1122
118
1351
1980
1122
1362
118
1362
1362
1351
315
523
1362
1351
1578
1362
1362
1362
1351
315
523
1362
1351
2537
1362
1362
1362
1351
315
523
1362
1351
1834
1362
1362
1362
1351
315
523
1362
1351
14
1362
1362
1362
1351
315
523
1362
1351
2537
1362
2267
61
2267
61
2267
61
2267
2267
2267
1351
315
523
61
2267
2267
2267
1351
315
523
61
2267
2267
2267
61
2267
61
565
563
1391
1576
1351
563
1576
873
1351
1310
2524
872
1351
315
523
523
1600
2064
1351
315
523
523
1280
552
552
1600
2383
1351
322
1351
1426
1351
2537
1351
1351
1426
1351
1578
1426
1351
380
2078
116
380
380
1494
1327
1158
380
1351
315
523
523
54
2443
630
1209
1158
827
523
225
54
1453
1158
2524
61
565
1187
1391
1017
537
794
2069
2410
1274
1666
220
2069
1294
1030
2311
1540
2383
129
331
1664
1289
2184
2523
2394
293
260
1196
1484
492
2410
24
1664
906
1828
2161
2500
1876
1434
460
639
1054
930
907
943
2167
646
2340
2166
1876
225
348
1750
12
2490
1858
2285
565
2063
2303
2285
593
1181
1481
2523
317
2285
565
2526
2384
1523
2526
2285
2063
2523
2394
1054
2340
930
2063
2303
2285
930
1293
2285
565
926
904
1734
1234
926
1391
2281
926
2167
432
2457
593
1181
1481
2039
125
2285
565
2052
926
1391
619
934
680
696
1391
1377
1391
619
2531
1181
930
125
2281
2052
1858
2288
2285
565
2063
2303
2285
2039
2052
89
1626
2404
1112
1465
2167
291
1666
1955
14
1607
14
1607
1721
14
1607
2167
1303
2307
2012
486
1450
1472
2039
701
1565
175
1705
1502
135
2444
105
1997
2383
199
1264
696
1264
1218
1264
869
1666
1666
145
107
1666
1666
1333
1544
145
1997
2383
565
919
1544
1209
1544
2394
406
873
425
1666
1666
869
1666
1666
816
1666
107
1666
1391
1793
145
2021
2021
872
819
2523
1040
145
1997
2383
2234
1520
2383
1664
1898
435
1520
2358
1520
2383
943
1264
2198
1544
1544
1351
2303
1626
1585
2167
2332
2404
2539
2231
569
2333
1883
2167
907
1997
2383
943
2234
1585
1621
2063
1155
1494
1705
2510
1582
607
2364
2168
1014
2544
683
1342
107
2052
524
1481
2439
1888
639
1209
607
2444
2168
1040
1930
495
1502
2551
1391
1391
1264
869
1391
1391
1997
2383
1544
614
2502
154
1666
2502
154
1265
614
2064
1819
1544
1544
2186
1544
2551
2059
565
565
2064
1666
2064
614
2064
1819
1544
1544
2186
1544
2551
2059
565
565
2064
1666
2064
1336
492
2186
1544
1544
565
906
2404
819
948
2404
2052
214
1544
1830
2332
1544
1520
2358
107
2358
47
2167
14
107
2064
1200
1544
1200
1200
1544
1200
107
544
2064
2303
135
1421
1660
1321
1421
1660
1321
544
2167
1801
1014
105
2249
1014
1040
315
2472
1785
728
135
2103
2091
2138
835
728
135
1819
2186
1544
1544
2167
1819
1544
1544
2186
1544
1544
2167
2234
1658
2069
1565
2133
1220
544
1321
544
1321
544
1321
544
2167
2186
1544
1544
2167
901
597
1017
89
156
1544
2523
1196
1660
1144
2069
1377
460
1626
154
544
849
167
565
1817
2069
2523
998
1269
1565
1861
662
2523
2069
2039
2523
1014
2431
1544
1544
161
1081
965
456
1756
1930
554
14
1200
47
1544
1470
14
1544
1874
1544
1544
2039
2052
669
1888
639
2326
2069
1565
99
2465
1309
213
1220
107
1502
1220
544
1502
2465
544
1562
2444
1502
1321
544
105
1172
351
2255
819
1430
948
1937
975
819
1454
1937
857
2052
2052
524
2551
2283
1705
2364
1040
145
565
2404
701
1565
1997
2383
873
1209
1565
1705
2364
351
565
492
1502
154
544
148
2404
565
2186
614
2064
1819
1544
2186
1544
2551
2059
565
565
2064
1666
2064
2064
869
2502
2064
2064
1014
105
2502
2502
2502
1324
565
2502
614
2064
1819
1544
2186
1544
2551
2059
565
565
2064
1666
2064
2064
869
2502
2064
2064
1014
105
2502
2502
2502
1324
565
2502
948
2404
2240
2286
651
2404
1787
1479
914
873
1819
1502
2164
2190
2303
1114
1963
2166
1391
1479
914
351
2551
2502
584
1997
2383
1544
2052
1236
1997
2383
107
983
2069
59
1705
2364
832
1930
1997
2383
2231
2404
266
167
1520
2358
1069
2025
258
340
2310
2383
930
149
258
955
2383
1863
1579
1876
2383
2166
258
1937
2167
2167
2303
135
1470
291
2496
2496
14
615
47
1164
1565
2551
2351
1997
1937
2154
1997
1666
1937
2154
1997
14
1264
1341
2154
1351
1470
2064
2064
1997
2383
1544
14
1997
2154
1937
2154
1997
1666
1937
2154
1997
14
1264
1341
2154
1351
1470
2064
2064
2154
1937
2463
2383
1500
2463
2166
2463
2523
841
2154
1211
2516
2556
2382
1570
841
1666
1544
1470
14
2383
2154
1666
1666
1937
2154
1997
1544
1470
14
2383
2154
1666
1666
1937
2154
1997
1437
1639
2167
2052
1277
701
2431
1139
1421
225
502
2523
745
2316
1421
172
1745
1273
2523
2544
1351
2303
315
1915
2539
1675
1058
1309
2303
1915
1220
92
1915
1196
2071
997
918
829
918
159
365
2052
2039
983
1565
2059
1207
2069
1231
2417
626
816
1421
2507
47
2523
1931
330
1421
1660
1421
1660
2286
2052
844
983
2277
774
2009
614
895
2316
1017
2417
2069
2523
2383
47
1346
829
172
918
1888
639
99
154
1888
2002
291
2516
1672
269
1672
1888
1502
107
1672
2059
1500
452
2326
1888
1565
117
2286
421
1888
1559
2505
1167
350
14
350
14
484
1111
1220
1319
2496
1410
1319
2059
1410
1319
1763
1410
1111
1915
858
233
1421
2167
1660
729
2021
1666
2167
1611
579
1924
1565
395
2539
504
1478
1421
1240
1138
291
395
275
1595
1660
641
1110
1110
1110
1708
614
1708
614
1708
614
2303
1915
2303
1915
2303
1915
2303
1915
1856
2303
1915
2231
1240
2378
2052
2052
47
701
544
172
918
2252
918
2069
1413
1785
918
2069
2523
2539
2252
569
431
2315
1173
1843
1915
569
126
