CR,CM,time
http://sealytics.github.io/ontologies/release-model#Bug-73288f8d-6a8c-48d9-968c-e3b15c45cc4e,"applied Stephan&apos;s patch.
",1398250556796
http://sealytics.github.io/ontologies/release-model#Bug-19c1cf5a-e5f6-4fdb-9b67-2146619b11d5,Thanks for reporting,1380695706295
http://sealytics.github.io/ontologies/release-model#Bug-c789b4a1-3358-4df7-b1ef-606b18256e4e,"Ah okay yeah I can see the issue.

Will introduce a {{routeId}} in the DSL to use specific for setting the id of the route.",1256552485977
http://sealytics.github.io/ontologies/release-model#Bug-c789b4a1-3358-4df7-b1ef-606b18256e4e,And you want the id {{fileMapping}} to be the route id?,1256552485977
http://sealytics.github.io/ontologies/release-model#Bug-c789b4a1-3358-4df7-b1ef-606b18256e4e,"Moving the id after the from makes the route have that id

{code}
from(&quot;jms:fileIn?transacted=true&quot;)
.id(&quot;fileMapping&quot;)
...
{code}",1256552485977
http://sealytics.github.io/ontologies/release-model#Bug-c789b4a1-3358-4df7-b1ef-606b18256e4e,Found out related things in CAMEL-7786,1256552485977
http://sealytics.github.io/ontologies/release-model#Bug-c789b4a1-3358-4df7-b1ef-606b18256e4e,"Hi with the latest code use the new {{routeId}} in the DSL to set the id of the route.

trunk: 830906.",1256552485977
http://sealytics.github.io/ontologies/release-model#Bug-c789b4a1-3358-4df7-b1ef-606b18256e4e,"Works fine on my end. Can you check this unit test.
http://svn.apache.org/viewvc?rev=829770&amp;view=rev

",1256552485977
http://sealytics.github.io/ontologies/release-model#Bug-c789b4a1-3358-4df7-b1ef-606b18256e4e,"The testcase did work fine at my system, but when i change the RouteBuilder to:
{code}

    @Override
    protected RouteBuilder createRouteBuilder() throws Exception {
        return new RouteBuilder() {
            @Override
            public void configure() throws Exception {
            	
            	onException(IllegalArgumentException.class).handled(true).to(&quot;log:bar&quot;).to(&quot;mock:error&quot;).end();
            	 
                from(&quot;activemq:queue:foo?transacted=true&quot;).id(&quot;myCoolRoute&quot;)
                    .transacted()
                    .choice()
                        .when(body().contains(&quot;Kabom&quot;)).throwException(new IllegalArgumentException(&quot;Damn&quot;))
                    .otherwise()
                        .to(&quot;mock:result&quot;)
                    .end();

            }
        };
    }
{code}

then the test fails ....

-- added code snippets",1256552485977
http://sealytics.github.io/ontologies/release-model#Bug-c789b4a1-3358-4df7-b1ef-606b18256e4e,"But putting .id() before onException makes onException not working correctly
( see the same nabble-Thread )",1256552485977
http://sealytics.github.io/ontologies/release-model#Bug-c789b4a1-3358-4df7-b1ef-606b18256e4e,Closing old resolved issues,1256552485977
http://sealytics.github.io/ontologies/release-model#Bug-c789b4a1-3358-4df7-b1ef-606b18256e4e,"See nabble:
http://www.nabble.com/RouteBuilder%3A-Problems-with-onException-and-id-td26024958.html",1256552485977
http://sealytics.github.io/ontologies/release-model#Bug-e346e8c6-3c7a-4b44-8984-22ef482efd49,afaik camel uses slf4j which will not call toString unless it is neccessary: http://www.slf4j.org/faq.html#logging_performance,1397669068739
http://sealytics.github.io/ontologies/release-model#Bug-e346e8c6-3c7a-4b44-8984-22ef482efd49,A screenshot of the JProfile session during which we found the issue. We were receiving 100000 events and the onMessage method was invoked 100000 times.,1397669068739
http://sealytics.github.io/ontologies/release-model#Bug-e346e8c6-3c7a-4b44-8984-22ef482efd49,"David, that turned out to be true. However I spent tons of time debugging and profiling without noticing that Camel was using the wrong log4j configuration.

I am closing the defect and heading to to find a proper combination of a rock and a hard place.

I apologize for the false alarm.",1397669068739
http://sealytics.github.io/ontologies/release-model#Bug-e346e8c6-3c7a-4b44-8984-22ef482efd49,"The logger works as expected and indeed checks the log level before calling toString() of the arguments. The problem in my case was that I thought I had set up the correct log level in the correct log4j configuration file, but I had not used the wrong file.

Again - deeply sorry.",1397669068739
http://sealytics.github.io/ontologies/release-model#Bug-bb1fa580-d365-45f4-8254-48bfb868d29e,"Applied patch into camel master, camel-2.13.x and camel-2.12.x with thanks to Andreas. ",1396991584637
http://sealytics.github.io/ontologies/release-model#Bug-71b2cad4-4ac5-430f-8b78-4c6f849fe30c,Now camel can check the NPE if the JMSXUserID is not set in the JMS message.,1400589392017
http://sealytics.github.io/ontologies/release-model#Bug-72199355-2069-4b24-833b-a8b928f2e088,Thanks for the detailed report. This bug is also in the regular file component.,1383662866812
http://sealytics.github.io/ontologies/release-model#Bug-72199355-2069-4b24-833b-a8b928f2e088,"In order to solve this, might I suggest removing the idempotent options entirely, and instead implementing an Idempotent GenericFileFilter which can then be injected into the ftp component. This is the approach I used to get around the bug in my implementation and it is working well for me.",1383662866812
http://sealytics.github.io/ontologies/release-model#Bug-0e55889e-7489-45c1-a3e6-a8b28ce8a892,"Applied the patch into master, camel-2.12.x and camel-2.11.x branches.",1383571335302
http://sealytics.github.io/ontologies/release-model#Bug-0e55889e-7489-45c1-a3e6-a8b28ce8a892,"Hi Dai,

Can you submit the patch file to this JIRA?
We can have some legal issue if we just merge the patch from github pull request.

BTW, the patch looks good.

Willem",1383571335302
http://sealytics.github.io/ontologies/release-model#Bug-18537692-acf9-44a0-9ab0-667d1ceec482,"Applied the patch into master, camel-2.12.x and camel-2.11.x branches with thanks to Amit.
I also added an unit test to verify the patch.",1383312931257
http://sealytics.github.io/ontologies/release-model#Bug-c35a8ae7-73c2-4e53-a9ae-8d3521d71636,Thanks for reporting and providing test cases.,1393977619900
http://sealytics.github.io/ontologies/release-model#Bug-ea64fa70-abda-4df4-b3e4-9313272c903b,"This is still a problem.

In Java 7 the Scanner class now implements Closeable so the fix for 5767 does not work as the Splitter code handling the IOException never gets executed.

Furthermore there is an additional problem when using tokenize with grouping e.g.: from(&quot;file:inbox&quot;).split().tokenize(&quot;\n&quot;, 1000).streaming().to(&quot;activemq:queue:order&quot;);

In this case the Scanner object is wrapped in a GroupIterator and the code in the Splitter to handle the case of when the Scanner exited with an exception does not get executed because GroupIterator implements Closeable (and is not an instance of Scanner either). I.e. in both cases only the first case of the IF statement on line 149 of the Splitter class will be executed and this leads to no exception being thrown and incorrect behaviour whereby the incorrect number of split messages gets processed and the route exits with no errors.",1388153673666
http://sealytics.github.io/ontologies/release-model#Bug-ea64fa70-abda-4df4-b3e4-9313272c903b,"Applied the patch into master, camel-2.12.x and camel-2.11.x.",1388153673666
http://sealytics.github.io/ontologies/release-model#Bug-9d09dc18-035a-4a97-ae11-785ac2b9dc01,"Yes, that&apos;s because the trace processor adds the exception handling as mentioned above. It really should be in the SendProcessor too.",1383229209748
http://sealytics.github.io/ontologies/release-model#Bug-9d09dc18-035a-4a97-ae11-785ac2b9dc01,"Fix is now on master. 
Please check a nightly snapshot from here in a day or so:

https://repository.apache.org/content/repositories/snapshots/org/apache/camel/apache-camel/2.13-SNAPSHOT/",1383229209748
http://sealytics.github.io/ontologies/release-model#Bug-9d09dc18-035a-4a97-ae11-785ac2b9dc01,I wonder if we could better remove the try/catch block of {{SedaErrorTest}} for this fix as the test is a positive and not a negative one. See also CAMEL-5983.,1383229209748
http://sealytics.github.io/ontologies/release-model#Bug-9d09dc18-035a-4a97-ae11-785ac2b9dc01,"I agree. The test migrated in different iterations, and I no longer need the try/catch. Change has been committed. Thanks for the code review.",1383229209748
http://sealytics.github.io/ontologies/release-model#Bug-9d09dc18-035a-4a97-ae11-785ac2b9dc01,I just merged the patches into camel-2.12.x branch and updated the fix version.,1383229209748
http://sealytics.github.io/ontologies/release-model#Bug-9d09dc18-035a-4a97-ae11-785ac2b9dc01,"The SendProcessor doesn&apos;t catch exceptions and set them on the exchange (which is what the Redelivery bits look for). 

I&apos;m working on a patch.",1383229209748
http://sealytics.github.io/ontologies/release-model#Bug-9d09dc18-035a-4a97-ae11-785ac2b9dc01,"Hello,
The issue is marked resolved in 2.12.2 but we have the same issue in 2.12.3.
When looking at the commit, it seems the fix was not pushed on the 2.12 branch. Could you confirm ?
Thank you !
Fabien",1383229209748
http://sealytics.github.io/ontologies/release-model#Bug-9d09dc18-035a-4a97-ae11-785ac2b9dc01,FYI in my test cast the exception doesn&apos;t &quot;bubble up to the original caller&quot; unless tracing is turned on.  See CAMEL-6912.,1383229209748
http://sealytics.github.io/ontologies/release-model#Bug-9d09dc18-035a-4a97-ae11-785ac2b9dc01,"Thank you Willem, do you know when the 2.12.4 is expected to be released ?
Have a good day.
Fabien",1383229209748
http://sealytics.github.io/ontologies/release-model#Bug-ceab8b09-706c-430b-b01f-2e4adfc05524,"We cannot do Class.forName as that does not work with classloading in various containers / OSGi etc.

",1399417179555
http://sealytics.github.io/ontologies/release-model#Bug-ceab8b09-706c-430b-b01f-2e4adfc05524,"ok, but at that moment we have only the class name.",1399417179555
http://sealytics.github.io/ontologies/release-model#Bug-1632a267-d3ab-4de0-afcc-44fecad8f244,"Well, I&apos;s a bit complicated:
It should be lh.abc.de:631/bbk-test but as far as I know the Java printing SPI from Sun / Oracle doesn&apos;t support remote IPP printing, there are several Libraries which can do this [1]. It might be possible that the best solution for this bug is just throwing an exception [2] under Unix. Maybe after falling back to a local printer with the same fails. From my point of view at least the rewrite from URI to UNC shouldn&apos;t be done on Plattforms not using UNCs, since it is misleading.


[1] http://stackoverflow.com/questions/1655297/print-to-specific-printer-ipp-uri-in-java
[2] http://docs.oracle.com/javase/7/docs/api/java/lang/UnsupportedOperationException.html",1400234006421
http://sealytics.github.io/ontologies/release-model#Bug-1632a267-d3ab-4de0-afcc-44fecad8f244,"Thanks for reporting.

What should be the name of the printer exactly?
{code}
//lh.abc.de:631/bbk-test
{code}

or 
{code}
lh.abc.de:631/bbk-test
{code}

or something else?",1400234006421
http://sealytics.github.io/ontologies/release-model#Bug-8c11d56f-8d6d-4a61-aa26-aba15a9d7df2,"Yeah noLocal should be false, that is the default in the JMS spec
http://docs.oracle.com/javaee/6/api/javax/jms/Session.html#createConsumer(javax.jms.Destination, java.lang.String, boolean)",1394609327281
http://sealytics.github.io/ontologies/release-model#Bug-8c11d56f-8d6d-4a61-aa26-aba15a9d7df2,Are you working on a patch?,1394609327281
http://sealytics.github.io/ontologies/release-model#Bug-d8047519-d078-4c67-b0b1-8380a4f856e4,"Thanks for the PR but its not a complete solution, as you can have 
{code}
{{foo}blabla{{bar}}{{baz}}123{{dude}}
{code}
etc. 

So its not as easy as just to check for 
{code}
}}{{
{code}
",1399632526120
http://sealytics.github.io/ontologies/release-model#Bug-d8047519-d078-4c67-b0b1-8380a4f856e4,"Github user adessaigne closed the pull request at:

    https://github.com/apache/camel/pull/189
",1399632526120
http://sealytics.github.io/ontologies/release-model#Bug-d8047519-d078-4c67-b0b1-8380a4f856e4,"GitHub user ancosen opened a pull request:

    https://github.com/apache/camel/pull/154

    [CAMEL-7429] Camel Properties Component concatenation issue

    Hi all,
    
    This pull request is related to
    **https://issues.apache.org/jira/browse/CAMEL-7429**
    
    I added a new private method in the **DefaultPropertiesParser** class to determine if the property we&apos;re parsing is a concatenation with the aim to distinguish it from a nesting.
    
    I added an **AllPropertiesTest** test class (SuiteTest) to execute all the tests related to Properties when some improvements or patches are added. I have improved the Tests with a new class **PropertiesComponentConcatenatePropertiesTest** where I test the new DefaultPropertiesParser.
    
    Hope this should be useful.
    
    Thanks.
    
    Bye

You can merge this pull request into a Git repository by running:

    $ git pull https://github.com/ancosen/camel camel-7429-concatenatedproperties

Alternatively you can review and apply these changes as the patch at:

    https://github.com/apache/camel/pull/154.patch

To close this pull request, make a commit to your master/trunk branch
with (at least) the following in the commit message:

    This closes #154
    
----
commit f89de09a25e6b8a4a284d2c406c1e146bab16750
Author: ancosen &lt;ancosen@gmail.com&gt;
Date:   2014-05-17T12:28:29Z

    Fixes CAMEL-7429 Camel Properties Component concatenation issue

----
",1399632526120
http://sealytics.github.io/ontologies/release-model#Bug-d8047519-d078-4c67-b0b1-8380a4f856e4,"Github user ancosen closed the pull request at:

    https://github.com/apache/camel/pull/154
",1399632526120
http://sealytics.github.io/ontologies/release-model#Bug-d8047519-d078-4c67-b0b1-8380a4f856e4,Thanks for the PR,1399632526120
http://sealytics.github.io/ontologies/release-model#Bug-d8047519-d078-4c67-b0b1-8380a4f856e4,"Ok, I&apos;ve fixed the issue in the pull request, it should be good now",1399632526120
http://sealytics.github.io/ontologies/release-model#Bug-d8047519-d078-4c67-b0b1-8380a4f856e4,I think I&apos;ve fixed the concatenation case. Anyway I&apos;ll add other tests later.,1399632526120
http://sealytics.github.io/ontologies/release-model#Bug-d8047519-d078-4c67-b0b1-8380a4f856e4,"We can have

- nested properties
- concatenated properties
- something like what you&apos;ve posted 

What else? 

In *DefaultParserProperties* class in *isNestProperty* private method we just control this:

{code}
uri.startsWith(prefixToken) &amp;&amp; uri.endsWith(suffixToken)
{code}

as condition to have a nested property.. I think this is a soft condition and this is the point where concatenation fails.",1399632526120
http://sealytics.github.io/ontologies/release-model#Bug-d8047519-d078-4c67-b0b1-8380a4f856e4,"Thanks Anotine, but unfortunately the latest PR breaks in other modules, such as camel-blueprint.

Try running tests for components, eg it should pass for camel-spring, camel-blueprint, camel-test-blueprint, camel-scala, camel-groovy etc.
{code}
testConfigAdmin(org.apache.camel.test.blueprint.ConfigAdminOverridePropertiesOutsideCamelContextTest)  Time elapsed: 2.531 sec  &lt;&lt;&lt; ERROR!
org.apache.camel.FailedToCreateRouteException: Failed to create route route1 at: &gt;&gt;&gt; To[{{destination}}] &lt;&lt;&lt; in route: Route(route1)[[From[direct:start]] -&gt; [Bean[ref:myCoolBean m... because of Property with key [destination] not found in properties from text: {{destination}}
	at org.apache.camel.model.RouteDefinition.addRoutes(RouteDefinition.java:910)
	at org.apache.camel.model.RouteDefinition.addRoutes(RouteDefinition.java:175)
	at org.apache.camel.impl.DefaultCamelContext.startRoute(DefaultCamelContext.java:780)
	at org.apache.camel.impl.DefaultCamelContext.startRouteDefinitions(DefaultCamelContext.java:2068)
	at org.apache.camel.impl.DefaultCamelContext.doStartCamel(DefaultCamelContext.java:1816)
	at org.apache.camel.impl.DefaultCamelContext.doStart(DefaultCamelContext.java:1683)
	at org.apache.camel.support.ServiceSupport.start(ServiceSupport.java:61)
	at org.apache.camel.impl.DefaultCamelContext.start(DefaultCamelContext.java:1651)
	at org.apache.camel.blueprint.BlueprintCamelContext.start(BlueprintCamelContext.java:177)
	at org.apache.camel.test.blueprint.CamelBlueprintTestSupport.setUp(CamelBlueprintTestSupport.java:187)
	at sun.reflect.NativeMethodAccessorImpl.invoke0(Native Method)
	at sun.reflect.NativeMethodAccessorImpl.invoke(NativeMethodAccessorImpl.java:57)
	at sun.reflect.DelegatingMethodAccessorImpl.invoke(DelegatingMethodAccessorImpl.java:43)
	at java.lang.reflect.Method.invoke(Method.java:606)
	at org.junit.runners.model.FrameworkMethod$1.runReflectiveCall(FrameworkMethod.java:47)
	at org.junit.internal.runners.model.ReflectiveCallable.run(ReflectiveCallable.java:12)
	at org.junit.runners.model.FrameworkMethod.invokeExplosively(FrameworkMethod.java:44)
	at org.junit.internal.runners.statements.RunBefores.evaluate(RunBefores.java:24)
	at org.junit.internal.runners.statements.RunAfters.evaluate(RunAfters.java:27)
	at org.junit.rules.TestWatcher$1.evaluate(TestWatcher.java:55)
	at org.junit.rules.RunRules.evaluate(RunRules.java:20)
	at org.junit.runners.ParentRunner.runLeaf(ParentRunner.java:271)
	at org.junit.runners.BlockJUnit4ClassRunner.runChild(BlockJUnit4ClassRunner.java:70)
	at org.junit.runners.BlockJUnit4ClassRunner.runChild(BlockJUnit4ClassRunner.java:50)
	at org.junit.runners.ParentRunner$3.run(ParentRunner.java:238)
	at org.junit.runners.ParentRunner$1.schedule(ParentRunner.java:63)
	at org.junit.runners.ParentRunner.runChildren(ParentRunner.java:236)
	at org.junit.runners.ParentRunner.access$000(ParentRunner.java:53)
	at org.junit.runners.ParentRunner$2.evaluate(ParentRunner.java:229)
	at org.junit.internal.runners.statements.RunAfters.evaluate(RunAfters.java:27)
	at org.junit.runners.ParentRunner.run(ParentRunner.java:309)
	at org.apache.maven.surefire.junit4.JUnit4Provider.execute(JUnit4Provider.java:264)
	at org.apache.maven.surefire.junit4.JUnit4Provider.executeTestSet(JUnit4Provider.java:153)
	at org.apache.maven.surefire.junit4.JUnit4Provider.invoke(JUnit4Provider.java:124)
	at org.apache.maven.surefire.booter.ForkedBooter.invokeProviderInSameClassLoader(ForkedBooter.java:200)
	at org.apache.maven.surefire.booter.ForkedBooter.runSuitesInProcess(ForkedBooter.java:153)
	at org.apache.maven.surefire.booter.ForkedBooter.main(ForkedBooter.java:103)
Caused by: java.lang.IllegalArgumentException: Property with key [destination] not found in properties from text: {{destination}}
	at org.apache.camel.component.properties.DefaultPropertiesParser$ParsingContext.getPropertyValue(DefaultPropertiesParser.java:207)
	at org.apache.camel.component.properties.DefaultPropertiesParser$ParsingContext.readProperty(DefaultPropertiesParser.java:131)
	at org.apache.camel.component.properties.DefaultPropertiesParser$ParsingContext.doParse(DefaultPropertiesParser.java:90)
	at org.apache.camel.component.properties.DefaultPropertiesParser$ParsingContext.parse(DefaultPropertiesParser.java:77)
	at org.apache.camel.component.properties.DefaultPropertiesParser.parseUri(DefaultPropertiesParser.java:42)
	at org.apache.camel.component.properties.PropertiesComponent.parseUri(PropertiesComponent.java:158)
	at org.apache.camel.component.properties.PropertiesComponent.parseUri(PropertiesComponent.java:117)
	at org.apache.camel.impl.DefaultCamelContext.resolvePropertyPlaceholders(DefaultCamelContext.java:1223)
	at org.apache.camel.model.ProcessorDefinition.resolvePropertyPlaceholders(ProcessorDefinition.java:571)
	at org.apache.camel.model.ProcessorDefinition.makeProcessor(ProcessorDefinition.java:474)
	at org.apache.camel.model.ProcessorDefinition.addRoutes(ProcessorDefinition.java:212)
	at org.apache.camel.model.RouteDefinition.addRoutes(RouteDefinition.java:907)
	at org.apache.camel.model.RouteDefinition.addRoutes(RouteDefinition.java:175)
	at org.apache.camel.impl.DefaultCamelContext.startRoute(DefaultCamelContext.java:780)
	at org.apache.camel.impl.DefaultCamelContext.startRouteDefinitions(DefaultCamelContext.java:2068)
	at org.apache.camel.impl.DefaultCamelContext.doStartCamel(DefaultCamelContext.java:1816)
	at org.apache.camel.impl.DefaultCamelContext.doStart(DefaultCamelContext.java:1683)
	at org.apache.camel.support.ServiceSupport.start(ServiceSupport.java:61)
	at org.apache.camel.impl.DefaultCamelContext.start(DefaultCamelContext.java:1651)
	at org.apache.camel.blueprint.BlueprintCamelContext.start(BlueprintCamelContext.java:177)
	at org.apache.camel.test.blueprint.CamelBlueprintTestSupport.setUp(CamelBlueprintTestSupport.java:187)
	at sun.reflect.NativeMethodAccessorImpl.invoke0(Native Method)
	at sun.reflect.NativeMethodAccessorImpl.invoke(NativeMethodAccessorImpl.java:57)
	at sun.reflect.DelegatingMethodAccessorImpl.invoke(DelegatingMethodAccessorImpl.java:43)
	at java.lang.reflect.Method.invoke(Method.java:606)
	at org.junit.runners.model.FrameworkMethod$1.runReflectiveCall(FrameworkMethod.java:47)
	at org.junit.internal.runners.model.ReflectiveCallable.run(ReflectiveCallable.java:12)
	at org.junit.runners.model.FrameworkMethod.invokeExplosively(FrameworkMethod.java:44)
	at org.junit.internal.runners.statements.RunBefores.evaluate(RunBefores.java:24)
	at org.junit.internal.runners.statements.RunAfters.evaluate(RunAfters.java:27)
	at org.junit.rules.TestWatcher$1.evaluate(TestWatcher.java:55)
	at org.junit.rules.RunRules.evaluate(RunRules.java:20)
	at org.junit.runners.ParentRunner.runLeaf(ParentRunner.java:271)
	at org.junit.runners.BlockJUnit4ClassRunner.runChild(BlockJUnit4ClassRunner.java:70)
	at org.junit.runners.BlockJUnit4ClassRunner.runChild(BlockJUnit4ClassRunner.java:50)
	at org.junit.runners.ParentRunner$3.run(ParentRunner.java:238)
	at org.junit.runners.ParentRunner$1.schedule(ParentRunner.java:63)
	at org.junit.runners.ParentRunner.runChildren(ParentRunner.java:236)
	at org.junit.runners.ParentRunner.access$000(ParentRunner.java:53)
	at org.junit.runners.ParentRunner$2.evaluate(ParentRunner.java:229)
	at org.junit.internal.runners.statements.RunAfters.evaluate(RunAfters.java:27)
	at org.junit.runners.ParentRunner.run(ParentRunner.java:309)
	at org.apache.maven.surefire.junit4.JUnit4Provider.execute(JUnit4Provider.java:264)
	at org.apache.maven.surefire.junit4.JUnit4Provider.executeTestSet(JUnit4Provider.java:153)
	at org.apache.maven.surefire.junit4.JUnit4Provider.invoke(JUnit4Provider.java:124)
	at org.apache.maven.surefire.booter.ForkedBooter.invokeProviderInSameClassLoader(ForkedBooter.java:200)
	at org.apache.maven.surefire.booter.ForkedBooter.runSuitesInProcess(ForkedBooter.java:153)
	at org.apache.maven.surefire.booter.ForkedBooter.main(ForkedBooter.java:103)
{code}
",1399632526120
http://sealytics.github.io/ontologies/release-model#Bug-d8047519-d078-4c67-b0b1-8380a4f856e4,"GitHub user adessaigne opened a pull request:

    https://github.com/apache/camel/pull/189

    CAMEL-7429 Camel Properties Component concatenation issue

    I&apos;ve changed the logic for finding and replacing properties. All the previous tests still pass and the new contatenation one of Adrea is working too.

You can merge this pull request into a Git repository by running:

    $ git pull https://github.com/adessaigne/camel CAMEL-7429

Alternatively you can review and apply these changes as the patch at:

    https://github.com/apache/camel/pull/189.patch

To close this pull request, make a commit to your master/trunk branch
with (at least) the following in the commit message:

    This closes #189
    
----
commit 1258691c272ee31dca112141cfcf1f0439e8e506
Author: Antoine DESSAIGNE &lt;antoine.dessaigne@gmail.com&gt;
Date:   2014-06-18T11:31:39Z

    CAMEL-7429 Camel Properties Component concatenation issue

----
",1399632526120
http://sealytics.github.io/ontologies/release-model#Bug-d8047519-d078-4c67-b0b1-8380a4f856e4,You&apos;re right. I&apos;ll improve this solution.,1399632526120
http://sealytics.github.io/ontologies/release-model#Bug-d8047519-d078-4c67-b0b1-8380a4f856e4,"Sorry about that, I&apos;ll fix this",1399632526120
http://sealytics.github.io/ontologies/release-model#Bug-ba930021-6369-4167-b730-43cf663d70f7,"This is isolated to the camel-groovy component given the following *working* configuration:
    &lt;camel-version&gt;2.12.1&lt;/camel-version&gt;
    &lt;groovy-version&gt;2.1.6&lt;/groovy-version&gt;

    &lt;dependency&gt;
      &lt;groupId&gt;org.apache.camel&lt;/groupId&gt;
      &lt;artifactId&gt;camel-script&lt;/artifactId&gt;
      &lt;version&gt;2.11.1&lt;/version&gt;
    &lt;/dependency&gt;
",1384965241798
http://sealytics.github.io/ontologies/release-model#Bug-ba930021-6369-4167-b730-43cf663d70f7,How many different values do you return in the {{getSubOrderName}} method? Is there only these 2 values or do you have many more?,1384965241798
http://sealytics.github.io/ontologies/release-model#Bug-ba930021-6369-4167-b730-43cf663d70f7,Also what is the code logic in the method {{subOrderName}}?,1384965241798
http://sealytics.github.io/ontologies/release-model#Bug-ba930021-6369-4167-b730-43cf663d70f7,"Groovy itself has likely been upgraded between Camel 2.11 and 2.12. Can you try downgrading and use same Groovy version, and test on your end.
And can you make a simpler unit test / sample project that reproduces this problem?

We cannot reproduce this issue you see on your end.

And frankly the setHeader logic you use is so simple you can just use the simple language.",1384965241798
http://sealytics.github.io/ontologies/release-model#Bug-ba930021-6369-4167-b730-43cf663d70f7,"CAMEL-6340 was also introduced in Camel 2.11.1. Are you sure its that version? Can you double check.
",1384965241798
http://sealytics.github.io/ontologies/release-model#Bug-ba930021-6369-4167-b730-43cf663d70f7,"This is directly related to 2.12.1 since it works correctly in 2.11.1.
Also if we change from &lt;groovy&gt; to &lt;simple&gt; it works.
The exchange accepts an xml payload and then gets converted to a bean:
      &lt;bean ref=&quot;orderConverter&quot; method=&quot;newExchangeOrder&quot;/&gt;
The bean uses Stax to marshal from XML into an ExchangeOrder bean.
The ExchangeOrder bean contains a getSubOrderName:
	String getSubOrderName(){ 	
		String s = order?.subOrder[0]?.class.simpleName
		
		(s.startsWith(&quot;Lessee&quot;))? s.replace(&apos;Lessee&apos;, &apos;Reseller&apos;) : s	
	}
",1384965241798
http://sealytics.github.io/ontologies/release-model#Bug-ba930021-6369-4167-b730-43cf663d70f7,Thank you! I&apos;ll have (big phone company) move back to groovy from simple once 2.12.3 is GA.,1384965241798
http://sealytics.github.io/ontologies/release-model#Bug-ba930021-6369-4167-b730-43cf663d70f7,"Just pushed some unit tests to master. Cannot reproduce this.

Can you double check again what version doesnt work for you.
And if possible put together an unit test or small sample project that demonstrates/reproduces this issue?",1384965241798
http://sealytics.github.io/ontologies/release-model#Bug-ba930021-6369-4167-b730-43cf663d70f7,"These dependencies work:
    &lt;camel-version&gt;2.11.1&lt;/camel-version&gt;
    &lt;groovy-version&gt;2.1.6&lt;/groovy-version&gt;
These do not:
    &lt;camel-version&gt;2.12.1&lt;/camel-version&gt;
    &lt;groovy-version&gt;2.1.6&lt;/groovy-version&gt;

I have recommended the use of &lt;simple&gt; however it is a large project and there is some concern about how many conditional statements can be scoped ( (a&amp;b)||(c&amp;d) ) using simple.
I am still working on a localized test to reproduce this issue. It is is a timing issue; if you wait a few seconds before sending the second request it will have the correct value which is why I *assumed* it was related to caching groovy.
",1384965241798
http://sealytics.github.io/ontologies/release-model#Bug-ba930021-6369-4167-b730-43cf663d70f7,CAMEL-7143 fixes this.,1384965241798
http://sealytics.github.io/ontologies/release-model#Bug-2d7598d2-2b84-4a20-bbc2-97ce386045bd,"Luckily {{CSVStrategy}} has widen the visibility of {{Object#clone()}} method from {{protected}} to {{public}}, so that we can easily make a safe copy of a given {{CSVStrategy}} object when necessary.",1389989292678
http://sealytics.github.io/ontologies/release-model#Bug-2d7598d2-2b84-4a20-bbc2-97ce386045bd,Thanks for reporting.,1389989292678
http://sealytics.github.io/ontologies/release-model#Bug-c5992054-a2c1-424b-93dc-eed018a042f9,"I think the issue is in org.apache.camel.converter.jaxp.XmlConverter

...
    @Converter
    public InputStream toInputStream(DOMSource source, Exchange exchange) throws TransformerException, IOException {
        String s = toString(source, exchange);
        return new ByteArrayInputStream(s.getBytes());
    }

Converts the data to a String first, then we get a ByteArrayInputStream. The content of the InputStream has to be UTF-8 unless the preamble (which we don&apos;t have) or the BOM (which we also don&apos;t have) indicate otherwise.

I am pretty sure that other XML data types (like Document) have the same issue.

I am not entirely sure how to fix this, but it might be possible that the either the default charset needs to be UTF-8 for these XML type conversions or that a XML preamble (with charset) needs to be written in all cases.",1381470795950
http://sealytics.github.io/ontologies/release-model#Bug-c5992054-a2c1-424b-93dc-eed018a042f9,"Wouldn&apos;t changing lines 834 and 848 of XMLConverter class to
        return new ByteArrayInputStream(s.getBytes(&quot;UTF-8&quot;));

fix this issue? (hardcoded UTF-8 no matter what the default encoding is)

Or would this have side effects?",1381470795950
http://sealytics.github.io/ontologies/release-model#Bug-c5992054-a2c1-424b-93dc-eed018a042f9,"This issue was out of my radar for a while, I will review patch and apply it to the master branch today.",1381470795950
http://sealytics.github.io/ontologies/release-model#Bug-c5992054-a2c1-424b-93dc-eed018a042f9,I have attached a patch that will fix this specific issue (even though there might be encoding issues elswhere in the code),1381470795950
http://sealytics.github.io/ontologies/release-model#Bug-c5992054-a2c1-424b-93dc-eed018a042f9,"Applied the patch into master, camel-2.12.x and camel-2.11.x branches.",1381470795950
http://sealytics.github.io/ontologies/release-model#Bug-c5992054-a2c1-424b-93dc-eed018a042f9,"a modified test file with test cases that use escaped unicode characters.
",1381470795950
http://sealytics.github.io/ontologies/release-model#Bug-c5992054-a2c1-424b-93dc-eed018a042f9,"Hi Willem,
I was wondering if the reason for this change not being committed is the test using non-ascii characters that are violating the code check? If that is the case, I am attaching a modified test that does not directly include those non-ascii characters in the code but includes them using their corresponding escaped unicode characters. I even added a few characters to make it more interesting.

regards, aki",1381470795950
http://sealytics.github.io/ontologies/release-model#Bug-a90b3160-4f89-4c44-8aeb-455b2f240e7f,Thanks for reporting Marios!,1379359647317
http://sealytics.github.io/ontologies/release-model#Bug-d8a314c2-c644-45b2-abee-ee7b39ba7db4,Example project that shows the behaviour with completionSize = 1,1390379549364
http://sealytics.github.io/ontologies/release-model#Bug-d8a314c2-c644-45b2-abee-ee7b39ba7db4,"Yeah completion size = 1 doesnot so much sense, but you can also have a completion predicate that just returns true each time, and have the same situation with only 1 aggregated.",1390379549364
http://sealytics.github.io/ontologies/release-model#Bug-d8a314c2-c644-45b2-abee-ee7b39ba7db4,"I edited the description of the issue since I analyzed the issue in the Camel code. 

In the method &quot;doAggregation&quot; the aggregator evaluates if the aggregation is complete. With completionSize = 1 this is the case on every Exchange. Therefore the aggregator does not persist the Exchanges, but skips this part: 

{code:title=AggregateProcessor.java|borderStyle=solid}
...
if (complete == null) {
	doAggregationRepositoryAdd(newExchange.getContext(), key, originalExchange, answer);
	// we are not complete so the answer should be null
	answer = null;
} else {
...
{code}

On the other hand does the method &quot;onCompletion&quot; no such evaluation and tries to delete the Exchange in the Repository. Therefore the NPE.
",1390379549364
http://sealytics.github.io/ontologies/release-model#Bug-d8a314c2-c644-45b2-abee-ee7b39ba7db4,The NPE stacktrace,1390379549364
http://sealytics.github.io/ontologies/release-model#Bug-43eac15f-a645-4862-8099-d60d6267ae32,See CAMEL-7358,1397750362335
http://sealytics.github.io/ontologies/release-model#Bug-d38d0684-e68d-4d4b-b92d-af4f060b36de,"Can you provide some sample project or unit tests. There is not much to go after in this ticket, and also not sure if anything is a bug. What scanning is not happening, and what makes you think its Camel that must do that, and not Spring itself?",1405571027846
http://sealytics.github.io/ontologies/release-model#Bug-d38d0684-e68d-4d4b-b92d-af4f060b36de,"I was under the impression that when using Spring JavaConfig if setPackages(String[]) or setPackageScan(PackageScanDefinition) was populated when Spring was done loading that CamelContextFactoryBean.onApplicationEvent(ApplicationEvent event) would be called.  I&apos;m only seeing that happening in the XML scanning config.

T",1405571027846
http://sealytics.github.io/ontologies/release-model#Bug-d38d0684-e68d-4d4b-b92d-af4f060b36de,"gradle project with 3 tests.

1. XML based route scanning config
2. JavaConfig based route scanning config
3. JavaConfig based route as bean config",1405571027846
http://sealytics.github.io/ontologies/release-model#Bug-64793769-5e92-4931-9587-4f782f792f5c,"Fixed. Thanks Sergey for patch.

Branch: refs/heads/master
Commit: 4f06ebaecf85a748eb6812afb4d231b80aba5318
Branch: refs/heads/camel-2.12.x
Commit: cffe20373b6de0038c5d9dcf1902b424e6407b29
Branch: refs/heads/camel-2.11.x
Commit: 1fbee5b6d19e8472a0b238bbac6c03393faa6167",1382304337862
http://sealytics.github.io/ontologies/release-model#Bug-9775155b-1e85-4af6-9f6a-d487463f1fa8,"I&apos;ll take a look and what is the best patch, and tests...",1363779842671
http://sealytics.github.io/ontologies/release-model#Bug-9775155b-1e85-4af6-9f6a-d487463f1fa8,Patch looks good.,1363779842671
http://sealytics.github.io/ontologies/release-model#Bug-9775155b-1e85-4af6-9f6a-d487463f1fa8,This is now fixed on master.,1363779842671
http://sealytics.github.io/ontologies/release-model#Bug-9775155b-1e85-4af6-9f6a-d487463f1fa8,"Claus, 
can you review my patch before I commit?

Thanks!",1363779842671
http://sealytics.github.io/ontologies/release-model#Bug-9775155b-1e85-4af6-9f6a-d487463f1fa8,"Thanks Claus. You&apos;re right -- all of the previously listed components also have a header filter strategy that doesn&apos;t take into account HOST. I have a patch almost complete.

The camel-jetty component, however, has a dependency on the camel-http component. So it does not directly need any patching.

Should have this fixed shortly.

",1363779842671
http://sealytics.github.io/ontologies/release-model#Bug-9775155b-1e85-4af6-9f6a-d487463f1fa8,"Some details about host header
http://www.w3.org/Protocols/rfc2616/rfc2616-sec14.html#sec14.23

Need to make the same fix in
- camel-http
- camel-http4
- camel-ahc
- camel-jetty
- camel-netty-http

As we have several http clients.
",1363779842671
http://sealytics.github.io/ontologies/release-model#Bug-cf6974eb-b450-48ad-8e49-61abfeaaf01f,I just updated the [page|https://cwiki.apache.org/confluence/display/CAMEL/Scripting+Languages+Context] to remove the py brush.  ,1410793476329
http://sealytics.github.io/ontologies/release-model#Bug-61126084-d4e0-481b-b948-46ed255c8f38,Thanks,1395063660112
http://sealytics.github.io/ontologies/release-model#Bug-d582e4f2-3c56-40b0-aa68-aded8c725199,This would be fixed when we upgrade to twitter4j 3.0.4+.,1361980650672
http://sealytics.github.io/ontologies/release-model#Bug-d582e4f2-3c56-40b0-aa68-aded8c725199,"Thank you Matthew.  I&apos;ll keep an eye out, hopefully they will release twitter4j 3.0.4 soon so that it can make it into a Camel release.",1361980650672
http://sealytics.github.io/ontologies/release-model#Bug-d582e4f2-3c56-40b0-aa68-aded8c725199,"Feature wasn&apos;t previously supported by twitter streaming api, added recently(https://dev.twitter.com/blog/introducing-new-metadata-for-tweets). Added to twitter4j library via(https://github.com/yusuke/twitter4j/commit/02043253906022c2c9c5e8b04943ca6313c7aedd). (currently part of 3.0.4-SNAPSHOT)",1361980650672
http://sealytics.github.io/ontologies/release-model#Bug-d582e4f2-3c56-40b0-aa68-aded8c725199,Upgraded to twitter4j 3.0.5,1361980650672
http://sealytics.github.io/ontologies/release-model#Bug-ff86384f-f74d-4582-bdda-6fe93895e85c,"It is not a issue of camel, I just put the org.apache.servicemix.bundles.xalan-2.7.1_7.jar into the $KARAF_HOME/lib/endorsed,  the warning is gone.",1384851972983
http://sealytics.github.io/ontologies/release-model#Bug-ff86384f-f74d-4582-bdda-6fe93895e85c,I got the same warning when I deploy the xml with Camel 2.12.1 and Karaf 2.3.3.,1384851972983
http://sealytics.github.io/ontologies/release-model#Bug-ff86384f-f74d-4582-bdda-6fe93895e85c,I am using Karaf 2.3.5 with Java 7 update 51 and the warnings persist. Is the @willem solution the more advisable one?,1384851972983
http://sealytics.github.io/ontologies/release-model#Bug-ff86384f-f74d-4582-bdda-6fe93895e85c,Actually the second warning is a bug in Java 7 update 40. See http://bugs.sun.com/bugdatabase/view_bug.do?bug_id=8016153. Oracle fixed it in the upcoming Java 8 release.,1384851972983
http://sealytics.github.io/ontologies/release-model#Bug-ae403cdd-f116-4d56-a2cd-6a22af6bae90,"This is caused by camel-spring-test and camel-test are exports the same package of &quot;org.apache.camel.test.junit4&quot;.
As the org.apache.camel.test.junit4.CamelSpringJUnit4ClassRunner and org.apache.camel.test.junit4.CamelSpringTestSupport were derecated since camel-2.11.0, it should be safe for us to remove them in camel-2.14.0 now.

",1402477748947
http://sealytics.github.io/ontologies/release-model#Bug-1a61db1f-0c60-4d9e-bc8e-e34dd77765be,Thanks for reporting.,1389307591121
http://sealytics.github.io/ontologies/release-model#Bug-a058e3f5-9f85-4a79-93a9-8b5b59f1a0ea,Resolved in 9430e4d55ae7e91f46c70d7969156767a5f42da4.,1409320730579
http://sealytics.github.io/ontologies/release-model#Bug-7bcba3c9-8af6-4907-ab9f-9143c5396977,"This attaching example reproduces the issue by CamelMQTTExampleTest - it fails with following error in spite of it succeeds if it runs with &quot;mvn exec:java -PExample -DskipTests=true&quot;. CamelMQTTExampleTest just kicks CamelMQTTExample. No difference between exec:java and test. So this strange behavior is only shown in unit test.

{code}
Caused by: java.lang.AssertionError: Dispatch queue &apos;mqtt client&apos; was not executing, (currently executing: &apos;&lt;not-dispatched&gt;&apos;)
	at org.fusesource.hawtdispatch.internal.SerialDispatchQueue.assertExecuting(SerialDispatchQueue.java:145)
	at org.fusesource.mqtt.client.CallbackConnection.publish(CallbackConnection.java:585)
	at org.fusesource.mqtt.client.CallbackConnection.publish(CallbackConnection.java:581)
	at org.apache.camel.component.mqtt.MQTTEndpoint.publish(MQTTEndpoint.java:160)
	at org.apache.camel.component.mqtt.MQTTProducer.process(MQTTProducer.java:58)
	at org.apache.camel.processor.SendProcessor.process(SendProcessor.java:120)
{code}",1407227765879
http://sealytics.github.io/ontologies/release-model#Bug-7bcba3c9-8af6-4907-ab9f-9143c5396977,"Hi Tomohisa,

I managed to find out why the unit test cannot work, even it does the same work as the example does.
First the exception is java [assertion|http://docs.oracle.com/javase/7/docs/technotes/guides/language/assert.html] exception, it is thrown from 
{code}
Caused by: java.lang.AssertionError: Dispatch queue &apos;mqtt client&apos; was not executing, (currently executing: &apos;&lt;not-dispatched&gt;&apos;)
	at org.fusesource.hawtdispatch.internal.SerialDispatchQueue.assertExecuting(SerialDispatchQueue.java:145)
	at org.fusesource.mqtt.client.CallbackConnection.publish(CallbackConnection.java:585)
	at org.fusesource.mqtt.client.CallbackConnection.publish(CallbackConnection.java:581)
	at org.apache.camel.component.mqtt.MQTTEndpoint.publish(MQTTEndpoint.java:160)
	at org.apache.camel.component.mqtt.MQTTProducer.process(MQTTProducer.java:58)
	at org.apache.camel.processor.SendProcessor.process(SendProcessor.java:120)
	... 36 more
{code}
By default, JVM assertions are disabled at runtime, but Surefire enables JVM assertions for the execution of your test cases by default. That could explain why you can get the different result here in the unit test.
If you disable the assertion in the surefire configuration just like this, the test is passed.
{code}
          &lt;plugin&gt;
                &lt;artifactId&gt;maven-surefire-plugin&lt;/artifactId&gt;
                &lt;configuration&gt;
                    &lt;forkMode&gt;perTest&lt;/forkMode&gt;
                    &lt;enableAssertions&gt;false&lt;/enableAssertions&gt;
                &lt;/configuration&gt;
            &lt;/plugin&gt;
{code}

I will ping Hiram for the assertion in the hawtdispatch at the mean time.",1407227765879
http://sealytics.github.io/ontologies/release-model#Bug-7bcba3c9-8af6-4907-ab9f-9143c5396977,http://camel.465427.n5.nabble.com/Dispatch-queue-mqtt-client-was-not-executing-error-from-camel-mqtt-producer-td5753937.html,1407227765879
http://sealytics.github.io/ontologies/release-model#Bug-7bcba3c9-8af6-4907-ab9f-9143c5396977,Enable the test by disable the assertion when running the unit test in Apache Camel trunk.,1407227765879
http://sealytics.github.io/ontologies/release-model#Bug-7bcba3c9-8af6-4907-ab9f-9143c5396977,"Hi Willem,

Just ignore the byteman.btm - you can run the unit test with byteman if you add -PByteman, but not necessarily.",1407227765879
http://sealytics.github.io/ontologies/release-model#Bug-7bcba3c9-8af6-4907-ab9f-9143c5396977,"Hi Tomohisa,

Can you explain why there is an file of byteman.btm?
Does it have something with running the unit test?

",1407227765879
http://sealytics.github.io/ontologies/release-model#Bug-7bcba3c9-8af6-4907-ab9f-9143c5396977,Ah good catch! I didn&apos;t notice that. Thanks for handling this.,1407227765879
http://sealytics.github.io/ontologies/release-model#Bug-5f9220dc-6a35-44f1-b7ba-8d5b7ded814b,"GitHub user gzurowski opened a pull request:

    https://github.com/apache/camel/pull/142

    CAMEL-7406: Avoid NPE when password empty in JCR endpoint URI

    Signed-off-by: Gregor Zurowski &lt;gregor@zurowski.org&gt;

You can merge this pull request into a Git repository by running:

    $ git pull https://github.com/gzurowski/camel CAMEL-7406

Alternatively you can review and apply these changes as the patch at:

    https://github.com/apache/camel/pull/142.patch

To close this pull request, make a commit to your master/trunk branch
with (at least) the following in the commit message:

    This closes #142
    
----
commit 1073c9737e8f2f003966170aca0bdd6751e4396a
Author: Gregor Zurowski &lt;gregor@zurowski.org&gt;
Date:   2014-05-02T02:39:09Z

    CAMEL-7406: Avoid NPE when password empty in JCR endpoint URI
    
    Signed-off-by: Gregor Zurowski &lt;gregor@zurowski.org&gt;

----
",1398997908869
http://sealytics.github.io/ontologies/release-model#Bug-5f9220dc-6a35-44f1-b7ba-8d5b7ded814b,Thanks for the PR,1398997908869
http://sealytics.github.io/ontologies/release-model#Bug-5f9220dc-6a35-44f1-b7ba-8d5b7ded814b,"Github user asfgit closed the pull request at:

    https://github.com/apache/camel/pull/142
",1398997908869
http://sealytics.github.io/ontologies/release-model#Bug-056e1477-8fb4-4d49-9a68-5cf2c408acf6,This issue has been fixed by CAMEL-7061.,1392209839573
http://sealytics.github.io/ontologies/release-model#Bug-750830a0-2359-4b9d-9694-b66ee1199050,Assume implemented by CAMEL-7225,1392810265266
http://sealytics.github.io/ontologies/release-model#Bug-750830a0-2359-4b9d-9694-b66ee1199050,"Daniel you are welcome to help improve the docs. See
http://camel.apache.org/contributing

Or attach a .txt file to this JIRA ticket with your doc improvement suggestion, and we can grab that and add to the docs.",1392810265266
http://sealytics.github.io/ontologies/release-model#Bug-750830a0-2359-4b9d-9694-b66ee1199050,There is no patch attached to [CAMEL-7225 |https://issues.apache.org/jira/browse/CAMEL-7225].,1392810265266
http://sealytics.github.io/ontologies/release-model#Bug-750830a0-2359-4b9d-9694-b66ee1199050,"The patch submitted for the related issue CAMEL-7225 may help in working around this.

It would be really helpful if the documentation on the camel-smpp page explained the difference between alphabet and coding attributes as they are different attributes that relate to the same thing.  This would make it easier for somebody to contribute a patch.",1392810265266
http://sealytics.github.io/ontologies/release-model#Bug-750830a0-2359-4b9d-9694-b66ee1199050,"Daniel, do you consider to provide a patch for it?",1392810265266
http://sealytics.github.io/ontologies/release-model#Bug-7ec75b34-40ed-4351-8448-9dceea9677c4,"If calling CXF JaxrsUtils.convertFaultToResponse(throwable, currentCxfMessage) returns non-null Response then the exception has been mapped",1397055858773
http://sealytics.github.io/ontologies/release-model#Bug-7ec75b34-40ed-4351-8448-9dceea9677c4,"Applied the patch into camel master, camel-2.13.x and camel-2.12.x branches.",1397055858773
http://sealytics.github.io/ontologies/release-model#Bug-7ec75b34-40ed-4351-8448-9dceea9677c4,thanks Willem,1397055858773
http://sealytics.github.io/ontologies/release-model#Bug-7ec75b34-40ed-4351-8448-9dceea9677c4,"Current CxfRsInvoker just hijack the exception and turn it into WebApplicationException, which disables the CXF default feature of exception mapping. 
I&apos;m working on the patch now.",1397055858773
http://sealytics.github.io/ontologies/release-model#Bug-aacd432c-e003-423b-993e-effa71f9a49a,ActiveMQ 5.7 does not support Camel 2.13.0,1398348180199
http://sealytics.github.io/ontologies/release-model#Bug-aacd432c-e003-423b-993e-effa71f9a49a,"Its Karaf 2.3.x that comes with http service out of the box only supporting servlet 2.x. eg pax-web

  org.ops4j.pax.web.pax-web-runtime [75.0]
    import: (&amp;(osgi.wiring.package=javax.servlet.http)(version&gt;=2.3.0)(!(version&gt;=3.0.0)))

This would require pax-web that supports servlet 3.0 onwards. Which may require Karaf 3.0 onwards.
",1398348180199
http://sealytics.github.io/ontologies/release-model#Bug-aacd432c-e003-423b-993e-effa71f9a49a,"Thanks for the info. Actually we happily run with ActiveMQ 5.7 (client-side only) and Camel 2.13.0.

What seems to be causing the problem here is hawtio.
Camel and the &quot;camel-servlet&quot; feature come up fine when I do not load the &quot;hawtio-core&quot; feature.",1398348180199
http://sealytics.github.io/ontologies/release-model#Bug-aacd432c-e003-423b-993e-effa71f9a49a,"Unfortunately that didn&apos;t make a difference.
To reproduce, it&apos;s sufficient to first load hawtio-core, then load camel-servlet into a cleanly started Karaf:

karaf@root&gt; features:addurl mvn:io.hawt/hawtio-karaf/1.3.1/xml/features
karaf@root&gt; features:install hawtio
karaf@root&gt; features:install camel-servlet
Error executing command: Could not start bundle mvn:org.apache.camel/camel-servlet/2.13.0 in feature(s) camel-servlet-2.13.0: Uses constraint violation. Unable to resolve bundle revision org.apache.camel.camel-servlet [99.0] 
because it is exposed to package &apos;javax.servlet&apos; from bundle revisions org.apache.geronimo.specs.geronimo-servlet_2.5_spec [55.0] and org.apache.geronimo.specs.geronimo-servlet_3.0_spec [97.0] via two dependency chains.

Chain 1:
  org.apache.camel.camel-servlet [99.0]
    import: (&amp;(osgi.wiring.package=javax.servlet)(version&gt;=2.5.0)(!(version&gt;=4.0.0)))
     |
    export: osgi.wiring.package=javax.servlet
  org.apache.geronimo.specs.geronimo-servlet_2.5_spec [55.0]

Chain 2:
  org.apache.camel.camel-servlet [99.0]
    import: (&amp;(osgi.wiring.package=org.apache.camel.component.http)(version&gt;=2.13.0)(!(version&gt;=2.14.0)))
     |
    export: osgi.wiring.package=org.apache.camel.component.http; uses:=javax.servlet
  org.apache.camel.camel-http [98.0]
    import: (&amp;(osgi.wiring.package=javax.servlet)(version&gt;=2.5.0)(!(version&gt;=4.0.0)))
     |
    export: osgi.wiring.package=javax.servlet
  org.apache.geronimo.specs.geronimo-servlet_3.0_spec [97.0]
karaf@root&gt; 
",1398348180199
http://sealytics.github.io/ontologies/release-model#Bug-aacd432c-e003-423b-993e-effa71f9a49a,Try with hawtio 1.3.1,1398348180199
http://sealytics.github.io/ontologies/release-model#Bug-aacd432c-e003-423b-993e-effa71f9a49a,"This is not a hawtio problem, but camel-servlet that uses the war/http feature from karaf 2.3.x that exports Servlet 2.5 only. And Camel 2.13.x onwards uses Servlet 3.0. And then we get that osgi problem :(",1398348180199
http://sealytics.github.io/ontologies/release-model#Bug-c2b8c6bf-0c60-4bbf-8944-12d2ade72412,"[~davsclaus] - I believe this issue is unrelated to [CAMEL-7298], as evident by second java.lang.Integer example.
I wonder what your thoughts are on that example?",1395094603671
http://sealytics.github.io/ontologies/release-model#Bug-c2b8c6bf-0c60-4bbf-8944-12d2ade72412,Fixed by CAMEL-7298,1395094603671
http://sealytics.github.io/ontologies/release-model#Bug-c2b8c6bf-0c60-4bbf-8944-12d2ade72412,"This is resolved with CAMEL-7298 which enforces using predicate when the result type is boolean, and therefore the value is either true or false.",1395094603671
http://sealytics.github.io/ontologies/release-model#Bug-19a0f16b-1050-4c3f-b7b6-e626ecb2f41b,Working on a patch...,1390561400884
http://sealytics.github.io/ontologies/release-model#Bug-19a0f16b-1050-4c3f-b7b6-e626ecb2f41b,"The issue is not valid as In my code I&apos;m missing the call to start the SjmsComponent. Since the CamelContext is already started it doesn&apos;t start the SjmsComponent automatically and that is the root cause of the error. So the problem is fixed by adding the call to start() method on SjmsComponent:
{code}
SjmsComponent sjms = new SjmsComponent();
sjms.setConnectionFactory(dstConnectionFactory);
camelContext.addComponent(dstEndpoint.getName(), sjms);
sjms.start(); // missing call
{code}",1390561400884
http://sealytics.github.io/ontologies/release-model#Bug-19a0f16b-1050-4c3f-b7b6-e626ecb2f41b,"Thanks Marios for the bug write up and the execution code.

Best Regards,
Scott ES",1390561400884
http://sealytics.github.io/ontologies/release-model#Bug-92ff7f50-ba4c-4458-afa6-a5594beb568e,"the issue with using the messageId is that the connectOnStartup mode creates the initial file stream on startup (no messageId to use in this case).  how about if we use the UUID generator from the CamelContext like this: getEndpoint().getCamelContext().getUuidGenerator().generateUuid()?

also, any reason to continue to prepend the DEFAULT_SEGMENT_PREFIX with this new approach...the prefix &quot;seg&quot; seems pretty arbitrary and should probably be configurable if we need to keep it...
",1381948694531
http://sealytics.github.io/ontologies/release-model#Bug-92ff7f50-ba4c-4458-afa6-a5594beb568e,"2.10 is no longer supported, so 2.11 onwards is fine.",1381948694531
http://sealytics.github.io/ontologies/release-model#Bug-92ff7f50-ba4c-4458-afa6-a5594beb568e,"anyone see an issue with backporting this fix to the 2.10.x, 2.11.x, 2.12.x branches?",1381948694531
http://sealytics.github.io/ontologies/release-model#Bug-92ff7f50-ba4c-4458-afa6-a5594beb568e,Maybe use messageId from Message which is what the Camel File/FTP components does if no explicit file name has been given?,1381948694531
http://sealytics.github.io/ontologies/release-model#Bug-92ff7f50-ba4c-4458-afa6-a5594beb568e,any objection to using System.nanoTime() for the file name unique Id instead of the the long splitNum++?,1381948694531
http://sealytics.github.io/ontologies/release-model#Bug-92ff7f50-ba4c-4458-afa6-a5594beb568e,"merging fixes into 2.11.x, 2.12.x branches",1381948694531
http://sealytics.github.io/ontologies/release-model#Bug-92ff7f50-ba4c-4458-afa6-a5594beb568e,"per discussion, changed the split filename logic to use the UUID generator and removed the &quot;seg&quot; prefix from the filenames

thanks to Sergey Kozlovich ([~skozlovich]) for helping find/fix/test this issue
",1381948694531
http://sealytics.github.io/ontologies/release-model#Bug-92ff7f50-ba4c-4458-afa6-a5594beb568e,"Yeah good point of using the uuid generator from Camel.

And yeah fell free to change that prefix or make it configurable etc, as you think its the best.",1381948694531
http://sealytics.github.io/ontologies/release-model#Bug-39d885c4-6d62-4057-9d1e-5f8742639af5,"I just committed a quick fix of it, now the route could be like this
{code}
from(CXF_RS_ENDPOINT_URI).to(&quot;bean://service?multiParameterArray=true&quot;);
{code}

If you want to use the bean DSL, you need to wait for camel 2.14.0 which has the patch of CAMEL-7682.",1407765525872
http://sealytics.github.io/ontologies/release-model#Bug-39d885c4-6d62-4057-9d1e-5f8742639af5,"You can work around this issue by converting the message body into an Object Array and setup the message header of &quot;CamelBeanMultiParameterArray&quot; to be true, just like this.
{code}
from(&quot;cxfrs://http://0.0.0.0:8080?resourceClasses=org.apache.camel.bug.Service&amp;loggingFeatureEnabled=true&quot;)
					.to(&quot;log:cxfrs8080&quot;).process(new Processor() {

                        @Override
                        public void process(Exchange exchange) throws Exception {
                            List&lt;Object&gt; parameter = exchange.getIn().getBody(List.class);
                            exchange.getIn().setBody(parameter.toArray());
                            exchange.getIn().setHeader(&quot;CamelBeanMultiParameterArray&quot;, true);
                        }
                    }).bean(org.apache.camel.bug.ServiceUtil.class, &quot;invoke&quot;);
{code}
I will update the camel bean method to leverage the camel converter to get the Object array by default.",1407765525872
http://sealytics.github.io/ontologies/release-model#Bug-05cc3cd2-758c-4402-bac6-03a6d3783a6d,"Thanks for the patch. I have fixed the CS.

Keep them coming :)",1386866619340
http://sealytics.github.io/ontologies/release-model#Bug-05cc3cd2-758c-4402-bac6-03a6d3783a6d,"The patch looks good. Only one checkstyle error

/Users/davsclaus/workspace/camel/components/camel-jcr/src/test/java/org/apache/camel/component/jcr/JcrProducerSubNodeTest.java:80: method call child at indentation level 16 not at correct indentation, 20

Details here how to build with checkstyle
http://camel.apache.org/building.html",1386866619340
http://sealytics.github.io/ontologies/release-model#Bug-05cc3cd2-758c-4402-bac6-03a6d3783a6d,"The attached patch contains a new JUnit test &quot;JcrProducerSubNodeTest&quot; that creates a node and a sub node in the same node hierarchy. It will fail if the fix to JcrProducer (which is also part of the patch) is not applied.

I have also submitted a pull request for this fix: https://github.com/apache/camel/pull/66",1386866619340
http://sealytics.github.io/ontologies/release-model#Bug-6d8ac3f7-fdef-423f-9fa7-2a05837bd9e5,Thanks.,1400787369050
http://sealytics.github.io/ontologies/release-model#Bug-2da46a1c-ea80-42a3-8402-521677244ee0,Could be related to CAMEL-7207,1396509097498
http://sealytics.github.io/ontologies/release-model#Bug-2da46a1c-ea80-42a3-8402-521677244ee0,"Applied the patch into camel master, camel-2.13.x and camel-2.12.x branches.",1396509097498
http://sealytics.github.io/ontologies/release-model#Bug-2da46a1c-ea80-42a3-8402-521677244ee0,"Yeah, this regression is caused by CAMEL-7207, I just did a quick fix for it.",1396509097498
http://sealytics.github.io/ontologies/release-model#Bug-0d023a02-12c3-4c59-9487-cd29bae8f20e,"This issue is resolved in CAMEL-7052 few days ago, please try to use the latest camel-2.13-SNAPSHOT to verify the fix.",1388886503098
http://sealytics.github.io/ontologies/release-model#Bug-5967ee99-7b35-4e3e-8d86-bcc6659e0b4f,Applied the patch into master and camel-2.12.x fixed branches.,1389014057567
http://sealytics.github.io/ontologies/release-model#Bug-5967ee99-7b35-4e3e-8d86-bcc6659e0b4f,"Willem, have you fixed this?",1389014057567
http://sealytics.github.io/ontologies/release-model#Bug-f66618e2-867a-435c-bfea-75d8ec0ff3fb,Not a Camel issue as the option gets set by Camel.,1405702330037
http://sealytics.github.io/ontologies/release-model#Bug-f66618e2-867a-435c-bfea-75d8ec0ff3fb,"Camel sets that option on Jetty.
{code}
        if (endpoint.getMaxIdleTime() != null) {
            context.setInitParameter(&quot;maxIdleTime&quot;, endpoint.getMaxIdleTime().toString());
        }
{code}

And jetty documents that option in their javadoc at: org.eclipse.jetty.server.AbstractConnector#setMaxIdleTime

{code}
    /* ------------------------------------------------------------ */
    /**
     * Set the maximum Idle time for a connection, which roughly translates to the {@link Socket#setSoTimeout(int)} call, although with NIO implementations
     * other mechanisms may be used to implement the timeout. The max idle time is applied:
     * &lt;ul&gt;
     * &lt;li&gt;When waiting for a new request to be received on a connection&lt;/li&gt;
     * &lt;li&gt;When reading the headers and content of a request&lt;/li&gt;
     * &lt;li&gt;When writing the headers and content of a response&lt;/li&gt;
     * &lt;/ul&gt;
     * Jetty interprets this value as the maximum time between some progress being made on the connection. So if a single byte is read or written, then the
     * timeout (if implemented by jetty) is reset. However, in many instances, the reading/writing is delegated to the JVM, and the semantic is more strictly
     * enforced as the maximum time a single read/write operation can take. Note, that as Jetty supports writes of memory mapped file buffers, then a write may
     * take many 10s of seconds for large content written to a slow device.
     * &lt;p&gt;
     * Previously, Jetty supported separate idle timeouts and IO operation timeouts, however the expense of changing the value of soTimeout was significant, so
     * these timeouts were merged. With the advent of NIO, it may be possible to again differentiate these values (if there is demand).
     *
     * @param maxIdleTime
     *            The maxIdleTime to set.
     */
    public void setMaxIdleTime(int maxIdleTime)
    {
        _maxIdleTime = maxIdleTime;
    }
{code}

",1405702330037
http://sealytics.github.io/ontologies/release-model#Bug-f66618e2-867a-435c-bfea-75d8ec0ff3fb,"There is an unit tests that checks that Camel sets that option correctly
org.apache.camel.component.websocket.WebscoketEndpointConfigurationTest",1405702330037
http://sealytics.github.io/ontologies/release-model#Bug-cc194c82-80d1-4e87-b00e-b14eba4ceb59,"I just checked the feature file of camel-exec (2.12.1) , it has the entry of commons-io. I also installed the camel-exec feature (2.13.0) within apache-karaf-2.3.3. The commons-io bundle was installed without any error.",1398175001301
http://sealytics.github.io/ontologies/release-model#Bug-cc194c82-80d1-4e87-b00e-b14eba4ceb59,"[~jbonofre] do you have free cycles to do this? Otherwise we can do it, as we want to close down on a new Camel release.",1398175001301
http://sealytics.github.io/ontologies/release-model#Bug-b05db7da-fb29-40dd-8827-47babe05ada7,"I did test that option. It does not guarantee that messages are processed in *order* which *is requirement* of my project.
The test fails because it expects that when a message in a queue has an exception next message is not processed until that exceptional condition is over.

Problem.
    1. I  must not pass message out of order - project specific requirement. 
    2. I have lots of source messages and lots of destinations - need to use thread pool to limit Threading overhead. 
    3. Some of these outputs are unavailable for some time ( imagine lots of mobile devices that I could push thing to and they tend to be out of range for most of the time ). 

3&apos;rd point  is not an actual case. I use exceptions as a way to hold processing on one queue when i detect that processing cannot be done yet. Anyways is a similar situation as in 3.rd point.

 
",1405447207279
http://sealytics.github.io/ontologies/release-model#Bug-b05db7da-fb29-40dd-8827-47babe05ada7,That would be Ok... if i didn&apos;t have tens of thousands of these files. Polling with sorting lots of files is really inefficient..,1405447207279
http://sealytics.github.io/ontologies/release-model#Bug-b05db7da-fb29-40dd-8827-47babe05ada7,"You can use the asyncDelayedRedelivery() to avoid the calling of sleep method.
Did you have a chance to test it?",1405447207279
http://sealytics.github.io/ontologies/release-model#Bug-b05db7da-fb29-40dd-8827-47babe05ada7,"Just use maxMessagesPerPoll on the file consumer, and let it rollback if there was a problem. Then you dont need any kind of redelivery and the files are picked up in the order you want, eg if you do any kind of sorting.

The current code in camel-core works as designed. Redelivery is blocked by default. And if you enable async, then redeliveries can happen out of order.

And please use the mailing list / user forum for the initial help, as we say here
http://camel.apache.org/support",1405447207279
http://sealytics.github.io/ontologies/release-model#Bug-64e1c1b1-9f1c-46a1-91aa-236b3c471766,"As the header is useful for the camel route, and camel supports to use message header to override the setting of the CXF endpoint,  we cannot just remove the header simply in the cxf producer.
You can use removeHeader() to remove the operationName header before routing the message to cxf endpoint.
",1392205791380
http://sealytics.github.io/ontologies/release-model#Bug-64e1c1b1-9f1c-46a1-91aa-236b3c471766,"Yes this is working as designed

See for example this FAQ
http://camel.apache.org/how-to-remove-the-http-protocol-headers-in-the-camel-message.html",1392205791380
http://sealytics.github.io/ontologies/release-model#Bug-03d8ba01-c49c-4416-a9ec-c02743316c19,"{{BlueprintPropertiesParser}} uses provided (configured on {{PropertiesComponent}}) parser as delegate (see example with {{JasyptPropertiesParser}}).

The provided use case is rather about making {{propertyPrefix/Suffix}} resolvable against system/env properties and this is how it was resolved.",1400757882431
http://sealytics.github.io/ontologies/release-model#Bug-03d8ba01-c49c-4416-a9ec-c02743316c19,Documentation updated,1400757882431
http://sealytics.github.io/ontologies/release-model#Bug-03d8ba01-c49c-4416-a9ec-c02743316c19,Reopening to update the docs,1400757882431
http://sealytics.github.io/ontologies/release-model#Bug-03d8ba01-c49c-4416-a9ec-c02743316c19,"If I have a custom parser, then I&apos;d expect my custom parser to be used first and then blueprint or default parser afterwards. There are a lot cases that people might want to use combination of them. For instance, in this case, I configured &quot;propertyPrefix&quot; property to use property placeholder $\{container.stage} here:
{code}
&lt;property name=&quot;propertyPrefix&quot; value=&quot;${container.stage}.&quot;/&gt;
{code}
My custom parser basically just tries to look up system property for the value of the property placeholder &quot;container.stage&quot; to decide what environment I am in. Say &quot;dev&quot;, &quot;prod&quot; or &quot;test&quot;. Depends on the value returned by my custom parser, I can either go to blueprint or just default file property to find relevant value. And I still want to use blueprint in this case.

I understand that it was not the intention to support custom parser with blueprint. But I think it is reasonable use case I presented here and more people are going to use blueprint in future so I believe the custom parser with blueprint issue should be addressed in my opinion.",1400757882431
http://sealytics.github.io/ontologies/release-model#Bug-03d8ba01-c49c-4416-a9ec-c02743316c19,"Custom parser is set as the delegate (see for example {{org.apache.camel.component.jasypt.JasyptPropertiesParser}} which decrypts properties which were first resolved by BlueprintParser) and is called after main parser.

If your use case is *only* about making propertyPrefix/propertySuffix resolvable, then maybe better&amp;simpler would be to do it while configuring PropertiesConfigurer than by changing parser-delegate order.",1400757882431
http://sealytics.github.io/ontologies/release-model#Bug-03d8ba01-c49c-4416-a9ec-c02743316c19,"Frankly this has not been the intention to support custom properties parser in OSGi.

So what is the use case for having a custom parser? And having both blueprint and your custom what should happen as there are 2 parsers? So if a property is to be parsed should it use

- use blueprint first, and parse using custom afterwards
- use custom first, and parse using blueprint afterwards
- or something else?
",1400757882431
http://sealytics.github.io/ontologies/release-model#Bug-77f3d3f2-508f-4708-a59d-7b7405f1f1e5,Thanks for the patch.,1380871406423
http://sealytics.github.io/ontologies/release-model#Bug-77f3d3f2-508f-4708-a59d-7b7405f1f1e5,"Github user jfarrell closed the pull request at:

    https://github.com/apache/camel/pull/50
",1380871406423
http://sealytics.github.io/ontologies/release-model#Bug-77f3d3f2-508f-4708-a59d-7b7405f1f1e5,Added unit tests.,1380871406423
http://sealytics.github.io/ontologies/release-model#Bug-77f3d3f2-508f-4708-a59d-7b7405f1f1e5,I have added some filtering of headers in the producer so incompatible headers are not set. I have created a fork on GitHub here https://github.com/davidkeen/camel/tree/rabbitmq-headers. I will update my patchfile to include these changes.,1380871406423
http://sealytics.github.io/ontologies/release-model#Bug-77f3d3f2-508f-4708-a59d-7b7405f1f1e5,Combine git patches into single file.,1380871406423
http://sealytics.github.io/ontologies/release-model#Bug-77f3d3f2-508f-4708-a59d-7b7405f1f1e5,FYI...It&apos;s also copying AMQP well known properties in the headers.,1380871406423
http://sealytics.github.io/ontologies/release-model#Bug-77f3d3f2-508f-4708-a59d-7b7405f1f1e5,I guess we also need to do something on the consumer side to pull out any custom headers into the camel message. I&apos;ve attached a patch for RabbitMQConsumer and RabbitMQEndpoint which should do this but it seems header values may need to be filtered or serialized somehow as com.rabbitmq.client.impl.Frame#fieldValueSize throws an IllegalArgumentException if it receives an object value that is not one of its expected types.,1380871406423
http://sealytics.github.io/ontologies/release-model#Bug-77f3d3f2-508f-4708-a59d-7b7405f1f1e5,Adding Source code change and Unit test case for custom headers support,1380871406423
http://sealytics.github.io/ontologies/release-model#Bug-f7e7d3d8-fb0f-4bf5-aa27-0768afadc62a,"Github user asfgit closed the pull request at:

    https://github.com/apache/camel/pull/223
",1405684445492
http://sealytics.github.io/ontologies/release-model#Bug-f7e7d3d8-fb0f-4bf5-aa27-0768afadc62a,Thanks for the PR,1405684445492
http://sealytics.github.io/ontologies/release-model#Bug-f7e7d3d8-fb0f-4bf5-aa27-0768afadc62a,"GitHub user nkukhar opened a pull request:

    https://github.com/apache/camel/pull/223

    Fix for CAMEL-7611

    Equals and hash code in KeyValueHolder now are consistent.

You can merge this pull request into a Git repository by running:

    $ git pull https://github.com/nkukhar/camel CAMEL-7611

Alternatively you can review and apply these changes as the patch at:

    https://github.com/apache/camel/pull/223.patch

To close this pull request, make a commit to your master/trunk branch
with (at least) the following in the commit message:

    This closes #223
    
----
commit d3a587f0824dc460f8dd78c9bf514abdd301c484
Author: nkukhar &lt;kukhar.n@gmail.com&gt;
Date:   2014-07-19T02:05:40Z

    Fixed equals and hashCode methods to be consistent with java (equals and hashCode) requirements.

commit fa7e7733c8669c9708f7e41b0d9998a8ab48f98e
Author: nkukhar &lt;kukhar.n@gmail.com&gt;
Date:   2014-07-19T02:17:53Z

    Merge branch &apos;master&apos; into CAMEL-7611

----
",1405684445492
http://sealytics.github.io/ontologies/release-model#Bug-cd04ca7c-12cb-47fe-8149-90aa33bc9289,"Can you build a unit test or sample project that reproduces this? 

And do you have a mapping rule in dozer for a class which is not available in the classpath, and you get a NPE? Or how is your use-case special? 

And what do you mean by nested class? Is it a inlined class or something?",1393499040166
http://sealytics.github.io/ontologies/release-model#Bug-cd04ca7c-12cb-47fe-8149-90aa33bc9289,Can you try with latest Dozer 5.5.1 release,1393499040166
http://sealytics.github.io/ontologies/release-model#Bug-cd04ca7c-12cb-47fe-8149-90aa33bc9289,No response from user.,1393499040166
http://sealytics.github.io/ontologies/release-model#Bug-4681e0c8-1ff9-4eda-be18-266438e21687,"Fixed the timer firing during startup of Camel.

The default value of {{delay}} has only been changed in Camel 2.11.",1346057479645
http://sealytics.github.io/ontologies/release-model#Bug-4681e0c8-1ff9-4eda-be18-266438e21687,"It was easier to check in the consumer if camel context status is started, to allow running.

I have also change the delay default from 0 to 1000, to wait 1 sec before firing as well. Just in case to not fire out of the box too fast.",1346057479645
http://sealytics.github.io/ontologies/release-model#Bug-4681e0c8-1ff9-4eda-be18-266438e21687,"For the record, this changes creates a regression for our routes when migrating from ServiceMix 4.4 to ServiceMix 4.5.
The secondary route in which we use this timer populates a cache, which must be initialized before other primary routes in the bundle can use it, otherwise requests sent to these other routes will generate errors.
In our ServiceMix installation with all the other bundles, the bundle with the timer can take from 1 second to 30 seconds to start-up, depending on the machine speed and the number of other bundles which are installed/started at the same time.  
It is therefore very difficult to estimate the time to define for the &quot;delay&quot; variable.  If set too low, the first fire will be ignored and the other primary routes will generate errors until the timer second fire. If set too high, the other primary routes will generate errors until the timer first fire.  
Normally the timer period is set to refresh the cache every several minutes, which leaves a large window where requests end with an error in case the cache failed to initialize.
A solution with a StartupListener would effectively reduce the window of errors to a fraction of a second.
Also, it would help to debug these kind of problems if a &quot;warn&quot; log is added when the first timer fire is ignored.
Can you suggest any &quot;wise&quot; way to solve this problem ?
Thanks.",1346057479645
http://sealytics.github.io/ontologies/release-model#Bug-36ff9d0d-5f42-485f-bc3f-987f0bf68de6,"Applied the patch into camel master, camel-2.13.x and camel-2.12.x.",1399624375813
http://sealytics.github.io/ontologies/release-model#Bug-ef4473f9-81d0-46b0-8460-00686610a00c,"Patch for both quartz/quartz2. Quartz already had similar check, but there was no unit test and condition for SimpleTrigger was broken.",1406047646402
http://sealytics.github.io/ontologies/release-model#Bug-ef4473f9-81d0-46b0-8460-00686610a00c,Fixed case when trigger type changes,1406047646402
http://sealytics.github.io/ontologies/release-model#Bug-9e960c7b-2a9a-40e6-81ff-12392c6527f7,Thanks for reporting.,1380881064204
http://sealytics.github.io/ontologies/release-model#Bug-53f85c17-8bf7-473f-a4af-4b0351b8bc80,"Babak, you got this fixed. Is it also merged to 2.11 and 2.12 branches? If so many you can resolve this ticket?",1381494643036
http://sealytics.github.io/ontologies/release-model#Bug-53f85c17-8bf7-473f-a4af-4b0351b8bc80,Yeah this issue is now resolved through CAMEL-6874 and has *only* been backported to the 2.12 branch where the problem started *after* the fix of CAMEL-5932.,1381494643036
http://sealytics.github.io/ontologies/release-model#Bug-42e6815a-cd50-4f17-aadc-9fe3518411ed,I think this issue has to be fixed on the mqtt-client site.,1378727899170
http://sealytics.github.io/ontologies/release-model#Bug-42e6815a-cd50-4f17-aadc-9fe3518411ed,Thanks. I think it working :-) I haven&apos;t had a deadlock so far ....,1378727899170
http://sealytics.github.io/ontologies/release-model#Bug-42e6815a-cd50-4f17-aadc-9fe3518411ed,The word on the street is that this should be fixed in MQTT 1.7 client.,1378727899170
http://sealytics.github.io/ontologies/release-model#Bug-42e6815a-cd50-4f17-aadc-9fe3518411ed,"Yes its a bug in 3rd party library
https://github.com/fusesource/mqtt-client/issues/23",1378727899170
http://sealytics.github.io/ontologies/release-model#Bug-42e6815a-cd50-4f17-aadc-9fe3518411ed,"Ok, now we have cyclic references between Apache Camel here and MQTT Client on GitHub . ;-) Thats&apos;s fine, but what next? I&apos;ve tried to get close to the problem, but without real success. So, does anyone have an idea where to start? ",1378727899170
http://sealytics.github.io/ontologies/release-model#Bug-1e9e0dbe-1c8e-4fba-a803-5c99ee5428a9,Thanks,1408613463810
http://sealytics.github.io/ontologies/release-model#Bug-1e9e0dbe-1c8e-4fba-a803-5c99ee5428a9,"Github user asfgit closed the pull request at:

    https://github.com/apache/camel/pull/248
",1408613463810
http://sealytics.github.io/ontologies/release-model#Bug-1e9e0dbe-1c8e-4fba-a803-5c99ee5428a9,"GitHub user romanjakubco opened a pull request:

    https://github.com/apache/camel/pull/248

    CAMEL-7730 

    

You can merge this pull request into a Git repository by running:

    $ git pull https://github.com/romanjakubco/camel CAMEL-7730

Alternatively you can review and apply these changes as the patch at:

    https://github.com/apache/camel/pull/248.patch

To close this pull request, make a commit to your master/trunk branch
with (at least) the following in the commit message:

    This closes #248
    
----
commit 7e699997bdad65ee89129055db7f97b7dd922942
Author: Roman Jakubco &lt;rjakubco@redhat.com&gt;
Date:   2014-08-21T14:38:57Z

    CAMEL-7730 plus added junit test for this bug

----
",1408613463810
http://sealytics.github.io/ontologies/release-model#Bug-ac837e05-15ec-44cb-8925-fb8c0474c426,Duplicate of CAMEL-6918,1383071987317
http://sealytics.github.io/ontologies/release-model#Bug-84ab904d-a4fd-46f2-b7b0-d115fc1ac857,"Applied the patch into camel master, camel-2.13.x and camel-2.12.x branches.",1396334378466
http://sealytics.github.io/ontologies/release-model#Bug-4f5ed833-946a-4f33-8ea5-1105250879c0,Thanks for reporting.,1370864376303
http://sealytics.github.io/ontologies/release-model#Bug-44ddb24a-777f-46fd-b9d4-51a0f22ba505,Thanks for reporting.,1389655293177
http://sealytics.github.io/ontologies/release-model#Bug-ef6e529b-a1e7-4152-8091-bc97d8d92a3f,"Thanks Daniel, now it works.

I was just wondering why it was working, before the fetch from github repository, with simple

{code}
mvn eclipse:eclipse
{code}

Anyway thanks,
Bye,
Andrea",1408609817229
http://sealytics.github.io/ontologies/release-model#Bug-ef6e529b-a1e7-4152-8091-bc97d8d92a3f,"Use the setup.eclipse profile:

{code}
mvn -Psetup.eclipse
{code}

You may need to pass the location of your workspace:

{code}
mvn -Psetup.eclipse -Declipse.workspace.dir=/path/to/your/workspace
{code}

to make sure all the checkstyle and things are wired in.  Somewhat documented at http://camel.apache.org/building.html
",1408609817229
http://sealytics.github.io/ontologies/release-model#Bug-d507942f-0550-4577-90ec-b0cafd251b5b,Fixed by that other ticket,1406210786806
http://sealytics.github.io/ontologies/release-model#Bug-d507942f-0550-4577-90ec-b0cafd251b5b,"So does none of the DefaultMessageHistory have any data, eg are they all empty for routeId, and the other fields?

",1406210786806
http://sealytics.github.io/ontologies/release-model#Bug-d507942f-0550-4577-90ec-b0cafd251b5b,"[~davsclaus] â€“ at first sight it seems so. See attached screenshot ([^Screen Shot 2014-07-24 at 15.32.05.png]). I&apos;m running an OQL query to confirm, though. Will post back the results. I&apos;ve also made myself available on IRC in case you&apos;d like to use that channel.",1406210786806
http://sealytics.github.io/ontologies/release-model#Bug-d507942f-0550-4577-90ec-b0cafd251b5b,"The issue seems to be that request/reply over JMS having replies not coming back within the timeout period, so a timeout is triggered, and being processed. But a NPE is being thrown somewhere during the onTimeout, which causes the timeout entry to not be removed, and reprocessed the next time the timeout eviction process is being run (by default every 1 sec). So this can also be seen from the headdump that the entries are 1 second apart.

CAMEL-7636 should fix the issue so the entry is being removed in cause of an exception. But the NPE may be triggered in some end user code or something, so best to track that down.",1406210786806
http://sealytics.github.io/ontologies/release-model#Bug-62345976-6c49-4fa9-8cdb-5a803b461c54,"Thanks for reporting, and the PR.",1407350939469
http://sealytics.github.io/ontologies/release-model#Bug-62345976-6c49-4fa9-8cdb-5a803b461c54,"Github user asfgit closed the pull request at:

    https://github.com/apache/camel/pull/258
",1407350939469
http://sealytics.github.io/ontologies/release-model#Bug-62345976-6c49-4fa9-8cdb-5a803b461c54,"GitHub user neoramon opened a pull request:

    https://github.com/apache/camel/pull/258

    CAMEL-7665

    RabbitMq don&apos;t reject messages when consumer or endpoint fail.

You can merge this pull request into a Git repository by running:

    $ git pull https://github.com/neoramon/camel master

Alternatively you can review and apply these changes as the patch at:

    https://github.com/apache/camel/pull/258.patch

To close this pull request, make a commit to your master/trunk branch
with (at least) the following in the commit message:

    This closes #258
    
----
commit ba230db56fa903e10c790da82e98a287c9662baf
Author: neoramon &lt;neoramon@gmail.com&gt;
Date:   2014-08-29T19:42:12Z

    CAMEL-7665
    RabbitMq don&apos;t reject messages when consumer or endpoint fail.

----
",1407350939469
http://sealytics.github.io/ontologies/release-model#Bug-62345976-6c49-4fa9-8cdb-5a803b461c54,"GitHub user neoramon opened a pull request:

    https://github.com/apache/camel/pull/264

    CAMEL-7665

    RabbitMq don&apos;t reject messages when consumer or endpoint fail.

You can merge this pull request into a Git repository by running:

    $ git pull https://github.com/neoramon/camel master

Alternatively you can review and apply these changes as the patch at:

    https://github.com/apache/camel/pull/264.patch

To close this pull request, make a commit to your master/trunk branch
with (at least) the following in the commit message:

    This closes #264
    
----
commit 668316f0a06da0664765e64b12cf45e3dc451fab
Author: neoramon &lt;neoramon@gmail.com&gt;
Date:   2014-09-10T22:32:31Z

    CAMEL-7665
    RabbitMq don&apos;t reject messages when consumer or endpoint fail.

----
",1407350939469
http://sealytics.github.io/ontologies/release-model#Bug-62345976-6c49-4fa9-8cdb-5a803b461c54,"Github user neoramon closed the pull request at:

    https://github.com/apache/camel/pull/264
",1407350939469
http://sealytics.github.io/ontologies/release-model#Bug-3c8aeb8a-b56a-420e-b315-747c20627fa1,"The links in HTML Javadocs looks like this:
{code:html}
&lt;a href=&quot;../../../../../../org/apache/camel/component/linkedin/api/CommentsResource.html#getComment(java.lang.String,%20java.lang.String)&quot;&gt;getComment&lt;/a&gt;
{code}
",1405936548206
http://sealytics.github.io/ontologies/release-model#Bug-3c8aeb8a-b56a-420e-b315-747c20627fa1,https://github.com/apache/camel/commit/049923e285f8f81670fcf1bfe523ba6f9dd8a19a,1405936548206
http://sealytics.github.io/ontologies/release-model#Bug-8ffa9c87-ba27-4a30-b9f6-466d2f8f3e54,"Hi Claus, thanks for your review.
Beware that I needed to remove the check for &quot;started&quot; in the &quot;isTaskAllowedToRun&quot; method, because the state is still &quot;starting&quot; at this point.
It can be seen in the method &quot;start&quot; of class &quot;ServiceSupport&quot; : 
- firstly &quot;doStart&quot; is called, where the &quot;onCamelContextStarted&quot; is called.
- secondly, &quot;started.set(true)&quot; is called.

My observation was that there was a race condition : 
- if the &quot;scheduleAtFixedRate&quot; is very fast to run, the camel context is still in &quot;starting&quot; state.
- if the &quot;scheduleAtFixedRate&quot; takes a few milliseconds longer to run, the camel context will enter the &quot;started&quot; state before.

Typically, the timer was fired when I was connected with my debugger and not fired without debugger, so I guess the race condition window is really small.",1395143146460
http://sealytics.github.io/ontologies/release-model#Bug-8ffa9c87-ba27-4a30-b9f6-466d2f8f3e54,"Thanks for reporting and providing the patch.

I modified the code a bit to have it work with the unit tests.",1395143146460
http://sealytics.github.io/ontologies/release-model#Bug-8ffa9c87-ba27-4a30-b9f6-466d2f8f3e54,"This works as designed with the startup listener.

Your design to use a timer route to populate a cache is bad. You should just use a &lt;bean&gt; with a init method to do that.",1395143146460
http://sealytics.github.io/ontologies/release-model#Bug-e9d585c3-890a-4c60-ba61-c2adfe07aef0,"Yeah the bug is that you have 2 nested and that they both start and end the string. So you hit a bug that assume this was only 1 nested.

Working on a fix.",1392045659059
http://sealytics.github.io/ontologies/release-model#Bug-e9d585c3-890a-4c60-ba61-c2adfe07aef0,"Now that CAMEL-7429 is fixed, I&apos;ve executed the provided test and it passes",1392045659059
http://sealytics.github.io/ontologies/release-model#Bug-e9d585c3-890a-4c60-ba61-c2adfe07aef0,Thanks its fixed by another ticket,1392045659059
http://sealytics.github.io/ontologies/release-model#Bug-3f672229-e661-4896-a269-cb06838cc147,"Willem, it is nothing to do with CXF clearing the thread-local proxies on the invocation thread exiting for whatever reasons.

The reason for this NPE is that we have a single Jackson JAX-RS provider shared between multiple CXFRS components - this is in itself is fine, we have a test where a single Jackson provider instance is shared between few endpoints. The problem is the components in the route have different CXF bus instances =&gt; the server endpoint injects a thread local proxy into Jackson while the client being injected with a different bus - another one which overrides the server-injected one, therefore the server thinking it has a proper local proxy injects the current value into it bur the provider points to another thread local proxy.

It is a bit of a mess unfortunately.

I&apos;ve managed to get past the NPE but updating it like this:

{code:xml}
        &lt;bean class=&quot;org.apache.cxf.bus.blueprint.BlueprintBus&quot; id=&quot;jaxrs&quot;&gt;
            &lt;property name=&quot;id&quot; value=&quot;jaxrs&quot;/&gt;
        &lt;/bean&gt;

	&lt;cxf:rsServer id=&quot;Service1&quot; address=&quot;http://localhost:8182&quot;
		serviceClass=&quot;com.mycompany.camel.blueprint.jackson.ServiceOne&quot;
		loggingFeatureEnabled=&quot;true&quot;
                bus=&quot;jaxrs&quot;&gt;
		&lt;cxf:providers&gt;
			&lt;ref component-id=&quot;jsonProvider&quot; /&gt;
		&lt;/cxf:providers&gt;
	&lt;/cxf:rsServer&gt;
        &lt;!-- and also injecting the bus references for clients --&gt;
{code}

and then adding a bus ref

{code:xml}

&lt;from uri=&quot;cxfrs:bean:Service1?bus=#jaxrs&quot; /&gt;

&lt;!-- same for to: --&gt;
{code}

Another work-around is to register a unique Jackson provider per the component, but that is not cool.

This got me past NPE but I hit:

{noformat}
Caused by: org.codehaus.jackson.map.JsonMappingException: No serializer found for class org.apache.cxf.helpers.LoadingByteArrayOutputStream$1 and no properties discovered to create BeanSerializer (to avoid exception, disable SerializationConfig.Feature.FAIL_ON_EMPTY_BEANS) )
	at org.codehaus.jackson.map.ser.impl.UnknownSerializer.failForEmpty(UnknownSerializer.java:52)[197:jackson-mapper-asl:1.9.13]
{noformat}

I think we are actually hitting the problem to do with Jackson blindly accepting all types including InputStream, I&apos;ll play a bit more with it; CXF should also be enhanced to allow the thread local contexts shared between different buses
",1390409210836
http://sealytics.github.io/ontologies/release-model#Bug-3f672229-e661-4896-a269-cb06838cc147,"Hi Sergey,

Thanks for the link. 
It looks there is an bus injection issue in camel-cxfrs blueprint parser, I will dig the code to see if I can do some work on the camel-cxf side to make sure the bus are injected rightly.

Regards,

Willem",1390409210836
http://sealytics.github.io/ontologies/release-model#Bug-3f672229-e661-4896-a269-cb06838cc147,Fixed logging issue in service3,1390409210836
http://sealytics.github.io/ontologies/release-model#Bug-3f672229-e661-4896-a269-cb06838cc147,"Update:

Looks like, on the first invocation, all three services are called and the NPE occurs when the entry-point service is sending its response. Upon subsequent invocations, there is an immediate NPE during invocation of the entry-point service.",1390409210836
http://sealytics.github.io/ontologies/release-model#Bug-3f672229-e661-4896-a269-cb06838cc147,"Hi Sergey,

Thanks for digging this issue. If you did some change in the CXF side, could you please add a comment with the CXF JIRA?
It could be easy for the user to follow the fix of CXF.

Regards,

Willem",1390409210836
http://sealytics.github.io/ontologies/release-model#Bug-3f672229-e661-4896-a269-cb06838cc147,"Hi Willem, I see you&apos;ve added the tests validating the bus injection works , thanks.

I&apos;ve created 

https://issues.apache.org/jira/browse/CXF-5551 

but it is to do with the fact that creating a custom bus with a name other than &quot;cxf&quot; in the context via the CXF Blueprint namespace handler does not really work; I guess CXF-5551 is a pure CXF issue, unless you see this being actually a CXF RS Blueprint parser issue, I&apos;ve looked at the Camel code, it seems OK to me, please double check.

Cheers, Sergey

",1390409210836
http://sealytics.github.io/ontologies/release-model#Bug-3f672229-e661-4896-a269-cb06838cc147,"Hi David,

You user case is more complicated than the other CXFRS application, I suggest you use camel-jetty and camel-http to implement the REST proxy server with more control on you side.
 
In the code of CXF, the rs server clean the proxy thread local context when it suspend the invocation.  But in your rs client side it may still need to access the thread local information when it get the response message.

Can you change the enter point of camel route in camel-blueprint-jackson like this?
{code}
...
  &lt;route id=&quot;twBusinessRoute&quot;&gt;
                        &lt;from uri=&quot;cxfrs:bean:Service1?Synchronous=false&quot; /&gt;
...
{code}
The Synchronous option can make sure the request and response are handled in the same thread.

Regards,

Willem
",1390409210836
http://sealytics.github.io/ontologies/release-model#Bug-3f672229-e661-4896-a269-cb06838cc147,"Hi Willem, thanks for the help on your end; I guess this issue becomes resolved then ? The only other thing that is worth testing, may be independently, is that the original route as defined by David works (with Jackson &amp; with no custom bus) - with CXF 3.0.0-miltesone2, when it&apos;s out, but it can be done later 
Cheers, Sergey",1390409210836
http://sealytics.github.io/ontologies/release-model#Bug-3f672229-e661-4896-a269-cb06838cc147,"Hi Sergey,

I just did a quick test with karaf 2.3.3, camel-2.13-SNAPSHOT and CXF 2.7.10, the NPE is gone.

Regards,

Willem",1390409210836
http://sealytics.github.io/ontologies/release-model#Bug-3f672229-e661-4896-a269-cb06838cc147,"Thanks for your work on this. I am still interested in testing the original route. I&apos;ll try to do so when I get a chance, but not sure when I&apos;ll get to that since I&apos;m not working with Camel at the moment.",1390409210836
http://sealytics.github.io/ontologies/release-model#Bug-3f672229-e661-4896-a269-cb06838cc147,"David, Willem, see the attached files, it all works nicely if we use a custom bus (will not be needed starting from CXF 2.7.10) and drop Jackson: it accepts InputStream and then chokes on it (this won&apos;t be a problem with CXF 3.0.0, with JAX-RS 2.0 requiring that the default providers take care of types like InputStream, etc). ",1390409210836
http://sealytics.github.io/ontologies/release-model#Bug-3f672229-e661-4896-a269-cb06838cc147,CXF-5542 fix will let users avoid introducing shared custom CXF buses as shown in the attached files ,1390409210836
http://sealytics.github.io/ontologies/release-model#Bug-3f672229-e661-4896-a269-cb06838cc147,"A workaround for this is to wire your own ObjectMapper and use it to instantiate the JacksonJsonProvider. This way, the provider won&apos;t attempt to store the mapper on the thread local context.

	&lt;bean id=&quot;jacksonMapper&quot; class=&quot;org.codehaus.jackson.map.ObjectMapper&quot; /&gt;
	&lt;bean id=&quot;jsonProvider&quot; class=&quot;org.codehaus.jackson.jaxrs.JacksonJsonProvider&quot;&gt;
		&lt;argument ref=&quot;jacksonMapper&quot;/&gt;
	&lt;/bean&gt;

",1390409210836
http://sealytics.github.io/ontologies/release-model#Bug-3f672229-e661-4896-a269-cb06838cc147,CXF-5551 is a non issue; updated jaxrs-beans.xml,1390409210836
http://sealytics.github.io/ontologies/release-model#Bug-3f672229-e661-4896-a269-cb06838cc147,"Willem or David (if you are still interested) - can you please confirm independently it will work with CXF 2.7.10 when it is out ? if you will, please use the attached files first, next - remove a reference to the custom bus - this should not be needed with CXF 2.7.10. And as I said, with CXF 3.0.0 the original route definition is expected to work as is, i.e, no custom bus and jettison references",1390409210836
http://sealytics.github.io/ontologies/release-model#Bug-3f672229-e661-4896-a269-cb06838cc147,"Reproducer project, contains a camel route project (camel-blueprint-jackson), a project with shared class (model), and two additional REST services to be called by the camel route (service2 and service3).",1390409210836
http://sealytics.github.io/ontologies/release-model#Bug-29d11beb-8a0f-4189-b6a3-ba9902de68ec,Thanks for reporting and the patch.,1381425078394
http://sealytics.github.io/ontologies/release-model#Bug-3e283fce-dde0-4a14-bb4b-76d6dfae840d,Fixed in 9b7ab4263f1c99c230f0bc5089c2f200b63a5fb2.,1392567766797
http://sealytics.github.io/ontologies/release-model#Bug-578411b8-dab0-44fd-b6ea-7d1f1e28135a,"camel-script component just can get result for one line expression.
If you want to run a more complicated scripts, the script engine can store the statements values into a value set.  I just did some change in the camel ScriptBuilder to look up the result value by using the key of &quot;result&quot;.  Now I can get the result in multiple statements.
",1404556267723
http://sealytics.github.io/ontologies/release-model#Bug-eb8ef4e2-f87a-4760-a81b-c494d40e6349,"Okay I think I found the issue.

camel-mvel JAR has flawed MANIFEST.MF generated by the tooling.

This is the packages it imports:
{code}
Import-Package: org.apache.camel;version=&quot;[2.11,2.12)&quot;,org.apache.camel.
 language;version=&quot;[2.11,2.12)&quot;,org.apache.camel.support;version=&quot;[2.11,
 2.12)&quot;,org.mvel2;version=&quot;[2.1,3)&quot;
{code}

So we import these packages from Camel
- org.apache.camel
- org.apache.camel.language
- org.apache.camel.support

But we need to import the spi package, which is in fact used by the MvelLanguage.java file.
See the import in the top of its source code

{code}
package org.apache.camel.language.mvel;

import org.apache.camel.Expression;
import org.apache.camel.Predicate;
import org.apache.camel.spi.Language;
import org.apache.camel.support.LanguageSupport;

/**
 * An &lt;a href=&quot;http://mvel.codehaus.org/&quot;&gt;MVEL&lt;/a&gt; {@link Language} plugin
 * 
 * @version 
 */
public class MvelLanguage extends LanguageSupport {

    public Predicate createPredicate(String expression) {
        expression = loadResource(expression);
        return new MvelExpression(this, expression, Boolean.class);
    }

    public Expression createExpression(String expression) {
        expression = loadResource(expression);
        return new MvelExpression(this, expression, Object.class);
    }

}
{code}
",1360477096155
http://sealytics.github.io/ontologies/release-model#Bug-eb8ef4e2-f87a-4760-a81b-c494d40e6349,"And this is the generated MANIFEST.MF file from Camel 2.10.3 release.
Notice it has import of &quot;org.apache.camel.spi&quot;

{code}
Import-Package: org.apache.camel;version=&quot;[2.10,2.11)&quot;,org.apache.camel.
 language;version=&quot;[2.10,2.11)&quot;,org.apache.camel.spi;version=&quot;[2.10,2.11
 )&quot;,org.apache.camel.support;version=&quot;[2.10,2.11)&quot;,org.mvel2;version=&quot;[2
 .0,3)&quot;
Karaf-Info: Camel;camel-mvel=2.10.3
{code}",1360477096155
http://sealytics.github.io/ontologies/release-model#Bug-eb8ef4e2-f87a-4760-a81b-c494d40e6349,"I had to force adding the spi package, and not the MANIFEST.MF has that package included out of the box.",1360477096155
http://sealytics.github.io/ontologies/release-model#Bug-eb8ef4e2-f87a-4760-a81b-c494d40e6349,And also for Camel 2.10.3 in Karaf 2.3.0,1360477096155
http://sealytics.github.io/ontologies/release-model#Bug-eb8ef4e2-f87a-4760-a81b-c494d40e6349,"Probably the same error for jsonpath language implementation:

{code}
2014-05-08 16:08:21,179 | ERROR | ExtenderThread-8 | ContextLoaderListener            | 141 - org.springframework.osgi.extender - 1.2.1 | Application context refresh failed (OsgiBundleXmlApplicationContext(bundle=cbonds-adapter, config=osgibundle:/META-INF/spring/*.xml))
org.apache.camel.RuntimeCamelException: org.apache.camel.FailedToCreateRouteException: Failed to create route update-route at: &gt;&gt;&gt; Choice[[When[jsonpath{$.items} -&gt; [Log[Json ${body}], process[ref:updateProcessor], To[mock:parsed]]], When[jsonpath{$.error} -&gt; [Log[Json Error ${body}], Stop]]] Otherwise[[Log[Json Other ${body}], Stop]]] &lt;&lt;&lt; in route: Route(update-route)[[From[direct:update-table]] -&gt; [OnExcept... because of No language could be found for: jsonpath
	at org.apache.camel.util.ObjectHelper.wrapRuntimeCamelException(ObjectHelper.java:1363)[136:org.apache.camel.camel-core:2.13.0]
	at org.apache.camel.spring.SpringCamelContext.onApplicationEvent(SpringCamelContext.java:122)[144:org.apache.camel.camel-spring:2.13.0]
	at org.apache.camel.spring.CamelContextFactoryBean.onApplicationEvent(CamelContextFactoryBean.java:316)[144:org.apache.camel.camel-spring:2.13.0]
	at org.springframework.context.event.SimpleApplicationEventMulticaster.multicastEvent(SimpleApplicationEventMulticaster.java:96)[127:org.springframework.context:3.2.4.RELEASE]
	at org.springframework.context.support.AbstractApplicationContext.publishEvent(AbstractApplicationContext.java:334)[127:org.springframework.context:3.2.4.RELEASE]
	at org.springframework.context.support.AbstractApplicationContext.finishRefresh(AbstractApplicationContext.java:948)[127:org.springframework.context:3.2.4.RELEASE]
	at org.springframework.osgi.context.support.AbstractOsgiBundleApplicationContext.finishRefresh(AbstractOsgiBundleApplicationContext.java:235)[140:org.springframework.osgi.core:1.2.1]
	at org.springframework.osgi.context.support.AbstractDelegatedExecutionApplicationContext$4.run(AbstractDelegatedExecutionApplicationContext.java:358)[140:org.springframework.osgi.core:1.2.1]
	at org.springframework.osgi.util.internal.PrivilegedUtils.executeWithCustomTCCL(PrivilegedUtils.java:85)[140:org.springframework.osgi.core:1.2.1]
	at org.springframework.osgi.context.support.AbstractDelegatedExecutionApplicationContext.completeRefresh(AbstractDelegatedExecutionApplicationContext.java:320)[140:org.springframework.osgi.core:1.2.1]
	at org.springframework.osgi.extender.internal.dependencies.startup.DependencyWaiterApplicationContextExecutor$CompleteRefreshTask.run(DependencyWaiterApplicationContextExecutor.java:132)[141:org.springframework.osgi.extender:1.2.1]
	at java.lang.Thread.run(Thread.java:745)[:1.7.0_55]
Caused by: org.apache.camel.FailedToCreateRouteException: Failed to create route update-route at: &gt;&gt;&gt; Choice[[When[jsonpath{$.items} -&gt; [Log[Json ${body}], process[ref:updateProcessor], To[mock:parsed]]], When[jsonpath{$.error} -&gt; [Log[Json Error ${body}], Stop]]] Otherwise[[Log[Json Other ${body}], Stop]]] &lt;&lt;&lt; in route: Route(update-route)[[From[direct:update-table]] -&gt; [OnExcept... because of No language could be found for: jsonpath
	at org.apache.camel.model.RouteDefinition.addRoutes(RouteDefinition.java:910)[136:org.apache.camel.camel-core:2.13.0]
	at org.apache.camel.model.RouteDefinition.addRoutes(RouteDefinition.java:175)[136:org.apache.camel.camel-core:2.13.0]
	at org.apache.camel.impl.DefaultCamelContext.startRoute(DefaultCamelContext.java:778)[136:org.apache.camel.camel-core:2.13.0]
	at org.apache.camel.impl.DefaultCamelContext.startRouteDefinitions(DefaultCamelContext.java:2041)[136:org.apache.camel.camel-core:2.13.0]
	at org.apache.camel.impl.DefaultCamelContext.doStartCamel(DefaultCamelContext.java:1791)[136:org.apache.camel.camel-core:2.13.0]
	at org.apache.camel.impl.DefaultCamelContext.doStart(DefaultCamelContext.java:1665)[136:org.apache.camel.camel-core:2.13.0]
	at org.apache.camel.support.ServiceSupport.start(ServiceSupport.java:61)[136:org.apache.camel.camel-core:2.13.0]
	at org.apache.camel.impl.DefaultCamelContext.start(DefaultCamelContext.java:1633)[136:org.apache.camel.camel-core:2.13.0]
	at org.apache.camel.spring.SpringCamelContext.maybeStart(SpringCamelContext.java:254)[144:org.apache.camel.camel-spring:2.13.0]
	at org.apache.camel.spring.SpringCamelContext.onApplicationEvent(SpringCamelContext.java:120)[144:org.apache.camel.camel-spring:2.13.0]
	... 10 more
Caused by: org.apache.camel.NoSuchLanguageException: No language could be found for: jsonpath
	at org.apache.camel.core.osgi.OsgiLanguageResolver.resolveLanguage(OsgiLanguageResolver.java:63)[144:org.apache.camel.camel-spring:2.13.0]
	at org.apache.camel.impl.DefaultCamelContext.resolveLanguage(DefaultCamelContext.java:1135)[136:org.apache.camel.camel-core:2.13.0]
	at org.apache.camel.model.language.ExpressionDefinition.createPredicate(ExpressionDefinition.java:154)[136:org.apache.camel.camel-core:2.13.0]
	at org.apache.camel.model.language.ExpressionDefinition.createPredicate(ExpressionDefinition.java:143)[136:org.apache.camel.camel-core:2.13.0]
	at org.apache.camel.model.ExpressionNode.createPredicate(ExpressionNode.java:120)[136:org.apache.camel.camel-core:2.13.0]
	at org.apache.camel.model.ExpressionNode.createFilterProcessor(ExpressionNode.java:110)[136:org.apache.camel.camel-core:2.13.0]
	at org.apache.camel.model.WhenDefinition.createProcessor(WhenDefinition.java:77)[136:org.apache.camel.camel-core:2.13.0]
	at org.apache.camel.model.WhenDefinition.createProcessor(WhenDefinition.java:31)[136:org.apache.camel.camel-core:2.13.0]
	at org.apache.camel.model.ProcessorDefinition.createProcessor(ProcessorDefinition.java:459)[136:org.apache.camel.camel-core:2.13.0]
	at org.apache.camel.model.ChoiceDefinition.createProcessor(ChoiceDefinition.java:135)[136:org.apache.camel.camel-core:2.13.0]
	at org.apache.camel.model.ProcessorDefinition.makeProcessor(ProcessorDefinition.java:499)[136:org.apache.camel.camel-core:2.13.0]
	at org.apache.camel.model.ProcessorDefinition.addRoutes(ProcessorDefinition.java:212)[136:org.apache.camel.camel-core:2.13.0]
	at org.apache.camel.model.RouteDefinition.addRoutes(RouteDefinition.java:907)[136:org.apache.camel.camel-core:2.13.0]
	... 19 more
{code}",1360477096155
http://sealytics.github.io/ontologies/release-model#Bug-eb8ef4e2-f87a-4760-a81b-c494d40e6349,"Okay camel-mvel does not export the language as a service in OSGi.
Its just empty for camel-mvel


It works for groovy etc
camel-groovy (88) provides:
---------------------------
language = groovy
objectClass = org.apache.camel.spi.LanguageResolver
service.id = 232
",1360477096155
http://sealytics.github.io/ontologies/release-model#Bug-eb8ef4e2-f87a-4760-a81b-c494d40e6349,This is also a problem for blueprint. The language cannot be resolved due its not registered in the osgi service registry.,1360477096155
http://sealytics.github.io/ontologies/release-model#Bug-eb8ef4e2-f87a-4760-a81b-c494d40e6349,"It works for Camel 2.10.3 in Karaf 2.2.10:

[  75] [Active     ] [            ] [       ] [   50] Apache ServiceMix :: Bundles :: mvel2 (2.0.18.3)
[  76] [Active     ] [            ] [       ] [   50] camel-mvel (2.10.3)
karaf@root&gt; ls 76
You are about to access system bundle 76.  Do you wish to continue (yes/no): 
camel-mvel (76) provides:
-------------------------
language = mvel
objectClass = org.apache.camel.spi.LanguageResolver
service.id = 212",1360477096155
http://sealytics.github.io/ontologies/release-model#Bug-1e40707a-aa09-452d-8601-9d20a0094eda,"Fix committed to master branch
https://git-wip-us.apache.org/repos/asf/camel/repo?p=camel.git;a=commit;h=6984401aad894c4cd4bbfbaddd263e920a9ee3ae",1410462616035
http://sealytics.github.io/ontologies/release-model#Bug-ccf11cd2-e61c-4a6c-b90b-f9c0faac716e,"Fix pushed to master and merged into camel-2.14.x

https://git-wip-us.apache.org/repos/asf/camel/repo?p=camel.git;a=commit;h=0d94bfe0c92a93d0a097fc77967385f2afea60a4",1410838148402
http://sealytics.github.io/ontologies/release-model#Bug-5b12c5a0-0d84-4ef9-a765-039af2ed4f90,Thanks for reporting and the patch.,1386624332728
http://sealytics.github.io/ontologies/release-model#Bug-5b12c5a0-0d84-4ef9-a765-039af2ed4f90,All tests (including the ignored Elgamal test) pass for me with this patch.,1386624332728
http://sealytics.github.io/ontologies/release-model#Bug-5b12c5a0-0d84-4ef9-a765-039af2ed4f90,"I think the PGPDataFormatElGamalTest is failing in master, but it&apos;s not visible in the build because the test is marked with the Ignore annotation (because JCE unlimited strength isn&apos;t on the build server). I&apos;ll provide a proposed patch soon.",1386624332728
http://sealytics.github.io/ontologies/release-model#Bug-f1783f11-f3a2-4d39-946c-e359893c057d,Thanks for the patch.,1379657817946
http://sealytics.github.io/ontologies/release-model#Bug-f1783f11-f3a2-4d39-946c-e359893c057d,btw... also give a try w/ java 1.6.. curious if that plays a role,1379657817946
http://sealytics.github.io/ontologies/release-model#Bug-f1783f11-f3a2-4d39-946c-e359893c057d,CAMEL-5704 also demonstrates nested split issues.,1379657817946
http://sealytics.github.io/ontologies/release-model#Bug-f1783f11-f3a2-4d39-946c-e359893c057d,"It would be best to recreate this. Can you post an isolated test case that reproduces this?

Or you can take a look at the test I hacked together here and get it to fail w/  your use case:

https://github.com/christian-posta/camel-sandbox/blob/master/camel-2.11.1-issues/src/test/java/posta/Camel6771Test.java

",1379657817946
http://sealytics.github.io/ontologies/release-model#Bug-f1783f11-f3a2-4d39-946c-e359893c057d,"This should fix the problem.  I was having trouble creating a unit test that reliably reproduces the issue, so I didn&apos;t include it in this patch.  Basically, instead of using a HashMap, I&apos;m using a ConcurrentHashMap to store the MulticastProcessor -&gt; AggreationStrategy map.",1379657817946
http://sealytics.github.io/ontologies/release-model#Bug-cd69e76d-dfdb-427a-9700-c91d6e84e660,"Event is your class, right?

According to the documentation here:

http://camel.apache.org/type-converter.html

The method signature should be:

{code}
public static &lt;T&gt; T convertTo(Class&lt;T&gt; type, Exchange exchange, Object value, TypeConverterRegistry registry);
{code}

So, using Event as the parameter type wasn&apos;t supposed to work (would have to dig to find out why it did), necessarily in the first place.  You&apos;ll probably need to do an instanceof or isAssignableFrom check on the parameter in order to implement your @FallbackConverter method.  Hope that helps.",1383331675937
http://sealytics.github.io/ontologies/release-model#Bug-cd69e76d-dfdb-427a-9700-c91d6e84e660,Looks like the user was unknowingly capitalizing on a bug in the oder code.  The user has fixed the issue on their end.,1383331675937
http://sealytics.github.io/ontologies/release-model#Bug-cd69e76d-dfdb-427a-9700-c91d6e84e660,"Thanks for closing, Sree.  I haven&apos;t had time to dig in to see why this works, yet.  If I get a chance, I&apos;ll put a comment on here.",1383331675937
http://sealytics.github.io/ontologies/release-model#Bug-cd69e76d-dfdb-427a-9700-c91d6e84e660,"I have figured out that  fallback converter which I coded up is causing this issue in all versions starting from 2.9.3. This is of course working perfectly good in camel 2.9.2.

When I put this converter along with POJO declared as a bean to do some conversion, camel is trying to convert this  POJO into org.apache.camel.Processor.

Attaching the stack trace and FallBackConverterCode. It is really weird that one piece of code breaks something totally unrelated from user standpoint.",1383331675937
http://sealytics.github.io/ontologies/release-model#Bug-cd69e76d-dfdb-427a-9700-c91d6e84e660,"Yeah Event is my class. And, I did fix this issue with an instanceof.

Thanks James for your attention to this issue. If you do find the root cause why it worked in the first place, please let me know.",1383331675937
http://sealytics.github.io/ontologies/release-model#Bug-cd69e76d-dfdb-427a-9700-c91d6e84e660,FallBackConverter,1383331675937
http://sealytics.github.io/ontologies/release-model#Bug-cd69e76d-dfdb-427a-9700-c91d6e84e660,It looks like the code in question was introduced when fixing this issue.,1383331675937
http://sealytics.github.io/ontologies/release-model#Bug-cd69e76d-dfdb-427a-9700-c91d6e84e660,"Sree, take a look at this example:

https://github.com/jwcarman/camel-sandbox/blob/master/src/test/java/com/carmanconsulting/sandbox/camel/BeanTransformTest.java

Can you get this example to illustrate the issue you&apos;re seeing?",1383331675937
http://sealytics.github.io/ontologies/release-model#Bug-cd69e76d-dfdb-427a-9700-c91d6e84e660,"package com.messagetransformers;	

import org.apache.camel.Exchange;
public class StringAppenderBean{
	
	public StringAppenderBean(){
		System.out.println(&quot;Constructing StringAppenderBean object&quot;);
	}
	
	public String appendTimestampToMessage(String message) {
		
		String stringPayload;
		System.out.println(&quot;In StringAppenderAppender.class -&quot; + &quot; Received Payload is : &quot; + message);
		stringPayload = message + &quot; - Payload is Transformed in StringAppenderAppender.class at &quot; + System.currentTimeMillis();
		return stringPayload;
	}
	

	public String process(Exchange exchange) {
		
		String message = exchange.getIn().toString(); 
		String stringPayload;
		System.out.println(&quot;In StringAppenderAppender.class -&quot; + &quot; Received Payload is : &quot; + message);
		stringPayload = message + &quot; - Payload is Transformed in StringAppenderAppender.class at &quot; + System.currentTimeMillis();
		return stringPayload;
	}

}",1383331675937
http://sealytics.github.io/ontologies/release-model#Bug-cd69e76d-dfdb-427a-9700-c91d6e84e660,"I nailed the issue! After carefully wrapping my head around the Camel Source I realized that this issue is to do with the method signature of FallBackConverter I have coded :

public static &lt;T&gt; T extractPayload(Class&lt;T&gt; type, Exchange exchange, Event event, TypeConverterRegistry registry)  ----&gt; This worked only in 2.9.2 and failed on all above versions

public static &lt;T&gt; T extractPayload(Class&lt;T&gt; type, Exchange exchange, Object obj, TypeConverterRegistry registry)    ---------&gt; This works for all the Camel versions.

The issue was at the reflection call StaticMethodFallbackTypeConverter.convertTo from version 2.9.3. There is a new abstract class that is introduced from 2.9.3 org.apache.camel.support.TypeConverterSupport. 
Till 2.9.2 StaticMethodFallbackTypeConverter implements TypeConverter interface and from 2.9.3 StaticMethodFallbackTypeConverter extends TypeConverterSupport

Trying to figure out what exactly broke the contract.",1383331675937
http://sealytics.github.io/ontologies/release-model#Bug-2177bffe-8cc3-4fe0-a718-4a3b5a0f7962,"That is the old file component for Camel 1.x.

The doc is at
http://camel.apache.org/file2",1406794980456
http://sealytics.github.io/ontologies/release-model#Bug-3f0473ce-0651-47c5-b80d-b20f8e81b7d4,"The schema is auto generated and JAXB has a problem when there is multiple classes with the same type name (eg &quot;property&quot;). So we will look into this in Camel 3.0 where the schema can be adjusted.

The &lt;properties&gt; still work fine, for end users, if they set the tags as documented.",1387898883606
http://sealytics.github.io/ontologies/release-model#Bug-3f0473ce-0651-47c5-b80d-b20f8e81b7d4,Yeah I think we need to slight adjust the xsd so setting properties for CamelContext should use a different name so there is no clash.,1387898883606
http://sealytics.github.io/ontologies/release-model#Bug-db50b820-2605-4d8f-aa61-dd9f1475be8d,"Sorry found the separator URI Options.

Setting this to UNIX solved the issue.",1386848272737
http://sealytics.github.io/ontologies/release-model#Bug-ca670153-8332-4e0c-badc-10fcebf35a45,"Applied the patch into master, camel-2.12.x and camel-2.11.x branches.",1389373048817
http://sealytics.github.io/ontologies/release-model#Bug-ca670153-8332-4e0c-badc-10fcebf35a45,The regular expression used by the parser may need to take this into account. To deal with skipping / in quoted strings.,1389373048817
http://sealytics.github.io/ontologies/release-model#Bug-ca670153-8332-4e0c-badc-10fcebf35a45,"Fails in the same way (no message received) under: 2.12.2, 2.12.1, 2.12.0, 2.11.2, 2.11.1

Fails with the following error under 2.11.0:

{noformat}
java.lang.AssertionError: mock://result Body of message: 0. Expected: &lt;&lt;child attr=&apos;/&apos; /&gt;&gt; but was: &lt;&lt;child attr=&apos;/&apos; /&gt;&lt;/parent&gt;&lt;/child&gt;&gt;
	at org.apache.camel.component.mock.MockEndpoint.fail(MockEndpoint.java:1318)
	at org.apache.camel.component.mock.MockEndpoint.assertEquals(MockEndpoint.java:1300)
	at org.apache.camel.component.mock.MockEndpoint$5.run(MockEndpoint.java:613)
	at org.apache.camel.component.mock.MockEndpoint.doAssertIsSatisfied(MockEndpoint.java:383)
	at org.apache.camel.component.mock.MockEndpoint.assertIsSatisfied(MockEndpoint.java:351)
	at org.apache.camel.component.mock.MockEndpoint.assertIsSatisfied(MockEndpoint.java:339)
{noformat}",1389373048817
http://sealytics.github.io/ontologies/release-model#Bug-61f59a11-f97c-410d-8aa2-9f83d2b00861,"Applied the patch into master, camel-2.13.x and camel-2.12.x branches.",1404914929054
http://sealytics.github.io/ontologies/release-model#Bug-c4e0ce48-9d12-44b6-a4d1-3e6058fc1d57,"This is more of a Karaf/SMX issue, than Camel issue!. 

&gt; step 5 - &gt; Deliver cxf-cxfbean-broken jar into &lt;smx root&gt;/deploy
Also I never recommend people to deploy using the deploy directory - you do not have any control when the container starts the bundle from this dir. 

Install using the shell instead and you can use start level to have your bundles started after the container and framework bundles
",1383234796001
http://sealytics.github.io/ontologies/release-model#Bug-c4e0ce48-9d12-44b6-a4d1-3e6058fc1d57,Use SMX 4.6 or Camel 2.11 onwards. And dont deploy using the deploy dir.,1383234796001
http://sealytics.github.io/ontologies/release-model#Bug-c4e0ce48-9d12-44b6-a4d1-3e6058fc1d57,"Also, documentation does not indicate this component is deprecated.  See http://camel.apache.org/cxf-bean-component.html
If this component is no longer being maintained/tested, I&apos;d like to know so that I can work with my team to migrate all of our code away from it.  I&apos;m still hoping the component is maintained and simply missing some blocking lock mechanism that is required for component startup.",1383234796001
http://sealytics.github.io/ontologies/release-model#Bug-c4e0ce48-9d12-44b6-a4d1-3e6058fc1d57,"Build this code running &quot;mvn clean install&quot; as part of the Apache ServiceMix 4.5.3 examples under 
&lt;smx unzip root&gt;/examples/cxf

You may build it directly or add a module under the cxf pom.xml file to include this example",1383234796001
http://sealytics.github.io/ontologies/release-model#Bug-c4e0ce48-9d12-44b6-a4d1-3e6058fc1d57,"Side notes:
I have tried ferociously to work around this issue without having to create a bug report as I&apos;m well aware this is an old component that may not be fully maintained.  However, nothing is working.

I have enforced in the pom.xml:
{code}
 &lt;Require-Bundle&gt;org.apache.camel.camel-cxf&lt;/Require-Bundle&gt;
{code}
which guarantees the camel-cxf bundle is up and running.  This does not fix the issue.

In addition, I reviewed the code and figured out that components are actually camel services with properties defining the component name.  To try to guarantee that the component is actually up and running before using it, I have included this in the camel-context.xml which ensure the service is truly up and running:
{code}
    &lt;!-- this forces our delay to start after cxfbean starts --&gt;
    &lt;osgi:reference id=&quot;cxfbeanReference&quot; cardinality=&quot;1..1&quot; interface=&quot;org.apache.camel.spi.ComponentResolver&quot; filter=&quot;(component=cxfbean)&quot; /&gt;
{code}

I even went through the hassle of creating an OSGI Lifecycle listener and made sure I was actually receiving the component service.  While the service is up and running, it would seem camel is concurrently preparing to enable the &quot;cxfbean&quot; component while it is bringing up camel routes that require the component and subsequently failing.  This is a race condition that is solved only by waiting a given amount of time and then forcing a bundle update.  
",1383234796001
http://sealytics.github.io/ontologies/release-model#Bug-c4e0ce48-9d12-44b6-a4d1-3e6058fc1d57,"Steps to reproduce:

# Install Apache ServiceMix 4.5.3 &quot;Full assembly&quot; (http://servicemix.apache.org/downloads.html)
# Unzip to Linux machine
# Modify &lt;smx untar root&gt;/etc/org.apache.karaf.features.cfg
to be 
{code}
featuresBoot=karaf-framework,config,activemq-broker,activemq-spring,saaj,cxf-specs,camel,activemq-camel,camel-cxf,camel-blueprint,war,jetty,camel-jetty
{code}
Not the addition of jetty and camel-jetty
# Build attached source as part of the examples folder under &lt;smx root&gt;/examples/cxf
# Deliver cxf-cxfbean-broken jar into &lt;smx root&gt;/deploy
# Start ServiceMix (&lt;smx root&gt;/bin/start)
# Watch logs at &lt;sxm root&gt;/data/log/servicemix.log

Expected behavior:
Port 8585 will open up and listen for requests.

Actual behavior:
No start, error in logs
{code}
Caused by: org.apache.camel.ResolveEndpointFailedException: Failed to resolve endpoint: cxfbean://failureProof due to: No component found with scheme: cxfbean
        at org.apache.camel.impl.DefaultCamelContext.getEndpoint(DefaultCamelContext.java:495)[101:org.apache.camel.camel-core:2.10.7]
        at org.apache.camel.util.CamelContextHelper.getMandatoryEndpoint(CamelContextHelper.java:50)[101:org.apache.camel.camel-core:2.10.7]
        at org.apache.camel.model.RouteDefinition.resolveEndpoint(RouteDefinition.java:187)[101:org.apache.camel.camel-core:2.10.7]
        at org.apache.camel.impl.DefaultRouteContext.resolveEndpoint(DefaultRouteContext.java:108)[101:org.apache.camel.camel-core:2.10.7]
        at org.apache.camel.impl.DefaultRouteContext.resolveEndpoint(DefaultRouteContext.java:114)[101:org.apache.camel.camel-core:2.10.7]
        at org.apache.camel.model.SendDefinition.resolveEndpoint(SendDefinition.java:61)[101:org.apache.camel.camel-core:2.10.7]
        at org.apache.camel.model.SendDefinition.createProcessor(SendDefinition.java:55)[101:org.apache.camel.camel-core:2.10.7]
        at org.apache.camel.model.ProcessorDefinition.makeProcessor(ProcessorDefinition.java:461)[101:org.apache.camel.camel-core:2.10.7]
        at org.apache.camel.model.ProcessorDefinition.addRoutes(ProcessorDefinition.java:179)[101:org.apache.camel.camel-core:2.10.7]
        at org.apache.camel.model.RouteDefinition.addRoutes(RouteDefinition.java:876)[101:org.apache.camel.camel-core:2.10.7]
        ... 20 more
{code}

Issue can be resolved by waiting around 3 minutes after actual startup and refresh (forcing a reload) the jar via
{code}
touch ./deploy/cxf-cxfbean-broken-4.5.3.jar
{code}

8585 will start listening after forcing the reload via touch and you may then run http://localhost:8585/test or http://&lt;server host&gt;:8585/test
You will receive a plain/text response of &quot;Hello world&quot; once the issue is resolved.
",1383234796001
http://sealytics.github.io/ontologies/release-model#Bug-c4e0ce48-9d12-44b6-a4d1-3e6058fc1d57,"And from Camel 2.11 onwards the Camel components enlist in their MANIFEST.MF entries the components as services this bundle exports

Export-Service: org.apache.aries.blueprint.NamespaceHandler;osgi.service
 .blueprint.namespace=&quot;http://camel.apache.org/schema/blueprint/cxf&quot;,org
 .apache.camel.spi.ComponentResolver;component=cxfrs,org.apache.camel.sp
 i.ComponentResolver;component=cxf,org.apache.camel.spi.ComponentResolve
 r;component=cxfbean

This should also help with this Karaf/SMX to resolve this better.

SMX 4.6 is being upgraded to use Camel 2.12 and thus have this out of the box.",1383234796001
http://sealytics.github.io/ontologies/release-model#Bug-6baa7a21-d3e9-44f8-a21f-2682b87f316d,"Hey Claus,

For me, this is not a black or white situation. When an exception occurs with stopOnException, it understandable that the user may require the (partial) aggregation result as an output + the appropriate Exception set on the exchange.

That way, they get the best of both worlds: (1) knowing that an Exception happened (and triggering any error handlers as a consequence) and (2) the output of the aggregation so far.

Perhaps we could introduce an option &apos;exchangeOnException&apos; taking the values &apos;original&apos; and &apos;aggregated_partial&apos;?

Regards,
RaÃºl.",1380537520904
http://sealytics.github.io/ontologies/release-model#Bug-ea99bf46-ebf6-46e8-93c5-4a70267c97a4,Fix committed to master,1409553434963
http://sealytics.github.io/ontologies/release-model#Bug-ab642964-e0a8-4937-8eb0-f48286d6f922,"GitHub user grgrzybek opened a pull request:

    https://github.com/apache/camel/pull/133

    [CAMEL-7306]: key is optional. Avoid NPE

    

You can merge this pull request into a Git repository by running:

    $ git pull https://github.com/grgrzybek/camel CAMEL-7306

Alternatively you can review and apply these changes as the patch at:

    https://github.com/apache/camel/pull/133.patch

To close this pull request, make a commit to your master/trunk branch
with (at least) the following in the commit message:

    This closes #133
    
----
commit e317e7b470f03d14fe51b9efcc6d251e869c8224
Author: Grzegorz Grzybek &lt;gr.grzybek@gmail.com&gt;
Date:   2014-04-08T13:21:54Z

    [CAMEL-7306]: key is optional. Avoid NPE

----
",1395137676452
http://sealytics.github.io/ontologies/release-model#Bug-ab642964-e0a8-4937-8eb0-f48286d6f922,Here is my sample project to reproduce this issue,1395137676452
http://sealytics.github.io/ontologies/release-model#Bug-ab642964-e0a8-4937-8eb0-f48286d6f922,"Github user asfgit closed the pull request at:

    https://github.com/apache/camel/pull/133
",1395137676452
http://sealytics.github.io/ontologies/release-model#Bug-b528cd73-7924-4bc0-8229-b093c25f6291,"Looks like an issue with building with Java6, which somehow breaks decoding Javadoc HTML escapes in the API component framework Javadoc parser. I will provide a patch soon. ",1407134507777
http://sealytics.github.io/ontologies/release-model#Bug-b528cd73-7924-4bc0-8229-b093c25f6291,"Fixed org.apache.camel.maven.JavadocParser to replace &amp;nbsp with &apos; &apos;, tested with Java6, and changes pushed to master branch. ",1407134507777
http://sealytics.github.io/ontologies/release-model#Bug-fc5f1ddf-50d9-4db2-829f-5537a8ba5b01,Don&apos;t we have a ticket about this already? ,1391612862677
http://sealytics.github.io/ontologies/release-model#Bug-fc5f1ddf-50d9-4db2-829f-5537a8ba5b01,This is only a problem for OSGi users in Karaf/SMX,1391612862677
http://sealytics.github.io/ontologies/release-model#Bug-1a32d926-dbfe-4b27-a71b-6ba6f10344c8,Applied the patch into master and camel-2.12.x branches.,1385445250632
http://sealytics.github.io/ontologies/release-model#Bug-2020c9ed-1d95-413e-b2b5-4326b04b2f44,"Before

{code}
Karaf:karaf@root&gt; context-list
  Name                  Status      Uptime           
[ blueprintContext1 ] [ Started ] [ 14.050 seconds ] 
[ blueprintContext2 ] [ Started ] [ 13.605 seconds ] 
Karaf:karaf@root&gt; 
{code}

But no longer working
{code}
Karaf:karaf@root&gt; context-list
 Context             Status         Uptime          
 -------             ------         ------          
 blueprintContext1   Started        22.625 seconds  
Karaf:karaf@root&gt; 
{code}",1403792922869
http://sealytics.github.io/ontologies/release-model#Bug-6706ebc6-75b2-408e-86f8-2c966f0093c4,Regarding pull request https://github.com/apache/camel/pull/82: Please note that the JUnit classes were renamed in a second commit (https://github.com/gzurowski/camel/commit/71ad30423ef5d61e60e746d1d6465fc58367355c) to reflect what is actually tested. The previous class names were misleading as they tested the opposite of what the name suggested.,1388628148234
http://sealytics.github.io/ontologies/release-model#Bug-6706ebc6-75b2-408e-86f8-2c966f0093c4,Applied patch into master and camel-2.12.x branches with thanks to Gregor.,1388628148234
http://sealytics.github.io/ontologies/release-model#Bug-6706ebc6-75b2-408e-86f8-2c966f0093c4,The attached patch fixes the authentication test cases for the camel-jcr component. Also submitted pull request https://github.com/apache/camel/pull/82.,1388628148234
http://sealytics.github.io/ontologies/release-model#Bug-34652346-c876-418d-be18-c45573cda843,"We should work on a better solution so you do not need to do anything special, 
so having an unit test would be nice. ",1380630254184
http://sealytics.github.io/ontologies/release-model#Bug-34652346-c876-418d-be18-c45573cda843,Thanks for reporting. Do you mind working on an unit test as well?,1380630254184
http://sealytics.github.io/ontologies/release-model#Bug-3e5b682e-1d3d-4b39-acb3-0a0fa11a2de2,Fixed in 77bbb6e2783cb552fb735ce6caeb711bec8eb472.,1393347153134
http://sealytics.github.io/ontologies/release-model#Bug-d5c990e7-f77d-4b75-9126-648103f3b198,"Applied the patch into camel master, camel-2.13.x and camel-2.12.x branches.",1407153235190
http://sealytics.github.io/ontologies/release-model#Bug-42190aa4-61cb-4954-9914-5fbafd411170,Applied the patch into master and camel-2.12.x branches.,1392618494763
http://sealytics.github.io/ontologies/release-model#Bug-81df3dc0-d3c2-4f4a-965c-befc7c1c8169,"Hi Joe,

I tried you junit patch in camel master and camel-2.12.x branch, I cannot reproduce the error.
I will try to run the tests in camel-2.10.x branch.
",1401285705635
http://sealytics.github.io/ontologies/release-model#Bug-81df3dc0-d3c2-4f4a-965c-befc7c1c8169,"Applied the patch into master, camel-2.13.x and camel-2.12.x branches.",1401285705635
http://sealytics.github.io/ontologies/release-model#Bug-81df3dc0-d3c2-4f4a-965c-befc7c1c8169,"Here I attached a new CXF mtom junit test CxfMtomConsumerCxfMessageModeTest here to demonstrate the problem. Here is the code snippet:

{code}
        public void configure() {
                from(MTOM_ENDPOINT_URI).process(new Processor() {
                    @SuppressWarnings(&quot;unchecked&quot;)
                    public void process(final Exchange exchange) throws Exception {
                        Message in = exchange.getIn();
                        assertEquals(&quot;We should not get any attachements here.&quot;, 2, in.getAttachments().size());
                        assertEquals(&quot;Get a wrong Content-Type header&quot;, &quot;application/xop+xml&quot;, in.getHeader(&quot;Content-Type&quot;));
                        exchange.getOut().setBody(&quot;OK&quot;);

                    }
                });
            }
{code}

You can see this assertion:
{code}
 assertEquals(&quot;We should not get any attachements here.&quot;, 2, in.getAttachments().size());
{code}
It has to be 2 here in order to make the junit test case to pass. Which means that it had 2 attachments in Camel as well as 2 attachments in the Soap message.",1401285705635
http://sealytics.github.io/ontologies/release-model#Bug-81df3dc0-d3c2-4f4a-965c-befc7c1c8169,"Hi Joe,

I can verify the issue by checking out the log file after running the test of CxfMtomRouterCxfMessageModeTest.
CXF producer should avoid to add the attachement into CXF message context in CXF_MESSAGE data format, as the camel-cxf already put the attachment into message stream. 

",1401285705635
http://sealytics.github.io/ontologies/release-model#Bug-b931a3b2-5ea9-446b-a0d3-6787da54ba87,Fixed on Camel side. When restlet have fixed theirs we can switch back.,1395219774152
http://sealytics.github.io/ontologies/release-model#Bug-f2653ee5-2821-49ea-917a-c3f70c25a5e0,Fixed by resolving CAMEL-7211.,1392567480086
http://sealytics.github.io/ontologies/release-model#Bug-318851d3-8675-4d0f-8dae-8c1bbff40c19,"Applied the patch into camel master, camel-2.13.x and camel-2.12.x.",1405496265203
http://sealytics.github.io/ontologies/release-model#Bug-d465c9f9-6ddd-4573-86b5-0e49d64be05f,And try with latest release Camel 2.12.1,1385032879537
http://sealytics.github.io/ontologies/release-model#Bug-d465c9f9-6ddd-4573-86b5-0e49d64be05f,And can you provide an sample route or what else to demonstrate this?,1385032879537
http://sealytics.github.io/ontologies/release-model#Bug-d465c9f9-6ddd-4573-86b5-0e49d64be05f,"Ah use Camel 2.12 onwards as Jetty ends the UoW after it has written the response. So the cleanup of the file happens afterwards now.
For earlier releases use .convertBodyTo(byte[].class) to ensure the content is in-memory, at the end of the jetty route.",1385032879537
http://sealytics.github.io/ontologies/release-model#Bug-d465c9f9-6ddd-4573-86b5-0e49d64be05f,"With the following example you can reproduce the problem when you set two breakpoints:

# CachedOutputStream line: 209  cleanUpTempFile()	
# FileInputStreamCache line: 110  createInputStream(File)	

cleanupTempFile is called first. createInputStream creates an IOException because the file is already removed.

{code}
        CamelContext context = new DefaultCamelContext();
        context.addRoutes(new RouteBuilder() {

            @Override
            public void configure() throws Exception {
                from(&quot;direct:input&quot;).to(&quot;jetty:http://localhost:55555/input&quot;);
                from(&quot;jetty:http://localhost:55555/input&quot;).process(new Processor() {

                    @Override
                    public void process(final Exchange exchange) throws Exception {
                        Assert.assertFalse(exchange.hasOut());
                    }
                });
            }
        });
        context.start();
        ProducerTemplate template = context.createProducerTemplate();
        StringBuffer sb = new StringBuffer();
        for (int i = 0; i &lt; 10000; i++) {
            sb.append(&quot;0123456789&quot;);
        }
        template.sendBody(&quot;direct:input&quot;, sb.toString());
        while (true) {
            Thread.sleep(1000);
        }
{code}",1385032879537
http://sealytics.github.io/ontologies/release-model#Bug-d465c9f9-6ddd-4573-86b5-0e49d64be05f,"Are you talking about using onCompletion
http://camel.apache.org/oncompletion.html

eg onCompletion in a route, or what?",1385032879537
http://sealytics.github.io/ontologies/release-model#Bug-6f4314aa-ec6f-494c-8091-deb68079b867,On the other hand the other clustering test [SpringQuartzTwoAppsClusteredFailoverTest|https://github.com/apache/camel/blob/master/components/camel-quartz2/src/test/java/org/apache/camel/routepolicy/quartz2/SpringQuartzTwoAppsClusteredFailoverTest.java] works well for both {{camel-quartz}} as well as {{camel-quartz2}} components. However that test makes use of {{CronScheduledRoutePolicy}} instead of {{QuartzConsumer}} to trigger the routes.,1380436563130
http://sealytics.github.io/ontologies/release-model#Bug-0bd6f158-7ab8-4a7c-898a-959f9f58954e,Thanks,1406622730151
http://sealytics.github.io/ontologies/release-model#Bug-2591e9c4-9fb5-4221-9f39-73bca543c0fe,"any comments on this...otherwise, I&apos;ll just update the wiki to make this bug/feature clear and close this out",1381904109395
http://sealytics.github.io/ontologies/release-model#Bug-2591e9c4-9fb5-4221-9f39-73bca543c0fe,"Hi Ben,

I think we need to make sure the Stream is closed in most of time. So Updating the wiki should be enough.",1381904109395
http://sealytics.github.io/ontologies/release-model#Bug-2591e9c4-9fb5-4221-9f39-73bca543c0fe,"alright, will just update the wiki until I get further input on this...",1381904109395
http://sealytics.github.io/ontologies/release-model#Bug-83aa31ac-4e3d-4eed-86d9-925f562ee442,"Hello Martha - I just wanted to say, that according to https://camel.apache.org/competing-consumers.html, the only competing consumers are currently JMS and SEDA. I&apos;m not saying that it cannot be done for HDFS/HDFS2, but it&apos;s not trivial.
Please be patient ;)",1395392885419
http://sealytics.github.io/ontologies/release-model#Bug-83aa31ac-4e3d-4eed-86d9-925f562ee442,"The pattern parameter it had been considered, but that is not good enough for this case and I couldn&apos;t find another way except the one from the description.
Thank you.",1395392885419
http://sealytics.github.io/ontologies/release-model#Bug-83aa31ac-4e3d-4eed-86d9-925f562ee442,"[~thadia], there is [this page|https://camel.apache.org/competing-consumers.html], which talks about concurrent consumers. While this is obvious for JMS, other endpoints have more problems with such configuration.
Of course this may be done, but have you considered using {{pattern}} endpoint parameter described [here|http://camel.apache.org/hdfs.html]?

Please let me know.

regards
Grzegorz Grzybek",1395392885419
http://sealytics.github.io/ontologies/release-model#Bug-3dccb102-60b6-43e2-a95b-a5f17e125c7d,"And if you are using any kind of connection pooling then make sure to stop those too as documented here
http://camel.apache.org/activemq",1406019783650
http://sealytics.github.io/ontologies/release-model#Bug-3dccb102-60b6-43e2-a95b-a5f17e125c7d,"Sorry this wasn&apos;t clear, but the thread is in this state since an hour. Async shutdown wouldn&apos;t help, afaics.",1406019783650
http://sealytics.github.io/ontologies/release-model#Bug-3dccb102-60b6-43e2-a95b-a5f17e125c7d,Still its not a Camel problem if something is holding that up and you do not shutdown those resources correctly.,1406019783650
http://sealytics.github.io/ontologies/release-model#Bug-3dccb102-60b6-43e2-a95b-a5f17e125c7d,"Then use the async shutdown, if you do not want to wait for the JMS to shutdown 
http://camel.apache.org/jms",1406019783650
http://sealytics.github.io/ontologies/release-model#Bug-3dccb102-60b6-43e2-a95b-a5f17e125c7d,Just wanted to report that this issue seems to have been caused by ActiveMQ prefetch=0 setting.,1406019783650
http://sealytics.github.io/ontologies/release-model#Bug-3dccb102-60b6-43e2-a95b-a5f17e125c7d,And use the mailing list / user forum first to get help,1406019783650
http://sealytics.github.io/ontologies/release-model#Bug-1053ec1d-b56d-46f7-89d7-bdf08cc3cce0,"Camel doesn&apos;t suppose to copy the properties in default aggregator, as it is hard to tell which property need to be copy if the exchanges use different properties. If you want to set the FILE_NAME, you can just put the custom process jut before the setHeader DSL. ",1404039416572
http://sealytics.github.io/ontologies/release-model#Bug-1053ec1d-b56d-46f7-89d7-bdf08cc3cce0,"It&apos;s expected that properties are accessible during the *entire* lifetime of the {{Exchange}} object. From the JavaDoc of [Exchange|http://camel.apache.org/maven/current/camel-core/apidocs/org/apache/camel/Exchange.html]:

{quote}
The Exchange also holds meta-data during its *entire* lifetime stored as properties accessible using the various getProperty(String) methods.
{quote}

Why not copy just all properties as this is be done everywhere else?",1404039416572
http://sealytics.github.io/ontologies/release-model#Bug-e39940c7-e7aa-45d5-987e-2d1b5c297c59,Thanks,1379532084194
http://sealytics.github.io/ontologies/release-model#Bug-e39940c7-e7aa-45d5-987e-2d1b5c297c59,Consumer should not send basicAck on channels that are doing autoAck.,1379532084194
http://sealytics.github.io/ontologies/release-model#Bug-e39940c7-e7aa-45d5-987e-2d1b5c297c59,"Note that the patch is broken. The logic is wrong. From the comment above from Dan - &quot;Consumer should not send basicAck on channels that are doing autoAck.&quot; the logic below is missing the not. Needs a ! added to the if.

+                if (consumer.endpoint.isAutoAck()) {
+                    log.trace(&quot;Acknowledging receipt [delivery_tag={}]&quot;, deliveryTag);
+                    channel.basicAck(deliveryTag, false);
+                }
 ",1379532084194
http://sealytics.github.io/ontologies/release-model#Bug-e39940c7-e7aa-45d5-987e-2d1b5c297c59,Pull request - https://github.com/apache/camel/pull/48,1379532084194
http://sealytics.github.io/ontologies/release-model#Bug-e39940c7-e7aa-45d5-987e-2d1b5c297c59,Yeah it seems to make sense to only ack if auto ack is disabled.,1379532084194
http://sealytics.github.io/ontologies/release-model#Bug-e39940c7-e7aa-45d5-987e-2d1b5c297c59,Thanks for the patch.,1379532084194
http://sealytics.github.io/ontologies/release-model#Bug-0642c426-6695-4200-8d42-2c0c5d1cddf4,Fixed the potential NPE,1400654611449
http://sealytics.github.io/ontologies/release-model#Bug-5d5213a9-801e-4f5a-8ee6-151677b7d0aa,"Applied the patch into master, camel-2.12.x and camel-2.11.x branches.",1386779551779
http://sealytics.github.io/ontologies/release-model#Bug-5d5213a9-801e-4f5a-8ee6-151677b7d0aa,The patch implements the same handling as in {{org.apache.camel.component.cxf.DefaultCxfBinding}} for propulating the response in the {{org.apache.camel.component.cxf.jaxrs.DefaultCxfRsBinding}},1386779551779
http://sealytics.github.io/ontologies/release-model#Bug-2f8529ff-efcc-414f-b812-dd7ffca10a46,"I just did quick search about the StrictHostKeyChecking
{code}
StrictHostKeyChecking: ask | yes | no
default: ask
  If this property is set to ``yes&apos;&apos;, jsch will never automatically add
  host keys to the $HOME/.ssh/known_hosts file, and refuses to connect
  to hosts whose host key has changed.  This property forces the user
  to manually add all new hosts.  If this property is set to ``no&apos;&apos;, 
  jsch will automatically add new host keys to the user known hosts
  files.  If this property is set to ``ask&apos;&apos;, new  host keys will be
  added to the user known host files only after the user has confirmed 
  that is what they really want to do, and jsch will refuse to connect 
  to hosts whose host key has changed.
{code}",1379349457448
http://sealytics.github.io/ontologies/release-model#Bug-2f8529ff-efcc-414f-b812-dd7ffca10a46,"Applied the patch into master, camel-2.12.x and camel-2.11.x branches.",1379349457448
http://sealytics.github.io/ontologies/release-model#Bug-96238831-7704-4a22-8dc5-821aa3d62163,"GitHub user ancosen opened a pull request:

    https://github.com/apache/camel/pull/208

    CAMEL-7503 PAYLOAD Producer select first available operation if OPERATION_NAME is not specified

    Hi,
    
    This PR is related to https://issues.apache.org/jira/browse/CAMEL-7503
    
    I just added an info log line.
    
    Bye,
    Andrea

You can merge this pull request into a Git repository by running:

    $ git pull https://github.com/ancosen/camel fix-Camel-7503

Alternatively you can review and apply these changes as the patch at:

    https://github.com/apache/camel/pull/208.patch

To close this pull request, make a commit to your master/trunk branch
with (at least) the following in the commit message:

    This closes #208
    
----
commit c4f98205d9c9bae52df5c08782d0b92a2d38606b
Author: ancosen &lt;ancosen@gmail.com&gt;
Date:   2014-07-03T07:16:07Z

    Fixes CAMEL-7503 by adding a simple INFO level log line

----
",1402566615773
http://sealytics.github.io/ontologies/release-model#Bug-96238831-7704-4a22-8dc5-821aa3d62163,"You can specify the defaultOperationName in camel-cxf endpoint to let CxfProducer use, otherwise you have to specify the message header of  operationName.
I think I can add INFO log to let user know that CxfProducer pick up the first available operation if the operationName header isn&apos;t specified. ",1402566615773
http://sealytics.github.io/ontologies/release-model#Bug-96238831-7704-4a22-8dc5-821aa3d62163,"Created pull request:

https://github.com/apache/camel/pull/208",1402566615773
http://sealytics.github.io/ontologies/release-model#Bug-96238831-7704-4a22-8dc5-821aa3d62163,"Github user ancosen closed the pull request at:

    https://github.com/apache/camel/pull/208
",1402566615773
http://sealytics.github.io/ontologies/release-model#Bug-761a5d9c-0421-4f2c-ba64-c7dfa9f2c17d,BTW: If you are interested I wouldn&apos;t mind to provide a changeset that makes the provider configurable by a parameter,1382366310036
http://sealytics.github.io/ontologies/release-model#Bug-761a5d9c-0421-4f2c-ba64-c7dfa9f2c17d,Applied patch into master and camel-2.12.x branches with thanks to Sebastian,1382366310036
http://sealytics.github.io/ontologies/release-model#Bug-6faaa065-1320-40ef-9b3c-0b57be121b1b,Backported to 2.12.4 in commit 265c2899279144f55b46f1e691deccaa5439cd95.,1402640782574
http://sealytics.github.io/ontologies/release-model#Bug-6faaa065-1320-40ef-9b3c-0b57be121b1b,Fixed in 0da7ade0b994a9404054aa0b3bb6eee02183994b .,1402640782574
http://sealytics.github.io/ontologies/release-model#Bug-6faaa065-1320-40ef-9b3c-0b57be121b1b,Backported to 2.13.2 in commit c98d0430575e6c1746ba9d6ba65dcd945a0a51cc.,1402640782574
http://sealytics.github.io/ontologies/release-model#Bug-a6c678b8-a392-4f74-801d-a30830fdbbbb,Thanks for reporting.,1380189423644
http://sealytics.github.io/ontologies/release-model#Bug-056445d8-79f7-41fc-b4b4-cc68a8ab4a4e,Thanks a lot.,1401903742903
http://sealytics.github.io/ontologies/release-model#Bug-056445d8-79f7-41fc-b4b4-cc68a8ab4a4e,"Applied the patch into camel master, camel-2.13.x and camel-2.12.x branches.",1401903742903
http://sealytics.github.io/ontologies/release-model#Bug-a528ea50-1679-471e-9cc5-15e024862a49,"The class mentioned is just simply part of the camel-bindy&apos;s own unit-testing (src/test/java) and doesn&apos;t belong to the public API. So that I just wonder if we should really mark this ticket as a Major-Bug?

Or do I miss something?",1326909068448
http://sealytics.github.io/ontologies/release-model#Bug-a528ea50-1679-471e-9cc5-15e024862a49,@Section is not mandatory in current code.,1326909068448
http://sealytics.github.io/ontologies/release-model#Bug-a528ea50-1679-471e-9cc5-15e024862a49,"From my point of view, this is a bug related to a change that somebody has made in the code. To be able to use position when we generate the CSV message, @section is mandatory now. That was not the case before. So there is a bug as we must change the code to revert the modification.",1326909068448
http://sealytics.github.io/ontologies/release-model#Bug-a528ea50-1679-471e-9cc5-15e024862a49,"[~cmoulliard] this major bug is now more than 2 years old!

Maybe If you donâ€™t have any free cycles to fix this then maybe â€œunassign&quot; yourself so that others in the community can look into this?",1326909068448
http://sealytics.github.io/ontologies/release-model#Bug-19aeffb7-cec8-43dc-aa6d-846aa3d4ad41,"Github user grgrzybek closed the pull request at:

    https://github.com/apache/camel/pull/112
",1395043325919
http://sealytics.github.io/ontologies/release-model#Bug-19aeffb7-cec8-43dc-aa6d-846aa3d4ad41,Thanks,1395043325919
http://sealytics.github.io/ontologies/release-model#Bug-19aeffb7-cec8-43dc-aa6d-846aa3d4ad41,"GitHub user grgrzybek opened a pull request:

    https://github.com/apache/camel/pull/112

    [CAMEL-7299] camel-hbase should install scripting-api bundle

    

You can merge this pull request into a Git repository by running:

    $ git pull https://github.com/grgrzybek/camel CAMEL-7299

Alternatively you can review and apply these changes as the patch at:

    https://github.com/apache/camel/pull/112.patch

To close this pull request, make a commit to your master/trunk branch
with (at least) the following in the commit message:

    This closes #112
    
----
commit a266aa9050d694f61530691efd234eaaded8a4ad
Author: Grzegorz Grzybek &lt;gr.grzybek@gmail.com&gt;
Date:   2014-03-17T08:02:47Z

    [CAMEL-7299] camel-hbase should install scripting-api bundle

----
",1395043325919
http://sealytics.github.io/ontologies/release-model#Bug-a7908def-19a8-4b15-b2cc-a6f557e708fa,"I propose to @deprecate the existing one and update it to use the correct spelling. And of course add a new one with the correct spelling.

{noformat}
@deprecate
HazelcastConstants.ENVICTED = &quot;evicted&quot;
HazelcastConstants.EVICTED = &quot;evicted&quot;
{noformat}

And add a remark to the section &quot;Changes that may affect end users&quot; in [the release notes|http://camel.apache.org/camel-2130-release.html]",1381292947784
http://sealytics.github.io/ontologies/release-model#Bug-a7908def-19a8-4b15-b2cc-a6f557e708fa,Now using new constant EVICTED.,1381292947784
http://sealytics.github.io/ontologies/release-model#Bug-028cf2fb-3200-4785-8f27-1269a1d51299,"Yes, that makes sense. Thanks for the clarification. I&apos;ve attached a fix to CAMEL-6654",1360245650617
http://sealytics.github.io/ontologies/release-model#Bug-028cf2fb-3200-4785-8f27-1269a1d51299,"The problem is not with disposition, but with fileName. I had a case when disposition was not null, but the fileName == null. (mail from Microsoft Exchange Server btw). The fileName should not be null in any case. Or the map entry (null -&gt; part) will be added, which is not good and causes NPEs.",1360245650617
http://sealytics.github.io/ontologies/release-model#Bug-028cf2fb-3200-4785-8f27-1269a1d51299,"I still use camel 2.6 due to some customer restrictions(java 5), but I couldn&apos;t find a branch for 2.6 to provide a patch for this version. So i will add a patch for the trunk version.",1360245650617
http://sealytics.github.io/ontologies/release-model#Bug-028cf2fb-3200-4785-8f27-1269a1d51299,"{code} if ((disposition != null &amp;&amp; (disposition.equalsIgnoreCase(Part.ATTACHMENT) || disposition.equalsIgnoreCase(Part.INLINE)))
                        || fileName != null)
{code}
There is a problem with the filename check:
If filename==null, but everything else is ok, it will be added to the map. There should be &quot;&amp;&amp; filename != null&quot;.
Please correct in future versions.  
 ",1360245650617
http://sealytics.github.io/ontologies/release-model#Bug-028cf2fb-3200-4785-8f27-1269a1d51299,"Test with changed if worked on my side. I&apos;ve just added the fileName check to the if:
{noformat}
				if ((disposition != null &amp;&amp; (disposition
						.equalsIgnoreCase(Part.ATTACHMENT) || disposition
						.equalsIgnoreCase(Part.INLINE)))
						|| fileName != null) {
					LOG.debug(&quot;Mail contains file attachment: &quot; + fileName);
					// Parts marked with a disposition of Part.ATTACHMENT
					// are clearly attachments
					CollectionHelper.appendValue(map, fileName,
							part.getDataHandler());

				}
{noformat}",1360245650617
http://sealytics.github.io/ontologies/release-model#Bug-028cf2fb-3200-4785-8f27-1269a1d51299,patch added,1360245650617
http://sealytics.github.io/ontologies/release-model#Bug-028cf2fb-3200-4785-8f27-1269a1d51299,"Here&apos;s extract from my code:
{code}
Map&lt;String, DataHandler&gt; attachments = exchange.getIn().getAttachments();
if (attachments.size() &gt; 0) {
     for (String name : attachments.keySet()) {
         if (StringUtils.isNotBlank(name)) { // &lt;--- added this to avoid null attachment names
            DataHandler dh = attachments.get(name);
{code}",1360245650617
http://sealytics.github.io/ontologies/release-model#Bug-028cf2fb-3200-4785-8f27-1269a1d51299,Thanks for the patch.,1360245650617
http://sealytics.github.io/ontologies/release-model#Bug-028cf2fb-3200-4785-8f27-1269a1d51299,"Vitalii, 
Not sure the sub-task is valid. Can you review my comments on it?
Seems that since disposition is optional, it shouldn&apos;t make a difference if it&apos;s null or not and whether there is a fileName.",1360245650617
http://sealytics.github.io/ontologies/release-model#Bug-7ee1e6d7-c08b-4758-ae90-44a2cc5d82da,Applied the patch into trunk and camel-2.12.x branches.,1379402910321
http://sealytics.github.io/ontologies/release-model#Bug-4c284c1c-cf7d-49fa-8f3a-7965936c4faf,"Applied the patch into master, camel-2.12.x and camel-2.11.x with thanks to  Fergus.",1382099039340
http://sealytics.github.io/ontologies/release-model#Bug-0f936ab4-30dc-447b-af20-e71f51476f3f,I just merged the pull request with thanks to Benjamin and revert the change of &quot;Content-Type&quot; as the header could be used by the other user.,1408052952342
http://sealytics.github.io/ontologies/release-model#Bug-0f936ab4-30dc-447b-af20-e71f51476f3f,"Thank you, Willem.",1408052952342
http://sealytics.github.io/ontologies/release-model#Bug-0f936ab4-30dc-447b-af20-e71f51476f3f,"Github user bonnetb closed the pull request at:

    https://github.com/apache/camel/pull/237
",1408052952342
http://sealytics.github.io/ontologies/release-model#Bug-562afd47-db43-44d3-a598-4751ada4bb41,Thanks,1379589055196
http://sealytics.github.io/ontologies/release-model#Bug-562afd47-db43-44d3-a598-4751ada4bb41,"This problem arised as a side effect of [this commit|https://git-wip-us.apache.org/repos/asf?p=camel.git;a=commitdiff;h=99b40bd7]. I just committed a fix for this. If you would now do a {{&quot;mvm clean install -Pfastinstall&quot;}} for {{&quot;camel-restlet&quot;}} then the test should pass again.

As the dependency scope for {{&quot;org.restlet.ext.httpclient&quot;}} was set to {{test}} we didn&apos;t have it on the classpath through which the Apache HTTP client would start up to process the HTTP request through ProducerTemplate of this test.",1379589055196
http://sealytics.github.io/ontologies/release-model#Bug-3e35493c-4990-4221-9ed7-735d1797c6fc,"Willem, did you get the latest patch committed? If so can this ticket be resolved?",1381340222269
http://sealytics.github.io/ontologies/release-model#Bug-3e35493c-4990-4221-9ed7-735d1797c6fc,"Patch fixes the &apos;since&apos; parse bug for the situation when it occurs as the last reading field in the endpoint url. 
Also removes the restriction on the since and until date formats to be ISO8601. The since and until values are passed as is to Facebook REST calls, which will convert and validate on server side at call time. 
This could result in a facebook4j.FacebookException being raised for an invalid date format, which will be propagated to the Camel error handler. ",1381340222269
http://sealytics.github.io/ontologies/release-model#Bug-3e35493c-4990-4221-9ed7-735d1797c6fc,Applied the second patch into master and camel-2.12.x branches with thanks to Dhiraj.,1381340222269
http://sealytics.github.io/ontologies/release-model#Bug-3e35493c-4990-4221-9ed7-735d1797c6fc,"The reading since and until fields should be able to use all the arbitrary formats supported by the PHP strtotime function, instead of making the Facebook component standardize on ISO8601 format. 
Also, the since date parse is still broken when its the only reading property specified in the endpoint. ",1381340222269
http://sealytics.github.io/ontologies/release-model#Bug-3e35493c-4990-4221-9ed7-735d1797c6fc,Applied the patch into master and camel-2.12.x branches.,1381340222269
http://sealytics.github.io/ontologies/release-model#Bug-3e35493c-4990-4221-9ed7-735d1797c6fc,Attached patch for CAMEL-6847,1381340222269
http://sealytics.github.io/ontologies/release-model#Bug-07c8a2e1-2ef7-48f7-810f-ba7a20230681,"GitHub user boretti opened a pull request:

    https://github.com/apache/camel/pull/104

    CAMEL-7251 SqlProducer call twice the getResultSet on the PreparedStatement =&gt; This cause issue with HSQLDB (NPE)

    According https://issues.apache.org/jira/browse/CAMEL-7251

You can merge this pull request into a Git repository by running:

    $ git pull https://github.com/boretti/camel camel-7251

Alternatively you can review and apply these changes as the patch at:

    https://github.com/apache/camel/pull/104.patch

To close this pull request, make a commit to your master/trunk branch
with (at least) the following in the commit message:

    This closes #104
    
----
commit e44f258a2f4fac85dcb67c48a9dc9ae129aa87e8
Author: boretti &lt;mathieu.boretti@gmail.com&gt;
Date:   2014-02-27T20:56:04Z

    SqlProducer call twice the getResultSet on the PreparedStatement =&gt; This
    cause issue with HSQLDB (NPE)

----
",1393510240046
http://sealytics.github.io/ontologies/release-model#Bug-07c8a2e1-2ef7-48f7-810f-ba7a20230681,Applied the patch with thanks to Mathieu into master and camel-2.12.x branches.,1393510240046
http://sealytics.github.io/ontologies/release-model#Bug-07c8a2e1-2ef7-48f7-810f-ba7a20230681,"Github user boretti closed the pull request at:

    https://github.com/apache/camel/pull/104
",1393510240046
http://sealytics.github.io/ontologies/release-model#Bug-edf0f97d-736c-497a-9c42-2e14b3d4e043,"Pull request created to resolve this issue:

https://github.com/apache/camel/pull/152

Diff:

https://github.com/apache/camel/pull/152.diff",1400082708592
http://sealytics.github.io/ontologies/release-model#Bug-edf0f97d-736c-497a-9c42-2e14b3d4e043,"GitHub user jsherman1 opened a pull request:

    https://github.com/apache/camel/pull/152

    CSV log message should log the quoting property

    Fix for https://issues.apache.org/jira/browse/CAMEL-7440

You can merge this pull request into a Git repository by running:

    $ git pull https://github.com/jsherman1/camel master

Alternatively you can review and apply these changes as the patch at:

    https://github.com/apache/camel/pull/152.patch

To close this pull request, make a commit to your master/trunk branch
with (at least) the following in the commit message:

    This closes #152
    
----
commit 7dd3a69796b66c08af20da7a0a0bad6f005e1d34
Author: Jason Sherman &lt;jsherman1@gmail.com&gt;
Date:   2014-05-14T15:41:24Z

    CSV log message should log the quoting property

----
",1400082708592
http://sealytics.github.io/ontologies/release-model#Bug-edf0f97d-736c-497a-9c42-2e14b3d4e043,Thanks for the PR,1400082708592
http://sealytics.github.io/ontologies/release-model#Bug-edf0f97d-736c-497a-9c42-2e14b3d4e043,"Github user asfgit closed the pull request at:

    https://github.com/apache/camel/pull/152
",1400082708592
http://sealytics.github.io/ontologies/release-model#Bug-1afdd25d-ae15-4be0-9b97-f54309fa7bf2,"Applied the patch into master, camel-2.13.x branches with thanks to Franz.",1395486533756
http://sealytics.github.io/ontologies/release-model#Bug-5c5dde45-975a-44b0-97a9-88feb3f21ec6,Apply the patch into master and camel-2.12.x branch,1386021187130
http://sealytics.github.io/ontologies/release-model#Bug-00e17b09-d359-4e18-9107-4c36cb119abe,We have fixed this recently.,1407742568822
http://sealytics.github.io/ontologies/release-model#Bug-8ed6bb8b-c736-4546-a385-7b938d07c3b5,"Applied the patch into master, camel-2.12.x and camel-2.11.x branches.
I also updated the cxf wiki page for the new added options.",1390361284065
http://sealytics.github.io/ontologies/release-model#Bug-4271c631-1dd5-41bd-811c-f9aecbc790ee,This is working as designed when you use the aggregate eip. ,1381765944606
http://sealytics.github.io/ontologies/release-model#Bug-af1537f3-89b4-4ab5-ba95-9db70a9871cd,"I see.

Please leave the issue open until this is resolved.

Thanks.",1387153066344
http://sealytics.github.io/ontologies/release-model#Bug-af1537f3-89b4-4ab5-ba95-9db70a9871cd,"I think we can move the snapshot information to the developer section.
But now I just cannot update the wiki page as I keep hitting Non Clustered Confluence error.",1387153066344
http://sealytics.github.io/ontologies/release-model#Bug-af1537f3-89b4-4ab5-ba95-9db70a9871cd,"
The confluence &quot;upgrade&quot; has caused a delay in the publish stuff.   I&apos;m not sure when confluence will get back to a fully usable state.  :-(   Right now, we&apos;re getting all kinds of timeouts, etc... while trying to do anything with it.   Not sure if the indexes or something is still being rebuilt or what&apos;s completely going on with it.",1387153066344
http://sealytics.github.io/ontologies/release-model#Bug-af1537f3-89b4-4ab5-ba95-9db70a9871cd,Are you sure the download page is a Confluence page?,1387153066344
http://sealytics.github.io/ontologies/release-model#Bug-af1537f3-89b4-4ab5-ba95-9db70a9871cd,We edit the Confluence page and it will be exported to the svn site.,1387153066344
http://sealytics.github.io/ontologies/release-model#Bug-af1537f3-89b4-4ab5-ba95-9db70a9871cd,"
Confluence is starting to be usable so was able to get an export out of it.",1387153066344
http://sealytics.github.io/ontologies/release-model#Bug-af1537f3-89b4-4ab5-ba95-9db70a9871cd,I just moved the snapshot information of download page to the developer section.,1387153066344
http://sealytics.github.io/ontologies/release-model#Bug-af1537f3-89b4-4ab5-ba95-9db70a9871cd,"When I look at the download page, it still contains references to snapshot builds.",1387153066344
http://sealytics.github.io/ontologies/release-model#Bug-381a1270-f2c7-4dd8-87e0-74ae9e39eb65,"GitHub user ssogabe opened a pull request:

    https://github.com/apache/camel/pull/161

    CAMEL-7457 Does not override the &quot;Content-Type&quot; header of CXF response

    

You can merge this pull request into a Git repository by running:

    $ git pull https://github.com/ssogabe/camel CAMEL-7457

Alternatively you can review and apply these changes as the patch at:

    https://github.com/apache/camel/pull/161.patch

To close this pull request, make a commit to your master/trunk branch
with (at least) the following in the commit message:

    This closes #161
    
----
commit f3fb418f95bdd813ec80e22f1f530d4cf24e71d5
Author: Seiji Sogabe &lt;sogabe@buildria.com&gt;
Date:   2014-05-25T12:44:14Z

    CAMEL-7457 Does not override the &quot;Content-Type&quot; header of CXF response

----
",1400768571616
http://sealytics.github.io/ontologies/release-model#Bug-381a1270-f2c7-4dd8-87e0-74ae9e39eb65,I created a pull request https://github.com/apache/camel/pull/161,1400768571616
http://sealytics.github.io/ontologies/release-model#Bug-381a1270-f2c7-4dd8-87e0-74ae9e39eb65,"Applied the patch into camel master, camel-2.13.x and camel-2.12.x branches with thanks to Seiji.",1400768571616
http://sealytics.github.io/ontologies/release-model#Bug-381a1270-f2c7-4dd8-87e0-74ae9e39eb65,"Github user jfarrell closed the pull request at:

    https://github.com/apache/camel/pull/161
",1400768571616
http://sealytics.github.io/ontologies/release-model#Bug-f92bab01-b5d0-450c-81a1-e649a5288c7a,"Applied the patch into master, camel-2.12.x and camel-2.11.x branches.",1393217158120
http://sealytics.github.io/ontologies/release-model#Bug-a181c05f-adfd-4fe5-ad96-23dbe338eafc,"I think the problem is that MQTT consumer and producer are using same property for different purpose, consumer set its susbcribeTopicName into the property so application can read it to know the topic name, and producer use the property for destination. I would prefer to use different property name for those since producer never sends back to the topic which is subscribed by consumer, otherwise it causes infinite delivery.",1407569734134
http://sealytics.github.io/ontologies/release-model#Bug-a181c05f-adfd-4fe5-ad96-23dbe338eafc,"I think it should be similar as we do in camel-jms. 

The component should work out of the box as camel-jms would do, and only if you want to send a message to a special topic you need to use a special header - as done in camel-jms.

We talked about this on the mailing list
",1407569734134
http://sealytics.github.io/ontologies/release-model#Bug-a181c05f-adfd-4fe5-ad96-23dbe338eafc,"You can workaround this issue by changing the route like this
{code}
from(&quot;mqtt:input?subscribeTopicName=topicIn&quot;)
        .removeProperty(&quot;MQTTTopicPropertyName&quot;)
        .to(&quot;mqtt:output?publishTopicName=topicOut&quot;);
{code}
I will add an option &quot;bridgeEndpoint&quot; to  the mqtt component to ignore the property header if the &quot;bridgeEndpoint&quot; option is true.
",1407569734134
http://sealytics.github.io/ontologies/release-model#Bug-a181c05f-adfd-4fe5-ad96-23dbe338eafc,I would give +1 that the topic name property should be removed after it&apos;s used by producer as done in camel-jms producer btw.,1407569734134
http://sealytics.github.io/ontologies/release-model#Bug-a181c05f-adfd-4fe5-ad96-23dbe338eafc,Introduced CamelMQTTSubscribeTopic for MQTTConsumer and CamelMQTTPublishTopic MQTTProducer in camel master branch.,1407569734134
http://sealytics.github.io/ontologies/release-model#Bug-a181c05f-adfd-4fe5-ad96-23dbe338eafc,"I just take a look at the camel-jms component, it just put the destination into the message header with &quot;JMSDestination&quot; in the consumer and use &quot;CamelJMSDestination&quot; in the producer, so it doesn&apos;t hit the issue like of mqtt component.

For the camel-rabbitmq, the consumer and producer use the same message header name of &quot;RabbitMQConstants.EXCHANGE_NAME&quot; and &quot;RabbitMQConstants.ROUTING_KEY&quot; so we use  &quot;bridgeEndpoint&quot; to avoid this kind of issue.

As the mqtt consumer and producer treat the &quot;MQTTTopicPropertyName&quot; differently, I&apos;m +1 for  consumer and producer use different header name to store the topic,  and we need put that information into message header instead of exchange property.",1407569734134
http://sealytics.github.io/ontologies/release-model#Bug-240b679b-09e8-4d2f-b177-c13efe19e118,Applied patch into camel master and camel-2.13.x with thanks to Franz.,1396416562435
http://sealytics.github.io/ontologies/release-model#Bug-741d5be7-7c2b-4ea4-9e4e-619f5b7c647e,"I just checked the code of java mail, we just need to set the default port of DefaultJavaMailSender to -1, then we can get the same result if the host, username and password parameter are not set.
",1399900151588
http://sealytics.github.io/ontologies/release-model#Bug-741d5be7-7c2b-4ea4-9e4e-619f5b7c647e,"StackTrace of the Exception :

javax.mail.MessagingException: Could not connect to SMTP host: localhost, port: 0;
  nested exception is:
	java.net.ConnectException: connect: Address is invalid on local machine, or port is not valid on remote machine
	at com.sun.mail.smtp.SMTPTransport.openServer(SMTPTransport.java:1961)
	at com.sun.mail.smtp.SMTPTransport.protocolConnect(SMTPTransport.java:654)
	at javax.mail.Service.connect(Service.java:295)
	at org.apache.camel.component.mail.DefaultJavaMailSender.send(DefaultJavaMailSender.java:111)
	at org.apache.camel.component.mail.MailProducer.process(MailProducer.java:56)
	at org.apache.camel.util.AsyncProcessorConverterHelper$ProcessorToAsyncProcessorBridge.process(AsyncProcessorConverterHelper.java:61)
	at org.apache.camel.processor.SendProcessor$2.doInAsyncProducer(SendProcessor.java:143)
	at org.apache.camel.impl.ProducerCache.doInAsyncProducer(ProducerCache.java:307)
	at org.apache.camel.processor.SendProcessor.process(SendProcessor.java:138)
	at org.apache.camel.management.InstrumentationProcessor.process(InstrumentationProcessor.java:72)
	at org.apache.camel.processor.RedeliveryErrorHandler.process(RedeliveryErrorHandler.java:398)
	at org.apache.camel.processor.CamelInternalProcessor.process(CamelInternalProcessor.java:191)
	at org.apache.camel.processor.Pipeline.process(Pipeline.java:118)
	at org.apache.camel.processor.Pipeline.process(Pipeline.java:80)
	at org.apache.camel.processor.CamelInternalProcessor.process(CamelInternalProcessor.java:191)
	at org.apache.camel.component.direct.DirectProducer.process(DirectProducer.java:51)
	at org.apache.camel.processor.CamelInternalProcessor.process(CamelInternalProcessor.java:191)
	at org.apache.camel.processor.UnitOfWorkProducer.process(UnitOfWorkProducer.java:73)
	at org.apache.camel.impl.ProducerCache$2.doInProducer(ProducerCache.java:378)
	at org.apache.camel.impl.ProducerCache$2.doInProducer(ProducerCache.java:346)
	at org.apache.camel.impl.ProducerCache.doInProducer(ProducerCache.java:242)
	at org.apache.camel.impl.ProducerCache.sendExchange(ProducerCache.java:346)
	at org.apache.camel.impl.ProducerCache.send(ProducerCache.java:168)
	at org.apache.camel.impl.DefaultProducerTemplate.send(DefaultProducerTemplate.java:119)
	at org.apache.camel.impl.DefaultProducerTemplate.send(DefaultProducerTemplate.java:359)
	at lu.chd.svc.mailing.service.MailingServiceImpl.sendMail(MailingServiceImpl.java:80)
	at sun.reflect.NativeMethodAccessorImpl.invoke0(Native Method)
	at sun.reflect.NativeMethodAccessorImpl.invoke(NativeMethodAccessorImpl.java:39)
	at sun.reflect.DelegatingMethodAccessorImpl.invoke(DelegatingMethodAccessorImpl.java:25)
	at java.lang.reflect.Method.invoke(Method.java:597)
	at org.springframework.aop.support.AopUtils.invokeJoinpointUsingReflection(AopUtils.java:317)
	at org.springframework.aop.framework.ReflectiveMethodInvocation.invokeJoinpoint(ReflectiveMethodInvocation.java:190)
	at org.springframework.aop.framework.ReflectiveMethodInvocation.proceed(ReflectiveMethodInvocation.java:157)
	at org.springframework.remoting.support.RemoteInvocationTraceInterceptor.invoke(RemoteInvocationTraceInterceptor.java:78)
	at org.springframework.aop.framework.ReflectiveMethodInvocation.proceed(ReflectiveMethodInvocation.java:179)
	at org.springframework.aop.framework.JdkDynamicAopProxy.invoke(JdkDynamicAopProxy.java:207)
	at com.sun.proxy.$Proxy56.sendMail(Unknown Source)
	at sun.reflect.NativeMethodAccessorImpl.invoke0(Native Method)
	at sun.reflect.NativeMethodAccessorImpl.invoke(NativeMethodAccessorImpl.java:39)
	at sun.reflect.DelegatingMethodAccessorImpl.invoke(DelegatingMethodAccessorImpl.java:25)
	at java.lang.reflect.Method.invoke(Method.java:597)
	at org.springframework.remoting.support.RemoteInvocation.invoke(RemoteInvocation.java:212)
	at org.springframework.remoting.support.DefaultRemoteInvocationExecutor.invoke(DefaultRemoteInvocationExecutor.java:39)
	at org.springframework.remoting.support.RemoteInvocationBasedExporter.invoke(RemoteInvocationBasedExporter.java:78)
	at org.springframework.remoting.support.RemoteInvocationBasedExporter.invokeAndCreateResult(RemoteInvocationBasedExporter.java:114)
	at org.springframework.remoting.httpinvoker.HttpInvokerServiceExporter.handleRequest(HttpInvokerServiceExporter.java:74)
	at org.springframework.web.servlet.mvc.HttpRequestHandlerAdapter.handle(HttpRequestHandlerAdapter.java:51)
	at org.springframework.web.servlet.DispatcherServlet.doDispatch(DispatcherServlet.java:938)
	at org.springframework.web.servlet.DispatcherServlet.doService(DispatcherServlet.java:870)
	at org.springframework.web.servlet.FrameworkServlet.processRequest(FrameworkServlet.java:961)
	at org.springframework.web.servlet.FrameworkServlet.doPost(FrameworkServlet.java:863)
	at javax.servlet.http.HttpServlet.service(HttpServlet.java:727)
	at org.springframework.web.servlet.FrameworkServlet.service(FrameworkServlet.java:837)
	at javax.servlet.http.HttpServlet.service(HttpServlet.java:820)
	at org.eclipse.jetty.servlet.ServletHolder.handle(ServletHolder.java:652)
	at org.eclipse.jetty.servlet.ServletHandler.doHandle(ServletHandler.java:445)
	at org.eclipse.jetty.server.handler.ScopedHandler.handle(ScopedHandler.java:137)
	at org.eclipse.jetty.security.SecurityHandler.handle(SecurityHandler.java:556)
	at org.eclipse.jetty.server.session.SessionHandler.doHandle(SessionHandler.java:227)
	at org.eclipse.jetty.server.handler.ContextHandler.doHandle(ContextHandler.java:1044)
	at org.eclipse.jetty.servlet.ServletHandler.doScope(ServletHandler.java:372)
	at org.eclipse.jetty.server.session.SessionHandler.doScope(SessionHandler.java:189)
	at org.eclipse.jetty.server.handler.ContextHandler.doScope(ContextHandler.java:978)
	at org.eclipse.jetty.server.handler.ScopedHandler.handle(ScopedHandler.java:135)
	at org.eclipse.jetty.server.handler.ContextHandlerCollection.handle(ContextHandlerCollection.java:255)
	at org.eclipse.jetty.server.handler.HandlerCollection.handle(HandlerCollection.java:154)
	at org.eclipse.jetty.server.handler.HandlerWrapper.handle(HandlerWrapper.java:116)
	at org.eclipse.jetty.server.Server.handle(Server.java:369)
	at org.eclipse.jetty.server.AbstractHttpConnection.handleRequest(AbstractHttpConnection.java:486)
	at org.eclipse.jetty.server.AbstractHttpConnection.content(AbstractHttpConnection.java:944)
	at org.eclipse.jetty.server.AbstractHttpConnection$RequestHandler.content(AbstractHttpConnection.java:1005)
	at org.eclipse.jetty.http.HttpParser.parseNext(HttpParser.java:865)
	at org.eclipse.jetty.http.HttpParser.parseAvailable(HttpParser.java:240)
	at org.eclipse.jetty.server.AsyncHttpConnection.handle(AsyncHttpConnection.java:82)
	at org.eclipse.jetty.io.nio.SelectChannelEndPoint.handle(SelectChannelEndPoint.java:667)
	at org.eclipse.jetty.io.nio.SelectChannelEndPoint$1.run(SelectChannelEndPoint.java:52)
	at org.eclipse.jetty.util.thread.QueuedThreadPool.runJob(QueuedThreadPool.java:608)
	at org.eclipse.jetty.util.thread.QueuedThreadPool$3.run(QueuedThreadPool.java:543)
	at java.lang.Thread.run(Thread.java:662)
Caused by: java.net.ConnectException: connect: Address is invalid on local machine, or port is not valid on remote machine
	at java.net.PlainSocketImpl.socketConnect(Native Method)
	at java.net.PlainSocketImpl.doConnect(PlainSocketImpl.java:351)
	at java.net.PlainSocketImpl.connectToAddress(PlainSocketImpl.java:213)
	at java.net.PlainSocketImpl.connect(PlainSocketImpl.java:200)
	at java.net.SocksSocketImpl.connect(SocksSocketImpl.java:366)
	at java.net.Socket.connect(Socket.java:529)
	at java.net.Socket.connect(Socket.java:478)
	at com.sun.mail.util.SocketFetcher.createSocket(SocketFetcher.java:321)
	at com.sun.mail.util.SocketFetcher.getSocket(SocketFetcher.java:237)
	at com.sun.mail.smtp.SMTPTransport.openServer(SMTPTransport.java:1927)
	... 78 more",1399900151588
http://sealytics.github.io/ontologies/release-model#Bug-741d5be7-7c2b-4ea4-9e4e-619f5b7c647e,"Applied the patch into camel master, camel-2.13.x and camel-2.12.x branches.",1399900151588
http://sealytics.github.io/ontologies/release-model#Bug-74bceb8d-662e-4a1d-9a1e-1fc978209150,"When &quot;camelContext&quot; is used in the groovy script, it works.

",1387663408734
http://sealytics.github.io/ontologies/release-model#Bug-74bceb8d-662e-4a1d-9a1e-1fc978209150,"I checked the code of ScriptBuilder, it looks like the context is support out box.
{code}
        int scope = ScriptContext.ENGINE_SCOPE;
        context.setAttribute(&quot;context&quot;, exchange.getContext(), scope);
        context.setAttribute(&quot;camelContext&quot;, exchange.getContext(), scope);
        context.setAttribute(&quot;exchange&quot;, exchange, scope);
        Message in = exchange.getIn();
        context.setAttribute(&quot;request&quot;, in, scope);
        context.setAttribute(&quot;headers&quot;, in.getHeaders(), scope);
        context.setAttribute(&quot;body&quot;, in.getBody(), scope);
{code}
Can you try to use camelContext instead of context in your groovy script?
",1387663408734
http://sealytics.github.io/ontologies/release-model#Bug-74bceb8d-662e-4a1d-9a1e-1fc978209150,"Provided a workaround for it, and updated the wiki for it.",1387663408734
http://sealytics.github.io/ontologies/release-model#Bug-74bceb8d-662e-4a1d-9a1e-1fc978209150,"It looks like groovy is using context for the other use case, I already update the wiki page for it.
",1387663408734
http://sealytics.github.io/ontologies/release-model#Bug-b5b062be-aa3a-4aee-bc66-824286fd0542,"Master fix: 5c8b2e953a7e7b23f849849a14ff8a018faa586c

I&apos;ll backport the fix later today.",1399533284542
http://sealytics.github.io/ontologies/release-model#Bug-b5b062be-aa3a-4aee-bc66-824286fd0542,"Backported to 2.12.4 in 8e3b01b26bca49cface17956f38805c330d7dfba.
",1399533284542
http://sealytics.github.io/ontologies/release-model#Bug-b5b062be-aa3a-4aee-bc66-824286fd0542,Backported to 2.13.2 in 3827064b39137aa8134cc8359bc849c27477c7b7.,1399533284542
http://sealytics.github.io/ontologies/release-model#Bug-d803336e-c0e1-4ba2-bd20-e1e59a81e5b3,"Added fix for changing rate from high to low, the patch before worked just accidentally because messageCount in the test was 9.",1391419538187
http://sealytics.github.io/ontologies/release-model#Bug-d803336e-c0e1-4ba2-bd20-e1e59a81e5b3,Thanks for reporting and the patch.,1391419538187
http://sealytics.github.io/ontologies/release-model#Bug-d803336e-c0e1-4ba2-bd20-e1e59a81e5b3,New test and fix for dynamic rate change problem,1391419538187
http://sealytics.github.io/ontologies/release-model#Bug-9c4eceef-7bf3-475f-97dd-615ecad7d7d8,"See this page
http://camel.apache.org/how-do-i-configure-endpoints.html

",1384848987221
http://sealytics.github.io/ontologies/release-model#Bug-62b12165-c4e5-4f92-be6d-8928417cea43,"Applied the patch to camel-2.12.x, camel-2.13.x and master branches with thanks to Ramon.",1409096649538
http://sealytics.github.io/ontologies/release-model#Bug-b8d91673-43c7-4c6e-996a-263e52465a80,"I can&apos;t get to it now, so if you think you can close it that&apos;s fine.  If 
it comes up again, we can always readdress it then.

William McDonald
Sr. Software Developer   |  TransCentra, Inc.
Office: 1-602-635-5910  |   Mobile: 1-602-741-3664  | 
william.mcdonald@transcentra.com   |   www.TransCentra.com
Regulus Group and J&amp;B Software are now TransCentra

This email message is intended for the named recipient only and may be 
privileged and/or confidential. If you are not the intended or named 
recipient or have received this email in error then you should delete this 
email and you should not copy, forward or disclose it to any other person. 
The views and opinions expressed in this email are those of the sender and 
may not represent the views and opinions of TransCentra



From:   &quot;Christian Posta (JIRA)&quot; &lt;jira@apache.org&gt;
To:     william.mcdonald@transcentra.com, 
Date:   09/18/2013 02:19 PM
Subject:        [jira] [Commented] (CAMEL-5510) Competing Consumers fails 
for jms queue using AdviceWith




    [ 
https://issues.apache.org/jira/browse/CAMEL-5510?page=com.atlassian.jira.plugin.system.issuetabpanels:comment-tabpanel&amp;focusedCommentId=13771252#comment-13771252 
] 

Christian Posta commented on CAMEL-5510:
----------------------------------------

I can confirm these tests pass on master.

I think we should close this and reopen if reporter can reproduce on 
latest snapshots.
 
CompetingConsumersDoesNotWork.java, CompetingConsumersWorks.java
endpoint is a jms queue, so it should be able to have multiple consumers 
attach to it.  When I use the standard CamelTestSupport methodology and 
let it create and start my context, mock my out points, etc. everything 
passes (see CompetingConsumersWorks.java).  However when I try and use the 
strategy of not letting the junit support create everything, ie. 
doesn&apos;t pass (see CompetingConsumersDoesNotWork.java).  I can actually get 
it to work, but only if I start the context before adding the second set 
of routes to the context (see comments in code). 

--
This message is automatically generated by JIRA.
If you think it was sent incorrectly, please contact your JIRA 
administrators
For more information on JIRA, see: http://www.atlassian.com/software/jira

",1345062971210
http://sealytics.github.io/ontologies/release-model#Bug-b8d91673-43c7-4c6e-996a-263e52465a80,"I can confirm these tests pass on master.

I think we should close this and reopen if reporter can reproduce on latest snapshots.",1345062971210
http://sealytics.github.io/ontologies/release-model#Bug-b8d91673-43c7-4c6e-996a-263e52465a80,"Not sure - I&apos;ve been off on other things.  I don&apos;t know if I&apos;ll get back 
to it any time soon, but if I do, I&apos;ll let you know.

William McDonald
Sr. Software Developer   |  TransCentra, Inc.
Office: 1-602-635-5910  |   Mobile: 1-602-741-3664  | 
william.mcdonald@transcentra.com   |   www.TransCentra.com
Regulus Group and J&amp;B Software are now TransCentra

This email message is intended for the named recipient only and may be 
privileged and/or confidential. If you are not the intended or named 
recipient or have received this email in error then you should delete this 
email and you should not copy, forward or disclose it to any other person. 
The views and opinions expressed in this email are those of the sender and 
may not represent the views and opinions of TransCentra



From:   &quot;Christian Posta (JIRA)&quot; &lt;jira@apache.org&gt;
To:     william.mcdonald@transcentra.com, 
Date:   07/29/2013 11:44 AM
Subject:        [jira] [Commented] (CAMEL-5510) Competing Consumers fails 
for jms queue using AdviceWith




    [ 
https://issues.apache.org/jira/browse/CAMEL-5510?page=com.atlassian.jira.plugin.system.issuetabpanels:comment-tabpanel&amp;focusedCommentId=13722817#comment-13722817 
] 

Christian Posta commented on CAMEL-5510:
----------------------------------------

Hey Bill,

Is this still a problem? I&apos;ve just tried on the latest release (2.11) and 
both tests (...Works.java and ...DoesNotWork.java) seem to work just fine 
and pass the unit test.

Can you give it a try on your end with the latest release?
 
CompetingConsumersDoesNotWork.java, CompetingConsumersWorks.java
endpoint is a jms queue, so it should be able to have multiple consumers 
attach to it.  When I use the standard CamelTestSupport methodology and 
let it create and start my context, mock my out points, etc. everything 
passes (see CompetingConsumersWorks.java).  However when I try and use the 
strategy of not letting the junit support create everything, ie. 
doesn&apos;t pass (see CompetingConsumersDoesNotWork.java).  I can actually get 
it to work, but only if I start the context before adding the second set 
of routes to the context (see comments in code). 

--
This message is automatically generated by JIRA.
If you think it was sent incorrectly, please contact your JIRA 
administrators
For more information on JIRA, see: http://www.atlassian.com/software/jira

",1345062971210
http://sealytics.github.io/ontologies/release-model#Bug-b8d91673-43c7-4c6e-996a-263e52465a80,"Hey Bill,

Is this still a problem? I&apos;ve just tried on the latest release (2.11) and both tests (...Works.java and ...DoesNotWork.java) seem to work just fine and pass the unit test.

Can you give it a try on your end with the latest release?",1345062971210
http://sealytics.github.io/ontologies/release-model#Bug-52e14cad-196d-4b8d-b06f-52019c962464,"I downloaded the source from here http://www.interior-dsgn.com/apache/camel/apache-camel/2.12.1/apache-camel-2.12.1-src.zip and looked in apache-camel-2.12.1\components\camel-rabbitmq\src\main\java\org\apache\camel\component\rabbitmq\RabbitMQConsumer.java and don&apos;t see the code you posted in the comment.  I also did a full search through the entire camel 2.12.1 source tree for that constant (using ultra-edit), and only found the following two references:

----------------------------------------
Find &apos;RabbitMQConstants.REPLY_TO&apos; in &apos;C:\DevJava\Workspaces\apache-camel-2.12.1\components\camel-rabbitmq\src\main\java\org\apache\camel\component\rabbitmq\RabbitMQProducer.java&apos; (11/26/2013 10:01:38 AM; 9/18/2013 9:35:08 PM):
C:\DevJava\Workspaces\apache-camel-2.12.1\components\camel-rabbitmq\src\main\java\org\apache\camel\component\rabbitmq\RabbitMQProducer.java(90):         final Object replyTo = exchange.getIn().getHeader(RabbitMQConstants.REPLY_TO);
Found &apos;RabbitMQConstants.REPLY_TO&apos; 1 time(s).
----------------------------------------
Find &apos;RabbitMQConstants.REPLY_TO&apos; in &apos;C:\DevJava\Workspaces\apache-camel-2.12.1\components\camel-rabbitmq\src\test\java\org\apache\camel\component\rabbitmq\RabbitMQProducerTest.java&apos; (11/26/2013 10:01:38 AM; 9/18/2013 9:35:08 PM):
C:\DevJava\Workspaces\apache-camel-2.12.1\components\camel-rabbitmq\src\test\java\org\apache\camel\component\rabbitmq\RabbitMQProducerTest.java(101):         message.setHeader(RabbitMQConstants.REPLY_TO, &quot;bbbbdfgdfg&quot;);
Found &apos;RabbitMQConstants.REPLY_TO&apos; 1 time(s).
Search complete, found &apos;RabbitMQConstants.REPLY_TO&apos; 2 time(s). (2 file(s)).

Not sure if the trunk has been updated and not released, or if we&apos;re not talking about the same code.

However, if I run the above route in camel, and run the above python script, these are the headers I see:

[) thread #2 - RabbitMQConsumer] route1                         INFO  Headers: {rabbitmq.EXCHANGE_NAME=talentsprout.rpc, breadcrumbId=ID-DENORALT852-61351-1385483624264-0-1, rabbitmq.ROUTING_KEY=ping, rabbitmq.DELIVERY_TAG=1}

",1385436927763
http://sealytics.github.io/ontologies/release-model#Bug-52e14cad-196d-4b8d-b06f-52019c962464,"I just ran a simple tests and verified the REPLY_TO message header is set rightly.
{code}
rabbitmq.REPLY_TO=myReply
{code}
",1385436927763
http://sealytics.github.io/ontologies/release-model#Bug-52e14cad-196d-4b8d-b06f-52019c962464,"I looked at  and re-tested with 2.12.2 I can now see that the REPLY_TO header (and others) do get correctly set on the consumer, so must have been code in the trunk you were looking at.",1385436927763
http://sealytics.github.io/ontologies/release-model#Bug-52e14cad-196d-4b8d-b06f-52019c962464,"I just checked the code of RabbitMQConsumer, it just put the REPLY_TO into the message header.
Can you double check if the message properties is set rightly?
{code}
        if (properties.getReplyTo() != null) {
                exchange.getIn().setHeader(RabbitMQConstants.REPLY_TO, properties.getReplyTo());
            }
{code}",1385436927763
http://sealytics.github.io/ontologies/release-model#Bug-52e14cad-196d-4b8d-b06f-52019c962464,It is already fixed in camel-2.12.2.,1385436927763
http://sealytics.github.io/ontologies/release-model#Bug-73f11672-485d-4db5-88df-0ce4439e5f5c,"Thanks for the patch. Can you use \uNNNN for the german chars, as the source code should use ascii chars.",1379924149523
http://sealytics.github.io/ontologies/release-model#Bug-73f11672-485d-4db5-88df-0ce4439e5f5c,"Hi Claus,

the latest version of the patch does now contain \u00E4\u00F6\u00FC.

Regards Franz",1379924149523
http://sealytics.github.io/ontologies/release-model#Bug-73f11672-485d-4db5-88df-0ce4439e5f5c,Thanks for the patch.,1379924149523
http://sealytics.github.io/ontologies/release-model#Bug-73f11672-485d-4db5-88df-0ce4439e5f5c,Yes I will do that.,1379924149523
http://sealytics.github.io/ontologies/release-model#Bug-6e7c5c5e-5c7a-488f-9e9c-72f7d1debafa,You need to enable stream caching,1370595963271
http://sealytics.github.io/ontologies/release-model#Bug-6e7c5c5e-5c7a-488f-9e9c-72f7d1debafa,"Added a patch that solves THIS issue.

The method: 
private static void append(StringBuilder buffer, Node node) 
probably has a simular issue.

It would be helpful first having more unit tests in DomConverterTest",1370595963271
http://sealytics.github.io/ontologies/release-model#Bug-6e7c5c5e-5c7a-488f-9e9c-72f7d1debafa,"adding .StreamCaching() to the route in the unit test has no effect.

Even, in the case stream caching would be the remedy, I think it is still a problem.
The risk is too high that during acceptance testing of such a route no issue is detected, while once in production a few users experience corrupted data. It will then be hard to find the cause.",1370595963271
http://sealytics.github.io/ontologies/release-model#Bug-6e7c5c5e-5c7a-488f-9e9c-72f7d1debafa,the failing unit test,1370595963271
http://sealytics.github.io/ontologies/release-model#Bug-6e7c5c5e-5c7a-488f-9e9c-72f7d1debafa,"Hi Rene,

I just have quick run with the test and patch.
I found the patch doesn&apos;t fix the old version of CxfConsumerPayloadXPathTest, and new version of CxfConsumerPayloadXPathTest is passed if I don&apos;t apply the patch.

Can you double check it?

Regards,

Willem",1370595963271
http://sealytics.github.io/ontologies/release-model#Bug-6e7c5c5e-5c7a-488f-9e9c-72f7d1debafa,The observed data loss is most likely due to the inability of Camel&apos;s DomConverter/XmlConverter to handle linked lists of text nodes correctly. See latest version of the added unit tests for more details.,1370595963271
http://sealytics.github.io/ontologies/release-model#Bug-6e7c5c5e-5c7a-488f-9e9c-72f7d1debafa,"Applied patch into master, camel-2.12.x and camel-2.11.x branches with thanks to Rene.",1370595963271
http://sealytics.github.io/ontologies/release-model#Bug-6e7c5c5e-5c7a-488f-9e9c-72f7d1debafa,"Hello Willem,

Regarding the new version of CxfConsumerPayloadXPathTest:
- The annotation above size10000XPathTest() expresses the current behavior, which is not the desired behavior.
For the desired behavior, please change &apos;@Test(expected = ComparisonFailure.class)&apos; into &apos;@Test&apos;.
- The test &apos;size10000DomFirstOneOnlyTest()&apos; may be removed completely. As it only shows what happens if one does not process all DOM-nodes.

Regarding the old version of CxfConsumerPayloadXPathTest:
- after line 77: receivedMessageByDom = textnode.getNodeValue();  
in order to process all nodes, add:
textnode = (Text) textnode.getNextSibling();
while (textnode != null) {
   //the textnode appears to have siblings!
   receivedMessageByDom = receivedMessageByDom + textnode.getNodeValue();
   textnode = (Text) textnode.getNextSibling();
}

RenÃ©

",1370595963271
http://sealytics.github.io/ontologies/release-model#Bug-ca611fce-a3b8-423f-a95d-228500c8e1bf,"Camel uses java.io.File to do the rename, so if that API cannot do it, then Camel cannot do it either.

Though from Camel 2.9 onwards there is a copyAndDeleteOnRenameFail option that will not rename the file but copy it instead.
",1363965351545
http://sealytics.github.io/ontologies/release-model#Bug-ca611fce-a3b8-423f-a95d-228500c8e1bf,"If it&apos;s a bug, is there a proper work around possible?",1363965351545
http://sealytics.github.io/ontologies/release-model#Bug-296d8373-66b9-4d53-96da-77415a84f066,"This exception can happen when multiple CamelContext have the same ID. The CamelController class makes the assumption that CamelContext IDs are unique keys.  This is not true in an OSGi container, where several CamelContexts can be deployed in distinct bundles, which do not know each other.    
",1346152488551
http://sealytics.github.io/ontologies/release-model#Bug-296d8373-66b9-4d53-96da-77415a84f066,Thanks for reporting.,1346152488551
http://sealytics.github.io/ontologies/release-model#Bug-30f9c280-350b-4fca-8249-94aa79219bb8,"The route is using that endpoint, and the route is still running, so you would need to stop the route also

context.stopRoute(&quot;route1&quot;); 

",1385667391319
http://sealytics.github.io/ontologies/release-model#Bug-30f9c280-350b-4fca-8249-94aa79219bb8,"You need to stop the template. Remove endpoints does not stop any running/cached consumers/producers - that is the job of the producer template you created.

And you are also doing it wrong, as if you use Exclusive then its exclusive. If you want to use a shared reply queue, then use shared type instead.",1385667391319
http://sealytics.github.io/ontologies/release-model#Bug-30f9c280-350b-4fca-8249-94aa79219bb8,"Simply using following code snippet to reproduce it:
{code}
public static void main(String args[]) throws Exception {
        CamelContext context = new DefaultCamelContext();
        ConnectionFactory connectionFactory = new ActiveMQConnectionFactory(&quot;tcp://localhost:61616&quot;);
        context.addComponent(&quot;jms-test&quot;, JmsComponent.jmsComponentAutoAcknowledge(connectionFactory));
        context.addRoutes(new RouteBuilder() {
            public void configure() {
                from(&quot;direct:in&quot;).log(LoggingLevel.INFO, &quot;endpointUri header: ${header.endpointUri}&quot;).recipientList(header(&quot;endpointUri&quot;));
            }
        });
        ProducerTemplate template = context.createProducerTemplate();
        context.start();

        String endpointUri = &quot;jms-test:queue:test.request?replyTo=test.response&amp;replyToType=Exclusive&amp;concurrentConsumers=1&amp;requestTimeout=2000&quot;;
        for (int i = 0; i &lt; 10; i++) {
            Object ret = template.requestBodyAndHeader(&quot;direct:in&quot;, &quot;Test Message: &quot; + i, &quot;endpointUri&quot;, endpointUri + i);
            System.out.println(&quot;returning: &quot; + ret.toString());
            Thread.sleep(1000);
            System.out.println(&quot;removing endpoint&quot;);
            context.removeEndpoints(&quot;jms-test*&quot;);
        }
       
        // wait a bit and then stop
        Thread.sleep(10000);
        context.stop();
    }
{code}

You also need a server to consume message from the test.request queue and send a reply to test.response queue.",1385667391319
http://sealytics.github.io/ontologies/release-model#Bug-98b2749a-7771-446a-9fec-3c2e2d74e78b,Applied the patch and checked that the bundle can be resolved. Looks good.,1396596512963
http://sealytics.github.io/ontologies/release-model#Bug-7360d6af-c199-4f52-be5d-33d61b4f957e,"Github user davidkarlsen closed the pull request at:

    https://github.com/apache/camel/pull/249
",1408638795531
http://sealytics.github.io/ontologies/release-model#Bug-7360d6af-c199-4f52-be5d-33d61b4f957e,"GitHub user davidkarlsen opened a pull request:

    https://github.com/apache/camel/pull/249

    CAMEL-7731: fix typo

    

You can merge this pull request into a Git repository by running:

    $ git pull https://github.com/davidkarlsen/camel CAMEL-7731

Alternatively you can review and apply these changes as the patch at:

    https://github.com/apache/camel/pull/249.patch

To close this pull request, make a commit to your master/trunk branch
with (at least) the following in the commit message:

    This closes #249
    
----
commit d7ba926794b4df826c0fc8c57e4ce5afb72bb0e2
Author: david &lt;david@davidkarlsen.com&gt;
Date:   2014-08-21T16:48:03Z

    CAMEL-7731: fix typo

----
",1408638795531
http://sealytics.github.io/ontologies/release-model#Bug-7360d6af-c199-4f52-be5d-33d61b4f957e,patch,1408638795531
http://sealytics.github.io/ontologies/release-model#Bug-6bf6e828-de33-4082-a400-16a3b6797c99,"Applied the patch into the master, camel-2.13.x and camel-2.12.x branches.",1406129357824
http://sealytics.github.io/ontologies/release-model#Bug-df34e4f8-5fb6-4e7b-abaf-11a1fb86fb5a,Not a Camel problem.,1366121049686
http://sealytics.github.io/ontologies/release-model#Bug-df34e4f8-5fb6-4e7b-abaf-11a1fb86fb5a,"karaf@root&gt; info
Karaf
  Karaf version               2.3.1
  Karaf home                  /opt/apache-karaf-2.3.1
  Karaf base                  /opt/apache-karaf-2.3.1
  OSGi Framework              org.apache.felix.framework - 4.0.3

JVM
  Java Virtual Machine        Java HotSpot(TM) 64-Bit Server VM version 23.7-b01
  Version                     1.7.0_13
  Vendor                      Oracle Corporation
  Uptime                      5 minutes
  Total compile time          24.956 seconds
Threads
  Live threads                48
  Daemon threads              35
  Peak                        50
  Total started               69
Memory
  Current heap size           38,657 kbytes
  Maximum heap size           520,896 kbytes
  Committed heap size         43,776 kbytes
  Pending objects             0
  Garbage collector           Name = &apos;PS Scavenge&apos;, Collections = 141, Time = 0.505 seconds
  Garbage collector           Name = &apos;PS MarkSweep&apos;, Collections = 3, Time = 0.292 seconds
Classes
  Current classes loaded      7,603
  Total classes loaded        7,604
  Total classes unloaded      1
Operating system
  Name                        Mac OS X version 10.8.3
  Architecture                x86_64
  Processors                  4",1366121049686
http://sealytics.github.io/ontologies/release-model#Bug-df34e4f8-5fb6-4e7b-abaf-11a1fb86fb5a,"Here are a discussion[1] in the stackoverflow may related to this issue.

[1]http://stackoverflow.com/questions/177242/the-encoding-utf-8-is-not-supported-by-the-java-runtime",1366121049686
http://sealytics.github.io/ontologies/release-model#Bug-7fe41f08-0b50-4fc3-aef1-0298836da07f,"SInce it seems that I cannot attach files to this issue, here are the code to reproduce this issue:

public class TestProc implements Processor {
	
	public void process(Exchange exchange) throws Exception {
		SedaEndpoint queueEp = (SedaEndpoint) exchange.getContext().getEndpoint(&quot;seda:test&quot;);
		ConsumerTemplate cTemplate = (ConsumerTemplate) exchange.getContext().getRegistry().lookupByName(&quot;cTemplate&quot;);
		System.out.println(&quot;seda queue size before receive: &quot; + queueEp.getExchanges().size());
		String msgBody = cTemplate.receiveBody(queueEp, 10, String.class);
		System.out.println(&quot;seda queue size after receive: &quot; + queueEp.getExchanges().size());
	}

}

will produce the following output:

seda queue size before receive: 5 
seda queue size after receive: 0 

That is, after a single receive, the queue became empty.  The routes used are:

  &lt;bean id=&quot;testProc&quot; class=&quot;com.pci.TestSeda.TestProc&quot; /&gt;
  &lt;camel:camelContext xmlns=&quot;http://camel.apache.org/schema/spring&quot;&gt;

        &lt;camel:consumerTemplate id=&quot;cTemplate&quot; /&gt;

    &lt;camel:route&gt;
      &lt;camel:from uri=&quot;file:src/data?noop=true&quot;/&gt;
      &lt;camel:to uri=&quot;seda:test&quot; /&gt;
    &lt;/camel:route&gt;
    
    &lt;camel:route&gt;
    &lt;camel:from uri=&quot;timer://foo?period=500000&quot; /&gt;
    &lt;camel:process ref=&quot;testProc&quot;/&gt;
    &lt;/camel:route&gt;
  &lt;/camel:camelContext&gt;

Thank you!
",1389113234576
http://sealytics.github.io/ontologies/release-model#Bug-7fe41f08-0b50-4fc3-aef1-0298836da07f,"Thanks for reporting. Yeah we should use a real polling consumer implementation instead of the event driven, then we can better control taking exchanges from the queue.",1389113234576
http://sealytics.github.io/ontologies/release-model#Bug-90cbfe9f-db68-42d8-9a5f-eff493e7bd62,"Many thanks for the patch! Applied to master (2.13.x), 2.12.x and 2.11.x branches. 

[~alexlomov] - I forgot to quote your name and thank you in the commit message, but GitHub will hopefully pick up the closure of the pull request, so it will be credited to you!",1393592359504
http://sealytics.github.io/ontologies/release-model#Bug-90cbfe9f-db68-42d8-9a5f-eff493e7bd62,"Github user asfgit closed the pull request at:

    https://github.com/apache/camel/pull/105
",1393592359504
http://sealytics.github.io/ontologies/release-model#Bug-90cbfe9f-db68-42d8-9a5f-eff493e7bd62,"GitHub user alexlomov opened a pull request:

    https://github.com/apache/camel/pull/105

    CAMEL-7258 fix.

    CAMEL-7258 fix for XmlJsonDataFormat.

You can merge this pull request into a Git repository by running:

    $ git pull https://github.com/alexlomov/camel CAMEL-7258_XmlJsonDataFormat

Alternatively you can review and apply these changes as the patch at:

    https://github.com/apache/camel/pull/105.patch

To close this pull request, make a commit to your master/trunk branch
with (at least) the following in the commit message:

    This closes #105
    
----
commit 23f5a1d6038a8002308e893c35db2e7f80a780f9
Author: Alexander Lomov &lt;alexandr.lomov@gmail.com&gt;
Date:   2014-02-28T13:26:58Z

    CAMEL-7258 fix.

----
",1393592359504
http://sealytics.github.io/ontologies/release-model#Bug-90cbfe9f-db68-42d8-9a5f-eff493e7bd62,Also added 2 unit tests for JSON arrays marshalling and unmarshalling.,1393592359504
http://sealytics.github.io/ontologies/release-model#Bug-38af6760-b775-4652-89f4-235003e17c38,Thanks for reporting.,1380232291974
http://sealytics.github.io/ontologies/release-model#Bug-38af6760-b775-4652-89f4-235003e17c38,Thanks I did the same change in camel-spring as its also in use with spring-dm for OSGi,1380232291974
http://sealytics.github.io/ontologies/release-model#Bug-38af6760-b775-4652-89f4-235003e17c38,"Hi Claus. Thanks for fixing the problem! Trying the fix I found a further problem - when camelContext tag is being parsed, its id is being set to some unique value if it wasnt set by user. For setting the id CamelNamespaceHandler calls non-namespace-aware method &quot;setAttribute&quot;. Its necessary to change it to setAttributeNS (I added a patch that does it). With this change the whole &quot;refresh&quot; problem becomes solved.",1380232291974
http://sealytics.github.io/ontologies/release-model#Bug-9d9b0b9a-a1a5-4cff-a0cd-aa27bfb9d5cf,"Its a flag change which could break stuff for people in patch upgrades, so doing this on 2.13 onwards only.",1391594103265
http://sealytics.github.io/ontologies/release-model#Bug-9d9b0b9a-a1a5-4cff-a0cd-aa27bfb9d5cf,"Ah well the docs so its optional, and thus indicates its false by default. So lets consider this as a bug, despite the default value is in the XSD.",1391594103265
http://sealytics.github.io/ontologies/release-model#Bug-7f0dd58d-e93d-49c0-ae92-1f273b0eae1a,"Fixed in revision 31 of 
https://cwiki.apache.org/confluence/pages/viewpage.action?pageId=64933",1399299455830
http://sealytics.github.io/ontologies/release-model#Bug-7f0dd58d-e93d-49c0-ae92-1f273b0eae1a,"I am going to remove the statement for now. Please let me know if this raises any concerns.
Again, have tested the camel-jdbc component (2.12.0) with XA transactions myself and am confident that it works correctly. ",1399299455830
http://sealytics.github.io/ontologies/release-model#Bug-d7e675c6-6dea-49f4-9cbb-b65c49999365,"Github user asfgit closed the pull request at:

    https://github.com/apache/camel/pull/243
",1408431268141
http://sealytics.github.io/ontologies/release-model#Bug-d7e675c6-6dea-49f4-9cbb-b65c49999365,Applied the patch into apache camel master and camel-2.13.x branches.,1408431268141
http://sealytics.github.io/ontologies/release-model#Bug-d7e675c6-6dea-49f4-9cbb-b65c49999365,"GitHub user romanjakubco opened a pull request:

    https://github.com/apache/camel/pull/243

    CAMEL-7718 Constants used in camel-infinispan component have restricted access

    https://issues.apache.org/jira/browse/CAMEL-7718

You can merge this pull request into a Git repository by running:

    $ git pull https://github.com/romanjakubco/camel CAMEL-7718

Alternatively you can review and apply these changes as the patch at:

    https://github.com/apache/camel/pull/243.patch

To close this pull request, make a commit to your master/trunk branch
with (at least) the following in the commit message:

    This closes #243
    
----
commit 8945cf1863f43fbe79948f7b51f9b5f51e906bbd
Author: Roman Jakubco &lt;rjakubco@redhat.com&gt;
Date:   2014-08-19T09:05:32Z

    CAMEL-7718 Constants used in camel-infinispan component have restricted access

----
",1408431268141
http://sealytics.github.io/ontologies/release-model#Bug-8ae4f734-065b-490b-a0a5-d13b5eee1e34,"You can work around this issue by apply the password directly on the HttpComponent just like this
{code}
                HttpConfiguration config = new HttpConfiguration();
                config.setAuthMethod(AuthMethod.Basic);
                config.setAuthUsername(&quot;myUser&quot;);
                config.setAuthPassword(&quot;myPassword&quot;);
                // to avoid NTLM
                config.setAuthMethodPriority(&quot;Basic,Digest&quot;);

                HttpComponent http = context.getComponent(&quot;http&quot;, HttpComponent.class);
                http.setHttpConfiguration(config);
{code}",1386685665704
http://sealytics.github.io/ontologies/release-model#Bug-582a6c67-222c-4c0e-967e-3ac0c6048865,"Thanks for reporting. Yeah indeed there is a problem there, if the exception occurs in the pollDirectory method.",1399024808694
http://sealytics.github.io/ontologies/release-model#Bug-b2274b38-7080-403b-bfdd-2f14734d0688,Thanks for the 172 PR which has been applied to master.,1402047634569
http://sealytics.github.io/ontologies/release-model#Bug-b2274b38-7080-403b-bfdd-2f14734d0688,"GitHub user kevinearls opened a pull request:

    https://github.com/apache/camel/pull/172

    First part of CAMEL-7482, update log messages on timeout

    Update the warn messages that are logged when the graceful timeout is hit to let people know some resources may still be running.


You can merge this pull request into a Git repository by running:

    $ git pull https://github.com/kevinearls/camel CAMEL-7482

Alternatively you can review and apply these changes as the patch at:

    https://github.com/apache/camel/pull/172.patch

To close this pull request, make a commit to your master/trunk branch
with (at least) the following in the commit message:

    This closes #172
    
----
commit 15f60b9b78d885b791d4dca4789b44671b6b02d5
Author: Kevin Earls &lt;kevin@kevinearls.com&gt;
Date:   2014-06-06T12:34:16Z

    First part of CAMEL-7482, update log messages on timeout

----
",1402047634569
http://sealytics.github.io/ontologies/release-model#Bug-b2274b38-7080-403b-bfdd-2f14734d0688,"Github user asfgit closed the pull request at:

    https://github.com/apache/camel/pull/172
",1402047634569
http://sealytics.github.io/ontologies/release-model#Bug-ad943492-64b3-4978-bfaf-83872d62a088,"In ClientChannelHandler, we need to updated the state of exceptionHandled to avoid the callback be called twice when the ChannelClosedException is thrown. I just committed a quick fix for that.

The other part of the issue is cased by Exchange instance could be modified by more then one thread in you test case. Current RedeliveryErrorHandler doesn&apos;t prevent this situation. It just treat the error handle is working in an single thread environment.
Maybe we need to do some refactoring there.
",1402506238484
http://sealytics.github.io/ontologies/release-model#Bug-ad943492-64b3-4978-bfaf-83872d62a088,"Hi Claus,

I didn&apos;t find a way to fix the issue that the exchange states could be modified by multiple threads at the same time.
I&apos;d like to keep this JIRA open until we find a way to address that issue.",1402506238484
http://sealytics.github.io/ontologies/release-model#Bug-ad943492-64b3-4978-bfaf-83872d62a088,Willem has this been fixed?,1402506238484
http://sealytics.github.io/ontologies/release-model#Bug-11656104-d802-49c7-a6c5-43ae12c5ada0,"Hello,

I do not think that this is a bug. The objectId of the Element &apos;Object&apos; is generated automatically for the enveloping XML Signature case. And there is a Reference element gnerated with an  URI whose value is &quot;#&lt;generated object ID&gt;&quot; The header &apos;CamelXmlSignatureContentReferenceUri&apos; can be used to overwrite the reference URI in order to reference only a part of the message and not the total message (as the generated object ID does. 

Regards Franz  ",1380366051822
http://sealytics.github.io/ontologies/release-model#Bug-21b15d65-54c9-4357-8391-e60a839c0dbc,"That&apos;s ok, as long as this bug does not get merged to 2.12 branch.

Thanks!",1393380256428
http://sealytics.github.io/ontologies/release-model#Bug-21b15d65-54c9-4357-8391-e60a839c0dbc,"Fixed in 2.12 onwards. 

Camel 2.10.x is EOL",1393380256428
http://sealytics.github.io/ontologies/release-model#Bug-21b15d65-54c9-4357-8391-e60a839c0dbc,We don&apos;t provide community support for camel-2.10.x. Please update your Camel version for it.,1393380256428
http://sealytics.github.io/ontologies/release-model#Bug-4e487fbe-3d28-42df-af6d-12688fe5e064,"Thanks for the patch. I created an unit test to reproduce this, and indeed there is a bug.",1380636758508
http://sealytics.github.io/ontologies/release-model#Bug-4e487fbe-3d28-42df-af6d-12688fe5e064,"I&apos;ve attached a patch for this issue. Could someone direct me to the test that I need to change as well?

Thanks",1380636758508
http://sealytics.github.io/ontologies/release-model#Bug-6d7f3410-8b70-4132-bcd4-c409a35033a9,"Applied the patch into master, camel-2.12.x and camel-2.11.x branches.",1386132228553
http://sealytics.github.io/ontologies/release-model#Bug-fc871224-4336-4385-b90b-a323b127e0b4,"The problem is deeper. If you stop a Camel route which uses web-socket. And start the route later.
Then any new WS clients can no longer connect and receive messages.
",1340789191357
http://sealytics.github.io/ontologies/release-model#Bug-aae2b155-5af6-4ac9-8f5a-f3c04b58a10f,Backported to 2.10 and 2.9 branches as well.,1381485634221
http://sealytics.github.io/ontologies/release-model#Bug-aae2b155-5af6-4ac9-8f5a-f3c04b58a10f,"If using UDP and you hot deploy a new application when using netty UDP consumer, you may have depending on netty version in use, some threads still alive that can take up CPU time.",1381485634221
http://sealytics.github.io/ontologies/release-model#Bug-c8ba1c6e-1e06-4fb6-b219-25c7dacdfc83,Thanks for reporting and the patch.,1386960572200
http://sealytics.github.io/ontologies/release-model#Bug-c8ba1c6e-1e06-4fb6-b219-25c7dacdfc83,Repro case,1386960572200
http://sealytics.github.io/ontologies/release-model#Bug-c8ba1c6e-1e06-4fb6-b219-25c7dacdfc83,Patch with unit test,1386960572200
http://sealytics.github.io/ontologies/release-model#Bug-4a779fdc-19b4-4cc2-bf58-ac1425c01a8a,"Applied the patch into camel master, camel-2.13.x and camel-2.12.x branches.",1403752402844
http://sealytics.github.io/ontologies/release-model#Bug-3378cd52-59f0-4f7a-947c-2452fd2dffc9,"The service loader doesn&apos;t work inside OSGi. 
So I&apos;ve added some bits to jclouds itself so that it registers its own stuff founds under META-INF/service to the Service Registry. I&apos;ll have a look and see why its borked.",1362576419281
http://sealytics.github.io/ontologies/release-model#Bug-3378cd52-59f0-4f7a-947c-2452fd2dffc9,[~iocanel] wonder if this is still a problem with jclouds 1.7.1 ?,1362576419281
http://sealytics.github.io/ontologies/release-model#Bug-ed18f7d6-580a-4d8d-b918-e9abe43ba884,Fixed in 058d22e83a9f9d343ebb7299ca8cf371c69135de.,1391522221635
http://sealytics.github.io/ontologies/release-model#Bug-3186d17b-2e35-40d3-9bc4-98a1b3a76565,Applied the patch into camel master and camel-2.13.x.,1399624486748
http://sealytics.github.io/ontologies/release-model#Bug-a50324af-742b-4a85-9787-e14acb7ad152,unit test project,1380268323082
http://sealytics.github.io/ontologies/release-model#Bug-a50324af-742b-4a85-9787-e14acb7ad152,"Ok. I figured out how to fix the code. Camel example on splitter helped a lot :)

Here is what has to be used in order for the aggregation work: 1) specify the aggregation strategy in split definition, not after it, otherwise it does not work; 2) after the processor that handles split sub-exchanges you must say end() so that sub-exchanges don&apos;t get returned by jetty. 

Here is how the changed code looks like:

{code}
route = route.split(splitExchangeIntoOneExchangePerFile(), new GroupedExchangeAggregationStrategy());

// now move/copy(?) the files to final destination
route = route.to(&quot;file://output?fileName=${header.&quot; + BATCH_FILE_INDEX + &quot;}.txt&quot;).end();

// no explicit aggregation afterwards
{code}",1380268323082
http://sealytics.github.io/ontologies/release-model#Bug-a50324af-742b-4a85-9787-e14acb7ad152,"Making it less important as we are now ok with temp file names as an indication that the processing of request was completed.

This, however, stays open, I guess. This issue was tested on the latest camel release as well as on the release we are currently using.",1380268323082
http://sealytics.github.io/ontologies/release-model#Bug-a50324af-742b-4a85-9787-e14acb7ad152,"Can you try with latest release as we give points about there
http://camel.apache.org/support

The Camel team is overburden so please help yourself by testing with newer Camel releases. And make unit test as simple as possible to reproduce any issue.",1380268323082
http://sealytics.github.io/ontologies/release-model#Bug-d73d81ea-da4e-4332-abcb-f4a9434f0b51,"Thanks for the correction of an error.
Exactly the same error there FtpsEndpoint.",1387350894962
http://sealytics.github.io/ontologies/release-model#Bug-d73d81ea-da4e-4332-abcb-f4a9434f0b51,"Applied the patch into master, camel-2.12.x and camel-2.11.x branches.",1387350894962
http://sealytics.github.io/ontologies/release-model#Bug-09aec193-f867-496b-a771-b17f5eff2a86,Thanks for the patch. I kept the default value as-is in camel-core to not change that.,1379006255418
http://sealytics.github.io/ontologies/release-model#Bug-09aec193-f867-496b-a771-b17f5eff2a86,"Github user ssogabe closed the pull request at:

    https://github.com/apache/camel/pull/43
",1379006255418
http://sealytics.github.io/ontologies/release-model#Bug-09aec193-f867-496b-a771-b17f5eff2a86,created https://github.com/apache/camel/pull/43,1379006255418
http://sealytics.github.io/ontologies/release-model#Bug-5718ddd9-c372-42ce-977d-20f768716aa5,"Hi Tomohisa,

When I enable the trace log of MQTTProducer:
{code}
log4j.logger.org.apache.camel.component.mqtt=TRACE
{code}
I found the wait time is between the MQTTProducer (Publishing to testTopicOut) and (onSuccess from testTopicOut).
{code}
2014-08-15 15:53:00,535 [        hawtdispatch-DEFAULT-2] MQTTProducer                   DEBUG Publishing to testTopicOut
2014-08-15 15:53:30,405 [                          main] CamelMQTTExample               INFO  &gt;&gt;&gt;&gt;&gt; MQTT consumer:	29877[ms]
2014-08-15 15:53:30,406 [        hawtdispatch-DEFAULT-3] MQTTProducer                   TRACE onSuccess from testTopicOut
{code}
When I change the camel route to use other thread to send the message,  the test looks good.
{code}
 from(&quot;mqtt:input?subscribeTopicName=&quot; + TOPIC_IN)
        .removeProperty(&quot;MQTTTopicPropertyName&quot;)
        .threads(2)
                    .to(&quot;mqtt:output?publishTopicName=&quot; + TOPIC_OUT);
{code}
Here is the log message about MQTTProducer sending the message
{code}
2014-08-15 15:55:21,766 [ (camel-1) thread #0 - Threads] MQTTProducer                   DEBUG Publishing to testTopicOut
2014-08-15 15:55:21,767 [        hawtdispatch-DEFAULT-3] MQTTProducer                   TRACE onSuccess from testTopicOut
2014-08-15 15:55:21,768 [                          main] CamelMQTTExample               INFO  &gt;&gt;&gt;&gt;&gt; MQTT consumer:	11[ms]
{code}

It looks the hawtdispatch queue have some kind of block issue there.
",1408013918943
http://sealytics.github.io/ontologies/release-model#Bug-5718ddd9-c372-42ce-977d-20f768716aa5,"It runs with &quot;mvn exec:java -PExample&quot;

The delivery through mqtt consumer takes almost 30secs while it only takes 40millisecs if it comes from direct.
{code}
2014-08-14 19:46:59,915 [e.mqtt.CamelMQTTExample.main()] CamelMQTTExample               INFO  &gt;&gt;&gt;&gt;&gt;&gt;&gt;&gt;&gt;&gt;&gt;&gt;&gt;&gt;&gt;&gt;&gt;&gt;&gt;&gt;&gt;&gt;&gt;&gt;&gt;&gt;&gt;&gt;&gt;&gt;&gt;&gt;&gt;&gt;&gt;&gt;&gt;&gt;&gt;&gt;&gt;&gt;&gt;&gt;&gt;&gt;
2014-08-14 19:46:59,962 [e.mqtt.CamelMQTTExample.main()] CamelMQTTExample               INFO  &gt;&gt;&gt;&gt;&gt; Direct input:	39[ms]
2014-08-14 19:47:29,860 [e.mqtt.CamelMQTTExample.main()] CamelMQTTExample               INFO  &gt;&gt;&gt;&gt;&gt; MQTT consumer:	29891[ms]
2014-08-14 19:47:29,907 [e.mqtt.CamelMQTTExample.main()] CamelMQTTExample               INFO  &gt;&gt;&gt;&gt;&gt; Direct input:	40[ms]
2014-08-14 19:47:59,865 [e.mqtt.CamelMQTTExample.main()] CamelMQTTExample               INFO  &gt;&gt;&gt;&gt;&gt; MQTT consumer:	29950[ms]
2014-08-14 19:47:59,865 [e.mqtt.CamelMQTTExample.main()] CamelMQTTExample               INFO  &gt;&gt;&gt;&gt;&gt;&gt;&gt;&gt;&gt;&gt;&gt;&gt;&gt;&gt;&gt;&gt;&gt;&gt;&gt;&gt;&gt;&gt;&gt;&gt;&gt;&gt;&gt;&gt;&gt;&gt;&gt;&gt;&gt;&gt;&gt;&gt;&gt;&gt;&gt;&gt;&gt;&gt;&gt;&gt;&gt;&gt;
{code}",1408013918943
http://sealytics.github.io/ontologies/release-model#Bug-429fe977-dea9-47cd-a0c0-4cab5f6b332e,"Fixed in commits:

* 2.14.x (current master branch) =&gt; c047e25.
* 2.13.x =&gt; 5a05109.
* 2.12.x =&gt; bef79b5.",1410281836247
http://sealytics.github.io/ontologies/release-model#Bug-2b8d4da1-e88a-4a3d-a310-656202e95e55,"Fix committed to master branch

https://git-wip-us.apache.org/repos/asf/camel/repo?p=camel.git;a=commit;h=56615ec332f51899eb6fc17e47dae4c67c6a887f",1410465192250
http://sealytics.github.io/ontologies/release-model#Bug-ebe1d668-17d4-4ba5-bfe5-97881ab41a4e,See also CAMEL-7188.,1392284967696
http://sealytics.github.io/ontologies/release-model#Bug-6ba2374f-0801-463e-afd1-784e70170e4a,"Please use the mailing list / user forum to get help

You can read here about how to get help/support and what you can/should do:
http://camel.apache.org/support",1385469582434
http://sealytics.github.io/ontologies/release-model#Bug-2580ea07-bda7-4410-9647-5ace7f17842e,Yes in those cases you need to explicit set id&apos;s of the templates. ,1398270508958
http://sealytics.github.io/ontologies/release-model#Bug-2580ea07-bda7-4410-9647-5ace7f17842e,This is related to this spring feature: https://jira.spring.io/browse/SPR-4374,1398270508958
http://sealytics.github.io/ontologies/release-model#Bug-1833747e-8c96-41ea-be8d-34f41343f1a3,"As camel-http and camel-http4 is use the CachedOutputStream to cache the response inputstream, the change could cause a side effect on that part, which means you cannot access the input stream after the exchange is done just like this.
{code}
String out = template.requestBody(&quot;http://localhost:{{port}}/myserver&quot;, body, String.class);
{code}
In this way we need to delete the temp file when the input stream is closed, I will commit a quick fix shortly.",1386661053957
http://sealytics.github.io/ontologies/release-model#Bug-1833747e-8c96-41ea-be8d-34f41343f1a3,Thanks for reporting and the patch.,1386661053957
http://sealytics.github.io/ontologies/release-model#Bug-1833747e-8c96-41ea-be8d-34f41343f1a3,"Hi Willem,
I am not sure if it is a good idea to generally delete the temp file when the input stream is closed. If you have streamCache=true on the route then the inputStream can be passed from one processor to the next and in between the input stream is reset so that it can be reused in the next processer. The resetting creates a new FileInputStream on the temp file. 

Regards Franz",1386661053957
http://sealytics.github.io/ontologies/release-model#Bug-b129e4cc-5087-432a-97dc-0aa6d3c9c1f8,"Hi Antoine 

I think we need to let the user close the iterator or the input stream when he finish the process.

Closing the stream in exchange.onCompletion could cause some trouble if we just route the message to other system which is not part of camel route,  As the exchange onCompletion is called when the route processes the exchange. we may hit the same issue as we meet in CAMEL-7415.

Regards,

Willem",1399359119266
http://sealytics.github.io/ontologies/release-model#Bug-b129e4cc-5087-432a-97dc-0aa6d3c9c1f8,"Applied the patch into master, camel-2.12.x and camel-2.13.x branches.",1399359119266
http://sealytics.github.io/ontologies/release-model#Bug-b129e4cc-5087-432a-97dc-0aa6d3c9c1f8,"Hi Willem,

Thanks you very much for sharing your insights.

Antoine",1399359119266
http://sealytics.github.io/ontologies/release-model#Bug-b129e4cc-5087-432a-97dc-0aa6d3c9c1f8,"Hi Willem,

Correct me if I&apos;m wrong but the InputStream won&apos;t be closed if the iterator is not processed until the end. This case can happen if you&apos;re processing manually the iterator and not rely on split.

For my pull request of CAMEL-7447, I&apos;ve called exchange.addOnCompletion in order to close the inputstream.

Is it correct ?",1399359119266
http://sealytics.github.io/ontologies/release-model#Bug-b129e4cc-5087-432a-97dc-0aa6d3c9c1f8,"This issue is caused by the UnmarshalProcessor always wants to close the inputstream even the marshalled object is iterator.
The input stream can be closed by the iterator, so leave the input stream if the result object is iterator solve the issue.",1399359119266
http://sealytics.github.io/ontologies/release-model#Bug-57e1d4f7-d2b3-4edd-a8de-4fbc18c3f384,I just wanted to confirm that I am having the same issue,1380301248755
http://sealytics.github.io/ontologies/release-model#Bug-57e1d4f7-d2b3-4edd-a8de-4fbc18c3f384,Thanks for reporting. I have reproduced the issue and have a pending fix.,1380301248755
http://sealytics.github.io/ontologies/release-model#Bug-d2b97eb6-ce1e-4edf-b1ad-21aa58b64686,Thanks for reporting and the patch.,1381380838473
http://sealytics.github.io/ontologies/release-model#Bug-d2b97eb6-ce1e-4edf-b1ad-21aa58b64686,Patch with fix,1381380838473
http://sealytics.github.io/ontologies/release-model#Bug-d2b97eb6-ce1e-4edf-b1ad-21aa58b64686,Reproducible test case,1381380838473
http://sealytics.github.io/ontologies/release-model#Bug-d2b97eb6-ce1e-4edf-b1ad-21aa58b64686,"To run the test: 

mvn clean install
mvn exec:java",1381380838473
http://sealytics.github.io/ontologies/release-model#Bug-700a2437-6a47-4616-8882-ef1e55286d66,"Hi Willem, sure, I&apos;ve added a patch to
https://issues.apache.org/jira/browse/CAMEL-7207, to complement your changes to get interceptors &amp; properties also supported at CxfRsEndpoint level.

Now, I don&apos;t understand how to test that the properties enabled in Spring contexts are visible to CxfRsEndpoint; see the attached patch to CAMEL-7207, I updated two different tests with no luck; can you please help with getting the tests passing or give a hint on what needs to be done ? I can add tests validating the interceptors and features setup from the context are also visible

Thanks, Sergey ",1392201063646
http://sealytics.github.io/ontologies/release-model#Bug-700a2437-6a47-4616-8882-ef1e55286d66,testProducerWithFeature added,1392201063646
http://sealytics.github.io/ontologies/release-model#Bug-700a2437-6a47-4616-8882-ef1e55286d66,"@Sergey,

Maybe you can share you patch here and we can figure out how to test it in the community. That&apos;s the beauty of OpenSource :)",1392201063646
http://sealytics.github.io/ontologies/release-model#Bug-700a2437-6a47-4616-8882-ef1e55286d66,"BTW there are typos for methods testGetCostumerWithClientProxyAPI(), testGetCostumersWithClientProxyAPI() and testGetCostumerWithHttpCentralClientAPI()",1392201063646
http://sealytics.github.io/ontologies/release-model#Bug-700a2437-6a47-4616-8882-ef1e55286d66,"Hi Willem, thanks for fixing it, I&apos;ve been trying frantically to create a patch for 7179 but have been happy to find out the issue has been fixed :-)

Btw, I have some extra code for setting properties &amp; in/out interceptors, but I guess it is a bit late to squeeze the extra code now, I was not really sure how to to test it, see it from your commit; I can try to do a patch next week or so

Cheers, Sergey ",1392201063646
http://sealytics.github.io/ontologies/release-model#Bug-700a2437-6a47-4616-8882-ef1e55286d66,"Hi Willem,
I tried to add custom feature somehow - bus initialization was like workaround. CxfRsEndpoint.setFeatures will be enought.",1392201063646
http://sealytics.github.io/ontologies/release-model#Bug-700a2437-6a47-4616-8882-ef1e55286d66,Finally I&apos;ve set the features using beans. Thanks!,1392201063646
http://sealytics.github.io/ontologies/release-model#Bug-700a2437-6a47-4616-8882-ef1e55286d66,"Hi Alexey,

I just commit quick fix to camel master and camel-2.12.x, you should be able to set the features option just like you do on camel-cxf.

",1392201063646
http://sealytics.github.io/ontologies/release-model#Bug-700a2437-6a47-4616-8882-ef1e55286d66,"You can setup the feature by using cxfrs:client or cxfrs:server elements in the spring or blueprint file.
I can add an option features in CxfRsEndpoint to help you set customer feature through the URI.",1392201063646
http://sealytics.github.io/ontologies/release-model#Bug-700a2437-6a47-4616-8882-ef1e55286d66,"Hi Alexey,

I hit this kind issue last year, it was mentioned in CXF-4953.
You cannot take the consideration that the feature which is set to the bus can work on the JAXRSClientFactoryBean out of box.

Regards,

Willem",1392201063646
http://sealytics.github.io/ontologies/release-model#Bug-ac95dcb0-f633-41b3-9ba9-21db3d02f69c,"Thanks Franz, now I can close the issue.",1392120390905
http://sealytics.github.io/ontologies/release-model#Bug-ac95dcb0-f633-41b3-9ba9-21db3d02f69c,"Applied the patch into master and camel-2.12.x branches with thanks to Franz.
@Franz,  
Do you mind update the wiki page for the new feature?",1392120390905
http://sealytics.github.io/ontologies/release-model#Bug-ac95dcb0-f633-41b3-9ba9-21db3d02f69c,I will do that.,1392120390905
http://sealytics.github.io/ontologies/release-model#Bug-ac95dcb0-f633-41b3-9ba9-21db3d02f69c,I updated the wiki.,1392120390905
http://sealytics.github.io/ontologies/release-model#Bug-a06bef4a-eab4-4ee4-bae8-3b5177ebdbf9,This issue is related fixed in CAMEL-7262.,1394767076860
http://sealytics.github.io/ontologies/release-model#Bug-a06bef4a-eab4-4ee4-bae8-3b5177ebdbf9,"This is by design, we exclude a number of methods in simple language

{code}
    static {
        // exclude all java.lang.Object methods as we dont want to invoke them
        EXCLUDED_METHODS.addAll(Arrays.asList(Object.class.getMethods()));
        // exclude all java.lang.reflect.Proxy methods as we dont want to invoke them
        EXCLUDED_METHODS.addAll(Arrays.asList(Proxy.class.getMethods()));
        try {
            // but keep toString as this method is okay
            EXCLUDED_METHODS.remove(Object.class.getMethod(&quot;toString&quot;));
            EXCLUDED_METHODS.remove(Proxy.class.getMethod(&quot;toString&quot;));
        } catch (Throwable e) {
            // ignore
        }
    }
{code}",1394767076860
http://sealytics.github.io/ontologies/release-model#Bug-34a9c29d-eed3-4729-ac62-1becae3ef914,attached a polished test from Preben which shows the issue.,1378931123198
http://sealytics.github.io/ontologies/release-model#Bug-34a9c29d-eed3-4729-ac62-1becae3ef914,"This works in 2.12.x onwards. 

Hunting this down on 2.11.x is low priority. End users is encourage to upgrade if they really need this.",1378931123198
http://sealytics.github.io/ontologies/release-model#Bug-4f129f31-579d-4ba0-8aa8-33d2ee613066,"The current workaround for the users is to make use of the {{run}} goal, that&apos;s:

{code}
mvn camel:run
{code}
",1385983671437
http://sealytics.github.io/ontologies/release-model#Bug-b8162d31-99e5-4e9f-b47a-283568b205db,"Applied the patch into master, camel-2.12.x and camel-2.11.x branches.",1385723779373
http://sealytics.github.io/ontologies/release-model#Bug-5dd45042-38e8-4912-83e9-8bc316e177c3,Use file:onlyname if you dont want the child directories,1384525892762
http://sealytics.github.io/ontologies/release-model#Bug-58e34aee-8b08-496c-a736-70aa7ca522d3,Patch that handles clustering in pauseTrigger().,1386065194814
http://sealytics.github.io/ontologies/release-model#Bug-58e34aee-8b08-496c-a736-70aa7ca522d3,"Applied the patch into camel master, camel-2.13.x and camel-2.12.x with thanks to Arne.
I also remove the jobAdded.set(false); which makes other unit test failed.
",1386065194814
http://sealytics.github.io/ontologies/release-model#Bug-d48bb6e7-651d-44b7-b4fb-ef8d2eb03f71,"Applied the patch with some enhancement into master, camel-2.12.x and camel-2.11.x branches. Thank to Klaus for the patch.",1387518090358
http://sealytics.github.io/ontologies/release-model#Bug-d2a1fbce-b343-4bca-a678-4753edaf1f2e,"I encountered the same issue (but with Content-Length instead of Content-Type).
Wrote a question about it on the mailinglist: http://cxf.547215.n5.nabble.com/Why-is-the-Content-Length-header-copied-from-request-to-response-td5744803.html 

I figured out a workaround:
{code:java}
from(&quot;cxfrs:bean:rsServer?bindingStyle=SimpleConsumer&amp;resourceClasses=my.own.ResourceClass)
.removeHeader(&quot;Content-Length&quot;) // &lt;!-- workaround.. just remove the incoming header so it cannot do any harm
.bean(myBean, &quot;myMethod&quot;) 
{code}

Is this workaround known to cause any side-effects though?",1393492494555
http://sealytics.github.io/ontologies/release-model#Bug-d2a1fbce-b343-4bca-a678-4753edaf1f2e,"Hi Jan, no side-effect is expected, it should be a clean approach.",1393492494555
http://sealytics.github.io/ontologies/release-model#Bug-d2a1fbce-b343-4bca-a678-4753edaf1f2e,"Hi Aki

Re your question 3, I doubt we can prevent users setting the wrong Content-Length, it can become quite hairy :-), we might be able to prevent the inconsistency for only limited set of entity types like byte[] or String...It is not recommended, explicitly setting Content-Length.

I guess we have plenty of options at Camel level to control it.
At the end of the day it is not a big issue.

I&apos;d go for preventing copying an in Content-Length from Camel to out CXF headers, it is probably safe enough.
Re Content-Type: probably safe blocking copying it it the out CXF chain too, but I won&apos;t insist,

Cheers, Sergey

",1393492494555
http://sealytics.github.io/ontologies/release-model#Bug-d2a1fbce-b343-4bca-a678-4753edaf1f2e,"Hi Sergey, Raul,
for SimpleBinding has the following response transfer code
    public Object populateCxfRsResponseFromExchange(org.apache.camel.Exchange camelExchange, Exchange cxfExchange) throws Exception {
        Object base = super.populateCxfRsResponseFromExchange(camelExchange, cxfExchange);
        return buildResponse(camelExchange, base);
    }

and this buildResponse(â€¦) is making the difference in the behavior.
This buildResponse takes the plain response into a javax.ws.rs.core.Response using cxf&apos;s ResponseBuilder. Additionally, it is adding all the external headers like content-length (unless they are blocked by the header-stragety) to the builder. And this leads to those headers being later directly serialized into the response message.

So, I am wondering three things.

1. do we need this header insertion part there if it is not there in the default binding? (or at least setting the content-length there does not make sense when setting the content entity that doesn&apos;t match the content length).
2. for the case when the body is already an instance of Response, which may already have headers set, do we need the header addition code in this case as well?
3. if the headers are supposed to be added for SimpleBinding, can we do the consistency check in CXF to avoid this issue? In other words, what would be the desired behavior in the following case.

You are doing a plain cxf jaxrs without camel and building a response using the ResponseBuilder and inconsistently setting some properties, as

builder.entity(&quot;foo&quot;);
â€¦
builder.header(&quot;Content-Length&quot;, &quot;9&quot;)
â€¦
builder.build()

Should this inconsistency be recognized in the builder itself to correct it and produce a consistent Response object?

regards, aki",1393492494555
http://sealytics.github.io/ontologies/release-model#Bug-d2a1fbce-b343-4bca-a678-4753edaf1f2e,"Hi Aki,

The problem with Content-Type is that when Simple binding is enabled, it interferes with un-setting the correct output Content-Type already set by the JAX-RS runtime, in cases where we have some kind of HTTP-level negotiation going on. 
So yes, I can understand that the original request Content-Type or Content-Length may need to be visible to the rest of the route. But having such headers copied to outbound CXF message by default is an issue as it is breaking the original consumers who made the request and expect the data back. The fact that it&apos;s not happening with the default binding suggests it is specific to Simple Binding only

Cheers, Sergey",1393492494555
http://sealytics.github.io/ontologies/release-model#Bug-d2a1fbce-b343-4bca-a678-4753edaf1f2e,"I am commenting on this behavior (the default behavior of passing those headers as desired).

When you have a consumer endpoint, you want to pass those headers to the inside component in the camel route so that they can be used in routing. When you have a producer endpoint, you want to set some headers from the camel route to control the behavior of the producer endpoint. 

This leads to the conclusion that those headers must be transported through the boundary between the endpoint and the route that is attached to. To prevent the wrong or unintended headers from being passed to the endpoint or component down the route, those headers should be removed after they are consumed in the route.

The workaround suggested by Sergey or its similar variant  (e.g., removing all content-* headers or removing all headers except some headers matching some pattern, etc) is a required step that you need in your route to connect two endpoints that share the same headers.

regards, aki",1393492494555
http://sealytics.github.io/ontologies/release-model#Bug-d2a1fbce-b343-4bca-a678-4753edaf1f2e,"Hi RaÃºl

Many thanks for the clarifications and ideas :-).

Let me clarify something first before I can try and contribute something positive :-).

As far as this JIRA issue is concerned, why do you think we do not see this issue when using a DefaultBinding (as mentioned by Alexei) but only a SimpleBinding ?

Cheers, Sergey



",1393492494555
http://sealytics.github.io/ontologies/release-model#Bug-d2a1fbce-b343-4bca-a678-4753edaf1f2e,"Another possibility (and this is the one I like the most) entails qualifying ALL protocol headers transmitted through a boundary in some manner, for example by storing the headers as a {{Map&lt;String, Object&gt;}} under header keys: 

{code}
[endpointId].protocolHeaders.[input/output]
{code}

That way, if you&apos;re route is like this:

{code}
from(&quot;jetty:http://0.0.0.0:9090&quot;).id(&quot;jettyConsumer&quot;)
   .to(&quot;cxfrs:bean:blablabla&quot;).id(&quot;cxfrsProducer&quot;);
{code}

Camel could store the protocol headers under:
* jettyConsumer.protocolHeaders.input =&gt; incoming HTTP headers from the outside world.
* cxfrsProducer.protocolHeaders.input =&gt; place where to look to pick up headers to be sent by the producer.
* cxfrsProducer.protocolHeaders.output =&gt; outgoing HTTP headers from producer.
* jettyConsumer.protocolHeaders.output =&gt; place where to look to pick up headers to send to the original client.

Like this, there&apos;s no confusion anymore. Because a big flaw of the current model is that incoming and outgoing headers â€“ no matter which endpoint they appeared from â€“ are all being dumped in the same place with the same names. And there&apos;s no traceability. Therefore, you can end up with a Content-Type from one endpoint and Content-Length from another. And that, in my opinion, is what needs to be fixed first: how headers are scoped.

It&apos;s a major change, though, not an easy fix.

Sorry for the rant again :D

Regards,
RaÃºl.",1393492494555
http://sealytics.github.io/ontologies/release-model#Bug-d2a1fbce-b343-4bca-a678-4753edaf1f2e,"Hi Raul,
thanks. I didn&apos;t see your reply when I pushed the Add button :)
You answered part of my questions and I agree with this default transport of headers in general.
However, if you could get more concrete on my questions 1&apos;s length issue and question 2, that would be appreciated.
thanks.
regards, aki

",1393492494555
http://sealytics.github.io/ontologies/release-model#Bug-d2a1fbce-b343-4bca-a678-4753edaf1f2e,"Hi Aki

Let me clarify the actual issue here briefly mentioned in my first comment above.
Consider the fact that many clients expecting some data back add a redundant wildcard Content-Type, for example:

Content-Type: */*
Accept: application/json, application/xml;q=0.8

and we have a JAX-RS method:

@Produces(&quot;application/xml&quot;, &quot;application/json&quot;)

Only the runtime will know what the correct response Content-Type is here, even in this simple case figuring out the correct response CT manually is not a good idea.
CXF knows the response CT when it matched a request URI against a given request method, still on the in chain, and saves it on the exchange as I noted above for the out chain to set it.

But we have the incoming &quot;*/*&quot; overriding the correctly calculated response Content-Type. Alexey described another scenario.
We can keep adding removeHeader() for Content-Type and Content-Length. 
But is it ever a good idea to put these 2 incoming specific headers into the outgoing CXF chain ?

Sergey






",1393492494555
http://sealytics.github.io/ontologies/release-model#Bug-d2a1fbce-b343-4bca-a678-4753edaf1f2e,"Hi Sergey,
I didn&apos;t see the example/test code attached to this ticket earlier. My fault.
I thought we were talking about the tunneling scenario like from:cxfrs --&gt;camel-&gt; to:cxfrs and some interfering props passed to the from-ep to the to-el.
I just saw the test code and this was doing a plain request-response. It looks like there is rather an issue in the simple binding. I&apos;ll take a quick look at it.
regards, aki",1393492494555
http://sealytics.github.io/ontologies/release-model#Bug-d2a1fbce-b343-4bca-a678-4753edaf1f2e,"Hi Sergey,
I am confused with your reply. You want to have this removal in SimpleBinding at cxf2camel or camel2cxf? I thought you were suggesting for the use of camel&apos;s removeHeader.

I have seen a similar problem with the default binding for other headers, when they are tunneled and passed to the other endpoint (e.g., Content-Encoding interfering with the gzip handling). For the content-length, I thought (or expected) that CXF would be removing it (or updating it if used) when it was passed externally. And I am wondering if CXF should be always automatically updating or correcting those content headers instead of using those externally passed directly.

regards, aki
",1393492494555
http://sealytics.github.io/ontologies/release-model#Bug-d2a1fbce-b343-4bca-a678-4753edaf1f2e,"Hi Raul, 

Do you think we can block the copying of the input Content-Type to the output *by default*, without having to start blocking the whole headers via the header strategy, when the Content-Type of the response is already available ?

This can be checked on the CXF exchange, exchange.get(org.apache.cxf.message.Message.CONTENT_TYPE) ?

Otherwise we have the side-effects, like the one in the attached test, and another one when we have a wildcard Content-Type in GET requests, this wildcard (\*/\*) overrides the Content-Type of the response derived from @Produces

Thanks, Sergey
 ",1393492494555
http://sealytics.github.io/ontologies/release-model#Bug-d2a1fbce-b343-4bca-a678-4753edaf1f2e,Without bindingStyle=SimpleConsumer works as expected,1393492494555
http://sealytics.github.io/ontologies/release-model#Bug-d2a1fbce-b343-4bca-a678-4753edaf1f2e,"Hi [~ay],

The issue lies here:

http://grepcode.com/file/repo1.maven.org/maven2/org.apache.camel/camel-cxf/2.12.0/org/apache/camel/component/cxf/jaxrs/SimpleCxfRsBinding.java#181

The Simple Binding propagates the message headers from Camel into the JAX-RS Response headers. However, since headers are not contextualised (as I explained above) and they are just &quot;mished-mashed&quot;, the Content-Type from the original requests ends up being propagated back in the response.

The CXF stack then uses this Content-Type to pick the MessageBodyWriter and ends up serialising the response in the same wireformat as the request, even if the client demanded a different one with &quot;Accept&quot;.

In my opinion there is no black or white solution, nor easy solution. We want to allow users to set headers in their routes that are sent back to the client, yet this facility is colliding with Camel&apos;s way of dumping all headers in the same place.

For an easy solution out, we could add a parameter to SimpleConsumer: headerPropagationPolicy, with the following values:
* none =&gt; never propagate any headers.
* propagate =&gt; apply header filter strategy (today&apos;s behaviour).

This parameter allows some level of tuning, and, most importantly, makes the user aware upfront that if they want to propagate at least 1 header, they will have to configure a header filter strategy.

[~amarkevich], for now you can solve this issue simply by removing the Content-Type header before the end of the route.

Regards,
RaÃºl.",1393492494555
http://sealytics.github.io/ontologies/release-model#Bug-d2a1fbce-b343-4bca-a678-4753edaf1f2e,"Hi guys,

Sorry I didn&apos;t realise I was mentioned above.

Header propagation has always been a major plus of Camel, and also a major PITA many times. I always recommend customers to implement a common HeaderFilterStrategy to fully control and lock down possible these oddities. After all, Camel is an integration platform. We could be connecting camel-http accepting text/plain as a consumer, with camel-cxfrs as a producer, dispatching to an endpoint that requires JSON. Different wire formats, i.e. different Content-Types and Accepts at each edge.

It&apos;s quite normal for a mediation platform to have to intermediate between two different wireformats. And unfortunately Camel is not intuitive in this sense because of header propagation. You get this effect with Content-Type, Accept, Accept-Encoding, Content-Length, etc. I&apos;ve seen this issue with many, many of these protocol headers which are normally calculated automatically by the underlying stack.

Now â€“Â after this rant â€“Â let&apos;s discuss solutions ;-)

# Make it very clear in the documentation of &quot;vulnerable&quot; components that headers are propagated and weird interactions like this one could happen.
# Suppress propagating these headers in all vulnerable components, by adjusting their default header filter strategies =&gt; I would -1 this one because it&apos;s a breaking change, and as a user I may want to know if the client sent JSON or HTTP by inspecting the Content-Type.
# Make the suppression optional by providing a switch in all HeaderFilterStrategies (not just HTTP). However, we have the problem of deciding which headers to suppress and which not, and in what direction. However, it gets complicated: I may not want to suppress the Content-Type in a consumer when receiving the request, but I would like ignore any existing Content-Type headers when I send back the response, so that the stack can decide for itself â€“Â this is what would help the OP in this case.

As you can see, the level of customisation required to make any &quot;auto-magic&quot; or &quot;intelligent&quot; logic work defeats the purpose of making it automatic in the first place...

I&apos;m sure there are many more creative solutions we can put to work. But I have little time now to continue thinking :( Perhaps we could take a look at how other frameworks handle this header propagation across adapters?

Hope this helps, and it doesn&apos;t confuse everybody more :)

Regards,
RaÃºl.",1393492494555
http://sealytics.github.io/ontologies/release-model#Bug-d2a1fbce-b343-4bca-a678-4753edaf1f2e,Sample: send JSON; accept XML - actualy JSON Content-Type returned; also Content-Length is wrong.,1393492494555
http://sealytics.github.io/ontologies/release-model#Bug-4be6fe40-6668-4cb9-aff1-77140d0a2c45,Applied the patch into master and camel-2.12.x branches.,1386295866384
http://sealytics.github.io/ontologies/release-model#Bug-1bdd55cd-ee8e-4aa8-86fe-c6435807d5b6,Thanks for reporting and providing the work around,1382535788040
http://sealytics.github.io/ontologies/release-model#Bug-1bdd55cd-ee8e-4aa8-86fe-c6435807d5b6,I was the one asking about this on IRC earlier - just going to document that we found a workaround here. We made the bean implement Predicate and use when(bean) instead of when(method(bean)) and the error handling appears to work correctly.,1382535788040
http://sealytics.github.io/ontologies/release-model#Bug-8fb2a047-f514-41cb-aa50-7a9b1ffc3152,"I wrote a unit test for this issue, which is attached as NodeListToDoumentTest.java.
It shows that ElementNSImpl implements the NodeList interface, the responsible superclass is NodeImpl.
This unit test passes on my machine, running an Oracle JDK.

The same unit test fails, after making the following change in
class BaseTypeConverterRegistry:

            // try the interfaces (in reverse order)
            for (int i=fromType.getInterfaces().length-1;i&gt;=0;i--) {
                Class&lt;?&gt; type = fromType.getInterfaces()[i];

instead of:
            // try the interfaces
            for (Class&lt;?&gt; type : fromType.getInterfaces()) 

This may explain why a different JDK may have an issue with this conversion.",1383292658775
http://sealytics.github.io/ontologies/release-model#Bug-8fb2a047-f514-41cb-aa50-7a9b1ffc3152,Thanks for reporting and the patch.,1383292658775
http://sealytics.github.io/ontologies/release-model#Bug-8fb2a047-f514-41cb-aa50-7a9b1ffc3152,"I added a patch file (patchfile.txt), which will most likely solve this issue.
After this patch, if toDOMDocumentFromSingleNodeList(Nodelist) is selected for conversion, then a second try using toDOMDocument(Node) will occur if applicable.
The attached unit test is not really fit for inclusion in the camel-core project, but helpful for debugging purposes.",1383292658775
http://sealytics.github.io/ontologies/release-model#Bug-8fb2a047-f514-41cb-aa50-7a9b1ffc3152,"What JDK are you using?

The Oracle JDK on osx, the ElementNSImpl class only implements Node (does NOT implement NodeList)",1383292658775
http://sealytics.github.io/ontologies/release-model#Bug-8fb2a047-f514-41cb-aa50-7a9b1ffc3152,And do you have a sample unit test or something to use?,1383292658775
http://sealytics.github.io/ontologies/release-model#Bug-8fb2a047-f514-41cb-aa50-7a9b1ffc3152,Did you have a chance to test the fix on HP-UX Java? On Oracle Java the issue does not occur.,1383292658775
http://sealytics.github.io/ontologies/release-model#Bug-9980ca8e-2aa1-4145-9b90-54cda7ca5656,"You should use the mailing list / user forum for this kind of help / questions about Apache Camel.

See more details here
http://camel.apache.org/mailing-lists.html
http://camel.apache.org/discussion-forums.html",1381483848787
http://sealytics.github.io/ontologies/release-model#Bug-238214d4-fd7f-4bc7-b88a-2d447e25ecac,"Use the mailing list / user forum for this kind of question/help.

See details on this page how to get support/help
http://camel.apache.org/support",1385034080594
http://sealytics.github.io/ontologies/release-model#Bug-28f1d03c-8a75-4d67-aa61-539f81eb8c8c,"I just checked the code, if you don&apos;t specify the SEI class, camel-cxf uses WSDLServiceFactoryBean to load the service model.
As the WSDLServiceFactoryBean doesn&apos;t has the SEI class to fire with INTERFACE_CREATED event, you cannot get the one you want.

I don&apos;t think it is bug of camel-cxf.
",1385434173063
http://sealytics.github.io/ontologies/release-model#Bug-02518bf4-7df2-42d2-b192-2a870b80037d,"Applied the patch into master, camel-2.13.x and camel-2.12.x branch with thanks to Cristiano.",1408408665420
http://sealytics.github.io/ontologies/release-model#Bug-02518bf4-7df2-42d2-b192-2a870b80037d,"Github user cristianonicolai closed the pull request at:

    https://github.com/apache/camel/pull/242
",1408408665420
http://sealytics.github.io/ontologies/release-model#Bug-02518bf4-7df2-42d2-b192-2a870b80037d,"GitHub user cristianonicolai opened a pull request:

    https://github.com/apache/camel/pull/242

    CAMEL-7715: Fix SJMS ThreadPool for SjmsConsumer and SjmsProducer.

    

You can merge this pull request into a Git repository by running:

    $ git pull https://github.com/cristianonicolai/camel camel-7715

Alternatively you can review and apply these changes as the patch at:

    https://github.com/apache/camel/pull/242.patch

To close this pull request, make a commit to your master/trunk branch
with (at least) the following in the commit message:

    This closes #242
    
----
commit f90c8967c573226bdf0ede8656b91ea5f34b5960
Author: Cristiano Nicolai &lt;cristiano.nicolai@gmail.com&gt;
Date:   2014-08-19T01:21:24Z

    CAMEL-7715: Fix SJMS ThreadPool for SjmsConsumer and SjmsProducer.

----
",1408408665420
http://sealytics.github.io/ontologies/release-model#Bug-c4c782b7-e887-4564-a02e-57cbd4b969ae,"This is not a bug, it works as designed.

Any bean that has X injected can use stale references if X is restarted or something.",1404155886487
http://sealytics.github.io/ontologies/release-model#Bug-c4c782b7-e887-4564-a02e-57cbd4b969ae,"And for POJO producing do you use @Produce or how do you get the template injected?

The issue is that to restart the template automatic we would need to keep a reference to the template in Camel, and start them up again when you restart. Today Camel will clear all such resources on shutdown. And that is why using suspend/resume is the recommended way.

And btw what is your use-case for the need of a Camel restart?",1404155886487
http://sealytics.github.io/ontologies/release-model#Bug-c4c782b7-e887-4564-a02e-57cbd4b969ae,"btw if you want Camel to manage the lifecycle of your ProducerTemplate, you can add it as a service

{code}
context.addService(template);
{code}

Then the template is stopped when Camel stops.
Though when you start Camel again, you would need to re-create a new template, or start the old one again.",1404155886487
http://sealytics.github.io/ontologies/release-model#Bug-c4c782b7-e887-4564-a02e-57cbd4b969ae,"See
http://camel.apache.org/lifecycle

Maybe instead of stop/start CamelContext then use suspend/resume instead.",1404155886487
http://sealytics.github.io/ontologies/release-model#Bug-c4c782b7-e887-4564-a02e-57cbd4b969ae,"Yes, we&apos;ve tried adding the template to context and indeed it was stopped and never started again.
We are using @EndpointInject to get it into our beans.
As of usecase, it&apos;s HA solution and we&apos;ve got LifecycleStrategy that stops the context when node is out of quorum. We&apos;ll check if we can switch to suspend/resume instead. Currently we are using suspend/resume for single-node-only routes (we have route strategy for that), so we don&apos;t want to have it mixed somehow in the wrong way.
As of fix, I though, Cache can check if passed and cached endpoint (or it&apos;s component) is the same and invalidate cache entry if it&apos;s not.
Also, I&apos;d document this limitation on http://camel.apache.org/pojo-producing.html.",1404155886487
http://sealytics.github.io/ontologies/release-model#Bug-c4c782b7-e887-4564-a02e-57cbd4b969ae,"So, basically, POJO Producing can&apos;t be used if camel contexts are restarted, can it? Should it be documented in the http://camel.apache.org/pojo-producing.html page? As for me it&apos;s serious limitation",1404155886487
http://sealytics.github.io/ontologies/release-model#Bug-c4c782b7-e887-4564-a02e-57cbd4b969ae,"And btw by restart how do you do that? Is it 

context.stop();
context.start();

eg the same instance?

It as said before better to use suspend/resume.",1404155886487
http://sealytics.github.io/ontologies/release-model#Bug-3a3074ba-f4eb-4bff-a11c-920a8fe844f5,"Please use the mailing list / user forum for questions on using Camel.

See more details here
http://camel.apache.org/support
http://camel.apache.org/mailing-lists.html
http://camel.apache.org/discussion-forums.html

And as you are using JBoss Fuse then you can also use that vendors user forum for questions on their product
http://community.jboss.org/en/jbossfuse
",1401623084483
http://sealytics.github.io/ontologies/release-model#Bug-f521c1bc-f5bd-415e-9e10-2781cea5f702,"GitHub user grgrzybek opened a pull request:

    https://github.com/apache/camel/pull/145

    [CAMEL-7424] copy new version of StaxSource from CXF (with tests)

    

You can merge this pull request into a Git repository by running:

    $ git pull https://github.com/grgrzybek/camel CAMEL-7424

Alternatively you can review and apply these changes as the patch at:

    https://github.com/apache/camel/pull/145.patch

To close this pull request, make a commit to your master/trunk branch
with (at least) the following in the commit message:

    This closes #145
    
----
commit 7884c7ac22363cb3e0cf30230d26c37df1ae07d6
Author: Grzegorz Grzybek &lt;gr.grzybek@gmail.com&gt;
Date:   2014-05-08T08:34:17Z

    [CAMEL-7424] copy new version of StaxSource from CXF (with tests)

----
",1399537000604
http://sealytics.github.io/ontologies/release-model#Bug-f521c1bc-f5bd-415e-9e10-2781cea5f702,"Github user asfgit closed the pull request at:

    https://github.com/apache/camel/pull/145
",1399537000604
http://sealytics.github.io/ontologies/release-model#Bug-25eb9729-1e56-4c54-bace-262de916fd53,"As its a toString on the osgi proxy that causes it to call the remote service that is no longer, then its a bit more tricky.

We could either
- avoid any toString calls, but then non OSGi proxied beans can&apos;t have toString description in logs etc as today.
- detect if its a proxy and avoid toString
- something else",1390300303623
http://sealytics.github.io/ontologies/release-model#Bug-bbbaf107-6246-41f9-ad2d-258aaae24c9c,"The page was renamed for redis -&gt; spring-redis and then apache infra has some old cached pages. If you refresh the page, or go to spring-redis then the doc is correct.",1398751757954
http://sealytics.github.io/ontologies/release-model#Bug-02e929af-9cd9-493b-a0c4-7b5cac185f5c,Thanks for reporting.,1384514288861
http://sealytics.github.io/ontologies/release-model#Bug-ca40c7bf-845d-4819-854e-bf2a207b80ab,Notice that &lt;otherwise&gt; has id = myChoice also,1404368602836
http://sealytics.github.io/ontologies/release-model#Bug-752401c0-21ed-4ad6-8804-278312226f17,"The root cause is currently the StreamCache is reset only before the executin of the processor, not afterwards. If the consumer gets the exchange back, a StreamCache in the in-message will remain as it is and does not close.

My patch also resets the stream cache after each processor. This means normally the reset() will be executed twice on the stream cache (after the previous processor and before the next), but a reset() on a StreamCache that was reset before, will only do a null comparison, so it doesn&apos;t cost much. I also considered to remove the reset before the processors, but I am not sure whether this doesn&apos;t break wiretaps or the like.",1387541805331
http://sealytics.github.io/ontologies/release-model#Bug-752401c0-21ed-4ad6-8804-278312226f17,Thanks for reporting and the patch.,1387541805331
http://sealytics.github.io/ontologies/release-model#Bug-db7a4a7f-6fcd-496a-8ef8-d02456640ea9,Thanks for reporting.,1402933917387
http://sealytics.github.io/ontologies/release-model#Bug-e671c98f-2435-4b0d-a18e-ac28f0842e17,"Yeah I think we should

- cache by default (which is the behavior we have now)
- setting cache=false, should create a new instance on-demand, eg like a prototype scoped bean.",1400655721423
http://sealytics.github.io/ontologies/release-model#Bug-ca5c9098-8bbc-4a18-b5c7-b99d87b32bc3,"It also throws that exception when one configures a route with any of the interceptors, e.g.:

{code:java}
interceptFrom(&quot;direct:start&quot;)
  .process(new SomeProcessor());

from(&quot;direct:start&quot;)
  .routeId(&quot;some-route&quot;)
  .transacted(&quot;PROPAGATION_REQUIRED&quot;)
  .to(&quot;log:me&quot;)
{code}",1396965960704
http://sealytics.github.io/ontologies/release-model#Bug-ca5c9098-8bbc-4a18-b5c7-b99d87b32bc3,Thanks for reporting.,1396965960704
http://sealytics.github.io/ontologies/release-model#Bug-61e6a5a7-91ce-4467-9d32-88d8970796d3,We have upgraded to 1.7.12_1 bundle,1398956367806
http://sealytics.github.io/ontologies/release-model#Bug-61e6a5a7-91ce-4467-9d32-88d8970796d3,"Great, I just verified my bundle is functional with that workaround.",1398956367806
http://sealytics.github.io/ontologies/release-model#Bug-61e6a5a7-91ce-4467-9d32-88d8970796d3,"karaf@root&gt; features:chooseurl camel 2.13.1-SNAPSHOT
adding feature url mvn:org.apache.camel.karaf/apache-camel/2.13.1-SNAPSHOT/xml/features
karaf@root&gt; features:install camel
karaf@root&gt; features:install camel-aws
karaf@root&gt; list
[  70] [Active     ] [            ] [   50] Apache ServiceMix :: Bundles :: aws-java-sdk (1.7.1.1)
[  71] [Active     ] [            ] [   50] camel-aws (2.13.1.SNAPSHOT)
karaf@root&gt; dynamic-import 70
Enabling dynamic imports on bundle org.apache.servicemix.bundles.aws-java-sdk [70]
karaf@root&gt; install -s mvn:com.example.aws/example-aws/2.13.0
Bundle ID: 72
karaf@root&gt; list
[  72] [Active     ] [Created     ] [       ] [   80] A Camel Blueprint Route (2.13.0)",1398956367806
http://sealytics.github.io/ontologies/release-model#Bug-61e6a5a7-91ce-4467-9d32-88d8970796d3,"If you enabled dynamic import on the aws-sdk bundle you can get it working

dev:dynamic-import &lt;bundleId&gt;

Also install joda-time 2.3, as that is required. And maybe uninstall the older 1.x first.",1398956367806
http://sealytics.github.io/ontologies/release-model#Bug-61e6a5a7-91ce-4467-9d32-88d8970796d3,Waiting for new SMX bundle releases which has the fix.,1398956367806
http://sealytics.github.io/ontologies/release-model#Bug-61e6a5a7-91ce-4467-9d32-88d8970796d3,"Yes the aws-sdk bundle is flawed, logged a ticket SMX4-1751.",1398956367806
http://sealytics.github.io/ontologies/release-model#Bug-61e6a5a7-91ce-4467-9d32-88d8970796d3,Okay we have a workaround until a new aws-sdk bundle is released.,1398956367806
http://sealytics.github.io/ontologies/release-model#Bug-c0b35214-72af-4661-b99a-1fe4c4d08a67,"I think we have a catch-22 situation here.

Yeah this ticket about the netty http producer should close the connection if &quot;Connection: close&quot; is in the HTTP header, then that is correct. The missing piece was that the check was already there, but the binding code didn&apos;t set the Exhcange.CLOSE header. Though this code sets it as a property on the exchange. Should really be header instead to be consistent.

Okay the catch-22 is when you bridge using netty-http, eg

{code}
1..n clients
--&gt;
from netty-http 
   to netty-http 
--&gt;
  backend server
{code}

Then you have N+ clients on the outside that may have &quot;Connection: close&quot; in their http headers. So on the Camel server we have the catch-22 situation, because

1. We want the netty http consumer to close the connection when the request is done (current code does that)
2. We most likely do not want to close connections between Camel and the backend server (to keep these connections alive and fast as possible)

So we should have a better way of doing #2 to tell Camel it should disregard the &quot;Connection: close&quot; header but keep it alive between Camel and backend server. eg some way of configuring this better.

Today we have the disconnect option people could use to force this
{code}
from netty-http 
   to netty-http?disconnect=false 
{code}

But I am not sure if setting that disconnect option would have the http header override it, so if there is a http header with &quot;Connection: close&quot; it may take precedence and still close the connection on the netty http producer side.
",1383888813438
http://sealytics.github.io/ontologies/release-model#Bug-c0b35214-72af-4661-b99a-1fe4c4d08a67,Applied the patch into master and camel-2.12.x branches.,1383888813438
http://sealytics.github.io/ontologies/release-model#Bug-c0b35214-72af-4661-b99a-1fe4c4d08a67,"If we want to proxy the request and keep using the connection, we need to change the header &quot;Connection: close&quot; to be &quot;Connection: keepalive&quot;, the proxy can be like this
{code}
from(&quot;netty-http:xxx&quot;).setHeader(&quot;connection&quot;, &quot;keep-alive&quot;).to(&quot;netty-http:yyy&quot;)
{code}",1383888813438
http://sealytics.github.io/ontologies/release-model#Bug-12c6cedf-920f-4cdb-8480-e225f5264e35,Thanks for reporting. We recently got a PR to fix this.,1395138460567
http://sealytics.github.io/ontologies/release-model#Bug-12c6cedf-920f-4cdb-8480-e225f5264e35,Here is my sample project with both consumer and producer to reproduce this issue,1395138460567
http://sealytics.github.io/ontologies/release-model#Bug-0c5dcf4c-98dc-4fab-8794-57ea5b3275cc,trunk: 1049455.,1292400350729
http://sealytics.github.io/ontologies/release-model#Bug-0c5dcf4c-98dc-4fab-8794-57ea5b3275cc,This issue is fixed by CAME-3434 as well. As the first fix wasn&apos;t sufficient.,1292400350729
http://sealytics.github.io/ontologies/release-model#Bug-0c5dcf4c-98dc-4fab-8794-57ea5b3275cc,Closing all resolved tickets from 2010 or older,1292400350729
http://sealytics.github.io/ontologies/release-model#Bug-0d39ce74-e56d-4e27-af65-260374d4425e,Patches is welcome,1367855810837
http://sealytics.github.io/ontologies/release-model#Bug-bad9a9cf-7d48-42a3-aa22-96e5de18d30a,Can you maybe provide some examples to better explain what you see as a problem?,1407763069613
http://sealytics.github.io/ontologies/release-model#Bug-93a14bcb-0da7-4f11-8af7-9c1e3b5325c1,"Unfortunately it doesn&apos;t seem to be fixed, at least not in 2.11.3.
I still see how it the &apos;normalization&apos; switches from topic to queue:

JmsProducer                      | amel.component.jms.JmsProducer$2  328 | 126 - org.apache.camel.camel-jms - 2.11.3 | Normalized JMSReplyTo destination name topic://xxx -&gt; xxx
JmsProducer                      | amel.component.jms.JmsProducer$2  344 | 126 - org.apache.camel.camel-jms - 2.11.3 | Creating JMSReplyTo queue: xxx
JmsProducer                      | amel.component.jms.JmsProducer$2  356 | 126 - org.apache.camel.camel-jms - 2.11.3 | Using JMSReplyTo destination: queue://xxx
JmsProducer                      | amel.component.jms.JmsProducer$2  364 | 126 - org.apache.camel.camel-jms - 2.11.3 | Created javax.jms.Message: ActiveMQMessage {commandId = 0, responseRequired = false, messageId = null, originalDestination = null, originalTransactionId = null, producerId = null, destination = null, transactionId = null, expiration = 0, timestamp = 0, arrival = 0, brokerInTime = 0, brokerOutTime = 0, correlationId = null, replyTo = queue://xxx, persistent = true, type = null, priority = 0, groupID = null, groupSequence = 0, targetConsumerId = null, compressed = false, userID = null, content = null, marshalledProperties = null, dataStructure = null, redeliveryCounter = 0, size = 0, properties = {breadcrumbId=ID-mlipc-54383-1390388987563-0-1, firedTime=Wed Jan 22 12:09:49 CET 2014}, readOnlyProperties = false, readOnlyBody = false, droppable = false}

",1386588411689
http://sealytics.github.io/ontologies/release-model#Bug-93a14bcb-0da7-4f11-8af7-9c1e3b5325c1,Applied a new fix.,1386588411689
http://sealytics.github.io/ontologies/release-model#Bug-93a14bcb-0da7-4f11-8af7-9c1e3b5325c1,"ActiveMQ 5.7.0
(however, from what I can see, no message broker code is involved, it&apos;s happening in JmsProducer)",1386588411689
http://sealytics.github.io/ontologies/release-model#Bug-93a14bcb-0da7-4f11-8af7-9c1e3b5325c1,What message broker do you use?,1386588411689
http://sealytics.github.io/ontologies/release-model#Bug-93a14bcb-0da7-4f11-8af7-9c1e3b5325c1,Thanks for reporting.,1386588411689
http://sealytics.github.io/ontologies/release-model#Bug-8676fd04-2c86-4204-89af-c238f6842ca9,The JcrConsumerTest hangs on my laptop. I have attached a thread dump.,1395538375172
http://sealytics.github.io/ontologies/release-model#Bug-8676fd04-2c86-4204-89af-c238f6842ca9,"GitHub user gzurowski opened a pull request:

    https://github.com/apache/camel/pull/116

    CAMEL-7321: Fix inconsistent synchronization to prevent freezing of JcrConsumer

    
    Signed-off-by: Gregor Zurowski &lt;gregor@zurowski.org&gt;

You can merge this pull request into a Git repository by running:

    $ git pull https://github.com/gzurowski/camel CAMEL-7321

Alternatively you can review and apply these changes as the patch at:

    https://github.com/apache/camel/pull/116.patch

To close this pull request, make a commit to your master/trunk branch
with (at least) the following in the commit message:

    This closes #116
    
----
commit adf86876f3f4fdc895a66d50361102093ee4f98a
Author: Gregor Zurowski &lt;gregor@zurowski.org&gt;
Date:   2014-03-23T22:17:14Z

    CAMEL-7321: Fix inconsistent synchronization to prevent freezing of
    JcrConsumer
    
    Signed-off-by: Gregor Zurowski &lt;gregor@zurowski.org&gt;

----
",1395538375172
http://sealytics.github.io/ontologies/release-model#Bug-8676fd04-2c86-4204-89af-c238f6842ca9,"Github user asfgit closed the pull request at:

    https://github.com/apache/camel/pull/116
",1395538375172
http://sealytics.github.io/ontologies/release-model#Bug-8676fd04-2c86-4204-89af-c238f6842ca9,Thanks for the PR,1395538375172
http://sealytics.github.io/ontologies/release-model#Bug-af37c2d1-d0d2-420b-8f00-1a6901a1380c,"Thanks Andrew. Well spotted :) . I&apos;ve just fixed it - the changes should be visible on the page within next 24 hours.

Cheers.",1392979454928
http://sealytics.github.io/ontologies/release-model#Bug-bd95fe44-3297-41ab-bb26-261203889faf,There is another JIRA about JNDIRegistry should be improved to implement these methods also. ,1380447700668
http://sealytics.github.io/ontologies/release-model#Bug-e371c1d9-978d-4ebd-b16f-d98283a15373,"One extra note. It seems that `disruptor` component solves the problem - https://github.com/alaz/camel-pubsub/commit/78d96521b1ac9309c9bf8025d233a6f48110dc9f

Which is great for us, we may mitigate this problem by simply changing our bus endpoint to Disruptor",1395054886941
http://sealytics.github.io/ontologies/release-model#Bug-e371c1d9-978d-4ebd-b16f-d98283a15373,"Works as designed.
",1395054886941
http://sealytics.github.io/ontologies/release-model#Bug-2ad12f2c-cabe-4594-bfb8-50a7d7fe1cf9,"Thanks, so do you mean that we should just call clear after the flush?

A patch is welcome",1405342737623
http://sealytics.github.io/ontologies/release-model#Bug-2ad12f2c-cabe-4594-bfb8-50a7d7fe1cf9,Thanks for reporting and the patch.,1405342737623
http://sealytics.github.io/ontologies/release-model#Bug-2ad12f2c-cabe-4594-bfb8-50a7d7fe1cf9,"Yes, i think the correct patch would be to call clear after the flush. 

I&apos;ve implemented this fix and we now don&apos;t see any rise in used heap on our production system (system is running since 2 days and was showing heap rises of 100 MB / day before). 

Do you think it&apos;s possible to include the patch in release 2.12.5?

{code}
Index: components/camel-jpa/src/main/java/org/apache/camel/component/jpa/JpaConsumer.java
IDEA additional info:
Subsystem: com.intellij.openapi.diff.impl.patch.CharsetEP
&lt;+&gt;UTF-8
===================================================================
--- components/camel-jpa/src/main/java/org/apache/camel/component/jpa/JpaConsumer.java             (revision 89bf25387d3798620dc6972067e4a563e11f0b5a)
+++ components/camel-jpa/src/main/java/org/apache/camel/component/jpa/JpaConsumer.java             (revision )
@@ -135,6 +135,7 @@
                 // commit
                 LOG.debug(&quot;Flushing EntityManager&quot;);
                 entityManager.flush();
+                entityManager.clear();
                 return messagePolled;
             }
         });
{code}",1405342737623
http://sealytics.github.io/ontologies/release-model#Bug-cd0df84b-964e-4590-b0d6-477c8155b0cd,"camel-http4 is switched to use [HttpClientBuilder|https://hc.apache.org/httpcomponents-client-4.3.x/httpclient/apidocs/org/apache/http/impl/client/HttpClientBuilder.html] and [RequestConfig.Builder|https://hc.apache.org/httpcomponents-client-4.3.x/httpclient/apidocs/org/apache/http/client/config/RequestConfig.Builder.html] to setup the client. There are some changes on the httpClient setting just like:
{code}
cookPolicy --&gt; cookieSpec,  soTimeout --&gt; socketTimeout
{code}

I will update the wiki page for these changes.
",1399287451390
http://sealytics.github.io/ontologies/release-model#Bug-cd0df84b-964e-4590-b0d6-477c8155b0cd,Updated the wiki page of camel-http4 component.,1399287451390
http://sealytics.github.io/ontologies/release-model#Bug-5932a2f4-5dc5-49cb-84b3-74811432de1e,Added the test {{NettyUDPMulticastAsyncTest}} for this UDP multicast scenario verification as well. Also polished some glitches by {{NettyUDPAsyncTest}} and tightened up it&apos;s asserts a bit. ,1401307685552
http://sealytics.github.io/ontologies/release-model#Bug-3c813fd2-ba25-4845-909b-48b14cc3c8cf,"Yeah we can fix this as we can infer that its a predicate when you use a boolean as result type.

We do this already, but missed to fix this when used in a route as an expression.",1395003487714
http://sealytics.github.io/ontologies/release-model#Bug-3c813fd2-ba25-4845-909b-48b14cc3c8cf,"Fixed, but need to merge to 2.13.x branch",1395003487714
http://sealytics.github.io/ontologies/release-model#Bug-3c813fd2-ba25-4845-909b-48b14cc3c8cf,Merged to 2.13 branch,1395003487714
http://sealytics.github.io/ontologies/release-model#Bug-20829148-4ec3-45e0-9e5b-ddfb63c6e223,Thanks for reporting and with the patch.,1385057179821
http://sealytics.github.io/ontologies/release-model#Bug-1ec6d4ae-4b3b-4d80-a580-38452245b8a8,Thanks for reporting. We now stop the thread pool.,1389267088916
http://sealytics.github.io/ontologies/release-model#Bug-71b35141-f2d2-419e-8822-94e31dfb10c5,We have the same issue in camel-solr.,1384412029127
http://sealytics.github.io/ontologies/release-model#Bug-71b35141-f2d2-419e-8822-94e31dfb10c5,Applied the patch into master branches.,1384412029127
http://sealytics.github.io/ontologies/release-model#Bug-60a1ce68-93a1-4c3e-badc-20c287330304,"Thanks!

I&apos;ve created a follow-up ticket: CAMEL-7425.",1399289993343
http://sealytics.github.io/ontologies/release-model#Bug-60a1ce68-93a1-4c3e-badc-20c287330304,"Thanks for fixing this so quickly!

Is it also planned to backport this fix on Camel 2.12?

One nit-picky remark on your [commit f0b8e011|https://git-wip-us.apache.org/repos/asf?p=camel.git;a=commitdiff;h=f0b8e011f29772da7d0da92852b8f70d5b31ad80]:
Why do do you use a {{LinkedBlockingDeque}} instead of a {{LinkedBlockingQueue}}?

How do you like the idea to add another option (e.g. {{pollingConsumerBlockTimeout}}) to set a max wait time before it gives up adding an exchange to the internal queue?",1399289993343
http://sealytics.github.io/ontologies/release-model#Bug-60a1ce68-93a1-4c3e-badc-20c287330304,"Thanks for spotting the dequeue.

Log another ticket for the timeout idea.",1399289993343
http://sealytics.github.io/ontologies/release-model#Bug-60a1ce68-93a1-4c3e-badc-20c287330304,"Thanks for reporting. We now block by default, and there is new options you can use to configure the initial queue size, and whether to block or not.

Documented at
https://cwiki.apache.org/confluence/display/CAMEL/Polling+Consumer",1399289993343
http://sealytics.github.io/ontologies/release-model#Bug-84ced712-29ec-4fc6-8199-6954b1dd6367,Thanks the PR has been merged (only on master). Do you mind closing the PR at github?,1404477852288
http://sealytics.github.io/ontologies/release-model#Bug-84ced712-29ec-4fc6-8199-6954b1dd6367,"Thanks for the PR and help contributing to the project. We love that.
Keep em coming.

",1404477852288
http://sealytics.github.io/ontologies/release-model#Bug-84ced712-29ec-4fc6-8199-6954b1dd6367,Ok. Do you have an idea to solve this issue? Looking at CAMEL-5326 it seems there is no way.,1404477852288
http://sealytics.github.io/ontologies/release-model#Bug-84ced712-29ec-4fc6-8199-6954b1dd6367,"Ok. I&apos;ll improve this test case. Thanks.

I&apos;ll post a comment when the PR will be updated with generic test case.",1404477852288
http://sealytics.github.io/ontologies/release-model#Bug-84ced712-29ec-4fc6-8199-6954b1dd6367,"GitHub user ancosen opened a pull request:

    https://github.com/apache/camel/pull/212

    CAMEL-7578 pattern attribute should not be ignored if locale is not set

    Hi,
    
    This PR is related to https://issues.apache.org/jira/browse/CAMEL-7578
    
    Bye,
    Andrea

You can merge this pull request into a Git repository by running:

    $ git pull https://github.com/ancosen/camel fix-Camel-7578

Alternatively you can review and apply these changes as the patch at:

    https://github.com/apache/camel/pull/212.patch

To close this pull request, make a commit to your master/trunk branch
with (at least) the following in the commit message:

    This closes #212
    
----
commit 8989bc7b2ddf75cbcc9d39e59c7b8a511ca684c7
Author: ancosen &lt;ancosen@gmail.com&gt;
Date:   2014-07-05T10:10:23Z

    Fixes CAMEL-7578 pattern attribute should not be ignored if locale is not set

----
",1404477852288
http://sealytics.github.io/ontologies/release-model#Bug-84ced712-29ec-4fc6-8199-6954b1dd6367,"You can now configure the local as &apos;default&apos; which will use the platform default. Added note to docs about this, and also indicate that if you use the @DataField pattern then its recommended to set a locale on bindy.",1404477852288
http://sealytics.github.io/ontologies/release-model#Bug-84ced712-29ec-4fc6-8199-6954b1dd6367,"PR updated

https://github.com/apache/camel/pull/213

Now it examines all the available locale.
",1404477852288
http://sealytics.github.io/ontologies/release-model#Bug-84ced712-29ec-4fc6-8199-6954b1dd6367,"PR updated

https://github.com/apache/camel/pull/213

I hope this should help.",1404477852288
http://sealytics.github.io/ontologies/release-model#Bug-84ced712-29ec-4fc6-8199-6954b1dd6367,"Just to remember the PR is updated.
",1404477852288
http://sealytics.github.io/ontologies/release-model#Bug-84ced712-29ec-4fc6-8199-6954b1dd6367,"PR created:

https://github.com/apache/camel/pull/213

Just a test case related to this discussion and this issue.",1404477852288
http://sealytics.github.io/ontologies/release-model#Bug-84ced712-29ec-4fc6-8199-6954b1dd6367,Yeah a test case is welcome. Just mind that if using default locale then testing depends on what that value is. eg we have people testing this from all the world. So the unit test needs to work on all those defaults too.,1404477852288
http://sealytics.github.io/ontologies/release-model#Bug-84ced712-29ec-4fc6-8199-6954b1dd6367,"Hi Claus,

AsfGit already closed it. Many thanks.

Andrea",1404477852288
http://sealytics.github.io/ontologies/release-model#Bug-84ced712-29ec-4fc6-8199-6954b1dd6367,"Thanks for the PR I added a comment on the PR about maybe a better way to set a fixed locale during testing. Maybe you could look into that and submit and updated PR, then we can get that merged.",1404477852288
http://sealytics.github.io/ontologies/release-model#Bug-84ced712-29ec-4fc6-8199-6954b1dd6367,"See {{org.apache.camel.dataformat.bindy.format.NumberPatternFormat#getNumberFormat()}}:
{code}
if (locale == null) {
    return null;
}
{code}

This should be:
{code}
if (locale == null) {
    locale = Locale.getDefault();
}
{code}",1404477852288
http://sealytics.github.io/ontologies/release-model#Bug-84ced712-29ec-4fc6-8199-6954b1dd6367,I was thinking to submit a PR with a test case for this specific case. Should it be useful?,1404477852288
http://sealytics.github.io/ontologies/release-model#Bug-84ced712-29ec-4fc6-8199-6954b1dd6367,Thanks a lot for the quick fix!,1404477852288
http://sealytics.github.io/ontologies/release-model#Bug-84ced712-29ec-4fc6-8199-6954b1dd6367,"Hi Claus,

Updated. My aim was to test all the possible Locale. You&apos;re right. That kind of test can lead to unexpected behavior.

Thanks,

Andrea",1404477852288
http://sealytics.github.io/ontologies/release-model#Bug-84ced712-29ec-4fc6-8199-6954b1dd6367,"Github user ancosen closed the pull request at:

    https://github.com/apache/camel/pull/212
",1404477852288
http://sealytics.github.io/ontologies/release-model#Bug-84ced712-29ec-4fc6-8199-6954b1dd6367,Sorry about the uselessness of this PR.,1404477852288
http://sealytics.github.io/ontologies/release-model#Bug-84ced712-29ec-4fc6-8199-6954b1dd6367,Since the bug is already resolved.. can someone take a look to the Pr before it could be lost? Thanks.,1404477852288
http://sealytics.github.io/ontologies/release-model#Bug-84ced712-29ec-4fc6-8199-6954b1dd6367,"GitHub user ancosen opened a pull request:

    https://github.com/apache/camel/pull/213

    CAMEL-7578 specific test case

    Hi,
    
    This PR is related to https://issues.apache.org/jira/browse/CAMEL-7578
    
    It&apos;s just a specific test case for the reported issue.
    
    I hope it should be useful.
    
    Bye,
    Andrea

You can merge this pull request into a Git repository by running:

    $ git pull https://github.com/ancosen/camel test-Camel-7578

Alternatively you can review and apply these changes as the patch at:

    https://github.com/apache/camel/pull/213.patch

To close this pull request, make a commit to your master/trunk branch
with (at least) the following in the commit message:

    This closes #213
    
----
commit 8ffb77bb1956de618ac8314c39303cfb8ce290c0
Author: ancosen &lt;ancosen@gmail.com&gt;
Date:   2014-07-06T09:44:10Z

    Test case related to the fix of CAMEL-7578 issue

----
",1404477852288
http://sealytics.github.io/ontologies/release-model#Bug-84ced712-29ec-4fc6-8199-6954b1dd6367,"Thanks for the PR but that is not the solution, as returning null is by design according to CAMEL-5326",1404477852288
http://sealytics.github.io/ontologies/release-model#Bug-84ced712-29ec-4fc6-8199-6954b1dd6367,"PR created:

https://github.com/apache/camel/pull/212",1404477852288
http://sealytics.github.io/ontologies/release-model#Bug-84ced712-29ec-4fc6-8199-6954b1dd6367,"Github user asfgit closed the pull request at:

    https://github.com/apache/camel/pull/213
",1404477852288
http://sealytics.github.io/ontologies/release-model#Bug-06c13f2b-1ab8-4eb2-8b87-cb91bdf6b3bb,"OK, I just gave a try on 2.12.SNAPSHOT version. the same route which doen&apos;t work on 2.10.4, works fine on this snapshot version.",1369806937819
http://sealytics.github.io/ontologies/release-model#Bug-06c13f2b-1ab8-4eb2-8b87-cb91bdf6b3bb,"Hi liugang,

Can you verify my fix by running the test case with the latest Camel 2.12-SNAPSHOT?
I did the test last weekend, it works :)

Willem",1369806937819
http://sealytics.github.io/ontologies/release-model#Bug-06c13f2b-1ab8-4eb2-8b87-cb91bdf6b3bb,"OK, thanks. ",1369806937819
http://sealytics.github.io/ontologies/release-model#Bug-06c13f2b-1ab8-4eb2-8b87-cb91bdf6b3bb,Attached an example,1369806937819
http://sealytics.github.io/ontologies/release-model#Bug-06c13f2b-1ab8-4eb2-8b87-cb91bdf6b3bb,"Hi Aki,

I just did a quick test on your suggestion, it look like the below code is much like each other
{code}
answer = message.getContent(List.class).get(0);
answer = message.getContent(SOAPMessage.class);
{code}
But if the camel-cxf producer get an exception (fault message), we still cannot get the SOAPMessage from the cxf message.

Regards,

Willem",1369806937819
http://sealytics.github.io/ontologies/release-model#Bug-06c13f2b-1ab8-4eb2-8b87-cb91bdf6b3bb,"sure, The Maven Repository is https://repository.apache.org/content/repositories/snapshots , right?",1369806937819
http://sealytics.github.io/ontologies/release-model#Bug-06c13f2b-1ab8-4eb2-8b87-cb91bdf6b3bb,"I just checked the code, the NPE is caused by the DefaultCxfBinding try to find the processed object from CXF message. As the CXF_MESSAGE consume the input stream and throw out the exception, the DefaultCxfBing get the NPE. 
This issue can be fixed by letting DefaultCxfBinding ignore the CXF message content when there is nothing. camel-cxf will take care of the fault message (which is turned into an exception) then.",1369806937819
http://sealytics.github.io/ontologies/release-model#Bug-06c13f2b-1ab8-4eb2-8b87-cb91bdf6b3bb,"I think you are talking about other issue, we&apos;d better start a new thread for it.
When you using the RAW dataFormat, you need to cache the input stream before you read it.
If you don&apos;t cache it, you cannot read the input stream again if you already consumed it.",1369806937819
http://sealytics.github.io/ontologies/release-model#Bug-06c13f2b-1ab8-4eb2-8b87-cb91bdf6b3bb,"Now, I&apos;m using message.getContent(W3CDOMStreamWriter.class) for workaround in fault case",1369806937819
http://sealytics.github.io/ontologies/release-model#Bug-06c13f2b-1ab8-4eb2-8b87-cb91bdf6b3bb,"Applied the patch into master, camel-2.11.x and camel-2.10.x branches.",1369806937819
http://sealytics.github.io/ontologies/release-model#Bug-06c13f2b-1ab8-4eb2-8b87-cb91bdf6b3bb,"The exception will be marshalled and sent to client, you don&apos;t need to wrap the W3CDOMStreamWriter.class.",1369806937819
http://sealytics.github.io/ontologies/release-model#Bug-06c13f2b-1ab8-4eb2-8b87-cb91bdf6b3bb,"Hi Willem: 
But this only happens after the fix, right? for now, I always get the NullPointerException, So I have to find a workaround to make it works.

And BTW, when I want to call a WebService by creating request from scratch, for example, timer -&gt; setBody -&gt; CXF (*with RAW dataFormat*), I found if the body type isn&apos;t *javax.xml.tranform.Source.class*, then the body will always be empty, no matter what I&apos;ve set in setBody component. I think the convert should be done inside Camel instead of client. Could you also have a check? 

Thanks alot.",1369806937819
http://sealytics.github.io/ontologies/release-model#Bug-06c13f2b-1ab8-4eb2-8b87-cb91bdf6b3bb,"Hi Willem,
I am not sure about this handling and wanted to ask you or Dan about it.

Instead of trying to get the List object and return its content, could we use SOAPMessage directly in this case?
That means,

+import javax.xml.soap.SOAPMessage;
...
-                answer = message.getContent(List.class).get(0);
+                answer = message.getContent(SOAPMessage.class);


regards, aki",1369806937819
http://sealytics.github.io/ontologies/release-model#Bug-06c13f2b-1ab8-4eb2-8b87-cb91bdf6b3bb,"But by this way, the answer returns null, right? then user can give the expect fault response message?
thanks

Now, I resolved this problem by extracting *W3CDOMStreamWriter.class* content, and then wrap it into a *List* object.",1369806937819
http://sealytics.github.io/ontologies/release-model#Bug-06c13f2b-1ab8-4eb2-8b87-cb91bdf6b3bb,"yes, it is.",1369806937819
http://sealytics.github.io/ontologies/release-model#Bug-06c13f2b-1ab8-4eb2-8b87-cb91bdf6b3bb,"I&apos;m using Camel-2.10.4, CXF-2.7.5, see the attached example",1369806937819
http://sealytics.github.io/ontologies/release-model#Bug-06c13f2b-1ab8-4eb2-8b87-cb91bdf6b3bb,What version of Camel and CXF are you using?,1369806937819
http://sealytics.github.io/ontologies/release-model#Bug-0a5298b6-163d-41f7-a1f9-d56cd8c79606,Applied the patch into master branch.,1382515863008
http://sealytics.github.io/ontologies/release-model#Bug-dfb6a023-47f7-48b7-96ed-b8bb80609002,"The issue is caused by when exchange copy, it doesn&apos;t do the deep copy on the map property, and it will cause some side effect on the MulticastProcessor&apos;s setAggregationStrategyOnExchange. 
It can be resolve by creating a new map when calling the setAggregationStrategyOnExchange.",1350241787116
http://sealytics.github.io/ontologies/release-model#Bug-f1a9188b-dc7a-4dcf-a943-1e9f07f6d282,"Hi Claus,

I ran the test in my box without any issue, and I found the test were passed in the CI[1].
Could you double check it ?
[1]https://builds.apache.org/job/Camel.trunk.fulltest/org.apache.camel$camel-itest/1573/testReport/org.apache.camel.itest.nettyhttp/NettyHttpClientChunkedResponseTest/",1381736990695
http://sealytics.github.io/ontologies/release-model#Bug-f1a9188b-dc7a-4dcf-a943-1e9f07f6d282,Applied the patch into master and Camel-2.12.x branches.,1381736990695
http://sealytics.github.io/ontologies/release-model#Bug-f1a9188b-dc7a-4dcf-a943-1e9f07f6d282,"I think it broke the unit tests in camel-itest

Tests run: 2, Failures: 1, Errors: 0, Skipped: 0, Time elapsed: 1.535 sec &lt;&lt;&lt; FAILURE! - in org.apache.camel.itest.nettyhttp.NettyHttpClientChunkedResponseTest
testNettyHttpRouteClientChunked(org.apache.camel.itest.nettyhttp.NettyHttpClientChunkedResponseTest)  Time elapsed: 1.147 sec  &lt;&lt;&lt; FAILURE!
org.junit.ComparisonFailure: expected:&lt;[Bye Camel in chunks.]&gt; but was:&lt;[]&gt;
	at org.junit.Assert.assertEquals(Assert.java:115)
	at org.junit.Assert.assertEquals(Assert.java:144)
	at org.apache.camel.itest.nettyhttp.NettyHttpClientChunkedResponseTest.invokeService(NettyHttpClientChunkedResponseTest.java:51)
	at org.apache.camel.itest.nettyhttp.NettyHttpClientChunkedResponseTest.testNettyHttpRouteClientChunked(NettyHttpClientChunkedResponseTest.java:38)",1381736990695
http://sealytics.github.io/ontologies/release-model#Bug-f1a9188b-dc7a-4dcf-a943-1e9f07f6d282,Yeah re-ran a couple of test runs today and it passed.,1381736990695
http://sealytics.github.io/ontologies/release-model#Bug-bc3c5798-d487-4997-97d0-46ed41ab2274,"Applied patch into camel master, camel-2.13.x and camel-2.12.x branches with thanks to Joe.",1396455276772
http://sealytics.github.io/ontologies/release-model#Bug-bc3c5798-d487-4997-97d0-46ed41ab2274,"Hi Joe,

Thanks for you patch. You are right, we should not copy the header so aggressively. 
I will commit the path after running some tests to verify the patch.

Regards,

Willem",1396455276772
http://sealytics.github.io/ontologies/release-model#Bug-f1ff27ae-1918-4572-895d-b72761250d1a,"Test case used

{code}
public class CamelQuartzTest extends CamelTestSupport {

    @Test
    public void testQuartzCronRoute() throws Exception {
        MockEndpoint mock = getMockEndpoint(&quot;mock:result&quot;);
        mock.expectedMinimumMessageCount(3);

        assertMockEndpointsSatisfied();

        JobDetail job = mock.getReceivedExchanges().get(0).getIn().getHeader(&quot;jobDetail&quot;, JobDetail.class);
        assertNotNull(job);

        assertEquals(&quot;cron&quot;, job.getJobDataMap().get(QuartzConstants.QUARTZ_TRIGGER_TYPE));
        assertEquals(&quot;UTC&quot;, job.getJobDataMap().get(QuartzConstants.QUARTZ_TRIGGER_CRON_TIMEZONE)); // ERROR
        assertEquals(&quot;0/2 * * * * ?&amp;trigger.timeZone=UTC&quot;, job.getJobDataMap().get(QuartzConstants.QUARTZ_TRIGGER_CRON_EXPRESSION));
    }

    @Override
    protected RouteBuilder createRouteBuilder() {
        return new RouteBuilder() {
            public void configure() {
                from(&quot;quartz2://myGroup/myTimerName?cron=0/2+*+*+*+*+?&amp;trigger.timeZone=UTC&quot;).to(&quot;mock:result&quot;);
            }
        };
    }
}
{code}",1409128655475
http://sealytics.github.io/ontologies/release-model#Bug-f1ff27ae-1918-4572-895d-b72761250d1a,"For Quartz 1, we should improve the QuartzComponent class to add the CamelProperty &quot;QUARTZ_TRIGGER_CRON_TIMEZONE&quot;

{code}
        // enrich job data map with trigger information
        if (cron != null) {
            answer.getJobDetail().getJobDataMap().put(QuartzConstants.QUARTZ_TRIGGER_TYPE, &quot;cron&quot;);
            answer.getJobDetail().getJobDataMap().put(QuartzConstants.QUARTZ_TRIGGER_CRON_EXPRESSION, cron);
            String timeZone = EndpointHelper.resloveStringParameter(getCamelContext(), (String)triggerParameters.get(&quot;timeZone&quot;), String.class);
            if (timeZone != null) {
                answer.getJobDetail().getJobDataMap().put(QuartzConstants.QUARTZ_TRIGGER_CRON_TIMEZONE, timeZone);
            }
        } 
{code}",1409128655475
http://sealytics.github.io/ontologies/release-model#Bug-f1ff27ae-1918-4572-895d-b72761250d1a,"For Quartz2, the TimeZone property must be pass as parameter to the Trigger.newBuilder()",1409128655475
http://sealytics.github.io/ontologies/release-model#Bug-f1ff27ae-1918-4572-895d-b72761250d1a,"There is a bug with Quartz Scheduler as the TIMEZONE which is well used by the calendar is not taken into consideration when the nextFiredTime is calculated by the CronExpression class

{code}
    protected Date getTimeAfter(Date afterTime) {

        // Computation is based on Gregorian year only.
        Calendar cl = new java.util.GregorianCalendar(getTimeZone()); 

        // move ahead one second, since we&apos;re computing the time *after* the
        // given time
        afterTime = new Date(afterTime.getTime() + 1000); // CALENDAR SYSTEM IS USED AS WE DON&apos;T USE THE cl object
{code}

See screenshots ",1409128655475
http://sealytics.github.io/ontologies/release-model#Bug-154084b3-788f-43da-ad68-fd1503fca019,"You need to fix this on master *first*, and then cherry-pick the fix to the 2.13.x branch.",1398713430788
http://sealytics.github.io/ontologies/release-model#Bug-154084b3-788f-43da-ad68-fd1503fca019,"[~davsclaus] Sorry about that, will remember to follow protocol next time
Should I change it to resolved?",1398713430788
http://sealytics.github.io/ontologies/release-model#Bug-154084b3-788f-43da-ad68-fd1503fca019,"Yeah its resolved now, as the fix is on all needed branches.",1398713430788
http://sealytics.github.io/ontologies/release-model#Bug-154084b3-788f-43da-ad68-fd1503fca019,Fixed with commit 34740e78fab12054100e8278f218739107353e4f,1398713430788
http://sealytics.github.io/ontologies/release-model#Bug-b311c8ae-de38-454f-9934-069975c3034c,"[~sergeyb] - AFAIK all the default binding does is chuck the MessageContentsList into the body and set a number of additional headers, none of which are the JAX-RS \@...Params from the JAX-RS method signature.

Take a look at DefaultCxfRsBinding#populateExchangeFromCxfRsRequest.

[~amarkevich] - please use the users@camel mailing list for questions.",1392203662052
http://sealytics.github.io/ontologies/release-model#Bug-b311c8ae-de38-454f-9934-069975c3034c,"if @QueryParam method argument notation used then the first argument value goes to message body;
when more than one arguments specified - only first accessible (as described above)",1392203662052
http://sealytics.github.io/ontologies/release-model#Bug-b311c8ae-de38-454f-9934-069975c3034c,"[~amarkevich] - can you post your test code using the Simple Consumer binding style, please? The one you attached doesn&apos;t use it. Thanks.",1392203662052
http://sealytics.github.io/ontologies/release-model#Bug-b311c8ae-de38-454f-9934-069975c3034c,"Hi Raul, yea, sure, I see it now.

Alexey, FYI, with the default binding, all the parameters are available in MessageContentsList, but as opposed to the SimpleBinding, one needs to be aware of the ordering of the parameters in the signature. 

thanks 

",1392203662052
http://sealytics.github.io/ontologies/release-model#Bug-b311c8ae-de38-454f-9934-069975c3034c,[~amarkevich] - did you try using the Simple Consumer binding style of Camel CXFRS? See http://camel.apache.org/cxfrs.html#CXFRS-ConsumingaRESTRequest-SimpleBindingStyle.,1392203662052
http://sealytics.github.io/ontologies/release-model#Bug-b311c8ae-de38-454f-9934-069975c3034c,"[~amarkevich] â€“ as I said above, use the Simple Consumer Binding Style (link to documentation above).
If you add this option to the consumer URL: {{bindingStyle=SimpleConsumer}}, your query parameters get mapped as Camel headers.

With this consumer URL:
{code}
from(&quot;cxfrs://http://127.0.0.1:8088?resourceClasses=org.apache.camel.bug.Service&amp;bindingStyle=SimpleConsumer&quot;)
{code}

I get the following log statement.:

{code}
[0694806-15] bug                            INFO  Exchange[ExchangePattern: InOut, BodyType: org.apache.cxf.message.MessageContentsList, Body: value1]
{..., param2=value2, ..., CamelHttpQuery=param1=value1&amp;param2=value2, ..., param1=value1, ...}
{code}

As you can see, the headers are there.

Regards,
RaÃºl.",1392203662052
http://sealytics.github.io/ontologies/release-model#Bug-b311c8ae-de38-454f-9934-069975c3034c,testGetCustomerWithQuery() added,1392203662052
http://sealytics.github.io/ontologies/release-model#Bug-b311c8ae-de38-454f-9934-069975c3034c,"Hi RaÃºl,
I want to have consumer quite generic and use expression like .simple(&quot;${header.param}&quot;)",1392203662052
http://sealytics.github.io/ontologies/release-model#Bug-b311c8ae-de38-454f-9934-069975c3034c,Attached sample project ,1392203662052
http://sealytics.github.io/ontologies/release-model#Bug-b311c8ae-de38-454f-9934-069975c3034c,"Hi Raul, 

Is there any reason why this can not work without SimpleBinding ?

Thanks, Sergey",1392203662052
http://sealytics.github.io/ontologies/release-model#Bug-7d3cdd16-8bf2-4675-8da3-6415bc9ddf2e,"Github user asfgit closed the pull request at:

    https://github.com/apache/camel/pull/170
",1401909749105
http://sealytics.github.io/ontologies/release-model#Bug-7d3cdd16-8bf2-4675-8da3-6415bc9ddf2e,"GitHub user gzurowski opened a pull request:

    https://github.com/apache/camel/pull/170

    CAMEL-7479: Make unit tests run with any JVM system locale

    Use SAX validation error code instead of the localized error message in
    assert statements, so that the tests run with any JVM system locale.
    
    Signed-off-by: Gregor Zurowski &lt;gregor@zurowski.org&gt;

You can merge this pull request into a Git repository by running:

    $ git pull https://github.com/gzurowski/camel CAMEL-7479

Alternatively you can review and apply these changes as the patch at:

    https://github.com/apache/camel/pull/170.patch

To close this pull request, make a commit to your master/trunk branch
with (at least) the following in the commit message:

    This closes #170
    
----
commit a16c105141bbd434c248f55f37ed3143c6bd127c
Author: Gregor Zurowski &lt;gregor@zurowski.org&gt;
Date:   2014-06-05T04:20:45Z

    CAMEL-7479: Make unit tests run with any JVM system locale
    
    Use SAX validation error code instead of the localized error message in
    assert statements, so that the tests run with any JVM system locale.
    
    Signed-off-by: Gregor Zurowski &lt;gregor@zurowski.org&gt;

----
",1401909749105
http://sealytics.github.io/ontologies/release-model#Bug-7d3cdd16-8bf2-4675-8da3-6415bc9ddf2e,"Fix successfully tested by running unit tests with languages en, de, sv, zh and using the following Maven configuration:

{code:title=camel-jaxb/pom.xml}
&lt;plugin&gt;
  &lt;artifactId&gt;maven-surefire-plugin&lt;/artifactId&gt;
    &lt;configuration&gt;
      &lt;forkMode&gt;pertest&lt;/forkMode&gt;
      &lt;argLine&gt;-Duser.language=de&lt;/argLine&gt; &lt;!-- replace language code here --&gt;
    &lt;/configuration&gt;
&lt;/plugin&gt;
{code}",1401909749105
http://sealytics.github.io/ontologies/release-model#Bug-7d3cdd16-8bf2-4675-8da3-6415bc9ddf2e,Thanks for the PR. It has been pushed to the branches.,1401909749105
http://sealytics.github.io/ontologies/release-model#Bug-69037a29-6a5c-4aa2-8b42-d509e242e451,"Hi, CXF itself won&apos;t throw the exception if response class is Response.
WebClient has the following pseudo-code: 

&quot;if (r.getStatus() &gt;= 300 &amp;&amp; responseClass != Response.class) =&gt; throw the exception...&quot;

So I wonder do we have responseClass set to something else in the route ?

Cheers, Sergey


",1401787514315
http://sealytics.github.io/ontologies/release-model#Bug-69037a29-6a5c-4aa2-8b42-d509e242e451,"Understood Sergey - you&apos;ve saved me a lot of time. I&apos;ll recode my example and let Camel unmarshall.

I&apos;ve always had a choice which way I architect the system I am shaping.  Should I use CXFRS or CXF/JAXRS as an endpoint for REST services.  If I use CXF directly I can use CAMEL for mediation and call out to routes by proxy (DI).   If I use CXFRS - I can keep both the endpoint/mediation logic in Camel.  Too much choice :)

Thanks for your assistance (again), Gareth",1401787514315
http://sealytics.github.io/ontologies/release-model#Bug-69037a29-6a5c-4aa2-8b42-d509e242e451,"Thank you for taking the time Willem for writing the test case to prove that throwExceptionOnFailure=false suppresses exceptions.

I still do have exceptions being raised in the route. 

I&apos;ve been looking at my code, your code, and the cxfrs source - what I am now thinking is that the exception may be being raised on this line in (CxfRsProducer.java):

       // invoke the client
        Object response = null;
        if (responseClass == null || Response.class.equals(responseClass)) {
            response = client.invoke(httpMethod, body);
        } else { ...

The exception type is javax.ws.rs.ClientErrorException, so it may be being raised by CXF during invoke.  The REST service being called is returning a status of 412 (already exists).  

For reference - this is how I am calling the service in the route:

  .to(&quot;cxfrs://http://www.example.com:8080/opendj-rest2ldap-servlet-2.6.0-servlet/?httpClientAPI=true&amp;throwExceptionOnFailure=false&amp;providers=#jaxproviders&quot;)
 
[ As an aside I am invoking OpenDJ - LDAP REST service - to create a user ]

If response status 4xx, CXF will wrap response in javax.ws.rs.ClientErrorException and throws out;

So to re-cap I think that CXF is raising the exception - should these type of exception  be caught by and suppressed in the method invokeHttpClient?





 ",1401787514315
http://sealytics.github.io/ontologies/release-model#Bug-69037a29-6a5c-4aa2-8b42-d509e242e451,"Hi Gareth, 

Can you please let us know if you can have throwExceptionOnfailure=false having an effect when you do not ask CXFRS to unmarshall to Map ?
Basically, JAX-RS clients are not expected to throw the exceptions if Response only is returned.
So if you have a code that unmarshalls Response entities later and also have throwExceptionOnfailure=false then indeed CXFRS should not throw the exceptions with HTTP statues &gt;= 300

Thanks, Sergey",1401787514315
http://sealytics.github.io/ontologies/release-model#Bug-69037a29-6a5c-4aa2-8b42-d509e242e451,"Yes  Sergey...

.setHeader(CxfConstants.CAMEL_CXF_RS_RESPONSE_CLASS, constant(java.util.Map.class))

This allows CXF to unmarhsall (using Jackson) the JSON payload to a map.

Is there another way I should be doing this?",1401787514315
http://sealytics.github.io/ontologies/release-model#Bug-69037a29-6a5c-4aa2-8b42-d509e242e451,"Regarding 2), IMHO we should keep the existing default (&quot;true&quot;) as is to prevent the existing code out there from breaking, possibly default to &apos;false&apos; later on...",1401787514315
http://sealytics.github.io/ontologies/release-model#Bug-69037a29-6a5c-4aa2-8b42-d509e242e451,"Do not let CXF do the unmarshalling,

You can do response.readEntity(Map.class) later on on the received Response instance.

There&apos;s another JIRA pending that would make it possible to integrate CXF Responses with Camel-level unmarshallers, you can do it right now too by extracting Response.getEntity() which will be InputStream before Camel unmarshaller is used.

Cheers, Sergey",1401787514315
http://sealytics.github.io/ontologies/release-model#Bug-69037a29-6a5c-4aa2-8b42-d509e242e451,"Hi
&gt; You and Sergey are exemplary; I feel rather small in comparison
I feel small too :-), I haven&apos;t contributed much to Camel yet.

Re your other question: CXF 2.7.x supports most of JAX-RS 2.0 so CXFRS depending on CXF 2.7.x can utilize most of 2.0 features. CXFRS which will depend on CXF 3.0.0 will be fully 2.0 aware.

Sergey",1401787514315
http://sealytics.github.io/ontologies/release-model#Bug-69037a29-6a5c-4aa2-8b42-d509e242e451,"Hi Willem - firstly can I just say simply thank you for your commitment and energy you put into everything you do (I&apos;ve been reading your work online for years).  You and Sergey are exemplary; I feel  rather small in comparison. Amazing abilities.  I&apos;m a huge huge fan.  Thank you for everything you do for the community.

Secondly forgive me, if this problem turns out to be a user (looser!) error.  From using the cxfrs option throwExceptionOnFailure=false in an cxfrs endpoint, I&apos;ve been unable to to set throwException to false.  I think it stems down to setThrowExceptionOnFailure(boolean throwExceptionOnFailure) in CxfRsEndpoint.java; I don&apos;t think the code is called - well not from my route.

As quoted the code looks good; but is it possible to set throwException to false?

---
Can I sneak in a quick off topic question:- Surgery hinted that there might a new version of cxfrs - would this cover jaxrs 2.0 (jsr339)?
",1401787514315
http://sealytics.github.io/ontologies/release-model#Bug-69037a29-6a5c-4aa2-8b42-d509e242e451,"I think we need more information about the description 1. 
If the option throwExceptionOnFailure set to be false, camel doesn&apos;t throw an exception if the response http status is &gt; 207. 
I don&apos;t know what&apos;s wrong the below code?
{code}
        //Throw exception on a response &gt; 207
        //http://en.wikipedia.org/wiki/List_of_HTTP_status_codes
        if (throwException) {
            if (response instanceof Response) {
                Integer respCode = ((Response) response).getStatus();
                if (respCode &gt; 207) {
                    throw populateCxfRsProducerException(exchange, (Response) response, respCode);
                }
            }
        }
{code}

For 2) question, I agree with Sergey. ",1401787514315
http://sealytics.github.io/ontologies/release-model#Bug-18afa566-8ac8-479d-8378-4b050000880b,"RoutingSlip.java appears to contain untested duplicated code (below  public boolean doInAsyncProducer), that probably needs the same kind of code-change. ",1395671147600
http://sealytics.github.io/ontologies/release-model#Bug-18afa566-8ac8-479d-8378-4b050000880b,"Applied patch into master, camel-2.13.x and camel-2.12.x branches with thanks to Rene.
I also did some modification on the unit tests.",1395671147600
http://sealytics.github.io/ontologies/release-model#Bug-18afa566-8ac8-479d-8378-4b050000880b,"Added the unit test for the AsyncEndpoint
Added an updated patch",1395671147600
http://sealytics.github.io/ontologies/release-model#Bug-18afa566-8ac8-479d-8378-4b050000880b,added an unit test,1395671147600
http://sealytics.github.io/ontologies/release-model#Bug-18afa566-8ac8-479d-8378-4b050000880b,Added a patch file that solves this issue.,1395671147600
http://sealytics.github.io/ontologies/release-model#Bug-a999fcd3-200d-4936-b886-b586857ba379,"Greg is using tokenizeXML instead of XPath. I guess because XPath load the entire XML in memory (this was the intention of creating the tokenizeXML). So, may this is not a solution for him...",1358994159020
http://sealytics.github.io/ontologies/release-model#Bug-a999fcd3-200d-4936-b886-b586857ba379,JUnit that illustrates how tokenizeXML falls down when the tokens are self-closing.,1358994159020
http://sealytics.github.io/ontologies/release-model#Bug-a999fcd3-200d-4936-b886-b586857ba379,"Hi subrata,
The issue which you are observing has been solved with CAMEL-6940.
Concretely, CAMEL-6004 did not handle some cases when child elements of the split target element are self-terminated and this particular issue was fixed in CAMEL-6940.

regards, aki",1358994159020
http://sealytics.github.io/ontologies/release-model#Bug-a999fcd3-200d-4936-b886-b586857ba379,"As commented in my previous reply, attached is a suggested fix that also works for empty elements.

It passes the existing tokenizing tests and a few other new tests that are included in the patch file.

I didn&apos;t directly change TokenXMLPairExpressionIterator but added its replacement TokenXMLExressionIterator and made ExpressionBuilder to use this new one instead. 

I was not sure if I should reuse TokenPairExpressionIterator by passing a dummy end pair tag and overwrite only the necessary methods, or not use it because the end-pairing logic could suggest an arbitrary start and end tag pairing which does not fit to xml tokenizing. I decided to the latter approach. We could add a neutral abstract class that has those commonly used methods and both can be extended from it. But in any case, you can see a regex-based approach to handle normal and empty xml elements.

I would appreciate if you can review it.
thanks.
regards, aki
",1358994159020
http://sealytics.github.io/ontologies/release-model#Bug-a999fcd3-200d-4936-b886-b586857ba379,I added the attached test to the Camel test suite. I annotated the failing test with @Ignore until somebody fixed it. Thanks Greg for the test case!,1358994159020
http://sealytics.github.io/ontologies/release-model#Bug-a999fcd3-200d-4936-b886-b586857ba379,Thanks Aki. The current service mix is using Version 2.10.7 of Camel. So I guess we need to wait for the next service mix release.,1358994159020
http://sealytics.github.io/ontologies/release-model#Bug-a999fcd3-200d-4936-b886-b586857ba379,"Thanks Aki, for the patch. This is great.

The old class has been marked as @deprecated. ",1358994159020
http://sealytics.github.io/ontologies/release-model#Bug-a999fcd3-200d-4936-b886-b586857ba379,"Hi,
I have a question to the camel team.

I got distracted to this cute regex-based xml tokenizer and I made it work for both cases.

However, the original approach itself has several inherent limitation in parsing a tree structure, namely handling of the same named elements appearing at different depths or extracting namespace declarations at several ancestor depths (the current approach only allows the extraction of additional namespace declarations from one particular depth specified by the inheritNamespaceToken parameter). So, it works perfect for those cases where the input document is constrained so that the splitting elements do not appear at different depths in hierarchy and any additional namespace declarations needed in the split elements come from one ancestor depth. But it does not work for more general cases.

As long as the input document fits to the constraint, this regex-based approach is more efficient as it does not need to construct those xml artifacts that need to be serialized into a token. However, for other cases, it would be more practical to use a stax based tokenizer to build the valid namespace context and serialize the content into a token instead of purely relying on the regex based parsing.

I don&apos;t know how typical use cases look and whether we can stay with or at least keep the regex-based approach or move to a stax based approach.

regards, aki
",1358994159020
http://sealytics.github.io/ontologies/release-model#Bug-a999fcd3-200d-4936-b886-b586857ba379,"Hi,

I just checked the code of Tokenize, it only works after setting the startToken and endToken. So it is not strange that it doesn&apos;t support the self-closing XML. As it doesn&apos;t has the pair startToken and endToken.

If you want to make your route support the those XML at the same time, you make consider to use the xpath expression like this
{code}
 protected RouteBuilder createRouteBuilder() {
        return new RouteBuilder() {
            public void configure() {
                from(&quot;direct:start&quot;).split().xpath(&quot;//child&quot;).to(&quot;mock:result&quot;);
            }
        };
    }
{code}

You will get the result like this in you two test case, as you can see the result is unified. 
{code}
&lt;child anotherAttr=&quot;&quot; some_attr=&quot;&quot;/&gt;
{code}

",1358994159020
http://sealytics.github.io/ontologies/release-model#Bug-a999fcd3-200d-4936-b886-b586857ba379,"I swapped tokenizeXML for XPath and it worked well as expected.  Christian&apos;s memory concern is valid, however, in my case, it is an acceptable risk (I don&apos;t expect very large files).  I would, however, like to still see tokenizeXML operate on both tokens with closing tags and tokens that are self-closing.  I will think about how to approach a patch proposal that meets that requirement.  Willem, thanks for the reminder to xpath on split!",1358994159020
http://sealytics.github.io/ontologies/release-model#Bug-a999fcd3-200d-4936-b886-b586857ba379,"Hi,

Actually service mix 4.5.3 does not resolve this issue fully. Please see the sample input and output below when we have self closing tag. There seems to be a problem still {color:red}if the first child element has self closing tag{color}. Note - this does not seems to be an issue if any other child node has self closing tag except the first one.
*Input XML*:
&lt;?xml version=&quot;1.0&quot; encoding=&quot;UTF-8&quot;?&gt;
&lt;orders&gt;
    &lt;order RECORDID=&quot;1&quot;&gt;
        &lt;name/&gt;
        &lt;description&gt;asdasd&lt;/description&gt;
        &lt;price&gt;7000&lt;/price&gt;
        &lt;remark&gt;testing&lt;/remark&gt;
    &lt;/order&gt;
    &lt;order RECORDID=&quot;2&quot;&gt;
        &lt;name/&gt;
        &lt;description&gt;adasd&lt;/description&gt;
        &lt;price&gt;7000&lt;/price&gt;
        &lt;remark&gt;testing&lt;/remark&gt;
    &lt;/order&gt;
&lt;/orders&gt;

*Camel XML*:
        &lt;camelContext xmlns=&quot;http://camel.apache.org/schema/blueprint&quot;&gt;
		&lt;route&gt;
			&lt;from uri=&quot;file:camel/XMLInput&quot;/&gt;
			&lt;split streaming=&quot;true&quot;&gt;
				&lt;tokenize token=&quot;order&quot; xml=&quot;true&quot;/&gt;
				&lt;to uri=&quot;file:camel/XMLOutput?fileName=RECORDID.xml&quot;/&gt;
			&lt;/split&gt;
		&lt;/route&gt;
	&lt;/camelContext&gt;

*OUTPUT Generated*: (malformed XML)
&lt;order RECORDID=&quot;2&quot;&gt;
        &lt;name/&gt;",1358994159020
http://sealytics.github.io/ontologies/release-model#Bug-a999fcd3-200d-4936-b886-b586857ba379,"Apache ServiceMix comes with Camel 2.10.7 [1]. This means this issue should be fixed in this version.

[1] http://servicemix.apache.org/downloads/servicemix-4.5.3",1358994159020
http://sealytics.github.io/ontologies/release-model#Bug-a999fcd3-200d-4936-b886-b586857ba379,"Hi,

I am using service mix 4.5.3. Is this fixed in this release? If not please let me know how to install the patch.

I am getting a similar issues where there are child nodes which are self closing and the tokenizer is creating malformed xml. I am hoping this will fix the issue I am getting also.

Thanks",1358994159020
http://sealytics.github.io/ontologies/release-model#Bug-19c90ef6-5eab-4f3b-a249-7a729bbadb76,Thanks for reporting and providing the stacktrace.,1381114727909
http://sealytics.github.io/ontologies/release-model#Bug-eaaa2784-b425-4705-ae73-30bfd4e712c6,"try this instead:
beanRowMapper=#nameOfSpringBean",1408640863071
http://sealytics.github.io/ontologies/release-model#Bug-eaaa2784-b425-4705-ae73-30bfd4e712c6,"See this page
http://camel.apache.org/how-do-i-configure-endpoints.html

the section about referring beans",1408640863071
http://sealytics.github.io/ontologies/release-model#Bug-eaaa2784-b425-4705-ae73-30bfd4e712c6,"That works, thanks David.  I think ideally it would accept the class name as outputClass does.  ",1408640863071
http://sealytics.github.io/ontologies/release-model#Bug-67dfb528-1c6f-46ce-a4ac-e01050671c61,"I&apos;ve committed some work to my camel fork on github : 
https://github.com/lburgazzoli/camel/commit/34e05bce2b0b8c708a8a8de673f1d7ece28519af

There still are some test cases to fix and some code is still a little rough but I would greatly appreciate any feedback.  ",1357918643517
http://sealytics.github.io/ontologies/release-model#Bug-67dfb528-1c6f-46ce-a4ac-e01050671c61,"Hi Willem,
I&apos;ve removed the package support camel-wide (e.g. org.apache.camel.builder.DataFormatClause).

The patch&apos;s target was Camel 3.0 (or any version on which you can break API compatibility) but I can check if I can re-introduce the package support. One of the issues I see is that as today camel-bindy returns a Map&lt;?,?&gt; of models (even if a class is used as source for models) so in the current test cases: 

Map&lt;?, ?&gt; map = (Map&lt;?, ?&gt;) mock.getReceivedExchanges().get(0).getIn().getBody(List.class).get(0);
WeatherModel model = (WeatherModel) map.values().iterator().next();

After my patch:

WeatherModel model = mock.getReceivedExchanges().get(0).getIn().getBody(WeatherModel.class);

I see two options:
1) re-introduce the package support, deprecate the API and construct a Map&lt;?,?&gt; of models even if the user specify a class
2) apply the patch to a camel version on which API compatibility can be broken
 
Let me know and I&apos;ll work on it :-)

",1357918643517
http://sealytics.github.io/ontologies/release-model#Bug-67dfb528-1c6f-46ce-a4ac-e01050671c61,"Hi Luca,

I just reviewed the patch, you removed the package support of BindyCsvFactory. 
I think it could be better if we deprecate the API first, then use the class type directly when user specify it.

Regards,

Willem",1357918643517
http://sealytics.github.io/ontologies/release-model#Bug-5f744744-6b9b-46fe-8c00-cb5c98d2fdbc,Thanks for reporting. Yeah the onCompletion was currently only in use with the aggregate eip. Should do the same for split and the others as well.,1391519400927
http://sealytics.github.io/ontologies/release-model#Bug-378a4350-fa14-4a2a-9193-1b82166c0721,"Thanks for reporting and the patch.

Notice that the done file should only be deleted on rollback if moveFailed is in use.",1384413696505
http://sealytics.github.io/ontologies/release-model#Bug-378a4350-fa14-4a2a-9193-1b82166c0721,"First time git, hopefully correct.
Patch is for &quot;master&quot; version",1384413696505
http://sealytics.github.io/ontologies/release-model#Bug-7534a673-a456-4689-a8d2-050778073a50,"Applied patch into master , camel-2.12.x and camel-2.11.x branches.",1389345407034
http://sealytics.github.io/ontologies/release-model#Bug-126d1d0d-bcc6-45a2-b712-ac5e84343bcf,"It&apos;s not a bug from my point of view. You can use the ${properties.xxx} to avoid error just like this:
{code}
{json:{value:${properties:someproperty}}}
{code} ",1407936046621
http://sealytics.github.io/ontologies/release-model#Bug-126d1d0d-bcc6-45a2-b712-ac5e84343bcf,"This issue is introduced by CAMEL-7429 which support to concatenation properties.  As the patch is based on looking SuffixIndex first to decide if there is property need to be parsed, the consecutive curly brackets introduces the ambiguity. 
It makes sense that  camel throw the exception like this:
{code}
Caused by: java.lang.IllegalArgumentException: Missing {{ from the text: {json:{value:junit}}
	at org.apache.camel.component.properties.DefaultPropertiesParser$ParsingContext.readProperty(DefaultPropertiesParser.java:128)
	at org.apache.camel.component.properties.DefaultPropertiesParser$ParsingContext.doParse(DefaultPropertiesParser.java:91)
	at org.apache.camel.component.properties.DefaultPropertiesParser$ParsingContext.parse(DefaultPropertiesParser.java:78)
	at org.apache.camel.component.properties.DefaultPropertiesParser.parseUri(DefaultPropertiesParser.java:43)
	at org.apache.camel.component.properties.PropertiesComponent.parseUri(PropertiesComponent.java:160)
	at org.apache.camel.component.properties.PropertiesComponent.parseUri(PropertiesComponent.java:119)
	at org.apache.camel.impl.DefaultCamelContext.resolvePropertyPlaceholders(DefaultCamelContext.java:1256)
	at org.apache.camel.model.ProcessorDefinition.resolvePropertyPlaceholders(ProcessorDefinition.java:572)
	at org.apache.camel.model.ProcessorDefinition.makeProcessor(ProcessorDefinition.java:487)
	at org.apache.camel.model.ProcessorDefinition.addRoutes(ProcessorDefinition.java:213)
	at org.apache.camel.model.RouteDefinition.addRoutes(RouteDefinition.java:932)
	... 28 more
{code}
",1407936046621
http://sealytics.github.io/ontologies/release-model#Bug-0ed3b4dc-bb28-4fce-b3cf-3d1bdacf10a3,This is the zip file I was using just for completeness.,1377749429595
http://sealytics.github.io/ontologies/release-model#Bug-6f8d76e7-7bcc-45ae-93f8-aa66d91b54e0,"Are you use a producer template to send a message to a Camel route? 

And are you using blueprint or spring or something else?",1397549229584
http://sealytics.github.io/ontologies/release-model#Bug-6f8d76e7-7bcc-45ae-93f8-aa66d91b54e0,It&apos;s not an issue of camel.,1397549229584
http://sealytics.github.io/ontologies/release-model#Bug-6f8d76e7-7bcc-45ae-93f8-aa66d91b54e0,"FYI: I work with Martin

Sorry for the late response. I made a small project that shows the problem.

It works when the route is published this way:
&lt;bundle&gt;blueprint:mvn:ch.bbp.fmp.inuc.sandbox.misc/misc-camelgroovy-clsnotfound/${project.version}/xml/BlueprintWithCamelRoute&lt;/bundle&gt;
It does not work when I try to import this bundle:
&lt;bundle&gt;mvn:ch.bbp.fmp.inuc.sandbox.misc/misc-camelgroovy-clsnotfound-failingroute/${project.version}&lt;/bundle&gt;

Have a look at the ReadMe.txt for further details.
",1397549229584
http://sealytics.github.io/ontologies/release-model#Bug-6f8d76e7-7bcc-45ae-93f8-aa66d91b54e0,"Hi Michael,
I just had a chance to go through your test cases. I found it&apos;s common OSGi bundle issue, not the camel issue.
when you install the camel route (blueprint.xml) from misc-camelgroovy-clsnotfound, pax-exam will create a bundle with these information:
{code}
--
[Probe ID: fe89692c206fa168f4facea3504996182bd7a2cd]
[Probe Location: file:/var/folders/cs/mk71gb5x73j21hb5mln2jnmr0000gn/T/1402386543238-0/tinybundles_fe89692c206fa168f4facea3504996182bd7a2cd.bin]
[Tests:
    SIG=[TestAddress:PaxExam-be66a74b-4f0f-4786-a14e-078b0eeb8a4d root:PaxExam-be66a74b-4f0f-4786-a14e-078b0eeb8a4d]
]
[Headers:
    DynamicImport-Package=*
    Ignore-Package=
    PaxExam-Executable=PaxExam-be66a74b-4f0f-4786-a14e-078b0eeb8a4d,
    Built-By=jiangning
    TinybundlesVersion=pax-tinybundles-1.0.0
    Manifest-Version=1.0
    Tool=pax-tinybundles-1.0.0
    Created-By=pax-tinybundles-1.0.0
    PaxExam-be66a74b-4f0f-4786-a14e-078b0eeb8a4d=ch.bbp.camelgroovy.clsnotfound.CamelGroovyClsNotFoundOsgiTest;test
    Bundle-ManifestVersion=2
    Bundle-SymbolicName=PAXEXAM-PROBE-39edfd2d-dcea-4e78-9fd4-ee7783ddb9da
]
{code}
You can see the bundle DynamicImport-Package header is *, which means this bundle can import all the package.

If I add the below lines into maven-bundle-plugin section of misc-camelgroovy-clsnotfound-failingroute/pom.xml, I cannot get any  ClassNotFoundException any more.
{code}
&lt;plugin&gt;
     &lt;groupId&gt;org.apache.felix&lt;/groupId&gt;
     &lt;artifactId&gt;maven-bundle-plugin&lt;/artifactId&gt;
     &lt;extensions&gt;true&lt;/extensions&gt;
          &lt;configuration&gt;
            &lt;instructions&gt;
              &lt;DynamicImport-Package&gt;
                 *
              &lt;/DynamicImport-Package&gt;
            &lt;/instructions&gt;
        &lt;/configuration&gt;
  .....
{code}",1397549229584
http://sealytics.github.io/ontologies/release-model#Bug-6f8d76e7-7bcc-45ae-93f8-aa66d91b54e0,"Can I have a look of you camel route?
Can you try to install camel-script and camel-groovy at the same time?",1397549229584
http://sealytics.github.io/ontologies/release-model#Bug-7ab41ddb-3c61-4736-bbf2-32810f384e53,"Willem, why the charset is taken from the exchange instead of DataFormat properties, where it is explicitly specified (&quot;encoding&quot;)?",1382638044739
http://sealytics.github.io/ontologies/release-model#Bug-7ab41ddb-3c61-4736-bbf2-32810f384e53,"Applied the patch into master, camel-2.12.x and camel-2.11.x branches.",1382638044739
http://sealytics.github.io/ontologies/release-model#Bug-7ab41ddb-3c61-4736-bbf2-32810f384e53,"Oh, it&apos;s my fault. The feature that I just added was supposed to change the encoding dynamically (per message)
I will update the code to apply the encoding setting of DataFormat if the message header is not setting the encoding header.",1382638044739
http://sealytics.github.io/ontologies/release-model#Bug-5cc26e8a-7264-4d55-beca-ce8a5749a0f9,"And where is the NPE. You must report that, eg post the stacktrace you get.

Also next time use the user forum / mailing list first as we ask people to do. And only report JIRAs if we say so",1409111387113
http://sealytics.github.io/ontologies/release-model#Bug-5cc26e8a-7264-4d55-beca-ce8a5749a0f9,Use getFileNameOnly(),1409111387113
http://sealytics.github.io/ontologies/release-model#Bug-5cc26e8a-7264-4d55-beca-ce8a5749a0f9,"Thanks Claus. Using getFileNameOnly() fixed the issue related to files

However with filter in place, even with recursive=true, the files under subDirectories are not read in the filter.
For e.g.
/home/user1
                   &gt; a.xml                          [processed successfully]
                   &gt; b.txt                            [ignored as expected]
                   &gt; folder1/c.xml              [not read]
                   &gt; folder2/d.xml              [not read] ",1409111387113
http://sealytics.github.io/ontologies/release-model#Bug-5cc26e8a-7264-4d55-beca-ce8a5749a0f9,"The NPE is raised under 
return file.getFileName().endsWith(&quot;.xml&quot;);

So added the if condition to check the file object and observed that getFileName was returning null 
if(file !=null &amp;&amp; file.getFileName() != null) { 
			return file.getFileName().endsWith(&quot;.xml&quot;);
}

",1409111387113
http://sealytics.github.io/ontologies/release-model#Bug-74037ace-99ae-4a1d-b7c0-d302208868a6,Applied patch into master and camel-2.12.x branches with thanks to David.,1387208555264
http://sealytics.github.io/ontologies/release-model#Bug-74037ace-99ae-4a1d-b7c0-d302208868a6,"I have opened a pull request with a fix for this issue including a unit test: https://github.com/apache/camel/pull/69.

I can create and attach a patch if you prefer.",1387208555264
http://sealytics.github.io/ontologies/release-model#Bug-e1ebba80-bbb8-4145-83cd-eceb0fc8acb2,"If the Exception is keeping throwing from method calling of bean, you cannot stop it by catching the exception.

Can we have look at your converter bean?

I just applied a patch for CAMEL-6752, I&apos;m not sure if it fixed your issue.
Maybe you can verify it by checking out the latest Camel-2.12.1-SNAPSHOT.",1379346405115
http://sealytics.github.io/ontologies/release-model#Bug-e1ebba80-bbb8-4145-83cd-eceb0fc8acb2,"Hi John,

I just have a quick look at the test case, the AmbiguousMethodCallException is caused by you have two method with same parameters in the MyBean class and Camel cannot tell which method it should invoke. 

You just need to add the method name like this, the AmbiguousMethodCallException will go away.
{code}
&lt;camel:to uri=&quot;bean:mybean?method=myMethod1&quot; /&gt;
{code}",1379346405115
http://sealytics.github.io/ontologies/release-model#Bug-e1ebba80-bbb8-4145-83cd-eceb0fc8acb2,"Hi Willem,

I will be glad to test the patch.  Is 2.12.1-SNAPSHOT available from a public Maven repository so I can treat it as any Camel release, or I need to download and deploy it locally myself? 

",1379346405115
http://sealytics.github.io/ontologies/release-model#Bug-e1ebba80-bbb8-4145-83cd-eceb0fc8acb2,Here is a test case in Eclipse project.  It is a Camel Spring project.  Run the main in App will start the route and show the error.,1379346405115
http://sealytics.github.io/ontologies/release-model#Bug-e1ebba80-bbb8-4145-83cd-eceb0fc8acb2,Can you submit a simple test case to the JIRA? I will dig the issue when I get some time.,1379346405115
http://sealytics.github.io/ontologies/release-model#Bug-e1ebba80-bbb8-4145-83cd-eceb0fc8acb2,"I have tested on the latest 2.12.1 release and 2.11.2 release.  The problem still exists in both.

",1379346405115
http://sealytics.github.io/ontologies/release-model#Bug-e1ebba80-bbb8-4145-83cd-eceb0fc8acb2,"I knew why there was the exception. That was not what this JIRA issue was for.  I made this exception to reproduce the real issue.  The real issue was that when the exception was thrown, the Camel File component failed to delete/rename the file even when the exception is caught and handled. Because Camel File component failed to remove the file, Camel picked up the file again and thus got into an infinite loop.  I believe the correct behavior should be:

1. The exception was thrown due to ambiguous method.
2. The exception was caught and handled by onException.
3. The file was removed to .camel.
4. Camel moves on to process other files.

But in reality, the file was not removed and infinite failure loop resulted.  Is my understanding correct?

Thanks,
John

",1379346405115
http://sealytics.github.io/ontologies/release-model#Bug-e1ebba80-bbb8-4145-83cd-eceb0fc8acb2,You should avoid keeping throw exception in the route.,1379346405115
http://sealytics.github.io/ontologies/release-model#Bug-e1ebba80-bbb8-4145-83cd-eceb0fc8acb2,"Hi Willem,

Here is the bean that we used for the test.  Please note that I do not think Camel had actually called the bean because it did not know which method to call.  Also the infinite failure loop was because the File consumer tried to rename/delete the file (after the exception was caught by onException in the route), but the File consumer failed to rename/delete the file.  Therefore the file was picked up again by the consumer, and the route failed again due to the AmbiguousMethodCallException, and repeats itself.  Of course, I can easily add the method name to the URI as an option to avoid the AmbiguousMethodCallException.  Thanks for looking into this.

package com.pci.testpoi;

import java.io.File;
import java.io.InputStream;
import java.text.SimpleDateFormat;
import java.util.ArrayList;
import java.util.Iterator;
import java.util.GregorianCalendar;
import java.util.List;
import java.math.BigDecimal;
import java.nio.file.Files;
import java.nio.file.Path;
import org.apache.commons.*;

import javax.xml.bind.JAXBContext;
import javax.xml.bind.Marshaller;
//import javax.xml.datatype.DatatypeFactory;
import org.apache.camel.Body;
import org.apache.camel.Header;
import externaldoc.ExternalDoc;
import externaldoc.ExternalDoc.Doc;
import externaldoc.ExternalDoc.Doc.Data.Table.Row;
import externaldoc.ExternalDoc.Doc.Data.Table.Row.Col;
import externaldoc.ObjectFactory;
import externaldoc.NewDataSet;
import org.apache.commons.logging.Log;
import org.apache.commons.logging.LogFactory;
import org.apache.poi.ss.usermodel.*;
import org.apache.poi.ss.util.*;
import org.apache.poi.xssf.usermodel.*;
import org.apache.poi.hssf.usermodel.*;

/**
 * Uses POI to convert an Excel spreadsheet to the desired JAXB XML format.
 */
public class ExcelConverterBean {
    private final static Log log = LogFactory.getLog(ExcelConverterBean.class);

    public ExternalDoc processRowExcelDoc(@Body InputStream body, @Header(&quot;CamelFileNameOnly&quot;) String fn) throws Exception {
        ObjectFactory factory = new ObjectFactory();
        String extension = fn.substring(fn.lastIndexOf(&quot;.&quot;) + 1);
        Workbook workbook;
        FormulaEvaluator evaluator;
        if (extension.equalsIgnoreCase(&quot;xls&quot;)) {
        	workbook = new HSSFWorkbook(body);       	
        	evaluator = new HSSFFormulaEvaluator((HSSFWorkbook) workbook); 
        } else if (extension.equalsIgnoreCase(&quot;xlsx&quot;)){      	
          	workbook = new XSSFWorkbook(body);
          	evaluator = new XSSFFormulaEvaluator((XSSFWorkbook) workbook);
        } else {
        	System.out.println(&quot;Input file is not an Excel file.&quot;);
        	workbook = new XSSFWorkbook();
        	evaluator = new XSSFFormulaEvaluator((XSSFWorkbook) workbook);
        }
        	
        Sheet sheet = workbook.getSheetAt(0);
        
        ExternalDoc extDoc = factory.createExternalDoc();
        extDoc.setDoc(factory.createExternalDocDoc());
        extDoc.getDoc().setContext(factory.createExternalDocDocContext());
        extDoc.getDoc().getContext().setRecordType(factory.createExternalDocDocContextRecordType());
        extDoc.getDoc().getContext().getRecordType().setValue(&quot;From_Excel&quot;);
        extDoc.getDoc().getContext().setVersion(&quot;1&quot;);
        extDoc.getDoc().getContext().setActions(&quot;1&quot;);
        extDoc.getDoc().getContext().setStatus(&quot;1&quot;);
        extDoc.getDoc().setData(factory.createExternalDocDocData());
        extDoc.getDoc().getData().getTable().add(factory.createExternalDocDocDataTable());
        JAXBContext jc = JAXBContext.newInstance(ExternalDoc.class);
        Marshaller msl = jc.createMarshaller();
        msl.setProperty(Marshaller.JAXB_FORMATTED_OUTPUT, true);
        msl.marshal(extDoc, System.out);
		System.out.println(&quot;*** After jaxb ***&quot;);
        try {
        	      	
//            DatatypeFactory dateFactory = DatatypeFactory.newInstance();
            ArrayList&lt;String&gt; headers = new ArrayList&lt;String&gt;();
            boolean headersFound = false;
            int colNum;
            for(Iterator rit = sheet.rowIterator(); rit.hasNext();) {
            	org.apache.poi.ss.usermodel.Row row = (org.apache.poi.ss.usermodel.Row) rit.next();
                if(!headersFound) {  // Skip the first row with column headers
                    headersFound = true;
                    int index = 0;
                    for(Iterator cit = row.cellIterator(); cit.hasNext(); index++) {
                    	Cell cell = (Cell) cit.next();
                    	headers.add(index, cell.getStringCellValue());
                    }
                    continue;
                }
                colNum = 0;
                ExternalDoc.Doc.Data.Table.Row tableRow = factory.createExternalDocDocDataTableRow();
                List&lt;ExternalDoc.Doc.Data.Table.Row.Col&gt; colList = tableRow.getCol();
                for(Iterator cit = row.cellIterator(); cit.hasNext(); ++colNum) {
                    Cell cell = (Cell) cit.next();
                    if(headersFound) {
                    	Col rowCol = factory.createExternalDocDocDataTableRowCol();
                    	switch (cell.getCellType()) {
                    	case Cell.CELL_TYPE_BLANK :    
                    		break;
                    	case Cell.CELL_TYPE_BOOLEAN :
                        	rowCol.setName(headers.get(cell.getColumnIndex()));
                        	rowCol.setVal(cell.getBooleanCellValue()==true ? &quot;true&quot; : &quot;false&quot;);                    		
                        	break;
                    	case Cell.CELL_TYPE_ERROR :
                        	break;
                    	case Cell.CELL_TYPE_FORMULA  :
                        	rowCol.setName(headers.get(cell.getColumnIndex()));
                        	rowCol.setVal(String.valueOf(evaluator.evaluate(cell).formatAsString()));
                        	break;
                    	case Cell.CELL_TYPE_NUMERIC :
                        	rowCol.setName(headers.get(cell.getColumnIndex()));
                    		if (DateUtil.isCellDateFormatted(cell)) {
                               	rowCol.setVal(new SimpleDateFormat(&quot;yyyy-MM-dd&quot;).format(cell.getDateCellValue()));
                    		} else {
                        	//System.out.println(cell.getRowIndex() + &quot; &quot; + cell.getColumnIndex());
                    			rowCol.setVal(String.valueOf((int) cell.getNumericCellValue()));
                    		}
                        	break;
                    	case Cell.CELL_TYPE_STRING :
                        	rowCol.setName(headers.get(cell.getColumnIndex()));
                        	rowCol.setVal(cell.getStringCellValue());
                        	break;
                    	default:
                    		break;
                    	}
                    	colList.add(colNum, rowCol);
                    }
                }
                extDoc.getDoc().getData().getTable().get(0).getRow().add(tableRow);
            }
        } catch (Exception e) {
            log.error(&quot;Unable to import Excel file&quot;, e);
            throw new RuntimeException(&quot;Unable to import Excel file&quot;, e);
        }
        return extDoc;
    }

    
    public ExternalDoc processColExcelDoc(@Body InputStream body, @Header(&quot;CamelFileNameOnly&quot;) String fn) throws Exception {
        ObjectFactory factory = new ObjectFactory();
        String extension = fn.substring(fn.lastIndexOf(&quot;.&quot;) + 1);
        Workbook workbook;
        FormulaEvaluator evaluator;
        if (extension.equalsIgnoreCase(&quot;xls&quot;)) {
        	workbook = new HSSFWorkbook(body);       	
        	evaluator = new HSSFFormulaEvaluator((HSSFWorkbook) workbook); 
        } else if (extension.equalsIgnoreCase(&quot;xlsx&quot;)){      	
          	workbook = new XSSFWorkbook(body);
          	evaluator = new XSSFFormulaEvaluator((XSSFWorkbook) workbook);
        } else {
        	System.out.println(&quot;Input file is not an Excel file.&quot;);
        	workbook = new XSSFWorkbook();
        	evaluator = new XSSFFormulaEvaluator((XSSFWorkbook) workbook);
        }
        	
        Sheet sheet = workbook.getSheetAt(0);
        
        External",1379346405115
http://sealytics.github.io/ontologies/release-model#Bug-e1ebba80-bbb8-4145-83cd-eceb0fc8acb2,"Yes, your expectation is right.",1379346405115
http://sealytics.github.io/ontologies/release-model#Bug-35564334-f7f3-4428-99f7-54d4d641d6ac,Use the mailing list / user forum to get help.,1390494771260
http://sealytics.github.io/ontologies/release-model#Bug-29e67b2a-4373-4a92-8612-e7e257e0dbb3,"With [~bvahdat] recent fixes we are down to 2 erros

  CamelCometdTest.test:32-&gt;AbstractFeatureTest.testComponent:64 Cannot get component with name: cometd
  CamelWebsocketTest.test:32-&gt;AbstractFeatureTest.testComponent:64 Cannot get component with name: websocket",1379757782493
http://sealytics.github.io/ontologies/release-model#Bug-29e67b2a-4373-4a92-8612-e7e257e0dbb3,"O.K. I managed to fix those Karaf tests.

Just realized that there&apos;re other failing tests by the {{camel-itest-osgi}} module with or without of the fix for this ticket. Are we already aware of this? Is there any ticket around for this?

These are the ones failing for me but I didn&apos;t look into them:
{code}
BeanValidatorTest.validateShouldSuccessWithExpliciteDefaultGroup:47 Â» Validation
BeanValidatorTest.testBeanValidatorRoute:36 Â» Validation Unable to create a Co...
CamelBlueprint4Test.testRouteWithXSLT:42-&gt;AbstractIntegrationTest.getOsgiService:87 Â» Runtime
XsltBlueprintRouteTest&gt;CamelTestSupport.setUp:218-&gt;doPostSetup:68-&gt;AbstractIntegrationTest.getOsgiService:87 Â» Runtime
DisruptorTest&gt;CamelTestSupport.setUp:217-&gt;CamelTestSupport.doSetUp:311-&gt;CamelTestSupport.startCamelContext:477 Â» ResolveEndpointFailed
DisruptorTest&gt;CamelTestSupport.setUp:217-&gt;CamelTestSupport.doSetUp:311-&gt;CamelTestSupport.startCamelContext:477 Â» ResolveEndpointFailed
DisruptorVmTest&gt;CamelTestSupport.setUp:217-&gt;CamelTestSupport.doSetUp:311-&gt;CamelTestSupport.startCamelContext:477 Â» ResolveEndpointFailed
GroovyTest.testGroovyLanguage:38 Â» ClassNotFound groovy.lang.Script
HdfsBlueprintRouteTest.testWriteAndReadString:50-&gt;AbstractIntegrationTest.getOsgiService:87 Â» Runtime
JaxbDataFormatTest&gt;CamelTestSupport.setUp:217-&gt;CamelTestSupport.doSetUp:311-&gt;CamelTestSupport.startCamelContext:477 Â» JAXB
GroovyScriptOsgiTest.testLanguage:47 Â» ClassNotFound groovy.lang.Script
{code}
",1379757782493
http://sealytics.github.io/ontologies/release-model#Bug-29e67b2a-4373-4a92-8612-e7e257e0dbb3,"These tests fails

Failed tests:
  CamelCometdTest.test:32-&gt;AbstractFeatureTest.testComponent:64 Cannot get component with name: cometd
  CamelHttp4Test.test:32-&gt;AbstractFeatureTest.testComponent:64 Cannot get component with name: http4
  CamelHttpTest.test:32-&gt;AbstractFeatureTest.testComponent:64 Cannot get component with name: http
  CamelJettyTest.test:32-&gt;AbstractFeatureTest.testComponent:64 Cannot get component with name: jetty
  CamelSalesforceTest.test:32-&gt;AbstractFeatureTest.testComponent:64 Cannot get component with name: salesforce
  CamelServletTest.test:32-&gt;AbstractFeatureTest.testComponent:64 Cannot get component with name: servlet
  CamelStompTest.test:32-&gt;AbstractFeatureTest.testComponent:64 Cannot get component with name: stomp
  CamelWebsocketTest.test:32-&gt;AbstractFeatureTest.testComponent:64 Cannot get component with name: websocket",1379757782493
http://sealytics.github.io/ontologies/release-model#Bug-29e67b2a-4373-4a92-8612-e7e257e0dbb3,"Yeah I&apos;ve got those two remaining tests fixed as well on my workspace. Running a full build right now to make sure everything is fine.

Also [this CXF test being excluded inside the POM of {{camel-itest-karaf}}|https://github.com/apache/camel/blob/master/tests/camel-itest-karaf/src/test/java/org/apache/camel/itest/karaf/CamelCxfTest.java] works again, so why I will re-enable it again.
",1379757782493
http://sealytics.github.io/ontologies/release-model#Bug-a10d85b5-afc9-4ee5-a63a-a196f4cf5bad,"Fixed with this commit: 
https://git-wip-us.apache.org/repos/asf/camel.git/?p=camel.git;a=commitdiff;h=5d1eebccce0e88e053be100c401a97ecb10e8908",1392914745800
http://sealytics.github.io/ontologies/release-model#Bug-25b1b8b8-d315-44e0-be1a-19180ed2031e,"Github user asfgit closed the pull request at:

    https://github.com/apache/camel/pull/160
",1400834548916
http://sealytics.github.io/ontologies/release-model#Bug-25b1b8b8-d315-44e0-be1a-19180ed2031e,"GitHub user grgrzybek opened a pull request:

    https://github.com/apache/camel/pull/160

    [CAMEL-7462] Do not treat &lt;HTTP/1.1 100 Continue&gt; as final response

    

You can merge this pull request into a Git repository by running:

    $ git pull https://github.com/grgrzybek/camel CAMEL-7462

Alternatively you can review and apply these changes as the patch at:

    https://github.com/apache/camel/pull/160.patch

To close this pull request, make a commit to your master/trunk branch
with (at least) the following in the commit message:

    This closes #160
    
----
commit efcff6eaeeb6183023d66043116d8ed425c18407
Author: Grzegorz Grzybek &lt;gr.grzybek@gmail.com&gt;
Date:   2014-05-23T11:10:31Z

    [CAMEL-7462] Do not treat &lt;HTTP/1.1 100 Continue&gt; as final response

----
",1400834548916
http://sealytics.github.io/ontologies/release-model#Bug-864ca3c8-14ae-4e96-af75-db347cd1587a,"I just dug the code and found out all the unit tests which extends the CamelTestSupport has the same problem which lets the RouteBuilder creates a default camel context when the first dsl method is used.  

To resolve this, we need to pass the camel context instance to the RouteBuilder to avoid create the default camel context there.

For adding the created camel context into the static set, I think maybe we can do it when the camel context is start the CAMEL-7327.
",1406565593999
http://sealytics.github.io/ontologies/release-model#Bug-fcb7bd7e-f5c0-43ec-ade1-191a7a274860,"master - http://git-wip-us.apache.org/repos/asf/camel/commit/263b5681
camel-2.12.x - http://git-wip-us.apache.org/repos/asf/camel/commit/496026d6",1394210572045
http://sealytics.github.io/ontologies/release-model#Bug-4204df87-ae40-498e-bce9-c5b91a1516a0,"related discussion from smx mailling list is
http://servicemix.396122.n5.nabble.com/Adding-features-to-ServiceMix-4-5-3-minimal-dependency-resolution-not-working-td5719659.html",1395374161803
http://sealytics.github.io/ontologies/release-model#Bug-4204df87-ae40-498e-bce9-c5b91a1516a0,"commit fix
http://git-wip-us.apache.org/repos/asf/camel/commit/8bfd1232 for master
http://git-wip-us.apache.org/repos/asf/camel/commit/2249559a for camel-2.13.x
http://git-wip-us.apache.org/repos/asf/camel/commit/ced3c084 for camel-2.12.x",1395374161803
http://sealytics.github.io/ontologies/release-model#Bug-e51e2de4-be23-4036-bc8a-9c4fb72aed37,Added some unit tests in camel-itest on master and 2.12 branch. Cannot reproduce this issue from the SO.,1390240175884
http://sealytics.github.io/ontologies/release-model#Bug-e51e2de4-be23-4036-bc8a-9c4fb72aed37,"Okay have a fix for this, and will backport this to branches shortly.",1390240175884
http://sealytics.github.io/ontologies/release-model#Bug-e51e2de4-be23-4036-bc8a-9c4fb72aed37,"Attached is a ready to run small Maven-Spring project that  would help reproduce this issue. The POM has two properties section. To reproduce the issue, comment out the Camel 2.12.2 section. To check the issue with Camel 2.11.1 uncomment the other properties section.

After building the app, dploy it in Tomcat or Jetty and hit the following URLs in your browser:
http://localhost:8080/groovy-test/rs/convert/4
http://localhost:8080/groovy-test/rs/convert/5

The expected result is browser showing the number 4 and 5 respectively.
Observed behaviour with 2.12.1 is browser will show 4 for both URLs.
",1390240175884
http://sealytics.github.io/ontologies/release-model#Bug-e51e2de4-be23-4036-bc8a-9c4fb72aed37,Thanks for the test case which reproduces the issue,1390240175884
http://sealytics.github.io/ontologies/release-model#Bug-e51e2de4-be23-4036-bc8a-9c4fb72aed37,The problem is in camel-script,1390240175884
http://sealytics.github.io/ontologies/release-model#Bug-79c96d22-43f5-459b-9cd0-9925b502d99f,Verified. Thanks.,1401281942185
http://sealytics.github.io/ontologies/release-model#Bug-79c96d22-43f5-459b-9cd0-9925b502d99f,I just updated the wiki page to fix the error.,1401281942185
http://sealytics.github.io/ontologies/release-model#Bug-211e9a14-1bd9-40d5-ad65-711c3c58631b,Thanks for reporting and the patch.,1397035115370
http://sealytics.github.io/ontologies/release-model#Bug-72632494-0ff0-4ad4-8665-a69da178ef3f,Thanks for fixing it..,1403276950685
http://sealytics.github.io/ontologies/release-model#Bug-72632494-0ff0-4ad4-8665-a69da178ef3f,"See the pom.xml of camel-restlet where the repo is.
https://github.com/apache/camel/blob/master/components/camel-restlet/pom.xml

And next time use the mailing list for this kind of questions",1403276950685
http://sealytics.github.io/ontologies/release-model#Bug-4e06deb9-86d2-496c-bc6b-5e873fd104ec,I corrected an error message.,1393514782149
http://sealytics.github.io/ontologies/release-model#Bug-4e06deb9-86d2-496c-bc6b-5e873fd104ec,You are right. I have a look at this adn will update the patch.,1393514782149
http://sealytics.github.io/ontologies/release-model#Bug-4e06deb9-86d2-496c-bc6b-5e873fd104ec,Applied into camel master branch and back port the patch into camel-2.12.x branch with thanks to Franz.,1393514782149
http://sealytics.github.io/ontologies/release-model#Bug-4e06deb9-86d2-496c-bc6b-5e873fd104ec,"Hi Willem,

i corrected the error. Please have a look.

Regards Franz",1393514782149
http://sealytics.github.io/ontologies/release-model#Bug-4e06deb9-86d2-496c-bc6b-5e873fd104ec,"Hi Franz,

I think here is a code error in your patch in the patched PGPKeyAccessDataFormat.
You add two same check of &quot;o instanceof PGPEncryptedDataList&quot; in a if ... else block.
{code}
   @SuppressWarnings(&quot;resource&quot;)
    public Object unmarshal(Exchange exchange, InputStream encryptedStream) throws Exception {
        if (encryptedStream == null) {
            return null;
        }
        InputStream in = PGPUtil.getDecoderStream(encryptedStream);
        PGPObjectFactory pgpFactory = new PGPObjectFactory(in);
        Object o = pgpFactory.nextObject();
        // the first object might be a PGP marker packet 
        PGPEncryptedDataList enc;
        if (o instanceof PGPEncryptedDataList) {
            enc = (PGPEncryptedDataList) o;
        } else if (o instanceof PGPEncryptedDataList) {
            enc = (PGPEncryptedDataList) pgpFactory.nextObject();
        } else {
            enc = null;
        }
{code}",1393514782149
http://sealytics.github.io/ontologies/release-model#Bug-7e26a6f2-7be9-471c-affd-8c9fb70b110c,"Adding option {{skipBodyLineSeparator}} so people can configure if they want to skip the LS or not. This preserves current behavior as default.

For example if your message body is a large XML message with LS you may not want this to log over 50+ lines etc.",1382018585353
http://sealytics.github.io/ontologies/release-model#Bug-c8c09d7a-a989-4bb9-8899-6ae8e0a056d9,"This is the stacktrace  :

Caused by: org.apache.camel.ResolveEndpointFailedException: Failed to resolve endpoint: facebook://executeFQL due to: null
	at org.apache.camel.impl.DefaultCamelContext.getEndpoint(DefaultCamelContext.java:528)
	at org.apache.camel.util.CamelContextHelper.getMandatoryEndpoint(CamelContextHelper.java:63)
	at org.apache.camel.model.RouteDefinition.resolveEndpoint(RouteDefinition.java:192)
	at org.apache.camel.impl.DefaultRouteContext.resolveEndpoint(DefaultRouteContext.java:106)
	at org.apache.camel.impl.DefaultRouteContext.resolveEndpoint(DefaultRouteContext.java:112)
	at org.apache.camel.model.SendDefinition.resolveEndpoint(SendDefinition.java:61)
	at org.apache.camel.model.SendDefinition.createProcessor(SendDefinition.java:55)
	at org.apache.camel.model.ProcessorDefinition.createProcessor(ProcessorDefinition.java:460)
	at org.apache.camel.model.ProcessorDefinition.createOutputsProcessor(ProcessorDefinition.java:429)
	at org.apache.camel.model.ProcessorDefinition.createOutputsProcessor(ProcessorDefinition.java:159)
	at org.apache.camel.model.ProcessorDefinition.createChildProcessor(ProcessorDefinition.java:178)
	at org.apache.camel.model.FilterDefinition.createFilterProcessor(FilterDefinition.java:72)
	at org.apache.camel.model.FilterDefinition.createProcessor(FilterDefinition.java:66)
	at org.apache.camel.model.FilterDefinition.createProcessor(FilterDefinition.java:34)
	at org.apache.camel.model.ProcessorDefinition.makeProcessor(ProcessorDefinition.java:500)
	at org.apache.camel.model.ProcessorDefinition.addRoutes(ProcessorDefinition.java:213)
	at org.apache.camel.model.RouteDefinition.addRoutes(RouteDefinition.java:909)
	... 47 more
Caused by: java.lang.NullPointerException
	at java.lang.String.startsWith(String.java:1421)
	at java.lang.String.startsWith(String.java:1450)
	at org.apache.camel.util.IntrospectionSupport.setProperties(IntrospectionSupport.java:410)
	at org.apache.camel.util.IntrospectionSupport.setProperties(IntrospectionSupport.java:424)
	at org.apache.camel.component.facebook.FacebookComponent.copyComponentProperties(FacebookComponent.java:66)
	at org.apache.camel.component.facebook.FacebookComponent.createEndpoint(FacebookComponent.java:56)
	at org.apache.camel.impl.DefaultComponent.createEndpoint(DefaultComponent.java:120)
	at org.apache.camel.impl.DefaultCamelContext.getEndpoint(DefaultCamelContext.java:508)
	... 63 more

I will try to provide you a unit test ASAP.",1380876698750
http://sealytics.github.io/ontologies/release-model#Bug-c8c09d7a-a989-4bb9-8899-6ae8e0a056d9,Here the patch.,1380876698750
http://sealytics.github.io/ontologies/release-model#Bug-c8c09d7a-a989-4bb9-8899-6ae8e0a056d9,Thanks for reporting. I spotted the NPE mistake in the facebook component.,1380876698750
http://sealytics.github.io/ontologies/release-model#Bug-c8c09d7a-a989-4bb9-8899-6ae8e0a056d9,"Do you have the stacktrace when this error happens?

And if its possible to create an unit test that reproduces the issue and passes with the fix, then that would be great",1380876698750
http://sealytics.github.io/ontologies/release-model#Bug-4e851998-61d3-4d83-a784-d73687fc5003,A patch is attached to fix this issue. ,1384800365546
http://sealytics.github.io/ontologies/release-model#Bug-4e851998-61d3-4d83-a784-d73687fc5003,Applied the patch into master and camel-2.12.x branches with thanks to Dhiraj.,1384800365546
http://sealytics.github.io/ontologies/release-model#Bug-f7ae8fdf-de8b-4cbb-b65f-1e08a1d6a456,"Sorry but the main problem/issue is that PropertiesComponent autowires that constants.
I cannot get rid off that (util:)constant(s) because they&apos;re referenced else where, which I cannot change.

Is there any way to remove this auto magic of using these constants as part of the PropertiesComponent (constructor) initialization. I couldn&apos;t find any @Autowired annotation.",1402139460435
http://sealytics.github.io/ontologies/release-model#Bug-f7ae8fdf-de8b-4cbb-b65f-1e08a1d6a456,"The current fix (w/o ignoreMissingLocation) is also working, but the main problem is that w/o declaring the propertyPlaceHolder inside the camel context it throws weird errors. It would be great if you could use springs util constants w/o getting those autowired.",1402139460435
http://sealytics.github.io/ontologies/release-model#Bug-f7ae8fdf-de8b-4cbb-b65f-1e08a1d6a456,Files for new case,1402139460435
http://sealytics.github.io/ontologies/release-model#Bug-f7ae8fdf-de8b-4cbb-b65f-1e08a1d6a456,"I just set the constant Property into the BridgePropertyPlaceholderConfigurer just like this
{code}
    &lt;util:constant id=&quot;test&quot; static-field=&quot;org.apache.camel.spring.spi.BridgePropertyPlaceholderConfigurerTest.CONSTANT&quot;/&gt;  
    
    &lt;bean id=&quot;bridgePropertyPlaceHolder&quot; class=&quot;org.apache.camel.spring.spi.BridgePropertyPlaceholderConfigurer&quot;&gt;
      &lt;property name=&quot;properties&quot;&gt;
         &lt;props&gt;
           &lt;!-- reference the constant value in a property--&gt;
           &lt;prop key=&quot;testProperty&quot;&gt;#{test}&lt;/prop&gt;
         &lt;/props&gt;
      &lt;/property&gt;
      &lt;property name=&quot;ignoreResourceNotFound&quot; value=&quot;true&quot;/&gt;
      &lt;property name=&quot;locations&quot;&gt;
        &lt;list&gt;
          &lt;value&gt;classpath:someplaceToOverride&lt;/value&gt;
        &lt;/list&gt;
      &lt;/property&gt;
   &lt;/bean&gt;
{code}

I think you can also wire the Properties that way.
",1402139460435
http://sealytics.github.io/ontologies/release-model#Bug-f7ae8fdf-de8b-4cbb-b65f-1e08a1d6a456,"Can you check the class file fo constant object?
I don&apos;t think ProerptiesComponent has the dependency of constant object.",1402139460435
http://sealytics.github.io/ontologies/release-model#Bug-f7ae8fdf-de8b-4cbb-b65f-1e08a1d6a456,"Camel PropertyComponent will use the  PropertiesResolver(bridgePropertyPlaceHolder) to lookup the properties, so you can get the exception by default, as bridgePropertyPlaceHolder cannot find the resource file. 

You can define the propertyPlaceholder to override the default feature like this.
{code}
 &lt;camel:propertyPlaceholder id=&quot;propertiesOverride&quot; ignoreMissingLocation=&quot;true&quot;/&gt;
{code}",1402139460435
http://sealytics.github.io/ontologies/release-model#Bug-f7ae8fdf-de8b-4cbb-b65f-1e08a1d6a456,"Hi Willem,

I already had that setting enabled, but even with 2.13-SNAPSHOT no luck.
If you enable tracing you can see lines like:


[pache.camel.spring.Main.main()] CamelContextFactoryBean        INFO  Bridging Camel and Spring property placeholder configurer with id: bridgePropertyPlaceHolder
[pache.camel.spring.Main.main()] SpringCamelContext             DEBUG Using ComponentResolver: org.apache.camel.impl.DefaultComponentResolver@70ff4bfb to resolve component with name: properties
[pache.camel.spring.Main.main()] DefaultListableBeanFactory     TRACE No bean named &apos;properties&apos; found in org.springframework.beans.factory.support.DefaultListableBeanFactory@4b37f3f9: defining beans [ag.isb.camel.Constants.CONSTANT_1,bridgePropertyPlaceHolder,template,consumerTemplate,camel-1:beanPostProcessor,camel-1]; root of factory hierarchy
[pache.camel.spring.Main.main()] DefaultComponentResolver       DEBUG Found component: properties in registry: null
[pache.camel.spring.Main.main()] ObjectHelper                   TRACE Loading class: org.apache.camel.component.properties.PropertiesComponent using classloader: java.net.URLClassLoader@154f6189
[pache.camel.spring.Main.main()] DefaultComponentResolver       DEBUG Found component: properties via type: org.apache.camel.component.properties.PropertiesComponent via: META-INF/services/org/apache/camel/component/properties
[pache.camel.spring.Main.main()] DefaultListableBeanFactory     DEBUG Creating instance of bean &apos;org.apache.camel.component.properties.PropertiesComponent&apos;
[pache.camel.spring.Main.main()] DefaultListableBeanFactory     DEBUG Returning cached instance of singleton bean &apos;ag.isb.camel.Constants.CONSTANT_1&apos;
[pache.camel.spring.Main.main()] DefaultCamelBeanPostProcessor  TRACE Camel bean processing after initialization for bean: ag.isb.camel.Constants.CONSTANT_1
[pache.camel.spring.Main.main()] DefaultListableBeanFactory     DEBUG Autowiring by type from bean name &apos;org.apache.camel.component.properties.PropertiesComponent&apos; via constructor to bean named &apos;ag.isb.camel.Constants.CONSTANT_1&apos;
[pache.camel.spring.Main.main()] DefaultListableBeanFactory     DEBUG Returning cached instance of singleton bean &apos;ag.isb.camel.Constants.CONSTANT_1&apos;
[pache.camel.spring.Main.main()] DefaultCamelBeanPostProcessor  TRACE Camel bean processing after initialization for bean: ag.isb.camel.Constants.CONSTANT_1
[pache.camel.spring.Main.main()] DefaultListableBeanFactory     DEBUG *Autowiring by type from bean name &apos;org.apache.camel.component.properties.PropertiesComponent&apos; via constructor to bean named &apos;ag.isb.camel.Constants.CONSTANT_1&apos;*
[pache.camel.spring.Main.main()] DefaultCamelBeanPostProcessor  TRACE Camel bean processing before initialization for bean: org.apache.camel.component.properties.PropertiesComponent

Why is it doing that?",1402139460435
http://sealytics.github.io/ontologies/release-model#Bug-f7ae8fdf-de8b-4cbb-b65f-1e08a1d6a456,"Hi Sven,
I managed to reproduce the issue and find out PropertyPlaceholderConfigurer know nothing about the util:constant as a property.
You have to use it in [a different way|http://stackoverflow.com/questions/7309956/how-to-reference-constant-in-attribute-in-spring].

I did some work to enable the configuration of &quot;ignoreResourceNotFound&quot;, so you don&apos;t need to addition camel:propertyPlaceholder to the camel context there, the bridgePropertyPlaceHolder could be.
{code}
&lt;bean id=&quot;bridgePropertyPlaceHolder&quot; class=&quot;org.apache.camel.spring.spi.BridgePropertyPlaceholderConfigurer&quot;&gt;
      &lt;property name=&quot;ignoreResourceNotFound&quot; value=&quot;true&quot;/&gt;
      &lt;property name=&quot;locations&quot;&gt;
        &lt;list&gt;
          &lt;value&gt;classpath:test.properties&lt;/value&gt;
        &lt;/list&gt;
      &lt;/property&gt;
   &lt;/bean&gt;
{code}",1402139460435
http://sealytics.github.io/ontologies/release-model#Bug-f96ccdff-3430-45a1-be51-9867a1bbdea4,"Hi Arni,

Can you submit a test case to help us for digging the issue?
",1397491900425
http://sealytics.github.io/ontologies/release-model#Bug-f96ccdff-3430-45a1-be51-9867a1bbdea4,Adding the fs.close() did not resolve the issue for me. I can still reproduce the behaviour.,1397491900425
http://sealytics.github.io/ontologies/release-model#Bug-f96ccdff-3430-45a1-be51-9867a1bbdea4,"You need to close the file input stream you open manually in your own code
{code}
			FileInputStream fs = new FileInputStream(f);
			fs.read();
{code}",1397491900425
http://sealytics.github.io/ontologies/release-model#Bug-f96ccdff-3430-45a1-be51-9867a1bbdea4,End user must closes all file he creates himself to ensure the JVM does not lock the file.,1397491900425
http://sealytics.github.io/ontologies/release-model#Bug-f96ccdff-3430-45a1-be51-9867a1bbdea4,I have attached CAMEL-7366.tar.gz to demonstrate the issue. The process function attempts a read which throws a java.io.FileNotFoundException,1397491900425
http://sealytics.github.io/ontologies/release-model#Bug-846819b6-5479-4213-b93e-9a1f8519d40a,"Please see this page for how to get help with Camel
http://camel.apache.org/support

You should follow the guides from this page, and use the user forum / mailinglist first to get help.
",1380185542057
http://sealytics.github.io/ontologies/release-model#Bug-5eab3fbf-b93e-4018-a952-ad35842d61ec,"From my understanding whenever we do a call to the camel cache component using  the following header: 

{code:xml}
&lt;setHeader headerName=&quot;CamelCacheOperation&quot;&gt;
	&lt;constant&gt;CamelCacheDeleteAll&lt;/constant&gt;
&lt;/setHeader&gt;
{code}

Is when the cache-backing file needs to change. In my case like [~jvz] that is not happening.",1408669907609
http://sealytics.github.io/ontologies/release-model#Bug-5eab3fbf-b93e-4018-a952-ad35842d61ec,So then I&apos;d assume this is an issue with EHCache specifically and not the component? Thanks for the help in pinning this down. I&apos;ll pursue that avenue.,1408669907609
http://sealytics.github.io/ontologies/release-model#Bug-5eab3fbf-b93e-4018-a952-ad35842d61ec,"Working as designed, we use the api of ehcache to remove all.",1408669907609
http://sealytics.github.io/ontologies/release-model#Bug-5eab3fbf-b93e-4018-a952-ad35842d61ec,When would I want it to happen? How about when I send the delete all command? I thought &quot;all&quot; would mean &quot;all&quot; and not &quot;all heap data&quot; or some other subset.,1408669907609
http://sealytics.github.io/ontologies/release-model#Bug-5eab3fbf-b93e-4018-a952-ad35842d61ec,"When would you expect the cache-backing file to change? AFAIK it will not happen immediately/synchronously, but when worker thread wakes or cache is shutdown: http://whatdidilearn2day.blogspot.no/2009/09/semantics-of-flushing-in-ehcache.html .

Do you call shutdown on the cache when your app/service terminates?",1408669907609
http://sealytics.github.io/ontologies/release-model#Bug-01c8d38f-1757-45ab-95bb-c136049b4abf,"I just added a new construction of  WSDLServiceFactoryBean to set the serviceClass as we went. 
Applied the patch into master and camel-2.13.x branch.",1403251267305
http://sealytics.github.io/ontologies/release-model#Bug-625edd63-e983-41bd-b75a-0ffd14d73374,thanks,1392402575669
http://sealytics.github.io/ontologies/release-model#Bug-625edd63-e983-41bd-b75a-0ffd14d73374,"CxfRsEndpoint updated to have a shared code for setting the common server &amp; client properties (providers, features, interceptors and properties)
- two tests added so far to validate the custom properties get injected; the test is failing and the help on getting them fixed will be appreciated; more tests will be added afterwards",1392402575669
http://sealytics.github.io/ontologies/release-model#Bug-625edd63-e983-41bd-b75a-0ffd14d73374,"The failed test is caused by AbstractCxfBeanDefinitionParser puts the beanId into properties map by default.
Applied the patch into camel master branch with thanks to Sergey.
",1392402575669
http://sealytics.github.io/ontologies/release-model#Bug-7dea8ec4-3b9c-4454-89ae-cd836dc13d2e,"Applied the patch into master, camel-2.12.x and camel-2.11.x branches.",1389600878661
http://sealytics.github.io/ontologies/release-model#Bug-1ae12cd2-dd7a-43ac-93c6-7ef012312378,Thanks for reporting and point to the bug in the source code.,1380898188828
http://sealytics.github.io/ontologies/release-model#Bug-fa68bf3b-c421-485c-a9bb-28b299f1f03f,Thanks,1395861634915
http://sealytics.github.io/ontologies/release-model#Bug-183c2f4a-c92c-4ef4-a05e-fa40ad22ea57,found same bug in CAMEL-7033,1397633756487
http://sealytics.github.io/ontologies/release-model#Bug-de12d25d-3f0f-4df6-97da-5f8131156ac5,Thanks for reporting and the patch.,1385048676623
http://sealytics.github.io/ontologies/release-model#Bug-c740a68e-ca73-4232-a905-c55f04ba6c55,A workaround is installing all features/bundles except mvn:org.springframework/spring-context/3.1.4.RELEASE.,1379880609978
http://sealytics.github.io/ontologies/release-model#Bug-f28fc98c-0d47-484c-9eb0-f2602fc48cbb,"Well, I prepared fix for my purposes. All tests passes. So, if there is no other problem you can include the patch to next release.",1380723172359
http://sealytics.github.io/ontologies/release-model#Bug-f28fc98c-0d47-484c-9eb0-f2602fc48cbb,Thanks for the patch.,1380723172359
http://sealytics.github.io/ontologies/release-model#Bug-453d7da9-5c6f-433d-94f3-547b806a1632,this is working since InputStream is an instance of InputStreamCache,1395675516390
http://sealytics.github.io/ontologies/release-model#Bug-453d7da9-5c6f-433d-94f3-547b806a1632,"this one does not work since the inputstream is instance of InputStreamCache , which is and ByteArrayInputStream and WrappedInputStream suppresses this info....",1395675516390
http://sealytics.github.io/ontologies/release-model#Bug-453d7da9-5c6f-433d-94f3-547b806a1632,"For the InputStream, we can not reset stream as we do for the ByteArrayInputStream, because the stream may be consumed and we cannot reread it again. 
As the the StreamCache can be reset when the message is routed to other processor, so I don&apos;t think we need to worry about reset the stream. Can you give a test case to show what kind of error you hit?
",1395675516390
http://sealytics.github.io/ontologies/release-model#Bug-3c590af6-1af1-475b-982a-dc1f1f008d90,Thanks for the patch. I polished it slightly.,1380023519777
http://sealytics.github.io/ontologies/release-model#Bug-fedfce39-7145-45f9-89a9-379de00a554e,"The problem is reproducible with a bean that implements Serializable and contains a BigDecimal or BigInteger as its only class member.

Yes, I realized that I do not have to have an explicit serialization step if I wanted to use object serialization as the wire format. The step was in my routes because previously I used JAXB serialization so I could look at the message via the ActiveMQ web frontend. ",1361120025115
http://sealytics.github.io/ontologies/release-model#Bug-fedfce39-7145-45f9-89a9-379de00a554e,All I had in the logs was the warning.,1361120025115
http://sealytics.github.io/ontologies/release-model#Bug-fedfce39-7145-45f9-89a9-379de00a554e,"Ralf, can you try on a more recent version of Camel, or at least take a look at the tests I&apos;ve published and let us know if this is still a problem?

Thanks!",1361120025115
http://sealytics.github.io/ontologies/release-model#Bug-fedfce39-7145-45f9-89a9-379de00a554e,"Christian, I looked at your test context and to me it looks like you should be able to reproduce the problem with it. Maybe there is a difference between running the context in the unit test and running it &quot;natively&quot; that influences the behavior? 

I am able to reproduce the problem with Camel 2.10.5 but not with 2.11.2.",1361120025115
http://sealytics.github.io/ontologies/release-model#Bug-fedfce39-7145-45f9-89a9-379de00a554e,Is there not more logging in the WARN ? eg a stacktrace or some more details.,1361120025115
http://sealytics.github.io/ontologies/release-model#Bug-fedfce39-7145-45f9-89a9-379de00a554e,Marking as resolved as its fixed in 2.11.2 onwards.,1361120025115
http://sealytics.github.io/ontologies/release-model#Bug-fedfce39-7145-45f9-89a9-379de00a554e,"So I cannot reproduce this. Ralf, if you can post your test-case that shows this, we can take a closer look. Or, you can have a look at my test case here:

camelContext:
https://github.com/christian-posta/camel-sandbox/blob/master/activemq-things/src/test/resources/META-INF/spring/unmarshal-warn-context.xml

testDriver:
https://github.com/christian-posta/camel-sandbox/blob/master/activemq-things/src/test/java/posta/UnmarshalActivemqTest.java",1361120025115
http://sealytics.github.io/ontologies/release-model#Bug-fedfce39-7145-45f9-89a9-379de00a554e,"When using java serialization make sure your objects is fully serializable. 
Are you sure TheBean is really that?

And you dont need the marshal/unmarshal as sending over JMS is object message by default.",1361120025115
http://sealytics.github.io/ontologies/release-model#Bug-7b45852b-f0ec-41a9-b716-81331d4cbf00,"Just a bit more.
The sftp server on test was an openssh on Windows. Now I tried with a sftp server on Linux and the behaviour is the same. The changes of the file are not detected.",1374699934802
http://sealytics.github.io/ontologies/release-model#Bug-7b45852b-f0ec-41a9-b716-81331d4cbf00,"I had a similar issue and stepped through the code. IMHO, it has to do with the end point&apos;s internal inprogressIdempotentRepository not clearing under certain circumstances.

The problem arise when you use have file names that do not change. In this case, you typically use the new custom idempotent key:

        from(&quot;ftp://&quot; + this.user
                + &quot;@&quot; + this.host
                + &quot;:&quot; + this.port
                + this.ftpDir.trim()
                + &quot;?password=&quot; + this.pass
                // Poll every minute
                + &quot;&amp;delay=60000&quot;
                // Site is Read-Only, so do not attempt any operation on remote FTP.
                // NOTE: This implies idempotent=true
                + &quot;&amp;noop=true&quot;
                // Add timestamp to the key, so that we only process files that are new
                + &quot;&amp;idempotentKey=${file:onlyname}-${file:size}-${date:file:yyyyMMddHHmmss}&quot;
                // Use PASV FTP
                + &quot;&amp;passiveMode=true&quot;).
                routeId(this.getClass().getSimpleName()).
                to(&quot;log:com.psi.camel?showAll=true&amp;multiline=true&quot;).
                to(&quot;file://&quot; + dir.getAbsolutePath()
                + &quot;?fileName=&quot; + fileName
                + &quot;&amp;autoCreate=true&quot;
                + &quot;&amp;fileExist=Override&quot;);

When the route executes the first time, all files are new (since its a memory based cache), and all is fine:
a) Filenames added to inprogress cache, 
b) custom idempotent keys added to end point idempotent cache, 
c) files processed
d) inprogress cache cleared.

When the route runs again,
a) Filenames added to inprogress cache, 
b) custom idempotent keys exists, 
c) files not processed
d) inprogress cache not cleared.

Hope this helps.

Thanks vm",1374699934802
http://sealytics.github.io/ontologies/release-model#Bug-7b45852b-f0ec-41a9-b716-81331d4cbf00,Added unit tests. Works fine on trunk. The file is picked up again if its changed such as length etc.,1374699934802
http://sealytics.github.io/ontologies/release-model#Bug-7b45852b-f0ec-41a9-b716-81331d4cbf00,"Still having problems using SFTP consumer. Trace the component gives no additional information.

Endpoint configuration:

sftp://username@host//dirname?delay=1800000&amp;disconnect=true&amp;fileName=FILENAME&amp;idempotentKey=$simple{file:name}-$simple{file:modified}-$simple{file:size}&amp;idempotentRepository=#fileStore&amp;maxMessagesPerPoll=1&amp;noop=true&amp;password=xxxxxx&amp;readLock=changed&amp;sortBy=file:modified

Log:
2013-10-21 15:26:57,921 TRACE SftpConsumer - SftpFile[fileName=FILENAME, longName=-rwxr-xr-x    1 User Group   1504500 Oct 21 12:16 FILENAME, dir=false]
2013-10-21 15:26:57,925 TRACE SftpConsumer - This consumer is idempotent and the file has been consumed before. Will skip this file: RemoteFile[dirname/FILENAME]

I tried both inMemory and file idempotent key repository but the behaviour is always the same. Looking in the file repository I can see the old key  that is different from that of the current file, but the consumer always says that the file has been consumed before.
",1374699934802
http://sealytics.github.io/ontologies/release-model#Bug-7b45852b-f0ec-41a9-b716-81331d4cbf00,Fixed by CAMEL-6936,1374699934802
http://sealytics.github.io/ontologies/release-model#Bug-7b45852b-f0ec-41a9-b716-81331d4cbf00,"As we say on the file/ftp component docs in the bottom
http://camel.apache.org/ftp2

Enable TRACE logging and see what happens on your system.",1374699934802
http://sealytics.github.io/ontologies/release-model#Bug-abbc0639-c9df-4ce4-8a56-47c88a09a5de,"GitHub user ccancellieri opened a pull request:

    https://github.com/apache/camel/pull/158

    fix CAMEL-7450: CsvDataFormat unable to setup header when useMaps=true

    https://issues.apache.org/jira/browse/CAMEL-7450
    
    Hi all,
    seems that it is impossible to setup the header of a csv when using a map.
    It is always used the first line of the CSV file.
    Using this configuration in conjunction with my patch I&apos;m currently able to do so (also having the skipFirstLine flag working with useMaps=&quot;true&quot;)
    Configuration:
    https://github.com/ccancellieri/camel_poc/blob/master/src/main/resources/META-INF/spring/camel-context.xml
    
    Is this acceptable for you?


You can merge this pull request into a Git repository by running:

    $ git pull https://github.com/ccancellieri/camel CAMEL-7450-master-CsvDataFormat-useMap

Alternatively you can review and apply these changes as the patch at:

    https://github.com/apache/camel/pull/158.patch

To close this pull request, make a commit to your master/trunk branch
with (at least) the following in the commit message:

    This closes #158
    
----
commit f31d52b97e79fa4bb9a688bddac5e63e4813719a
Author: carlo &lt;ccancellieri@hotmail.com&gt;
Date:   2014-05-20T16:30:32Z

    fix CAMEL-7450: CsvDataFormat unable to setup header when useMaps=true

----
",1400603350090
http://sealytics.github.io/ontologies/release-model#Bug-abbc0639-c9df-4ce4-8a56-47c88a09a5de,"Github user jfarrell closed the pull request at:

    https://github.com/apache/camel/pull/158
",1400603350090
http://sealytics.github.io/ontologies/release-model#Bug-abbc0639-c9df-4ce4-8a56-47c88a09a5de,"Just added (andh squashed into one push) JUnit test to speedup the acceptance process.
Please check again the pull req.",1400603350090
http://sealytics.github.io/ontologies/release-model#Bug-abbc0639-c9df-4ce4-8a56-47c88a09a5de,"Merged the PR into camel master, camel-2.13.x and camel-2.12.x branches with thanks to Carlo.",1400603350090
http://sealytics.github.io/ontologies/release-model#Bug-abbc0639-c9df-4ce4-8a56-47c88a09a5de,"The pull req is here:
https://github.com/apache/camel/pull/158",1400603350090
http://sealytics.github.io/ontologies/release-model#Bug-952d8a76-d7e7-4794-9856-08f022a99ab6,"Wprlomg as designed, see answer
http://stackoverflow.com/questions/19494791/apache-camel-using-stream-and-oncompletion",1382428689754
http://sealytics.github.io/ontologies/release-model#Bug-23774856-da6d-4d05-b5b6-d914782f15b5,There is a joinTransaction option you can set to false.,1393957021469
http://sealytics.github.io/ontologies/release-model#Bug-23774856-da6d-4d05-b5b6-d914782f15b5,It&apos;s the change of CAMEL-5932. Please feel free to provide patch for it.,1393957021469
http://sealytics.github.io/ontologies/release-model#Bug-23774856-da6d-4d05-b5b6-d914782f15b5,"Hi,

Just tested the fix. Now the call to joinTransaction is ommited, however there&apos;s a later call to EntityManager.flush(), which also requires a transaction. This call is at JpaConsumer:137

To my understanding the problem is a bit more generic and the fix to ommit the joinTransaction call is not enough. What is visible from the code is that the polling is done inside a TransactionTemplate with TransactionRequired behavior. This is seen at JpaEndpoint:280, where the method createTransactionTemplate is overriden and that is called at JpaConsumer:82 to create the transaction template. Now the problem is that a TransactionStatus which says that there&apos;s a new transaction is obtained from the TransactionManager at TransactionTemplate:128, no call to EntityManager.getTransaction().begin() is ever made. This leaves the entity transaction with no real jdbc transaction and the later call to EntityManager.flush just fails.

An alternative would be to ommit the call to flush() and execute the call withouth any transaction similarly to how call is ommited for joinTransaction. However this more or less mangles the semantics of the transaction template with &quot;required&quot; behavior

",1393957021469
http://sealytics.github.io/ontologies/release-model#Bug-23774856-da6d-4d05-b5b6-d914782f15b5,Yeah maybe we should have an option on the component you can turn on|off to control if join should be called or not?,1393957021469
http://sealytics.github.io/ontologies/release-model#Bug-fa27f4e9-4002-4d80-b1a0-ae606146b8c0,Attaching patch to disable clearing &apos;Name&apos; field for update/upsert,1385576182220
http://sealytics.github.io/ontologies/release-model#Bug-fa27f4e9-4002-4d80-b1a0-ae606146b8c0,Thanks for the patch,1385576182220
http://sealytics.github.io/ontologies/release-model#Bug-934b4b89-b132-4af9-a4f4-62baabc2fbcc,"Applied patch into trunk, camel-2.12.x and camel-2.11.x branches.",1394161733059
http://sealytics.github.io/ontologies/release-model#Bug-057e96cc-1411-47a9-a396-426bde245348,"Reproduction repository at https://github.com/ewerk/bug-report_camel-bridge-property-placeholder-parser

Run {{gradle test}} to reproduce, switch to branch &quot;split&quot; to see the workaround of using distinct property placeholders for Spring and Camel.",1410789035482
http://sealytics.github.io/ontologies/release-model#Bug-baf0abd9-6370-4a8e-9347-c16ec4a04377,"Yeah as there is a code change in redelivery error handler it affects *every* component in Camel. I wonder if the fix should not be in the fallback error handler, which is used for handling errors in error handlers. IMHO at first though that would see as a better solution.",1386593659627
http://sealytics.github.io/ontologies/release-model#Bug-baf0abd9-6370-4a8e-9347-c16ec4a04377,What should happen in this case ?,1386593659627
http://sealytics.github.io/ontologies/release-model#Bug-baf0abd9-6370-4a8e-9347-c16ec4a04377,"Sorry, wrong jira number in commit message... It&apos;s not CAMEL-7050 it&apos;s CAMEL-7015",1386593659627
http://sealytics.github.io/ontologies/release-model#Bug-baf0abd9-6370-4a8e-9347-c16ec4a04377,"GitHub user adessaigne opened a pull request:

    https://github.com/apache/camel/pull/192

    CAMEL-7050 Added completionMaxTimeout option

    

You can merge this pull request into a Git repository by running:

    $ git pull https://github.com/adessaigne/camel CAMEL-7015

Alternatively you can review and apply these changes as the patch at:

    https://github.com/apache/camel/pull/192.patch

To close this pull request, make a commit to your master/trunk branch
with (at least) the following in the commit message:

    This closes #192
    
----
commit 99b52e4b471958aec4ac48f9162270d3f9febb60
Author: Antoine DESSAIGNE &lt;antoine.dessaigne@gmail.com&gt;
Date:   2014-06-23T08:48:53Z

    CAMEL-7050 Added completionMaxTimeout option

commit 620ebcc249d5a0376c3a4e5369e58e1779d42c73
Author: Antoine DESSAIGNE &lt;antoine.dessaigne@gmail.com&gt;
Date:   2014-06-23T08:55:15Z

    CAMEL-7050 codestyle

----
",1386593659627
http://sealytics.github.io/ontologies/release-model#Bug-baf0abd9-6370-4a8e-9347-c16ec4a04377,"Once again, sorry about the wrongly named commits that made the ASF bot commenting this issue.

As I said in my previous comment, I&apos;m not really confident with this PR, I tried to fix it in order to learn the redelivery mechanisms. I can easily close this PR, if you think it&apos;s not the right way to go.",1386593659627
http://sealytics.github.io/ontologies/release-model#Bug-baf0abd9-6370-4a8e-9347-c16ec4a04377,"Well as you can see from the attached test case, I&apos;d expect the message to be routed to the default ActiveMQ dead letter queue or the endpoint specific dead letter queue, rather than simply being discarded.",1386593659627
http://sealytics.github.io/ontologies/release-model#Bug-baf0abd9-6370-4a8e-9347-c16ec4a04377,"[~antoine.dessaigne] thanks for the PR. But please do *NOT* do any code formatting changes on the existing code as the code format should be left as-is. We only want patches that has code changes about the issue it fixes/improves etc. That makes it easier to see what is changed and why.

Do you mind doing a new PR without any of the code formatting, and it only has the JMS changes?",1386593659627
http://sealytics.github.io/ontologies/release-model#Bug-baf0abd9-6370-4a8e-9347-c16ec4a04377,"I just did some debugging of the code, it looks like in the deliverToFailureProcessor(), camel always set the shouldHandle to be true if  deadLetterChannel. So that means the exception which is throw from the deadLetterChannel will be eaten by this fallback error handler.
{code}
        // always handle if dead letter channel
        final boolean shouldHandle = isDeadLetterChannel || shouldHandled(exchange, data);
{code}
DeadLetterChannel always set the HandledPredicate to be true, it&apos;s made the shouldHandled(exchange, data) always return two.

If we can override the this two parameters through the DeadLetterBuilder, we could let the fallback error handler to handle the exception which is thrown from dead letter endpoint.",1386593659627
http://sealytics.github.io/ontologies/release-model#Bug-baf0abd9-6370-4a8e-9347-c16ec4a04377,"Ah the JMS is this PR
https://github.com/apache/camel/pull/190.patch",1386593659627
http://sealytics.github.io/ontologies/release-model#Bug-baf0abd9-6370-4a8e-9347-c16ec4a04377,"I&apos;ve a pull request for this issue : https://github.com/apache/camel/pull/190

The tests pass, but I&apos;m not really confident with it",1386593659627
http://sealytics.github.io/ontologies/release-model#Bug-baf0abd9-6370-4a8e-9347-c16ec4a04377,"As the DeadLetterChannel suppose to be the last endpoint for accepting the message which cannot be route, so it just ignore the exception. But it cause some trouble if camel  DeadLetterChannel get exception when it deliver the message to the endpoint.

I just added checkException dsl in DeadLetterChannelBuilder in Camel-2.14, so deadLetterChannel can let the default error handler check the exception for it.

The work around is using other error hander instead of DeadLetterChannel to handle the message.",1386593659627
http://sealytics.github.io/ontologies/release-model#Bug-baf0abd9-6370-4a8e-9347-c16ec4a04377,"Github user adessaigne closed the pull request at:

    https://github.com/apache/camel/pull/190
",1386593659627
http://sealytics.github.io/ontologies/release-model#Bug-019f7345-73ec-42d3-b8b1-639113e351a0,"To listen for UDP multicast addresses, I think the code may have to do some different logic when binding to the IP address.  I found this link on the web which may have code that is relevant (http://web.archiveorange.com/archive/v/z6Mf9AWgO1zZ4z3SHvGs)

The camel-netty code currently does this for UDP non-mulicast address (e.g. localhost).  This is in the SingleUDPNettyServerBootstrapFactory.java source file.

Channel channel = connectionlessBootstrap.bind(hostAddress);

I think for UDP multicast address (e.g. 225.1.1.1), it needs to join a group on a particular network interface.  It might looks something like this:

DatagramChannel channel = (DatagramChannel)connectionlessBootstrap.bind(hostAddress);
String networkInterface = configuration.getNetworkInterface() == null ? LOOPBACK_INTERFACE : configuration.getNetworkInterface();
NetworkInterface multicastNetworkInterface = NetworkInterface.getByName(networkInterface);
channel.joinGroup(hostAddress, multicastNetworkInterface);

I think the implication here is that the user might have to specify an interface name as an option of the camel-netty component when using a UDP multicast address.
",1374172189258
http://sealytics.github.io/ontologies/release-model#Bug-019f7345-73ec-42d3-b8b1-639113e351a0,Thanks for the patch.,1374172189258
http://sealytics.github.io/ontologies/release-model#Bug-019f7345-73ec-42d3-b8b1-639113e351a0,"Pull request:
https://github.com/apache/camel/pull/31

Pull request developer discussion topic:
http://camel.465427.n5.nabble.com/camel-pull-request-CAMEL-6563-Added-networkInterface-option-and-added-logi-td5735874.html",1374172189258
http://sealytics.github.io/ontologies/release-model#Bug-019f7345-73ec-42d3-b8b1-639113e351a0,"Github user patels3 closed the pull request at:

    https://github.com/apache/camel/pull/31
",1374172189258
http://sealytics.github.io/ontologies/release-model#Bug-75032ddc-409b-44f6-b283-b7b8066680b2,"After some pause (forgot about this ticket), I thought about those options again.
Since some of the CXF payload conversion methods and NodeList conversion methods assume the body (of the CxfPayload) to be not null, option 3 will require many changes in those converters to avoid NPE. Option 1 would introduce a redundant way of creating an empty cxf payload (either passing null or an empty list). So, I think we can opt for option 2 and change the getPayloadBodyElements method so that normal scenarios resulting a null camel body will not result in NPE at cxf payload instantiation.


",1386961739782
http://sealytics.github.io/ontologies/release-model#Bug-2c88495c-73d7-460c-90aa-a329bc26dd6c,"Applied the patch into master, camel-2.12.x and camel-2.11.x branches.",1382534352360
http://sealytics.github.io/ontologies/release-model#Bug-4ed87c29-15be-4b6e-99d6-76eeef4606d1,Attached unit tests. Testcases testInOut() and testInOnly() are passing whereas testEnrich() is failing.,1404357344289
http://sealytics.github.io/ontologies/release-model#Bug-4ed87c29-15be-4b6e-99d6-76eeef4606d1,"Applied the patch into master, camel-2.13.x and camel-2.12.x branches.",1404357344289
http://sealytics.github.io/ontologies/release-model#Bug-b33c7c71-4953-4906-9456-3f4af2f962fd,Thanks for reporting. The fileLock is now released eager so the file can be deleted.,1379242547445
http://sealytics.github.io/ontologies/release-model#Bug-7b45b94b-b9f7-44c3-b029-9b61575d3792,"hi Cecilio,
initially i thought you were just using a broken xml (as your input xml pasted on this ticket had the attributes not quoted and the LIBRARY elements prematurely terminated), but there seems to be a real issue in the tokenizer when a tokenized block itself contains at least one self-terminated child. So we need to fix this issue.
thanks.
regards, aki",1383727455970
http://sealytics.github.io/ontologies/release-model#Bug-7b45b94b-b9f7-44c3-b029-9b61575d3792,"Hi,

the quotation marks is &lt;?xml version=&quot;1.0&quot; encoding=&quot;utf-8&quot;?&gt;
the parsing exception is throws each time a &quot;library&quot; contains a &quot;book&quot; tag without the closing &lt;/BOOK&gt; tag, this wasn&apos;t a problem in camel 2.11.0.
I have to ask if I can put the original XML. But it&apos;s the same but with different tags names.

Thanks.
Cecilio Alvarez.",1383727455970
http://sealytics.github.io/ontologies/release-model#Bug-7b45b94b-b9f7-44c3-b029-9b61575d3792,"Hi Cecilio,
I just committed the fix for this issue into trunk, 2.12.x, and 2.11.x.
I included a test case that resembles your example, so I hope this fix will resolve your issue.
If you can test it with your example, that would be great.
thanks.
regards, aki",1383727455970
http://sealytics.github.io/ontologies/release-model#Bug-7b45b94b-b9f7-44c3-b029-9b61575d3792,"hi,
i can look into this.
but could you attach the input file to this jira ticket?
your pasted xml is missing the quotation marks and it does&apos;t look like the input you are actually using.
and where are you getting the parsing exception?

thanks.
aki",1383727455970
http://sealytics.github.io/ontologies/release-model#Bug-7010ab47-1e99-490c-8cee-c638c2db169b,Patch attached for CAMEL-6839,1381251975117
http://sealytics.github.io/ontologies/release-model#Bug-7010ab47-1e99-490c-8cee-c638c2db169b,Applied the patch into master and camel-2.12.x with thanks to Dhiraj.,1381251975117
http://sealytics.github.io/ontologies/release-model#Bug-b73c47f4-d457-4fb7-960a-c1fae6f2a425,https://github.com/apache/camel/pull/44,1379272224785
http://sealytics.github.io/ontologies/release-model#Bug-b73c47f4-d457-4fb7-960a-c1fae6f2a425,Should a new set be returned or can you return a Collections.EMPTY_SET instead?,1379272224785
http://sealytics.github.io/ontologies/release-model#Bug-b73c47f4-d457-4fb7-960a-c1fae6f2a425,"this is due to the fact that CamelBeanContext return null for getStereotypes, it should return an empty set",1379272224785
http://sealytics.github.io/ontologies/release-model#Bug-b73c47f4-d457-4fb7-960a-c1fae6f2a425,"Your patch has been applied to master, 2.12, and 2.11 branches.",1379272224785
http://sealytics.github.io/ontologies/release-model#Bug-b73c47f4-d457-4fb7-960a-c1fae6f2a425,"I&apos;ll check the code to see if an EMPTY_SET would work also
should the fix be also ported back to 2.12 and 2.11?",1379272224785
http://sealytics.github.io/ontologies/release-model#Bug-a783bd11-d4de-4c11-a0ec-9464afac7b1f,You need to use .routeId to set the id of the route,1408271078725
http://sealytics.github.io/ontologies/release-model#Bug-a783bd11-d4de-4c11-a0ec-9464afac7b1f,"See
org.apache.camel.scala.dsl.RouteIdTest",1408271078725
http://sealytics.github.io/ontologies/release-model#Bug-a783bd11-d4de-4c11-a0ec-9464afac7b1f,"Yeah its not there in the DSL, which we should add.",1408271078725
http://sealytics.github.io/ontologies/release-model#Bug-a783bd11-d4de-4c11-a0ec-9464afac7b1f,"That&apos;s what http://camel.apache.org/scala-dsl-getting-started.html also suggests but there is no {{routeId}} method in the Scala DSL, at least not in version {{2.13.2}}.",1408271078725
http://sealytics.github.io/ontologies/release-model#Bug-76cfac8f-54d0-48b3-8668-78c94e5ac6ed,Ah there&apos;re bunch of other places of {{ProducerCache}} where this should be fixed as well so why reopening the ticket.,1383942831051
http://sealytics.github.io/ontologies/release-model#Bug-c5a2f4cb-6a43-4bc8-bc83-71a3ffc3451d,Also polished camel-jetty,1382032824248
http://sealytics.github.io/ontologies/release-model#Bug-2dfbc096-907f-4ad8-ac38-44d0144de329,I just updated the file2 wiki page with thanks to Andrzej.,1384257767783
http://sealytics.github.io/ontologies/release-model#Bug-3fc1a289-a949-4076-b19f-e27acdebb424,"You can set the command arguments as a header, or use the RAW() syntax in the endpoint uri

The header is ExecBinding.EXEC_COMMAND_ARGS
http://camel.apache.org/exec

And the raw is documented here
http://camel.apache.org/how-do-i-configure-endpoints.html",1405919055760
http://sealytics.github.io/ontologies/release-model#Bug-7fe3d34c-f1a7-4b5b-9de7-018efda27333,"This is a bit more tricky, as we would need to create the entity manager per exchange, and also deal with transactions for idempotent consumer / producer / consumer etc.",1397479580685
http://sealytics.github.io/ontologies/release-model#Bug-7fe3d34c-f1a7-4b5b-9de7-018efda27333,"Yeah we should likely use the factory to create an entity manager instance and use that, and then close it after use. ",1397479580685
http://sealytics.github.io/ontologies/release-model#Bug-7fe3d34c-f1a7-4b5b-9de7-018efda27333,This should apply for anything but the consumer (as the consumer is single threaded),1397479580685
http://sealytics.github.io/ontologies/release-model#Bug-6cefb025-7072-45cb-b5b6-2f1c8a81c142,"Hmm openjpa should really not be there, as people should install their JPA implementation of choice. So if they want to use something else such as EclipseLink or Hibernate then OpenJPA should not be installed out of the box.",1397812303413
http://sealytics.github.io/ontologies/release-model#Bug-6cefb025-7072-45cb-b5b6-2f1c8a81c142,Good point. I should have spotted that myself :).  ,1397812303413
http://sealytics.github.io/ontologies/release-model#Bug-8fd2db1f-e579-42d5-b421-14f4a2068b9f,"Works fine for me.

Can you use the user forum / user mailing list for getting help. 

See
http://camel.apache.org/discussion-forums.html
http://camel.apache.org/support",1393388688859
http://sealytics.github.io/ontologies/release-model#Bug-28e3b6be-890c-439f-9cbb-52306ff90853,"Applied the patch into camel master, camel-2.13.x and camel-2.12.x branches with thanks to Knut-Olav.",1395310576661
http://sealytics.github.io/ontologies/release-model#Bug-274bd5c1-92d8-4160-bc03-473010ffaf0a,"Hi Christian,

using BrowsableEndpoint like below works as expected (browsing mode, messages not removed, consuming stopped and null is sent when all messages are consumed):

my route:

from(timerEndpoint).bean(myConsumer);

from(directEndpoint) ...

myConsumer class:

.  ..
@Handler
public void onEvent() throws Exception
{
   this.producerTemplate.start();

   for (Exchange exchange : this.browsableEndpoint.getExchanges())
   {
      this.producerTemplate.send(this.directEndpoint, exchange);
   }

   this.producerTemplate.sendBody(this.directEndpoint, null);

   this.producerTemplate.stop();
}

I thinks one can&apos;t read from amqp queue in browsing mode with camel polling consumer, because it technically makes new connection with every poll, which simply forces amqp to start from first message. Solution would be use one connection for polling.

P.S. Are you actually assigned to the bug? It is Unassigned to me.",1380121418873
http://sealytics.github.io/ontologies/release-model#Bug-274bd5c1-92d8-4160-bc03-473010ffaf0a,"Hi Christian,

thanks for answer, please see below how my code looks like.

In my RouteBuilder constructor:

this.timer = new TimerComponent();
getContext().addComponent(&quot;timer&quot;, this.timer);

this.amqpComponent = (AMQPComponent) AMQPComponent.amqpComponent(&quot;amqp://admin:admin@localhost/test?brokerlist=&apos;tcp://localhost:10315&apos;&quot;);
getContext().addComponent(&quot;amqp&quot;, this.amqpComponent);

this.directComponent = new DirectComponent();
getContext().addComponent(&quot;direct&quot;, this.directComponent);

In my RouteBuilder configure:

Endpoint timerEndpoint = this.timer.createEndpoint(&quot;timer:MyTimer?delay=0&amp;repeatCount=1&quot;);
Endpoint amqpEndpoint = this.amqpComponent.createEndpoint(&quot;amqp:queue:broadcast.MyTopic.MyQueue&quot;);
Endpoint directEndpoint = this.directComponent.createEndpoint(&quot;direct:MyDirect&quot;);

MyPollingConsumer myConsumer = new MyPollingConsumer(amqpEndpoint, directEndpoint);

from(timerEndpoint).bean(myConsumer);
from(directEndpoint) ...

MyPollingConsumer:

public class LoaderPollingConsumer
{
    private PollingConsumer pollingConsumer = null;
    private ProducerTemplate producerTemplate = null;

    public LoaderPollingConsumer(Endpoint amqpEndpoint, Endpoint directEndpoint) throws Exception
    {
        this.pollingConsumer = amqpEndpoint.createPollingConsumer();

        ProducerTemplate directEndpointProducerTemplate = directEndpoint.getCamelContext().createProducerTemplate();
        directEndpointProducerTemplate.setDefaultEndpoint(directEndpoint);
        this.producerTemplate = directEndpointProducerTemplate;
    }

    @Handler
    public void onEvent() throws Exception
    {
        this.producerTemplate.start();

        while (true)
        {
            Exchange exchange = this.pollingConsumer.receiveNoWait();

           if (exchange != null)
           {
                this.producerTemplate.send(exchange);
            }
           else
           {
                this.producerTemplate.sendBody(null);
                break;
            }
        }

        this.producerTemplate.stop();
    }
}

&quot;AMQP component uses the JMS component under the covers (which uses Spring DMLC)... I don&apos;t think you can force the DMLC to do a browse as it&apos;s event driven and a browse is a static snapshot&quot;

I thinks one can read in browsing mode with event-driven route, but can&apos;t with polling consumer, because polling consumer technically makes new connection with every poll, which simply forces amqp to start from first message.

&quot;Or try using the BrowsableEndpoint like this&quot;

I will try (probably this week) and write back about results.",1380121418873
http://sealytics.github.io/ontologies/release-model#Bug-274bd5c1-92d8-4160-bc03-473010ffaf0a,"Glad you found something that works.

I haven&apos;t assigned to myself yet, but I do have it under watch. I will take a deeper look at what it&apos;s doing when I get a sec. At that time I can assign it to myself :)",1380121418873
http://sealytics.github.io/ontologies/release-model#Bug-274bd5c1-92d8-4160-bc03-473010ffaf0a,"Or try using the BrowsableEndpoint like this:

BrowseableEndpoint endpoint = camelContext.getEndpoint(&quot;amqp:queue:ping&quot;, BrowseableEndpoint.class); 
int messageCount = endpoint.getExchanges().size(); 

AMQP component uses the JMS component under the covers (which uses Spring DMLC)... I don&apos;t think you can force the DMLC to do a browse as it&apos;s event driven and a browse is a static snapshot. The BrowsableEndpoint does allow you to take a browse of the queue into a static snapshot and process each exchange as you&apos;d wish.

If that helps, then we can close this JIRA.",1380121418873
http://sealytics.github.io/ontologies/release-model#Bug-274bd5c1-92d8-4160-bc03-473010ffaf0a,Can you show your complete route? Or code that uses polling consumer?,1380121418873
http://sealytics.github.io/ontologies/release-model#Bug-78050a16-71b6-4b12-a8b2-fb0af13d7576,Applied the patch into camel-2.12.x and master branches.,1390921489490
http://sealytics.github.io/ontologies/release-model#Bug-78050a16-71b6-4b12-a8b2-fb0af13d7576,"Thomas, are you working on a patch?",1390921489490
http://sealytics.github.io/ontologies/release-model#Bug-d64927d5-7c08-43ad-818a-3a248477837a,"Applied the patch into master, camel-2.13.x and camel-2.12.x.",1394784380876
http://sealytics.github.io/ontologies/release-model#Bug-d64927d5-7c08-43ad-818a-3a248477837a,"OK, will do, thanks.",1394784380876
http://sealytics.github.io/ontologies/release-model#Bug-d64927d5-7c08-43ad-818a-3a248477837a,"I updated the document of the remove option. After going through the code,  the options of  family and qualifier is a bug of camel hbase.",1394784380876
http://sealytics.github.io/ontologies/release-model#Bug-d64927d5-7c08-43ad-818a-3a248477837a,"Hi LiuGang

I just committed a quick fix for the first issue the hbase consumer.
Please check out the latest SNAPSHOt for verification.

Regards,

Willem",1394784380876
http://sealytics.github.io/ontologies/release-model#Bug-d64927d5-7c08-43ad-818a-3a248477837a,I saw the new option. thanks.,1394784380876
http://sealytics.github.io/ontologies/release-model#Bug-c7b34609-97f6-4727-91a8-ac7a71ec1ab2,"I just committed a patch into camel master, camel-2.12.x and camel-2.11.x branches to fix the NPE issue in the OsgiClassResolver.",1393847936796
http://sealytics.github.io/ontologies/release-model#Bug-cfe7605d-4d80-4b56-9ef0-7dc10b6533d7,"We need to check if the exchange has the exception before throw it.
I just committed a patch for it into master, camel-2.12.x and camel-2.11.x.",1393538404312
http://sealytics.github.io/ontologies/release-model#Bug-799a2c13-f7cd-4f3b-9d42-8588537e83cb,"It should be &quot;consumer.delay&quot; not &quot;delay&quot;. 
You can find more information about it [here|http://camel.apache.org/polling-consumer.html].",1407649539719
http://sealytics.github.io/ontologies/release-model#Bug-799a2c13-f7cd-4f3b-9d42-8588537e83cb,Thank you [~njiang] :),1407649539719
http://sealytics.github.io/ontologies/release-model#Bug-799a2c13-f7cd-4f3b-9d42-8588537e83cb,"Thanks [~njiang] but please re-update the example code: consumer.delay=5 means  5 milliseconds, not 5 seconds as intended.",1407649539719
http://sealytics.github.io/ontologies/release-model#Bug-799a2c13-f7cd-4f3b-9d42-8588537e83cb,I just updated the example code to consumer.delay=5000.,1407649539719
http://sealytics.github.io/ontologies/release-model#Bug-799a2c13-f7cd-4f3b-9d42-8588537e83cb,I just updated the wiki page example code.,1407649539719
http://sealytics.github.io/ontologies/release-model#Bug-dc206394-1529-4e22-8f25-ebea9bc4f2ac,"Jose already provides a solution in the thread, so I just apply the patch into master branch with thanks to Jose.",1402552116362
http://sealytics.github.io/ontologies/release-model#Bug-dc206394-1529-4e22-8f25-ebea9bc4f2ac,"hey guys, I see the code has already been committed ;) - was just about to work on this (only just refreshed the JIRA page). Thanks a mil!",1402552116362
http://sealytics.github.io/ontologies/release-model#Bug-dc206394-1529-4e22-8f25-ebea9bc4f2ac,Committed the patch with thanks to Jose into master and camel-2.13.x branch.,1402552116362
http://sealytics.github.io/ontologies/release-model#Bug-70fec9ab-984f-404b-975d-af92738650b8,"Applied patch into master, camel-2.12.x and camel-2.11.x branches.",1389582016336
http://sealytics.github.io/ontologies/release-model#Bug-0593083e-dd49-4500-86ed-e7bca7a1994f,"Alexey, have a look please at a basic provider, CxfPayloadProvider. It&apos;s a message body writer only. 

I&apos;m not attaching it as a patch but only as an example of how it can be easily handled in cases where you have the existing code converting the data into CxfPayload and expecting it be handled at the JAX-RS path.

Right now, this provider expects CxfPayload has a single JAXP Source part. This can be easily enhanced for multiple sources be supported.",1392216861535
http://sealytics.github.io/ontologies/release-model#Bug-0593083e-dd49-4500-86ed-e7bca7a1994f,"Hi Willem,

But camel-jetty sent CxfPayload without conversion",1392216861535
http://sealytics.github.io/ontologies/release-model#Bug-0593083e-dd49-4500-86ed-e7bca7a1994f,"Hi Alexey,

&quot;No message body writer has been found for response class CxfPayload&quot; is the warning of JAXRSOutInterceptor, as it doesn&apos;t know anything about the CxfPayload Message which is only used by camel-cxf (which deal with the soap message).

I just checked the test case, you need to turn the response of cxf which body is CxfPayload to the object which CXFRS can understand, then cxfrs consumer can return the response to the client.
{code}
from(cxfrs consumer).setBody().to(cxf producer).convertBodyTo(String.class);
{code}

Regards,

Willem",1392216861535
http://sealytics.github.io/ontologies/release-model#Bug-0593083e-dd49-4500-86ed-e7bca7a1994f,"camel-jetty turns the response object into a string as a fallback, we cannot do that in camel-cxfrs consumer.",1392216861535
http://sealytics.github.io/ontologies/release-model#Bug-0593083e-dd49-4500-86ed-e7bca7a1994f,"Hi Sergey,
It works fine - thanks!",1392216861535
http://sealytics.github.io/ontologies/release-model#Bug-0593083e-dd49-4500-86ed-e7bca7a1994f,It just a misunderstanding of camel-cxf and camel-cxfrs.,1392216861535
http://sealytics.github.io/ontologies/release-model#Bug-0593083e-dd49-4500-86ed-e7bca7a1994f,Can be cxfrs configured to handle CxfPayload without conversion?,1392216861535
http://sealytics.github.io/ontologies/release-model#Bug-89749e0b-ac72-4cf4-8a96-ba9736db80a1,"As I mentioned in the initial description, call to getException(Exception.class) is used in interpreter of \@ExchangeException annotation.
I guess this annotation should be equivalent of Exchange.getException().",1387202599522
http://sealytics.github.io/ontologies/release-model#Bug-89749e0b-ac72-4cf4-8a96-ba9736db80a1,"This is strange way to solve that. Should not we (application developers) use exception wrapping? 
Please note this method is used By ExchangeExceptionannotation. ",1387202599522
http://sealytics.github.io/ontologies/release-model#Bug-89749e0b-ac72-4cf4-8a96-ba9736db80a1,"Collections.reverse(tree) is used to make sure we can get the first cause of exception in the catch() DSL and ErrorHandler.
Here are the Javadoc of the Exchange.getException(Class&lt;T&gt; type)
{code}
/**
     * Returns the exception associated with this exchange.
     * &lt;p/&gt;
     * Is used to get the caused exception that typically have been wrapped in some sort
     * of Camel wrapper exception
     * &lt;p/&gt;
     * The strategy is to look in the exception hierarchy to find the first given cause that matches the type.
     * Will start from the bottom (the real cause) and walk upwards.
     *
     * @param type the exception type
     * @return the exception (or &lt;tt&gt;null&lt;/tt&gt; if no caused exception matched)
     */
    &lt;T&gt; T getException(Class&lt;T&gt; type);
{code}",1387202599522
http://sealytics.github.io/ontologies/release-model#Bug-89749e0b-ac72-4cf4-8a96-ba9736db80a1,"As an application developer, you can just use Exchange.getException() to access the exception.",1387202599522
http://sealytics.github.io/ontologies/release-model#Bug-a739197a-3bf5-4376-a54f-f255611915da,So we had to use a private timer per producer as using a shared is not possible.,1398346949777
http://sealytics.github.io/ontologies/release-model#Bug-a739197a-3bf5-4376-a54f-f255611915da,"There is an issue in Netty which prevents this.
https://github.com/netty/netty/issues/2424",1398346949777
http://sealytics.github.io/ontologies/release-model#Bug-6a6c5ef6-f188-4001-af38-4f623ff4f961,"Can you help me understand what from the amp spec leads you to belief it is not a good idea?  And why is it good for the consumer to do this and not the producer? If anything I would think it would be the other way around...

It&apos;s also not just amqp... This is a rabbit component not an amqp component (only) so I would think how rabbit behaves would be equally important... Eg black holing messages and no indication from this component that anything is amiss... 



Sent from my iPhone


",1385235240243
http://sealytics.github.io/ontologies/release-model#Bug-6a6c5ef6-f188-4001-af38-4f623ff4f961,"The consumer class already has this capability...

        channel.exchangeDeclare(endpoint.getExchangeName(),
                endpoint.getExchangeType(),
                endpoint.isDurable(),
                endpoint.isAutoDelete(),
                new HashMap&lt;String, Object&gt;());

        // need to make sure the queueDeclare is same with the exchange declare
        channel.queueDeclare(endpoint.getQueue(), endpoint.isDurable(), false,
                endpoint.isAutoDelete(), null);
        channel.queueBind(
                endpoint.getQueue(),
                endpoint.getExchangeName(),
                endpoint.getRoutingKey() == null ? &quot;&quot; : endpoint
                        .getRoutingKey());

which doesn&apos;t seem like a lot of code to add... If anything, the producer side is more sensitive to exchanges and queues not being there, since if a producer sends a message to an exchange without a queue being there, it gets black holed by RabbitMQ (which means messages get lost).

You cannot control the order of startup of components OUTSIDE of camel, so consumers that don&apos;t run in camel but still want to read messages from producers inside camel, might start after camel in some cases.

Can this please be revisited?",1385235240243
http://sealytics.github.io/ontologies/release-model#Bug-6a6c5ef6-f188-4001-af38-4f623ff4f961,"I  just spent some to go though the AMQP specification. The producer (Publisher application) know nothing about the Message Queue, it just need to specify the Exchange or the RoutingKey and AMQP broker take care of the it. 
From this point I don&apos;t think let Producer to declare the queue or exchange is a good idea.",1385235240243
http://sealytics.github.io/ontologies/release-model#Bug-6a6c5ef6-f188-4001-af38-4f623ff4f961,"RabbitMQ Producer should not be in charge of declaring the Exchange and Queue, as there are lots of to declare the exchange and declare queue and bind the queue. 
BTW you can avoid to start the producer earlier by using using [starting order|http://camel.apache.org/configuring-route-startup-ordering-and-autostartup.html#Configuringroutestartuporderingandautostartup-Configuringstartingorderforroutes]",1385235240243
http://sealytics.github.io/ontologies/release-model#Bug-0f3aeefb-02a3-4111-8d73-164653d97706,"Fixed with commit 4fceb6a18cf57a5694a4d99be395b060e8bf3ea3,
merged commit in 2.13.x and master for 2.14.0",1398723402178
http://sealytics.github.io/ontologies/release-model#Bug-0f3aeefb-02a3-4111-8d73-164653d97706,Fixed with commit 4fceb6a18cf57a5694a4d99be395b060e8bf3ea3,1398723402178
http://sealytics.github.io/ontologies/release-model#Bug-bb8c7da3-e07f-4e4b-929e-3ef95ecaa080,Fixed on camel-2.12.x: d89e76f816acef449610291629759ae86fb7a602,1384877767814
http://sealytics.github.io/ontologies/release-model#Bug-bb8c7da3-e07f-4e4b-929e-3ef95ecaa080,Fixed on camel-2.11.x: 3c6b6c57880aa8e7142af684b71faeea83318935,1384877767814
http://sealytics.github.io/ontologies/release-model#Bug-bb8c7da3-e07f-4e4b-929e-3ef95ecaa080,Fixed on master: 33f1fca0ce3895f6f21226c1e52fdb78a533acd7,1384877767814
http://sealytics.github.io/ontologies/release-model#Bug-bb8c7da3-e07f-4e4b-929e-3ef95ecaa080,Fixed on camel-2.10.x: d6ccae1622eb47981520fb586b900bc7f302aff6,1384877767814
http://sealytics.github.io/ontologies/release-model#Bug-cbf9458f-530d-4abd-b844-16d9c0a3e349,"Guillaume, are you working on this? Would be great to have fixed this week.",1378913018333
http://sealytics.github.io/ontologies/release-model#Bug-d4f5959a-c5ac-4d6e-897a-4dbfdd01bbf2,Patches is welcome,1378724204535
http://sealytics.github.io/ontologies/release-model#Bug-d4f5959a-c5ac-4d6e-897a-4dbfdd01bbf2,"Sorry for this two pull request. I&apos;ve close the first one, and submitted a new one.

Hope it should be helpful.",1378724204535
http://sealytics.github.io/ontologies/release-model#Bug-d4f5959a-c5ac-4d6e-897a-4dbfdd01bbf2,"Github user ancosen closed the pull request at:

    https://github.com/apache/camel/pull/147
",1378724204535
http://sealytics.github.io/ontologies/release-model#Bug-d4f5959a-c5ac-4d6e-897a-4dbfdd01bbf2,"Github user ancosen closed the pull request at:

    https://github.com/apache/camel/pull/148
",1378724204535
http://sealytics.github.io/ontologies/release-model#Bug-d4f5959a-c5ac-4d6e-897a-4dbfdd01bbf2,"Applied the patch into camel master, camel-2.13.x and camel-2.12.x branches with thanks to Andrea",1378724204535
http://sealytics.github.io/ontologies/release-model#Bug-d4f5959a-c5ac-4d6e-897a-4dbfdd01bbf2,"GitHub user ancosen opened a pull request:

    https://github.com/apache/camel/pull/148

    Fixes 6716: ServiceInterfaceStrategy fails to create with interface containing multiple methods without parameters

    Hi all,
    
    This pull requeste is related to:
    https://issues.apache.org/jira/browse/CAMEL-6716
    
    I&apos;ve added a second method without parameter in the customerservice.wsdl and add an assert in the **testServiceInterfaceStrategyWithClient** method of **ServiceInterfaceStrategyTest** Test class.
    
    Hope this should be useful and it will be merged.
    
    P.S.: I&apos;ve closed the other pull request and submitted this new one.

You can merge this pull request into a Git repository by running:

    $ git pull https://github.com/ancosen/camel camel-6716-serviceinterfacestrategy

Alternatively you can review and apply these changes as the patch at:

    https://github.com/apache/camel/pull/148.patch

To close this pull request, make a commit to your master/trunk branch
with (at least) the following in the commit message:

    This closes #148
    
----
commit 493d725ed30b012590622e812cab9d0282e60964
Author: ancosen &lt;ancosen@gmail.com&gt;
Date:   2014-05-09T10:06:02Z

    Fixes 6716: ServiceInterfaceStrategy fails to create with interface containing multiple methods without parameters

----
",1378724204535
http://sealytics.github.io/ontologies/release-model#Bug-d4f5959a-c5ac-4d6e-897a-4dbfdd01bbf2,"GitHub user ancosen opened a pull request:

    https://github.com/apache/camel/pull/147

    [CAMEL-6716] ServiceInterfaceStrategy fails to create with interface containing multiple methods without parameters

    Hi all,
    
    This pull requeste is related to:
    https://issues.apache.org/jira/browse/CAMEL-6716
    
    I&apos;ve added a second method without parameter in the customerservice.wsdl and add an assert in the **testServiceInterfaceStrategyWithClient** method of **ServiceInterfaceStrategyTest** Test class.
    
    Hope this should be useful and it will be merged.

You can merge this pull request into a Git repository by running:

    $ git pull https://github.com/ancosen/camel camel-6716-serviceinterfacestrategyfix

Alternatively you can review and apply these changes as the patch at:

    https://github.com/apache/camel/pull/147.patch

To close this pull request, make a commit to your master/trunk branch
with (at least) the following in the commit message:

    This closes #147
    
----
commit 7b96bde38f16b4c42af543d9a3d4b94913af26f3
Author: ancosen &lt;ancosen@gmail.com&gt;
Date:   2014-05-09T10:06:02Z

    Added new Properties Component Test related to concatenation of properties. First test fails because of unsupported parsing properties.

commit 8fe696c02738baaf4d299a01386a4018c1e0c6e4
Author: ancosen &lt;ancosen@gmail.com&gt;
Date:   2014-05-09T10:14:56Z

    Reload Pom.xml

commit 6e59877da99ef208e699284c05221f0c318e1c33
Author: ancosen &lt;ancosen@gmail.com&gt;
Date:   2014-05-10T15:48:13Z

    Fixes Camel-6716: ServiceInterfaceStrategy fails to create with interface containing multiple methods without parameters

commit d551e36d0c484d6e8603fda73da0d08aea7618e3
Author: ancosen &lt;ancosen@gmail.com&gt;
Date:   2014-05-10T20:06:34Z

    Fixes 6716: ServiceInterfaceStrategy fails to create with interface containing multiple methods without parameters

----
",1378724204535
http://sealytics.github.io/ontologies/release-model#Bug-0fc5a909-971a-455c-ba37-2492653db61c,"Applied the patch into camel master, camel-2.13.x and camel-2.12.x with thanks to Joe.
I also did some changes on the joe&apos;s patch to support setting the CustomDefaultNettyHttpBinding to the CamelNettyHttpComponent.",1389979236673
http://sealytics.github.io/ontologies/release-model#Bug-0fc5a909-971a-455c-ba37-2492653db61c,"Applied the patch into master and camel-2.12.x branches.
",1389979236673
http://sealytics.github.io/ontologies/release-model#Bug-0fc5a909-971a-455c-ba37-2492653db61c,"Hi, Willem

Apologies but I have to reopen this JIRA since the previous patch I provided caused a new problem. I&apos;ll attach a revised patch with a new junit test case to this ticket.

Here is the code changes in NettyHttpEndpoint.java class:
{code}
     public void setHeaderFilterStrategy(HeaderFilterStrategy headerFilterStrategy) {
         this.headerFilterStrategy = headerFilterStrategy;
+        if (getNettyHttpBinding() != null) {
+            getNettyHttpBinding().setHeaderFilterStrategy(headerFilterStrategy);
+        }
{code}

Basically it allows this method to modify NettyHttpComponent&apos;s member object &quot;nettyHttpBinding&quot; simply by setting a new headerFilterStrategy to it. As a result, the component&apos;s member object contains a different headerFilterStrategy rather than default one that created in component&apos;s default constructor. It is ok if we only have one netty http endpoint created. Otherwise, the next endpoint will be created with a non-default headerFilterStrategy that is from previous endpoint. 

The fix is quite simple: in this case, we should not touch component&apos;s nettyHttpBinding object at all. Instead, if we have configured a custom headerFilterStrategy on endpoint uri, we should create a new DefaultNettyHttpBinding object with the headerFilterStrategy for the current endpoint.

I also reverted back some changes to initialize default NettyHttpConfiguration, NettyHttpHeaderFilterStrategy and DefaultNettyHttpBinding object in NettyHttpComponent&apos;s default constructor since it is reasonable to create them upfront for the component.",1389979236673
http://sealytics.github.io/ontologies/release-model#Bug-7e93679d-aa38-495e-8d0a-e3f5ad918219,Thanks for reporting.,1381933005907
http://sealytics.github.io/ontologies/release-model#Bug-7e93679d-aa38-495e-8d0a-e3f5ad918219,Are you using any container such as Apache Karaf or something?,1381933005907
http://sealytics.github.io/ontologies/release-model#Bug-7e93679d-aa38-495e-8d0a-e3f5ad918219,Yeah this is indeed a side effect of CAMEL-6443 and I could reproduce this by one of this component&apos;s test.,1381933005907
http://sealytics.github.io/ontologies/release-model#Bug-7e93679d-aa38-495e-8d0a-e3f5ad918219,"I&apos;m using Weld SE {{2.1.0.CR1}}.

It&apos;s reproducible with an Arquillian test (I&apos;m using the {{arquillian-weld-se-embedded-1.1}} plugin) that uses two different _session settings_ configuration files for the {{quickfix}} endpoint.",1381933005907
http://sealytics.github.io/ontologies/release-model#Bug-f595334e-357d-4bc5-9882-e3113fb8752b,"Applied patch into camel master, camel-2.13.x and camel-2.12.x branches with thanks to Abdelghani.",1402049976589
http://sealytics.github.io/ontologies/release-model#Bug-17103a59-2abf-4853-aa12-d34eb39df79d,Thanks for reporting. There is a peek=true option now.,1382714376330
http://sealytics.github.io/ontologies/release-model#Bug-00a13529-faae-4170-8411-bb90ead3ed5a,"why not just throw the exception if the expression is null AND maximumRequestsPerPeriod hasn&apos;t been set otherwise (by a previous message, etc).  That would prevent NULL expression evaluations for the first message and allow for subsequent ones, etc...      

something like this in Throttler calculateDelay()...

{code:title=Throttler.java|borderStyle=solid}
        Object result = maxRequestsPerPeriodExpression.evaluate(exchange, Object.class);
        //if (result == null) {
        if (maximumRequestsPerPeriod == 0 &amp;&amp; result == null) {
            throw new RuntimeExchangeException(&quot;The max requests per period expression was evaluated as null: &quot; + maxRequestsPerPeriodExpression, exchange);
        }
{code}",1400577224888
http://sealytics.github.io/ontologies/release-model#Bug-00a13529-faae-4170-8411-bb90ead3ed5a,"I can, I was just waiting for some feedback...does that approach sound alright?",1400577224888
http://sealytics.github.io/ontologies/release-model#Bug-00a13529-faae-4170-8411-bb90ead3ed5a,Ben do you have time to work on this?,1400577224888
http://sealytics.github.io/ontologies/release-model#Bug-00a13529-faae-4170-8411-bb90ead3ed5a,"Ben, yeah this sounds like a good idea. I think you should try this change.",1400577224888
http://sealytics.github.io/ontologies/release-model#Bug-df879f3a-eab6-4e59-8082-64835a7f4329,"GitHub user gzurowski opened a pull request:

    https://github.com/apache/camel/pull/157

    CAMEL-7446: Fix m2e lifecycle configuration problem

    Fix m2e lifecycle configuration problems caused by missing lifecycle
    mapping details in maven-scalate-plugin_2.11.
    
    Signed-off-by: Gregor Zurowski &lt;gregor@zurowski.org&gt;

You can merge this pull request into a Git repository by running:

    $ git pull https://github.com/gzurowski/camel CAMEL-7446

Alternatively you can review and apply these changes as the patch at:

    https://github.com/apache/camel/pull/157.patch

To close this pull request, make a commit to your master/trunk branch
with (at least) the following in the commit message:

    This closes #157
    
----
commit e714a759a0bfd88b3ae7f3453ffda819a15ef13c
Author: Gregor Zurowski &lt;gregor@zurowski.org&gt;
Date:   2014-05-20T00:16:34Z

    CAMEL-7446: Fix m2e lifecycle configuration problem
    
    Fix m2e lifecycle configuration problems caused by missing lifecycle
    mapping details in maven-scalate-plugin_2.11.
    
    Signed-off-by: Gregor Zurowski &lt;gregor@zurowski.org&gt;

----
",1400545956445
http://sealytics.github.io/ontologies/release-model#Bug-df879f3a-eab6-4e59-8082-64835a7f4329,"Github user asfgit closed the pull request at:

    https://github.com/apache/camel/pull/157
",1400545956445
http://sealytics.github.io/ontologies/release-model#Bug-df879f3a-eab6-4e59-8082-64835a7f4329,Applied the patch into camel master branch with thanks to Gregor.,1400545956445
http://sealytics.github.io/ontologies/release-model#Bug-37c47b00-733e-4c26-a42c-b0a559cffa5e,Thanks for reporting,1386251785327
http://sealytics.github.io/ontologies/release-model#Bug-660a0947-c427-4cce-8ed9-16f8a015e217,"Applied the patch into camel master, camel-2.12.x and camel-2.11.x branches.",1393368638433
http://sealytics.github.io/ontologies/release-model#Bug-35466e5d-c246-47bc-85de-b18b5ca98fd7,The documentation for this has been updated as well.,1397552573584
http://sealytics.github.io/ontologies/release-model#Bug-c20c4b8d-fb8b-4bdf-b797-5b5d0607bea0,"How did you create the CamelContext before loading the Scala route?
It looks the h17codec is not load yet.",1378507180567
http://sealytics.github.io/ontologies/release-model#Bug-ce4aad49-b85d-4bf9-9282-8d05f03cb334,"Thanks, Claus. It was quicker for me to normalize URI passed to interceptSendToEndpoint.
Andre",1395090412626
http://sealytics.github.io/ontologies/release-model#Bug-ce4aad49-b85d-4bf9-9282-8d05f03cb334,"You can use wildcard, and do

interceptSendToEndpoint(&quot;sftp://hostname:22/testDirectory*&quot;)",1395090412626
http://sealytics.github.io/ontologies/release-model#Bug-535b4700-b538-477e-9145-517fac901414,"I just commit the patch into master, camel-2.13.x and camel-2.12.x branches.
Now the message header is copying to client whether CxfRsProducer is in Proxy model or not.",1404120067921
http://sealytics.github.io/ontologies/release-model#Bug-89961b6a-462b-4aa2-b7d1-de082be450be,"Hi Willem,

I think it will be solved if it just set the application context class loader as a TCCL here:
https://github.com/apache/camel/blob/master/components/camel-mqtt/src/main/java/org/apache/camel/component/mqtt/MQTTEndpoint.java#L86
Isn&apos;t it acceptable for camel-mqtt?

FWIW, The real issue we hit is following, we got &quot;Unable to find BeanManager&quot; on execution due to the class loader difference.
https://issues.jboss.org/browse/SWITCHYARD-2220
In this case, we can&apos;t control the class loader from outside of camel-mqtt. This is a fatal issue as SwitchYard is deeply integrated with CDI.

Thanks,
Tomo",1408438366383
http://sealytics.github.io/ontologies/release-model#Bug-89961b6a-462b-4aa2-b7d1-de082be450be,"Hi Tomo,

Even we set the application context class loader to the TCCL as you suggested, we may still hit the issue if the calling thread is switched.
As I said, you need to find the way to setup the TCCL before calling the bean method.  I just have a quick look at the quick start, you may need to setup the TCCL yourself when the greeting service is called.

Regards,

Willem
",1408438366383
http://sealytics.github.io/ontologies/release-model#Bug-89961b6a-462b-4aa2-b7d1-de082be450be,"Thank you for your help on this, Willem! I&apos;m looking forward to having CAMEL-7728.",1408438366383
http://sealytics.github.io/ontologies/release-model#Bug-89961b6a-462b-4aa2-b7d1-de082be450be,"Hi Tomohisa,

You cannot assume that all the TCCL is set with the BundleDelegatingClassLoader, as there are some thread which mqtt consumer is using is out of control of camel. It&apos;s not a issue of camel-mqtt. 
To resolve this kind of issue, CamelContext provides a method getApplicationContextClassLoader to find the classloader which is load the application. You can let MyBean to use that classloader by lookup the camel context from the exchange.

Regards,
Willem",1408438366383
http://sealytics.github.io/ontologies/release-model#Bug-89961b6a-462b-4aa2-b7d1-de082be450be,"What do you mean by &quot;calling thread is switched&quot;? If you mean like adding threads(2) in a route, then application can control the TCCL in a route. However, the stacktrace in SWITCHYARD-2220 shows the camel CdiInjector is looking for BeanManager at very beginning of camel exchange. Application can&apos;t touch the TCCL before it happens.
As far as I know, only mqtt component has this problem. other consumers run with bundle class loader as a TCCL.",1408438366383
http://sealytics.github.io/ontologies/release-model#Bug-89961b6a-462b-4aa2-b7d1-de082be450be,"In camel EIP,  split, multicast, threads could switch the calling thread in camel route.  With the help of the Camel interceptor, we can setup the TCCL from the camel route. 
After digging the stack trace of SWITCHYARD-2220, we could set up the TCCL before the BaseResolver create the instance, to let the CdiInject work rightly. In this way we don&apos;t need to setup the TCCL from the component consumer side.  

So I created a new JIRA CAMEL-7728 to address the issue SWITCHYARD-2220.",1408438366383
http://sealytics.github.io/ontologies/release-model#Bug-89961b6a-462b-4aa2-b7d1-de082be450be,"Hi Tomo,

I commit the patch of CAMEL-7728 into camel master branch. 
You can verify it by applying the patch into the camel code repository that Switchyard is using.
Please let me know if you have any further question about it.

Regards,

Willem",1408438366383
http://sealytics.github.io/ontologies/release-model#Bug-89961b6a-462b-4aa2-b7d1-de082be450be,See README.txt in the [^camel-example-mqtt.tar.gz] for instructions,1408438366383
http://sealytics.github.io/ontologies/release-model#Bug-04636b31-2001-410e-98d1-4b00436f98e5,"Github user nathanwray closed the pull request at:

    https://github.com/apache/camel/pull/265
",1410439981146
http://sealytics.github.io/ontologies/release-model#Bug-04636b31-2001-410e-98d1-4b00436f98e5,Patch added new boolean flag &quot;preFetched&quot; that replaces the (next==null) test.  this allows names with null values to succeed.,1410439981146
http://sealytics.github.io/ontologies/release-model#Bug-04636b31-2001-410e-98d1-4b00436f98e5,"GitHub user nathanwray opened a pull request:

    https://github.com/apache/camel/pull/265

    CAMEL-7803

     Patch added new boolean flag &quot;preFetched&quot; to allow inserts with parameters that have null values

You can merge this pull request into a Git repository by running:

    $ git pull https://github.com/nathanwray/camel patch-1

Alternatively you can review and apply these changes as the patch at:

    https://github.com/apache/camel/pull/265.patch

To close this pull request, make a commit to your master/trunk branch
with (at least) the following in the commit message:

    This closes #265
    
----
commit 693fea2b3cee7be931b4bcfd92726e75f782adf9
Author: nathanwray &lt;nathanwray@users.noreply.github.com&gt;
Date:   2014-09-11T15:57:09Z

    CAMEL-7803
    
     Patch added new boolean flag &quot;preFetched&quot; to allow inserts with parameters that have null values

----
",1410439981146
http://sealytics.github.io/ontologies/release-model#Bug-04636b31-2001-410e-98d1-4b00436f98e5,"Created pull request https://github.com/apache/camel/pull/265
",1410439981146
http://sealytics.github.io/ontologies/release-model#Bug-04636b31-2001-410e-98d1-4b00436f98e5,"Applied the patch into master, camel-2.14.x, camel-2.13.x and camel-2.12.x with thanks to Nathan.",1410439981146
http://sealytics.github.io/ontologies/release-model#Bug-f54f4864-099e-465a-8f95-46dd069878ca,Log file.  Search for &quot;zipfile&quot; all in lowercase.  This has multiple start/stop including what should be one failed startup followed by one successful startup (with camel-zipfile JAR).,1406306249235
http://sealytics.github.io/ontologies/release-model#Bug-f54f4864-099e-465a-8f95-46dd069878ca,"There is no problem.

In your activemq.xml you have added a Camel route that uses the camel-zipfile data format. So you need to add to your classpath, eg copy the JAR into the lib/camel dir of activemq.

There is also a zip data format in camel-core, but its not the same. The zip is not file based.",1406306249235
http://sealytics.github.io/ontologies/release-model#Bug-f54f4864-099e-465a-8f95-46dd069878ca,This is the configuration file I am using.  The camel route is near the bottom.,1406306249235
http://sealytics.github.io/ontologies/release-model#Bug-c5967b9f-dd8e-448e-b836-c42944223855,"Applied the patch into camel master, camel-2.13.x and camel-2.12.x branches.",1397176789423
http://sealytics.github.io/ontologies/release-model#Bug-c5967b9f-dd8e-448e-b836-c42944223855,"The right syntax of bodyAs is {code} ${bodyAs(type)} {code}, current code don&apos;t check the rest string after bodyAs(type).
I will updated the code to check the rest string and throw the exception if the string is not empty.",1397176789423
http://sealytics.github.io/ontologies/release-model#Bug-c5967b9f-dd8e-448e-b836-c42944223855,"Hi Alan,
We need to fix the headerAs function at the same time.
You don&apos;t need to create a new JIRA, I can keep fixing the issue by using this JIRA number.
",1397176789423
http://sealytics.github.io/ontologies/release-model#Bug-c5967b9f-dd8e-448e-b836-c42944223855,"Thanks [~njiang] - For what it&apos;s worth, this problem is also apparent within the headerAs function -

{code:xml}
            &lt;setBody&gt;
                &lt;simple&gt;${headerAs(&quot;foo&quot;, String).test)}&lt;/simple&gt;
            &lt;/setBody&gt;
{code}

Should I reopen, or create a different issue for this scenario?",1397176789423
http://sealytics.github.io/ontologies/release-model#Bug-c5967b9f-dd8e-448e-b836-c42944223855,"Committed the patch to fix headerAs issue into master, camel-2.13.x and camel-2.12.x branches.",1397176789423
http://sealytics.github.io/ontologies/release-model#Bug-6f001820-177a-4a0f-92d0-3d86c80759e1,Added fix and unit test with commit https://git-wip-us.apache.org/repos/asf?p=camel.git;a=commit;h=7936f2f6c1220f454d4d524a9ba078d41d92a0f6,1408130906216
http://sealytics.github.io/ontologies/release-model#Bug-1b85015f-725e-44e8-aa3e-e53600ba8964,"If the custom bean is introduced then it can be dropped once CXF-5579 is resolved, we&apos;d check &quot;if (cxf.getBus(false) == null)&quot;",1392907492458
http://sealytics.github.io/ontologies/release-model#Bug-1b85015f-725e-44e8-aa3e-e53600ba8964,"Hi Willem

Sure, the idea in your original comment above [1] sounds OK. So,

1. If the route sets a custom bus on the client bean then it will still be protected/kept in place as long as the the endpoint uses a default bus or the same custom bus.
(this will work after your proposed fix)

2. If we have the client bean using the default bus and we have the endpoint using a custom bus as in &quot;bus=#MyBus&quot; then the custom bus will be set on the client bean, as per the camel-cxf rules, this is fine too.
(this works now and will work after your proposed fix)

There&apos;s only one case I&apos;m concerned about:
3. The client and the server have both custom but different buses. 

That is why I thought that the rule &quot; (a)Set the client bus only if the cxfrs endpoint is not using the default bus and (b) the client bean has the default bus&quot; will ensure 1. and 2. cases are still supported as expected today, but we the client does set its own unique bus then this bus is protected. It will probably make sense for WS producers too...
Note (a) - is what you propose, which is good, and (b) is what I propose to add...

Do you think it makes sense to keep the non-default custom buses on the client bean ? We have it working right now by extending the client bean and blocking the overriding of the bus, so if 3, is not implemented then it won&apos;t be an issue for us, but I wonder, does it makes sense to preserve the custom client buses or not

Thanks, Sergey




",1392907492458
http://sealytics.github.io/ontologies/release-model#Bug-1b85015f-725e-44e8-aa3e-e53600ba8964,"Applied the patch into master, camel-2.12.x and camel-2.11.x branches.",1392907492458
http://sealytics.github.io/ontologies/release-model#Bug-1b85015f-725e-44e8-aa3e-e53600ba8964,"Hi Alexey,

I just checked the code and found we don&apos;t override the bus setting of the server bean. I will clean up the code once we come to an agreement on the CxfRsProducer.

Regards,

Willem",1392907492458
http://sealytics.github.io/ontologies/release-model#Bug-1b85015f-725e-44e8-aa3e-e53600ba8964,"Hi Willem, can we just remove this call where the custom producer bus is lost ?

If this may be done for a reason to take care of some scenarios (where using the thread default bus is not OK), can we, in CxfRsProducer do something like:

{code:java}

private static class ProducerJAXRSClientFactoryBean extends JAXRSClientFactoryBean {

   public isBusSet() {
       return super.bus != null;
   }
}
{code}

and use ProducerJAXRSClientFactoryBean instead of JAXRSClientFactoryBean within the producer code and then

{code:java}

if (!cfb.isBusSet()) {
    cfb.setBus(((CxfRsEndpoint)getEndpoint()).getBus());
}

{code}

Introducing the custom bean may be the safest bet...

What do you think ?
Sergey",1392907492458
http://sealytics.github.io/ontologies/release-model#Bug-1b85015f-725e-44e8-aa3e-e53600ba8964,Same time Consumer works as expected (I used preconfigured beans),1392907492458
http://sealytics.github.io/ontologies/release-model#Bug-1b85015f-725e-44e8-aa3e-e53600ba8964,"Hi Willem 

May be &quot;If cxfrs endpoint is not using the default bus and if the client bean has either null or the default bus&quot; ?

This way if we have a case where someone sets a custom, non-default bus on the client bean then it will not be overridden, but if it is null or it is a default bus then we can safely copy the custom cxfrs endpoint bus ?

Cheers, Sergey

",1392907492458
http://sealytics.github.io/ontologies/release-model#Bug-1b85015f-725e-44e8-aa3e-e53600ba8964,"Hi Sergey, 

In camel-cxf we prefer the rule that the URI option can override the spring or blueprint configuration.
As the client bean&apos;s getBus can provides the default bus by default, we don&apos;t need to do anything on the client bean if the cxfrs endpoint is not set with a customer bus.

Regards,

Willem

",1392907492458
http://sealytics.github.io/ontologies/release-model#Bug-1b85015f-725e-44e8-aa3e-e53600ba8964,"Hi Sergey,

Thanks for you comments, I just remove the default bus creation in the CxfRsEndpoint, so we don&apos;t need to setup the default bus to the JAXRSClientFactoryBean or JAXRSServerFactoryBean any more.
In this way, the bus setting of JAXRSClientFactoryBean and JAXRSServerFactoryBean won&apos;t be override if we don&apos;t set up customer bus on the CxfRsEndpoint.

Regards,

Willem",1392907492458
http://sealytics.github.io/ontologies/release-model#Bug-1b85015f-725e-44e8-aa3e-e53600ba8964,"Hi Sergey,

The below code of CxfRsProducer just make sure the bus setting on the cxfrs endpoint can take effect.
{code}
 cfb.setBus(((CxfRsEndpoint)getEndpoint()).getBus());
{code}
Current work around of setting custom bus is using option of &quot;bus=#MyBus&quot; for the cxfrs enpdoint the URI. 
If we check the &quot;if (cxf.getBus(false) == null)&quot;, we may lost the control of setting the custom bus from the URI.

I think the better solution is we set the cfb bus when the cxfrs enpdoint is not using the default bus.
Any thought?

Willem
",1392907492458
http://sealytics.github.io/ontologies/release-model#Bug-1b85015f-725e-44e8-aa3e-e53600ba8964,"Yes, we&apos;ve confirmed we a client and a server using their own, different custom bus instances, this is why it can be handy to have the client custom bus preserved; should be useful for the WS producer too IMHO.

Thanks, Sergey",1392907492458
http://sealytics.github.io/ontologies/release-model#Bug-de7cafbb-3eb9-4610-a27f-5e73df338de9,The problem is CAMEL-6559,1382004736659
http://sealytics.github.io/ontologies/release-model#Bug-0665df4d-e8bf-4af4-be4c-0750c936c7ce,This issue is same with the CAMEL-6404 which is fixed long time ago.,1365200095673
http://sealytics.github.io/ontologies/release-model#Bug-0665df4d-e8bf-4af4-be4c-0750c936c7ce,"&lt;env:Envelope xmlns:env=&quot;http://schemas.xmlsoap.org/soap/envelope/&quot;&gt;
   &lt;env:Header/&gt;
   &lt;env:Body&gt;
      &lt;env:Fault&gt;
         &lt;faultcode&gt;env:Server&lt;/faultcode&gt;
         &lt;faultstring&gt;The request cannot be processed, time is over. (The request timestamp is over the timeout)&lt;/faultstring&gt;
         &lt;detail&gt;
            &lt;ns2:CWFault xmlns:ns2=&quot;http://acme.com/&quot;&gt;
               &lt;ns2:errorMessageId&gt;WSEX0252&lt;/ns2:errorMessageId&gt;
               &lt;ns2:errorMessage&gt;The request cannot be processed, time is over. (The request timestamp is over the timeout)&lt;/ns2:errorMessage&gt;
               &lt;ns2:comment&gt;The request timestamp is over the timeout&lt;/ns2:comment&gt;
            &lt;/ns2:CWFault&gt;
         &lt;/detail&gt;
      &lt;/env:Fault&gt;
   &lt;/env:Body&gt;
&lt;/env:Envelope&gt;",1365200095673
http://sealytics.github.io/ontologies/release-model#Bug-0665df4d-e8bf-4af4-be4c-0750c936c7ce,"What kind of SOAP fault does the service return?
Can you just past the SOAP message here?",1365200095673
http://sealytics.github.io/ontologies/release-model#Bug-0665df4d-e8bf-4af4-be4c-0750c936c7ce,"Willem do you mind checking on this, as a NPE is a bug in camel-cxf / CXF which we must fix.",1365200095673
http://sealytics.github.io/ontologies/release-model#Bug-0665df4d-e8bf-4af4-be4c-0750c936c7ce,"I managed to reproduce the first NPE error by not applying the serviceClass attribute on the CxfEndpoint, I will commit a quick fix for it shortly.",1365200095673
http://sealytics.github.io/ontologies/release-model#Bug-0665df4d-e8bf-4af4-be4c-0750c936c7ce,"Applied patch into master, camel-2.12.x, camel-2.11.x and camel-2.10.x branches.",1365200095673
http://sealytics.github.io/ontologies/release-model#Bug-b464a25e-1103-42cf-a7eb-11dfb615389d,This change could cause a regression.  Are we sure we want this?,1380100130280
http://sealytics.github.io/ontologies/release-model#Bug-b464a25e-1103-42cf-a7eb-11dfb615389d,"That would make things worse, because then the collection is virtually useless if anyone wants to modify it.",1380100130280
http://sealytics.github.io/ontologies/release-model#Bug-b464a25e-1103-42cf-a7eb-11dfb615389d,"May be not a big issue. but the problem is, if you have some customized feature interface which extends *Feature* directly, and also some implementation of this new feature interface. you can&apos;t add the instance of it into the List without a Cast operation. if the implementation doesn&apos;t extend AbstractFeature, then, the cast will be failed.",1380100130280
http://sealytics.github.io/ontologies/release-model#Bug-b464a25e-1103-42cf-a7eb-11dfb615389d,"It&apos;s okay to take List&lt;? extends Feature&gt; on the input because you know all the things in the input collection are Feature objects.  However, returning List&lt;? extends Feature&gt; doesn&apos;t work well at all, because you can&apos;t add stuff to it.  Consider the following case:

{code:java}
List&lt;? extends Serializable&gt; list = ...;
list.add(&quot;Hello&quot;);
{code}

You can&apos;t do it, because &quot;list&quot; is a list of some type of things that extend Serializable.  You don&apos;t *know* that the type is String, you just know it&apos;s some type extending from Serializable.  ",1380100130280
http://sealytics.github.io/ontologies/release-model#Bug-b464a25e-1103-42cf-a7eb-11dfb615389d,What is the purpose of this ticket? What is it today you cannot do?,1380100130280
http://sealytics.github.io/ontologies/release-model#Bug-b464a25e-1103-42cf-a7eb-11dfb615389d,Lets keep it as is. There is no good point in changing API which can cause problems for others.,1380100130280
http://sealytics.github.io/ontologies/release-model#Bug-b464a25e-1103-42cf-a7eb-11dfb615389d,"How it works if change from *List&lt;Feature&gt;* to *List&lt;? extend Feature&gt;* ?
Thanks.",1380100130280
http://sealytics.github.io/ontologies/release-model#Bug-b464a25e-1103-42cf-a7eb-11dfb615389d,"CXF itself uses:

{code:java}
    protected List&lt;Feature&gt; features;
 
    public List&lt;Feature&gt; getFeatures()
    public void setFeatures(List&lt;? extends Feature&gt; features)
{code}",1380100130280
http://sealytics.github.io/ontologies/release-model#Bug-b464a25e-1103-42cf-a7eb-11dfb615389d,"It is make sense to remove the restrict that only accept the AbstractFeature. 
As the we need to change getFeatures() return type, I have no plan to back port the change.
",1380100130280
http://sealytics.github.io/ontologies/release-model#Bug-b464a25e-1103-42cf-a7eb-11dfb615389d,"In case we decide to accept the regression risk of this change, I&apos;m attaching a patch.",1380100130280
http://sealytics.github.io/ontologies/release-model#Bug-3d9aa104-fa4e-4d5d-a823-9342bde4b23d,"Willem, have you added corrupted zip file for testing? W/o it all tests passed as expected, but if you add corrupted zip file, tests will fail, w/o any errors:

{code}
testSplitter(org.apache.camel.dataformat.zipfile.ZipSplitterRouteIssueTest)  Time elapsed: 2.186 sec  &lt;&lt;&lt; FAILURE!
java.lang.AssertionError: mock://entry Received message count. Expected: &lt;2&gt; but was: &lt;3&gt;
	at org.apache.camel.component.mock.MockEndpoint.fail(MockEndpoint.java:1333)
	at org.apache.camel.component.mock.MockEndpoint.assertEquals(MockEndpoint.java:1315)
	at org.apache.camel.component.mock.MockEndpoint.doAssertIsSatisfied(MockEndpoint.java:383)
	at org.apache.camel.component.mock.MockEndpoint.assertIsSatisfied(MockEndpoint.java:362)
	at org.apache.camel.component.mock.MockEndpoint.assertIsSatisfied(MockEndpoint.java:350)
	at org.apache.camel.component.mock.MockEndpoint.assertIsSatisfied(MockEndpoint.java:188)
	at org.apache.camel.test.junit4.CamelTestSupport.assertMockEndpointsSatisfied(CamelTestSupport.java:675)
	at org.apache.camel.dataformat.zipfile.ZipSplitterRouteIssueTest.testSplitter(ZipSplitterRouteIssueTest.java:39)

testSplitterWithWrongFile(org.apache.camel.dataformat.zipfile.ZipSplitterRouteIssueTest)  Time elapsed: 11.211 sec  &lt;&lt;&lt; FAILURE!
java.lang.AssertionError: mock://errors Received message count. Expected: &lt;1&gt; but was: &lt;0&gt;
	at org.apache.camel.component.mock.MockEndpoint.fail(MockEndpoint.java:1333)
	at org.apache.camel.component.mock.MockEndpoint.assertEquals(MockEndpoint.java:1315)
	at org.apache.camel.component.mock.MockEndpoint.doAssertIsSatisfied(MockEndpoint.java:383)
	at org.apache.camel.component.mock.MockEndpoint.assertIsSatisfied(MockEndpoint.java:362)
	at org.apache.camel.component.mock.MockEndpoint.assertIsSatisfied(MockEndpoint.java:350)
	at org.apache.camel.component.mock.MockEndpoint.assertIsSatisfied(MockEndpoint.java:188)
	at org.apache.camel.test.junit4.CamelTestSupport.assertMockEndpointsSatisfied(CamelTestSupport.java:675)
	at org.apache.camel.dataformat.zipfile.ZipSplitterRouteIssueTest.testSplitterWithWrongFile(ZipSplitterRouteIssueTest.java:49)
{code}

Steps to reproduce: any file with .zip extension, or corrupted data.zip (in my tests I have removed 1st 2 bytes from data.zip).",1399256656666
http://sealytics.github.io/ontologies/release-model#Bug-3d9aa104-fa4e-4d5d-a823-9342bde4b23d,"Hi Serge 

I think just removing the first 2 bytes of the data.zip is not enough, I debugged the code and found out if I did that, camel just cannot read any thing from the zip entry. If I messed up the data.zip file by remove the bytes from multiple place, I can get the same as I test with an empty file stream.",1399256656666
http://sealytics.github.io/ontologies/release-model#Bug-3d9aa104-fa4e-4d5d-a823-9342bde4b23d,"Yes, probably ZipInputStream just can&apos;t read anything, but ZipFile could detect such corrupted zips.

What about something like in ZipIterator constructor?
{code}
        try {
            final ZipFile zipFile= new ZipFile(inputMessage.getBody(File.class));
            final InputStream inputStream = inputMessage.getBody(InputStream.class);
            if (inputStream instanceof ZipInputStream) {
                zipInputStream = (ZipInputStream)inputStream;
            } else {
                zipInputStream = new ZipInputStream(new BufferedInputStream(inputStream));
            }
        } catch (ZipException e) {
            LOGGER.error(&quot;ZipException&quot;, e);
            zipInputStream= null;
// or            throw new RuntimeException(&quot;ZipException&quot;, e);
        } catch (IOException e) {
            LOGGER.error(&quot;IOException&quot;, e);
            zipInputStream= null;
// or           throw new RuntimeException(&quot;IOException&quot;, e);
        }
{code}",1399256656666
http://sealytics.github.io/ontologies/release-model#Bug-3d9aa104-fa4e-4d5d-a823-9342bde4b23d,"Applied the patch into camel master, camel-2.12.x and camel-2.13.x.",1399256656666
http://sealytics.github.io/ontologies/release-model#Bug-370998e4-92da-4ea1-bc1d-741ff5baa2d6,I am happy to create a pull request with showcase example.,1389977231564
http://sealytics.github.io/ontologies/release-model#Bug-370998e4-92da-4ea1-bc1d-741ff5baa2d6,"I reproduced the problem with itest please see the attach.

To Fix the problem a possible solution is remove TCCL to MVEL until 
http://jira.codehaus.org/browse/MVEL-250 is not resolved

Please see the attach for the patch;I hope it&apos;s ok for you.

If it&apos;s ok for you please clean it a bit

Any feedback is welcome.",1389977231564
http://sealytics.github.io/ontologies/release-model#Bug-370998e4-92da-4ea1-bc1d-741ff5baa2d6,osgi-itest for mvel,1389977231564
http://sealytics.github.io/ontologies/release-model#Bug-370998e4-92da-4ea1-bc1d-741ff5baa2d6,Yeah you are welcome to cleanup the patch.,1389977231564
http://sealytics.github.io/ontologies/release-model#Bug-370998e4-92da-4ea1-bc1d-741ff5baa2d6,Thanks for the patch.,1389977231564
http://sealytics.github.io/ontologies/release-model#Bug-fc0d758d-0867-4d07-8ac2-4203e70ef04b,Patch applied on master (2.13.x) with thanks to [~coheigea].,1394043115418
http://sealytics.github.io/ontologies/release-model#Bug-fc0d758d-0867-4d07-8ac2-4203e70ef04b,"
A patch + tests for this issue.

Colm.",1394043115418
http://sealytics.github.io/ontologies/release-model#Bug-929ab809-0d18-4796-993b-c0841e29b160,"Logging at DEBUG/TRACE level is expected to log inner details.

And please use the mailing list to get in contact first, instead of creating tickets you feel is blocker level. See this page how to get help/support and how you should do
http://camel.apache.org/support",1407476565344
http://sealytics.github.io/ontologies/release-model#Bug-e0beade0-2adc-4a34-8928-0d2c5886f4b7,"Applied the patch into camel master, camel-2.13.x and camel-2.12.x branches.",1406558652393
http://sealytics.github.io/ontologies/release-model#Bug-b84b61bf-7c34-4afe-9064-22022678b8c4,Applied the patch into camel master branch with thanks to Franz.,1393429508594
http://sealytics.github.io/ontologies/release-model#Bug-98d5d70b-bae5-45b5-8454-a103d3d776ea,"Applied the patch into camel master, camel-2.13.x and camel-2.12.x branches with thanks to Sandeep.",1409140842732
http://sealytics.github.io/ontologies/release-model#Bug-98d5d70b-bae5-45b5-8454-a103d3d776ea,Patch for the fix.,1409140842732
http://sealytics.github.io/ontologies/release-model#Bug-5ef8f547-5299-481d-acc1-7397430126e9,"Pushed to master.

Not this patch makes use of a deprecated API call. In time we should move the entire camel-hl7 component to the new HAPI API: CAMEL-7301",1395046891466
http://sealytics.github.io/ontologies/release-model#Bug-5ef8f547-5299-481d-acc1-7397430126e9,Backported patch to camel-2.13.x branch and camel-2.12.x branch.,1395046891466
http://sealytics.github.io/ontologies/release-model#Bug-5ef8f547-5299-481d-acc1-7397430126e9,We need to merge the patch into camel-2.13.x branch once the camel-2.13.0 is officially released.,1395046891466
http://sealytics.github.io/ontologies/release-model#Bug-b41aed0c-7801-45e3-9181-b981cfc3cdc7,Thanks for spotting a patch is welcome.,1405421534407
http://sealytics.github.io/ontologies/release-model#Bug-b41aed0c-7801-45e3-9181-b981cfc3cdc7,"GitHub user nkukhar opened a pull request:

    https://github.com/apache/camel/pull/224

    Fix for CAMEL-7600

    Fixed QueueLoadBalancer issue when callback is not executed when processor is not found.

You can merge this pull request into a Git repository by running:

    $ git pull https://github.com/nkukhar/camel CAMEL-7600

Alternatively you can review and apply these changes as the patch at:

    https://github.com/apache/camel/pull/224.patch

To close this pull request, make a commit to your master/trunk branch
with (at least) the following in the commit message:

    This closes #224
    
----
commit 03a6b58269a0c8bda740ad7af1f32079cbcc3bc6
Author: nkukhar &lt;kukhar.n@gmail.com&gt;
Date:   2014-07-20T07:56:09Z

    Fixed QueueLoadBalancer issue when callback is not executed when processor is not found.

----
",1405421534407
http://sealytics.github.io/ontologies/release-model#Bug-b41aed0c-7801-45e3-9181-b981cfc3cdc7,Thanks for the PR,1405421534407
http://sealytics.github.io/ontologies/release-model#Bug-b41aed0c-7801-45e3-9181-b981cfc3cdc7,"Github user asfgit closed the pull request at:

    https://github.com/apache/camel/pull/224
",1405421534407
http://sealytics.github.io/ontologies/release-model#Bug-37eedc77-f6d2-4dfb-98fa-63cebc3a6213,"Hi,
Thanks for reply.
I checked the logs and found the same as you have mentioned above.
I am sorry , i have not provided exception handling part which was there in my code.
So here is the full snipped with exception handling. As per the snipped, mail should be gone as soon as Exception is caught but it does not. 
Same code is working fine if SFTP server is used as destination, but when i use SFTP server as source it does not throw exception as desired.  
Please let me know if i am mistaking anything. 

&lt;route id=&quot;ABC&quot;&gt;
&lt;from uri=&quot;quartz://scheder/mytimer?cron=0+0+*+?&quot;/&gt;
&lt;pollEnrich uri=&quot;sftp://username:*******@host/myfolder/?include=.*.dat&amp;throwExceptionOnConnectFailed=true&amp;move=../Done/&amp;moveFailed=../Exception/&amp;stepwise=false&amp;disconnect=true&amp;delay=5000&amp;idempotent=true&amp;delete=true&quot; timeout=&quot;10000&quot;/&gt;
&lt;to uri=&quot;destination-folder&quot;/&gt;
&lt;onException&gt;
                &lt;exception&gt;java.lang.Exception&lt;/exception&gt;
                &lt;transform&gt;
                    &lt;simple&gt;Exception while transferring file: ${exception.message}\n\n${exception.stacktrace}
                    &lt;/simple&gt;
                &lt;/transform&gt;
                &lt;to uri=&quot;smtp://{{{{mail.host}}}}?from={{{{mail.from}}}}&amp;amp;to={{{{mail.to}}}}&amp;amp;subject={{{{mail.subject.environment}}}}  File Transferring File &quot;/&gt;
            &lt;/onException&gt;
&lt;/route&gt;
 ",1387471562830
http://sealytics.github.io/ontologies/release-model#Bug-37eedc77-f6d2-4dfb-98fa-63cebc3a6213,"Hi,

Please help me on above issue.
I am still struggling with same issue. ",1387471562830
http://sealytics.github.io/ontologies/release-model#Bug-37eedc77-f6d2-4dfb-98fa-63cebc3a6213,"I checked if I could write some missing unit test, but the use of throwExceptionOnConnectFailed is already well covered by FtpConsumerThrowExceptionOnLoginFailedTest.
The documentation on the use of throwExceptionOnConnectFailed  is also complete, but a bit minimalistic: &apos;This allows a custom pollStrategy to deal with the exception, for example to stop the consumer or the likes.&apos; 
The name &apos;throwExceptionOnConnectFailed&apos; might be misleading. An alternative name could be rollbackOnConnectFailed?

If no own pollstrategy is supplied, then DefaultPollingConsumerPollStrategy is used. The rollback method only returns a false.
The exception will be caught anyway, and handled by the LoggingExceptionHandler, which logs the exception as a warning.
In the log one should find something like:

2014-01-02 16:14:29,104 [:21000/badlogin] WARN  FtpConsumer                    - Consumer FtpConsumer[ftp://dummy@localhost:21000/badlogin?password=xxxxxx&amp;throwExceptionOnConnectFailed=true] failed polling endpoint: Endpoint[ftp://dummy@localhost:21000/badlogin?password=xxxxxx&amp;throwExceptionOnConnectFailed=true]. Will try again at next poll. Caused by: [org.apache.camel.component.file.GenericFileOperationFailedException - File operation failed: 530 Authentication failed.
. Code: 530]
org.apache.camel.component.file.GenericFileOperationFailedException: File operation failed: 530 Authentication failed.
. Code: 530
	at org.apache.camel.component.file.remote.FtpOperations.connect(FtpOperations.java:166)

",1387471562830
http://sealytics.github.io/ontologies/release-model#Bug-37eedc77-f6d2-4dfb-98fa-63cebc3a6213,"I added a unit test which shows the behaviour when the ftp-endpoint is a producer and a failed login occurs.
For an ftp-producer the following is true:
1- The option &apos;throwExceptionOnConnectFailed&apos; has no effect 
2- A producer ALWAYS throws an exception that can be handled by an exception clause.
For an ftp-consumer the following is true:
1- The option &apos;throwExceptionOnConnectFailed&apos; has effect 
2- A consumer NEVER throws an exception that can be handled by an exception clause.
My conclusion: The name of the option &apos;throwExceptionOnConnectFailed&apos; is misleading. This option applies also only to consumers. 

Kartik can probably solve his problem by writing an own implementation of PollingConsumerPollStrategy

",1387471562830
http://sealytics.github.io/ontologies/release-model#Bug-ea23e614-d767-4f34-817f-cdc0a26eac63,Thanks for updating the fix versions and the link.,1399627197077
http://sealytics.github.io/ontologies/release-model#Bug-ea23e614-d767-4f34-817f-cdc0a26eac63,Can you test with 2.13.0 or 2.12.x SNAPSHOT as we ought to have fixed this recently.,1399627197077
http://sealytics.github.io/ontologies/release-model#Bug-ea23e614-d767-4f34-817f-cdc0a26eac63,"{code}
&quot;${header.param1} == &apos;hello&apos;&quot;
{code}
has a function on the left hand side and doesn&apos;t work? By the way
{code}
&quot;${header.param1} == ${header.param1}&quot;
{code}
does&apos;t work neither.",1399627197077
http://sealytics.github.io/ontologies/release-model#Bug-ea23e614-d767-4f34-817f-cdc0a26eac63,"There is a 2.13.1 RC you can give a test spin
http://camel.465427.n5.nabble.com/VOTE-Release-Apache-Camel-2-13-1-td5750981.html",1399627197077
http://sealytics.github.io/ontologies/release-model#Bug-ea23e614-d767-4f34-817f-cdc0a26eac63,"Using 
{code}
${true}
{code} 
fails with {{Unknown function: true}}? 

I tested with {{&apos;hello&apos; == &apos;hello&apos;}} and {{&apos;hello&apos; contains &apos;hello&apos;}} and both return {{false}} instead of {{true}}. The following more complete and realistic scenario fails too:

{code}
 from(&quot;direct:simple&quot;)
    .setHeader(&quot;param1&quot;, constant(&quot;hello&quot;))
    .log(&quot;param1 = ${header.param1}&quot;)
    .setHeader(&quot;param2&quot;).simple(&quot;${header.param1} == &apos;hello&apos;&quot;, Boolean.class)
    .log(&quot;param2 = ${header.param2}&quot;);
{code}

This logs:
{noformat}
INFO  param1 = hello
INFO  param2 = false
{noformat}

",1399627197077
http://sealytics.github.io/ontologies/release-model#Bug-ea23e614-d767-4f34-817f-cdc0a26eac63,"I guess fix version 2.13.0 is wrong as I tested with this version and it does not work properly. It would be helpful to link to the original issue, however I didn&apos;t find it.",1399627197077
http://sealytics.github.io/ontologies/release-model#Bug-ea23e614-d767-4f34-817f-cdc0a26eac63,"Do NOT use literals, but you must have a function on the left hand side, such as 
{code}
${body}
{code}
 or
{code}
 ${header.foo}.
{code}

 The simple language is not for evaluating 
{code}
&quot;true == true&quot; 
{code}
  or
{code}
 &quot;&apos;hello&apos; == &apos;hello&apos;&quot;
{code}

. That is NOT its purpose. It is for evaluating data from the Camel Exchange / Message.
",1399627197077
http://sealytics.github.io/ontologies/release-model#Bug-ea23e614-d767-4f34-817f-cdc0a26eac63,"This has been fixed and works fine.
I added your example as an unit test too

You need to build from source if you want to test with SNAPSHOT

",1399627197077
http://sealytics.github.io/ontologies/release-model#Bug-ea23e614-d767-4f34-817f-cdc0a26eac63,"Use a better/real life use case than true == true.

You may need to do

${true} == true",1399627197077
http://sealytics.github.io/ontologies/release-model#Bug-ea23e614-d767-4f34-817f-cdc0a26eac63,"I tested with 2.13.0, 2.13-SNAPSHOT and 2.12-SNAPSHOT and none of them handled the operators correctly.",1399627197077
http://sealytics.github.io/ontologies/release-model#Bug-974d4af5-603a-4db7-b022-199c7d1db3ee,"Thanks!

I checked a few random pages and they were OK.",1394040561124
http://sealytics.github.io/ontologies/release-model#Bug-974d4af5-603a-4db7-b022-199c7d1db3ee,I have updated the links for all releases. Feel free to check if you want. And thanks for reporting!,1394040561124
http://sealytics.github.io/ontologies/release-model#Bug-e0218331-2416-4c66-9785-63a28f9eb3d2,"Attaching outputnotfound.zip sample project to demonstrate this issue. To see how it works with Camel 2.13.2, run the following:

mvn clean test -f pom-camel-2.13.xml

To see how it fails with 2.14-SNAPSHOT, run the following:

mvn clean test",1405963930838
http://sealytics.github.io/ontologies/release-model#Bug-e0218331-2416-4c66-9785-63a28f9eb3d2,Thanks for the sample code. I have reproduced the issue and have a fix in the works.,1405963930838
http://sealytics.github.io/ontologies/release-model#Bug-e0218331-2416-4c66-9785-63a28f9eb3d2,Thanks for the sample code. It passes now on my laptop,1405963930838
http://sealytics.github.io/ontologies/release-model#Bug-ff000abc-9554-4599-bb11-fac7b7e265e9,"Github user davidkarlsen closed the pull request at:

    https://github.com/apache/camel/pull/103
",1393523872648
http://sealytics.github.io/ontologies/release-model#Bug-ff000abc-9554-4599-bb11-fac7b7e265e9,"Applied the patch with thanks to Matt into master, camel-2.12.x and camel-2.11.x branches.",1393523872648
http://sealytics.github.io/ontologies/release-model#Bug-ff000abc-9554-4599-bb11-fac7b7e265e9,"GitHub user davidkarlsen opened a pull request:

    https://github.com/apache/camel/pull/103

    CAMEL-7254: Fix IMAP peeking, use simpleName() for classcheck

    Signed-off-by: david &lt;david@davidkarlsen.com&gt;

You can merge this pull request into a Git repository by running:

    $ git pull https://github.com/davidkarlsen/camel CAMEL-7254

Alternatively you can review and apply these changes as the patch at:

    https://github.com/apache/camel/pull/103.patch

To close this pull request, make a commit to your master/trunk branch
with (at least) the following in the commit message:

    This closes #103
    
----
commit 8af0b6069c414e8c46fb9843d99374d63c7c9581
Author: david &lt;david@davidkarlsen.com&gt;
Date:   2014-02-27T19:38:45Z

    CAMEL-7254: Fix IMAP peeking, use simpleName() for classcheck
    
    Signed-off-by: david &lt;david@davidkarlsen.com&gt;

----
",1393523872648
http://sealytics.github.io/ontologies/release-model#Bug-7a3f040d-945e-4d93-aaeb-ca2bbd1a4936,Applied the patch into master and camel-2.12.x branches with thanks to Radek.,1392472904691
http://sealytics.github.io/ontologies/release-model#Bug-5cb99314-97e0-4c75-be8e-cb93aa4eefe5,Use the mailing list to get help with Camel,1386742015186
http://sealytics.github.io/ontologies/release-model#Bug-5cb99314-97e0-4c75-be8e-cb93aa4eefe5,"Can you provide more details what you think is a problem? For example provides some sample code, etc.

Also as suggested you should really use the mailing list / user forum first to get help. And then only later log a JIRA ticket if its indeed a bug or problem with the Camel software.",1386742015186
http://sealytics.github.io/ontologies/release-model#Bug-738744c6-63e3-4156-955d-c20f23771c62,"Applied patch into master, camel-2.12.x and camel-2.11.x branches.",1394587549660
http://sealytics.github.io/ontologies/release-model#Bug-738744c6-63e3-4156-955d-c20f23771c62,"I just found other camel-aws endpoints have the same issue, I will commit the patch shortly.",1394587549660
http://sealytics.github.io/ontologies/release-model#Bug-2f4c3603-d0e0-4f3f-8b57-c16d2662cb88,"I commented the pojo out.  It didn&apos;t help.  The stack trace says: Error creating bean with name &apos;camel-1&apos;.  

I did clean it up a bit:
&lt;?xml version=&quot;1.0&quot; encoding=&quot;UTF-8&quot;?&gt;
&lt;beans xmlns=&quot;http://www.springframework.org/schema/beans&quot; 
	   xmlns:xsi=&quot;http://www.w3.org/2001/XMLSchema-instance&quot; 
	   xmlns:cxf=&quot;http://camel.apache.org/schema/cxf&quot;
	   xmlns:camel=&quot;http://camel.apache.org/schema/spring&quot; 
	xsi:schemaLocation=&quot;http://www.springframework.org/schema/beans 
						http://www.springframework.org/schema/beans/spring-beans.xsd
              			http://camel.apache.org/schema/cxf 
              			http://camel.apache.org/schema/cxf/camel-cxf.xsd
              			http://camel.apache.org/schema/spring 
              			http://camel.apache.org/schema/spring/camel-spring.xsd&quot;
	default-init-method=&quot;init&quot; default-lazy-init=&quot;false&quot;&gt;

	&lt;cxf:rsServer id=&quot;rsServer&quot; 
				  address=&quot;http://localhost:9090/hrm/hrm_push?bindingStyle=SimpleConsumer;resourceClasses=com.xxxx.aggregatedelivery.transformers.JsonToHl7Transformer&quot;
	              serviceClass=&quot;com.xxxx.aggregatedelivery.PushService&quot;
	              loggingFeatureEnabled=&quot;true&quot; loggingSizeLimit=&quot;20&quot; &gt;
	&lt;/cxf:rsServer&gt;          
	 	
	&lt;!--  Camel Configuration --&gt;
    &lt;camel:camelContext id=&quot;camel-1&quot;  xmlns=&quot;http://camel.apache.org/schema/spring&quot;&gt;
	     &lt;camel:dataFormats&gt;
		  &lt;!-- here we define a Json data format with the id hrmJsonInput and that it should use the TestPojo as the class type when
		         doing unmarshal. The unmarshalTypeName is optional, if not provided Camel will use a Map as the type --&gt;
	    	&lt;camel:json id=&quot;Json&quot; library=&quot;Jackson&quot; /&gt; 
		&lt;/camel:dataFormats&gt; 
	    &lt;camel:route id=&quot;route1&quot;&gt;
	           &lt;camel:from uri=&quot;cxfrs://bean://rsServer&quot;/&gt; 
	           &lt;!-- &lt;camel:unmarshal ref=&quot;Json&quot;/&gt; --&gt;
	           &lt;camel:to uri=&quot;log:TEST?showAll=true&quot; /&gt;
	    &lt;/camel:route&gt;             
    &lt;/camel:camelContext&gt;
	&lt;!-- loads resource annotations --&gt;
	&lt;bean class=&quot;org.springframework.context.annotation.CommonAnnotationBeanPostProcessor&quot;&gt;
		&lt;property name=&quot;fallbackToDefaultTypeMatch&quot; value=&quot;false&quot;/&gt;
	&lt;/bean&gt;
	
    &lt;!-- &lt;bean id=&quot;transformer&quot; class=&quot;com.xxxx.aggregatedelivery.transformers.JsonToHl7Transformer&quot;&gt;
   	&lt;/bean&gt; --&gt;
&lt;/beans&gt;",1389711295477
http://sealytics.github.io/ontologies/release-model#Bug-2f4c3603-d0e0-4f3f-8b57-c16d2662cb88,"Please use the mailing list / user forum for getting help with Camel and this kind of question.
http://camel.apache.org/discussion-forums.html
http://camel.apache.org/mailing-lists.html

The JIRA tracker is not the right place for these situation. See details here how to get help
http://camel.apache.org/support
",1389711295477
http://sealytics.github.io/ontologies/release-model#Bug-2f4c3603-d0e0-4f3f-8b57-c16d2662cb88,"Can you remove the &lt;cxf:rsServer id=&quot;rsServer&quot; &gt; part ?
I don&apos;t think you can put the url options into rsServer address attribut.",1389711295477
http://sealytics.github.io/ontologies/release-model#Bug-2f4c3603-d0e0-4f3f-8b57-c16d2662cb88,"I decided to try to whittle things down.  So I removed everything in the appContext except one pojo bean and an empty camelContext and I still get the error.

Caused by: org.springframework.beans.factory.BeanCreationException: Error creating bean with name &apos;camel-1&apos;: Initialization of bean failed; nested exception
 java.lang.reflect.MalformedParameterizedTypeException
        at org.springframework.beans.factory.support.AbstractAutowireCapableBeanFactory.doCreateBean(AbstractAutowireCapableBeanFactory.java:480)
        at org.springframework.beans.factory.support.AbstractAutowireCapableBeanFactory$1.run(AbstractAutowireCapableBeanFactory.java:409)
        at java.security.AccessController.doPrivileged(Native Method)
        at org.springframework.beans.factory.support.AbstractAutowireCapableBeanFactory.createBean(AbstractAutowireCapableBeanFactory.java:380)
        at org.springframework.beans.factory.support.AbstractBeanFactory$1.getObject(AbstractBeanFactory.java:264)

So I&apos;m stumped.",1389711295477
http://sealytics.github.io/ontologies/release-model#Bug-2f4c3603-d0e0-4f3f-8b57-c16d2662cb88,"It may relate to the POJO bean, can you try to remove it this time?",1389711295477
http://sealytics.github.io/ontologies/release-model#Bug-e52e78d0-8785-4fda-ad83-3e5c9826b967,"See https://github.com/bonnetb/camel/commit/d40c998509d99ddd45c49e95e31a96d43c827038 for a unit test + a quick fix

PS : I closed my pull request since its commit range was to wide.",1409345671389
http://sealytics.github.io/ontologies/release-model#Bug-e52e78d0-8785-4fda-ad83-3e5c9826b967,"Hi,
were you able to give that unit test a shot ?
Regards",1409345671389
http://sealytics.github.io/ontologies/release-model#Bug-e52e78d0-8785-4fda-ad83-3e5c9826b967,"GitHub user bonnetb opened a pull request:

    https://github.com/apache/camel/pull/260

    CAMEL-7766:  Make exception thrown in a sequential split propagate to main route

    Unit test to show the bug + quick fix

You can merge this pull request into a Git repository by running:

    $ git pull https://github.com/bonnetb/camel master

Alternatively you can review and apply these changes as the patch at:

    https://github.com/apache/camel/pull/260.patch

To close this pull request, make a commit to your master/trunk branch
with (at least) the following in the commit message:

    This closes #260
    
----
commit 9bd57c98d6d205975f74ae038d732ccbc5c8f048
Author: Benjamin BONNET &lt;benjamin.bonnet@m4x.org&gt;
Date:   2014-08-30T20:52:00Z

    CAMEL-7766:  Make exception thrown in a sequential split propagate to main route.
    
    Unit test to show the bug + quick fix

----
",1409345671389
http://sealytics.github.io/ontologies/release-model#Bug-e52e78d0-8785-4fda-ad83-3e5c9826b967,"Github user bonnetb closed the pull request at:

    https://github.com/apache/camel/pull/259
",1409345671389
http://sealytics.github.io/ontologies/release-model#Bug-e52e78d0-8785-4fda-ad83-3e5c9826b967,"Hi,
I created a new pull request with appropriate commit range.
Regards",1409345671389
http://sealytics.github.io/ontologies/release-model#Bug-e52e78d0-8785-4fda-ad83-3e5c9826b967,You should use the shareUnitOfWork option for that.,1409345671389
http://sealytics.github.io/ontologies/release-model#Bug-e52e78d0-8785-4fda-ad83-3e5c9826b967,"GitHub user bonnetb opened a pull request:

    https://github.com/apache/camel/pull/259

    CAMEL-7766: Exception in split not propagated to main route

    Here is a unit test and a quick fix

You can merge this pull request into a Git repository by running:

    $ git pull https://github.com/bonnetb/camel master

Alternatively you can review and apply these changes as the patch at:

    https://github.com/apache/camel/pull/259.patch

To close this pull request, make a commit to your master/trunk branch
with (at least) the following in the commit message:

    This closes #259
    
----
commit 03cacbfaf020f32f173f294b3698176546aff57d
Author: Benjamin BONNET &lt;benjamin.bonnet@m4x.org&gt;
Date:   2014-08-14T21:55:31Z

    JIRA-7701
    
    - more liberal choice of right method in proxy-client cxfrs
    - remove Content-Type header propagation from Camel to  CXFRS

commit 0a0e9283168bf47bcbe464fde177b0b0eb1f541b
Author: Benjamin BONNET &lt;benjamin.bonnet@m4x.org&gt;
Date:   2014-08-14T22:08:19Z

    added Apache file-header

commit d40c998509d99ddd45c49e95e31a96d43c827038
Author: Benjamin BONNET &lt;benjamin.bonnet@m4x.org&gt;
Date:   2014-08-29T20:48:11Z

    Make exception thrown in a sequential split propagate to main route.

----
",1409345671389
http://sealytics.github.io/ontologies/release-model#Bug-e52e78d0-8785-4fda-ad83-3e5c9826b967,"GitHub user bonnetb reopened a pull request:

    https://github.com/apache/camel/pull/260

    CAMEL-7766:  Make exception thrown in a sequential split propagate to main route

    Unit test to show the bug + quick fix

You can merge this pull request into a Git repository by running:

    $ git pull https://github.com/bonnetb/camel master

Alternatively you can review and apply these changes as the patch at:

    https://github.com/apache/camel/pull/260.patch

To close this pull request, make a commit to your master/trunk branch
with (at least) the following in the commit message:

    This closes #260
    
----
commit 9bd57c98d6d205975f74ae038d732ccbc5c8f048
Author: Benjamin BONNET &lt;benjamin.bonnet@m4x.org&gt;
Date:   2014-08-30T20:52:00Z

    CAMEL-7766:  Make exception thrown in a sequential split propagate to main route.
    
    Unit test to show the bug + quick fix

----
",1409345671389
http://sealytics.github.io/ontologies/release-model#Bug-e52e78d0-8785-4fda-ad83-3e5c9826b967,"Github user bonnetb closed the pull request at:

    https://github.com/apache/camel/pull/260
",1409345671389
http://sealytics.github.io/ontologies/release-model#Bug-e52e78d0-8785-4fda-ad83-3e5c9826b967,"Hi, 
using shareUnitOfWork does not seem to do the trick either : in my unit test, adding shareUnitOfWork, the exception thrown by the split is not caught neither by the split onException, nor by the main route onException.
Regards

PS : I added two tests to my unit test, in ordre to combine stopOnException and shareUnitOfWork options",1409345671389
http://sealytics.github.io/ontologies/release-model#Bug-e98ca38e-8355-4f49-a403-8aec6819e935,"Github user jfarrell closed the pull request at:

    https://github.com/apache/camel/pull/137
",1398153051559
http://sealytics.github.io/ontologies/release-model#Bug-e98ca38e-8355-4f49-a403-8aec6819e935,"GitHub user grgrzybek opened a pull request:

    https://github.com/apache/camel/pull/137

    [CAMEL-7383] adding dependencies on ServiceMix versions of scripting-api

    

You can merge this pull request into a Git repository by running:

    $ git pull https://github.com/grgrzybek/camel CAMEL-7383

Alternatively you can review and apply these changes as the patch at:

    https://github.com/apache/camel/pull/137.patch

To close this pull request, make a commit to your master/trunk branch
with (at least) the following in the commit message:

    This closes #137
    
----
commit f7f747888ab9cf1775f004f3b386bbc51a69fef2
Author: Grzegorz Grzybek &lt;gr.grzybek@gmail.com&gt;
Date:   2014-04-22T07:52:24Z

    [CAMEL-7383] adding dependencies on ServiceMix versions of scripting-api

----
",1398153051559
http://sealytics.github.io/ontologies/release-model#Bug-e98ca38e-8355-4f49-a403-8aec6819e935,"Applied the patch into camel master, camel-2.13.x and camel-2.12.x with thanks to Grzegorz.",1398153051559
http://sealytics.github.io/ontologies/release-model#Bug-7ba8ac0b-694b-488c-83ee-273c314b089a,Do you mind testing with 2.13.2 and/or 2.14-SNAPSHOT as we have had some fixes in advice-with recently.,1402064148706
http://sealytics.github.io/ontologies/release-model#Bug-7ba8ac0b-694b-488c-83ee-273c314b089a,Related discussion at users list: http://camel.465427.n5.nabble.com/AdviceWithRouteBuilder-weaveById-creates-duplicated-endpoint-td5751888.html,1402064148706
http://sealytics.github.io/ontologies/release-model#Bug-7ba8ac0b-694b-488c-83ee-273c314b089a,Works now,1402064148706
http://sealytics.github.io/ontologies/release-model#Bug-e261522d-8919-4734-8965-3b5962a56ae6,"Well spotted about the allow header to be returned - fixed that.

About the resource not found then that is handled by restlet already if an uri template does not match.",1406791190981
http://sealytics.github.io/ontologies/release-model#Bug-e261522d-8919-4734-8965-3b5962a56ae6,"In the fix applied in commit 563d143, how do we differentiate between the method not being allowed (405) and the resource not existing (404)? 

In other words, if we have a Restlet consumer listening on {{restlet:http://0.0.0.0/abcd?method=POST}}, these two circumstances are different:

* GET /abcd =&gt; should lead to HTTP 405.
* POST /abcd/def =&gt; should lead to HTTP 404.

Moreover, RFC2616 specifies the following:

{quote}
10.4.6 405 Method Not Allowed
The method specified in the Request-Line is not allowed for the resource identified by the Request-URI. The response MUST include an Allow header containing a list of valid methods for the requested resource.
{quote}

So we must return the Allow header along with the HTTP 405. 

Can we delegate this stuff to the Restlet engine instead of handling it manually?",1406791190981
http://sealytics.github.io/ontologies/release-model#Bug-fa4d3115-ce04-4395-9fe9-ccd96d6dbb18,Applied the patch into master and camel-2.12.x branches.,1383155115042
http://sealytics.github.io/ontologies/release-model#Bug-583a631a-6518-49d1-b788-6cd46f739620,I already sent a [PR|https://github.com/spring-projects/spring-data-redis/pull/103] to spring data redis. ,1410792303697
http://sealytics.github.io/ontologies/release-model#Bug-3493e73a-d6d6-4fb9-8dce-6647f7634058,"Applied the patch into master, camel-2.13.x and camel-2.12.x branches with thanks to Stephan.",1397454584733
http://sealytics.github.io/ontologies/release-model#Bug-3493e73a-d6d6-4fb9-8dce-6647f7634058,"BTW: There was even a unit test for this, however it contained a bug: the test route just returned all the request headers in the HTTP response, so the headers were passed through via the server.",1397454584733
http://sealytics.github.io/ontologies/release-model#Bug-58ffd9cb-079b-456a-809b-effddaebded8,"Also the feed that exposes this issue is the BBC weather rss feed:

http://open.live.bbc.co.uk/weather/feeds/en/2643123/3dayforecast.rss?splitEntries=true&amp;consumer.delay=5000&amp;sortEntries=true&amp;lastUpdate=2014-08-06T11:08:11
",1409923047882
http://sealytics.github.io/ontologies/release-model#Bug-58ffd9cb-079b-456a-809b-effddaebded8,Added the patch,1409923047882
http://sealytics.github.io/ontologies/release-model#Bug-302736d7-3289-42fb-bb96-f24da5ee2004,junit test with the issue,1391169617420
http://sealytics.github.io/ontologies/release-model#Bug-302736d7-3289-42fb-bb96-f24da5ee2004,"You should use the mailing list / user forums to get help with your Camel projects.

Read all of this page
http://camel.apache.org/support",1391169617420
http://sealytics.github.io/ontologies/release-model#Bug-ba7e5725-46ab-499f-97ed-fcbc68fd7121,"Yeah the disconnect logic should be moved to an UoW instead of post poll check. Though the trick is to only disconnect on the last Exchange, eg in case the consumer polled 5 files, then the disconnect should only happen on the last UoW. And that gets more complicated if the exchanges is processed in parallel and asynchronous. Then you could have that even the last file polled was not last processed, but maybe it was the 3rd file etc.

But for a single file, such as you may use with pollEnrich then there is only 1 exchange and therefore a bit easier.

",1404238719438
http://sealytics.github.io/ontologies/release-model#Bug-ba7e5725-46ab-499f-97ed-fcbc68fd7121,"I&apos;m not sure I explicitly said this, but the &quot;non-pollEnrich&quot; test also throws an &quot;java.io.IOException: An established connection was aborted by the software in your host machine&quot;, although the test case itself still completes successfully (and has the file deleted).",1404238719438
http://sealytics.github.io/ontologies/release-model#Bug-ba7e5725-46ab-499f-97ed-fcbc68fd7121,"Sounds like disconnect is executed before the file is deleted, which happens with the UoW is done. Likely need to move the logic to disconnect in the UoW after file is deleted.",1404238719438
http://sealytics.github.io/ontologies/release-model#Bug-ba7e5725-46ab-499f-97ed-fcbc68fd7121,"Something has to know when all the UoW(s) are done, right?  Would it be possible to put the disconnect logic in the &quot;supervisor&quot; (if there is such a thing) of the UoW(s), after they have all completed?",1404238719438
http://sealytics.github.io/ontologies/release-model#Bug-ba7e5725-46ab-499f-97ed-fcbc68fd7121,"Claus - 

I either have to come up with some hack using a bean and ConsumerTemplate, or given I can get my head around the fix you are suggesting, I can look into trying to create a patch for this issue.  I have breakpoints in the code at SftpConsumer.postPollCheck() (which does the disconnect and is NOT in the UOW) and GenericFileDeleteProcessStrategy.commit() (which does the delete and is in the UOW).  If it was easy enough to point me towards the piece of code(s) that I might be able to move from A to B, I can test it and submit a patch.
",1404238719438
http://sealytics.github.io/ontologies/release-model#Bug-6c72a1e0-d39b-4ba6-9a5e-8f1af561413a,An unit test to demonstrate this bug would be great. And as usual patches is welcome to fix this as well.,1378735492969
http://sealytics.github.io/ontologies/release-model#Bug-6c72a1e0-d39b-4ba6-9a5e-8f1af561413a,"I&apos;m currently out of office. I&apos;ll return on Wendesday 2nd January.


",1378735492969
http://sealytics.github.io/ontologies/release-model#Bug-6c72a1e0-d39b-4ba6-9a5e-8f1af561413a,Patched ServiceInterfaceStrategy,1378735492969
http://sealytics.github.io/ontologies/release-model#Bug-6c72a1e0-d39b-4ba6-9a5e-8f1af561413a,"The problem seems to be fixed by commenting out the following line 99, method &quot;private List&lt;TypeInfo&gt; getInInfo(Method method)&quot;:

//typeInfos.add(new TypeInfo(null, null));

I&apos;ve been using the patched jar for a while without noticing problems. Is the TypeInfo(null, null) required in other methods?

Sorry I&apos;m not submitting a proper patch, I&apos;m new in Jira.",1378735492969
