1227
375
1495
2041
1354
1347
3107
2095
1495
1354
1701
1495
2041
1347
3107
2095
1495
375
1347
3107
2095
1495
1652
1347
3107
2778
3169
3169
1665
291
3235
764
1652
281
2374
3085
1227
375
1495
2041
1354
1347
3107
2095
1495
3095
2651
605
212
1288
1348
1085
212
378
1612
378
378
1612
2208
2519
159
2519
2519
1612
378
1771
1612
1348
3232
584
2496
46
1071
1348
2294
2969
3235
2188
108
1347
3107
2095
1640
1638
551
3107
2095
59
2249
2249
1227
375
1495
2041
1354
1347
3107
2095
1495
2965
2385
1339
2537
2694
375
1495
2041
3119
2346
1347
3107
2095
1495
375
2095
2431
2095
768
1183
1541
1234
1495
2041
1512
245
3134
57
2336
232
2204
612
580
2980
2095
212
283
2095
212
580
1347
3107
2095
1495
2405
2512
2040
2780
2223
607
1990
1181
1354
587
280
1329
1347
1329
1130
1952
1329
1909
2939
359
3082
2617
525
438
928
2519
1329
133
3079
2249
1060
1414
460
1731
541
1446
1060
1414
1414
460
1731
541
1060
1414
2420
32
2206
935
1493
1358
1060
2939
1578
450
331
3231
1674
450
967
125
1865
449
1769
2941
1440
2619
1414
460
1731
1013
541
1060
1414
541
159
3231
1334
1414
722
2278
1518
551
60
1749
490
2951
1907
722
722
2278
2216
159
722
2278
2278
1414
722
1556
1830
882
1056
2095
2095
2170
1830
60
722
2951
60
2951
60
2278
1830
1556
60
1749
722
722
60
1749
490
2951
1907
722
722
722
722
1556
882
1056
2095
2095
2170
60
722
2951
2951
60
2278
1556
60
1749
2278
1060
2951
490
60
722
2951
722
60
722
2951
842
1414
1181
1751
1060
1414
2278
1060
2951
1414
76
2661
3255
801
1181
761
1414
1268
1429
1268
3090
2150
1429
1414
1749
2488
729
873
1865
1018
1414
1268
1429
1268
3090
2150
1429
1414
1350
1366
1234
2420
925
2791
1366
1031
2185
3095
2984
280
1347
3107
2095
1495
2319
1181
1329
1366
3038
2455
2497
1130
3235
2025
629
1347
548
1469
3107
726
2095
410
548
1165
2170
1131
2170
2022
1879
1329
641
2170
1212
188
1181
60
33
375
438
1422
1470
2095
2224
665
60
1618
907
1546
1618
2185
462
1662
2942
562
224
702
2698
703
2582
3230
1816
2151
2448
1347
401
480
1307
1865
2278
323
702
1457
818
2578
401
2097
961
2831
1347
1126
2095
2097
1174
191
199
3134
2151
3092
2872
2788
2578
1347
1640
2249
2880
1676
59
1477
3092
2802
1362
2299
962
2132
199
280
1453
1533
210
2788
719
2578
901
1414
2136
323
764
1079
828
2558
2299
2657
2459
2299
2095
401
2459
3254
1697
1234
1530
472
916
3132
541
2427
2081
2043
1894
759
1406
913
1479
2872
1406
1234
1347
3107
2095
1495
1227
375
1495
2041
1354
1347
3107
2095
1495
1347
3107
2095
1495
2537
1901
1171
280
3011
1130
2257
887
1977
2829
1363
280
842
445
3191
801
3237
2817
1905
3091
2939
1387
928
884
2186
2380
2319
280
1347
2095
601
2204
1148
2388
328
1749
414
1208
43
1031
916
2204
1345
3191
1208
1800
2179
1208
1800
1827
3003
1027
2512
2006
1529
933
3172
1914
2796
877
1619
1234
1841
1234
1347
2095
427
2095
817
786
460
1414
2454
1945
20
1354
224
2058
2249
1462
166
2101
1581
2657
1581
2657
563
2095
323
908
224
722
2095
78
1581
2657
1138
2095
1347
1130
3107
1149
2095
2186
2651
2661
2101
401
2436
2453
3132
2097
2657
2186
1354
1253
401
784
825
401
2832
3150
1354
1059
166
2101
2657
2354
1581
2657
166
2095
401
2657
401
2097
2206
2661
779
401
2095
2657
2097
2732
2095
2097
524
2657
2936
2095
1084
1581
2732
2095
1581
524
2657
2249
2785
59
2610
199
3107
2095
1581
2785
199
1354
2095
1347
1130
3107
1149
2095
784
401
2217
1356
3170
273
2459
2785
2913
2610
1459
2023
1347
3107
2095
1495
1354
761
1730
1182
1347
3107
2095
1495
801
70
2029
101
2420
2942
607
1091
2294
2372
1347
3107
2095
1495
1727
2879
324
1495
2041
1462
1234
1414
2230
1966
1234
2095
1414
389
2354
607
115
2231
627
344
1546
1598
498
790
588
3235
2081
2095
790
25
2492
260
1844
1120
118
2087
2355
3010
607
1354
2436
460
263
1807
1234
2818
237
108
1057
84
1354
3235
2139
1272
1241
2095
1234
1671
3235
261
1495
2041
836
3235
2025
2107
2095
882
986
836
965
1234
2125
3235
2095
2975
487
1234
1354
908
50
1326
1354
280
151
922
1647
764
1234
607
2997
1721
2751
3174
2095
1414
3107
790
790
1403
2494
3107
3107
3068
3107
1013
3107
1013
3107
3107
408
408
3107
3107
3107
2095
292
3107
2095
1735
3107
2095
1735
3107
2095
3107
2095
3107
2095
1735
3107
2095
3107
2095
3107
2095
2659
2170
2698
705
3107
2095
2659
2170
2698
705
3107
2095
2659
2170
2698
705
3107
2095
3107
2095
2659
2170
2698
1414
1665
1234
2095
1347
3107
2095
1495
1856
2095
2738
2661
1347
3107
2095
1495
2354
607
2640
1643
2095
1354
435
113
2095
1414
2087
1234
84
1889
1354
2095
1598
2981
74
1562
2810
896
2185
2581
2266
994
571
3225
2040
1966
2651
358
1270
942
942
2909
1156
2221
366
922
1647
2221
2206
829
1966
2512
817
1347
3107
2095
1495
2942
2942
2512
458
2303
1414
2058
2058
1414
1414
2097
1414
3235
70
1943
396
2221
2001
887
1156
3107
696
1156
2221
3107
1156
2221
117
2687
3169
2492
1414
1085
1414
2919
1234
2249
1334
1347
3107
2095
1495
2266
211
668
817
3235
1462
1954
2221
1652
449
814
128
779
2888
2313
1002
3223
2029
300
637
401
2095
779
1156
2221
585
401
2095
1156
2221
585
3169
153
1085
1156
2221
1955
1156
2221
1354
1772
779
1674
438
1901
1582
401
2810
2420
2095
1990
2661
1995
2785
2785
2610
882
2454
2095
29
753
2029
199
2933
2820
1866
2872
936
645
1889
2841
3150
2198
2095
29
753
2872
936
2800
107
2095
1987
3119
3235
2319
2939
1350
3085
1390
1622
753
1995
2249
212
1347
3107
2095
1495
1701
1495
2041
1347
3107
2095
1495
1227
375
1495
2041
1354
1347
3107
2095
1495
1347
3107
2095
1495
1701
1495
2041
1347
3107
2095
1495
1071
2095
1701
1347
3107
2095
601
1347
3107
2095
1495
1071
2095
3174
854
2087
2872
2095
107
2095
2085
2095
107
257
257
2420
2546
1302
3167
3108
1028
1768
1227
2095
2936
1028
2207
1630
1227
2095
2936
2660
1993
2386
2095
2936
1028
2834
1630
2660
1993
2386
2095
2936
2660
1993
2386
1302
3167
3108
2525
836
2525
107
1444
754
2095
2097
396
3169
166
961
587
551
1870
1894
1085
154
1870
1870
2201
2201
1870
2201
2201
2307
2307
3107
2095
107
551
3107
2095
107
551
802
1444
107
154
1465
2223
802
1477
2095
2936
2095
3107
2095
107
1366
408
257
257
2095
154
1227
154
802
497
525
854
925
2300
2872
2454
2095
107
2465
3146
801
1414
2095
107
570
570
2185
2936
2095
802
3107
2095
107
378
2835
2835
1050
2184
2532
2115
2994
2994
1419
802
2936
2095
3107
2095
107
378
2835
2835
802
1414
2394
551
1571
1414
551
2430
1085
481
3247
2581
951
212
2095
1995
2610
3226
2474
1073
212
2740
106
2581
2579
2698
1556
2698
1414
1562
1354
2231
2186
2306
2482
1227
375
1495
2041
1354
1347
3107
2095
1495
1701
2306
1604
2482
1347
3107
2095
1495
1495
2041
1347
2095
1495
1347
3107
2095
1495
2698
884
779
802
2698
1181
1642
2095
814
2767
2637
836
1234
293
2978
2204
885
460
460
3169
460
722
1701
2306
1077
1130
1479
3235
1347
3107
2095
1495
3079
836
1414
436
1204
1085
1085
2050
1204
1085
1556
2050
2434
1725
1140
1840
2455
492
2050
541
2050
541
2050
1414
3235
2142
2807
1354
1414
2976
1414
1227
375
1495
2041
1354
1347
3107
2095
1495
1347
3107
2095
1495
375
1495
2041
1354
1347
3107
2095
1495
1227
375
1495
2041
1354
1347
3107
2095
1495
1650
1347
3107
2095
1640
2249
2327
164
3169
1085
570
2105
570
2432
3223
2828
1769
1650
1495
2041
1347
3107
2095
1495
3169
884
414
1650
2600
1991
2327
2420
1948
458
925
33
1159
619
539
1018
854
2056
3061
458
622
842
457
458
1634
842
457
458
3061
619
2546
3087
936
458
919
619
458
619
2420
619
539
3087
936
458
3087
619
1864
2420
1130
842
2455
1982
76
2040
3061
1345
224
2095
980
2694
24
2332
2226
842
2920
2226
2420
619
539
3087
936
1948
3087
107
2420
1948
541
570
2920
2208
3087
936
2011
2095
225
2891
3161
3235
1458
472
1354
3036
1691
2719
212
1211
3168
1426
106
1354
1701
1495
2041
1347
3107
2095
1495
1966
1730
375
1234
1347
3107
2095
1495
2601
1181
280
33
1234
3095
375
3092
936
3168
986
199
936
986
444
2149
3168
2668
936
1533
986
1084
936
2575
33
802
3079
829
3169
70
2705
1345
1433
2994
33
1571
1347
1130
3107
1149
3169
3169
2941
1097
2872
3169
2941
378
2601
3169
868
2705
2419
3202
501
2282
2872
3169
2941
378
418
2924
3202
1367
3122
3169
1049
2303
1800
1414
3110
588
2941
1533
2095
3235
1529
2931
1049
2303
2126
2931
213
1414
1049
3077
2713
2976
2713
1414
1513
2303
1529
922
1647
514
1227
3097
375
1495
2041
1354
1347
3107
2095
1495
1701
1495
2041
1347
3107
2095
1495
1347
3107
2095
1495
1347
3107
2095
1495
607
1347
3107
2095
1495
3225
1347
3107
2095
1495
2788
1234
2292
1495
401
2095
1619
1414
1234
3095
280
1347
3107
2095
601
1623
922
2578
1587
2578
1253
2103
2825
551
280
2249
32
1347
3107
2095
1640
2249
410
1623
922
1623
922
1477
1587
870
117
922
3150
246
817
817
2818
1701
1587
1477
2601
2453
2095
2210
1495
2041
1227
375
1495
2041
1354
1347
3107
2095
1495
1354
1701
1495
2041
1347
3107
2095
1495
1665
1354
1347
3107
2095
1495
375
1495
2041
1354
1347
3107
2095
1495
375
1495
2041
1354
1347
3107
2095
1495
1347
3107
2095
1495
1227
3097
375
1495
2041
1354
1347
3107
2095
1495
375
1495
2041
1354
1347
3107
2095
1495
280
1347
3107
2095
1495
2360
2115
1414
1414
2360
3172
3172
3172
2360
2360
490
3172
541
1446
3073
2432
2360
2632
1414
2394
25
2170
936
1684
1413
2394
3235
2951
283
2170
936
1750
1772
2698
2360
817
199
2785
3173
283
1387
105
1661
133
1661
2681
376
2510
2223
1661
376
2175
884
2402
2661
395
1418
2450
2804
3173
283
1431
193
2681
1977
475
2450
1461
2320
283
1160
2095
1750
2360
1151
2618
1541
1064
882
1541
1129
2360
1929
2282
25
94
184
2427
1252
2856
1354
669
1566
2450
2186
1346
1233
2151
283
1252
105
2204
2753
2450
475
2170
2151
3122
1234
1354
1093
2078
1234
2095
1638
550
2360
2186
2170
2939
3122
1501
126
283
1598
3231
1598
2170
25
1598
2170
607
460
3235
2698
283
2170
936
283
936
283
2170
212
2698
2785
2095
1421
283
2170
212
280
922
1750
2785
2925
3212
1227
375
1495
2041
1354
1347
3107
2095
1495
2950
2668
376
801
376
700
2380
2785
199
2151
762
1392
2170
1595
762
2939
862
51
645
3173
50
336
1414
1414
2872
2095
107
283
199
2360
3172
3172
3172
2360
2432
2360
490
3172
541
1446
3073
2360
2632
1414
868
2182
3002
2661
283
936
1747
2819
2170
2244
1245
94
296
3174
3011
1424
2392
1493
2430
2802
2671
2206
936
1750
2687
904
32
1414
2698
1354
1619
1414
2115
2453
817
50
1234
1601
2942
884
3235
2352
1618
1387
1501
2618
1677
2360
1151
3235
1302
2618
1750
2067
1234
2095
2360
25
801
1368
2223
1347
3107
2095
601
607
2360
1645
2450
2897
2360
25
2618
1634
2661
2360
2618
1064
843
1354
2802
2698
2913
2562
2249
2661
652
348
779
401
878
1047
936
2467
212
212
1519
1634
212
2151
936
840
1414
42
2249
2698
2802
779
401
2386
2657
779
1096
949
2095
2993
2095
2439
1074
71
2249
212
2151
2872
199
2239
779
401
1515
2925
1366
1047
1414
1870
1366
836
836
1414
1414
1047
970
779
779
1047
2243
616
3163
263
3163
3163
3163
616
2243
790
790
1047
1414
1286
887
210
3113
672
1177
2393
1181
1533
1347
1130
1870
1149
448
1514
588
506
2478
779
1096
1882
1190
177
2939
1446
1882
1749
2546
887
548
970
1446
2393
663
1991
3183
1354
1089
1852
1772
2713
1977
263
401
401
1838
1854
159
1262
1896
961
1414
2657
2095
2936
257
2095
2097
2657
2150
2214
2657
2095
2936
257
2095
2097
2657
2150
2214
3107
2095
705
3107
2095
705
3107
2095
3107
2095
3107
2095
3107
2095
1414
2854
159
2939
2203
1089
1414
1227
2648
128
224
1428
1414
1870
1085
1870
1085
1870
3107
1355
2352
1414
2186
2155
652
2648
2095
199
1354
2897
1772
2690
936
199
1786
2327
3235
147
193
177
1089
2204
2214
1107
2897
2643
1776
1153
890
2204
3235
2927
1462
2095
1638
1009
2441
2939
882
263
1619
836
2095
2358
32
1089
2210
1447
599
2913
2210
1232
323
2029
2512
323
323
779
3119
2210
3103
323
2115
1977
2125
2831
2980
1977
32
1638
1984
2683
702
599
2913
32
2661
2226
1067
2818
2125
2831
2788
2788
32
1462
2661
2095
1638
599
2095
1638
1984
2337
599
2346
2210
2210
32
599
1075
2913
1984
506
669
999
2078
308
1090
1321
1031
3235
1889
2087
599
2292
3235
3094
1154
323
599
1602
411
1169
2095
1984
2047
2029
2087
2017
2095
323
323
1542
2331
401
1966
2210
2661
2785
3111
2358
1850
2095
2210
3235
396
2315
1008
3235
2762
836
1597
3238
32
922
485
282
836
615
1597
964
2420
3103
323
2999
32
2660
1413
1369
2913
2095
964
2420
1462
224
2087
1169
1089
3188
1462
1262
2186
1169
440
159
742
1345
1920
280
166
506
2280
2308
2808
2308
2095
2210
2961
890
1726
2448
1475
1981
458
1413
1355
620
1518
2899
632
2574
3254
2795
281
563
563
836
1518
1638
702
1143
1518
2703
3128
411
2913
3107
1355
3235
2551
3107
257
1181
1344
1347
1130
3107
1149
2195
986
599
1518
2231
2913
1638
620
599
2999
2485
2913
818
2913
3235
3119
401
2095
32
1185
3210
1089
1031
590
1605
2698
1354
1416
1514
936
2249
212
986
836
280
2095
1414
887
548
1469
3107
726
2095
410
2942
2213
1730
1984
2186
1604
2306
1984
840
3107
1355
1984
840
3107
1355
1270
1355
1347
1319
1319
210
836
2923
52
779
2766
2830
2186
1420
577
2713
2186
681
2185
1475
2582
2651
263
3107
1355
501
3107
1355
501
1359
1598
1912
1414
1162
3108
1031
3128
1045
50
280
3107
702
836
836
3107
2913
1638
836
836
511
2127
2942
3253
637
241
2902
2660
1413
1369
2913
1966
2600
2909
2253
964
2420
3103
323
2999
1252
76
1821
840
2466
3122
719
2578
259
1414
2707
836
2818
1414
5
3198
2095
1966
1413
2095
3247
323
2581
2660
2657
2095
961
2115
2443
288
2306
887
2109
3107
2095
1870
3071
108
3107
2913
3107
702
2648
1414
1234
1920
2785
199
1031
2662
2578
802
2698
199
2249
1402
1749
2466
2648
1414
3107
323
836
200
846
2546
1749
1821
840
2648
1414
3119
964
2420
2087
2095
1902
836
1130
1905
2942
2908
3122
922
3122
238
1234
78
1347
3107
2095
1495
2457
836
2264
836
836
2457
228
1495
2041
2095
891
1347
1130
3107
1149
2095
1665
2223
2095
2095
1505
594
25
854
1001
1991
189
972
1727
594
3225
887
2109
2934
3172
3191
2095
2687
953
2430
3043
2758
1205
210
343
1413
2712
3172
1431
418
3175
2041
1347
3107
2095
1495
1007
681
373
259
1414
2497
2687
1735
919
2994
2186
3134
2661
1795
60
380
862
241
2186
70
2186
2873
1730
173
1270
2909
1347
3107
2095
1495
1987
1431
3245
1336
2097
2657
1336
3169
3034
2403
3034
836
2294
2592
401
3169
928
1574
1347
3169
689
817
3034
829
3169
1704
1529
2095
2358
553
1957
1564
1414
1533
2095
3235
2120
2954
3056
2792
3169
2088
2313
2198
2698
3169
3169
2913
1977
2363
2198
887
871
664
2294
3169
2525
1143
1169
2089
323
416
2301
218
611
224
1541
2358
3003
1526
3169
2525
401
3169
1031
2292
3235
1574
1767
435
2102
1517
3041
3169
836
836
2734
2095
1414
3235
3169
2346
588
2358
2354
2186
1694
2572
3169
1157
401
1905
939
728
2186
681
2210
3169
2828
435
2186
3169
1009
2703
435
1232
1767
435
669
1095
1529
2695
1068
1977
2232
1891
1234
2336
2358
2643
1169
166
3169
2525
2097
563
323
2999
779
300
3010
2641
3145
2027
1130
657
1181
2186
2851
959
2065
2693
1093
2346
1034
2572
2097
468
2817
2133
2679
836
1683
2923
3169
2525
401
757
1302
3169
2525
2657
2657
989
1089
563
1581
3134
1302
3169
2525
2657
1156
1870
2657
989
1089
224
1156
1870
1683
401
1302
3169
2525
2657
1638
2657
989
1089
1302
3169
2525
2657
182
2657
989
1089
637
2358
1302
3169
2525
2657
2735
2657
989
1089
3169
401
104
1120
1212
1302
3169
2525
2657
2657
989
1089
3169
1009
1891
1234
2336
2358
3235
296
1347
2095
689
2095
1347
2095
601
2395
1130
1647
1354
3169
2525
954
563
1598
323
1984
1347
1130
3107
1149
3169
1647
2645
2097
1414
1302
3169
2525
2657
2657
989
1089
1302
3107
2284
997
1414
3169
2525
620
74
268
54
1984
878
1047
3032
323
33
2828
3235
1252
961
343
2097
3169
401
1347
3107
2095
1495
1347
3107
2095
1495
1462
1647
2657
401
2097
3169
476
1581
3235
786
2851
3028
2186
2622
3132
401
2270
1414
1302
1156
1638
2657
1156
2657
989
1089
1414
2785
401
1414
1302
2659
2657
2657
989
1089
1302
2657
1156
3167
2657
989
1089
1302
2657
2657
989
1089
1302
2659
2657
2657
989
1089
1414
418
2431
2263
1882
1354
1701
1495
2041
1347
3107
2095
1495
3235
1347
3107
2095
1495
1977
1919
585
645
2857
2909
2843
1843
2625
1921
2204
2355
936
902
3235
1032
296
936
2095
1136
571
800
1977
681
1414
1855
1685
1130
3051
2909
632
1488
107
107
25
375
2040
1042
1444
2294
1488
375
296
2053
802
1650
2053
3096
2053
25
2299
2053
2146
2053
320
919
336
571
1342
3079
1661
2103
2780
212
587
2810
2096
212
2040
2648
2196
1488
1501
587
212
3176
922
2616
2681
1977
1966
2053
320
2096
1571
844
2040
587
844
2502
2492
1571
57
1354
2909
1347
2095
669
970
1149
2095
280
1347
3107
2095
601
280
1347
3107
2095
1495
1347
2095
1495
1517
3155
2923
3096
1025
1354
3079
3155
2460
2095
2095
2813
2795
3079
210
801
2830
2698
2578
1652
1530
2923
3194
401
2097
3067
669
59
1727
2813
1533
2713
3107
2095
2344
1769
2923
3194
1587
2513
1137
2095
2657
3235
949
976
2923
2095
1864
1612
1462
3240
2095
2923
696
2923
760
2466
536
1969
147
2760
2923
2063
1773
2095
1638
1501
2466
1581
1588
2659
2170
2659
696
259
2453
2628
2466
94
2344
2819
3194
2676
1888
2095
1440
2923
1587
535
2022
3194
1882
1354
1542
1347
3107
2095
1495
3079
2249
817
1347
3107
2095
1495
3107
2095
1495
2294
607
2497
1398
2559
1530
2198
1557
2980
2690
1423
2378
1347
3107
2095
1495
172
607
2249
2909
2442
1896
235
2095
1347
1130
3107
1149
2095
2635
281
1047
2581
2336
2336
375
4
2170
212
1347
3107
2095
1495
435
46
2369
1333
2244
1966
343
1652
1130
590
1750
2027
2820
1347
3107
2095
1495
251
1619
887
2572
1333
1977
1972
1347
1162
2032
1162
887
2572
1333
1977
1972
3189
1024
2266
2705
1954
887
3230
1181
3098
986
933
2095
2937
2442
2025
1792
2198
3135
1792
1861
2442
2625
2598
1677
435
1462
2170
212
2951
1333
3165
887
2319
2478
2386
2489
2198
2661
1414
2625
1227
1414
1010
887
210
1403
3135
1227
375
1495
2041
1354
1347
3107
2095
1495
1252
2058
3119
984
3128
133
1414
472
14
2051
159
3191
2705
2058
844
133
3191
213
1150
133
3191
1150
2430
133
3191
133
1150
2430
222
3192
3192
222
1493
3192
2951
2468
2012
1414
1414
472
14
2058
2618
3240
1645
2950
2602
621
1958
2095
2058
2058
1414
2327
133
2690
1423
2087
475
2661
1502
764
961
449
936
212
936
986
1162
1839
1124
2095
825
1124
1536
2099
85
1057
1340
2657
1505
2859
2690
3131
3090
1190
1966
2661
2127
2632
1583
2243
1966
1414
2386
2206
2336
133
2690
2017
2632
2592
2214
1910
1749
2632
133
1749
2632
2632
2214
2632
436
427
590
2095
2002
2074
1413
2574
798
2690
133
2167
2465
2243
1603
3235
2690
1583
2074
2492
133
2698
2420
2420
1386
2095
212
475
480
2889
2512
2657
1414
1347
2095
3107
210
2891
3161
1414
199
3007
1177
2891
3161
2689
285
32
32
2512
2095
1581
2657
1347
3107
2095
1640
1581
551
3107
2095
1581
2909
2095
2614
32
133
720
2386
1354
1701
1495
2041
1347
3107
2095
1495
1509
2277
1347
3107
2095
1495
3134
1227
375
1495
2041
1354
1347
3107
2095
1495
1347
3107
2095
1495
1347
3107
2095
1495
1227
375
1495
2041
1354
1347
3107
2095
1495
3244
2897
2600
1347
3107
2095
601
1227
375
1495
2041
1354
1347
3107
2095
1495
1470
2095
1091
2661
942
32
1866
438
3175
2041
16
2939
1866
1977
1246
1991
2796
658
1866
1642
16
1866
2285
2908
1488
2047
1817
2095
1140
1541
2095
104
2186
1339
1431
1354
2906
882
3017
1012
2095
2275
1489
2195
306
2095
1982
3179
1414
1800
2274
1210
2019
2002
2074
2274
2442
1192
3235
916
2948
1501
1882
2897
213
641
2948
1795
2618
2058
2369
2497
2095
51
460
1718
432
2139
1718
15
2897
2017
2394
2360
804
25
1598
25
2820
2186
786
2618
3027
623
1262
1526
324
525
2319
2599
550
2287
1645
1495
2041
460
1587
1477
972
3169
70
401
2294
3092
2095
2520
396
2095
1638
524
396
2095
1638
524
1402
2095
3169
1492
681
2954
2344
460
2601
3235
100
2572
502
396
2029
836
1977
3158
1414
1347
3107
2095
1495
1354
2378
607
681
3134
1347
3107
2095
1495
1492
681
2378
166
3169
3169
224
451
836
2913
1143
451
1089
323
2463
3169
3235
344
1506
3169
1529
2358
3235
3095
3169
1156
1870
3169
1638
702
702
2537
343
1347
3107
2095
1495
2683
1347
1130
3107
1149
2095
1347
3107
2095
1495
449
1146
1156
1870
658
2199
3169
2206
1769
2354
2512
637
1870
2294
1838
1655
961
1354
1423
1156
1870
3169
669
2453
2097
1132
2913
2913
1143
1414
1807
2097
2031
458
1898
2831
458
458
458
2453
2095
669
2097
524
458
458
458
779
1047
2031
2095
2097
458
3107
2095
2095
2097
1906
524
458
3107
2095
2095
1638
2657
524
263
458
3107
2913
2657
263
458
3107
1638
2657
263
458
2657
263
458
3107
1156
1156
744
2657
263
458
1156
1308
1156
1308
2657
263
458
2657
263
458
2657
263
458
970
410
2657
458
1156
2221
1156
2221
2657
263
458
1156
1156
2657
458
3107
2516
2516
2840
2657
263
458
3107
2516
2516
1839
2657
263
458
3107
2516
2516
2913
2657
263
458
3107
2657
263
458
2034
85
85
1402
2657
263
458
2034
85
613
1381
2657
263
458
2034
85
85
2657
263
458
2034
85
85
2657
263
458
2034
85
85
2657
263
458
2034
85
85
2657
263
458
2034
85
613
548
2657
263
458
2034
85
613
2657
263
458
2034
85
85
1655
2657
263
458
2034
85
85
2657
263
458
2034
85
85
528
2657
263
458
2034
85
613
2657
263
458
2034
85
85
2657
263
458
2034
85
85
887
2657
263
458
2034
85
85
1355
2657
263
1414
2698
1414
2097
2031
1414
563
1156
1870
2115
698
2820
1533
1156
1870
1514
2095
1156
966
2909
1347
3107
2095
1495
1864
2091
1533
1347
3107
2095
1495
3225
681
3051
2294
1126
1156
1870
2651
2851
1156
1870
2999
1577
396
2097
323
836
1222
2358
2206
2477
836
2454
1156
1870
1132
2828
3013
1730
1156
1870
1156
1501
2466
1414
1587
1477
3169
1414
2698
2095
2520
1587
2830
986
1414
1414
814
361
903
1386
1156
1870
403
2514
151
2358
11
32
632
1347
3107
2095
1495
1227
375
1495
2041
1354
1347
3107
2095
1495
1347
3107
2095
1495
928
2058
2559
1961
2336
2185
986
884
1031
590
3111
1066
460
2185
375
280
1347
3107
2095
1495
238
2095
2443
238
2942
1902
1698
2530
999
1899
1419
2512
3189
2537
637
2257
2318
3235
2120
1130
1475
2889
1529
1905
2306
873
2145
836
2140
1556
141
1354
3174
2095
836
2095
2661
1612
817
3095
228
922
2095
1398
3079
524
1414
1453
922
366
3056
91
1497
2640
829
2095
2294
199
18
1541
1234
525
904
2537
2161
1681
1977
829
3228
1022
2319
1990
2797
2482
2939
52
2306
1462
999
1130
2984
448
3134
2485
2041
1347
3107
2095
1495
3235
1084
57
2942
2250
2041
2668
280
607
2095
3235
1495
2041
97
607
1181
3204
882
1354
1701
1495
2041
1347
3107
2095
1495
1354
1701
1495
2041
1347
3107
2095
1495
2913
1181
1414
3091
696
283
3165
2186
1295
2719
2788
31
2095
1414
1391
1977
2356
2913
1414
1414
957
1262
91
2033
1414
1414
1246
1530
2294
218
2785
2138
2908
1650
2294
2785
2661
1424
2231
2785
193
1730
2231
2785
2138
283
3165
2186
2980
25
2873
2002
801
1234
1130
280
3090
1089
3146
2920
2494
1990
235
933
1354
1347
1130
3107
1149
2095
2087
1526
3235
107
913
2941
341
1977
1844
246
458
2095
1909
3237
458
2095
541
2604
2985
1768
458
2095
3119
354
2370
1288
1288
2095
1227
458
2095
2941
1670
458
1418
458
1418
2908
60
92
92
458
1418
1488
1676
1035
458
2095
1909
3237
458
1418
458
1418
2908
60
92
92
458
1418
1488
1676
1035
1198
1085
1085
919
375
773
2575
902
1557
2717
1383
1776
2294
518
1414
1948
882
1056
2095
2095
1638
551
3107
2095
2659
2170
804
1557
3193
2430
1557
2768
2430
2430
1383
1948
299
2430
2430
1948
1414
2266
1803
2195
3134
2170
1571
586
1433
214
1853
2010
1383
2717
1454
3011
2149
169
1530
2540
2266
2768
2677
1433
3135
2266
2747
1234
1495
2041
1347
3107
2095
1495
375
1347
3107
2095
1495
3235
1695
1619
337
1568
2149
3169
2659
113
459
2010
942
1731
1370
942
2164
1495
3169
1227
375
1495
2041
1354
1347
3107
2095
1495
3094
1924
2095
942
2659
3169
2976
2661
942
3169
1418
378
1730
1991
2047
1148
2054
1619
1529
791
942
2164
224
343
46
1874
942
49
2661
3169
942
2976
1544
2336
2795
1620
1730
2802
986
2802
283
1167
1627
2231
2182
20
763
2810
3173
2450
786
1222
2316
2641
107
2053
637
2502
669
828
1354
1937
2902
2643
638
3234
2035
2176
3155
2719
2980
1340
2327
229
283
2641
212
1461
1486
2366
2802
2802
2402
2661
2641
2185
3235
324
2053
212
1461
3114
107
2053
212
2053
2661
1995
2982
324
2053
2182
1290
283
3173
913
1270
2852
2450
1290
2327
2182
239
283
3173
3145
2942
2537
78
1345
1495
2266
2713
1440
1574
2266
1227
375
1495
2041
1354
1347
3107
2095
1495
2294
1909
1927
783
1495
2266
1031
2707
1204
1227
375
1495
2041
1354
1347
3107
2095
1495
1007
2482
3235
1740
2575
733
1565
2170
2249
3004
1462
660
2601
1354
1701
1495
2041
1347
3107
2095
1495
1347
3107
2095
1495
1347
3107
2095
1495
3169
3235
1674
2186
2613
2661
3235
1529
2095
2209
1098
2095
328
1800
2789
2306
1339
1227
375
1495
2041
1354
1347
3107
2095
1495
1227
375
1495
2041
1354
1347
3107
2095
1495
928
2249
2661
2592
199
1413
2787
1414
2936
2095
3107
2095
59
2249
2249
2936
2095
3107
2095
59
212
212
2095
199
2249
2095
199
2936
2095
2520
541
758
2632
2430
1085
2430
1414
1414
2206
2249
2592
925
2249
2249
199
1993
396
2661
2095
2813
2537
2953
2661
2095
2520
2520
3143
199
2661
2660
199
2592
2319
2984
1512
2163
405
2426
2629
460
2941
458
3107
2095
3087
458
2095
2581
130
1676
684
1870
2430
2319
3107
2095
705
3107
2095
705
3107
2095
3107
2095
3107
2095
3107
2095
296
292
1916
1288
1288
2938
2106
2106
2698
2106
2525
2698
2909
1089
1254
607
3235
1414
25
551
2430
1085
2095
2592
1749
2732
2095
460
2657
84
2095
541
758
2632
1414
1414
1947
2095
460
2698
2174
882
2936
3092
257
719
458
2174
2278
882
458
2872
3079
669
2095
460
401
2185
882
1414
2095
460
2095
460
458
259
882
1414
2095
460
2095
460
2732
1089
458
986
458
1488
458
1465
458
1488
2433
1616
2095
458
134
1616
2095
458
2095
258
458
1418
375
2592
2532
738
666
2095
2592
458
1418
1488
1589
458
2422
2918
2254
2519
1348
458
1418
2087
2496
458
1418
258
108
3089
458
1418
1444
458
2095
1465
887
528
458
528
528
85
458
528
1488
458
2360
2360
528
1488
887
458
2095
258
458
2095
887
2185
528
2532
738
666
2095
1244
458
2095
1465
887
528
458
528
528
85
458
528
1488
458
528
528
85
458
3040
1488
1418
570
458
3040
1488
1418
570
458
3040
1488
2445
444
570
458
3040
1488
2445
2464
570
458
3040
1488
2445
570
458
3040
1488
910
570
458
3040
1488
570
458
3040
1488
2471
570
458
3040
1488
570
458
3040
1488
570
458
528
1488
458
1488
2095
1162
887
262
475
2926
458
458
2095
449
2657
2732
2095
460
2657
887
961
2095
460
2657
1043
458
2095
1465
2802
2632
458
2802
2632
2941
2920
458
444
444
2632
458
3014
444
1749
458
3128
3014
1749
458
444
541
1413
3128
3014
458
3128
2950
444
541
458
453
2223
2872
2950
458
1465
2223
107
2053
2592
458
2223
591
458
107
107
986
2223
1348
458
107
107
1768
887
961
2095
460
2657
1043
458
1768
887
961
2095
460
2657
738
666
458
107
107
453
2185
738
666
2095
2095
460
2657
1502
458
107
107
20
33
458
107
107
1368
33
2999
936
458
107
107
2402
2223
1348
458
2402
660
458
1769
2464
458
2668
458
444
2632
2402
458
2095
2802
2402
2632
2581
587
587
2964
183
2581
458
2422
2140
587
1758
3022
1977
2668
1414
2698
199
1993
1413
2787
1423
1993
622
1837
2872
2657
2155
1413
2592
2610
1650
3247
259
280
607
2249
706
722
1071
2483
224
1817
2748
2980
1082
215
2249
2592
2081
1977
1347
2095
817
1234
3095
601
2698
2802
528
460
2759
460
2455
1089
2802
2657
1089
460
2941
331
2802
528
460
331
2327
1031
2313
1354
1414
1279
2299
2657
2810
2355
2704
2420
520
107
557
2095
754
3058
2928
1347
1200
1227
1437
1882
887
521
1355
210
524
344
1664
3058
3180
3185
1206
854
113
2512
2001
1288
1635
3185
3197
1414
436
2651
2095
212
1288
782
2651
1664
1288
3180
1861
1288
2928
1347
1200
1227
1437
1882
2186
63
224
2070
2579
2026
3180
782
212
3058
2581
2579
1414
1995
212
2249
3058
606
2909
1288
1635
2512
2512
1865
2572
1414
690
605
3235
2592
199
2610
2581
2579
2332
605
107
226
460
2264
2512
2629
884
107
857
884
759
2705
2223
857
1148
2780
107
2244
928
453
2690
2581
2579
512
1473
107
2378
460
2264
2579
2661
2592
199
2610
1181
2323
1501
564
2186
2512
1865
2572
1414
690
605
3235
2592
199
2610
2581
2579
2332
605
107
226
460
2264
1227
375
1495
2041
1354
1347
3107
2095
1495
1029
3095
3128
3175
3230
1571
919
2344
764
1234
3232
3128
1354
1701
1495
2041
1347
3107
2095
1495
3095
1414
832
2920
1556
1414
1750
1529
3232
3179
1414
3232
1453
2690
2185
1650
620
3232
2681
588
3193
1414
2047
1501
1354
1031
2364
1501
1354
2186
1458
472
1354
2619
3128
2001
3245
375
3128
3175
389
151
922
1750
1414
2292
3235
2512
2914
1336
2732
2186
2025
3128
3175
723
2427
944
2427
1029
3095
375
908
472
1181
3128
1414
2642
2642
832
1571
832
1577
1571
1577
1414
1750
2732
836
1557
235
2095
1347
3107
2095
1495
1354
1701
1495
2041
1347
3107
2095
1495
1990
2942
984
2231
1234
2029
2014
2657
3119
1591
3122
2058
1769
3122
1462
2698
1591
3122
590
1013
1876
3095
2234
2657
3012
2081
1647
2420
235
2095
410
2004
1749
908
2420
2095
1638
551
3107
2095
460
1569
1366
836
836
1776
836
836
2684
257
2437
2657
257
2657
257
2657
257
2657
257
2657
257
2657
257
2657
1089
882
1558
1870
1366
1366
2657
3175
1296
2031
2989
3107
2095
885
3135
3099
570
3099
2326
570
3107
2095
885
3135
3099
9
1345
9
25
460
2962
108
2962
2592
25
2031
3107
2095
460
1557
3107
2095
3014
60
2419
25
25
1571
1749
2031
25
460
25
460
2031
3107
2095
460
1557
3107
2095
460
1557
25
1571
1749
2031
3107
2095
460
1557
108
2031
2629
705
3107
2095
3107
2095
2031
3107
2095
3107
2095
3107
2095
2031
3107
2095
3107
2095
705
2249
1085
1085
3107
2095
3107
2095
2031
3107
2095
3107
2095
2249
1085
1085
3107
2095
3107
2095
2031
2249
1085
1085
3107
2095
3107
2095
3255
2592
705
3107
2095
2031
3107
2095
3107
2095
3107
2095
2031
3107
2095
81
1557
2031
2432
2989
3107
2095
885
3135
725
2649
1870
1428
609
1430
92
730
375
1495
2041
1354
1347
3107
2095
1495
1652
890
887
2109
1776
526
259
3225
617
2932
280
1347
3107
2095
1495
2034
609
2161
31
2752
2226
2752
2920
458
887
2109
2976
2877
2713
2383
296
3169
690
2164
296
224
1529
2482
3163
1571
324
2482
1151
2596
296
3091
3116
2698
2661
3169
2518
2661
1571
801
1143
2294
1652
1634
2809
344
808
43
3169
1529
2976
2713
1909
3095
1083
950
2095
884
2164
1465
1488
2355
2294
3095
159
944
296
2976
2713
1354
1701
1495
2041
1347
3107
2095
1495
1227
375
1495
2041
1354
1347
3107
2095
1495
1902
1354
3098
3098
344
1439
3018
2198
3135
1909
1234
1439
1347
3107
2095
1495
3007
2420
1302
3107
2262
1909
875
1302
200
1870
602
2148
1558
3107
702
702
2657
3107
1355
501
2420
2420
2174
501
2185
2148
1558
3107
702
702
2657
3107
1355
501
2683
1906
2185
764
1354
1701
1495
2041
1347
3107
2095
1495
1347
3107
2095
1495
1495
3060
1347
3107
2095
1495
3235
460
395
2185
571
2943
1252
2240
2306
3158
1495
2041
1347
3107
2095
1495
453
3165
70
2306
1339
1354
2067
3165
78
1123
1123
1123
283
3165
1123
1426
283
3246
174
1123
922
107
362
1337
857
2306
1414
974
1123
1123
2512
3215
1123
2208
1749
3215
1426
1313
2208
1123
2208
1123
1123
922
1123
3246
1630
603
1123
3136
913
1123
1724
1337
782
590
2660
2249
362
1295
3078
542
1949
2067
283
3165
1227
650
375
1495
2041
1354
1347
3107
2095
1495
1647
28
2355
838
1252
838
1184
1630
3089
107
1525
2785
199
2610
1234
2913
2610
2661
2095
2785
542
107
857
2095
2785
542
212
857
744
542
928
986
2785
199
2610
2454
2565
2095
2785
542
107
857
2648
782
1739
801
102
174
224
3119
70
3165
283
2819
2169
2306
947
2648
2648
782
184
590
2420
970
2690
782
1565
970
1565
247
1512
887
3107
3076
2262
1571
3076
2262
334
259
3076
2262
334
259
1870
2262
334
259
3107
970
3107
970
3107
2913
2690
2913
3107
2913
2690
2913
3107
2938
3076
1256
334
259
3107
2785
2659
2913
3107
2785
528
3092
3107
2785
528
2698
334
259
212
2698
334
259
1870
587
2698
334
259
1227
375
1495
2041
1354
1347
3107
2095
1495
3122
375
2431
2841
1354
1347
1130
3107
1149
2095
508
2512
2841
1604
2601
882
2927
3033
3250
985
107
3176
502
985
1909
655
985
1159
277
1159
1120
444
2294
267
2950
2726
2386
1345
3087
1638
1426
619
2226
106
1894
221
1894
1200
106
2095
1982
2212
3184
453
94
1894
539
1086
508
3176
986
2950
3176
2942
2942
1252
2969
1080
2422
619
887
32
336
2273
2186
1252
1485
2123
985
22
1227
2661
985
2253
402
619
2817
1882
3234
2087
2206
508
1753
986
2950
1130
2204
645
106
1623
1572
1489
539
296
212
801
1572
212
32
1252
3174
1572
212
539
212
2942
601
1347
3107
2095
601
901
1530
901
1817
1066
2510
1982
1539
445
2437
344
645
1982
660
1347
3107
2095
1495
1354
1701
1495
2041
1347
3107
2095
1495
2482
2824
1181
3004
2318
1674
200
725
3040
2198
296
2318
919
522
200
1413
2212
3230
2294
229
59
212
212
59
2913
3235
2249
2103
2690
2690
3004
2690
925
1195
2318
587
2601
854
2980
2186
1550
2690
2318
2103
1414
449
2318
2186
3004
587
200
1347
2095
601
2061
280
2942
722
1181
212
3075
1321
1341
746
2186
212
1461
224
511
2857
212
2266
305
2907
2266
1795
3244
2857
645
2047
1503
638
933
1234
1501
1354
2943
2095
3204
3115
620
1047
1772
3225
872
259
2732
408
1861
1892
2420
2095
669
1234
1340
2792
1455
1354
2785
2358
2659
3235
1493
841
259
1414
1779
2785
2659
2063
416
2828
2790
836
2785
263
1391
1031
948
438
2186
147
32
2661
1631
1981
681
3235
2707
3079
1795
1354
2942
2155
3122
1769
1906
2785
193
2785
2138
2980
2923
594
2785
1906
1906
2657
2453
620
1906
1996
2512
702
2785
2138
2785
193
195
1974
589
2785
2138
2785
702
2785
193
821
1648
3188
620
2532
2138
193
599
702
2095
1230
2785
2138
2785
193
411
1631
2206
2785
620
259
2785
702
1906
620
2785
2138
2785
193
1749
1230
487
259
2532
458
323
2785
620
1414
1779
259
2542
213
1402
1631
2203
308
2477
2408
1031
707
2651
2788
1518
1067
141
2676
97
511
2785
2138
2601
1509
1234
3248
2424
43
2354
933
1701
2029
1067
2102
2163
1462
2234
2138
1905
2755
1990
2537
986
3232
1130
1462
2450
3091
1703
2095
2213
2463
1146
1302
210
63
2457
1647
1462
230
25
412
2999
2019
1724
1623
2449
25
1140
2999
1013
230
2450
1598
2661
541
159
2457
1031
176
1013
2632
1013
2294
1800
3175
1032
2553
2450
280
854
547
848
82
887
3107
210
193
2659
3107
1355
2553
3107
790
1909
1341
230
2553
2566
2095
873
306
1347
3107
2095
1495
913
541
2661
2553
2690
1031
2512
848
159
1354
3135
344
2095
1645
2151
2186
2512
1874
2939
2292
389
1089
1546
1618
494
1618
3135
2632
2292
1618
12
2087
948
854
1990
1295
1623
2185
414
999
3135
2734
2185
526
3135
877
3235
1800
1619
501
2185
3188
2115
502
2292
1557
1294
2095
1618
2487
378
541
1650
1650
2994
541
933
1354
3010
480
1509
32
1894
1618
2941
557
854
3174
480
1618
501
460
1618
3107
2095
3107
1355
3107
1355
501
3026
1618
2430
3107
1355
3107
1355
501
2430
1650
1618
2430
3107
1355
3107
1355
501
2430
1650
1650
2336
1724
2793
2299
501
2063
1634
2756
1252
2095
669
970
2063
1515
1546
501
2185
1414
1571
1414
472
408
1085
1085
408
501
541
299
299
1414
3235
2828
2492
26
2619
2185
2802
1546
501
1894
2661
3085
2432
299
3085
230
778
1650
2185
2432
501
1650
2116
3085
778
844
901
2185
2878
2828
180
1334
1818
1894
1650
574
501
814
1894
1650
574
637
1730
3188
1894
2185
2450
1325
1039
378
414
2267
2294
3248
2185
2294
3250
1894
202
380
412
25
2619
1618
1894
2994
3163
2572
2294
1166
2661
1894
378
563
3018
166
3108
919
1431
3245
412
1813
2961
1650
460
765
2690
2013
3095
1647
76
501
2185
1557
3085
3085
2432
299
872
778
2185
1414
32
2432
501
2272
1618
501
778
501
2185
1618
2294
286
460
2195
2661
2553
3119
2214
541
1603
2632
3010
405
2426
913
935
280
1347
3107
2095
1495
2294
280
2358
2576
2902
3153
836
1798
1935
922
2970
1204
3156
836
2661
2149
2095
2592
1227
375
1495
2041
1354
1347
3107
2095
1495
375
1495
2041
1354
1347
3107
2095
1495
3213
3095
2576
2851
3018
1347
2576
1130
280
2576
77
2094
1234
615
1347
2576
601
836
779
1096
887
1096
779
2576
2576
1991
2919
2980
817
965
836
2576
1413
2096
2095
607
2249
817
965
3235
211
884
414
1227
375
1495
2041
1354
1347
3107
2095
1495
2249
817
818
1347
3107
2095
1495
2581
2565
2788
187
1414
108
2576
2221
1703
1321
3067
2532
1227
375
1495
2041
1354
1347
3107
2095
1495
2512
2854
2095
2300
2532
818
1355
2451
2592
2785
2913
1995
1854
2282
2979
2813
1252
2386
2876
2699
2336
2764
2512
3235
2872
2576
355
872
2532
1355
2095
1300
1861
2576
2532
2927
1354
2576
2221
1252
2061
3170
922
1347
3107
2095
1495
1347
3107
2095
1495
722
1497
1665
1769
62
1533
3215
942
2125
2354
375
2095
511
62
1252
3119
1252
2984
2163
2942
1966
2942
1604
1252
1562
1354
1701
2942
2521
1010
722
170
1262
280
857
2698
884
2249
782
1009
590
1347
2802
3107
2095
2876
449
1431
706
1347
3107
2095
689
1638
551
3107
2095
2876
1031
2058
401
1354
1701
1975
1413
1354
1497
1019
78
2204
1780
2058
401
3107
2095
669
1489
211
2095
922
653
452
3095
124
1298
1474
1354
2810
1698
2683
2095
1861
2876
2355
28
478
2802
184
2095
2900
2882
3235
502
2802
1380
3235
947
1749
1462
34
3107
1990
590
771
2095
922
1017
2683
2095
2186
681
2204
2266
2553
2601
607
654
817
731
2247
2629
460
378
345
199
727
3184
2661
2963
3225
1618
1324
2629
2572
1108
3064
2698
1977
2420
1610
241
2161
854
1342
2186
761
790
2450
301
2394
301
2999
2572
1108
174
587
2457
1453
2360
25
607
140
408
544
140
1347
3107
2095
1495
3235
1769
2360
2457
2457
1730
1665
2095
374
2095
1032
1618
2950
1795
380
1598
658
1618
2223
3164
1665
607
842
102
1889
2360
2845
764
2095
2163
2457
1340
727
1354
111
2978
2553
2266
1795
460
280
3095
1347
3107
2095
1495
1772
50
836
1031
1423
1184
665
3012
801
2645
814
3113
843
2034
1184
665
3012
2443
2034
1776
922
70
836
1541
1234
1529
2034
836
1031
766
1354
2292
2266
358
2291
1270
537
1909
3225
210
326
2891
3161
1618
1647
3225
1252
3107
2942
843
2368
2661
1618
1581
1618
551
2437
1749
3145
3128
32
1618
551
2437
836
1847
401
2095
922
401
2095
836
3169
116
323
1847
1143
1414
1847
3242
2548
594
836
2659
836
836
1414
3169
887
2292
3107
885
210
2891
3161
3169
1529
2460
2095
3169
2942
1234
2600
1414
1656
669
669
1358
669
669
25
401
2659
1156
684
1156
684
3095
2352
2576
2576
1414
204
2649
1414
1948
3107
1156
3167
331
1909
875
1414
1769
1414
2095
2657
2097
2732
2095
2097
524
2657
1551
942
1414
2394
1413
1414
2095
2936
3242
669
2659
2095
669
3034
1414
1823
154
2661
2095
1413
3122
702
1847
2657
2095
1414
282
1084
1495
2041
51
1936
836
1798
2095
1530
1089
585
2657
942
1174
1018
942
3016
1619
1598
1443
2313
1990
2066
2125
401
2095
328
2195
323
2651
42
3167
1796
1817
702
882
511
2125
401
1885
1084
607
224
2114
1014
1007
702
1354
2550
2095
401
720
1234
2133
1647
2386
2358
836
1414
3242
2548
594
2659
836
836
1414
2087
2698
1727
2802
818
2657
1870
331
2095
1457
2299
2657
2148
2872
1847
3092
1847
2657
2030
836
2148
2420
2927
1787
1388
2358
2095
2358
1413
2787
2614
669
1414
2095
3242
669
1170
2659
2095
669
1414
2496
2657
405
2426
1414
1847
405
2426
2420
749
2420
331
1870
1085
1870
1085
1870
25
1870
1870
331
1870
1085
1870
1085
1870
25
1870
3107
1156
3167
2056
3107
1847
2518
3107
1847
2518
2924
3107
1847
462
3107
1847
462
3068
3107
1847
3107
1847
3107
1847
3107
1847
1588
987
3107
1847
1588
987
3107
1847
1588
2518
2924
3107
1847
1588
987
3107
1847
1588
987
3107
1847
1588
987
987
2525
987
3107
1847
551
2698
551
3107
1847
551
551
551
3076
2262
1571
3076
2262
2938
3076
2262
2938
1870
2262
1571
2938
1571
3107
551
1414
2081
2496
1414
2496
947
2095
2936
2097
2732
2095
2097
2657
1414
1847
401
2095
836
1354
2828
2095
1143
1847
1143
2346
681
159
750
331
1571
1530
1847
1156
3167
3167
1156
3167
887
2185
779
2659
331
1870
1085
1870
1085
1870
25
1870
887
2185
779
2659
331
1870
1085
1870
1085
1870
25
1870
2095
1414
2294
2659
2186
2095
2250
2659
1769
2095
401
1146
147
2095
821
2115
1694
375
1495
2041
2521
2942
358
3253
2354
637
1847
2250
1156
3167
1303
2655
585
2313
1991
3001
1529
2095
1366
1847
2394
882
1504
98
401
2292
2041
2186
2025
511
331
1227
375
1495
2041
1354
1347
3107
2095
1495
2942
1326
3213
3095
2482
1347
1130
3107
1149
2095
1347
1130
3107
1149
2095
375
1495
2041
1354
1347
3107
2095
1495
1071
2195
1462
66
3248
836
52
1186
1655
2292
149
2512
2872
2815
1623
3187
2443
2701
2512
2550
690
882
2550
986
2802
2185
1501
2292
3235
2336
3122
3235
94
2565
978
416
1414
2565
2713
836
2713
2432
2432
2565
1414
790
596
836
263
2095
2785
1529
1414
1587
1477
1414
1514
263
1031
416
3235
2846
978
2266
836
2785
836
2214
779
3235
3103
3172
1227
2565
2785
2138
416
916
2500
416
2453
669
2453
344
2453
2463
2206
2204
1413
2872
2785
836
1414
1587
1477
331
836
331
1414
2047
1533
2424
2785
2138
1872
1693
416
2453
2785
3235
11
879
1642
1530
61
2785
2138
416
1942
1854
401
1462
1278
2785
2138
401
416
416
1157
2095
2785
804
2980
667
1864
2785
2138
2817
401
2874
2785
2138
416
1872
611
585
2095
2785
1529
2095
2785
1529
2195
263
2095
3235
2120
199
986
2095
1889
1995
199
2825
2087
1265
585
2785
2280
916
1815
2097
2657
2195
2544
3095
1571
2400
213
854
3085
1379
2212
3027
3235
2081
336
3085
20
1795
1623
1495
2041
3095
1234
1347
3107
2095
1495
3070
3135
2115
1513
1849
942
1234
280
481
2182
1513
2206
1529
155
3135
665
268
2182
1905
1347
3107
2095
1495
1227
375
1495
2041
1354
1347
3107
2095
1495
375
1495
2041
1354
1347
3107
2095
1495
2294
232
854
637
2924
681
2095
2592
2785
204
336
3166
2420
1366
1909
1876
1075
1234
1385
817
280
1347
3107
2095
1495
1227
375
1495
2041
1354
1347
3107
2095
1495
1227
375
1495
2041
1354
1347
3107
2095
1495
1701
1347
3107
2095
1495
2380
2204
435
2088
2259
1367
1354
2024
1227
375
1495
2041
1354
1347
3107
2095
1495
375
1495
2041
1354
1347
3107
2095
1495
375
1495
2041
1354
1347
3107
2095
1495
375
1495
2041
1354
1347
3107
2095
1495
375
1495
2041
1354
1347
3107
2095
1495
359
124
3235
418
360
212
1461
2660
2082
3227
1866
1642
681
1882
1347
1130
3107
1149
2095
1730
1234
357
1414
841
841
2153
986
2648
841
840
841
2185
706
428
571
841
1414
485
2698
522
1184
2454
280
2057
1795
2186
107
2058
2648
2532
2648
1511
2058
107
2040
2186
873
2542
1795
585
2294
1038
1234
2095
2249
986
1980
986
843
986
212
920
2249
2082
1980
2095
1433
731
70
841
2153
986
2648
1097
344
841
986
1980
2082
3069
2734
107
759
2386
545
344
986
2945
2648
2648
1645
986
1509
545
418
360
212
1461
2660
2532
2082
2878
3235
212
1461
1749
2082
2648
2311
2249
2113
1714
2660
2542
1413
2876
2698
2648
2964
2266
2614
1612
331
3225
1354
1701
1495
2041
1347
3107
2095
1495
2313
3234
1642
1234
2095
2550
107
571
1347
3107
2095
1495
418
360
2648
986
212
986
1864
879
2058
107
1619
2980
472
2262
296
107
2402
2234
999
841
107
3007
1347
3107
2095
1495
1227
375
1495
2041
1354
1347
3107
2095
1495
1347
3107
2095
1495
375
1495
2041
1354
1347
3107
2095
1495
1347
3107
2095
1495
1234
884
1252
3107
1354
1701
1495
2041
1347
3107
2095
1495
2378
460
857
375
2095
2431
1347
3107
2095
1495
2395
2095
1347
3107
2095
1495
95
2294
1354
1731
2941
2155
2155
2934
2632
919
844
3116
1140
3085
2432
1556
1556
2642
2883
1650
2719
1620
2155
224
2150
3116
1140
2095
801
3169
2942
1326
1181
907
2155
1710
1222
3104
1495
2041
1347
3107
2095
1495
882
235
1347
1200
2095
882
1882
1347
1200
2095
882
1882
2512
460
1056
1018
854
999
1345
2876
921
1162
1123
2266
1227
2365
1234
16
587
2347
724
587
2592
1882
1347
2095
2738
2457
587
2592
1735
25
1916
795
2141
2195
636
998
611
720
1694
2457
1420
1354
2095
879
235
280
1347
3107
2095
1495
595
2095
1562
550
2287
1462
1169
2063
1754
2990
1227
1462
375
1495
2041
1354
1347
3107
2095
1495
1227
375
1495
2041
1354
1347
3107
2095
1495
50
2336
2687
1497
2040
2165
2040
2165
1266
3225
2328
2532
2482
1413
1769
2482
3011
2095
2443
1491
2198
2874
1234
1769
2482
1583
242
3230
1354
1701
1495
2041
1347
3107
2095
1495
1495
3060
1347
3107
2095
1495
2614
1623
2198
1400
2271
657
1414
1414
1169
2358
401
1227
375
1495
2041
1354
1347
3107
2095
1495
1701
1495
2041
1347
3107
2095
1495
1227
375
1495
2041
1354
1347
3107
2095
1495
1701
1495
2041
1347
3107
2095
1495
2063
764
594
2185
2095
902
1619
790
2185
2698
1546
1414
2619
2095
2185
1551
551
2437
1262
790
2222
2565
2713
420
91
2095
1694
2095
2414
322
986
818
2813
2969
2132
1489
2132
882
2186
1619
806
2164
3119
1291
2063
1594
2164
631
3104
2058
1227
306
2284
528
806
2164
2195
2512
1013
2976
2934
101
1347
1130
3107
1149
2095
2063
1013
2976
2934
101
1623
806
2976
2186
1909
2132
806
2976
1594
2164
764
1227
2344
2464
1347
3107
2095
1495
806
2976
2063
2284
528
2186
1581
1334
401
2156
1754
1518
460
1518
3174
460
1518
599
2282
460
961
375
1354
1414
1889
401
3235
1953
102
460
460
2537
135
1882
1090
2096
2145
2649
1569
2540
1533
2966
1227
3097
375
1495
2041
1354
1347
3107
2095
1495
1495
3060
1347
3107
2095
1495
1227
375
1495
2041
1354
1347
3107
2095
1495
172
2095
1354
1701
1495
2041
1347
3107
2095
1495
280
1347
1656
3107
2180
2095
1656
601
2214
210
2457
2648
2587
2457
2226
1184
1331
283
1749
1980
1279
283
890
1462
2195
1149
2033
611
1530
922
836
2095
2498
1980
1204
344
344
2033
528
1749
1980
2587
542
283
1204
3032
1980
2498
283
1181
521
745
1200
784
1650
1773
3039
2009
1594
2810
1414
521
745
1200
784
521
745
1200
784
541
1446
521
1348
745
1200
784
521
1348
2880
521
1200
745
1200
784
1200
1200
1200
745
673
1414
453
1013
2103
521
745
1200
784
176
2442
2095
2186
2512
2103
1544
521
745
1200
784
1594
784
151
2763
1647
541
159
3105
1415
3235
801
1414
521
745
1200
784
521
745
1200
784
1446
745
1200
784
2880
521
1200
745
1200
784
1200
1200
1200
745
673
1013
1414
1730
2512
1013
3235
46
2891
904
7
1414
1414
1637
1414
1479
2568
2193
2185
108
2700
986
913
1087
2948
2193
3225
1414
2700
986
1413
3122
2294
1052
271
1204
2512
2346
1234
2095
2249
1357
343
2872
2249
2183
2095
343
2872
199
212
1422
2537
3235
1604
2550
1354
3235
2482
1354
1413
1414
2550
3161
1645
607
1234
521
2698
2095
2520
3235
42
199
2063
2454
2249
2698
2095
2520
1995
2948
199
1461
2249
1204
42
199
225
1544
3035
2448
42
199
1413
2249
1204
2306
1117
887
2095
3107
210
2095
1995
1647
986
2095
2520
2095
199
1878
2936
2095
2520
2578
1032
2872
2249
2095
2249
1357
2095
2249
2519
2095
1477
3150
1909
3242
2095
1477
1414
69
2095
2249
1357
1414
910
804
2095
2249
1357
1413
69
2294
2478
1347
3107
2095
1495
2306
1339
1354
1340
1347
1130
3107
1149
2095
1905
2306
2482
1354
2919
601
2249
817
2482
1262
2231
1701
557
1132
1227
375
1495
2041
1354
1347
3107
2095
1495
1497
2823
2095
2291
2719
1227
375
1495
2041
1354
1347
3107
2095
1495
1347
3107
2095
1495
814
2512
2512
521
281
2676
629
849
739
1414
1905
336
1324
418
2068
2941
166
1525
458
2420
2186
475
2605
1652
2185
1870
1722
1519
3235
631
25
2185
1413
2185
2532
2133
1529
1807
32
1557
2663
1807
52
1347
3128
458
782
458
2095
2802
782
2223
782
184
708
2802
1870
458
2095
705
458
2095
705
458
2307
315
458
2307
315
458
2095
458
2095
458
2095
2095
2698
458
2095
292
2698
458
1990
537
2512
521
2690
3235
1347
1640
2249
551
936
2275
257
453
2450
814
928
2453
2572
2095
2249
1461
2872
401
327
618
1347
2802
2095
2249
3026
2902
2939
981
16
1865
1413
2939
981
453
2007
1252
418
2927
2854
2661
257
2420
2546
1431
1076
2841
1991
1835
210
2685
884
2355
2087
2297
936
755
1299
902
3235
2512
2788
2690
470
2450
1749
2055
323
1177
2095
2512
2841
1749
2826
394
32
1347
2095
601
2385
414
52
1151
2676
1495
2041
1792
3193
1085
1666
378
1529
913
1293
2045
1894
3129
1894
1763
2659
1571
1431
151
2326
881
1966
1618
1703
2659
2450
282
1614
1618
2045
526
1557
1618
2872
25
2948
1866
1557
2347
3193
2651
1085
801
401
2914
1905
3235
947
33
759
1966
2186
2637
1769
3122
1517
117
342
907
1000
3235
1800
308
1603
1000
3234
1603
1414
3134
555
2432
3256
32
1792
3193
1347
2095
601
1541
2659
141
1946
2001
2676
1618
438
3235
2295
2939
2659
1614
2043
702
473
1029
1555
1866
1227
494
2045
79
642
2271
1252
2063
2924
2732
2961
1354
1462
549
2659
549
2980
32
2909
2186
2943
1736
229
2980
1089
1367
2615
1997
1252
2087
3134
827
801
104
1085
219
2999
3235
324
1588
494
2201
219
3143
1529
1085
219
133
2672
1115
3193
2713
2659
1183
3235
2319
3193
2713
1905
2186
2319
521
2980
2952
1894
219
2873
1089
1894
219
555
2064
2873
1089
2872
2226
475
2043
438
521
2547
2788
1413
2872
2226
2186
2802
1193
1204
1129
2226
2454
2355
2909
177
696
324
177
1151
420
2036
2063
243
3193
2043
1085
2268
2933
3079
1571
653
2920
117
509
117
509
2503
2625
864
1031
2224
529
837
2235
555
2432
1175
1917
378
1603
1000
2226
1668
2201
219
1997
555
2043
830
2610
2610
602
219
555
2043
555
2043
271
2185
378
2559
598
2659
1866
64
3202
2198
2586
1321
1485
1711
3235
1793
494
1089
624
1661
2826
1031
3235
296
848
669
2292
268
219
1000
3251
1023
2012
934
2948
2114
458
767
1089
79
1031
1748
848
375
2199
2659
1394
1533
2974
305
2651
521
836
1414
2045
2432
2522
2999
2545
1085
2545
2432
555
2432
2522
2999
1085
2545
1414
1227
550
2203
901
2204
2924
219
1997
1769
3193
882
3235
1780
541
2235
219
117
1227
3097
375
1495
2041
1354
1347
3107
2095
1495
2902
2302
1894
3255
2354
1730
2713
928
521
1414
1894
219
2873
1089
2920
2545
2432
179
2226
2432
2522
2999
2545
1085
2545
2432
1414
3235
176
2841
1748
2659
550
2980
2047
438
221
3235
2149
3145
2512
1302
521
1354
1701
1495
2041
1347
3107
2095
1495
2661
1085
2047
2661
1085
2170
1282
2292
117
509
16
2294
2946
2260
2920
449
1529
2126
3235
2993
856
1440
2292
460
2586
2380
2287
1178
66
1571
494
1089
435
2969
3235
240
840
3175
1838
3175
3135
1686
1614
3175
2432
541
1354
1701
1495
2041
1347
3107
2095
1495
1227
375
1495
2041
1354
1347
3107
2095
1495
814
1252
1495
2249
924
1234
2095
2482
91
2169
1071
1347
1130
3107
1149
2095
2984
1326
1698
2095
632
950
1501
669
1130
2358
950
224
3213
950
1354
2370
2512
460
2095
1090
17
1687
950
585
922
2095
2138
1716
2095
2306
1077
1354
2095
884
1347
3107
2095
1495
1227
375
1495
2041
1354
1347
3107
2095
1495
375
1495
2041
1354
1347
3107
2095
1495
681
1894
1618
2428
2355
2489
908
1347
3107
2095
1495
1347
3107
2095
1495
1347
3107
2095
1640
2249
1638
551
3107
2095
3235
3095
2592
2610
199
1340
2699
941
3189
1514
3123
520
1289
2294
1634
2040
1800
2941
1572
2620
1755
1516
1514
622
2391
1234
483
3007
2592
2610
3007
199
2610
2900
703
3220
449
3235
2336
1909
2294
431
3253
936
570
2601
2907
3240
2601
2907
1817
2600
587
851
3150
815
782
366
1414
1690
2226
1345
842
1608
769
3253
842
843
782
2378
398
815
587
1690
2226
587
3212
544
2071
436
842
460
587
1345
842
460
782
1345
842
1473
3235
2828
2980
1690
2226
1345
842
1608
2969
3235
1623
2187
1347
909
909
2095
882
1354
1701
1495
2041
1347
3107
2095
1495
1347
3107
2095
1495
3240
2942
2771
2558
1347
3107
2095
1495
2095
2648
2785
2913
2610
1414
2095
2657
2097
2732
2095
2097
524
2657
2095
2785
2660
1581
2732
2095
1581
2097
524
2657
2936
2698
32
3107
2095
1581
2785
2913
1414
2512
2785
2148
408
1414
2785
2148
882
2785
669
524
947
2785
1414
563
2785
166
2785
961
2785
2420
3107
2785
528
2785
2913
2610
2165
2785
3187
986
2913
199
2980
2097
563
1354
1701
1495
2041
1347
3107
2095
1495
263
2095
1414
2095
2249
817
1414
836
836
2058
1414
3092
2095
2648
2785
1995
2610
1414
2095
2657
2097
2732
2095
2097
524
2657
2936
2095
3107
2095
59
2785
2913
2657
1581
2732
2095
1581
2097
524
2657
3107
2095
1581
2785
1995
936
283
107
283
107
106
1414
11
961
2454
2785
2872
1980
2785
2648
166
2785
1174
3188
1647
3095
2097
374
2195
453
1413
601
1769
1977
3235
637
1354
3235
1497
590
1347
3107
2095
601
280
1347
3107
2095
1495
2919
2537
460
449
2294
782
1051
607
1057
1347
3107
2095
1495
928
2095
2195
1530
280
1977
3191
2261
2592
2194
928
1851
901
501
2185
2102
1977
2195
459
2909
2507
1849
887
307
2791
928
33
2819
2642
2747
3042
913
706
810
2872
1618
2872
2206
1618
2872
294
1031
913
2902
2872
2619
33
2011
2081
2661
2133
867
1252
1465
2582
199
1993
160
2661
2095
2813
2249
1598
1414
2194
2698
1414
2249
779
2872
1210
2569
1031
3235
199
801
1493
2194
2942
1347
3107
2095
1495
637
1354
1701
2378
1870
3107
1182
1571
590
836
78
950
2095
1462
928
2058
872
210
460
72
1227
375
1495
2041
1354
1347
3107
2095
1495
1495
2041
1347
3107
2095
1495
1227
375
1495
2041
1354
1347
3107
2095
1495
1227
375
1495
2041
1354
1347
3107
2095
1495
1354
1234
836
2095
1227
375
1495
2041
1354
1347
3107
2095
1495
1347
3107
2095
1495
2294
76
1883
722
801
1234
2095
280
1562
1354
550
2287
1077
1497
1701
2095
3079
2941
2420
2936
2170
2505
1939
1557
1604
918
988
1404
52
1453
2690
2185
2148
741
1056
2095
2170
2520
1650
620
2512
3225
2185
2148
741
1056
2095
2170
1345
1650
1514
1608
1978
1978
2185
2148
741
1056
2095
2170
1345
1650
1514
1978
1978
3092
1978
2185
2148
741
1056
2095
2170
1978
1650
3092
1978
161
2420
782
2579
1414
1302
1206
2941
911
1909
94
2095
2097
961
2148
741
1056
2095
257
2095
2097
524
2657
2095
2097
524
2657
2306
1769
2657
2980
1347
3107
2095
1495
2492
842
2581
2579
57
1769
2581
2579
842
1227
375
1495
2041
1354
1347
3107
2095
1495
1227
375
1495
2041
1354
1347
3107
2095
1495
1227
213
2223
364
1495
2041
1533
854
1347
3107
2095
1495
224
508
1701
1347
3107
2095
1495
1354
944
3235
2185
1501
1354
836
3092
2578
550
2287
1462
1252
1340
3092
2876
2913
2610
936
986
3092
2802
1954
836
2095
1084
3092
2578
2802
2319
2095
1084
3222
199
829
860
1130
2271
2766
2294
2913
280
2766
1130
224
2206
2482
91
2385
537
2453
2732
1414
836
836
1414
1769
745
212
2376
1117
107
754
2249
754
2186
695
1372
801
1227
375
1495
2041
1354
1347
3107
2095
1495
375
1495
2041
1354
1347
3107
2095
1495
1354
772
2249
817
1347
3107
2095
1495
1204
3107
2095
551
1400
3193
2095
2520
3255
1665
1987
719
836
2095
2520
1730
2919
3235
414
1084
1987
414
2648
1987
3096
91
2095
1227
375
1495
2041
1354
1347
3107
2095
1495
375
1495
2041
1354
1347
3107
2095
1495
1252
111
825
25
25
3107
2095
1728
2204
3220
2055
2927
3235
2306
3184
1347
3107
2095
1495
1347
3107
2095
1495
1849
1495
2041
2919
1347
3107
2095
1495
1413
1354
1526
2095
2066
3235
989
3079
2618
1414
2629
1075
1414
2919
2249
2306
2482
324
607
2095
1495
2041
1347
3107
2095
1495
1495
2041
2306
2942
1234
2919
2249
814
2170
2613
2029
375
1495
2041
1354
1347
3107
2095
1495
449
3038
2632
2170
2127
1347
3107
2095
1495
449
2659
1347
3107
2095
1495
66
2661
2613
1340
2537
2868
607
2659
3096
2170
637
328
1501
508
1077
91
2170
2659
3096
3235
66
2548
3095
2984
2909
1354
1347
1130
3107
1149
2548
1181
280
1462
2661
2548
637
323
1354
2422
910
2512
901
2034
85
613
2210
1984
2657
2657
2034
85
613
548
2210
1984
548
2657
2657
1391
1347
3107
2095
1495
1495
3060
1347
3107
2095
1495
3095
914
2217
1227
375
1495
2041
1354
1347
3107
2095
1495
280
1347
2095
1495
331
2802
2660
2249
2785
733
986
1496
184
1227
2625
1496
2402
732
1496
184
1227
2625
1496
2402
732
1496
184
1227
2625
1496
2402
732
2402
732
1496
184
1227
2625
1496
986
1496
184
1227
2625
1496
1227
375
1495
2041
1354
1347
3107
2095
1495
1227
375
1495
2041
1354
1347
3107
2095
1495
2448
1924
588
2063
1413
513
2519
513
917
2619
60
1085
1977
1262
2150
1414
2828
1413
1978
528
936
1395
2908
2771
720
2170
936
1762
2053
381
2451
2519
2636
2519
2170
936
777
1865
3167
513
2256
2519
3010
607
2648
2249
1444
2095
2648
2249
2873
2853
887
1227
375
1495
2041
1354
1347
3107
2095
1495
607
375
1495
2041
1354
1347
3107
2095
1495
1084
1656
1495
2041
1347
3107
2095
1495
2841
3204
749
1661
1020
126
369
2600
2002
1054
2420
814
225
3235
449
3161
221
480
1252
453
2841
1347
1130
3107
1149
2095
1368
2185
790
733
1151
1254
3204
619
3235
1234
528
1252
2294
619
1905
1234
3079
681
1227
375
1495
2041
1354
1347
3107
2095
1495
33
2522
1348
1557
296
594
594
2873
1348
1557
296
1440
1749
2706
1838
529
1585
1838
2294
2619
1618
32
2087
2619
2850
590
1544
2358
1413
2645
33
2827
840
1384
1585
2575
2949
32
1414
1623
2976
3085
2432
1085
1623
2976
3085
2432
1085
2934
3085
2432
3085
2432
22
621
2949
3085
3085
1414
882
2850
33
550
882
3190
1585
3249
1530
669
1585
1838
3079
854
3091
508
2482
1354
375
1495
2041
1354
1347
3107
2095
1495
1347
3107
2095
1495
601
2348
2186
2872
424
2537
2203
3123
1227
375
1495
2041
1354
1347
3107
2095
1495
1347
3107
2095
1495
2319
2095
1347
3107
2095
1495
2687
2095
2816
2451
790
2532
2095
107
1343
1419
2661
594
2185
801
2095
1227
375
1495
2041
1354
1347
3107
2095
1495
141
1354
887
2109
458
3167
2661
2519
801
51
1613
2257
1541
1861
2519
2313
528
212
2698
1461
3119
1431
86
2292
2294
2661
2095
2738
2087
1351
2698
2313
882
1351
1431
890
976
2738
1948
2519
2313
2529
873
2519
2661
2519
801
51
1613
2257
141
722
3029
2309
2292
3030
2519
1351
528
3126
2661
2095
2716
3079
460
2369
1130
2773
460
2925
2690
528
296
3027
2519
339
2927
2925
460
2350
280
2519
1246
1338
2294
1351
528
5
2313
1351
966
2519
1347
3107
2095
1495
836
2313
323
2095
3235
2581
910
3200
2306
761
2358
2095
2909
1366
1089
2983
2299
2097
2657
2496
2606
3235
2420
32
919
1581
2386
2206
1157
764
323
2648
2942
2572
2186
2507
1582
2420
2546
405
2426
2266
2719
2378
665
2307
2698
2420
2870
1294
1340
2698
32
2785
199
2138
1157
802
2936
2095
1084
2249
2785
199
3107
2095
1581
936
283
107
283
107
106
2095
1581
2138
2657
1235
1446
408
2880
1618
1347
3107
2095
1495
438
221
258
315
2482
2942
1354
1701
1495
2041
1347
3107
2095
1495
913
1418
3003
283
1406
1227
139
969
840
2450
2554
283
1418
1406
1418
2825
328
278
1462
147
2420
1792
1418
3003
1406
2698
801
934
315
3165
3235
2496
315
32
1414
1817
1733
922
1620
32
1414
2496
2606
2186
453
1414
2496
2606
1414
2624
2122
1084
2095
2097
2802
2097
2657
818
2095
1084
1413
51
2095
961
2278
3235
1008
2068
2496
449
315
311
1733
1347
311
1733
1495
1414
311
1733
3107
2095
3107
2095
2307
315
436
2496
315
2430
2430
315
25
551
2430
1085
2960
2872
2095
3107
2095
2872
2095
591
2430
2430
315
591
1414
3119
2802
2785
2496
315
235
2785
199
2386
396
2095
2097
2095
1581
961
922
259
1457
1587
1477
802
1414
2095
1084
2249
2785
199
3107
2095
1581
107
283
936
283
257
2095
1581
2657
2880
1618
1414
1380
1749
910
3200
1414
257
884
2657
257
2657
257
2657
257
257
2657
257
257
1156
2657
257
257
1156
2221
2657
257
257
1156
684
2657
257
257
1156
1308
2657
257
257
1156
1355
2657
257
257
1156
1870
2657
257
257
1156
3167
2657
257
257
2735
2657
257
257
1638
2657
257
257
182
2657
257
257
1215
2657
257
257
2910
1638
2657
257
257
2910
528
2657
257
257
85
2657
257
257
85
2657
257
257
2659
2657
257
257
2657
257
257
2657
257
257
289
2657
257
257
2657
257
257
2659
2657
257
257
2657
257
1469
2657
257
2657
257
2657
257
2967
2657
257
2657
257
2913
2660
2657
257
2913
702
2657
257
2913
1638
2657
257
2913
2657
257
2913
2657
257
2913
884
2657
257
2913
2657
257
2913
2985
2657
257
1581
2657
257
1092
2657
257
2657
257
257
2657
257
257
2657
257
257
2657
257
257
1156
2352
2657
257
257
1156
1355
2657
257
257
2657
257
257
2657
257
257
1638
2657
257
257
1638
2657
257
257
182
2657
257
257
1785
2657
257
257
2910
1638
2657
257
257
2910
2657
257
257
2910
528
2657
257
257
2657
257
257
2657
257
257
289
2657
257
257
2657
257
257
2657
257
257
2576
2657
257
257
2657
257
2785
2785
2659
2657
257
2785
2785
1980
2657
257
2785
2785
1980
1252
382
2657
257
2785
2785
2913
2657
257
2785
2785
702
2657
257
2785
2785
528
702
2657
257
2785
2785
528
2657
257
2785
2785
528
2657
257
2785
2785
528
884
2657
257
2785
2785
528
1162
1256
2657
257
2785
2785
3189
2657
257
2785
257
2657
257
2785
257
2657
257
2785
257
2657
257
2785
257
1156
2352
2657
257
2785
257
1156
1355
2657
257
2785
257
2657
257
2785
257
2657
257
2785
257
1638
2657
257
2785
257
1638
2657
257
2785
257
182
2657
257
2785
257
1785
2657
257
2785
257
2910
1638
2657
257
2785
257
2910
2657
257
2785
257
2910
528
2657
257
2785
257
2657
257
2785
257
2657
257
2785
257
289
2657
257
2785
257
2657
257
2785
257
2657
257
2785
257
2576
2657
257
2785
257
2657
257
2657
257
2657
257
702
884
2657
257
702
2657
257
2657
257
257
2657
257
257
2657
257
257
2657
257
257
1156
2657
257
257
1156
1638
2657
257
257
1156
2657
257
257
1156
2221
2657
257
257
1156
2657
257
257
1156
2352
2657
257
257
1156
790
2657
257
257
1156
1941
2657
257
257
1156
1308
2657
257
257
1156
2657
257
257
1156
1355
2657
257
257
1156
1870
2657
257
257
1156
3167
2657
257
257
1156
744
2657
257
257
1156
970
2657
257
257
2735
2657
257
257
1638
2657
257
257
2657
257
257
182
2657
257
257
2657
257
257
1215
1776
2657
257
257
1215
2657
257
257
2659
2657
257
257
2657
257
257
2910
1638
2657
257
257
2910
2657
257
257
2910
528
2657
257
257
2657
257
257
1940
2657
257
257
85
2657
257
257
85
2657
257
257
2657
257
257
2659
2657
257
257
2657
257
257
2657
257
257
2657
257
257
2657
257
257
257
257
289
2657
257
257
2657
257
257
2657
257
257
2659
2657
257
257
2659
2657
257
257
331
2657
257
257
2576
2657
257
257
2659
2657
257
257
2657
257
257
2657
257
257
2657
2496
2606
2496
315
1241
2319
933
2420
2546
1815
1618
2872
229
2681
1878
1867
1431
588
2478
2889
280
311
1733
922
1347
311
1733
601
2047
814
32
2206
1995
2610
782
2785
199
2610
2420
1031
1342
1995
2610
3235
411
20
2095
1084
2074
2097
2657
2249
2095
32
1235
1446
3004
2698
2698
3004
785
2095
449
3031
2169
2606
1444
1850
32
3242
922
2095
396
3235
2063
1623
2976
1543
3235
2976
3246
2461
2437
1800
1543
2404
3169
2779
822
2601
2095
3235
2957
1543
2976
2095
3169
3235
2957
276
2659
2206
2095
2443
1529
1529
3003
942
2195
2698
2788
3116
3068
1543
3169
2976
2520
2580
3162
1262
2095
2095
1546
1794
1543
2185
801
104
2533
378
1546
1585
469
583
20
1252
1708
20
2095
2619
1699
1214
1585
928
2830
3116
1727
3169
2802
2370
2619
1618
1492
2705
2422
1406
2095
1780
3179
3169
240
2497
2095
2802
2370
802
2934
2584
1543
1543
1248
464
369
2236
1392
2632
2459
3169
2934
2584
1543
1543
1248
464
369
2236
1392
1555
2095
3169
2170
3125
2095
986
3125
1123
1705
2208
1434
327
922
986
1354
1701
1495
2041
1347
3107
2095
1495
1227
375
1495
2041
1354
1347
3107
2095
1495
1050
2576
1366
2576
2519
585
779
1096
2657
2457
458
2592
257
2592
947
1089
2576
2657
2457
449
1347
1130
3107
1149
2095
1347
3107
2095
1495
2395
2095
280
1562
134
2303
882
1495
2041
236
1749
1347
3107
2095
1495
882
2956
3235
550
2287
1462
1679
1130
2057
1495
2041
236
1047
3240
59
1107
2942
116
1223
1602
901
3117
1727
3017
2948
2619
1800
307
1354
224
1227
2420
2294
2195
894
2087
2630
782
2950
2866
735
209
307
2178
986
196
746
2457
2909
2095
2420
174
993
1757
2223
267
107
2681
1977
2223
1488
107
2371
2552
1618
806
1534
1266
806
2532
571
2371
735
2818
1618
806
3225
1413
1577
2457
2212
1252
627
986
2572
1414
2592
1252
2087
2993
932
211
1703
1618
2661
1414
2802
2739
590
444
1525
2223
782
184
1453
1525
1525
2208
1355
419
806
495
1689
1413
2185
2532
3107
3107
3107
3107
3107
2095
601
3107
2095
705
3107
2095
705
3107
2095
3107
2095
2223
2698
2223
3107
2095
107
107
2698
107
212
2698
1870
587
2698
587
936
1414
1981
324
52
1604
3134
1458
2385
537
2185
141
2294
1577
366
1159
307
465
2266
1528
1462
2619
1800
209
307
1727
1528
1528
2457
1618
307
2948
1403
2338
1403
3117
160
160
2361
324
2619
1800
307
2450
209
307
1239
1266
1403
3117
1727
1528
324
209
307
2457
1347
1403
1419
2047
2027
1071
1347
1130
3107
1149
2095
1966
2420
1252
1431
2605
1739
1414
588
928
2250
1656
1130
1252
3235
2520
2531
901
1071
1354
2483
2482
1071
1234
2820
1354
2163
1227
375
1495
2041
1354
1347
3107
2095
1495
1270
2648
557
645
2186
3012
2528
331
2542
2892
2752
1354
1701
1495
2041
1347
3107
2095
1495
2420
108
1986
2375
2360
2985
1408
3235
1977
1290
1016
2966
2980
1345
780
1817
2985
1828
1380
1227
375
1495
2041
1354
1347
3107
2095
1495
2378
2796
1345
780
1227
375
1495
2041
1354
1347
3107
2095
1495
1701
2600
801
348
2297
1196
1908
2164
1347
3107
2095
1495
3225
1347
1130
3107
1149
2095
1347
1130
3107
1149
2095
1701
1495
2041
1347
3107
2095
1495
1227
375
1495
2041
1354
1347
3107
2095
1495
1227
375
1495
2041
1354
1347
3107
2095
1495
1347
3107
2095
1495
1347
3107
2095
1495
1495
3060
1347
3107
2095
1495
1227
375
1495
2041
1354
1347
3107
2095
1495
1701
1495
2041
1347
3107
2095
1495
1611
1347
3107
2095
1495
3225
1347
3107
2095
1495
1234
1605
1347
3107
2095
1495
2306
70
2942
681
1605
1031
128
590
1383
211
2942
280
1347
3107
2095
1495
2016
2172
2145
2442
2459
703
2698
1054
626
199
2567
2820
2570
2459
294
2570
690
199
2567
2668
376
1836
1354
1701
1495
2041
1347
3107
2095
1495
1347
3107
2095
1495
1354
1701
1495
2041
1347
3107
2095
1495
3235
1495
2041
1347
3107
2095
1495
2841
1612
1262
521
2478
2842
3189
210
887
2095
3107
210
1980
1634
1115
1347
3107
2095
1495
1057
814
2942
767
219
117
676
2545
2432
271
2682
117
219
2095
641
2799
509
1966
159
414
2122
1571
680
1354
219
2043
1581
2095
1084
2249
2785
2913
1581
551
2170
1618
2095
2097
396
3169
166
961
801
1948
733
2223
1948
732
590
3107
2095
2659
2170
3107
2095
2659
2170
1453
2690
2185
1618
2785
2592
2095
2097
2657
212
1650
551
802
2619
481
2185
1618
2785
2592
2095
2097
2657
1650
2619
481
1608
3090
1413
620
1786
702
3107
2095
2659
2170
292
2619
3107
2095
2659
2170
292
3107
2095
2659
2170
1735
3107
2095
3107
2095
3107
2095
3107
2095
1735
3107
2095
3107
2095
1234
3235
2170
2578
928
2698
1414
1995
2592
2933
1413
2420
2770
2785
928
2698
933
1414
2095
2520
1414
3107
2095
3107
2095
1478
2037
2430
2430
2430
1478
1478
2037
685
2430
541
1478
2632
2430
3107
2095
2430
1414
637
2095
2097
2657
764
2170
1414
585
2592
2610
2095
2148
2170
1518
1234
2097
764
280
1347
3107
2095
1495
1642
1234
1347
3107
2095
1495
1347
3107
2095
1495
2797
1730
1234
836
1227
375
1495
2041
1354
1347
3107
2095
1495
1347
3107
2095
1495
1347
3107
2095
1495
2195
2247
1602
552
2343
1354
588
2661
2095
2919
1234
1495
2041
3095
2378
2661
25
2454
2095
2208
1227
594
2661
2581
594
3068
1130
2909
3095
2045
693
693
3135
2725
2369
3191
2157
1590
2045
693
2351
2045
693
610
3022
481
280
2095
2337
2443
693
2455
590
3095
1107
1532
693
1347
1130
1870
1149
1354
801
677
3191
2652
2420
1590
1909
610
280
1347
3107
2095
1495
2095
999
1234
2420
235
2719
3022
2144
1195
2095
2306
2482
2942
1326
2063
893
681
57
1354
1730
2909
893
1749
1650
495
2619
2450
84
2426
702
2002
405
2798
1378
819
1701
1347
3107
2095
1495
1347
3107
2095
1495
2909
590
60
2095
2148
936
1227
375
1495
2041
1354
1347
3107
2095
1495
280
2095
2306
1077
891
607
2816
2741
1227
375
1495
2041
1354
1347
3107
2095
1495
375
1495
2041
1354
1347
3107
2095
1495
2294
2463
1234
1966
1234
1347
3107
2095
1495
3235
2306
2512
2719
2095
1354
2095
2719
1407
2482
1071
1347
3107
2095
1495
1227
375
1495
2041
1354
1347
3107
2095
1495
375
1495
2041
1354
1347
3107
2095
1495
1227
375
1495
2041
1354
1347
3107
2095
1495
1701
1347
1130
3107
1149
2095
1151
3150
280
619
2659
1347
3107
2095
1495
619
1102
2223
381
619
1380
619
1151
2040
619
902
1489
3150
1234
1347
3107
2095
1495
1354
1701
1495
2041
1347
3107
2095
1495
2788
1234
1347
3107
2095
1495
1701
1495
2041
1347
3107
2095
1495
2913
3031
2394
887
3107
2095
1227
1749
528
836
2383
2499
2913
836
2095
999
2575
818
1153
2785
2186
3171
1462
3078
711
1424
2641
2420
1354
1701
1495
2041
1347
3107
2095
1495
2659
884
3108
2661
2512
1047
1389
884
1414
460
1414
1031
933
779
2698
460
269
919
2095
2095
3108
884
1047
2386
1354
2459
1414
2058
460
1414
460
1473
1018
779
884
1262
259
267
460
3235
1532
884
779
460
2532
3067
669
32
1973
669
712
1414
669
669
551
669
551
2437
669
551
669
460
669
460
2437
669
460
1414
1489
460
259
2185
2837
2941
884
1729
2532
1414
2713
1709
1729
1638
2732
1709
1729
326
2732
1709
1729
2732
1709
1729
1414
1647
1729
2619
52
401
1354
1701
1495
2041
1347
3107
2095
1495
928
1851
1472
925
1347
3107
2095
1640
551
3107
2095
1203
1237
445
33
1234
2980
1650
1414
541
20
2951
1414
1227
375
1495
2041
1354
1347
3107
2095
1495
607
3235
3094
1495
2041
280
1354
1227
375
1495
2041
1354
1347
3107
2095
1495
1701
1495
2041
1347
3107
2095
1495
1227
375
1495
2041
1354
1347
3107
2095
1495
1227
375
1495
2041
1354
1347
3107
2095
1495
1701
1495
2041
1347
3107
2095
1495
1227
375
1495
2041
1354
1347
3107
2095
1495
2942
1634
1347
3107
2095
1495
1234
3095
1143
690
936
282
690
933
59
3235
1288
842
2780
933
1990
1262
1414
2902
1607
2044
486
312
1825
2294
2985
2185
1354
3093
2985
2185
2872
1438
2185
778
2976
92
955
2185
1549
3105
778
481
2828
3093
1438
1462
1831
192
344
2836
647
1618
589
2585
2256
2757
2585
2256
585
1618
589
20
2908
1431
3235
2828
3093
1438
2585
2256
778
2976
2927
1549
1358
401
681
975
541
2950
778
2976
2063
3235
192
2455
344
782
541
2950
3131
1358
1964
2355
1462
778
2976
1431
2058
2204
3218
2740
126
3225
283
907
92
3235
2999
1546
2592
2185
2581
2824
433
453
2847
1529
690
2454
2095
2592
1551
801
453
2909
2592
3068
1414
2634
2729
86
2980
64
759
2985
541
2941
2394
2095
2592
887
2095
2592
1630
84
3068
2592
1355
2185
2569
2095
2592
818
3248
2592
2185
1355
2185
453
108
3089
3093
1234
2443
1354
2185
1355
2185
3107
408
2634
2729
2306
873
189
2979
1577
2637
108
3089
2909
1414
2951
1071
1414
1512
1031
108
3089
2499
1716
108
2311
1418
1172
1990
2441
2927
2292
2294
2661
2592
3225
2512
1261
995
2851
1414
723
2198
475
2941
539
2999
1334
2185
2185
1647
998
2985
3225
1942
2443
1944
2299
2095
3101
681
2939
3122
1642
2659
66
1619
836
2592
836
2442
2186
681
1354
2450
2999
1262
2939
1825
601
486
2256
2294
2186
224
1769
2676
681
836
2185
2659
2017
429
1455
1495
2041
2835
3023
1571
1812
2394
33
2141
2299
2618
2832
2081
2204
1812
1571
2681
460
1618
844
280
1647
3079
1234
2294
381
2876
2155
1234
1227
375
1495
2041
1354
1347
3107
2095
1495
280
1347
3107
2095
1495
460
2336
1482
460
460
2336
1482
1354
1701
1495
2041
1347
3107
2095
1495
1227
375
1495
2041
1354
1347
3107
2095
1495
408
2185
2095
1618
166
1169
3225
2041
1562
1354
843
1618
944
2994
1618
2698
1414
2994
2386
2507
1354
1347
3107
2095
1495
508
2560
716
1642
1234
1347
3107
2095
1495
2186
1557
1760
2160
2001
1031
919
1234
877
3169
3038
1557
2507
887
1621
2149
2581
2921
836
1367
3235
2411
1997
2333
3169
2333
3235
2411
1997
2045
1674
414
113
1880
2045
159
2298
2575
1367
3235
1339
1623
1754
2976
306
3169
2297
1052
1623
1754
2976
2934
2297
471
1946
221
2267
3116
1473
1618
282
1623
2976
1618
1577
1195
1347
3107
2095
1495
280
1347
3107
2095
1495
8
1475
1354
2874
2660
2657
2574
1041
2133
449
961
2660
2657
212
1461
2785
2592
1630
2133
961
2660
2249
2660
2249
531
645
887
2185
528
2093
2648
2660
2657
3164
1995
2610
2785
2610
238
2657
1041
508
1041
2654
2660
2657
645
887
2185
528
2654
2133
961
645
2785
2769
2437
814
331
2420
2648
2355
917
1295
2095
1581
2095
1581
2657
2574
2660
2657
2625
2648
331
2420
1577
2355
2657
1541
2574
1601
681
3213
2095
2651
2660
2657
1041
2785
1041
2785
1041
2186
2927
1368
961
2660
1594
328
2390
2612
1594
2063
2657
1204
2785
935
2574
2648
2249
3235
2574
3132
2095
1041
2980
2420
1135
3132
2297
1252
1901
2657
2657
3235
1204
1227
359
935
1204
2980
1347
3107
2095
1495
2512
550
2287
681
839
1262
2574
2660
2657
818
2095
1041
2785
551
2651
296
2011
2095
1440
1004
1533
2785
1440
2292
1995
2610
2442
1238
1677
2969
2292
2574
1013
873
2661
2785
2292
2661
2574
1013
2648
961
2095
2226
2292
8
1140
681
2354
2785
2785
2574
1013
2130
645
2095
1768
528
2574
94
2151
2245
2785
2913
2785
1995
2610
843
2186
2512
1825
2785
2913
2610
935
1557
795
2574
1013
801
2133
624
2661
1041
2849
2253
645
288
2770
1839
991
506
3235
1634
2292
2661
2574
1013
2648
961
2785
631
2574
1013
1068
1204
194
2292
2174
961
2876
702
2802
1977
2380
2095
150
1227
375
1495
2041
1354
1347
3107
2095
1495
280
2095
2249
384
1495
1562
3235
1077
1623
607
512
3235
1234
2095
2249
1234
817
280
2249
817
2512
1512
331
458
1465
2223
2661
106
107
2053
2592
458
2223
591
458
107
986
2223
1348
458
2668
458
2402
660
458
1465
2223
2661
106
107
2053
2592
458
2223
591
458
107
986
2223
1348
458
2668
458
2402
660
458
184
3022
2727
2510
458
184
3022
2727
2510
458
107
20
33
458
107
1368
33
2999
936
458
107
2402
2223
1348
458
1465
2223
2661
106
107
2053
2592
458
2223
591
458
107
986
2223
1348
458
2668
458
2402
660
212
782
1453
2690
2185
2148
2831
2095
2170
212
1650
551
2641
539
2994
1358
2185
2148
2831
2095
2170
1650
2641
539
1608
2641
539
1608
1830
539
2185
2148
2831
2095
2170
1650
2641
539
2185
2148
2831
2095
2170
1650
1830
2747
2185
2148
2831
2095
2170
2949
1650
1446
541
1446
2043
1869
1162
2950
2950
986
721
280
1347
3107
2095
1495
1227
1462
375
1495
2041
1354
1347
3107
2095
1495
1227
375
1495
2041
1354
1347
3107
2095
1495
1347
3107
2095
1495
1347
3107
2095
1495
1227
375
1495
2041
1354
1347
3107
2095
1495
637
2979
453
2820
884
1234
1840
2551
1548
2554
1789
2453
1060
1084
449
3252
1347
3107
2095
1495
2223
2705
2223
525
2546
3145
2661
1619
2007
1181
1854
882
1347
2095
882
1347
3107
2095
1495
2631
817
1700
2336
2095
1347
2095
1495
2336
1347
2095
1495
1347
3107
2095
1495
2249
818
1347
3107
2095
1495
3225
280
1227
986
836
280
1347
1130
3107
1149
2095
2942
1482
1749
141
887
3107
2095
2738
1749
3095
462
122
696
2043
19
3148
25
2632
2999
122
25
1724
280
2095
1347
1130
3107
1149
2095
836
2095
3235
2512
1598
720
462
122
541
1598
2632
1354
280
1227
986
836
2095
2919
1497
1354
1340
2687
2095
854
2988
778
2761
2820
1648
2820
1866
1648
1174
1652
1347
1130
3107
1149
2095
1347
3107
2095
1495
375
1495
2041
1354
1347
3107
2095
1495
1347
3107
2095
1495
3212
2821
2307
843
2909
20
2512
594
2185
1414
2872
1135
3026
331
458
3026
458
2185
331
2056
2185
20
1967
331
571
2185
3107
2185
2185
2185
331
331
378
2185
2185
1521
2095
2592
557
2095
331
2185
712
3107
2185
712
1397
1397
3026
3107
3026
712
3107
3026
712
1397
1397
1127
2056
476
520
974
1302
3003
85
2939
1377
1127
2034
85
1948
331
1127
2034
85
2056
1414
1414
2185
2185
1521
2095
2592
557
2095
331
1414
2980
2532
1233
2797
674
1858
458
1604
239
782
3095
1413
3012
2909
3167
2925
2614
2095
331
458
1465
887
528
1948
2395
46
2661
801
1948
2872
2095
2592
1357
409
46
458
1488
458
1465
458
1488
2433
1616
2095
2592
458
134
1616
2095
2592
458
258
458
375
2592
2532
2095
2592
458
1488
1589
458
2918
2254
2519
1348
2592
458
2087
2496
458
258
108
3089
2592
458
1444
458
1465
887
528
458
2360
528
1488
887
458
258
458
887
2185
528
2532
2095
458
1465
887
528
458
1488
2095
1162
887
2592
458
449
2657
2148
2095
1345
2095
1345
2657
887
961
2095
1345
2657
1043
458
2249
2095
458
2249
258
2660
2095
2520
458
2249
1444
2660
2095
2520
1348
2660
458
2249
107
2660
212
212
458
212
3092
107
2660
2095
2520
458
1494
2095
199
2660
1348
2660
458
107
449
2660
212
106
458
107
1348
2660
106
458
107
1954
2660
986
458
3092
802
1521
2936
2148
401
524
2657
2148
401
779
2644
2950
2657
2148
2437
257
936
1638
2657
2148
2437
257
1156
2221
2657
2148
2437
257
1156
1355
2657
2148
2437
257
2735
2657
2148
2437
257
2657
2148
2437
257
1208
2657
2148
2437
257
2657
2148
2437
257
2657
2148
2437
257
2657
2148
2437
257
2657
2148
2437
257
2657
2148
2437
257
2471
1638
2657
2148
2437
257
289
2657
2148
2437
257
289
2657
2148
2437
257
2659
2657
2148
2437
257
331
2657
2148
2437
2148
2437
2148
2437
2148
2437
1588
257
2777
2657
2148
2437
257
2657
2148
2437
257
2657
2148
2437
257
2657
2148
2437
257
2657
2148
2437
257
2657
2148
2437
257
2284
2657
2148
2437
257
1156
2657
2148
2437
257
1156
2221
2657
2148
2437
257
1156
1870
2657
2148
2437
257
1156
1870
2657
2148
2437
257
1156
3167
2657
2148
2437
257
2352
2657
2148
2437
257
2657
2148
2437
257
2657
2148
2437
257
1314
454
2657
2148
2437
257
2735
2657
2148
2437
257
2657
2148
2437
257
1653
257
2657
2148
2437
257
2657
2148
2437
257
2657
2148
2437
257
1638
2657
2148
2437
257
182
2657
2148
2437
257
2657
2148
2437
257
2657
2148
2437
257
1977
2657
2148
2437
257
2788
2657
2148
2437
257
2657
2148
2437
257
2657
2148
2437
257
2657
2148
2437
257
2471
1638
2657
2148
2437
257
289
2657
2148
2437
257
250
2657
2148
2437
257
2659
2657
2148
2437
257
2657
2148
2437
257
2576
2657
2148
2437
257
2657
2148
2437
257
2657
2148
2437
257
2657
2148
2437
257
2284
528
2657
2148
2437
257
2169
2659
2657
2148
2437
936
257
936
1638
2657
2148
2929
460
2625
32
591
33
1634
2999
936
107
1347
3107
2095
1640
2249
1638
551
3107
2095
107
107
1861
557
458
458
1488
458
458
1465
458
458
1488
2433
1616
458
458
2249
1465
2095
2249
2095
458
458
528
85
458
458
1488
2471
2249
570
458
458
1488
2471
1980
570
458
458
1488
570
458
458
1488
2660
570
458
458
1488
2660
570
458
458
1488
570
458
458
1488
570
458
458
1488
458
458
1488
2249
1162
887
2592
458
458
2249
2310
2736
2964
458
1488
1494
458
1948
2395
46
2661
801
458
1948
2872
2095
2592
1357
409
46
458
458
1488
458
458
1465
458
458
1488
2433
1616
458
458
212
1465
2095
212
106
458
458
212
2095
2148
2148
2437
2095
458
458
528
85
458
458
1488
2471
570
458
458
1488
570
458
458
1488
331
570
458
458
1488
570
458
458
1488
570
458
458
1488
570
458
458
1488
458
458
1488
212
1162
887
2592
458
458
212
2249
2095
458
458
2249
258
212
106
458
458
212
1444
2249
2095
458
458
2249
258
2660
2095
2520
458
458
2249
1444
2660
2095
2520
1348
2660
458
458
2249
107
2660
212
212
458
458
212
3092
107
2660
2095
2520
458
458
3092
802
1521
2936
2148
401
524
2657
2148
401
779
2644
2950
2657
2148
2437
257
936
1638
2657
2148
2437
257
1156
2221
2657
2148
2437
257
1156
1355
2657
2148
2437
257
2735
2657
2148
2437
257
2657
2148
2437
257
1208
2657
2148
2437
257
2657
2148
2437
257
2657
2148
2437
257
2657
2148
2437
257
2657
2148
2437
257
2657
2148
2437
257
2471
1638
2657
2148
2437
257
289
2657
2148
2437
257
289
2657
2148
2437
257
2659
2657
2148
2437
257
331
2657
2148
2437
2148
2437
2148
2437
2148
2437
1588
257
2777
2657
2148
2437
257
2657
2148
2437
257
2657
2148
2437
257
2657
2148
2437
257
2657
2148
2437
257
2657
2148
2437
257
2284
2657
2148
2437
257
1156
2657
2148
2437
257
1156
2221
2657
2148
2437
257
1156
1870
2657
2148
2437
257
1156
1870
2657
2148
2437
257
1156
3167
2657
2148
2437
257
2352
2657
2148
2437
257
2657
2148
2437
257
2657
2148
2437
257
1314
454
2657
2148
2437
257
2735
2657
2148
2437
257
2657
2148
2437
257
1653
257
2657
2148
2437
257
2657
2148
2437
257
2657
2148
2437
257
1638
2657
2148
2437
224
2512
70
2223
1315
20
2420
2546
902
2652
933
70
1347
3107
2095
1640
2249
1638
551
3107
2095
2062
910
2432
3188
2307
1815
1315
20
1861
262
3095
3235
7
331
2432
2095
3235
887
2208
910
2185
7
1347
3107
2095
1495
2204
107
1347
3107
2095
1640
2249
1638
551
3107
2095
107
107
2204
2378
2095
2432
2432
3235
1530
2902
1340
1354
2454
2095
2511
2919
1315
20
70
229
1488
2802
458
2223
591
331
2520
2307
2056
2924
2307
1749
2307
2056
705
2934
2056
2924
2619
2619
2198
3107
2095
2095
2095
1345
1820
2619
2198
2307
2307
25
2619
2198
2619
1749
2619
2619
2198
3107
2095
2095
2095
1345
1820
2619
2198
2307
2307
25
2619
2198
2619
2056
2619
2619
2198
3107
2095
2095
2095
1345
1820
2619
2198
2307
2307
2056
25
2619
2198
2619
2056
2872
3099
3107
2095
2056
2924
25
2002
33
2619
2198
2150
1085
2619
2198
3107
2095
1085
2619
2198
1749
25
2002
33
2619
2198
2150
1085
2619
2198
1402
3107
2095
1085
1402
2619
2198
2056
25
2002
33
2619
2198
2150
1085
2619
2198
3107
2095
1085
2619
2198
2056
694
1870
1085
2150
3107
2095
1085
3026
541
3073
2056
2924
541
3073
1749
541
3073
2056
2934
705
2934
159
2934
2056
2924
541
3073
1749
541
3073
2056
2198
2369
1354
1347
3107
2095
1640
2249
1638
551
3107
2095
199
65
3095
1340
3119
541
3235
758
159
722
3105
3235
586
810
2661
2095
2520
1975
2231
2206
1414
1556
3107
2095
3026
1414
214
1198
2430
3093
1414
1556
1870
1870
25
2430
2319
3107
2095
705
3107
2095
705
3107
2095
3107
2095
3107
2095
292
2698
1414
2992
1395
1041
3235
656
1230
696
2204
2661
421
2254
1498
408
2185
1453
2980
2554
2149
2941
2095
2095
1084
408
3082
277
2170
1982
1863
2925
2103
3092
1978
1334
1978
3092
1978
3054
2520
818
2095
818
2095
1084
3054
999
1414
134
2519
711
3092
1978
3248
2519
387
2913
1790
189
1664
1762
11
2451
2519
1758
2274
1413
3075
1230
11
2519
414
1762
1120
1762
917
2519
1413
2147
2637
2443
1577
1713
2519
1762
1864
1571
1347
1640
2249
1618
2095
1084
2095
3235
404
2925
2025
3227
611
1533
681
1488
1347
2095
2031
1354
1701
1495
2041
1347
3107
2095
1495
1413
1954
401
2813
3226
449
2420
520
913
1224
2195
2294
2629
884
414
1977
499
401
2053
2734
2657
2186
2698
2657
2097
2657
375
2351
519
2228
2832
750
2351
1571
2351
2351
3076
1588
2657
551
1749
551
3076
1588
2657
551
2698
551
3076
1588
2657
551
551
551
408
2095
2097
2657
1557
2351
583
20
408
2095
2097
2657
1557
2351
2939
583
20
3225
1392
2319
378
3225
378
3235
1675
2249
2942
2331
1672
843
2215
2657
3225
2272
2919
2097
2657
2272
222
2969
993
569
2676
3235
16
2535
2514
569
2155
152
2336
1386
1751
1414
2941
1089
2421
1414
32
1347
970
2032
821
1715
993
3012
986
1377
2150
520
2999
2759
475
1597
3235
401
76
1052
308
2354
2380
2399
1413
51
2651
1647
2327
401
2608
2608
933
3005
2041
1347
1130
3107
1149
2095
2980
1414
2980
358
1234
511
868
2097
2657
2351
378
801
539
1143
66
1769
1148
2095
323
612
3076
2443
836
3235
1303
2999
1645
607
1834
2884
215
1885
1604
2643
1849
2215
3119
2737
993
2272
2542
2215
2532
1772
961
157
520
324
890
2941
843
1902
2946
1955
2657
378
590
3210
2542
3225
2810
1462
2652
2657
3138
1413
869
1529
1393
2661
1609
2581
1366
515
2148
536
3235
1623
2657
3225
1909
1347
1698
970
1149
1529
2351
3225
569
280
836
1647
70
90
2097
961
375
836
3076
3007
1533
1769
323
2097
2657
3225
2249
1392
3225
2657
3022
1392
887
2109
446
3225
2657
1347
3113
1405
1529
401
2097
3225
71
854
1252
2661
1647
2005
1617
836
902
836
1414
2420
1018
1096
2185
2228
750
1909
2185
2306
70
2886
375
846
117
2610
1772
2005
2455
1414
3249
2186
3038
1014
2351
3225
102
2941
2115
435
2204
1647
3235
224
923
2097
2657
32
2651
2783
3225
3235
358
2701
3225
1414
2657
2095
2097
524
2657
2214
1419
1414
1414
2215
1593
2450
2283
1588
2215
1592
1997
3002
137
1925
591
2262
749
702
2632
2847
2284
2283
2674
1588
2235
1588
2283
744
1414
3225
1358
3225
961
2453
2097
2657
1861
1824
898
2186
422
887
210
3113
210
1934
2657
2657
1358
2185
280
836
2661
3235
836
772
3095
2145
1710
441
1097
32
2651
623
2060
2802
1780
713
3116
839
1569
1977
2802
2719
1954
1544
449
1495
2041
2395
1354
1347
3107
2095
1495
280
2942
607
1347
3107
2095
1495
375
1495
2041
1354
1347
3107
2095
1495
259
2976
840
1612
1557
514
2294
2095
1480
3116
1612
1530
1414
2185
2457
3169
551
3107
2095
3169
2457
2512
1414
1650
2457
1612
2457
3116
3235
850
2807
33
3116
2976
840
1043
1557
514
1354
1530
1414
2185
2457
3169
551
3107
2095
3169
2243
2457
1571
1725
2512
1414
974
2457
1612
1043
2457
1354
280
1795
363
2306
2521
2512
1618
1557
2346
3169
3235
324
3116
1354
1701
1495
2041
1347
3107
2095
1495
1227
3097
375
1495
2041
1354
1347
3107
2095
1495
1227
375
1495
2041
1354
1347
3107
2095
1495
453
2001
3235
2512
1571
723
2642
1414
705
1414
681
2294
280
2942
2334
2142
296
1347
2095
427
2249
1234
928
438
747
423
2942
2356
2942
2334
1018
1413
1541
1032
2919
2095
856
870
210
2262
615
2358
2095
524
1009
2195
2550
2249
817
401
1032
1336
524
836
210
2095
961
210
101
1347
3107
2095
2031
2249
210
2308
1911
2778
2455
3235
1665
865
210
841
263
210
2703
3235
2701
1772
210
2095
856
1347
2095
3107
210
2891
3161
1283
1431
3122
1336
524
2841
1252
418
2925
1601
2149
2170
2891
3161
1118
2869
3161
1084
210
2891
1934
1032
2919
870
210
1347
2095
3107
210
2170
2891
3161
1227
375
1495
2041
1354
1347
3107
2095
1495
405
2798
528
1977
1136
398
1657
142
1462
1278
1222
480
972
2062
1769
480
2716
107
283
110
2671
1462
2698
972
324
2941
1530
322
502
1817
1364
1582
1354
1339
3170
2954
1966
2306
2950
356
2186
3210
1461
2698
107
2053
3095
2913
1366
2095
460
2925
2022
1354
2559
1031
280
2186
587
2306
240
936
107
557
2942
1969
2581
460
3171
3235
2872
3032
398
2186
460
1414
3010
2984
1966
928
2661
1889
2925
2455
398
500
2925
1645
2233
1969
2358
3080
263
587
1493
2446
884
2355
1473
2455
50
1354
1017
2442
140
2661
1493
2446
2215
2442
2987
97
2182
2814
20
76
2185
840
32
1198
1354
2056
3003
3167
594
1909
2255
587
973
3167
816
1664
367
2355
2802
1414
458
1894
2994
2185
460
458
2255
2170
2402
2056
2255
2170
2402
1355
2185
2185
460
1577
3107
3107
3107
3107
3107
3107
3107
3107
2095
292
3107
2095
1735
3107
2095
1735
3107
2095
3107
2095
3107
2095
1735
3107
2095
3107
2095
3107
2095
2659
2170
292
2698
1414
1495
2041
1234
1347
3107
2095
1495
1227
375
1495
2041
1354
1347
3107
2095
1495
1227
375
1495
2041
1354
1347
3107
2095
1495
208
2420
2622
1414
2592
3225
1751
1136
1354
637
1183
384
280
2095
2958
3235
1778
199
910
51
2872
1966
1413
70
405
2426
2378
2380
1390
887
2109
2698
2095
2629
460
1969
2378
2872
2148
2148
469
702
2951
1103
2420
1135
2420
3029
2608
557
405
2420
1103
1414
1354
2195
2698
32
358
296
3161
814
1492
681
2257
2939
2561
1414
790
1414
1342
1413
128
129
2186
2002
2661
1238
1431
1128
2492
1252
2095
336
3235
2455
793
1332
1483
2622
2282
999
2095
887
2109
782
1858
117
117
408
681
1414
919
1571
2661
1414
1414
3068
1825
831
1018
1227
375
1495
2041
1354
1347
3107
2095
1495
1773
2629
460
305
1977
2629
1087
2001
1413
2494
2570
2432
78
1026
836
2624
331
1745
936
1982
801
3235
2811
51
2354
2271
2721
2721
1423
3134
1031
3235
681
2108
2640
849
1335
3002
938
1354
2828
1418
833
704
2444
2420
1196
1526
2882
1677
2452
2186
1896
2698
884
3134
417
2705
1517
2186
3155
1414
933
2705
3235
1604
1475
1026
2624
2880
1618
1391
2706
2001
1526
2103
1181
3043
849
1735
816
1356
84
1861
2704
3235
1623
2629
460
1462
147
3095
3091
508
20
627
1815
1065
2705
2651
2025
1354
822
1464
2909
1803
2595
3095
2984
1661
1773
2276
2814
2721
388
2132
2941
2941
2814
2276
2721
1227
375
1495
2041
1354
1347
3107
2095
1495
280
1347
3107
2095
1495
2095
2095
1347
3107
2095
1495
1234
1354
280
1347
3107
2095
1495
1181
280
280
2133
189
2987
588
2212
2019
2976
282
106
283
1493
107
2976
1803
1764
502
282
2019
2976
2950
1473
1210
2453
2877
2620
283
2223
3025
283
426
283
1210
2950
1706
201
3004
2950
2355
478
2355
936
3063
2630
2802
2355
843
2651
1354
235
502
661
2527
347
2616
610
2854
1715
347
2616
20
1924
1815
283
3141
347
2616
20
2369
1815
2620
1514
2287
2392
2114
3191
1815
1977
1815
2392
308
2510
3199
2616
2616
2820
2730
347
2616
20
2927
2616
3199
2927
283
560
32
43
1890
3235
347
20
107
283
1638
1013
2976
2432
465
199
2558
1688
1795
1604
374
1354
304
283
3141
2877
2453
2053
1347
3107
2095
1495
2951
283
3141
2877
2453
1795
1450
347
2616
20
950
2730
2976
20
108
20
2877
214
20
3235
933
1795
2095
3169
2164
1979
347
20
3169
2164
2443
699
3107
2095
2533
3169
2164
3235
2512
1571
436
1450
610
3169
2976
1501
2887
1605
2909
1503
347
2616
610
1604
2412
2909
2976
20
1815
283
1861
2053
2453
283
2533
2620
283
94
2950
2453
2620
1210
762
283
304
107
283
3235
1354
32
1488
107
283
3022
107
106
2186
1013
2976
950
2885
2095
2976
1815
2019
2976
950
2558
3091
950
2665
2095
3025
283
950
2453
283
2533
2620
1227
375
1495
2041
1354
1347
3107
2095
1495
375
1495
2041
1354
1347
3107
2095
1495
375
1495
2041
1354
1347
3107
2095
1495
755
2420
1454
2659
2980
1481
206
2019
2449
733
1345
780
2294
1769
92
1013
814
843
2978
806
2164
2420
1479
1905
1503
306
1414
1532
2976
772
1623
2976
1377
2534
2292
1277
1444
2164
1454
2659
882
2908
2420
1623
2976
2713
843
2659
882
3188
1758
1517
3235
1204
2652
2355
2976
772
1413
2149
854
1347
3107
2095
1495
2294
2939
2132
3208
1181
2648
2294
2343
749
46
1414
458
528
1488
458
1488
2095
1162
887
1357
749
1414
630
2095
507
2592
1414
2208
1204
2581
2095
507
1414
2204
1162
2020
2729
3110
969
2661
2095
507
1227
1980
3208
3092
2454
2095
507
3235
2757
2095
2249
2872
2249
1162
2195
3110
1730
969
2648
1818
1162
986
2194
2683
882
2459
2635
2710
1449
1252
3174
1354
2648
845
1652
749
969
2274
2713
2877
2249
986
1980
2976
240
2145
2095
936
2275
224
3235
1234
2454
2095
507
2095
2813
2186
933
2698
32
2813
1663
1227
2275
3168
362
1031
2204
69
2095
507
719
416
2578
1414
2294
2095
507
1059
2872
1634
1347
2095
1495
3010
1307
3095
1647
1252
751
2648
845
1652
525
2837
749
1357
1234
2454
2095
507
2239
2095
2813
2635
2710
2813
1954
2115
2482
922
2701
2249
1162
2648
2713
1652
986
1980
2642
969
1357
749
46
1652
272
2648
845
2249
2648
1512
281
749
1616
2095
507
969
449
2648
843
969
2661
1041
2249
280
1347
2095
1495
1227
375
1495
2041
1354
1347
3107
2095
1495
375
1495
2041
1354
1347
3107
2095
1495
1227
1495
2041
1347
3107
2095
1495
2919
401
2402
401
1465
884
782
1380
1227
1495
2041
1347
3107
2095
1495
401
1465
884
782
1380
1117
1652
401
2705
1347
2802
1227
1495
2041
1347
3107
2095
1495
1601
2942
877
1340
3235
2818
2909
1920
2121
1482
2999
2701
1347
3107
2095
1495
1227
1495
2041
1347
3107
2095
1495
401
1465
884
782
1380
1117
1652
401
2705
1347
2802
2402
2950
1603
3118
1227
1495
2041
1347
3107
2095
1495
2919
401
1488
401
1465
884
782
1380
2319
1354
2443
2992
2043
2828
2192
1227
1495
2041
1347
3107
2095
1495
401
1465
884
782
1380
1117
1652
401
2705
1347
2802
1227
1495
2041
1347
3107
2095
1495
2919
401
1342
401
1465
884
782
1380
1227
1495
2041
1347
3107
2095
1495
1340
3235
2818
2909
1920
374
1140
296
2320
2223
1227
1495
2041
1347
3107
2095
1495
2919
401
1342
401
1465
884
782
1380
1227
1495
2041
1347
3107
2095
1495
2919
401
1488
401
1465
884
782
1380
1227
1495
2041
1347
3107
2095
1495
2919
401
2402
401
1465
884
782
1380
1227
1495
2041
1347
3107
2095
1495
1882
1638
551
3107
2095
2320
1071
2432
126
2043
2043
622
2223
444
444
2223
3009
2223
2668
2223
541
444
444
2223
2223
570
840
444
1348
444
1348
840
2223
444
1348
2223
1348
2432
444
1348
2223
1348
2432
1010
3235
2927
2434
673
2661
2432
1724
2103
1227
1495
2041
1347
3107
2095
1495
1181
151
2980
2294
1977
2559
1347
3107
2095
1495
280
453
3107
2004
1749
1413
308
1227
1495
2041
1347
3107
2095
1495
3235
2512
2319
1571
2637
2950
986
3145
2980
2637
1977
336
1825
127
336
1331
94
995
76
3038
3003
306
2445
828
112
444
323
3038
339
3003
1512
2950
444
995
2443
2683
2223
3003
1512
1749
2599
2707
3091
1414
2213
2827
1227
1495
2041
1347
3107
2095
1495
2919
401
2402
401
1465
884
782
1380
1227
1495
2041
1347
3107
2095
1495
2919
401
1488
401
1465
884
782
1380
1227
1495
2041
1347
3107
2095
1495
2919
401
1342
401
1465
884
782
1380
1347
3107
2095
1495
766
922
3079
854
1330
1227
1495
2041
1347
3107
2095
1495
1882
1638
551
3107
2095
571
315
3235
96
1571
1949
174
801
96
1794
1227
375
1495
2041
1354
1347
3107
2095
1495
2676
1165
882
3119
2365
1347
3107
2095
1495
928
1710
1414
2934
1242
1242
1392
3107
2095
3116
1140
1242
2423
2920
1242
2523
2423
2226
1414
1414
2934
1392
3107
2095
3116
1140
3107
2095
885
3012
1840
2031
2214
2423
1414
1354
57
2394
514
2394
2050
957
3235
1909
57
1414
1081
2050
1414
32
2050
1414
2934
525
501
542
525
2127
525
570
525
501
1392
3107
2095
3116
1140
2423
2920
501
501
542
2523
501
2423
2226
525
501
501
525
501
501
542
525
2127
2127
669
525
3187
570
525
375
2359
2127
3187
3003
1348
1348
2121
962
2713
2121
525
1348
2121
525
1348
2121
1227
1348
2121
1227
1348
1870
459
2173
2127
2632
2430
3107
2095
2642
2430
887
50
493
1977
1747
747
2635
1529
721
2218
887
1413
3074
1981
1537
50
3133
2696
747
1647
1608
1848
887
960
489
1586
160
177
2995
3091
77
1414
460
1414
1085
460
1085
460
155
1618
2934
1392
2632
2934
460
1414
637
1354
263
2785
263
2351
2185
378
2095
928
2420
2186
1557
1354
1252
2661
2430
713
1529
1971
1909
1234
1495
2041
1347
3107
2095
1495
2327
2743
348
1413
1146
2743
1650
845
3150
1347
3107
2095
1640
2249
1638
460
3107
2095
2327
460
1414
902
2195
1414
460
460
2095
2201
2182
2201
2201
541
2201
2201
436
2201
2690
2201
2201
2632
2206
541
2201
541
3205
879
1414
235
1623
2661
2206
2854
1101
2219
2854
2492
2632
2206
2420
1602
2759
2743
1150
2914
1861
3095
844
2941
22
1762
280
1347
3107
2095
1495
1942
607
374
366
1169
1453
1958
2185
2355
1905
607
2537
1324
1227
375
1495
2041
1354
1347
3107
2095
1495
1227
375
1495
2041
1354
1347
3107
2095
1495
280
3235
360
2588
3095
2942
1326
1798
322
1234
2095
1662
462
1400
1414
989
1619
836
2095
3107
2095
1306
1662
1388
1306
1388
1306
1662
20
1662
541
541
2226
1472
1662
801
462
1472
1662
2683
2095
462
1472
1662
1414
1234
1347
3107
2095
1495
1347
3107
2095
1495
2919
1656
2766
1347
3107
2095
1495
3178
268
2420
1565
782
884
2327
590
2581
1630
2451
3075
1652
543
1413
2306
764
460
1525
2336
1347
3107
2095
1495
1270
1525
3249
1354
280
722
1701
550
2287
1462
1354
2142
1088
884
843
280
904
829
460
199
229
76
1453
1533
57
460
2698
2206
362
3122
1252
2294
3064
1252
2296
2358
1576
986
3124
2420
2369
460
2355
1977
2980
2497
1398
1054
1196
3216
2095
817
884
2698
2206
1413
1896
1896
836
817
2249
2204
3156
2507
1038
460
814
678
1151
544
2592
594
2802
107
587
2872
594
1151
1389
2872
2802
107
587
873
225
1340
2344
2454
3235
587
280
1354
2559
1347
2095
1495
2592
2565
3235
203
1762
587
587
2592
804
2651
2872
2592
2565
1762
587
1488
1414
1414
2294
3157
398
1488
375
2802
107
587
2464
1623
2872
2592
2565
221
2592
2565
203
1762
587
1414
1414
2592
2565
3235
683
2902
1751
1227
2701
1031
3134
2872
2592
2565
1227
375
1495
2041
1354
1347
3107
2095
1495
3107
2095
570
843
570
1803
1354
2021
1222
1345
2872
587
479
2021
1201
1505
2095
607
1347
3107
2095
1495
3225
2029
1703
2581
1502
1616
221
836
696
1230
1762
644
2646
2174
2299
2174
2206
1089
1505
811
761
1354
1505
667
1505
1230
1604
667
2095
1089
1505
1230
1604
2369
3181
1870
1502
178
1571
1735
3107
2095
3107
2095
2307
1502
2198
3107
2095
107
3079
1502
2198
3076
382
2450
1557
2307
750
280
601
1347
2095
601
1347
3107
2095
1495
2698
1414
1414
3107
2095
3107
2095
460
3107
2095
885
1618
25
551
2430
1085
2629
541
1618
1618
1618
2934
2127
1618
2934
2127
1618
2632
1419
2934
3073
1618
2934
3073
1618
2127
2934
3073
1618
2934
3073
1618
2127
1414
3004
1414
2616
2616
3107
2095
2533
705
3107
2095
2533
623
292
705
3107
2095
2533
623
292
705
2307
541
705
2307
541
705
2307
2307
315
2307
541
2307
315
541
3107
2095
2533
623
292
3107
2095
2533
623
705
3107
2095
2533
623
705
3107
2095
705
3107
2095
705
3107
2095
1735
3107
2095
3107
2095
3107
2095
1735
3107
2095
3107
2095
3107
2095
1735
3107
2095
3107
2095
3107
2095
3107
2095
3107
2095
2223
2698
2223
3107
2095
107
107
2698
705
107
3107
2095
59
3107
2095
107
107
2698
107
212
2698
1870
587
2698
587
1948
733
2223
1948
732
590
2616
2616
3107
2095
2533
705
3107
2095
2533
623
292
705
3107
2095
2533
623
292
705
2307
541
705
2307
541
705
2307
2307
315
2307
541
2307
315
541
3107
2095
2533
623
292
3107
2095
2533
623
705
3107
2095
2533
623
705
3107
2095
705
3107
2095
705
3107
2095
1735
3107
2095
3107
2095
3107
2095
1735
3107
2095
3107
2095
3107
2095
1735
3107
2095
3107
2095
3107
2095
3107
2095
3107
2095
2223
2698
2223
3107
2095
107
107
2698
705
107
3107
2095
59
3107
2095
107
107
2698
107
212
2698
1870
587
2698
587
1414
2537
2385
1071
283
2877
2616
221
2877
2616
2561
94
184
2229
2761
1234
1347
3107
2095
1495
460
1347
3107
2095
1495
1227
375
1495
2041
1354
1347
3107
2095
1495
1495
2041
2478
1354
1399
1347
3107
2095
1495
1347
3107
2095
1495
1347
3107
2095
1495
280
1347
3107
2095
1495
1347
3107
2095
1495
1354
1701
1495
2041
1347
3107
2095
1495
1227
375
1495
2041
1354
1347
3107
2095
1495
3235
414
408
942
2185
801
408
2532
408
942
2185
1414
2292
1870
2185
2292
942
2185
1018
1613
2100
1909
942
3107
2095
942
705
3107
2095
942
705
1414
1416
2095
2980
2136
460
1414
460
2619
942
2185
801
2532
1414
2061
280
2942
722
2942
1497
681
482
1130
1966
3235
2482
482
1339
2482
2482
1347
3107
2095
1495
2919
1181
2034
1776
2178
2195
3095
1414
779
2661
2034
1776
1047
1619
2601
2394
1906
1414
669
2788
669
2713
2788
669
2713
2923
2657
2923
836
836
2095
1558
1348
2269
1558
1348
887
2766
2269
1558
1558
1348
1558
1348
887
2766
1355
654
1558
323
2095
3107
2095
2095
1638
836
836
323
401
1047
3107
779
779
1776
1047
836
836
790
2034
259
259
2732
2732
790
323
1654
1654
1776
2034
836
836
323
1047
401
669
1414
1492
681
1234
1495
2041
1347
3107
2095
1495
705
2980
1107
1370
925
2034
1776
2661
2880
2386
3012
1018
2034
1776
1861
913
1009
2657
2034
1766
2095
263
2880
1414
2034
986
802
1650
2207
2034
1776
887
779
2034
2034
1638
2034
1638
2657
2657
2034
1638
2657
2095
2097
2657
259
2732
551
280
1347
3107
2095
1495
928
986
1414
32
2661
779
2095
2195
986
836
1414
836
910
401
2939
528
1527
401
1417
2610
1414
986
32
1414
1227
1495
2041
1347
3107
2095
1495
2095
2512
1234
1040
3116
2976
2713
1512
2306
2095
1347
1130
3107
1149
2095
669
3235
211
1495
2041
1656
1558
986
1656
1495
1347
3107
2095
1234
3235
3158
705
1533
607
1347
3107
2095
1495
607
2482
1495
2041
601
2249
2751
817
601
2546
1491
601
1399
1612
2512
1340
3235
1234
1354
1227
375
1495
2041
1354
1347
3107
2095
1495
1495
2041
1347
3107
2095
1495
375
1495
2041
1354
1347
3107
2095
1495
2354
862
1232
3235
2148
2785
999
1414
2854
2095
2698
2785
2872
1792
2148
1345
2785
1370
436
2148
818
1966
2634
2148
2936
1414
2443
3235
2443
1510
1246
2537
2785
1123
910
910
2053
2133
2785
2816
1123
1348
1227
2713
2648
1345
2785
1370
436
2148
818
3235
2872
2148
2095
2785
1227
594
1343
436
2358
594
2785
910
282
3078
2294
2148
2913
2148
2872
2913
2816
2148
2936
802
3092
1252
2785
3235
1184
2148
1123
3092
2578
3092
802
2148
2785
2354
2939
2186
2943
2148
2936
551
3122
2148
585
3092
802
3030
1807
2581
2148
2785
690
1227
2186
2529
2698
2939
2939
69
2095
2785
1227
2148
3079
920
3212
2095
2925
392
1075
2315
2581
3147
1347
3107
2095
1495
2046
141
343
1345
2785
1345
2095
2785
2294
2148
2913
1462
1414
2851
551
3122
2148
585
3092
802
3030
1807
2581
2354
2902
862
2148
199
1143
2913
2148
2872
920
3212
2095
2925
392
1075
2315
2581
3147
1835
2661
2148
3092
802
1649
2651
2785
2561
336
2637
280
1347
3107
2095
1495
1347
3107
2095
1495
1347
3107
2095
1495
211
817
1431
151
64
1033
1597
3208
2687
1183
3170
533
322
1905
280
818
1347
3107
2095
1495
1347
3107
2095
1495
280
1347
3107
2095
1495
1347
3107
2095
1495
637
1347
3107
2095
1495
228
3235
1057
1792
2713
2592
1630
790
32
2095
594
2592
836
2095
2613
1234
1987
2713
2592
1630
2713
2820
2185
2713
1979
1354
1701
1495
2041
1347
3107
2095
1495
1227
375
1495
2041
1354
1347
3107
2095
1495
331
1405
1577
2625
1252
2061
1474
1354
223
551
817
601
1347
2095
601
2698
1977
2365
902
1168
703
1297
1196
986
2185
3038
1993
3212
2186
1630
986
1993
1878
1211
2802
2739
913
2625
2660
2294
3119
1174
2788
3137
2226
802
974
933
673
2206
1425
3235
2698
802
2819
1977
910
2661
2170
836
2226
3172
541
1446
2632
2459
458
2402
970
660
458
2668
458
2402
970
660
458
2668
458
2402
970
660
458
2668
458
2402
970
660
458
2668
2420
782
590
2420
2179
2170
528
130
458
444
458
2186
1
2950
444
1870
3107
2095
3107
2095
199
3107
2095
705
705
3107
2095
705
705
3107
2095
705
705
2307
315
3107
2095
705
3107
2095
705
1204
1204
3107
2095
3107
2095
3107
2095
705
3107
2095
3107
2095
705
3107
2095
3107
2095
705
2307
315
3107
2095
3107
2095
3107
2095
3107
2095
705
3107
2095
705
3107
2095
705
2307
315
3107
2095
3107
2095
3107
2095
1288
1288
1375
1288
1288
1288
2106
2106
2698
2106
2525
2698
458
2402
970
660
458
2402
970
660
458
2402
970
660
458
2402
970
660
458
2600
2950
2668
2464
1948
398
2186
3087
458
3087
2095
1162
887
970
458
3061
3061
1839
458
936
2698
1724
1414
936
3087
458
3087
458
2140
587
458
3087
458
1761
458
3087
458
3061
458
3087
458
3087
2420
2179
2170
528
3107
2095
2179
2170
528
3107
2095
2659
2170
3107
2095
2659
2170
3107
2095
1402
1402
3107
2095
2512
705
3107
2095
2512
705
2307
705
2307
315
705
2307
315
705
2307
315
2307
315
2307
315
2459
3172
541
1446
2632
199
2095
2186
3094
2095
836
2661
2661
2249
2306
764
2895
601
119
1340
2502
2876
2095
910
229
3119
2095
2163
414
2521
3094
2795
2095
415
2179
1354
1006
970
4
1006
970
1884
3180
2095
2520
1982
1234
2801
2095
1252
986
2095
2909
2661
2785
1995
280
2785
2081
1995
3183
1413
3122
1582
1354
1800
2170
528
1617
366
2170
2195
2619
55
1354
2170
2360
528
264
3091
2206
3235
1599
727
1287
986
1414
2457
2226
3172
541
1446
2632
2457
986
605
2420
246
2492
2632
3107
2095
2802
2876
3107
2095
3107
2095
3107
2095
3107
2095
705
3107
2095
705
3107
2095
705
2307
315
3107
2095
3107
2095
3107
2095
1288
1288
1375
1288
1288
1288
2106
2106
2698
2106
2525
2698
3061
1839
2420
2179
2170
528
3107
2095
2179
2170
528
3107
2095
2659
2170
3107
2095
2659
2170
3107
2095
1402
1402
3107
2095
2512
705
3107
2095
2512
705
2307
705
2307
315
705
2307
315
705
2307
315
2307
315
2307
315
2307
3107
2095
2512
3107
2095
3107
2095
1916
1288
1288
2938
2106
2106
2698
2106
2525
2698
166
2095
401
842
2759
843
3235
1789
280
1354
280
2095
2459
2876
2236
2186
761
1347
3107
2095
601
2683
2095
1354
1227
375
1495
2041
1354
1347
3107
2095
1495
1347
3107
2095
1495
1347
3107
2095
1495
1347
3107
2095
1495
228
1354
1354
1701
1495
2041
1347
3107
2095
1495
1227
375
1495
2041
1354
1347
3107
2095
1495
1071
1347
1130
3107
1149
2095
280
2942
3235
2306
70
2247
280
1414
3235
1497
2942
1227
375
1495
2041
1354
1347
3107
2095
1495
1354
1701
1495
2041
1347
3107
2095
1495
2186
375
1347
3107
2095
1495
375
1495
2041
1354
1347
3107
2095
1495
1347
3107
2095
1495
2942
607
438
1495
2041
1347
3107
2095
1347
3107
2095
1495
2746
1947
2058
1807
2681
1351
1351
2479
1009
104
376
986
884
2319
3022
17
401
928
2698
1493
460
2299
2785
376
620
401
396
1977
358
1977
721
336
884
2698
1210
2354
2236
884
2274
770
884
3235
2698
3066
884
779
460
2481
1533
2186
986
1351
368
779
401
2939
2040
3180
184
2206
2681
17
401
167
1031
2771
1972
1024
502
2138
2058
2138
2226
1807
2138
1807
1514
1413
2210
3235
1362
2854
401
460
502
2654
2657
199
2681
294
916
590
3169
884
1227
375
1495
2041
1354
1347
3107
2095
1495
3235
681
1354
2942
375
460
1347
2095
601
1342
1571
3095
843
108
922
1252
1262
2942
221
460
1227
375
1495
2041
1354
1347
3107
2095
1495
884
2759
590
460
3235
2141
1347
2701
2095
1701
779
1008
361
410
2698
884
1008
2698
1507
2186
1687
1084
2657
2185
2294
840
2087
2938
1031
2325
2583
2698
1977
779
460
1889
224
1265
2980
557
1571
2942
1262
2081
1977
606
884
2759
2386
460
854
2011
986
779
2698
460
2136
2698
460
902
2759
674
638
3174
1347
3107
2095
1495
72
408
2056
2519
1413
138
2909
460
1525
2103
1474
2759
779
2665
1210
1602
84
1861
1227
3097
375
1495
2041
1354
1347
3107
2095
1495
1954
472
2262
2942
1262
1031
2282
66
1886
2507
2090
2441
1529
2462
2231
3139
2661
408
2185
2532
2031
21
3187
3210
2185
1838
3187
1794
408
408
2185
408
2185
1347
3107
2462
1640
3189
2462
2462
1638
551
3107
2462
2462
1886
3175
3235
1794
408
2984
868
1563
2507
2090
3213
2462
2462
1455
607
2462
1428
2041
408
38
1309
166
811
3193
408
2766
515
2185
563
2768
2049
408
2766
1312
408
2766
2186
3158
2306
1227
375
1495
2041
1354
1347
3107
2095
1495
375
1495
2041
1354
1347
3107
2095
1495
3233
587
405
20
818
1204
2904
3003
25
1354
235
887
1698
3076
2701
3095
3095
1348
2909
2095
1562
3095
1354
2909
3095
1347
1130
1870
1149
3235
2237
2942
1071
3095
1347
2095
669
970
1149
2095
1647
1347
3107
2095
1495
228
1252
283
280
818
607
1347
3107
2095
1495
1347
3107
2095
1495
1701
1495
2041
1347
3107
2095
1495
1227
375
1495
2041
1354
1347
3107
2095
1495
1252
2195
2058
2097
802
961
2698
2097
802
2217
2993
2095
2936
1522
2698
802
2097
2732
2095
2097
2657
2097
2732
2095
2097
2657
2097
2732
2095
2097
2905
2657
2698
2097
802
2095
2936
2095
836
2097
2698
802
2097
2732
2095
2097
2657
2097
2732
2095
2097
2657
2097
2732
2095
2097
2657
2097
2732
2095
2097
2905
2657
2097
2732
1013
3107
2095
2095
2097
3110
94
961
928
3119
2095
836
2058
2097
2657
2590
2095
2936
2713
2095
2097
2097
2732
1013
3107
2095
2095
2097
2097
2732
2095
2097
2657
764
2058
836
2097
1623
2657
961
2732
2532
1252
2482
91
449
2095
2578
1299
2420
2546
241
913
2698
1571
2874
590
3095
877
1995
836
82
1825
2698
2661
1347
2095
1640
339
3003
551
3107
2095
2698
70
2705
3145
3027
1347
3107
2095
1495
1354
1701
1495
2041
1347
3107
2095
1495
1227
375
1495
2041
1354
1347
3107
2095
1495
1602
2378
2095
280
2095
1034
2482
1701
1204
3224
1077
1354
1347
3107
2095
1495
836
1730
817
1227
375
1495
2041
1354
1347
3107
2095
1495
1701
1495
2041
1347
3107
2095
1495
2919
1347
3107
2095
1495
1227
375
1495
2041
1354
1347
3107
2095
1495
1347
3107
2095
1495
2095
1619
1674
1825
1966
1252
3119
2785
1533
2369
2095
401
396
836
1252
1465
1234
2319
2095
2659
2358
2185
3095
280
922
1604
2292
2661
2095
1619
1674
1825
1347
1130
3107
1149
2785
3213
1584
2659
280
33
1501
1462
210
1227
375
1495
2041
1354
1347
3107
2095
1495
1647
374
986
2509
2785
199
1930
199
1256
1174
2925
2455
2368
2095
2195
1339
1698
1929
2186
2942
1331
438
1474
1345
3079
2095
905
935
1249
2950
92
3103
2151
2675
199
2854
2223
108
1249
2266
2095
2950
1196
3007
631
502
199
2574
1418
2137
1249
52
624
2661
1509
1737
1618
2661
2206
224
624
2661
3141
2095
199
1661
2225
1461
325
344
3194
52
308
199
541
1075
2980
52
541
2294
675
1611
2443
1489
2634
2994
610
1894
378
1946
202
2800
2266
108
1594
2365
22
2601
968
590
1977
603
224
2601
2443
251
1227
1414
2186
2627
2095
1111
276
2210
2095
999
96
52
308
2785
2785
999
1085
408
1085
481
1971
308
2785
2699
2336
2490
52
2186
343
2935
199
1803
2994
25
999
3235
308
206
1249
1345
2095
3107
2095
1516
2659
287
1529
78
999
2266
92
3061
670
1003
2443
151
1373
2623
2294
399
2659
825
1618
3258
2463
1136
1533
1712
1354
1641
2141
795
237
3095
2334
1234
1252
2628
1414
1929
2852
1252
378
344
94
2151
2258
1252
188
1866
1354
1509
2442
140
1334
2501
537
785
1413
2651
671
378
82
52
92
1461
20
108
733
1031
378
2443
2665
2382
218
188
2512
52
3235
999
325
32
3235
2463
822
435
1846
284
1424
2847
1150
1236
1085
79
3091
3227
2295
3079
2785
3136
2948
2095
1291
1661
3188
346
2999
243
2025
1660
1618
2800
3136
92
1461
1105
20
92
93
703
3007
140
1243
775
3235
1041
375
690
882
3103
1249
603
2299
3051
1872
2650
308
1081
3007
202
1455
930
2659
1901
2381
709
1749
2664
2664
566
2186
2914
3079
930
2659
1987
801
593
2095
2785
1414
1848
2454
2818
329
2614
1414
1990
2334
2600
329
1859
882
1390
3124
224
2230
1230
1098
2832
2810
3095
113
374
3244
3235
1293
1413
2651
3057
541
999
344
2292
3103
1249
603
2785
2095
2802
1546
1618
1418
1272
3103
1557
44
801
2095
2785
2381
709
1749
2151
2939
3083
2186
3057
1946
2127
1461
2186
2835
882
848
159
541
2186
1735
1730
2432
2454
882
2286
1418
1272
3103
1249
603
1418
2095
1313
1105
2186
2294
344
3079
2683
1769
331
2420
26
882
2226
16
459
1064
1085
2095
594
935
1894
2185
1894
378
2575
957
58
1551
2253
882
2872
594
2690
2001
790
594
414
790
25
594
768
2966
2659
1461
1618
2095
52
2195
1551
2365
199
3083
2133
1618
324
3235
2512
848
2001
58
1618
1551
1618
2365
1455
780
2659
2512
2095
2565
2095
2432
2872
2223
1670
2872
2151
2258
2698
1493
2223
1085
378
681
2512
2659
408
408
790
1085
680
242
237
3235
202
2185
1838
2063
280
1347
3107
2095
1495
3183
2103
2958
460
1718
1399
3079
1661
1048
2420
224
2379
177
1354
2486
1608
460
1377
2380
1180
2872
460
2163
1668
2345
1048
425
3235
1067
1078
862
3086
32
460
2872
2345
3057
2820
1823
2978
2629
2572
2687
3216
614
3216
425
2420
2292
1800
2661
425
2420
3216
1648
425
2420
822
3106
2996
1048
2420
1048
2420
401
1048
2420
3103
336
460
3064
32
218
460
1048
2420
2345
33
2355
414
425
2420
3103
460
1524
2823
374
2265
1048
3012
425
3012
3235
2998
460
1000
460
1000
2102
3235
2512
1571
425
884
1048
425
3235
1571
1117
1354
1347
1130
3107
1149
2095
1462
2162
674
1354
1647
1882
2095
166
3079
1354
2823
1048
2420
1571
1792
1000
425
2420
1571
1966
425
2420
2345
3172
2276
232
1018
2432
2345
690
3172
801
1515
1795
665
2345
1048
2420
1233
1648
30
816
1221
590
1282
2194
3235
822
3235
1530
1666
1048
2420
2918
2432
425
1048
2432
3255
425
2420
425
1048
2432
1018
2432
1815
1597
2195
2980
2432
425
2345
1018
2432
1413
2345
425
1564
679
1018
2432
460
2255
225
425
2345
3119
425
890
2001
1048
425
1027
2902
2838
3235
2572
1839
1474
2872
1048
2420
2651
2086
2872
2345
970
970
1048
2420
46
1148
2354
1048
425
3235
1462
2087
301
2345
2927
2237
882
1048
1896
2321
2362
2463
425
1896
1529
3235
2765
133
1909
1607
2515
1888
484
3216
3241
887
1555
473
575
1048
425
2345
1414
2345
744
2491
2345
2226
744
2491
744
2491
744
2491
744
2491
2345
744
2491
744
2491
2345
1414
977
1327
1067
200
174
1048
1896
425
1896
1789
301
2866
3064
280
818
1347
3107
2095
1495
375
1495
2041
1354
1347
3107
2095
1495
375
1495
2041
1354
1347
3107
2095
1495
1354
280
1347
3107
2095
1495
818
1347
3107
2095
1495
375
1495
2041
1354
1347
3107
2095
1495
375
1495
2041
1354
1347
3107
2095
1495
1354
1597
1113
2610
2095
776
2226
2206
1113
2417
2577
1157
2577
991
3095
3174
2206
1113
2610
2095
1703
1424
20
301
2223
283
3174
2206
1113
1597
1113
1424
20
764
405
20
3165
2483
2223
1865
283
1424
20
1379
2223
283
1013
877
607
1347
3107
2095
1495
1284
2095
1199
550
2287
2566
1483
280
1347
3107
2095
1495
3150
401
1582
790
1966
1779
2443
2095
401
2813
2189
2319
2262
801
1227
375
1495
2041
1354
1347
3107
2095
1495
1701
1495
2041
1347
3107
2095
1495
3166
349
1094
1354
1692
1530
2195
1458
472
2703
370
1036
1458
472
742
1458
1835
1347
3107
2095
1495
3235
1497
1227
375
1495
2041
1354
1347
3107
2095
1495
1227
375
1495
2041
1354
1347
3107
2095
1495
2512
92
405
2426
1436
1638
1179
2249
224
2316
3063
3144
2909
1647
3235
1153
2319
280
818
1347
3107
2095
1495
3235
324
1652
2204
1063
1354
235
211
607
1347
3107
2095
1495
375
1495
2041
1354
1347
3107
2095
1495
1347
3107
2095
1495
1227
375
1495
2041
1354
1347
3107
2095
1495
1354
459
84
1861
933
1162
1347
2095
669
970
1149
2095
1347
548
1469
3107
726
2095
1227
548
1347
909
1200
2095
882
887
2109
2095
782
2496
2095
887
3107
2095
2738
1749
1354
2095
887
3107
2095
1227
1749
118
375
1495
2041
1354
1347
3107
2095
1495
537
3079
2872
2095
2223
857
227
1877
2223
857
660
2081
697
1909
1881
2745
280
159
537
1387
1977
84
1861
782
2698
2095
2420
1913
587
1414
2420
782
2698
2095
1870
32
970
2698
970
2698
1655
1571
970
1870
3076
382
382
1870
1870
1571
1870
3107
2095
705
3107
2095
705
1204
1204
3107
2095
3107
2095
3107
2095
3107
2095
1418
3107
2095
1418
3107
2095
1418
3107
2095
1418
3107
2095
1418
3107
2095
1418
3107
2095
1418
3107
2095
1418
705
3107
2095
1418
705
2307
541
705
2307
541
705
2307
2307
2307
3107
2095
1418
2307
541
3107
2095
1418
541
3107
2095
1418
3107
2095
1418
705
3107
2095
1418
705
3107
2095
2422
3107
2095
2422
3107
2095
2422
292
2698
212
2698
1870
587
2698
587
1414
480
2648
2657
107
2443
2648
2657
449
3092
449
913
2223
1634
107
2651
107
3235
2223
2618
3235
3132
25
2085
2618
181
809
961
2223
2223
2223
2648
961
2873
480
933
2212
928
2872
480
432
2648
2657
141
2651
2648
2657
449
107
3092
1977
690
2648
2657
2873
480
480
2133
961
3235
449
1227
1673
2550
3185
3174
2095
657
681
1870
1870
1358
20
3107
2095
3107
2095
2307
3107
2095
2307
2307
292
3107
2095
2307
3107
2095
2307
3107
2095
2307
705
3107
2095
2307
705
2307
315
2307
315
3107
2095
2307
3107
2095
2307
2307
3107
2095
2307
3107
2095
3107
2095
3107
2095
2223
2698
2223
3107
2095
107
107
2698
107
212
2698
1870
587
2698
587
1870
1870
1870
1085
3235
2743
3107
2095
2307
3107
2095
2307
2307
292
3107
2095
2307
3107
2095
2307
3107
2095
2307
705
3107
2095
2307
705
2307
315
2307
315
3107
2095
2307
3107
2095
2307
2307
3107
2095
2307
3107
2095
3107
2095
3107
2095
2223
2698
2223
3107
2095
107
107
2698
107
212
2698
1870
587
2698
587
1029
2939
1602
84
2307
1089
1733
1444
754
2950
280
1151
258
480
1514
141
2011
1348
3155
1354
3107
887
280
2095
818
1347
3107
2095
1495
2095
375
1495
2041
660
1533
3154
1347
3107
2095
1495
1279
1495
2041
2340
2185
3128
1085
538
3085
607
3010
1495
2365
1347
3107
2095
1495
1347
3107
2095
1495
2909
2095
1227
375
1495
2041
1354
1347
3107
2095
1495
986
928
1354
3068
460
2648
1151
2103
842
801
3030
2040
2165
2785
2980
2861
2375
3192
1371
2616
3061
16
842
919
1347
3107
2095
1495
32
2013
1647
1582
1887
2186
587
1355
1497
3107
3107
3107
3107
3107
3107
2095
3127
705
3107
2095
3127
705
1204
1204
3107
2095
3127
3107
2095
3107
2095
3107
2095
705
3107
2095
705
2307
315
2307
315
3107
2095
3107
2095
3107
2095
292
2698
476
2336
1930
519
3128
2095
1551
2013
933
1354
3245
2785
1995
2610
2581
2579
3062
2492
842
2040
2165
919
1491
1371
2913
2616
2375
331
2185
2492
842
460
3127
2616
1562
1148
1526
1887
3108
2616
587
2614
2581
2579
3167
2482
2980
1581
2581
3167
1930
587
587
1870
2262
334
3107
1655
3107
2095
59
3107
2095
59
2785
292
2698
2378
1655
1870
2262
1655
1571
1655
549
549
3107
1655
2378
1870
2262
3076
2262
1571
3076
2262
2938
3076
2262
2938
1870
2262
1571
2938
1571
3107
2095
59
2785
292
2698
705
3107
2095
59
292
2698
3107
2095
59
292
2698
2378
1355
2017
2208
2768
2913
46
570
3107
1655
3107
2913
2913
3107
2913
2913
3107
3107
3107
3107
3107
3107
3107
3107
3107
2494
3107
3107
3068
3107
1013
3107
1013
3107
3107
2095
3107
2095
3107
2095
3107
2095
3107
2095
3107
2095
1581
551
3107
2095
1581
551
587
551
1870
2595
782
3177
3107
2095
59
2785
3107
2095
59
2785
2698
3107
2095
59
2785
551
3107
2095
59
2785
551
458
2785
622
457
458
2785
2014
2328
2532
2648
2581
2579
801
3061
2455
2095
2431
1031
3235
57
2095
1354
1889
779
401
1031
3235
1604
1475
1497
1354
779
3176
1169
1256
972
3185
1525
2942
336
1604
1340
2942
928
779
3243
1018
2069
1354
3095
3122
1047
3122
3107
2185
872
1591
3122
966
2657
3034
2657
1089
3191
1414
1716
2713
1366
2713
3107
1089
84
2657
669
257
3080
961
2657
84
2657
669
257
3080
961
3034
2657
1089
2905
84
2657
669
257
3080
2905
2657
2905
1366
1716
1414
43
986
1638
2825
344
1194
3034
401
669
511
3034
2657
2185
3122
669
972
1078
1260
2698
1591
3122
669
3122
18
2185
669
589
2191
2747
1858
3107
408
669
972
1518
1638
323
18
1458
1094
1799
2855
1769
3034
2657
2185
1089
401
2095
3122
2206
2332
779
401
2999
1966
2095
1354
1347
3107
2095
1495
1347
1130
3107
1149
2095
2686
1485
2550
1581
459
2872
2095
2249
1347
1130
3107
1149
2095
2095
1477
1505
901
1238
1505
1650
2095
684
1477
919
1414
472
296
2033
528
1477
14
1006
2661
802
1650
3255
2454
331
2532
2306
1006
2872
2095
2033
790
1204
801
69
2095
2033
820
2095
2033
820
2033
1414
2872
2095
2033
820
2095
1477
1204
3235
1800
2095
1477
1414
472
2095
1477
14
2095
2033
820
2095
2033
820
2033
1414
2206
910
1701
1347
3107
2095
1495
1800
1751
1529
69
2095
2033
820
2033
759
1987
1347
3107
2095
1495
343
2354
660
1347
3107
2095
1495
2095
2186
1497
91
2336
2988
2685
1347
3107
2095
1495
1882
375
1495
2041
1354
1347
3107
2095
1495
2186
211
1130
1347
1130
3107
1149
2095
1347
3107
2095
1495
1495
2041
1652
1227
375
1495
2041
1354
1347
3107
2095
1495
3225
3079
2532
3235
2358
1354
1701
1495
2041
1347
3107
2095
1495
1347
3107
2095
1495
1227
375
1495
2041
1354
1347
3107
2095
1495
1347
3107
2095
1495
1347
3107
2095
1495
1227
375
1495
2041
1354
1347
3107
2095
1495
1623
3067
2950
2023
2987
1440
873
1227
375
1495
2041
1354
1347
3107
2095
1495
375
1495
2041
1354
1347
3107
2095
1495
1347
3107
2095
1495
3004
221
25
235
235
2378
3132
2610
92
2619
2095
70
331
999
1977
1168
331
2185
92
3118
3085
57
2651
2720
1031
2512
1645
936
1539
2448
1354
1701
1495
2041
1347
3107
2095
1495
2643
259
1414
2332
3095
3095
1162
2432
20
2994
501
2185
501
832
1735
1571
2028
2103
1735
1230
2223
1958
2432
126
1093
2512
2043
2994
2093
33
2043
1340
1234
1642
681
46
1354
606
1347
3107
2095
1495
508
2980
472
1227
375
1495
2041
1354
1347
3107
2095
1495
925
501
2185
910
1894
20
2625
1894
20
2319
1121
2274
2194
986
528
1331
2217
2274
2661
836
2095
801
836
396
259
2661
779
2095
84
1861
2838
1865
501
2257
147
2519
1354
1696
2521
1227
375
1495
2041
1354
1347
3107
2095
1495
1701
1495
2041
1347
3107
2095
1495
1354
1701
1495
2041
1347
3107
2095
1495
1354
1701
1495
2041
1347
3107
2095
1495
1234
1347
3107
2095
1495
1227
375
1495
2041
1354
1347
3107
2095
1495
1701
1462
1278
2394
2162
1347
3107
2095
1495
2959
1139
1650
1414
2920
1414
380
1354
2095
1078
1173
2449
511
1650
1616
1354
1084
1495
2041
1234
3235
3095
2637
108
1414
1414
1085
2430
2216
2960
2632
1414
1788
2394
2162
2095
2520
1347
3107
2095
1495
1347
3107
2095
1495
2909
1618
1645
1064
1660
1064
283
759
385
2095
1234
1130
2482
1462
913
1227
375
1495
2041
1354
1347
3107
2095
1495
1347
3107
2095
1495
2204
1347
1130
3107
1149
2095
280
1347
3107
2095
1495
375
1495
2041
1354
1347
3107
2095
1495
1227
375
1495
2041
1354
1347
3107
2095
1495
1227
375
1495
2041
1354
1347
3107
2095
1495
1354
1701
1495
2041
1347
3107
2095
1495
1227
375
1495
2041
1354
1347
3107
2095
1495
601
1347
3107
2095
601
790
1546
2185
259
2195
460
419
1838
2042
2605
790
2186
3094
2186
2482
1354
2919
2041
2095
1347
3107
2095
1495
1234
2942
1326
438
1495
2041
1234
521
1354
1701
1495
2041
1347
3107
2095
1495
854
2115
3024
782
2579
2600
375
1347
3107
2095
1495
1234
1354
1227
3097
375
1495
2041
1354
1347
3107
2095
1495
1497
1234
1347
3107
2095
1495
779
1587
2206
1234
1601
1491
2095
2115
1962
91
1652
1347
3107
2095
1495
2537
2385
460
122
541
1598
2632
3026
2420
3128
3255
1571
1598
1388
1665
1571
665
1500
77
159
122
541
1598
2632
3235
1597
1800
1598
159
2703
1981
3235
2560
1462
2389
1795
2406
25
1583
1598
2632
122
541
1598
2632
449
1749
2195
1458
2601
1634
1495
2041
636
1462
1347
3107
2095
1495
2980
1413
2442
417
1414
1991
3128
122
541
1598
2632
2430
3107
2095
1388
2430
1388
1388
1388
1388
3000
453
1652
601
1347
3107
2095
601
697
1252
1413
2932
2181
1462
2661
25
558
3122
2025
32
1662
2632
2430
1388
1388
1388
1388
1662
541
2632
2430
1388
1388
1388
1388
3235
1169
1341
2025
1662
1662
1388
1662
2632
2430
1388
1388
1388
1388
2332
541
1598
971
1989
1831
882
1950
2442
1158
3184
1462
2661
25
2253
259
3122
2835
1501
2001
1462
2126
541
2835
2126
1018
63
306
1736
2864
462
126
475
1825
1470
3095
2475
1533
2249
817
3134
2482
91
1181
2095
1162
2759
409
2519
986
1598
2095
2194
2433
2980
2519
1162
2454
2095
2519
1512
790
3235
1909
887
2095
3107
210
790
1347
3107
2095
1495
1414
32
2497
1721
2095
587
3223
1462
2288
418
904
2661
1169
3184
2731
854
225
1031
2512
1949
1567
2215
2037
884
3235
3171
2463
700
1177
1414
2661
315
1618
1046
2115
2651
2186
324
1414
32
3235
1462
147
3095
606
2592
2572
2215
587
3223
2095
2802
2103
1347
3107
2095
1640
2249
1638
551
3107
2095
2354
1626
1829
1651
25
3136
3165
3235
360
2661
794
887
548
1469
3107
726
2095
1227
109
22
1894
637
2095
115
587
3223
1480
559
645
2373
2249
2186
1169
879
3213
1942
961
2186
449
1998
3235
3079
1034
2661
942
2891
3161
887
2095
3107
210
2891
3161
235
1758
2661
3169
942
2306
2601
2109
1227
2004
1749
1347
2095
3107
834
2041
1347
3107
2095
1495
2095
2138
1716
1431
1165
817
607
585
922
681
1495
2041
1347
950
1495
1252
2195
854
1008
1806
190
3085
3105
955
501
2185
2726
1354
224
942
999
791
791
1474
1896
791
541
791
1865
541
184
2726
1896
2442
1542
268
798
1347
3107
2095
1495
3235
3068
942
2976
2661
2095
928
2512
942
3169
2657
942
3169
2975
2657
936
408
2095
107
3169
2327
1234
3235
1346
2919
3079
2095
922
1234
1780
50
1227
375
1495
2041
1354
1347
3107
2095
1495
280
1347
3107
2095
1495
1347
3107
2095
1495
1354
890
2985
2185
625
541
1920
541
20
1354
1701
1495
2041
1347
3107
2095
1495
1495
2041
1347
3107
2095
1495
2537
2059
1200
890
1623
2095
2466
764
744
1674
2126
2950
764
2367
2969
2942
1474
2420
2145
2661
2639
1571
213
2095
2170
509
2185
1354
2185
3235
678
1526
1354
70
532
139
1618
1840
2432
232
3172
2872
2043
1623
999
744
1674
1115
159
2690
818
3093
33
889
804
2942
70
693
2724
159
1414
1115
744
744
1414
1347
3107
2095
1495
1701
1495
2041
1347
3107
2095
1495
1227
375
1495
2041
1354
1347
3107
2095
1495
1227
375
1495
2041
1354
1347
3107
2095
1495
3107
2095
1495
1347
3107
2095
1495
1227
375
1495
2041
1354
1347
3107
2095
1495
374
3235
1339
50
1347
3107
2095
1495
1685
2651
3095
806
2872
2512
961
2095
1977
2095
544
1730
2879
453
1754
961
2872
2095
521
1512
2053
1896
2454
910
2492
2520
2409
44
1354
1701
1495
2041
1347
3107
2095
1495
1347
3107
2095
1495
1354
1701
1495
2041
1347
3107
2095
1495
1347
3107
2095
1495
1354
1701
1495
2041
1347
3107
2095
1495
1227
3097
375
1495
2041
1354
1347
3107
2095
1495
1347
3107
2095
1495
1347
3107
2095
1495
91
2431
84
1861
3174
933
2420
480
1665
1354
1701
1495
2041
1347
3107
2095
1495
1227
375
1495
2041
1354
1347
3107
2095
1495
1227
3097
375
1495
2041
1354
1347
3107
2095
1495
2919
3235
1497
280
1354
1701
1495
2041
1347
3107
2095
1495
1227
3097
375
1495
2041
1354
1347
3107
2095
1495
280
1347
3107
2095
1495
637
1701
3130
1019
1565
3089
632
607
847
228
2919
2249
2909
2360
1530
1227
375
1495
2041
1354
1347
3107
2095
1495
2625
1354
1368
1313
1645
2820
2785
2911
2820
2041
3188
2854
2820
1414
1331
1368
542
986
1368
542
3123
986
124
1645
60
2231
1108
174
1313
2163
2785
1541
11
1769
2690
1817
2984
587
2785
280
1347
3107
2095
1495
3107
2095
1495
1495
2041
1347
3107
2095
1495
2095
28
1942
779
1987
1587
1477
1987
1562
1347
3107
2095
1495
1966
2507
2640
965
836
636
2095
323
289
1354
411
836
289
836
289
430
3145
3235
2290
1354
1462
2443
2453
1509
259
607
1240
3044
2316
2832
3122
2095
1981
2185
965
1207
607
2125
1354
1701
1495
2041
1347
3107
2095
1495
458
1413
224
2025
2507
1354
289
2336
2259
343
3184
289
913
1420
3007
1347
3107
2095
1495
1990
836
840
2643
3011
759
1127
3107
922
2708
2600
390
159
224
846
502
688
840
2185
1181
2785
2909
1174
902
401
1234
1966
2908
2095
2913
2095
2095
3247
2095
199
2660
2999
3235
2029
436
2913
336
462
1352
2095
401
2334
2507
32
986
1414
199
2762
2095
961
2204
336
3057
438
453
2095
1815
540
2660
118
801
2095
961
2460
2097
2698
2354
2204
3057
2095
2166
1130
3119
2660
480
401
2029
436
323
2661
1914
1423
2792
2979
1360
2942
2098
1031
2294
1354
639
1991
21
986
2802
815
818
760
199
2206
16
2913
415
654
2109
1405
2512
1906
1646
736
1955
2023
922
2104
1182
2358
2980
3068
199
2785
2358
2980
1493
922
2690
882
1652
1984
2698
199
3184
1795
877
1414
458
821
413
2033
528
2619
557
1980
2402
3127
1957
2927
2619
3225
1218
2585
2450
2355
2924
1530
2619
557
2402
1980
3223
282
2402
1980
759
2375
331
1929
234
1577
2186
2560
1146
3127
801
1749
2125
836
1529
2292
2698
2095
2160
2993
996
1943
396
2466
2902
2292
829
632
1977
2292
2993
2358
2095
2698
2942
890
458
1942
986
2095
1529
2999
1529
3119
2274
2095
1462
1533
836
2346
141
1019
3150
2095
263
1413
1429
1564
1955
2694
2047
1462
3127
2142
1183
384
706
2948
739
882
2512
2913
3068
415
654
887
2095
3107
210
2891
3161
739
2095
32
2948
1007
1623
2913
779
1984
1652
1453
2358
882
1652
480
396
2095
117
1009
3107
882
2195
296
2661
2095
1587
3163
3107
669
2292
3107
2095
1346
2659
1533
2001
2600
2909
2095
1638
1518
2785
2476
1501
779
1984
1009
2095
199
814
1462
1222
1574
2660
199
3235
409
836
986
540
2660
2194
199
2913
344
2923
2913
323
2095
966
764
1222
2913
2358
166
2913
2634
2294
2680
2041
1126
2332
203
288
3235
1031
2204
1336
2095
1638
836
1143
2913
2095
1638
1749
1052
2358
1336
779
1526
1354
2358
1984
2031
3235
1031
1462
1772
2358
1564
343
336
834
1007
336
882
2358
2818
1955
1860
343
32
2025
2785
2266
271
1510
882
836
1600
2358
1529
2293
3172
1474
303
882
1583
43
829
1510
32
1596
158
2785
1529
2785
1431
1354
1701
1495
2041
1347
3107
2095
1495
3235
681
3235
1339
1341
681
1971
922
1191
2872
779
1984
1252
2095
2873
999
1587
1256
2083
3212
416
1742
1004
344
401
2095
2660
779
3019
2703
870
2023
2358
1529
2000
2358
1445
1905
393
1529
3119
1431
2319
1749
117
1009
2095
2908
2117
2292
2453
2095
1800
2660
2095
2659
779
1096
3235
1413
128
199
2698
2698
2660
2698
1008
3235
2095
1084
1772
2095
3235
401
976
2698
1084
199
882
2095
1772
836
199
238
1943
1772
1009
690
2292
2927
263
2095
1564
1037
999
1009
882
890
1227
1084
2095
2802
199
2698
2095
2520
1008
2619
1618
199
551
1529
344
401
2095
2660
2453
2095
2660
897
2053
2660
199
882
2195
401
2095
3235
2698
2358
1462
1533
836
2346
141
1019
3150
2095
263
1413
1429
1564
1955
2694
1749
2125
836
1529
2292
2698
2095
2160
2993
996
1943
396
2466
2902
2292
829
632
1977
2292
2993
2358
2095
2698
2461
2698
2095
1234
263
2751
1817
1955
2095
1128
607
1413
3119
336
2826
2354
1623
1495
2436
374
3127
1511
1107
263
2249
2047
1347
3107
2095
1495
836
840
2643
3011
759
1127
2537
2546
2121
1966
815
2274
1049
579
2527
949
2099
2913
234
453
2913
2018
1126
2095
814
2354
1098
3011
2358
288
33
133
1098
2358
1324
1800
2660
2095
2659
779
1096
3235
1413
128
199
2698
814
1354
263
2095
2210
1084
2660
199
1413
128
401
2095
986
2343
2095
1087
2660
1252
2969
401
2660
2913
2095
1252
166
2913
32
3247
199
1413
2095
1984
1252
3128
313
2210
2334
887
2698
2788
3107
2095
2660
1462
1977
1098
3011
2358
1829
2441
300
1009
184
2785
3169
184
805
273
3050
2287
1341
681
1971
922
1191
2872
779
1984
1252
2095
2873
999
1587
1256
2083
3212
416
1742
1004
344
401
2095
2660
779
3019
2703
870
2023
2358
1529
2000
2358
1445
1905
393
1529
3119
1431
1413
2167
3184
2512
779
2210
2512
117
2210
3052
1037
2210
2167
1462
2358
3182
2971
2358
817
2082
1440
2587
1955
32
3235
2095
1084
2592
2610
1008
2315
2095
2292
2195
2134
1807
2095
1037
401
2660
2095
1638
2698
2095
1084
408
1493
922
2690
882
1652
1984
2698
199
654
1508
2628
1955
2939
1465
2872
193
2683
2112
2929
1955
3161
2689
588
344
887
3107
210
669
702
1955
2023
1529
654
1304
272
2138
2241
1939
747
2095
2210
2095
2210
3107
1939
2432
2095
2210
128
652
2095
2299
1619
2648
2095
961
2315
815
199
1503
1749
1052
2358
779
401
1303
2292
2453
2358
1597
205
779
2326
818
32
2025
2785
2266
271
1510
817
1510
2502
817
1510
703
986
817
2601
458
887
3107
836
3250
1587
166
3107
842
922
1650
1791
1600
2358
1529
2293
3172
1474
303
882
1583
43
829
1510
32
1596
158
2785
1529
2785
1431
2354
3087
1460
1462
1977
1098
3011
2358
1829
2441
300
1009
184
2785
3169
184
805
273
3050
2287
3235
1529
1174
1252
2095
2873
999
1587
1256
2083
3212
416
1742
1004
2354
1037
1174
3107
922
1742
3235
1623
1619
401
3201
303
1413
2167
3184
2512
779
2210
2512
117
2210
3052
1037
2210
2167
564
176
779
401
2186
2676
221
1462
2086
2292
3235
401
2358
2733
1906
2704
681
3038
1906
3225
1646
736
1955
2023
922
2104
1182
2358
2980
3068
199
2785
2358
2980
1493
922
2690
882
1652
1984
2698
199
1955
2241
2241
1977
1315
1007
1448
378
836
1004
1955
544
652
846
836
2913
1515
1795
2831
599
588
2927
1824
233
2942
890
458
1942
986
2095
1529
2999
1529
3119
2274
2095
814
2125
669
917
1431
86
1004
1955
2358
2292
986
2463
3145
1672
1597
1529
1453
3145
1462
1533
836
2346
141
1019
3150
2095
263
1413
1429
1564
1955
2694
1541
1122
922
206
2358
2292
2195
263
2095
2095
2574
3254
913
336
2292
263
2095
654
654
2327
1882
2004
1749
836
1529
1547
1510
2661
836
2292
52
1129
1529
1623
607
2661
2521
768
508
2537
1462
1031
2979
239
2095
2097
199
1943
396
2186
1174
2148
882
760
336
882
2913
2512
2913
1413
1352
401
2913
2660
1032
94
2358
3235
2095
2913
1183
78
2095
1084
2095
2097
199
1075
836
396
935
2913
2698
2095
1084
2120
836
199
1462
2572
2660
815
2087
2619
1246
1991
836
2095
2095
1779
1943
2676
742
2980
1861
1532
1529
2358
1227
375
1495
2041
1354
1347
3107
2095
1495
814
2942
104
2764
1128
601
1347
3107
2095
601
408
1413
955
843
1354
3235
1497
1347
3107
2095
1495
1347
3107
2095
1495
1413
2170
2697
1284
2065
1093
2170
2697
1849
2965
50
1118
2121
928
720
20
33
2832
928
720
610
2832
843
928
720
610
2707
720
20
2989
32
840
435
937
2872
720
20
1966
1181
2788
2294
2400
2335
858
1650
1270
2999
1526
2035
66
1650
1270
3235
3079
2249
32
2385
732
159
1581
732
913
2482
3095
1661
3235
2170
2697
1262
544
1354
1701
1495
2041
1347
3107
2095
1495
1347
3107
2095
1495
2249
1347
3107
2095
601
1347
3107
2095
601
280
2559
280
1354
1347
3107
2095
1495
2186
1287
2698
1581
43
2150
2420
458
1400
1948
1413
2186
1909
1127
3107
2520
1948
2306
2494
2581
2455
1948
887
3167
3107
458
3167
2661
790
2657
2185
2148
1414
2095
2097
2732
2095
2097
524
2657
3169
594
782
2243
2420
1414
3107
3169
2525
1870
262
129
3107
3169
3107
2095
2243
782
2243
2420
1414
3107
3169
2525
1870
262
129
3107
3169
3107
2095
3169
3107
2095
3169
3107
2095
3169
2243
3107
2095
3169
2243
3107
2095
3169
2243
623
3107
2095
3169
3107
2095
3169
3107
2095
3107
2095
3107
2095
3169
3107
2095
3169
2698
3107
2095
3169
3107
3169
3107
2095
3169
551
3107
2095
3169
551
3076
2262
1571
3076
2262
2938
3076
2262
2938
1870
2262
1571
2938
1571
3107
2095
59
3092
3107
2095
59
551
3107
2095
59
551
2942
336
1354
2512
2133
189
1604
1966
1790
2020
1800
2619
673
2685
732
1565
911
1790
206
28
1354
1354
2719
928
130
1461
2029
2186
241
1355
1413
1525
1676
1461
1413
1471
2254
1368
520
1676
1461
3212
799
1444
2619
1887
2575
2294
799
2131
3248
2254
1818
2592
1461
1968
1676
1461
1525
2007
911
590
1413
1471
2254
2660
2254
3003
2907
502
911
818
2648
3003
124
520
2095
1413
25
681
235
1354
280
1676
1461
1525
2546
520
1634
1461
3253
622
1413
2546
1645
2188
2759
495
1800
1790
3252
1676
1461
2413
911
818
782
2619
637
1414
727
2188
2087
1354
375
221
1619
1790
2496
2140
2020
1533
1645
2546
2690
1565
3240
1800
2714
495
1800
1790
637
1391
1648
1354
1295
2115
1227
375
1495
2041
1354
1347
3107
2095
1495
1404
2142
44
887
3107
410
2775
887
3107
456
1078
1533
2980
1164
2469
779
878
1047
2097
764
211
2142
1404
3225
1265
868
2142
2185
2029
449
2142
1749
323
1717
872
1404
2423
2512
400
2901
1623
2732
872
2905
1404
400
2901
2062
1717
1433
2346
1404
334
1404
323
2029
1238
1404
2294
3107
2831
632
2831
2407
1509
1619
2346
1404
2124
3107
1702
421
323
16
1413
2167
1560
2142
643
1717
787
3256
1717
76
1404
449
1177
2941
400
2901
2185
295
3256
1717
2142
1404
1218
1404
2419
259
1414
22
280
1347
3107
2095
1495
1495
1347
3107
2095
1495
3010
1227
375
1495
2041
1354
1347
3107
2095
1495
2186
1084
607
1495
2041
2095
2067
1347
3107
2095
1347
3107
2778
2095
2095
1495
2041
1347
3107
2095
1495
2095
3187
395
1227
375
1495
2041
1354
1347
3107
2095
1495
375
1495
2041
1354
1347
3107
2095
1495
3051
2909
1347
1130
3107
1149
2095
1227
375
1495
2041
1354
1347
3107
2095
1495
2203
836
2659
401
3100
836
1906
887
779
3107
669
669
1906
887
779
3107
669
669
1906
1120
3156
836
882
2453
2358
2687
2358
599
2358
2186
681
1305
1014
2980
401
2236
2860
2942
1414
1347
3107
2095
1495
1354
1701
1495
2041
1347
3107
2095
1495
1474
884
2698
2625
199
2095
396
551
1514
3235
836
703
408
1400
1414
2913
2913
1638
2785
702
2659
1414
2785
199
840
2659
1414
702
2148
947
2785
257
2659
2657
1414
843
1413
1413
928
1204
3235
460
1470
3184
1204
1832
2204
1413
588
3235
360
1638
1303
2034
85
613
2034
85
85
528
3100
2540
1638
2659
2657
2081
436
2659
2657
2319
401
3051
1602
925
2612
2659
961
585
2905
2905
563
2657
2603
52
993
2919
2657
2603
52
1413
2752
2875
2927
502
1532
2603
52
993
2704
2097
2657
1597
561
2927
1014
2612
323
3235
585
1948
401
1671
2294
2612
836
1089
681
993
1462
836
772
2659
193
836
887
1984
1462
2358
667
211
2095
2097
2657
2185
1462
1966
2354
1340
765
2204
1769
2659
2909
1347
2095
601
2657
2313
1252
270
1861
2603
128
2828
57
2313
1124
323
2034
85
2034
993
2272
1905
1382
2657
1561
461
2556
216
2204
1855
1130
85
451
2659
1414
458
2034
85
85
528
2657
263
458
2034
85
613
2657
263
1414
2913
1414
458
3107
2913
2657
263
458
3107
2913
1638
2657
263
458
3107
2785
702
2657
263
458
409
2659
2657
263
458
2659
2657
263
1414
2034
855
2923
2659
1089
1984
2661
2659
2651
233
746
2913
1981
2659
2204
1303
2659
2913
1541
2854
1849
2358
836
999
746
2580
2034
2659
1089
3132
3027
2226
2204
1620
1303
85
480
1598
599
2659
2657
436
836
597
85
2678
3027
1669
1144
1758
2195
564
2210
836
746
2183
2978
2661
2206
344
3027
2294
2226
2726
2204
3226
1303
2612
2659
2448
2788
836
1984
436
323
588
2226
2034
1619
1984
908
1984
2713
2294
1530
411
1769
2980
1303
2659
1984
2031
1526
2913
2629
460
857
282
1909
3091
884
414
2854
1955
199
1792
2913
796
199
1340
1977
3158
1414
1347
2095
2031
2095
1966
1181
2482
438
1797
3223
836
2659
1031
1532
2336
1230
1906
772
2394
728
939
1246
814
1985
2788
57
2420
282
2651
1029
568
1162
2660
913
85
1457
335
1361
2913
257
1162
2660
2186
1904
462
2792
128
2625
1234
3100
669
323
2354
2354
874
1832
1252
884
2047
2854
2788
3132
2297
1234
13
884
588
2612
2919
2938
999
269
669
2047
561
2204
113
521
2980
1340
2388
2204
2453
779
1347
3107
2095
1640
2249
210
2453
779
1701
1495
2041
1347
3107
2095
1495
1966
1347
3107
2095
1495
2919
836
3107
2095
460
2698
620
3091
508
210
1647
1347
2095
3107
210
2453
779
1718
2713
3235
1954
764
3107
1871
624
2279
2705
2927
2133
790
1987
1227
375
1495
2041
1354
1347
3107
2095
1495
795
1890
2312
720
20
720
20
2369
965
2432
53
925
1918
1495
566
1169
2186
1623
32
1414
2906
720
20
2482
1347
3107
2095
1495
2047
2186
2909
2095
814
2909
3235
1462
374
1526
1354
2332
2512
2133
1379
2336
2095
722
1071
3235
1529
804
1838
2095
2249
1357
1196
2454
2095
2249
2208
868
1302
1769
3049
2354
1529
804
1838
1227
2681
804
2713
2095
2249
1357
296
2095
2249
1784
2095
2249
296
2095
2249
1357
2355
1234
2443
986
2170
936
2275
199
2087
2443
717
2486
1414
2420
3235
2443
2698
2170
936
2275
199
1414
1501
1354
2431
1354
254
3055
1130
3156
449
2095
107
2025
3170
2661
2095
2785
1227
2454
1366
408
1354
1701
1495
2041
1347
3107
2095
1495
1084
1495
2041
496
1701
1414
2942
1326
438
1495
2041
1347
3107
2095
1495
1354
381
2170
1527
333
283
1347
3107
2095
1495
1227
375
1495
2041
1354
1347
3107
2095
1495
1413
113
607
1143
2030
2170
620
3007
2987
620
3122
366
1991
601
2832
1347
3107
2095
601
2894
3119
117
1270
1530
322
2023
2186
1462
147
3095
227
1093
2186
761
1354
913
2223
1990
854
171
2095
1896
2186
854
2614
607
1347
1656
3107
2180
2095
1656
601
854
227
86
360
601
913
2950
645
336
2371
2950
1128
217
1413
1227
375
1495
2041
1354
1347
3107
2095
1495
1031
3235
779
1047
2005
887
2109
1869
2351
2351
189
1966
1728
332
1272
1977
1673
1529
2453
2095
1969
1906
2095
1638
1480
2005
802
1414
1047
2679
2525
779
1047
836
836
2243
1569
3110
2437
1569
616
3163
2525
3163
616
2243
790
442
2005
442
2170
3255
3193
3193
3193
257
2351
3193
3193
3193
3193
401
3193
3255
790
1047
1414
1969
82
2005
1429
3119
2942
1462
826
1227
375
1495
2041
1354
1347
3107
2095
1495
359
142
2519
817
922
2306
2336
1347
1130
3107
1149
2095
3205
1861
619
2802
782
2648
2053
2375
2579
1495
2041
2965
1958
1252
2111
2482
1645
1347
3107
2095
1495
2902
2441
590
3028
2243
362
2802
2746
3235
234
296
2759
2759
3079
1216
2851
619
857
2020
619
525
782
782
3235
842
1345
2703
2687
1861
2095
1414
472
2507
444
594
2950
20
2950
1419
444
2223
444
444
2223
782
444
2950
20
3128
2950
444
444
2950
3123
2950
2950
444
1348
444
444
594
444
2626
444
444
2294
378
444
444
444
444
1414
2478
70
444
2950
2698
2950
444
414
70
33
3252
2478
2478
70
1347
3107
2095
1495
375
1495
2041
1354
1347
3107
2095
1495
375
1495
2041
1354
1347
3107
2095
1495
1909
901
331
2185
2056
444
444
2294
2226
1865
444
1413
2950
1473
919
919
2919
607
705
817
3235
766
1363
1227
375
1495
2041
1354
1347
3107
2095
1495
1227
375
1495
2041
1354
1347
3107
2095
1495
1026
836
2095
396
1533
133
2186
681
681
3235
2482
47
2095
2095
2942
1262
3075
1979
2095
2095
1262
1495
2365
2919
986
1026
836
2095
801
828
1354
2942
1701
1495
2041
1347
3107
2095
1495
1227
375
1495
2041
1354
1347
3107
2095
1495
2336
2917
144
1533
1981
1957
2908
1223
2942
2485
449
790
1987
108
3089
528
1347
3107
2095
1495
3235
2306
1339
1227
375
1495
2041
1354
1347
3107
2095
1495
2661
795
1571
2195
2690
1894
795
2145
375
818
70
2145
1490
2698
1907
91
2625
358
1013
902
804
1838
32
801
843
1623
2170
723
681
1345
2661
723
2170
2457
804
1838
32
801
2457
2431
50
1128
1354
1347
1130
3107
1149
2095
1252
986
2453
814
453
1517
2237
70
401
2698
2351
2657
2170
2909
401
2351
2657
401
2186
1195
1868
2661
378
3235
401
2657
536
1598
618
2698
2206
910
2661
282
2640
401
2657
2698
1354
366
993
761
401
3242
993
401
1530
1906
836
259
2732
681
70
3225
2023
836
2093
2810
1354
2186
910
2810
3124
2185
2431
1354
2336
928
2459
1354
2081
3018
2186
1413
1882
1347
3107
2095
1495
913
401
3018
401
2698
2186
1318
329
370
2453
986
1051
2453
986
2186
1252
986
401
259
2732
2872
401
3214
401
1541
3057
2047
2453
536
401
401
2661
2095
401
2194
438
2854
33
2145
378
2657
2185
2676
2667
2810
2412
1354
1462
2453
141
2294
2453
3235
2944
2395
986
2206
2640
1347
3107
2095
1495
282
141
986
2294
2231
1354
2661
401
1647
2661
2698
657
2095
814
2186
2410
401
1018
2148
408
804
2336
1134
401
1168
2315
1517
2186
836
2351
1462
2351
961
2541
1990
1414
3107
2913
836
836
3107
2913
836
836
1414
1117
887
2095
3107
210
986
2785
887
2095
3107
210
1980
1347
3107
2095
1640
2249
1647
2358
599
2913
2095
13
599
1414
2999
764
2913
78
32
263
1977
1493
2459
2095
2785
1661
599
2095
1638
78
2095
2210
2403
779
913
2394
128
401
487
323
2764
2095
2659
3041
836
2512
2095
2785
2448
2512
1906
2185
323
1177
1414
3107
2913
836
836
1414
821
308
1623
2249
2785
2913
1169
1227
375
1495
2041
1354
1347
3107
2095
1495
2131
294
2420
2546
126
3225
1414
282
3225
810
2592
460
782
2115
607
508
2942
1966
343
2942
2155
3235
2107
2785
2095
1477
2698
884
3235
2698
474
1246
2872
1638
3189
408
1184
2785
1354
1701
1495
2041
1347
3107
2095
1495
460
2198
221
1894
1618
380
806
2185
2592
1875
2578
2170
2698
884
2872
910
2785
2095
1477
2572
802
475
2043
2174
2432
2095
1538
1894
1618
1184
910
2186
32
1227
375
1495
2041
1354
1347
3107
2095
1495
2690
925
1362
1598
2494
2198
936
2301
1676
645
3235
2494
108
3235
2828
2394
2432
2999
541
159
2618
1645
159
1143
844
919
913
936
2025
2360
3132
854
2942
210
189
1262
828
1618
1117
2908
133
2238
2705
133
2238
222
1053
503
1971
3078
3085
2432
3105
1557
1415
133
133
16
2788
133
1150
2430
2820
662
2093
999
2206
1541
2195
2830
1533
487
3107
2095
2820
1730
3191
1557
3191
2344
343
2389
662
803
222
133
1749
844
133
3191
2661
3164
3191
133
1570
1749
844
133
3191
213
508
750
1571
133
1749
795
2719
2394
1413
750
2719
2394
1813
1117
1557
750
2432
3085
1724
508
133
2449
2719
2900
1227
159
1462
662
1730
133
1001
185
2893
3105
2186
1227
213
1422
3124
2336
437
94
133
1674
1252
1262
133
887
2095
3107
210
2659
1638
1358
3107
2095
2659
2457
133
1749
844
133
3191
2661
3164
133
3191
844
2430
133
3191
2457
133
887
2095
3107
210
2659
1638
1358
3107
2095
2457
133
1150
2430
844
133
3191
213
1150
133
3191
1150
844
2430
133
3191
2457
189
939
687
1323
1316
929
1909
2394
803
795
2719
1618
2087
2659
2690
159
637
1642
929
1730
1402
210
3235
1347
3107
2095
1495
1347
3107
2095
1495
2942
2665
1130
33
1454
1533
2358
2095
262
2619
1618
3108
2358
2512
1825
2358
2095
2195
2619
1618
3108
2358
2306
1730
1169
3169
1955
1574
3169
1234
1661
3169
3235
2619
1618
3108
169
2266
1503
2319
1414
2833
1795
2226
2700
1081
2920
1623
3169
1529
1546
1618
1763
2354
1148
1227
375
1495
2041
1354
1347
3107
2095
1495
1347
3107
2095
1495
1347
3107
2095
1495
1347
3107
2095
1495
1227
375
1495
2041
1354
1347
3107
2095
1495
375
1495
2041
1354
1347
3107
2095
1495
1227
375
1495
2041
1354
1347
3107
2095
1495
2095
2785
2610
2868
2785
2610
1227
2427
221
2785
2913
2610
2294
1623
1169
1227
375
1495
2041
1354
1347
3107
2095
1495
2497
2180
2661
942
1347
942
2095
32
1347
2095
942
32
1618
3108
1008
2095
362
818
779
2095
1084
2095
961
2648
961
3092
1977
3213
1354
1354
2095
2095
2231
3086
280
1347
3107
2095
1495
1227
375
1495
2041
1354
1347
3107
2095
1495
1227
375
1495
2041
1354
1347
3107
2095
1495
3107
2095
1495
1227
375
1495
2041
1354
1347
3107
2095
1495
2600
2095
1541
1795
94
1462
2227
3219
2095
1990
151
2980
472
483
2680
1130
323
2161
1805
1966
3107
2095
2360
1290
2360
2185
458
1730
659
2378
2420
280
1354
2360
2661
986
2820
999
2360
3235
149
3244
2360
2454
2565
2095
780
2360
3049
2872
2095
780
681
1340
928
936
2657
2386
2795
91
1977
622
2420
974
928
184
2011
2142
1413
2392
22
1466
27
2287
2392
2661
2095
1355
1355
738
257
2095
1618
2095
2592
2919
2985
1413
2392
22
1466
1355
1571
1355
3107
2095
1418
3107
2095
1418
1800
3107
2095
705
3107
2095
705
2307
2307
292
3107
2095
3107
2095
3107
2095
2223
2698
2223
3107
2095
107
107
2698
705
107
3107
2095
59
3107
2095
107
107
2698
107
212
212
2698
1870
587
2698
587
986
2095
199
2386
2249
2980
780
2085
2661
3249
1418
3003
283
2942
2537
2336
2327
2610
986
2095
2592
199
2592
2610
2360
283
1406
1418
3003
3108
2592
3225
3032
2980
2360
1619
2058
159
1801
2186
845
2095
2610
2360
1557
3235
2434
660
2572
2306
3235
1604
2431
3095
3175
3100
1234
460
1529
839
460
3228
2319
2327
2432
2872
2095
780
522
1977
1623
2360
1909
2902
2441
2844
301
2432
2872
1801
542
2844
1801
183
485
2058
2950
2058
2360
3049
571
2950
623
1801
1801
1414
183
485
2223
1909
1413
1698
571
159
1661
1977
2223
70
718
2226
913
738
1405
786
1801
92
1581
1801
1623
2360
3049
1977
2058
2223
1473
1801
2360
2022
786
1031
2454
1801
2432
2854
2058
33
70
1801
2651
1861
1354
2719
2651
681
2316
678
2942
1340
845
2150
405
2360
212
2151
2713
3235
845
2056
2942
2942
1118
2121
928
673
1623
2698
673
1623
2360
2299
999
673
1331
1901
2360
212
2151
95
1234
280
2942
660
2063
280
2063
1234
3095
1227
1414
2592
3107
2095
2360
235
1909
913
2223
1181
2360
804
2299
2618
2698
2223
2618
2360
804
2360
1909
2651
588
2369
2537
1227
1414
1623
2360
1977
317
673
804
926
375
2360
3145
1544
673
2802
2386
2360
786
673
913
2444
673
864
2360
786
557
1290
2360
2185
2360
955
1878
2698
936
1982
331
3026
936
2194
2942
2537
2309
1582
2651
834
235
1227
1982
2058
2360
590
1549
2360
1977
2115
2292
1058
2058
2017
1347
3107
2095
1495
3134
1582
2651
2292
2661
836
3235
324
845
2537
1935
2121
3235
2478
1721
2559
1168
2985
1569
1414
1062
2984
957
1800
541
2941
1846
3117
1943
1569
1727
2985
2825
1569
3235
2619
2941
2661
2254
289
411
2327
2360
804
2985
673
1623
2360
2360
3093
33
2360
2632
2299
2618
1031
3235
1414
957
2299
673
3235
103
2625
1414
737
918
2942
2592
3150
405
2802
2681
2560
2360
380
3145
2420
107
2223
3092
212
107
2223
1348
1355
887
2360
3076
970
1182
887
3107
2095
2360
2619
3107
2095
2360
3076
2262
2938
334
259
3076
2262
2938
1870
2262
1571
2938
1571
1355
1355
1355
1355
1355
1355
1355
1355
1355
1355
1355
1355
1355
1355
1355
1355
1355
1355
1355
1355
1355
1355
1355
1355
1355
2307
1119
1119
1749
3076
2262
2938
334
259
3076
2262
2938
1870
2262
1571
2938
1571
1355
1355
1355
1355
1355
1355
1355
1355
1355
1355
1355
1355
1355
2307
1119
1119
1749
3076
2262
2938
334
259
3076
2262
2938
1870
2262
1571
2938
1571
1355
1355
1355
1355
1355
1355
1355
1355
1355
1355
1355
1355
1355
2307
1119
1119
1749
3076
2262
2938
334
259
3076
2262
2938
1870
2262
1571
2938
1571
1355
1355
1355
1355
1355
1355
1355
1355
1355
1355
1355
1355
1355
2307
1119
1119
1749
3076
2262
2938
334
259
3076
2262
2938
1870
2262
1571
2938
1571
1355
1355
1355
1355
1355
1355
1355
1355
1355
1355
1355
1355
1355
2307
1119
1119
1749
3076
2262
2938
334
259
3076
2262
2938
1870
2262
1571
2938
1571
1355
1355
2942
149
2360
3049
1920
1354
2093
2360
786
3145
280
2942
423
91
681
660
235
1909
2651
1526
424
1966
380
1104
2198
2444
3235
2821
913
557
1948
3235
999
1089
2821
3167
2818
458
2056
405
2426
1181
1414
1870
3107
2095
3107
2095
3107
2095
705
3107
2095
705
1204
1204
3107
2095
3107
2095
3107
2095
3107
2095
3107
2095
3107
2095
2632
3107
2095
2053
3107
2095
551
551
551
3107
2095
551
551
551
1414
2231
1862
1530
1204
2768
3235
1414
2186
3095
1462
377
2950
520
331
3010
331
2759
460
2698
2900
3235
1462
2698
2056
3167
2512
1865
3167
2419
1008
986
2095
1718
862
638
1582
1354
2087
76
1641
606
1354
986
2919
1751
1641
1719
2573
2205
1990
2643
607
3011
2322
2810
1468
749
3158
2699
1754
2394
1354
2795
1249
1172
1954
107
732
1358
1954
2761
1849
1414
2734
2084
1618
1046
680
2980
375
1413
3160
2317
195
2512
2053
2592
107
1249
1172
2873
1172
590
485
2223
2053
2592
1817
3003
1105
2355
2053
2592
107
2443
1861
1172
2512
107
2188
2525
1525
224
2512
1861
1514
3252
571
1342
1861
2319
928
3119
933
2095
2186
986
1878
2472
890
1321
541
541
2632
280
1347
3107
2095
1495
175
2939
1475
1602
1347
3107
2095
1640
2249
1638
551
3107
2095
2761
1249
1172
863
3235
2872
812
1172
2332
1181
1414
1530
607
449
607
3095
418
1234
2161
607
447
278
3095
928
986
2095
460
199
2972
3230
2206
2195
627
199
2151
1181
1347
3107
2095
1495
2206
172
1544
601
2942
2665
1354
839
1234
3235
224
3095
3170
2095
884
986
1347
3107
2095
1495
944
1249
1172
2761
3079
3003
2537
1431
358
2872
2592
2095
2386
117
1587
928
262
1354
1031
2698
94
2592
645
1227
375
1495
2041
1354
1347
3107
2095
1495
1618
1618
3225
1618
1618
1618
1618
3225
1618
1029
3164
2880
1618
1618
1905
1623
2880
1618
1966
1861
1174
1618
51
1551
836
2874
1354
1701
1495
2041
1347
3107
2095
1495
854
2676
2902
3017
2948
3188
1227
644
594
594
1619
3171
1462
104
594
2249
1560
1955
1153
594
1153
2095
417
913
375
2368
2497
1163
1153
1413
2565
2095
2830
107
106
1153
1154
2095
2830
107
106
2095
107
283
1153
417
2095
59
2610
3235
2063
2872
2095
2249
2785
199
681
1462
104
594
2909
1153
2565
3256
44
2681
2565
3256
459
2838
957
1795
328
1227
2948
1701
1462
104
594
2909
1153
748
2565
2141
1413
1196
913
375
126
882
2136
2095
2249
2095
2660
2713
476
2420
2902
2585
1795
3017
2948
2902
2637
224
3226
854
2093
2085
2185
690
2454
907
1153
2876
2698
2785
1795
957
2565
2093
2085
1196
2512
2095
594
1153
107
106
1795
2512
1529
2085
2185
3171
2085
1990
2334
2651
879
812
2095
2085
1529
2095
1987
3252
1153
1413
882
2872
2249
790
2185
1529
2651
790
2185
1455
665
1991
882
2872
2883
3171
3152
2939
854
2185
2186
1564
453
1153
2443
3252
1193
3119
2253
1463
229
934
361
882
2203
1153
2095
594
1500
1148
2203
2571
435
172
854
2095
2085
2389
854
1153
2820
1455
23
594
2872
818
3171
801
2123
3171
3235
3057
913
1227
1703
2095
2249
2249
1227
375
1495
2041
1354
1347
3107
2095
1495
1227
375
1495
2041
1354
1347
3107
2095
1495
1966
2095
2520
1414
2095
2520
1354
621
25
2095
2520
868
1650
541
460
2127
974
1845
1650
48
2095
2520
380
2030
1544
1840
1838
2619
2619
2198
3107
2095
2619
2198
2619
2198
2619
2198
2619
2198
460
541
460
2127
25
2619
2198
2619
621
25
840
1544
2030
2793
1089
1097
2909
1321
621
902
300
2030
1544
2365
872
1414
2575
2306
2336
2095
1354
1414
2206
3188
1321
541
541
609
744
2491
2641
2196
913
2103
2690
2127
2206
541
2127
1321
2618
460
3095
1347
3107
2095
1495
2980
1440
2851
3235
1303
2095
2243
2095
2095
2095
1213
401
836
576
2200
1148
323
2006
3235
2095
401
2851
1151
511
2078
2854
323
197
922
1347
3107
2095
1495
280
2249
817
2095
2149
3034
2600
2095
1154
1132
2095
323
2095
117
817
1252
2296
1676
187
1148
1769
2095
2410
2355
32
511
1148
1861
2355
234
2726
1252
1165
690
2831
2077
1303
2095
2095
599
3034
1347
3107
2095
1495
1234
1495
2336
764
770
534
779
1096
907
401
861
779
1558
861
228
703
2942
50
1354
1849
2851
94
2910
2195
1817
3034
779
2466
2095
1638
878
3230
2095
792
878
2095
2942
1234
2908
974
2087
2241
1870
3107
2095
1870
1571
1870
2099
836
2095
2453
817
836
2420
72
228
1347
3107
2095
1495
280
401
779
2041
1574
3228
2294
1269
2770
2802
2648
3060
949
2770
2355
288
2942
1234
3235
669
1132
2095
1181
1143
1474
1861
2497
184
706
411
961
1343
396
508
878
2095
50
166
1966
2053
80
460
2649
460
1721
3007
1414
186
323
2662
1143
836
2661
308
3169
1453
2358
1650
1413
366
2313
1189
206
2755
599
2095
323
2942
1227
375
1495
2041
1354
1347
3107
2095
1495
3107
2095
1495
1347
3107
2095
1495
2942
493
1414
3221
2713
1085
2555
3107
2095
570
2432
3221
2432
3221
1414
2690
1414
1355
1355
1355
1355
1355
1355
1355
1355
1355
1355
1355
1355
1355
1355
1355
1355
1355
1355
1355
1355
1355
1355
1355
1355
1355
1355
1355
1355
1355
1355
1355
1355
1355
1355
1355
3107
2095
3107
2095
3026
3026
3026
3026
3026
3026
3026
3026
3026
2150
3026
3076
2262
1571
3076
2262
2938
3076
2262
2938
1870
2262
1571
2938
1571
3107
2095
2690
3107
2095
2041
3107
2095
3107
2095
3107
2095
3107
2095
3107
2095
3107
2095
802
3107
2095
3107
2095
3107
2095
673
3107
2095
2053
705
3107
2095
2053
705
3107
2095
2053
705
1588
3107
2095
2053
3107
2095
2053
3107
2095
551
551
551
3107
2095
551
551
551
3076
2262
1571
3076
2262
2938
3076
2262
2938
1870
2262
1571
2938
1571
3107
2095
59
3092
3107
2095
59
551
3107
2095
59
551
1414
2896
3235
2657
1354
280
2095
594
1354
2454
2581
2565
60
2432
2454
1896
1966
2454
60
2432
2454
588
2651
2872
60
1367
2063
2872
1340
2319
1354
438
104
866
1354
1340
1354
1701
1347
3107
2095
1495
1354
1465
296
107
2496
107
241
1227
375
1495
2041
1354
1347
3107
2095
1495
1701
1495
2041
1347
3107
2095
1495
2155
1861
3095
1623
2243
1762
773
2243
3110
919
2038
583
1140
2918
2449
3235
3134
2661
1623
2449
1530
919
1865
538
1894
2494
801
2661
3095
2909
2155
802
1414
2934
3085
1414
1140
1414
3107
2095
3116
1140
2423
2920
3085
3085
2432
2523
3085
2423
2226
3085
3085
3085
2432
1556
1556
1414
2460
2095
2097
2657
1414
2378
2053
2713
1909
1047
1041
2306
70
1047
1328
1414
1047
993
424
1094
3235
2898
2348
1354
1701
1495
2041
1347
3107
2095
1495
1414
3169
1529
961
585
961
585
2657
1047
733
779
99
257
3080
961
961
2095
396
3169
70
961
1577
1514
3079
2095
2097
396
3169
2294
961
1647
70
1387
5
3169
961
257
3080
961
410
570
2657
961
2097
2657
2097
2657
2097
2657
3169
3225
2657
2097
2657
3107
3169
2525
410
570
3169
3225
1006
2095
2097
396
3169
166
961
1006
257
3080
961
2657
1414
2512
257
3080
961
3225
3079
2532
262
2186
681
826
1647
3013
1234
817
1234
2378
1130
2707
2820
3095
2095
280
1902
2909
1354
2087
375
155
1089
1414
1085
213
213
3026
2420
1557
659
1909
308
1414
2795
1363
1798
587
1360
1031
374
2661
165
2025
2601
922
1701
818
1347
3107
2095
1495
2133
460
1347
1130
3107
1149
2095
1183
1071
1181
933
235
1347
2095
882
1581
1347
1130
3107
1149
2095
1071
374
1462
1854
1089
213
2520
1190
1089
3235
1346
2133
2394
621
25
1509
371
243
2095
460
213
460
460
460
460
3235
2690
2489
460
1870
460
460
1870
2262
460
1414
25
25
33
541
33
1749
1414
3068
1195
25
1652
1604
1414
25
1085
541
1414
1414
3026
2420
1557
659
1909
308
1618
541
1414
2095
2520
1008
199
2531
802
2531
2
1252
1909
916
1234
2942
914
928
1354
2017
1414
1414
1414
1414
1492
681
2661
3235
3134
1413
233
1975
1813
224
3079
2119
1661
2774
1849
1121
1695
1414
4
2427
541
3187
449
460
1354
2249
765
2204
224
2119
3235
2628
259
1955
2748
516
2204
1598
1661
542
1769
2119
1413
1571
1414
3107
2095
2659
542
1870
1414
1571
1414
3107
2095
2659
542
1870
25
1414
2240
1557
1557
750
844
25
1181
2939
1557
1383
2909
1354
2095
1414
872
563
542
1571
844
25
1557
2709
1414
2103
542
1538
1571
445
1414
542
2613
2119
1414
487
2115
3135
277
3150
801
2119
2195
263
2698
2115
2346
3010
2788
669
1354
2095
2247
3211
1414
3211
2095
2247
3211
2095
2247
2058
408
2095
2936
2936
2095
1084
2732
2657
587
551
1870
3107
2095
2659
542
1870
551
3076
2262
1571
3076
2262
2938
3076
2262
2938
1870
2262
1571
2938
1571
3107
2095
59
3092
3107
2095
59
551
3107
2095
59
551
1414
2683
1257
2951
542
1414
1870
3107
2095
2659
1257
1870
3107
2095
2659
159
1870
1870
3107
2095
2659
2951
3107
2095
2659
159
1870
1870
3107
2095
2659
1870
1870
3107
2095
2659
542
1870
1414
1571
1854
280
2613
2889
933
1130
1227
375
1495
2041
1354
1347
3107
2095
1495
1231
32
523
141
40
2119
1779
1786
1786
840
2119
2980
263
723
2713
1501
206
1064
293
1234
1130
2186
2378
2119
801
723
2119
904
200
280
1849
1571
992
1347
3107
2095
1640
2249
1638
551
3107
2095
2659
986
836
2095
836
2873
1571
2095
1354
2204
117
1955
3163
2617
2274
151
131
2940
1838
1444
2164
2173
1838
3169
2164
1861
1227
2661
843
1444
2164
2173
2512
521
1340
2643
2659
801
2389
3032
2994
2724
1956
1234
1354
324
2659
408
1085
1800
3257
1735
2661
418
1800
104
2659
32
324
2659
408
1085
3235
324
1263
1990
3091
508
307
2659
2001
2512
3235
1735
3235
2358
2001
2659
32
1346
2980
1735
1227
375
1495
2041
1354
1347
3107
2095
1495
1071
1347
1130
3107
1149
2095
1882
1495
2041
3235
2029
694
1347
3107
2095
1495
1347
3107
2095
1495
1354
2223
3136
258
331
606
2223
1493
1444
107
2950
1488
3055
1488
258
1354
449
851
936
1488
2455
2095
2249
1521
2095
1258
587
851
2632
458
1444
107
1288
2249
1227
107
1348
458
258
108
3089
2249
458
1444
107
1288
1227
107
1348
458
1444
107
1288
1227
107
1348
458
1444
107
1288
1227
107
1348
458
258
108
3089
458
258
108
3089
458
258
108
3089
458
1465
2802
2632
458
2802
2632
2941
2920
458
444
444
2632
458
3014
444
1749
458
3128
3014
1749
458
444
1413
3128
3014
458
2208
2713
2249
458
2208
2713
458
2208
2713
458
2208
2713
458
3128
2950
444
458
453
2223
2872
2950
458
1465
2223
107
1461
2592
458
2223
591
458
1465
2223
107
2249
1461
2592
458
2223
591
458
1465
2223
107
1461
2592
458
2223
591
458
1465
2223
107
1461
2592
458
2223
591
280
1347
3107
2095
1495
1347
3107
2095
1495
1227
375
1495
2041
1354
1347
3107
2095
1495
814
1234
800
1977
2087
3134
823
2546
2186
2274
85
1948
557
1789
1468
2519
2287
2087
409
1108
3064
3120
1354
1701
1495
2041
1347
3107
2095
1495
1347
3107
2095
1495
1130
280
3169
884
2759
590
408
2909
1130
1347
3107
2095
1495
2559
1347
3107
2095
601
1227
1155
375
1495
2041
1354
1347
3107
2095
1495
2512
2578
1354
2788
460
2266
67
2249
2186
1414
2936
2170
2505
1939
1557
1604
918
988
1404
52
1885
836
524
2661
2170
836
1618
458
919
458
108
2360
955
2043
283
2730
20
2287
1618
1013
1618
1018
2941
1618
1446
1650
1650
2994
541
1446
745
745
1446
2632
1018
2941
1413
28
1414
817
3228
2942
2319
2249
2306
2722
2186
2249
817
1031
2420
2546
2402
2420
2546
1907
145
2420
520
280
1347
3107
2095
1495
1340
1324
2249
817
1634
2041
2004
1749
1604
1772
853
861
71
2968
358
1234
1281
596
3235
1184
401
1347
3107
2095
1495
1354
1701
1495
2041
1347
3107
2095
1495
1227
375
1495
2041
1354
1347
3107
2095
1495
1071
595
1347
1130
3107
1149
2095
1227
375
1495
2041
1354
1347
3107
2095
1495
2537
8
2163
2683
2683
2058
1949
2950
2893
1843
444
1468
2950
3235
1038
1347
3107
2095
1495
3235
1227
375
1495
2041
1354
1347
3107
2095
1495
1729
280
2249
375
2095
2431
1165
1891
1849
2336
1295
1130
2872
2115
1365
2082
587
375
801
2688
1502
207
107
2874
3257
2705
986
2592
2610
107
2149
2326
213
3212
887
517
3250
2326
936
1414
3135
2973
1354
1414
107
375
1703
587
107
375
2294
1227
1089
3235
375
2551
2299
2698
1571
107
375
2299
1288
94
398
1078
2611
398
107
1414
1473
3235
2832
1624
107
1073
3235
1414
449
1347
3107
2095
601
2919
2249
2676
1165
2195
2544
84
1861
2306
1347
2352
1130
1512
2942
358
2121
637
2651
3235
2056
2651
3220
331
1521
2936
2148
2095
2936
257
2148
2095
2936
2148
2095
2936
257
2095
2097
2657
2148
2095
2936
257
2657
2148
2095
2936
257
2659
2657
2148
2095
2936
257
1638
2657
2148
2148
2226
3107
2095
59
2249
2249
1357
2519
2519
1521
2936
2148
2095
2936
257
2148
2095
2936
2148
2095
2936
257
2095
2097
2657
2148
2095
2936
257
2657
2148
2095
2936
257
2659
2657
2148
2095
2936
257
1638
2657
2148
2148
2226
3107
2095
59
212
212
2095
1521
2936
970
2226
331
2148
557
331
2185
331
2148
2148
1348
84
1127
458
3026
1366
408
2148
257
44
2185
44
970
2226
970
2226
970
2226
331
2148
557
331
2185
331
2148
2148
1348
84
1127
458
1366
408
2148
257
44
2185
44
970
2226
1655
1127
458
3081
1127
458
1655
1127
458
3081
1127
458
1655
1127
458
3081
1127
458
1655
1127
458
3107
528
1521
2936
970
2226
331
2148
557
331
2185
331
2148
2148
1348
84
1127
458
3026
1366
408
2148
257
44
2185
44
970
2226
970
2226
970
2226
331
2148
557
331
2185
331
2148
2148
1348
84
1127
458
1366
408
2148
257
44
2185
44
970
2226
528
1655
1127
2420
1655
1127
2420
1655
1127
2420
1655
1127
458
3107
528
1521
2936
970
2226
331
2148
557
331
2185
331
2148
2148
1348
84
1127
458
3026
1366
408
2148
257
44
2185
44
970
2226
970
2226
970
2226
331
2148
557
331
2185
331
2148
2148
1348
84
1127
458
1366
408
2148
257
44
2185
44
970
2226
1655
1127
458
3081
1127
458
1655
1127
458
3081
1127
458
1655
1127
458
3081
1127
458
1655
1127
458
3107
528
1521
2936
331
2148
557
331
2148
557
331
2185
2785
331
331
2185
2785
331
2148
1348
84
1127
458
84
1127
458
1366
408
2148
257
44
2185
44
331
2148
557
331
2148
557
331
2185
2785
331
331
2185
2785
331
2148
2148
2148
2148
84
1127
458
84
1127
458
1366
408
2148
257
2148
2148
2148
2148
947
702
257
2148
947
702
2148
947
2148
947
257
2148
947
2148
947
2785
257
2148
947
2785
2148
947
257
2148
947
2148
1589
2657
2148
1589
2657
2148
1589
2657
2148
1589
2657
2148
947
2785
2148
947
2785
257
2148
594
3107
2785
528
1521
2936
331
2148
557
331
2148
557
331
2185
2785
331
331
2185
2785
331
2148
1348
84
1127
458
84
1127
458
1366
408
2148
257
1354
3107
2095
2592
539
2592
546
2581
2661
836
2832
2432
1988
2432
1988
2306
1647
1356
745
745
2902
2834
2616
1294
348
1181
974
1438
2873
2432
1356
745
1438
1152
2713
1181
1618
1979
1204
3235
149
480
2368
2095
790
2386
32
2053
899
25
2902
821
1839
3235
2249
212
623
2264
527
212
2913
1130
460
2913
1729
637
711
1075
623
2264
1729
2294
3054
3107
2095
107
1780
2223
2053
2450
348
2249
32
1959
1943
1410
2185
2056
1204
1729
520
720
720
1294
2053
1588
2056
905
3003
1752
821
2095
505
3091
86
2818
2550
2185
1196
1533
2185
1230
2657
2185
348
2097
2332
1772
2185
2185
3107
2095
2657
2185
2095
1638
2657
1954
3119
945
591
2713
224
94
2256
1168
1353
591
1246
3095
2095
1354
2856
1252
2734
2641
1618
3108
2619
3049
1512
2294
2095
2737
2788
32
1414
2095
148
2186
928
1800
2185
2249
1461
2619
2185
754
1461
2942
927
1849
1252
1959
32
588
2841
1413
999
3255
3114
1618
3108
1252
2195
781
2619
1294
1639
781
2256
25
2788
32
1414
2095
148
3235
2306
2217
277
1252
1284
1855
2427
793
3079
2053
1665
1400
2095
296
1477
2095
2936
2698
32
3107
2095
1581
2095
1357
2942
611
2420
1089
406
2346
330
2612
2115
1442
2358
1546
2941
1852
2988
872
1044
2081
1920
2194
2942
336
2685
427
528
2095
2525
2610
414
2902
2592
199
414
2902
2592
199
414
2902
2592
2610
414
2980
2657
414
199
2610
551
2420
587
551
3107
2095
2802
2739
590
444
1525
2223
782
184
1453
1525
1525
2208
1355
3107
2095
2592
539
2592
2651
587
551
3107
2095
2802
2739
590
444
1525
2223
782
184
1453
1525
1525
2208
1355
519
514
1685
3095
1117
3110
1571
872
119
2713
2713
1571
1040
3235
2854
33
2420
872
1571
2053
2430
2053
2619
2592
2185
2430
110
2095
2592
2610
25
2430
25
199
2610
2038
25
2430
1288
1645
2546
2546
1288
1916
2430
25
2330
427
241
2651
257
257
263
793
3110
2698
1977
475
2185
1571
1234
2651
475
2185
1571
1571
2185
836
263
257
257
793
1502
475
2657
1571
1254
1502
1583
475
2185
2213
1089
2657
3220
3107
2913
2980
259
2613
2420
1982
2651
3235
1526
1562
2893
235
2363
1130
550
2287
124
2095
1227
1749
1604
1354
1354
1701
1495
2041
1347
3107
2095
1495
1347
3107
2095
1495
887
210
1403
3230
935
2198
3093
2573
108
1466
934
2198
3092
2198
476
2198
3093
2573
108
1466
934
2537
2979
681
1303
1252
2257
874
2659
692
2358
2909
1676
2095
2148
928
2432
2592
528
1676
528
2204
887
2109
2208
1006
408
1713
408
1661
1676
2148
719
416
1006
2095
2148
2204
607
1354
1701
1347
3107
2095
1495
1181
1634
1234
2095
2482
91
3235
3158
607
2251
2942
681
22
189
1422
814
2482
91
91
1701
2095
2407
2095
1227
375
1495
2041
1354
1347
3107
2095
1495
1227
3097
375
1495
2041
1354
1347
3107
2095
1495
1701
1495
2041
1347
3107
2095
1495
1227
375
1495
2041
1354
1347
3107
2095
1495
1701
1495
2041
1347
3107
2095
1495
3079
1623
1151
935
2095
836
2095
2578
1227
375
1495
2041
1354
1347
3107
2095
1495
2186
3095
2135
2819
1618
1452
184
2131
1958
2240
1354
3079
2360
418
2195
2575
1562
1354
1347
3107
2095
1495
2600
460
1347
3107
2095
1495
2443
1052
2095
224
1769
460
2956
2803
1417
460
1803
1861
2482
1354
1347
3107
2095
1495
1063
3080
974
3146
1414
1530
159
159
801
2909
2095
2897
2161
2900
2095
3107
2850
3107
3107
1971
412
3107
1971
3107
3107
1355
3107
3107
2095
3107
2095
3107
2095
3107
2095
3107
2095
885
3135
3107
2095
885
3135
3107
2095
885
3135
3107
2095
885
3135
3107
2095
885
3135
3107
2095
25
2660
2592
541
3221
3221
2713
1085
2555
2292
2292
2934
2292
2642
2642
2642
2850
412
412
2850
738
1081
412
2713
2642
705
412
2850
2850
412
412
1081
1081
514
514
3247
2713
514
2713
1557
2713
514
2713
1557
2713
514
2713
1557
2713
514
2713
1557
2713
514
2713
1557
2713
514
2713
1557
1557
514
408
1085
2629
2850
2850
2850
3107
2095
541
2850
408
2292
2292
460
2759
2161
2900
2661
2095
416
3107
2095
2085
594
458
1792
2701
458
1792
2550
458
2815
1038
1038
882
2701
2348
2872
882
2550
2348
2872
458
1488
458
1465
458
1488
2433
1616
458
134
1616
458
1488
1784
2519
458
258
458
258
458
375
2592
2532
738
666
2095
2592
458
1488
1784
1565
3089
108
3089
2519
458
2918
2254
2519
1348
458
1488
1589
458
2087
2496
458
258
108
3089
458
1444
458
887
2185
528
2532
738
666
2095
458
1465
887
528
458
1488
1784
887
2185
528
2519
458
1488
1784
2519
458
1488
887
1948
262
475
1366
793
2661
1089
2623
458
1227
458
67
1348
801
2223
1348
458
2223
1348
801
2223
495
1348
458
2223
541
801
2223
458
2223
801
2223
458
2802
1348
801
2802
1348
458
1465
2802
458
2802
2941
2920
458
444
444
458
3014
444
1749
458
3128
3014
1749
458
444
541
1413
3128
3014
458
919
458
108
2360
955
2043
283
2730
20
2287
458
3128
2950
444
541
458
453
2223
2872
2950
458
1465
2223
444
2053
2592
591
458
107
986
2223
444
2420
107
2223
444
1870
3107
2095
3107
2095
3107
2095
3107
2095
2850
2095
705
2095
705
2307
292
3107
2095
705
3107
2095
705
3107
2095
3107
2095
2223
2698
2223
3107
2095
107
107
2698
107
212
2698
1870
587
2698
587
1948
733
2223
444
1870
3107
2095
3107
2095
3107
2095
3107
2095
2850
2095
705
2095
705
2307
292
3107
2095
705
3107
2095
705
3107
2095
3107
2095
2223
2698
2223
3107
2095
107
107
2698
107
212
2698
1870
587
2698
587
2420
2223
444
782
184
708
2802
458
2600
2950
2668
2464
458
444
458
782
2698
587
551
3107
2095
2802
2739
590
444
1525
2223
444
782
184
1453
1525
733
2223
444
1870
3107
2095
3107
2095
3107
2095
3107
2095
2850
2095
705
2095
705
2307
292
3107
2095
705
3107
324
1227
375
1495
2041
1354
1347
3107
2095
1495
1497
818
1347
3107
2095
1495
1354
1701
1495
2041
1347
3107
2095
1495
1227
375
1495
2041
1354
1347
3107
2095
1495
1347
3107
2095
1495
3235
1495
3060
280
1347
2095
1495
1582
1861
1234
3245
2078
802
1181
1227
572
3230
843
3230
423
375
1749
1227
1031
1196
209
307
2095
2909
1252
880
224
1901
2939
52
1354
2704
1354
2095
550
2287
2482
638
3174
1882
224
1495
2041
2483
1354
1423
2186
1347
3107
2095
1495
1340
2334
3174
2420
986
779
2266
884
1810
910
3235
2698
460
1638
2453
2097
986
2097
779
401
1514
2698
1517
1067
779
401
599
460
2600
128
2454
1666
779
401
599
2097
3235
3134
623
779
401
2204
1532
460
494
857
722
460
269
782
449
460
374
3095
684
398
2294
684
398
2183
2026
2455
2492
2581
2579
224
782
1623
2095
1477
2872
2148
2698
1948
241
884
2698
1788
1204
1347
3107
2095
1495
1227
375
1495
2041
1354
1347
3107
2095
1495
1140
2512
414
211
1227
375
1495
2041
1354
1347
3107
2095
1495
1701
1495
2041
1347
3107
2095
1495
1347
3107
2095
1495
1256
1354
453
1256
972
1701
2206
401
1604
2512
2766
1310
2828
3068
1727
2180
2453
1581
620
902
2941
336
2056
458
224
2640
3068
2180
455
32
1256
1347
1565
2186
3068
2019
2434
857
1544
2386
2148
2194
3235
2148
2321
2422
1130
2292
360
1354
2453
353
52
2942
1525
2294
2095
669
1754
1569
1271
2095
669
1581
1569
1525
2332
2661
3171
401
143
1558
2034
2913
986
2459
836
836
2831
1754
2903
2941
2924
3235
612
1116
1604
1347
3107
2095
1495
2195
1526
1354
1347
2095
669
970
1149
2095
1544
2198
400
91
1423
3192
366
2249
1121
401
1525
353
1256
1354
607
2186
1604
397
1795
1354
2207
1347
1558
3107
1319
654
2034
2913
2913
1906
3107
1156
458
970
200
2273
2041
1565
168
3107
1156
458
2630
2041
2759
2993
1252
986
353
401
1136
588
1849
401
2053
2087
2993
1776
2657
2185
735
2195
1802
2993
2185
2766
1354
1009
2206
2249
3235
606
706
2766
1202
1517
2186
2378
2422
2658
1517
1100
2980
176
2766
198
2081
2927
1075
1462
2726
280
3235
366
2453
2249
1701
2698
2592
2766
825
972
453
2766
1347
2766
2034
1319
654
2872
1994
607
1413
21
1181
2766
213
551
1906
1905
817
420
1906
3225
2014
1581
551
3107
2095
1581
2185
401
3212
544
2206
1533
1067
1256
2454
2766
213
2185
1031
947
1602
1861
2186
2704
2394
2319
928
825
972
2246
1181
2592
1951
779
843
2942
67
3235
890
1623
2185
919
60
972
840
972
972
3235
460
401
1413
2592
972
818
60
972
3043
1356
1052
542
449
3169
2518
375
460
1347
2095
601
1354
916
2095
2378
1414
1414
1252
2087
843
213
3217
3155
1252
1624
213
1089
2651
1676
107
917
1495
1089
277
2355
1414
490
2198
1414
3235
681
50
2385
537
2592
199
2095
2520
460
296
1477
2936
2095
2520
3235
521
235
887
2292
3107
210
885
3107
2095
885
2512
2095
460
2294
1650
1462
2459
901
1414
1413
2133
1650
1107
1579
1488
2132
1414
3107
2095
1043
1085
1618
460
2754
1618
541
2994
541
1258
1258
1258
1258
2754
2934
2226
2632
1414
2420
1414
1870
2619
3026
2619
3026
2619
3026
2619
3026
2619
705
3026
2619
705
3026
2307
292
2307
292
2307
292
1419
3107
2095
2243
705
3107
2095
2243
705
3107
2095
705
3107
2095
705
3107
2095
1735
3107
2095
3107
2095
3107
2095
1735
3107
2095
3107
2095
3107
2095
1735
3107
2095
3107
2095
3107
2095
1735
3107
2095
3107
2095
3107
2095
3107
2095
2223
2698
2223
3107
2095
107
107
2698
107
334
259
212
2698
334
259
1870
587
2698
334
259
2378
1870
2619
3026
2619
3026
2619
3026
2619
3026
2619
3026
1414
1650
1414
1870
2186
2494
2619
2619
705
3026
2619
705
3026
2307
292
2307
292
2307
292
1419
3107
2095
2243
705
3107
2095
2243
705
3107
2095
705
3107
2095
705
3107
2095
1735
3107
2095
3107
2095
3107
2095
1735
3107
2095
3107
2095
3107
2095
1735
3107
2095
3107
2095
3107
2095
1735
3107
2095
3107
2095
3107
2095
3107
2095
2223
2698
2223
3107
2095
107
107
2698
107
334
259
212
2698
334
259
1870
587
2698
334
259
1414
1227
375
1495
2041
1354
1347
3107
2095
1495
1954
1234
615
551
714
2095
887
2095
3107
210
2891
3161
928
1995
2648
3107
2095
1581
2206
550
2378
908
986
2095
2520
1414
2132
362
1414
2936
2095
2520
1414
340
33
2186
1414
1043
1085
1414
213
2520
1676
1993
3221
1326
933
1354
2004
1749
933
405
2095
887
3107
2095
1227
1749
2095
2420
1870
2186
2494
2619
1414
2619
705
3026
2619
705
3026
1414
1894
3026
1650
1262
1995
2095
3013
460
817
375
460
1347
2095
601
928
2698
3079
2249
3079
817
1556
3235
414
460
1571
1571
3009
785
645
358
460
1252
3203
1512
974
2788
460
1618
1414
472
501
14
2226
2226
2226
2226
2226
2226
2226
2226
1414
460
1414
1414
3107
2095
1650
1043
1085
1618
501
2754
1618
541
2994
541
1258
1258
1258
1258
2754
2632
1414
2274
221
2068
999
2297
1909
2336
1414
1414
1982
2206
764
1650
1414
1870
2186
2494
2619
1414
801
928
1151
1623
3116
2068
1414
3107
2095
1043
1085
1618
882
1322
501
2754
1618
541
2994
541
1258
1258
1258
1258
2754
2934
2226
2632
1414
928
2249
854
2274
1414
1948
733
2223
444
2549
1870
2619
3026
2619
3026
2619
3026
2619
3026
2619
705
3026
2619
705
3026
2307
292
2307
2307
2307
1971
1402
1402
2307
315
1402
1402
2307
315
1402
1402
2307
2307
2307
2307
2307
2307
3107
2095
705
3107
2095
705
3107
2095
705
3107
2095
705
3107
2095
3107
2095
2223
2698
2223
3107
2095
107
107
2698
107
212
2698
1870
587
2698
587
1414
3094
374
2243
2600
375
2802
1480
280
1347
3107
2095
1495
1227
375
1495
2041
1354
1347
3107
2095
1495
1701
1495
2041
1347
3107
2095
1495
1227
375
1495
2041
1354
1347
3107
2095
1495
2022
1525
2785
2913
2610
2420
681
458
199
2648
2984
986
458
199
458
1418
919
458
1418
108
2360
955
2043
283
2730
20
2287
587
551
3107
1355
3257
3186
3235
1139
940
1162
2815
3107
528
3107
528
3107
3107
3107
3107
3107
1655
3107
1655
3107
1655
3107
1909
1819
2979
1533
2872
2785
2913
2610
2497
2436
1234
3095
2942
336
2231
910
2909
3053
1130
1347
3107
2095
1495
3235
1647
2651
1128
2820
1565
19
2195
1354
3119
2913
1817
3119
1902
2427
2081
1181
2042
2455
2195
986
1546
2185
2042
1512
2306
2195
1855
3122
1347
3107
2095
1495
3225
3107
2095
1495
1347
3107
2095
1495
1347
3107
2095
1495
1347
3107
2095
1495
1347
3107
2095
1495
1347
3107
2095
1495
3177
449
2734
2063
1462
986
601
2249
615
1227
375
1495
2041
1354
1347
3107
2095
1495
1347
3107
2095
1495
2942
2511
2863
2056
2047
1602
1800
108
3127
2585
1618
2216
108
1577
3127
2695
1618
3079
108
1861
1499
108
375
2482
1583
108
3108
572
610
3010
607
2249
2687
933
1533
2436
1181
1533
2554
394
169
1949
1390
2225
20
2266
2229
539
3127
2482
3235
1800
1618
1572
3127
3235
33
1618
2908
872
407
1572
957
2614
850
2810
3095
2204
172
1533
2319
2482
539
2482
2266
2185
481
2142
1533
2985
817
3235
2336
2942
3124
607
3095
627
1602
1354
65
1118
2305
1406
1148
2683
1051
2595
2546
2115
2266
376
2287
1977
2186
1050
2132
2537
3235
1284
1414
3235
1650
1414
3212
1169
1234
2095
1969
2581
2420
1347
1130
3107
1149
2095
1414
836
836
1807
1414
1414
2420
882
1414
2095
885
551
3107
2095
885
25
2262
2420
2262
488
1414
2047
1562
1354
1354
590
2170
1268
1041
224
2676
1957
1268
1905
1034
2482
3095
3249
1227
213
2195
3231
3235
2980
32
32
1982
1347
210
2170
1366
1268
3235
3231
2820
1116
1414
25
1123
414
494
79
25
2512
2150
1557
1557
3106
2592
460
2660
541
494
2450
1257
3106
2512
1414
1347
3107
2095
1495
1354
1701
1495
2041
1347
3107
2095
1495
1227
375
1495
2041
1354
1347
3107
2095
1495
1966
1234
1354
1109
1407
2214
2266
2985
1431
1227
375
1495
2041
1354
1347
3107
2095
1495
1896
854
2214
2266
2985
414
25
1227
375
1495
2041
1354
1347
3107
2095
1495
2942
336
1262
1354
882
2197
2661
315
25
1031
2512
210
1948
1354
1701
1495
2041
1347
3107
2095
1495
1227
375
1495
2041
1354
1347
3107
2095
1495
2471
1439
2600
2559
401
590
1404
802
2661
401
2095
2420
2537
649
1008
449
998
1347
3107
2095
1495
67
2942
2722
1462
986
2095
649
1414
257
2095
2097
257
257
257
2657
1414
2151
2095
2097
2657
2072
2942
67
257
2095
2097
257
2532
760
453
257
950
257
984
2872
2540
2651
2454
3248
458
1906
2097
2657
1541
764
2540
814
189
1730
2095
1414
263
1489
2097
764
323
588
1354
1701
1495
2041
1347
3107
2095
1495
2919
1234
460
1347
3107
2095
1495
1234
1084
2163
1347
3107
2095
1495
449
2909
1130
2942
3091
508
1227
375
1495
2041
1354
1347
3107
2095
1495
836
1909
1354
1530
2145
836
801
1354
1474
2095
1730
1354
1701
1495
2041
1347
3107
2095
1495
1227
375
1495
2041
1354
1347
3107
2095
1495
375
1495
2041
1354
1347
3107
2095
1495
1530
472
916
1803
1553
2670
3230
511
1553
1920
2027
2204
2150
3012
1553
1550
2155
2159
3230
2651
2095
449
3079
1795
3235
3185
1655
172
1660
2063
1977
172
2095
817
3235
691
1866
1485
922
2942
1354
1966
1219
2354
172
2027
678
3147
2613
3171
1664
4
1655
1664
3247
1878
1655
520
2186
449
3171
1553
782
1495
2041
1347
3107
2095
1495
998
2578
2170
3235
919
2095
2660
2095
1084
1517
719
1380
288
2420
1610
1526
1969
1354
2785
1995
2610
641
795
2592
961
199
2512
2785
2574
1013
3235
2769
1313
59
2933
933
961
2512
818
802
1650
3235
225
2785
1995
2610
231
307
2186
508
2512
910
690
59
2933
2512
961
1195
1414
2186
459
114
1825
2785
1995
2610
1423
3091
508
2969
2095
2660
2660
2657
551
212
283
283
3060
107
212
106
106
3060
107
645
2249
283
283
3060
936
21
2785
1995
2610
2249
106
283
3060
936
21
2785
1995
2610
2249
542
1424
542
1424
20
936
59
2610
2785
2913
2785
1995
1995
1995
1995
2913
2186
1031
1838
1995
1194
199
3089
59
2610
1032
3180
936
1525
1995
1995
2610
2195
2512
1529
2785
1995
2512
961
2133
961
936
107
3225
3225
2785
1995
2785
2913
2610
1469
1469
1522
2785
1995
2785
2913
2610
3192
3192
2464
1084
2648
2785
1995
2785
2913
2610
3255
414
936
2380
59
2610
910
804
3146
1204
436
690
199
1593
2872
59
2610
199
16
882
1227
2186
935
59
2610
1220
705
2610
2676
111
2214
1041
1987
2933
2718
2512
199
1991
2980
1763
916
3175
2063
1792
2785
1763
2149
1414
3065
2095
2660
2578
2249
2785
2913
2936
2095
2520
453
961
637
936
1995
199
2186
3077
94
961
1601
3213
2095
1227
1497
1495
2041
1347
3107
2095
1495
3175
817
3229
1207
1990
2334
189
224
2170
1380
1866
224
2185
809
59
2610
709
2280
199
3171
2698
936
199
97
1008
199
2581
641
3135
703
561
4
1052
59
2933
764
1031
690
986
936
3235
1195
2913
1153
2712
972
3235
25
212
283
199
3171
1228
961
2141
1204
2872
2581
594
623
1227
2660
107
283
99
2282
1227
1982
1354
2825
3235
1623
2249
283
2249
106
919
936
283
936
106
705
199
1995
2610
1727
2578
1969
3091
1435
2718
1300
3165
288
1905
3175
66
1118
1866
2681
2067
551
239
221
2286
1272
949
2933
2980
2319
210
1980
2380
1966
2206
1227
1495
2041
1347
3107
2095
1495
1990
1084
1665
1533
3235
1694
211
1465
2942
2170
3235
2927
1865
1300
1977
986
1227
2053
801
1292
2942
104
681
3010
1866
521
1783
836
2478
199
2581
641
3135
703
561
4
2785
199
199
3089
59
2610
2913
1995
1995
563
1253
1866
202
1483
2095
2660
3255
283
283
3060
3239
199
3089
656
1889
283
542
1424
820
679
336
2316
1428
1928
2053
2661
283
1424
1154
2620
1292
2095
2575
3086
508
2819
2052
1424
3060
283
1979
156
2213
2578
3108
719
2231
1413
631
848
602
1334
1987
2170
2578
2186
2927
1300
3165
1517
2816
2170
156
764
2170
2047
1503
3091
508
2942
681
1227
1495
2041
1347
3107
2095
1495
1882
210
199
1965
2581
2443
641
199
120
1241
2095
3092
2813
2813
418
3092
1995
199
1403
1980
1805
1531
2680
521
2058
3235
1569
1489
1966
2017
420
2183
2334
1990
2334
2029
2924
1987
719
1366
306
2512
2657
936
1982
961
2574
3132
408
2095
2299
2095
1345
2170
1969
224
199
1991
2980
1763
916
3175
2785
199
199
2183
1501
3171
2698
2913
199
559
594
1557
199
936
2299
3171
1153
1580
1061
453
961
637
936
1995
199
2186
3077
94
961
1991
1204
2785
882
1084
2785
1995
703
681
453
2659
1444
2164
2186
890
1013
308
944
2659
3235
2614
3032
1227
2226
2659
1444
2164
1227
3235
414
2920
2980
2306
2336
2306
1339
2942
220
3235
2353
1049
1140
1715
2109
229
590
2575
1594
2164
806
2164
913
1013
2976
2690
1413
2268
806
2976
1594
2976
1778
119
541
1817
1234
2019
806
2976
1041
1347
1130
3107
1149
2095
590
2095
1641
1347
1130
3107
1149
2095
1948
33
2396
587
3107
2095
732
590
1870
1870
20
201
2201
542
2432
3076
541
3107
2095
1418
3107
2095
1418
3107
2095
1418
3107
2095
1418
705
3107
2095
1418
705
2307
315
2307
315
3107
2095
1418
3107
2095
1418
2494
3107
2095
1418
3107
2095
354
3107
2095
1735
705
3107
2095
1735
705
2307
705
2307
1749
1749
3107
2095
1735
3107
2095
3107
2095
3107
2095
1735
3107
2095
3107
2095
3107
2095
3107
2095
3107
2095
2223
2698
2223
3107
2095
107
107
2698
705
107
3107
2095
59
292
2698
3107
2095
59
292
2698
1655
1571
1655
549
549
3107
1655
3107
2095
59
3107
2095
107
107
2698
107
212
2698
1870
587
2698
587
2307
3107
2095
1735
3107
2095
3107
2095
458
551
3107
2095
782
2698
2095
2097
1227
375
1495
2041
1354
1347
3107
2095
1495
1347
3107
2095
1495
1694
57
1701
2249
817
601
1347
3107
2095
601
722
1701
1347
3107
2095
1495
1227
375
1495
2041
1354
1347
3107
2095
1495
1174
1234
1497
3235
57
1966
2942
142
1354
1701
1495
2041
1347
3107
2095
1495
1227
375
1495
2041
1354
1347
3107
2095
1495
782
525
1347
3107
2095
601
1431
418
2856
1354
836
396
2905
1587
2661
1587
1477
986
2802
2661
2936
2095
1084
2578
2802
902
212
1211
2420
1414
1288
2420
1288
782
1741
782
1741
3107
2095
59
212
212
1916
212
1288
1288
2938
2106
2106
2698
2106
2525
2698
1414
2651
212
1916
3247
2420
2402
2146
2512
280
1347
3107
2095
601
1234
1227
375
1495
2041
1354
1347
3107
2095
1495
375
1495
2041
1354
1347
3107
2095
1495
3235
2950
790
541
1835
1347
909
1200
2095
882
1769
2581
2579
2103
1345
1525
1232
102
3012
3180
1345
1227
375
1495
2041
1354
1347
3107
2095
1495
1620
3122
2496
2040
2165
2512
2933
2785
2913
2496
2040
2165
2786
1336
322
2165
3235
2496
1042
2698
322
887
1732
1414
2785
199
3235
2600
1227
375
1495
2041
1354
1347
3107
2095
1495
2226
2294
770
2629
460
1710
280
2195
414
2629
460
32
1347
3107
3169
1640
2751
460
1710
224
1623
1354
3169
2841
259
1414
2266
3169
1296
2477
1347
3107
2778
3169
519
3169
2294
1668
1634
1482
3169
410
1749
928
986
184
849
20
2151
199
817
2186
817
225
2959
2271
2095
3130
2095
1347
3107
2095
1495
861
322
384
1227
3003
3095
3235
2294
320
199
1227
375
1495
2041
1354
1347
3107
2095
1495
2651
1354
1169
1562
2437
2942
2025
2023
1354
669
1972
1354
1701
1495
2041
1347
3107
2095
1495
1227
375
1495
2041
1354
1347
3107
2095
1495
1347
3107
2095
1495
1474
1252
2061
1701
366
1414
1234
1431
418
2713
2651
2581
842
1571
344
1413
1288
3087
806
1234
460
1457
1347
3107
2095
1495
3225
1252
2902
2296
2946
1078
3058
127
453
2988
872
1838
704
449
587
851
2391
2040
460
2581
1977
842
571
1288
1488
2782
460
1088
2946
1288
3087
1977
2482
1721
1246
1977
1347
3107
2095
1495
2296
280
1977
774
3235
57
86
2081
584
933
1347
3107
2095
1495
70
2385
2482
1288
2690
842
460
1288
1497
2459
1414
3235
1288
2786
2115
1345
2040
3058
1376
2713
2392
1020
842
1288
844
2713
3079
2581
1977
2204
1227
375
1495
2041
1354
1347
3107
2095
1495
1960
2015
3079
1414
1413
1196
2186
722
1354
1701
1227
375
1495
2041
1354
1347
3107
2095
1495
2155
2063
1454
1955
836
2095
2195
2619
1618
3108
836
1529
2358
430
759
2266
2204
1991
568
2358
2095
262
2619
1618
3108
2358
2512
1061
1246
904
836
2195
2619
1618
3108
836
2031
401
2031
2031
942
2850
1896
836
942
2850
2369
2031
16
1684
541
2432
2206
1168
681
913
986
32
2249
3150
2355
2249
2351
2614
2186
3094
836
986
1909
3095
1321
1575
1347
3107
2095
1495
802
1656
331
1405
601
1399
1612
3079
836
817
3079
817
2249
2512
3107
2095
1676
2125
280
818
1347
3107
2095
1495
2942
1578
1252
2095
3235
1346
205
607
2306
1252
3183
1977
1284
2095
1354
1701
1495
2041
1347
3107
2095
1495
2676
3235
2880
460
1581
1581
2762
541
2081
1031
3235
2212
460
1597
812
2081
32
280
2186
1346
205
607
3235
2351
2961
2980
1581
1431
801
1889
3237
1414
460
541
2948
2639
1061
2545
1414
1581
1252
2294
3095
2939
1414
877
1284
1227
375
1495
2041
1354
1347
3107
2095
1495
2095
2110
2020
1887
619
264
3235
2029
3180
296
619
1990
375
1347
3107
2095
1495
66
2204
2186
2572
607
199
2572
2687
2451
3075
3199
2950
590
3092
2950
684
2854
645
1323
2858
1764
645
2878
199
2902
458
2151
986
2095
2698
2170
2095
1477
1414
2936
719
69
2148
2592
69
2095
212
17
2095
69
2148
2592
69
2095
331
2095
557
2802
1348
69
2095
107
283
69
2095
936
283
69
2095
212
283
69
2095
2592
17
2095
69
2170
2592
2170
2936
2170
69
2095
1993
17
2095
1993
1414
2095
2085
1414
2095
2907
2095
1418
2095
478
1817
2095
1414
1227
375
1495
2041
1354
1347
3107
2095
1495
2203
1425
3225
1530
922
64
607
2206
1532
2070
1204
1656
211
2095
2692
1495
1419
817
1340
2497
1958
2625
2971
2572
1262
2872
1461
199
1685
1958
784
541
2951
2217
1618
1594
1337
1465
1618
2872
2950
444
444
1380
607
727
2022
2420
607
1380
1618
2872
2950
444
444
1380
607
782
607
1380
1262
3235
3112
199
1354
2942
493
2851
1999
2399
2485
2095
2249
2766
2613
1495
2041
2572
2578
2195
2288
184
1461
199
1262
873
199
2572
2508
2204
2942
358
2204
2980
2919
3078
3095
1380
1234
1045
1462
1958
1493
587
2254
1977
1099
2186
4
1565
151
2919
2943
1234
1347
3107
2095
1495
2296
2087
1903
2066
1425
1354
3122
1234
2942
358
3253
141
1532
1530
3225
1807
2095
922
1598
1861
1130
2942
1461
199
2303
782
2661
1414
1414
1618
3172
541
1446
3172
1618
1013
1618
2127
3172
1618
2127
1414
2613
2151
199
782
3012
1414
2420
782
130
970
3235
1339
3060
46
970
1571
970
970
970
42
970
42
970
2254
42
2254
970
2254
42
2254
970
2254
2254
970
2254
2254
3107
2095
2659
2170
3107
2095
2659
2170
3107
2095
1402
1402
3107
2095
2512
705
3107
2095
2512
705
2307
705
2307
315
705
2307
315
705
2307
315
2307
315
2307
315
2307
3107
2095
2512
3107
2095
3107
2095
1916
1288
1288
2938
2106
2106
2698
2106
2525
2698
1453
2690
2185
1650
620
2185
2592
2095
3079
2170
1650
2127
1608
1446
3073
3073
2185
2592
2095
3079
2170
1650
3073
1608
1446
3073
2951
1060
2512
2185
2592
2095
3079
2170
1650
2951
1608
2632
2185
2592
2095
3079
2170
1650
2632
1608
2632
2185
2592
2095
3079
2170
257
2351
1978
1650
2690
2185
2592
2095
3079
2170
257
2351
1182
1650
2432
1182
2420
246
2492
2632
3107
2095
2802
2876
3107
2095
3107
2095
3107
2095
3107
2095
705
3107
2095
705
3107
2095
705
2307
315
3107
2095
3107
2095
3107
2095
1288
1288
1375
1288
1288
1288
2106
2106
2698
2106
2525
2698
2420
3235
1339
3060
46
970
3235
1339
3060
46
970
1571
970
970
970
42
970
42
970
2254
42
2254
970
2254
42
2254
970
2254
2254
970
2254
2254
3107
2095
2659
2170
3107
2095
2659
2170
3107
2095
1402
1402
3107
2095
2512
705
3107
2095
2512
705
2307
705
2307
315
705
2307
315
705
2307
315
2307
315
2307
315
2307
3107
2095
2512
3107
2095
928
854
2872
2661
1414
254
1977
1817
1414
802
3235
2451
3075
309
1586
3197
1977
2749
863
1461
199
3235
1627
863
986
300
1380
446
1474
1461
1977
2749
1582
854
282
1414
2980
1354
199
2489
1395
2151
2698
1638
1354
2095
2661
132
2451
3075
1815
212
3042
1014
3225
622
3011
3012
460
1414
1168
2273
2041
1453
2690
2185
2592
2170
257
1650
2575
2041
1608
2053
2041
2041
2913
46
2185
2592
2170
257
1650
2053
2041
1608
2510
2041
2041
2913
46
2185
2592
2170
257
1650
2510
2041
1608
2041
2913
46
1608
2185
2592
2170
257
1650
1608
2575
2185
2592
2095
3079
2170
1650
2575
1958
2619
1608
2185
2592
2095
3079
2170
1650
2619
161
1414
1515
2294
2249
2565
4
344
931
2821
446
2451
3075
1017
2989
2053
917
325
2451
2519
1977
2355
4
1789
3223
2454
1884
3235
3185
1206
835
2415
1497
1572
2461
1852
2204
1861
2794
1774
2728
1413
2858
931
2212
2306
2454
2717
2900
936
2194
3235
761
1782
3119
2243
2778
2794
2095
936
2053
2170
684
986
1354
199
1894
2565
2872
2151
2249
1996
2493
2095
703
1815
1648
1735
199
3153
296
1792
1274
2282
342
2454
3235
3225
1555
3108
2095
2257
2701
1253
1440
1359
1462
3174
76
280
2942
1598
1598
1656
2532
1656
1495
1347
3107
2095
2692
1495
1419
3188
1526
1656
3134
681
157
1169
802
2433
931
801
2794
3094
2817
2843
1931
2902
999
1705
836
887
572
970
1758
1884
2186
104
1196
3235
453
970
1884
986
2294
1034
2250
2095
817
817
502
1034
882
2512
228
1633
1227
375
1495
2041
1354
1347
3107
2095
1495
2212
2040
1671
2271
1497
1414
282
1227
1414
1295
2378
2473
405
2426
2651
1227
1414
2103
2482
2651
1071
2497
1135
1347
1130
3107
1149
2095
2380
375
1495
2041
1354
1347
3107
2095
1495
1701
2676
793
1366
919
3236
658
2194
1535
2103
793
2103
793
2103
2682
888
2194
1535
2392
2170
684
1172
1292
3089
1456
645
212
1456
3067
645
2575
2794
2249
3040
571
645
645
1923
2058
3067
645
212
3040
2315
3067
212
2103
793
2581
1434
3177
3067
645
897
1333
899
3244
1206
3067
2244
3040
232
3159
3032
2053
571
3089
2865
1495
2041
1347
3107
2095
1495
104
681
2095
2170
684
457
457
2575
2121
2087
89
1946
1354
453
1345
365
909
1181
571
3040
3244
2336
296
1476
212
2244
3156
1354
3235
2336
457
2343
2909
2575
1571
684
2780
39
2244
212
2103
1434
2661
917
1497
2575
793
1366
843
2204
2980
2575
1031
1392
2244
2749
2511
2927
457
2343
3197
2161
280
1423
2095
922
1354
2095
3235
2512
1414
2185
1414
2816
457
3040
1107
2466
1769
457
457
457
457
457
2274
414
1414
2006
457
3040
3038
2244
1154
684
1413
3079
2169
1949
1701
1701
1227
375
1495
2041
1354
1347
3107
2095
1495
2294
280
1977
2559
1347
3107
2095
601
2537
496
2619
1227
375
1495
2041
1354
1347
3107
2095
1495
1347
3107
2095
1495
2186
1084
607
1990
449
1975
2969
1370
324
961
1331
257
841
2698
257
449
476
1862
3235
256
1769
1405
554
2942
1495
2041
1769
1650
1920
189
257
2542
1897
2124
224
569
1864
2124
84
2532
557
280
1347
3107
2095
601
1303
257
841
433
257
3080
961
257
343
585
1181
585
879
3235
2336
2095
2781
678
1055
3249
1396
2185
2581
2195
1432
2194
615
1462
1546
3235
70
210
1347
3107
2095
1640
2249
210
2095
1995
351
2161
1769
2249
1920
2976
366
3169
1347
3107
2778
3169
2393
1347
3107
210
2393
1838
944
2816
887
1256
790
779
2420
2095
3235
1433
790
887
1256
3235
887
1256
779
263
2095
657
2420
3107
779
3235
1413
1256
1494
779
336
2292
887
1256
972
972
401
1148
902
1252
3091
401
2872
1354
2095
1026
56
1495
2041
1909
1256
2095
1909
779
972
2422
2453
3079
2249
2661
779
1776
2420
1414
1656
2329
836
836
2058
1807
1414
2420
925
779
887
1256
2653
1256
1454
1347
2794
779
2420
669
2569
2766
1347
2980
1495
2041
1234
790
57
1354
779
972
1414
1256
1348
1684
1348
2082
2226
2082
1182
887
1182
2208
2208
2519
2519
2592
1256
1414
1414
836
836
263
887
1256
1414
1991
280
1485
172
854
2343
2729
1647
344
2095
2592
1357
3007
409
2729
2095
2980
409
999
46
172
1544
854
607
607
1347
3107
2095
1495
176
2420
2546
1562
2984
2565
3079
2659
2443
1052
2698
1897
2297
32
2186
541
2127
2420
2546
2186
224
2943
2434
1529
919
2297
2601
1052
3079
2776
1354
1701
1495
2041
1347
3107
2095
1495
1347
3107
2095
1495
1354
1701
1495
2041
1347
3107
2095
1495
1227
375
1495
2041
1354
1347
3107
2095
1495
1227
375
1495
2041
1354
1347
3107
2095
1495
1227
375
1495
2041
1354
1347
3107
2095
1495
537
2306
240
1462
2942
1227
375
1495
2041
1354
1347
3107
2095
1495
67
836
2575
119
1556
3235
2575
119
1556
1954
460
2537
1556
3177
2632
1750
324
32
2397
1354
2919
2942
50
1414
2632
1556
25
1556
25
1556
25
1414
645
3095
2081
199
2610
3235
2629
884
199
2610
645
1878
2081
1556
1556
2632
1556
1556
3085
1556
3235
2087
2661
67
2249
2592
1995
199
1995
1413
2785
1414
1556
1556
33
2632
2150
33
1556
25
33
2150
1414
1354
1347
3107
2095
1495
280
1347
3107
2095
1495
1227
375
1495
2041
1354
1347
3107
2095
1495
1227
375
1495
2041
1354
1347
3107
2095
1495
1227
375
1495
2041
1354
1347
3107
2095
1495
2095
2095
2938
1347
1130
3107
1149
2095
3091
460
1005
1234
1148
633
557
1347
3107
2095
1495
375
1347
1130
3107
1149
2095
2431
3175
2041
2482
3175
2365
2091
2095
1462
344
1982
3108
1581
290
1581
306
3235
1084
1495
2041
1413
2908
2040
306
2213
705
2784
1980
2198
2648
1525
842
478
2033
412
3108
2648
1957
759
2033
1887
2648
2579
842
2927
2033
2375
3108
1146
842
2600
1597
882
2529
2029
300
842
478
141
1345
1151
1497
2648
2579
2033
2375
998
86
1067
2785
2716
2798
1905
2798
2585
2213
3252
2095
2798
1191
1345
2977
1345
648
1451
1320
2648
2255
1484
756
1980
843
141
3003
976
2095
2939
1751
2095
2575
339
3003
1512
1606
1227
1725
2275
1462
3235
1030
1611
3184
1345
66
1296
999
573
1309
2661
2170
1414
1181
2942
843
141
701
1018
1345
2786
2648
2579
2939
3225
2437
1497
3235
2437
3145
786
1705
1754
323
571
1562
2185
2575
599
759
331
2380
1356
3003
1366
2575
1647
1581
2443
3108
1441
1414
302
842
2095
2648
2716
2426
2033
528
2651
2813
2873
92
2648
1414
2887
1537
3235
1346
1462
344
1982
3108
1581
290
1581
306
999
2651
2648
2040
1042
2170
2482
1345
2908
2040
306
2213
705
2784
1980
2198
2648
1525
842
478
2033
412
3108
2648
1957
759
2033
1887
2648
2579
842
2927
2033
2375
3108
1345
2977
1345
648
1451
1320
2648
2255
1484
756
1980
1641
2520
1347
1130
3107
1149
2095
1980
2865
842
1345
2579
3235
1474
32
1414
78
2095
1262
842
2942
843
141
701
1018
1345
2786
2648
2579
2939
3225
2437
1497
1647
1581
2443
3108
1441
1414
302
842
2095
2648
2716
2426
2033
528
2651
2813
2873
92
2648
1414
2887
1537
3235
1346
999
2651
2648
2040
1042
2170
2482
1345
747
1604
2186
2511
2170
358
1270
1413
2170
2830
400
2901
1232
1638
1366
2625
2078
681
3235
2482
1354
1501
3184
1345
66
1296
999
573
1309
2661
2170
1414
1181
3122
2393
2170
2764
1354
1701
1495
2041
1347
3107
2095
1495
1495
2041
1347
3107
2095
1495
1227
375
1495
2041
1354
1347
3107
2095
1495
2919
817
274
1347
3107
2095
1495
1227
375
1495
2041
1354
1347
3107
2095
1495
1227
375
1495
2041
1354
1347
3107
2095
1495
1701
1495
2041
1347
3107
2095
1495
1227
375
1495
2041
1354
1347
3107
2095
1495
1234
607
1347
3107
2095
1495
460
1525
2266
3235
240
460
2941
3095
1792
2570
280
3095
2942
1544
2336
3209
84
1861
1650
872
804
3230
213
956
1650
1420
2518
3230
2551
1650
621
25
2618
621
25
2551
2618
804
2443
2529
570
2553
621
2450
2058
2897
3223
601
1347
3107
2095
601
33
3230
1467
2294
2618
1557
1907
2300
2618
2449
621
2450
2266
1882
1347
3107
2095
1495
1007
2114
374
1354
2145
882
2492
1234
2816
1027
2186
704
1698
1414
204
2356
3095
607
480
2613
1735
2659
306
999
2648
1085
2186
570
2043
3068
2170
607
2900
2202
1643
1085
2613
2661
1227
3109
3068
2170
1296
2195
732
52
1384
1938
3047
3021
3191
3079
2095
919
2170
1414
1227
375
1085
2141
1227
592
2904
2690
1414
1623
582
1725
2344
1672
2013
2661
2095
590
1698
2095
812
1384
3146
1148
1663
2450
801
2575
1367
2182
1384
1618
2619
1894
1763
1556
443
1414
32
628
570
214
590
3095
239
607
704
1567
3012
1227
375
1495
2041
1354
1347
3107
2095
1495
1347
3107
2095
1495
872
1227
1414
541
1227
3110
570
599
2946
1861
1085
1730
2642
570
2575
1740
1354
3235
1536
2170
1414
1340
2942
1073
1503
1529
607
2095
58
299
1663
2450
3235
2619
2057
1234
1642
2512
933
299
1268
1366
1268
1367
1384
2186
2724
2442
417
3146
3231
2450
801
1367
3079
1642
1234
2145
1085
2461
704
65
1698
2111
211
1347
3107
2095
1495
375
1495
2041
1354
1347
3107
2095
1495
1354
1701
1495
2041
1347
3107
2095
1495
1642
280
3235
1909
1347
3107
2095
1495
449
424
2223
1252
2443
1234
1227
375
1495
2041
1354
1347
3107
2095
1495
1227
375
1495
2041
1354
1347
3107
2095
1495
1701
1495
2041
1347
3107
2095
1495
1348
2432
3105
872
1414
1414
541
3232
541
3187
2949
3187
1414
1414
1354
1414
541
3232
2351
3187
1414
3232
2704
2155
2087
1414
555
2432
32
1181
1462
1773
511
3172
1280
1358
3105
541
214
1085
2931
1618
2949
1415
2043
626
2999
460
2459
1008
60
2430
1018
2297
2351
1031
225
1623
3095
2985
1035
94
2103
2351
2297
844
33
1837
1347
3107
2095
1495
2854
2442
1252
2572
417
999
2442
2204
1462
66
2297
1340
3191
3232
1852
33
227
3232
1603
1852
33
2374
854
2705
854
1354
2378
1414
1347
3107
2095
1640
1638
551
3107
2095
1418
1347
3107
2095
1640
1638
551
3107
2095
354
2994
1358
1345
2870
1347
3107
2095
1640
1638
551
3107
2095
791
1723
791
1345
1345
1345
2226
1347
3107
2095
1640
1638
551
3107
2095
1347
3107
2095
1640
1638
551
3107
2095
3232
1150
570
541
570
541
1227
375
1495
2041
1354
1347
3107
2095
1495
844
1623
555
2432
2512
2432
2229
3085
2311
3241
2043
2336
2063
2226
2043
2985
2456
32
1525
1415
3232
2427
3235
225
227
2974
2974
2307
2282
2427
343
626
2311
2506
501
2185
1650
2772
3032
354
2442
1574
2266
2985
2601
33
1977
2186
1866
2951
2950
360
2249
1053
1174
1977
2459
2142
1392
2985
3207
690
991
1574
2266
2985
227
199
2095
836
280
2095
3085
3135
103
3085
2978
3085
2043
33
657
1894
2297
2321
2420
1685
375
2095
2431
1294
914
1181
933
119
3095
2095
986
836
2095
1234
1526
3095
1462
66
1966
33
2095
1019
166
1234
2095
1995
2610
1414
2430
2430
1414
2980
1414
693
2961
1769
3232
1354
3212
1594
282
3232
227
2021
1169
2186
1354
358
70
1415
1730
1413
659
659
3091
2327
1108
174
434
681
1414
199
2785
3235
1414
199
2610
1414
541
3232
2949
3187
1414
1414
2430
2430
1414
1354
1414
541
3232
2949
3187
1414
1909
2420
1348
555
1169
141
3232
844
876
2488
33
1977
1238
1414
3232
2949
3187
1414
2043
541
2488
1608
2949
299
2432
1511
1852
2043
2374
854
854
640
227
2669
141
76
2537
588
3095
1413
3191
3232
1462
3030
221
999
2043
1169
1236
141
2872
3191
1724
1730
2980
227
690
2985
1035
2212
1321
3235
2043
1868
999
999
3235
1618
1619
2698
2458
1557
1413
3085
2043
1347
3107
2095
1495
1227
375
1495
2041
1354
1347
3107
2095
1495
438
280
1495
2041
1347
2095
1495
1562
280
2942
1326
438
1495
2041
3107
2091
1234
917
1354
1701
1495
2041
1347
3107
2095
1495
1807
1063
1354
814
1067
3235
428
2601
1067
1354
3189
396
817
922
1047
3059
836
375
2210
3189
396
615
259
1984
1067
922
2053
521
2980
1142
814
1354
2292
521
1533
922
2478
1942
836
1954
1462
401
210
2942
1171
2426
2185
3134
2378
2348
1354
961
2459
950
2661
2095
1347
950
882
1031
1354
999
1434
95
2013
2661
836
263
2905
2032
1434
1630
1456
2378
1324
1474
1354
2194
536
1434
1181
882
2242
1354
1347
1200
2095
882
1063
1429
586
2095
1137
2097
2657
166
2095
2520
2459
2420
2546
2661
836
2939
528
1527
1283
458
528
528
85
524
458
528
1488
782
2494
1776
25
1909
1647
282
854
414
2661
972
25
972
2432
2226
1557
1238
1975
362
2661
2095
2097
524
2657
2095
551
2204
2512
2732
2095
2097
524
2657
2732
2095
2097
524
2657
2095
551
228
1354
2186
1049
845
2063
2063
2537
2095
2223
2231
2719
705
1204
405
2426
2478
18
1512
107
986
94
2950
1977
2223
2581
2579
919
1347
3107
2095
1640
2249
1638
551
3107
2095
1418
2234
2095
2592
2223
607
1347
3107
2095
1495
999
2785
1792
1716
2095
1638
2651
2980
1246
1181
2778
3004
2950
2040
1342
1857
2040
2625
3012
882
2619
557
1340
1909
1354
2909
235
1347
1130
3107
1149
2095
241
107
842
2455
1977
107
3235
1800
3225
2095
2592
1977
107
3235
354
1008
2095
2592
1977
107
3235
354
1676
1676
107
3235
2619
2095
2592
246
107
2040
2087
1526
1354
1347
3107
2095
1495
324
2902
1345
2188
606
1849
2358
2095
1354
2741
1255
1414
3212
1511
2964
3235
1136
2095
1701
1354
928
57
1354
1347
3107
2095
1495
375
1495
2041
1354
1347
3107
2095
1495
375
1495
2041
1354
1347
3107
2095
1495
2204
1347
3107
2095
1495
2785
2344
2872
2226
2527
199
1354
657
2673
637
595
2095
2095
1084
2713
2785
2913
1701
1495
2041
1347
3107
2095
1495
1347
3107
2095
1495
1730
2785
199
2095
2199
374
2872
2029
2095
2199
1070
2149
854
1227
375
1495
2041
1354
1347
3107
2095
1495
2919
1750
2186
1084
211
668
1633
2294
2643
3095
3007
1966
913
2249
2942
1227
1495
2041
1347
3107
2095
1495
2919
401
1342
401
1465
884
782
1380
1227
1495
2041
1347
3107
2095
1495
1867
862
3235
2081
460
782
1623
1227
1495
2041
1347
3107
2095
1495
2919
401
2402
1921
884
2141
1227
1495
2041
1347
3107
2095
1495
2919
401
1488
401
1465
884
782
1380
1347
3107
2095
1495
3007
1896
2507
2375
673
249
344
725
3004
1288
2273
2546
2780
1288
3180
1760
2149
2546
3192
2546
1054
2118
1288
2413
3235
3167
405
2426
2420
887
521
1355
210
3079
2358
102
1288
2413
571
2928
1042
1644
2661
2358
2095
1701
1347
3107
2095
1495
1340
1354
2294
913
2375
2273
2581
28
3249
1396
1002
66
1227
1495
2041
1347
3107
2095
1495
1921
884
2141
1117
1652
401
2705
1347
2802
681
3051
882
986
2185
2581
1497
2040
2165
2454
322
2040
1042
417
1527
1647
2165
2087
2234
2592
2542
2542
1262
557
1227
94
1127
1977
2040
2537
814
2165
2014
2592
3225
3225
3235
2418
902
2165
3011
2095
2450
1520
2512
2908
1497
2040
1042
70
842
1571
1222
252
2095
1414
280
3011
2163
1227
375
1495
2041
1354
1347
3107
2095
1495
1990
2109
1604
930
2661
2344
2081
2445
1977
1977
3068
2876
281
1262
1414
1181
2115
2434
2464
2713
746
1986
444
1405
2434
2976
3252
444
2670
1031
1423
1340
1966
2344
1252
2190
1168
3235
1966
2802
2386
2028
1345
1354
1837
2445
2081
1354
1346
2212
234
296
267
2792
2011
508
913
1354
2081
1181
1354
1949
801
1283
1321
1208
2095
107
1854
2095
107
449
910
804
2095
1641
2483
1354
1227
2951
1354
1978
1538
2519
2095
2150
3092
802
2256
802
1234
1800
802
1495
2041
1347
3107
2095
1495
2519
2153
1762
2451
2908
1852
2519
1434
3235
324
1230
3235
2282
1230
2519
1423
2136
1762
2354
2661
3146
2519
52
1762
1230
588
2788
2661
802
1650
414
1230
1762
2420
1610
1574
57
2095
2150
3092
802
1354
681
2925
1701
1347
3107
2095
1495
2306
2482
1354
681
2969
2095
2204
2942
1326
2420
2841
887
2095
3107
210
3161
375
1354
1252
1307
887
1307
887
887
1354
1701
1495
2041
1347
3107
2095
1495
1413
3253
2812
241
607
1181
2388
2942
1252
3107
1307
887
1307
887
887
1849
1661
157
1661
657
1414
2249
890
113
228
3079
836
1414
2942
1326
3095
280
817
817
3235
1645
933
1347
3107
2095
1495
817
1347
3107
2778
2095
2095
223
922
2954
1977
1645
1991
2206
2764
696
2879
1977
1181
2764
50
904
1849
1661
2063
2613
2639
1608
1618
1478
1608
1441
532
1608
1678
338
1072
2867
2470
3142
91
720
324
607
1495
2041
3235
1800
460
1267
1234
653
836
2984
607
1495
2041
2357
3079
1661
3095
2294
280
1347
3107
2095
1495
2619
1347
3107
2778
2095
2095
1977
817
1347
3107
2095
1495
525
1347
3107
2095
1495
1618
1046
2561
2617
1493
2446
2927
3165
971
2857
1112
3249
2997
2249
1419
601
1347
2095
1640
1638
551
3107
2095
601
249
684
587
1288
1253
1097
2226
2825
904
2318
444
1462
2223
2698
587
2512
2546
1645
2546
3235
2690
587
2386
1966
730
3095
32
1800
1809
2913
331
840
792
921
331
3225
1252
1414
2185
1618
2913
2186
240
2186
1598
331
501
3225
841
3160
2942
3235
681
836
2095
3235
2531
1414
822
1650
1340
1909
1861
2436
2306
2095
1581
986
802
1650
3255
1894
1618
3225
761
3095
2942
601
2294
1347
2095
601
1247
1347
2095
601
601
249
684
587
1288
2502
444
1462
957
2318
2223
2449
782
1488
242
2600
296
1571
1488
1288
2093
1488
444
1462
2223
2318
2698
2318
2223
1473
1977
782
570
3004
2204
2512
296
1623
296
296
1514
2318
2223
1473
1234
1340
2306
1604
3158
1347
3107
2095
1495
1063
2095
1347
2095
669
970
1149
2095
2095
1347
2095
669
970
1149
2095
2942
2095
1347
3107
2095
1495
2457
1081
782
986
2131
213
587
3223
2561
94
398
2457
637
1318
1618
1046
2561
2617
1493
2446
2927
3165
971
2857
1112
610
1618
1046
2619
2173
115
884
932
2999
1324
1108
3064
1130
1618
1046
2561
94
398
3012
821
2812
1340
2942
453
296
2095
1347
2095
669
970
1149
2095
3235
1057
2103
296
1541
375
444
1462
2223
1541
2318
1108
1541
1577
2922
1909
1081
782
986
2131
213
587
3223
2561
94
398
1108
3064
213
280
1347
3107
2095
1495
1252
2661
1656
2751
836
1656
836
1650
782
20
1414
822
1650
1576
1288
436
1345
2581
485
2447
2907
3149
2447
2907
3149
782
20
1414
3160
3095
84
1861
2976
2854
432
2976
2866
487
449
2820
1661
1730
432
1526
2092
494
885
2999
1898
1593
950
2367
1593
2642
1347
3107
2095
1495
3235
3158
1414
1665
1347
3107
2095
1495
1347
3107
2095
1495
1347
3107
2095
1495
3169
3026
1414
472
3
14
1623
2976
2512
460
3085
1085
2432
1085
791
1085
2642
378
3107
3169
2533
955
2632
2807
2976
2512
460
2934
1392
2632
2976
2512
460
2872
3107
3169
2533
2632
2807
2976
2512
460
2934
1392
2632
2934
2512
460
2632
1414
1276
472
2941
1948
732
590
1870
1870
3107
1355
501
3235
2743
3107
3169
2002
3107
3169
2002
3070
3107
3169
2002
3070
3107
2095
3169
3107
2095
3169
2243
3107
2095
3169
2243
705
705
3107
2095
3169
2243
705
705
3107
2095
3169
2243
705
705
3107
2095
3169
2243
705
705
1276
1276
472
2941
1276
1414
472
1685
14
1049
3077
2512
460
2632
1049
3077
2512
460
2632
1414
224
2941
1276
472
2941
1118
52
2043
2713
570
3107
3169
2533
1118
52
2043
2713
570
3107
3169
2533
1276
2661
2642
2661
1169
1522
1081
221
190
3091
508
2510
3158
2163
1227
375
1495
2041
1354
1347
3107
2095
1495
1413
3235
2512
3235
2188
3095
2719
722
3170
2732
836
1234
836
2919
1227
375
1495
2041
1354
1347
3107
2095
1495
375
1495
2041
1354
1347
3107
2095
1495
1347
3107
2095
1495
722
1701
3235
2223
525
782
514
2482
1462
2942
375
1495
2041
1347
3107
2095
1495
1339
1354
1252
2942
2496
3107
2095
2048
1652
1347
2848
2185
1458
401
1413
280
2095
344
1347
3107
2095
1495
1360
2521
1623
2565
1703
1611
2819
1424
23
2581
2648
933
2095
2581
2067
2432
2118
283
1418
2985
2872
2565
2266
3174
2592
2095
2520
986
2095
117
1587
1424
1815
1541
1124
2025
2095
107
283
1560
1421
5
2095
1495
2041
2198
2095
986
884
1008
1495
2041
1433
986
3010
1618
2705
3012
974
1414
1166
882
1746
2831
470
886
1618
969
1166
1013
3107
2095
1085
3026
1166
2127
458
1894
2994
2185
882
1746
2831
470
886
1618
969
458
919
458
3093
16
677
108
458
677
108
283
1948
108
2186
2157
283
1577
458
1954
458
108
458
1954
458
108
458
107
20
33
458
107
1368
33
2999
936
458
107
2402
2223
1348
458
1465
2223
107
2053
2592
458
2223
591
458
107
986
2223
1348
458
2402
660
458
2668
458
1909
108
2360
1008
458
1909
3237
458
1894
2994
2185
882
1746
2831
470
886
1618
969
458
1465
2223
107
2053
2592
2420
107
2223
1348
1414
1870
3165
1392
504
325
153
3107
1355
501
153
501
3107
1355
501
153
501
3107
1355
501
501
3107
2095
705
3107
2095
705
2307
292
2307
2307
2307
1971
1402
1402
2307
315
1402
1402
3107
2095
3107
2095
3107
2095
3107
2095
2223
2698
2223
3107
2095
107
107
2698
705
107
3107
2095
59
3107
2095
107
107
2698
107
212
2698
1870
587
2698
587
1991
280
2095
3150
1400
1414
2095
836
2095
2785
2226
2095
3169
2226
2058
2097
2097
969
1013
2127
1414
969
2185
2993
2834
1347
2848
2185
1458
1073
1642
607
782
401
2354
1798
1413
1249
2950
1461
2592
3003
1461
2592
2950
2318
70
2053
2592
542
1249
2318
1105
2592
1461
2592
1984
1866
1413
2053
2592
1461
2592
485
1151
3003
1461
1347
3107
2095
1495
2661
1995
331
2847
2249
212
2151
331
3225
1347
3107
2095
1495
1701
1495
2041
1347
3107
2095
1495
1701
1347
3107
2095
1495
375
1347
3107
2095
1495
2306
1604
3158
2942
1347
3107
2095
1495
2683
1347
3107
2095
1495
2306
1339
2942
843
913
836
1227
375
1495
2041
1354
1347
3107
2095
1495
1347
3107
2095
1495
263
280
817
1347
3107
2180
922
2095
2095
2095
259
1414
3084
1587
1779
779
2436
2292
922
2047
1598
259
401
779
1413
1518
3128
458
2525
779
1047
2525
2095
1638
2207
1347
779
3107
779
779
779
1906
1074
1347
779
3107
779
779
779
1906
2862
2207
1347
779
3107
779
779
1047
2659
779
1047
2659
1906
1074
1347
779
3107
779
779
1047
2659
779
1047
2659
1906
2862
2207
1347
779
3107
779
779
779
1906
1074
1347
779
3107
779
779
779
1906
2862
2207
1347
779
1654
1654
1654
2657
1074
1347
779
1654
1654
1654
2657
2862
2005
782
257
2351
1227
375
1495
2041
1354
1347
3107
2095
1495
375
1495
2041
1354
1347
3107
2095
1495
1227
375
1495
2041
1354
1347
3107
2095
1495
1347
3107
2095
1495
2457
814
720
2320
2087
1623
296
2661
2420
2457
2443
3180
3087
2980
3203
2063
842
1623
1462
2520
344
255
3180
2520
1730
952
3003
1835
2902
2095
3235
1334
1227
2285
2195
1346
3180
1287
1227
2445
1628
296
842
539
2273
2520
1354
1509
2980
328
2939
2095
1162
1839
1428
3010
3200
2177
1345
3087
1246
1509
322
1183
68
1354
1227
2681
1234
1501
128
224
1541
1825
3200
2806
506
224
1414
1414
1977
3235
1004
541
2431
1073
94
92
1594
3235
2619
814
720
2320
2087
1623
296
2661
2420
1031
2185
1501
1246
1425
2537
189
2398
1413
1413
3235
842
3061
1684
842
1623
296
3235
94
2082
1263
3235
94
2082
3107
1347
3107
2095
1495
2683
1347
3107
2095
1495
2095
1347
3107
2095
601
280
1347
3107
2095
1495
1347
3107
2095
1495
1414
277
1698
224
766
1991
1234
1130
1991
800
1977
1952
1354
2171
2252
2908
919
2128
1894
539
1642
607
1909
280
1354
1008
607
2027
1108
863
2563
2147
460
2185
2661
801
2592
2185
2581
2206
2174
2592
2185
2581
1901
1647
3131
1559
3060
3121
1075
2676
280
1642
3235
3079
1529
2095
2306
550
2287
1462
1927
2204
1347
3107
2095
1495
1652
658
1495
2041
1347
3107
2095
1495
928
2928
2095
401
2186
2058
2329
2095
974
2420
1414
1656
2553
1347
1656
3107
2180
2095
1656
817
2095
2097
1347
2095
669
970
1930
2048
2936
2008
887
887
887
887
2008
887
887
887
887
2008
887
887
1414
3150
607
3150
460
2185
1026
1413
2942
2908
2880
2185
788
2572
2908
627
2185
341
3200
1749
2351
2197
634
2928
401
865
1252
2908
2704
240
331
2185
1157
458
2296
2142
268
1782
1031
1354
836
2661
3150
615
2594
224
1252
2908
727
2661
401
2661
240
383
914
2351
2197
634
3235
2492
2167
3248
1152
1894
2185
2690
1414
2632
1414
688
1794
2185
2619
3079
746
1108
174
2170
684
2255
2802
2871
1562
1067
2698
2095
1618
110
1920
1495
2266
2619
2185
3121
2802
2671
1497
2661
2802
2871
2252
2025
913
2698
1008
2661
1618
110
2538
1574
1495
2255
587
2896
3121
1594
2504
2170
212
2053
2422
2616
610
324
2504
2941
3121
2802
2371
2170
212
3015
1894
2802
2871
2482
2255
587
586
333
811
2103
1497
1618
539
746
2374
2632
2690
1794
1894
3015
2802
2186
1380
2255
587
495
2619
1497
539
2374
2501
1894
2170
212
1977
2422
2616
2392
1916
1794
1894
2802
2671
123
1894
3121
1745
2243
845
761
2810
374
1416
2927
169
1108
3064
2828
449
2802
2871
842
2255
587
2706
1108
2252
2252
1031
2186
2871
919
2012
743
1181
1803
3095
1347
3107
2095
601
1574
1392
2103
2927
3237
1794
601
449
108
777
2186
2212
2170
212
333
1794
1894
1414
3235
2081
523
2316
2170
1414
3063
445
1618
3146
3191
331
2546
1168
2255
2170
2402
2255
2170
2402
1414
2902
1781
2609
2714
2170
212
2053
2402
2661
1146
457
212
2744
84
1861
2095
1769
2056
1326
166
2880
1618
2195
3095
2661
2249
817
2592
2520
1414
458
919
458
108
2360
955
2043
283
2730
20
2287
458
3022
1894
687
2053
458
1465
2802
458
2802
2941
2226
458
444
444
458
3014
444
1749
458
3128
3014
1749
458
3237
3060
1008
458
1894
2994
2185
882
1056
2095
2095
458
184
3022
2727
2510
458
2802
2402
587
2255
2170
1870
3107
3107
3107
3107
3107
3107
2619
1355
2619
3107
3107
3107
3107
2095
292
3107
2095
292
3107
2095
3107
2095
2307
292
2307
292
2307
2307
3107
2095
2659
2170
3107
2095
2659
2170
292
2698
1414
887
1270
896
1909
2831
2698
933
1347
1130
3107
1149
1347
121
1495
2350
20
1894
2185
2802
2386
2698
2880
901
2820
1894
70
969
2831
280
1354
986
2108
3235
2431
570
2186
460
607
228
2629
460
1347
3107
2095
1495
2375
3192
2597
882
1298
933
1130
235
2095
842
919
1347
3107
2095
1495
228
1354
16
1980
2690
842
2455
842
2375
1127
2438
1582
1354
2095
86
2197
999
836
3169
401
2226
916
2614
836
3169
268
3169
1354
3169
193
2659
324
836
2095
3031
2346
2358
3169
2087
2253
3169
1234
999
2980
2980
3169
1087
2698
2802
268
199
2282
1504
1333
1612
2023
1597
3169
2759
263
3174
1701
1495
2041
1347
3107
2095
1495
1495
2041
43
696
2204
98
779
878
1047
1532
1089
2485
3169
2823
2095
1906
935
3169
836
2661
3235
935
836
1228
1597
1009
3235
2475
2294
2420
199
2941
2095
3092
2454
1655
221
1655
2249
221
1655
1993
2420
2832
2041
2420
836
881
3253
3012
2420
1414
1414
2546
1655
1577
2546
2420
3012
3253
1453
2690
2185
2095
1650
620
551
2185
2095
1650
551
2625
551
2185
2095
1650
2625
551
1554
820
199
2713
2185
2095
1650
3092
199
2249
1682
2185
1521
2095
2936
400
2901
2351
1650
1682
2185
1521
2095
2936
400
2901
2351
1565
1650
1682
1655
2185
1521
2095
2936
400
2901
2351
1565
1650
525
2832
2041
836
881
3253
3012
2420
1414
1414
2546
1655
1577
2546
2420
3012
3253
2643
1661
375
2249
754
944
1348
1414
623
414
1182
1557
1151
1414
2713
1556
1608
1348
2713
1608
2713
1348
1556
1608
1348
1348
1608
1348
2713
1556
2143
1348
1556
1348
1556
1357
1556
2143
1348
2143
1348
1608
1348
2713
2713
1348
1348
1348
1348
1348
525
1608
1565
1682
1655
2713
2713
2143
1348
1357
1182
2519
2519
1357
1348
1348
1414
2195
627
466
1488
2198
2163
2786
344
2661
2095
2095
160
3092
199
2454
1655
221
1655
199
2249
221
1655
199
1993
2420
2832
2041
2420
836
881
3253
3012
2420
1414
1414
2546
1655
1577
2546
2420
3012
3253
1453
2690
2185
2095
1650
620
551
2185
2095
1650
551
2625
551
2185
2095
1650
2625
551
2249
2151
754
2151
3092
199
1554
820
199
2713
2185
2095
1650
3092
199
2249
1682
754
2185
882
1217
2095
400
2901
2351
1650
1682
2185
882
1217
2095
400
2901
2351
1565
1650
1682
1655
2185
882
1217
2095
400
2901
2351
1565
1650
1682
1655
2185
882
1217
2095
400
2901
2351
1565
1650
525
2832
2041
836
881
3253
3012
2420
1414
1414
2546
1655
1577
2546
2420
3012
3253
57
1347
3026
1403
2148
1528
160
2029
2234
1655
2195
296
199
1347
3107
2095
1495
1701
1347
1656
3107
2180
2095
1656
601
1347
3107
2095
1495
1701
1354
1701
1495
2041
1347
3107
2095
1495
2909
1347
3107
2095
1495
1497
818
1347
3107
2095
1495
681
3232
817
2249
3232
3232
1150
570
1089
1150
902
3150
2095
2520
2095
2683
1413
681
1772
2095
2520
2592
884
2095
2520
2443
1190
433
854
3202
3202
590
1623
2789
2450
802
2186
2512
460
2355
1071
1347
1130
3107
1149
2095
1169
902
460
3008
3008
3008
3008
2226
1252
2203
913
448
1552
1977
1227
375
1495
2041
1354
1347
3107
2095
1495
1121
1800
2629
460
1525
2629
884
2141
3232
1347
3107
2095
1495
3235
2247
2249
2592
2648
2095
2520
2095
908
2004
1749
3095
2854
2095
2095
2520
928
460
1414
1273
2095
396
2249
414
1018
2705
2004
1749
2336
1386
1089
887
3107
2095
1227
1749
1776
1130
94
541
1227
375
1495
2041
1354
1347
3107
2095
1495
1347
3107
2095
1495
1354
1701
1495
2041
1347
3107
2095
1495
1665
607
1347
3107
2095
1495
2327
910
2810
2673
2081
280
1347
3107
2095
1495
1647
2785
2138
193
2294
2512
1227
375
1495
2041
1354
1347
3107
2095
1495
1347
3107
2095
1495
441
2980
2659
2195
1735
1477
2095
1347
2095
882
1386
1031
1501
2454
734
1978
283
2740
1978
580
1181
2095
1701
1354
3235
1497
2942
142
2482
1854
836
2095
1414
2909
1530
32
2095
580
1929
1978
1424
20
656
2095
1084
972
1084
2095
2222
2294
344
1932
1407
2482
1227
375
1495
2041
1354
1347
3107
2095
1495
1354
1701
1495
2041
1347
3107
2095
1495
3095
2204
2420
1181
3095
1909
1642
2531
2637
1566
3095
3172
1870
3172
2206
3235
3095
1227
375
1495
2041
1354
1347
3107
2095
1495
1495
3060
1347
3107
2095
1495
1227
375
1495
2041
1354
1347
3107
2095
1495
2001
1196
66
1571
1571
70
1358
2725
3172
1589
1196
375
375
1589
1589
325
1592
1418
506
1966
375
3079
1414
1589
81
33
3079
1414
2206
1966
2186
2915
41
506
2001
1577
20
1462
2640
2001
2601
2613
2115
2226
1354
2984
3079
1414
1413
1354
151
3095
322
3206
1562
1497
1413
2149
3095
1414
2980
829
199
1220
986
199
637
1864
401
78
2913
702
607
585
922
2231
280
2063
2460
2095
2306
2319
1234
836
3122
2942
3107
702
2453
961
2095
2876
607
1347
1130
3107
1149
1234
836
2980
2095
1517
721
2661
922
607
1849
2095
654
2661
607
1966
2206
2095
922
922
1354
1701
1495
2041
1347
3107
2095
1495
1227
375
1495
2041
1354
1347
3107
2095
1495
1347
3107
2095
1495
1227
375
1495
2041
1354
1347
3107
2095
1495
366
2226
3185
2550
3091
1413
508
2512
159
1125
1227
2791
1133
375
1495
2041
1354
1347
3107
2095
1495
375
1495
2041
1354
1347
3107
2095
1495
722
280
602
1130
280
2512
1529
2492
2182
1227
2791
1133
375
1495
2041
1354
1347
3107
2095
1495
814
50
280
3169
2518
1347
1130
3107
1149
2095
1234
885
1340
1354
3235
1604
2942
70
854
3169
2518
1057
1354
2141
460
2838
514
1557
2124
2124
2902
2614
2614
460
2934
2226
2920
570
570
570
141
2700
155
589
1140
476
2512
2934
2226
64
3048
1057
3187
344
602
1252
2928
2095
3252
1347
3107
2095
1495
1347
3107
2095
1495
2934
244
3116
974
2457
733
570
733
733
2457
3235
324
3116
1530
2185
2457
3169
551
3107
2095
3169
2457
1530
1571
974
1414
3157
481
2872
3157
1894
744
2226
889
744
2872
3107
3169
702
1557
889
1414
1530
1571
1725
2119
2512
1650
1414
3107
3169
702
1557
1414
1354
280
2507
607
901
2443
1673
2319
2375
1146
1146
1413
1429
1661
2336
2294
836
1031
764
3247
108
1413
1429
2336
1227
375
1495
2041
1354
1347
3107
2095
1495
2195
1128
1031
1234
1354
1701
1495
2041
1347
3107
2095
1495
3091
508
184
2095
1984
2170
530
999
2170
2095
2186
2170
1032
1347
1130
3107
1149
2095
1227
375
1495
2041
1354
1347
3107
2095
1495
1227
375
1495
2041
1354
1347
3107
2095
1495
1340
3160
1406
3249
2985
854
1145
1406
3249
2985
1290
419
2185
1676
107
1676
107
319
1768
107
1817
1031
2131
2601
1538
2546
2638
2121
1031
3004
1556
2420
246
111
2547
1556
2420
246
1556
344
1413
2546
2420
2546
352
2121
2121
60
2546
2420
246
1632
2420
246
1556
2252
1674
449
460
1354
1227
375
1495
2041
1354
1347
3107
2095
1495
1701
1495
2041
1347
3107
2095
1495
1990
1629
854
3174
607
3004
816
2420
1347
3107
2095
1495
1227
375
1495
2041
1354
1347
3107
2095
1495
2537
2507
2980
2355
884
2095
460
2148
2872
1347
2701
2095
2802
2095
2249
779
2785
416
2545
327
375
1495
2041
1354
1347
3107
2095
1495
2648
999
795
1151
1161
1227
2294
2278
2925
2648
2698
2194
3235
1529
1227
2698
2648
836
2095
1073
199
3119
2095
410
2909
1354
1234
1347
1130
3107
1149
2095
1347
3107
2095
1495
1239
2095
2148
2095
1084
2095
1227
2872
2043
234
1676
199
1227
941
1349
2095
2148
2872
2148
2095
882
941
1349
2079
1652
2095
2148
1619
2532
3079
2813
1239
2872
2095
2148
986
2095
1084
1577
199
2810
3235
2698
2148
2592
1227
2095
94
2095
107
2194
2278
2095
2148
910
804
1391
1252
1204
1664
936
1239
107
2095
265
2095
107
2148
1239
107
2095
2148
3091
508
1347
3107
2095
1495
1665
1347
3107
2095
1495
681
1354
1129
2909
1462
3235
1623
91
2431
1249
2874
1618
2619
1183
2053
2592
1414
2127
458
1465
2223
444
2053
2592
591
458
1465
2223
444
2053
2592
591
1414
1057
1347
3107
2095
1495
1354
1701
1495
2041
1347
3107
2095
1495
240
460
782
2567
344
2610
1618
1234
1347
3107
2095
1495
854
703
20
1712
933
1354
222
1007
1201
1321
2610
2420
590
344
237
2632
2461
657
1341
1462
1225
1354
66
1743
2666
2586
2919
1347
3107
2095
1495
211
607
817
3235
2114
460
2459
2249
782
817
2572
3095
280
1347
3107
2095
1495
1862
2012
2127
3235
2698
1414
2934
2127
2837
1414
2127
161
1414
2934
2127
2713
2292
2713
2632
2420
107
2223
444
3107
2095
885
3012
2343
1040
2031
2713
3107
2095
885
3012
3107
2095
885
3107
2095
885
3107
2095
885
604
3107
2095
885
604
705
705
2307
541
705
2307
541
705
2307
1749
1749
2307
541
2307
541
3107
2095
885
604
705
2307
292
2307
2307
2307
1971
1402
1402
2307
315
1402
1402
2307
315
1402
1402
2307
2307
2307
2307
2307
2307
3107
2095
885
604
3107
2095
885
604
3107
2095
885
604
705
2307
292
2307
2307
2307
1971
1402
1402
2307
315
1402
1402
2307
315
1402
1402
2307
2307
2307
2307
2307
2307
3107
2095
885
604
3107
2095
885
604
3107
2095
885
604
2235
3107
2095
885
3107
2095
885
705
3107
2095
885
705
2307
541
705
2307
541
705
2307
1749
1749
2307
541
2307
541
3107
2095
885
3107
2095
2243
2423
623
292
2423
3107
2095
2243
2423
623
705
2423
3107
2095
2243
2423
623
705
2423
3107
2095
705
3107
2095
705
3107
2095
1735
3107
2095
3107
2095
3107
2095
1735
3107
2095
3107
2095
3107
2095
3107
2095
2223
2698
2223
3107
2095
107
107
2698
107
212
2698
1870
587
2698
587
2378
1870
2186
2713
3073
2420
3107
2095
885
705
3107
2095
885
705
3107
2095
885
3012
1414
3095
2909
2170
3095
2518
3116
1140
1031
3175
101
2575
359
887
3150
2095
2095
2520
2936
2095
2520
3107
2095
1749
2837
1085
481
2934
2127
2632
2420
2343
1040
2936
2837
1446
2934
2127
2632
2788
1234
1347
3107
2095
1495
1966
2294
2152
3235
331
1302
1587
2374
1772
1541
2332
2292
263
1347
3107
2095
1495
1354
1977
2557
169
1061
2095
2651
1392
2095
887
3107
2095
1440
1587
1477
3093
836
1587
70
836
754
1461
2095
396
2698
2453
2022
2942
1578
756
2095
1018
2455
1227
1009
2386
2095
2816
3167
1227
3167
1935
3122
2292
221
1051
3095
2206
2512
3171
919
690
1587
2621
70
1354
1701
1495
2041
1347
3107
2095
1495
1882
1347
3107
2095
1495
3107
2095
1495
1347
3107
2095
1495
3028
539
2273
1839
1618
3235
16
2095
1347
3107
2095
1495
1954
1347
3107
2095
1495
1227
375
1495
2041
1354
1347
3107
2095
1495
1701
1495
2041
1347
3107
2095
1495
1227
375
1495
2041
1354
1347
3107
2095
1495
1354
584
2592
2610
2095
2648
449
460
3160
1347
3107
2095
1495
1227
375
1495
2041
1354
1347
3107
2095
1495
936
790
594
645
224
3223
2095
2592
436
2095
2592
109
221
1861
936
2592
436
2854
2194
199
2872
2592
2542
2565
645
1842
2095
2148
224
367
3168
645
1664
936
360
645
2592
2542
1031
1623
385
372
322
1354
384
2369
986
199
2950
2698
1008
936
32
1414
3107
2095
2802
2739
590
444
1525
2223
444
782
184
1453
1525
733
2223
444
1355
1413
2185
2532
1355
1571
1355
2185
2185
1355
2185
2185
3107
2095
3107
2095
107
107
3107
2095
107
107
705
107
3107
2095
107
107
3107
2095
107
107
705
107
2307
705
2307
315
705
2307
315
705
2307
315
2307
315
2307
315
2307
3107
2095
107
107
3107
2095
107
107
107
3107
2095
107
107
2698
107
212
2698
1870
587
2698
587
936
3107
2095
3107
2095
3107
2095
705
3107
2095
705
2307
315
2307
315
3107
2095
3107
2095
705
3107
2095
705
1204
1204
3107
2095
3107
2095
1916
1288
1288
2938
2106
2106
2698
2106
2525
2698
1414
2516
376
2559
1687
2637
2115
1687
2186
690
1769
1347
3107
2095
1640
2249
1638
551
3107
2095
59
2249
224
1991
2158
1966
1687
2516
2230
1501
375
2095
2431
2147
3245
1354
2909
1495
2041
1031
3235
1295
1414
2661
2213
2659
2999
801
104
2516
1347
3107
2095
1495
2942
1495
3060
1347
3107
2095
1495
1594
723
2976
2157
1227
375
1495
2041
1354
1347
3107
2095
1495
1227
375
1495
2041
1354
1347
3107
2095
1495
986
2648
2648
2854
1861
1192
1413
380
444
1405
2223
2375
2478
444
2375
733
3235
890
3022
2950
296
1977
2683
637
891
1642
1533
2095
550
2287
1462
3091
508
2294
86
2220
3245
438
1495
2041
795
2661
375
2095
2851
1803
1354
1234
1495
2041
1354
2602
2157
92
2872
1789
1347
3107
2095
1495
2459
914
1008
1909
868
1887
1128
2110
3235
2053
2866
3012
1414
3242
2802
331
2420
1419
2420
677
1413
3055
2375
3192
344
1024
3235
1323
2950
1488
2420
2110
319
2420
2110
319
2420
2110
319
2420
2110
319
2420
2110
319
2420
2110
319
1414
2060
2802
380
2445
3235
2081
1474
2081
2625
2527
2802
268
2299
444
2186
2025
2057
1866
21
565
801
677
1887
592
1625
3094
1354
3011
2427
1418
2110
2198
2687
797
184
3119
1794
1749
92
1414
1870
2201
2201
3107
2095
1418
705
2307
705
2307
705
2307
2307
2307
2307
2307
2307
3107
2095
1418
3107
2095
1418
3107
2095
1418
1394
3107
2095
1418
1414
2616
1541
1604
1803
1354
691
1977
1525
3122
96
882
3079
20
2616
1887
1227
2616
344
1982
1963
1645
1169
2546
882
1664
20
2616
2625
1354
3162
2110
628
1887
92
2157
2427
1833
3022
92
3162
3079
1661
1418
525
2110
92
2157
2673
3235
2081
3235
474
2375
444
3235
474
2375
444
1465
344
2510
3128
444
444
1181
1347
3107
2095
1495
453
2375
3192
1589
972
2292
3235
2898
2598
1227
375
1495
2041
1354
1347
3107
2095
1495
280
1347
3107
2095
601
2306
2942
1302
1414
2939
528
1527
1302
816
1204
1529
2600
1414
1305
3235
225
1778
2939
459
460
836
922
1347
3107
2095
1495
1227
375
1495
2041
1354
1347
3107
2095
1495
1347
1130
3107
1149
2095
933
3204
401
1227
375
1495
2041
1354
1347
3107
2095
1495
1701
1495
2041
1347
3107
2095
1495
3095
2927
3235
832
159
2951
3119
139
1227
375
1495
2041
1354
1347
3107
2095
1495
2385
2482
1562
2585
1234
453
2387
2355
2489
1347
3107
2095
1495
2249
2186
324
1354
2482
1168
2095
1800
2985
2185
2985
2185
2713
843
1157
2985
3225
2095
1623
2185
1977
225
1355
2185
772
2532
3179
2185
1577
3235
375
3235
2651
2651
2185
1577
3235
375
1406
1285
2095
1618
3235
3235
2185
2581
2575
336
3225
2186
2349
2985
2185
1227
375
1495
2041
1354
1347
3107
2095
1495
1227
375
1495
2041
1354
1347
3107
2095
1495
1701
1495
2041
1347
3107
2095
1495
2420
440
2378
1130
2632
2299
1347
1130
3107
1149
2095
1854
1354
1909
362
2095
199
928
3092
2520
2592
2610
2661
802
2936
2249
2592
3091
508
1546
3079
1604
2249
1204
2124
2249
2512
2095
2249
2592
2185
1107
2520
1581
2841
2095
2891
3161
1008
986
2936
2249
2592
199
1413
1865
1488
1204
2124
986
2592
2610
280
2095
1987
1196
248
2195
1084
1495
2041
1347
3107
2095
1495
3091
1234
2602
2820
1495
2041
1347
3107
2095
1495
3150
2980
2578
2185
1414
2525
820
2525
2170
1414
2186
928
2416
87
1347
3107
2778
2095
2095
1121
1574
1752
3068
946
2537
2047
1645
1495
2041
3235
1234
1495
2041
1347
3107
2095
1495
142
2519
817
922
1227
375
1495
2041
1354
1347
3107
2095
1495
1227
375
1495
2041
1354
1347
3107
2095
1495
1347
3107
2095
1495
1347
3107
2095
1495
1354
1701
1495
2041
1347
3107
2095
1495
1347
3107
2095
1495
300
3134
1234
280
1655
607
2942
132
2908
2399
2203
884
2771
2792
51
1694
1954
401
790
2759
884
779
2431
1106
2231
1347
3107
2095
1495
228
1616
857
1106
2592
884
1422
559
268
2539
1414
2624
2430
475
2924
1618
1618
1618
2624
460
1618
2539
1618
541
1446
1650
2430
1650
2994
401
2948
2661
2948
2624
2122
2539
2948
470
1618
2948
2539
541
1446
2539
541
1446
2949
541
1446
1414
1581
2170
2013
1354
2204
2512
2639
159
2624
2681
844
2539
1571
2186
2927
3146
2948
2618
1354
1234
2455
280
2095
1241
1571
1873
1812
449
601
1347
3107
2095
601
814
2294
2639
3235
919
199
2427
2299
2690
2618
199
2512
2639
2420
1386
25
2551
2299
159
2618
1268
586
2690
25
928
986
32
83
2948
514
1462
2661
645
414
2948
2450
2273
2186
2441
418
2204
133
1419
1966
449
2291
2572
1645
1495
2041
3235
2512
2170
2343
2170
2343
1571
449
1347
3107
2095
1495
1602
590
780
587
2723
2360
2274
2360
1761
607
2095
1618
2186
2828
1788
2907
2266
780
2095
2942
458
2109
836
1414
2661
2186
2818
308
149
2907
2266
1374
1354
3078
2095
607
16
829
2751
2186
2416
149
1374
1227
375
1495
2041
1354
1347
3107
2095
1495
1340
1414
2572
2294
2830
32
1354
185
1557
1085
2001
1151
427
1674
974
1414
401
1707
1749
1707
401
1707
1749
2141
804
481
3255
1707
2817
2817
1413
3191
1414
813
1557
2455
1487
1414
408
1707
408
1414
717
1414
3026
2420
1557
659
1909
3107
2095
1085
308
3107
2095
1647
1085
1557
1736
989
801
408
1707
408
1414
1414
1085
408
1707
408
1414
717
1414
3026
2420
1557
659
1909
3107
2095
1085
308
3107
2095
1085
1085
408
1707
408
1414
1557
1347
1130
3107
1149
2095
3193
608
2902
2659
2980
2942
1954
2358
280
2095
553
2095
1354
410
2457
1623
1577
1623
2023
1130
2457
2195
2942
1326
1701
1385
3235
3095
2306
262
829
2698
2527
865
308
1064
3170
3079
2527
2198
986
2369
2243
1448
331
2419
1474
936
458
2095
1465
2802
460
458
2802
460
2941
2920
458
444
444
460
458
3014
444
1749
458
3128
3014
1749
458
444
460
1413
3128
3014
458
3128
2950
444
460
458
453
2223
2872
2950
458
1465
2223
107
2053
2592
458
2223
591
458
1465
2223
107
2053
2592
458
2223
591
460
2925
1354
1993
986
2095
1995
936
2386
2942
1413
1623
2454
594
2151
2053
790
2454
2565
910
2432
3146
2095
820
1414
2581
2095
3107
2095
2581
2095
2581
2095
2920
2581
2095
2616
2581
2095
1249
1817
2581
2095
2941
2352
2226
2581
2095
2941
2352
2221
2221
2581
2095
2941
2352
1557
108
2581
2095
490
1418
490
212
2907
490
490
2907
490
2985
738
1085
1085
2095
820
961
1414
2378
1315
20
2141
107
242
104
1414
408
2581
2455
1184
2512
1414
1414
490
1414
1295
557
1739
2872
446
1315
20
2223
2705
916
1815
1525
2719
1601
2942
1262
460
1909
782
1413
356
2832
3235
2069
28
2780
936
645
1916
2040
457
2579
668
557
936
458
2223
591
458
1465
2223
107
2053
2592
458
2223
591
458
1465
2223
107
2053
2592
458
2223
591
458
1465
2223
107
2053
2592
458
2223
591
458
1465
2223
107
2053
2592
458
2223
591
458
1465
2223
107
2053
2592
458
2223
591
458
1465
2223
107
2053
2592
458
2223
591
107
458
107
20
33
458
107
1368
33
2999
936
458
107
20
33
458
107
1368
33
2999
936
458
107
2402
2223
1348
458
107
2402
2223
1348
458
107
20
33
458
107
1368
33
2999
936
458
107
2402
2223
1348
1896
936
107
1629
2950
2705
2620
3181
1530
836
1815
1315
610
1990
800
1977
1952
2186
1354
936
781
1987
414
3150
2592
199
2195
761
1315
20
2141
2872
2095
1477
107
381
913
1769
2454
2095
1477
2872
936
2115
986
1995
2610
1461
199
2512
2095
1477
1414
69
2095
820
1414
2802
199
2661
1315
20
551
829
211
197
1633
1034
882
829
922
1354
1701
1495
2041
1347
3107
2095
1495
1340
2095
3119
884
2242
933
1354
3150
2095
2520
2198
1638
580
2087
2360
1618
2095
1187
2698
2632
1571
1618
1751
928
1414
2185
2095
557
1227
2991
541
1650
2994
1650
2994
2994
2994
1414
2386
928
1414
2185
2095
557
1227
2991
541
1650
2994
1650
2994
2994
2994
1414
2095
1187
916
3032
1618
20
2661
2880
1571
771
1618
2185
2386
251
1240
557
2249
212
1909
212
2402
2950
2249
2186
1409
33
2223
33
20
1815
928
705
2454
2095
1922
843
86
1354
2306
2890
2572
2908
557
2942
1909
2095
225
887
2095
3107
210
790
928
916
1815
2043
2632
1571
840
1618
1891
2336
1340
95
936
567
2095
2432
3146
107
567
2432
2115
2095
1477
3225
936
2150
1730
2432
2095
2226
2687
2828
1465
936
367
1032
1354
843
2203
790
2012
241
437
3168
2115
1184
2661
1573
88
936
2115
1184
2950
1815
622
2698
1354
1462
3174
1354
2223
2705
1634
2661
2095
1414
408
1645
2223
2705
107
1354
2223
2095
746
2420
1234
438
1501
1354
933
1354
2095
1772
2950
3151
928
2095
2872
2454
2095
2950
2223
2668
2095
1187
1413
3111
2420
1948
2056
557
936
2249
107
212
684
557
622
2950
2648
2223
525
986
901
936
107
936
458
2402
2095
660
458
2668
458
2402
2095
660
458
1769
2464
458
2668
458
444
2402
458
2802
2402
458
1465
2802
458
2802
2941
2920
458
444
444
458
3014
444
1749
458
3128
3014
1749
458
444
1413
3128
3014
458
3128
2950
444
458
453
2223
2872
2950
458
1465
2223
107
2095
2053
2592
458
2223
591
1465
2223
2223
901
581
2950
107
2095
2056
107
2223
2588
2056
1262
2056
2908
2592
108
2056
3003
108
2920
2226
2226
2056
2908
108
283
458
1909
108
1008
458
107
20
33
458
107
1368
33
2999
936
458
107
2402
2223
1348
458
107
20
33
458
107
1368
33
2999
936
458
107
2402
2223
1348
458
107
20
33
458
107
1368
33
2999
936
458
107
2402
2223
1348
458
107
20
33
458
107
1368
33
2999
936
458
107
2402
2223
1348
458
107
20
33
458
107
1368
33
2999
936
458
107
2402
2223
1348
458
107
20
33
458
107
1368
33
2999
936
458
107
2402
2223
1348
458
107
20
33
458
107
1368
33
2999
936
458
107
2402
2223
1348
458
107
20
33
458
107
1368
33
2999
936
458
107
2402
2223
1348
2872
2565
936
2581
2095
414
795
2095
820
1031
2093
594
2141
2115
645
2661
2460
117
1587
1995
1665
587
2095
20
2482
2243
92
1302
212
2402
2223
1645
33
2640
2913
1565
3063
1792
3167
2056
3003
2249
628
2705
1982
1187
610
1982
2206
2095
20
2902
2939
902
3095
854
588
2095
2186
2306
3161
1501
3095
20
2482
2942
280
817
818
1347
3107
2095
1495
1414
1987
2141
2095
820
2186
2909
2115
1031
2909
836
2195
1315
20
1347
3107
2095
1495
818
1347
3107
2095
1495
2454
2095
820
2454
2640
2581
2095
1623
2632
1645
2115
2872
1623
1541
3119
3027
2942
1326
2095
28
212
1253
438
2095
212
331
2825
3235
2512
405
2426
1262
544
1234
2420
2546
2704
3213
3095
1347
1130
3107
1149
2095
2872
557
928
2705
936
296
936
107
2095
1477
645
69
2095
820
2592
1618
2095
2226
2907
2226
212
2907
107
331
1729
936
296
936
107
2095
1477
645
69
2095
820
2592
1618
2095
2226
2907
2226
212
2907
107
331
645
1413
107
2053
1413
1517
217
936
1977
69
2095
820
2208
986
936
1546
2095
820
936
1414
936
331
1413
2095
107
331
2095
107
331
2053
1488
2936
2657
2592
1618
2095
2226
2907
2226
212
2907
3107
2095
107
2095
820
107
936
2536
107
2386
936
1977
69
2095
820
936
2208
935
3092
802
2095
820
936
1414
1413
936
331
3188
936
217
3174
3235
935
936
3092
802
2565
983
2095
1477
935
2095
820
936
436
2432
936
2095
1477
3092
936
2619
343
2095
749
1089
1581
2443
401
2999
2661
1354
810
3090
1977
557
78
1811
1368
2950
782
1815
2841
2186
2939
1748
2872
2565
2942
1462
594
2872
242
2266
2095
1414
2435
1174
2741
2817
2095
817
1347
3107
2095
1495
637
280
524
1347
3107
2095
601
2690
280
491
1354
1701
1495
2041
1347
3107
2095
1495
1347
3107
2095
1495
1347
3107
2095
1495
2919
1347
3107
2095
601
2919
817
1623
1495
2041
2954
2095
1529
155
1347
2095
882
1031
3235
3103
1982
2661
2430
1707
1707
1495
2041
1347
3107
2095
1495
1354
1701
1495
2041
1347
3107
2095
1495
1966
2306
1295
2841
2459
790
3161
887
2095
3107
210
790
2572
1995
2095
2294
1413
2432
804
840
2095
2920
1181
804
2872
854
1007
1414
1414
1345
840
2095
1345
1419
20
1414
1991
2841
3095
2095
2872
1227
2572
2661
2432
2432
2872
398
986
1008
2095
1995
199
1493
1461
1493
1638
2432
2872
2095
2872
2432
2185
541
444
476
2432
2872
957
398
2592
2124
1795
1730
2795
887
2095
3107
210
1890
2457
2095
1032
1703
541
2950
2698
2185
20
3235
3032
1684
2717
2574
2951
2427
2805
1230
3235
414
3003
3193
2095
2841
2872
2565
2095
2980
1034
2950
1638
199
2457
2186
2512
2939
52
914
2992
2984
344
607
2919
1347
3107
2095
1495
2919
296
1647
228
2909
1347
3107
2095
1495
2095
2095
2336
1735
1477
1169
3169
2097
585
2282
401
3169
2097
396
2095
836
2095
2785
2226
2097
396
1071
2095
374
375
1347
3107
2095
1495
2306
1604
3158
2942
1227
375
1495
2041
1354
1347
3107
2095
1495
280
1347
3107
2095
1495
607
958
1650
1925
1545
1347
3107
2095
1495
1227
375
1495
2041
1354
1347
3107
2095
1495
1541
1234
1354
1347
3107
2095
1495
3225
3235
2058
2097
2138
836
401
802
1612
2095
836
1311
1251
401
779
802
1181
1730
887
2095
3107
210
2453
779
1056
1340
1354
1413
1814
764
2095
836
2443
2785
2138
1529
836
1529
836
2420
2420
882
1414
2095
2785
2138
551
3107
2095
59
2785
25
3107
2785
2659
3121
2420
3107
2785
2659
3121
2420
2420
882
1414
2095
2785
2138
551
3107
2095
59
2785
2432
3107
2785
2659
2420
1530
2185
974
3107
2785
2659
3121
263
3235
2785
199
1252
2027
1966
1943
193
836
2785
1052
2095
2138
836
2785
654
1052
1510
2785
416
3155
2319
193
2785
922
1814
764
2095
2013
3095
1347
3107
2095
1495
3095
280
1891
2820
2336
2512
1958
3235
818
1482
2447
2161
1541
651
1340
1530
1495
2041
3107
2095
3107
2095
3235
2743
1414
2661
2592
1388
1388
1388
1388
738
462
738
462
570
1348
462
1472
1662
1472
1013
1662
1013
2096
2920
1662
2096
2920
1472
1662
1662
2127
1472
2127
1472
1662
2402
1472
2632
1662
2632
1252
2431
2980
2942
1118
1234
436
2001
2909
1749
2001
1909
1252
3128
1530
324
3252
460
1495
2041
925
953
1472
3176
378
2442
2661
299
1114
2127
3235
2613
2286
2999
3105
1851
2492
2127
2690
2601
436
1571
1365
1013
31
436
2001
3145
919
2001
2186
2550
1495
2041
436
2001
460
1462
2001
1340
1530
1495
2041
3107
2095
3107
2095
3235
2743
1414
2661
2592
1388
1388
1388
1388
738
462
738
462
570
1348
462
1472
1662
1472
1013
1662
1013
2096
2920
1662
2096
2920
1472
1662
1662
2127
1472
2127
1472
1662
2402
1472
2632
1662
2632
1252
2431
2980
2942
1326
3095
1118
2824
32
3206
2294
25
2430
25
2705
2492
1462
2087
1725
2430
2430
2430
2430
2430
2430
84
2294
1414
2430
541
3107
2095
2430
2430
541
3026
2262
2430
2430
25
2262
2430
2430
1414
2378
1650
136
1803
1557
1414
436
2609
1414
1414
436
1414
1234
1495
2041
1347
3107
2095
1495
1756
2902
2939
1977
3072
1414
3235
2231
2212
1650
25
2170
1608
1608
3231
802
563
1608
1608
2360
3049
1608
3206
2231
3252
159
919
449
1414
1650
2150
2150
1608
2150
3231
802
2150
2150
563
2150
1608
2150
1608
2150
2360
3049
2150
1608
2150
3206
2150
711
3193
2141
2980
2459
2095
460
3172
2150
460
2127
1191
2941
3026
2920
2170
2430
2698
460
3172
460
460
460
2150
460
2127
902
2941
2920
2170
25
1602
1299
1896
836
3193
3206
2231
3206
25
2214
503
3206
2430
800
2902
2939
1977
2384
2186
2872
3255
2296
3235
2810
3095
458
890
1234
3095
2942
2942
358
1234
2980
228
2942
458
1262
3235
3094
3095
2661
2095
2231
2632
2115
460
3172
460
460
460
2150
460
2632
2427
541
2127
2951
147
235
1340
1966
3235
3094
228
2942
104
681
104
1977
2155
1234
1618
1685
2170
684
94
645
2776
1660
1292
1424
1354
2186
3185
2442
495
1462
3092
684
1064
2819
1618
1594
2095
212
1227
375
1495
2041
1354
1347
3107
2095
1495
2785
2698
2314
1493
2167
2378
1354
2186
3181
2851
2785
2314
1630
3089
1313
336
1313
2186
1861
2023
1347
3107
2095
1495
1602
933
2909
2095
1894
378
2115
3248
2185
1571
2115
102
299
501
2941
1354
1701
1495
2041
1347
3107
2095
1495
1227
375
1495
2041
1354
1347
3107
2095
1495
1246
2095
1495
2041
1234
3107
1071
2142
1540
444
2311
1977
133
2445
2336
1612
1234
2336
2841
2752
1825
1647
2512
2185
280
1347
3107
2095
1495
1431
133
3003
841
2306
1462
1414
887
2292
3107
2095
2095
3211
2095
2095
2095
1414
2643
331
2759
212
336
901
2420
2420
635
782
1676
635
782
2378
1676
997
289
1846
292
1565
247
2204
1354
1252
2440
2095
199
2661
900
2925
1878
2151
2535
3235
3094
212
2151
331
520
2478
1227
375
1495
2041
1354
1347
3107
2095
1495
782
2430
1815
2150
2420
2546
1302
1181
1849
2358
1698
1354
2213
2881
1347
2715
789
2652
2157
520
1181
280
836
1495
2041
1347
2095
1495
2607
2095
686
2802
2223
902
590
201
1315
20
1234
817
91
2095
3234
943
1227
86
2881
86
70
2223
33
2653
2482
542
1315
20
3235
1302
1966
1977
1234
2095
1440
891
2095
1495
2041
449
1347
3107
2095
1495
50
904
2614
2719
1227
375
1495
2041
1354
1347
3107
2095
1495
1354
2648
1183
2402
2185
2648
1380
375
1227
375
1495
2041
1354
1347
3107
2095
1495
438
2319
1354
2719
3235
2292
189
974
2942
1227
375
1495
2041
1354
1347
3107
2095
1495
2687
2378
2651
2378
2040
2165
1701
623
2040
2165
3061
2040
2165
1966
2340
2185
1670
2592
3225
1259
408
2853
3041
910
2925
2095
1084
1530
2853
2185
1864
2512
11
2942
2930
3253
2239
2053
2448
2148
84
84
2691
22
1031
2095
917
1800
3068
2095
2033
2378
2355
2687
3129
1687
2471
3115
1018
2133
3193
1905
2482
2734
999
854
415
282
3174
1157
972
3012
1181
1006
1894
141
2378
482
1226
1727
1031
3235
2797
2550
2420
331
2546
331
405
2426
2348
2148
2532
2195
1006
1894
1227
375
1495
2041
1354
1347
3107
2095
1495
1835
1252
586
1749
1222
1667
1207
3165
1647
2306
2512
1516
3235
2948
1018
3165
2266
1667
1667
2893
1424
1424
2435
1527
1489
1738
2432
2254
3215
818
112
212
2893
931
2254
759
2941
3248
1184
2254
2893
107
1977
2254
1645
1916
2616
212
2120
2249
1252
1169
289
325
94
2095
600
1154
2616
1426
895
24
845
289
1414
1188
3235
1295
20
2095
20
2095
2657
1792
1089
1505
3165
159
268
1406
20
1195
1424
189
2643
587
3165
1527
3178
1359
398
2249
645
2350
1222
1355
545
289
1406
2619
3165
2942
1234
3225
3165
3225
2999
2619
1815
283
179
2620
268
3165
1143
3225
2619
818
1794
2185
515
1306
580
1647
580
3165
3003
2620
268
3225
2364
1196
2095
3165
2480
1792
336
1935
417
2985
1406
268
2432
2648
2350
1618
3165
1527
2195
146
283
1148
1660
825
1618
2819
2392
1489
339
2350
1424
2392
1252
1453
2947
2524
1252
1749
2306
2512
2186
2512
1313
3235
1346
283
1123
1131
502
2512
1512
606
3165
1309
1882
2698
3165
1123
2151
1516
3165
740
1886
1123
2151
2463
3165
2574
685
849
2151
1520
1882
1424
2392
1366
3076
3235
1346
325
283
1195
1424
2394
887
2109
2661
283
1426
283
3095
3235
149
70
2454
2785
70
1157
2920
2432
2226
2785
887
3107
210
2785
2785
702
2785
935
469
2785
1123
20
1696
2785
1977
1368
1837
520
935
1123
20
2785
2764
325
1123
20
283
3165
283
3165
1123
20
1489
366
2717
157
949
1602
1530
2707
3235
1262
557
2095
2785
107
228
2942
1181
2909
3235
2420
557
1123
1123
986
1560
583
283
1915
3079
2740
583
283
467
283
226
1123
2641
2053
2031
1123
2713
1227
2610
1977
2581
1977
2740
591
2740
1650
719
2936
719
2936
528
2780
1377
1355
1618
2785
2648
1123
3107
2095
107
2095
1227
738
331
2785
1123
2648
1123
738
331
2785
1123
2648
1123
2936
528
2780
1377
1355
1618
2785
2648
1123
3107
2095
107
2095
1227
84
1861
2785
3184
935
2432
2095
2785
107
2939
1859
84
1861
306
2839
1716
899
1354
3235
2155
2939
845
2013
2095
157
790
2717
2095
1413
1130
1995
2610
2186
926
3095
2095
2785
2139
432
2909
2095
1347
1130
3107
1149
2095
3235
2507
2785
1461
3089
331
84
1861
2053
1560
283
2872
772
2821
2432
2095
2785
107
3235
1526
283
1424
2121
1492
360
2053
3235
283
360
2785
1123
3235
283
2146
583
283
1560
2785
1602
199
2294
2785
2558
128
542
283
1123
3235
2041
1966
2095
2785
107
2186
1354
2785
1123
1424
20
2095
104
2764
2785
2095
380
2266
107
283
1227
375
1495
2041
1354
1347
3107
2095
1495
1340
1746
1252
669
1207
2161
1465
2306
1339
3220
2095
2942
637
280
1354
3235
615
1347
3107
2095
1495
1354
836
3235
2253
460
32
801
1851
2878
2127
520
2127
2127
2127
2150
2127
376
2127
2150
2592
2610
852
986
199
755
2420
986
2802
782
1870
2095
705
705
2095
705
705
2307
541
705
2307
541
705
2307
315
2307
315
2307
541
2307
315
541
2095
2095
2095
2095
2095
2095
2095
2095
705
2095
705
2095
705
2095
705
2095
705
2095
2802
2698
2802
2095
2698
212
212
2698
1870
587
2698
587
2095
449
1865
2168
3167
2095
1626
801
445
60
1749
3235
2941
32
1414
296
1977
2420
1018
2420
1413
1909
2420
1413
1909
2420
1413
1909
2420
1413
1909
2420
2223
782
184
708
2802
1413
3122
2455
1432
1861
3235
2306
1604
1354
836
2941
1870
2095
705
705
2095
705
705
2307
541
705
2307
541
705
2307
315
2307
315
2307
541
2307
315
541
2095
2095
2095
2095
2095
705
705
2095
705
705
2307
541
705
2307
541
705
2307
315
2307
315
2307
541
2307
315
541
2095
2095
2095
2095
2095
705
705
2095
705
705
2307
541
705
2307
541
705
2307
315
2307
315
2307
541
2307
315
541
2095
2095
2095
2095
2095
2095
705
2095
705
2095
705
2095
705
2095
705
2095
2802
2698
2802
2095
2698
212
212
2698
1870
587
2698
587
1966
1730
1748
2841
1562
2872
2928
1995
2095
199
2249
645
2095
358
296
1581
2095
1530
159
2927
801
2150
3167
436
2430
2430
2430
2430
20
20
282
1493
323
3247
1018
20
2430
2430
2698
2788
32
1544
2336
2420
2420
1018
1870
2095
2095
2095
2095
2095
2095
2095
2095
705
2095
705
2095
705
2095
705
2095
705
2095
2802
2698
2802
2095
2698
212
212
2698
1870
587
2698
587
587
1870
2095
2095
2095
2095
705
705
2095
2095
705
705
2095
2095
705
705
2307
2307
1749
1749
2095
2095
705
2095
2095
705
2307
315
2307
315
2095
2095
2095
2095
705
705
2095
2095
705
705
2095
2095
705
705
2307
2307
1749
1749
2095
2095
705
2095
2095
705
2307
2307
1749
1749
2095
2095
2095
2095
705
705
2095
2095
705
705
2095
2095
705
705
2307
2307
1749
1749
2095
2095
705
2095
2095
705
2307
2307
1749
1749
2095
2095
2095
2095
705
2095
2095
705
2307
705
2307
3172
3172
2307
2095
2095
2095
705
2095
705
2307
315
2307
315
2095
2095
2095
2095
2698
2095
292
2698
2206
2592
2610
2872
1461
199
1461
2095
1995
199
1354
1727
32
1894
2253
2127
376
2127
2150
3124
2378
862
1262
1045
2211
336
2095
1581
2619
1894
1800
2941
2915
2186
59
2095
199
539
2273
1483
2095
2698
199
645
3235
947
2274
2592
2610
2095
2841
1807
199
133
199
2095
1181
1862
2872
2095
2785
2610
2226
2029
2999
2249
2592
2610
1390
882
2454
804
1905
1294
1347
3107
2095
1495
1227
375
1495
2041
1354
1347
3107
2095
1495
1252
1069
3228
1234
3228
1227
3097
375
1495
2041
1354
1347
3107
2095
1495
103
2980
2698
2058
46
1861
1525
460
1347
3107
2095
1495
1701
1495
2041
1347
3107
2095
1495
280
1347
3107
2095
1495
1647
986
2785
2138
21
2785
193
570
2496
1647
1525
234
3235
1861
2328
2532
786
2785
478
2648
2249
495
2355
1290
1347
3107
2095
1495
1340
1629
2095
17
1687
950
585
2095
843
2698
1234
1354
1701
1495
2041
1347
3107
2095
1495
1642
1347
3107
2095
1495
1347
3107
2095
1495
3225
1227
375
1495
2041
1354
1347
3107
2095
1495
401
1533
1347
3107
2095
1495
1227
375
1495
2041
1354
1347
3107
2095
1495
1562
1641
2095
2785
1019
166
2095
2661
1084
2095
2823
2095
1084
1497
1701
280
1347
3107
2095
1495
1227
375
1495
2041
1354
1347
3107
2095
1495
76
2780
2581
2081
1252
2081
2385
764
405
2426
1870
1444
2307
3172
1647
2496
2496
2307
3172
2657
1407
2657
1407
2657
1407
2657
1407
3107
2095
2095
1638
2657
3107
2095
705
2095
1638
2657
3107
2095
705
2095
1638
2657
3107
2095
2095
1638
2657
3107
2095
2095
1638
2657
3076
2262
2938
334
259
1407
1407
3076
2262
2938
1407
1870
2262
1571
2938
1571
1407
1355
1407
1355
1407
1355
1407
1355
1407
1355
1407
3107
2095
2095
1638
2657
1355
1407
1355
1407
1355
1407
1355
1407
3107
2095
2095
1638
2657
3107
2095
2095
1638
2657
3107
2095
3107
2095
2095
1638
2657
3107
2095
3107
2095
2095
1638
2657
3107
2095
3107
2095
705
2095
1638
2657
3107
2095
3107
2095
705
2095
1638
2657
2307
1749
1749
1366
2657
1407
3107
2095
3107
2095
2095
1638
2657
3107
2095
2095
1638
2657
3107
2095
1916
2095
1638
2657
1288
1288
2657
1288
2938
1288
2657
2106
1288
2657
2106
2698
1288
2657
2106
2525
1288
2657
1366
2657
1407
1366
2657
1407
1366
2657
1407
2698
1366
2657
1407
2942
2872
2095
1089
2980
472
2719
1354
1015
1227
375
1495
2041
1354
1347
3107
2095
1495
1656
2058
2249
35
2661
779
2206
3027
2222
2058
2250
2980
646
396
2210
401
2872
2095
1089
3235
2810
1354
2706
3134
2512
2735
2657
2661
1204
2436
1008
2095
1089
1954
1354
472
2719
1530
322
2023
2942
1983
280
1347
3107
2095
1495
1701
2866
1958
1810
1576
2185
1227
375
1495
2041
1354
1347
3107
2095
1495
1084
1656
1495
2041
1227
375
1495
2041
1354
1347
3107
2095
1495
3010
607
1630
3089
1749
2619
2661
2659
3187
795
3057
94
2664
1256
2664
801
1256
2208
2281
795
2043
2381
526
1301
1317
3187
2717
2629
884
1347
3107
2095
1495
56
184
2980
280
836
1413
970
2980
2306
999
2206
722
2223
782
986
130
1493
2802
1701
1495
2041
1347
3107
2095
1495
1525
2832
2832
925
1288
2087
1
986
2876
2786
2581
200
3004
2273
2375
1234
866
1354
405
2426
3119
1861
1525
3004
2575
3119
2223
3235
1234
1354
999
2170
3213
1665
1495
2041
449
1347
3107
2095
1495
2980
3225
1404
90
1462
3225
2614
537
2614
2358
1404
2820
918
1227
375
1495
2041
1354
1347
3107
2095
1495
2407
2095
2294
2810
250
587
2857
1206
590
1395
2420
1630
2378
806
163
2656
3235
3004
1227
375
1495
2041
1354
1347
3107
2095
1495
2942
280
817
1422
3235
601
280
280
2249
817
1340
1354
280
1347
2095
1495
3212
2459
933
986
681
1354
936
936
917
2950
3181
2095
1413
2420
2950
3151
453
936
1987
2095
1084
1084
1987
2900
20
2223
1243
1059
158
1413
3012
235
3134
2939
1414
33
744
222
1749
3172
1618
3172
2593
744
1321
222
541
1618
481
2127
917
2950
591
902
2095
2661
936
1987
2872
1618
20
2223
1815
2095
2648
2579
1031
176
1354
2294
1057
2802
3235
2698
1758
2872
795
1354
2704
2651
913
237
444
2632
2698
2592
1129
347
2872
199
2567
2872
2742
1422
3235
176
2942
1252
2066
235
2625
3095
2378
1318
3088
1525
590
3095
790
280
1347
3107
2095
1495
607
585
1422
1252
2902
2537
1800
1318
2336
444
1348
2619
1414
1909
913
237
444
2332
1413
644
199
33
20
2223
237
444
2186
2249
3094
280
2619
2095
3095
280
1497
1354
438
2572
2249
2360
2567
801
2107
2999
2223
2618
1063
768
2223
20
3181
782
774
2203
2223
20
3181
3181
768
3235
836
836
2821
795
2802
3235
2942
460
460
2163
33
2319
1354
3150
1414
3235
3094
1252
2908
2420
2223
20
3181
458
782
2698
587
551
3107
2095
2802
2739
590
444
1525
2223
591
201
2095
591
2025
2661
2360
2043
3107
2095
3107
2095
3107
2095
705
1063
1254
3235
2821
2546
2420
3184
2360
1661
1354
3235
1497
375
20
2223
637
590
2661
75
1061
1975
199
2567
1686
20
2866
2567
2367
20
2223
2678
3235
1499
1254
2820
250
366
2204
2625
1861
3235
2360
2567
801
2999
597
779
1009
2942
3011
3183
1344
817
802
902
2138
836
1227
375
1495
2041
1354
1347
3107
2095
1495
2537
1462
1423
2919
1347
3107
2095
601
2980
2294
1246
904
1862
2485
211
280
1347
3107
2095
1495
607
660
3158
1347
3107
2095
1495
1701
1495
2041
1347
3107
2095
1495
1340
588
2186
947
607
2942
588
3174
1618
2619
1438
2759
2053
1618
206
2095
2648
1021
1346
3095
1870
3107
2095
619
3107
2095
619
842
3107
2095
619
3107
2095
619
842
3107
2095
619
3107
2095
619
842
3107
2095
619
3107
2095
619
842
3107
2095
619
3107
2095
619
842
3107
2095
619
3107
2095
619
842
3107
2095
619
2095
551
3107
2095
619
2095
551
3107
2095
619
2546
2420
842
2420
3061
619
2420
3061
619
3235
557
770
86
1169
2095
551
3107
2095
619
2095
551
3107
2095
619
2546
2420
2420
3061
619
1227
375
1495
2041
1354
1347
3107
2095
1495
52
1413
2482
1354
1701
1495
2041
1347
3107
2095
1495
1977
1222
199
3201
3235
607
1414
922
3079
1227
3068
2661
3079
2042
986
1995
199
1227
2087
3068
607
240
1889
1340
2186
947
3068
1930
1995
949
2095
637
595
2095
550
2287
1462
2332
1071
3095
280
2942
2537
2832
1942
585
1347
3107
2095
1495
1454
2521
2942
358
1234
637
2683
2095
1347
3107
2095
1495
1227
375
1495
2041
1354
1347
3107
2095
1495
375
1495
2041
1354
1347
3107
2095
1495
3095
3169
3026
1414
1623
2976
321
2934
2743
1043
321
2934
2127
321
2632
2420
107
107
2223
444
1870
2201
3107
2095
2533
705
3107
2095
2533
705
3107
2095
2533
705
2307
541
705
2307
541
705
2307
315
2307
315
2307
541
2307
541
3107
2095
2533
705
3107
2095
2533
705
3107
2095
705
3107
2095
705
3107
2095
1735
3107
2095
3107
2095
3107
2095
3107
2095
1735
3107
2095
3107
2095
3107
2095
1735
3107
2095
3107
2095
3107
2095
3107
2095
2223
2698
2223
3107
2095
107
107
2698
107
212
2698
1870
587
2698
587
1414
1347
3107
2095
1495
1227
375
1495
2041
1354
1347
3107
2095
1495
1701
1495
2041
1347
3107
2095
1495
2095
1588
2657
2097
2095
1588
840
1588
449
2057
1933
1588
1581
2095
1588
669
840
1588
2095
2738
2955
882
2186
224
16
2738
3068
1588
2520
1414
669
1588
2698
1414
2294
2389
16
2097
2970
1533
1084
1769
3050
2095
1588
2319
1049
2698
1571
1340
1347
3107
2095
1495
1792
2306
873
2336
2185
358
640
1386
846
2185
884
1602
3225
141
1048
687
425
687
2081
2206
460
2980
2186
2980
224
206
379
1602
2206
933
2316
1792
460
1084
844
425
1354
1701
1495
2041
1347
3107
2095
1495
1966
1597
1048
408
3140
425
408
1143
957
1031
3158
2543
3235
1048
687
425
687
295
1977
3158
2510
1354
2306
1905
2942
189
1604
687
1008
1048
408
2039
2274
2939
282
2449
395
2532
2326
944
1008
1048
408
933
957
705
2186
1067
3140
425
408
1966
425
408
1147
1355
2581
2565
1347
1414
2735
259
1149
2735
702
1355
3225
1650
1623
2542
2820
395
1355
425
408
1571
919
1252
1981
1546
189
2643
2319
295
2521
2306
50
1252
2195
2247
2249
817
887
212
2964
525
2306
2512
52
2708
401
2785
2138
2029
2319
1906
2358
916
2708
922
590
779
1411
2329
999
922
1354
3007
2785
401
1227
375
1495
2041
1354
1347
3107
2095
1495
2537
2643
374
2661
1413
1854
3095
1701
1347
3107
2095
1495
2698
2942
438
1495
2041
1234
3095
51
2063
1234
51
1347
3107
2095
1495
1347
3107
2095
1495
1414
2581
2095
3107
2095
2581
2095
2581
2095
2920
2581
2095
2616
2581
2095
1249
1817
2624
2539
1235
1235
2539
2127
1870
1870
3107
2095
2624
705
705
2624
2307
3172
3172
3107
2095
2624
705
2624
2307
3172
3172
3107
2095
2624
2624
3107
2095
2624
3107
2095
2624
705
2624
3107
2095
2624
3107
2095
2624
705
2624
3107
2095
1735
705
3107
2095
1735
705
2307
292
2307
292
2307
2307
292
3107
2095
3107
2095
705
3107
2095
705
3107
2095
1735
3107
2095
3107
2095
3107
2095
3107
2095
2223
2698
2223
3107
2095
107
107
2698
107
212
2698
1870
587
2698
587
2186
324
1512
1982
2698
1894
1618
3107
2095
2810
3107
2095
1413
358
1234
1347
3107
2095
1495
2521
502
1726
739
1647
3079
881
2614
36
2795
887
210
3113
210
2659
1355
2614
2170
66
2484
224
2379
2304
1413
2651
2832
2016
2978
480
1529
1347
3107
2095
1495
2304
801
2942
973
681
2057
1529
1367
2512
460
1367
2601
280
1347
3107
2095
1495
3128
1075
2651
2789
606
1818
2339
2575
2633
526
1618
690
1653
1516
1529
881
1413
759
1619
2659
141
1413
310
998
1969
526
2185
2661
460
1124
1181
224
1169
2659
3235
1432
2633
526
1618
1800
1619
715
1618
2633
526
526
1462
1696
1618
579
2186
1254
999
901
259
2185
881
2185
1920
526
2095
2851
111
1957
1098
1969
882
1532
759
480
2851
1618
2818
2095
2489
1618
2273
896
1653
1618
2186
475
1618
3107
1355
501
2450
1583
828
1354
293
1893
2294
2737
1275
881
1130
3029
322
384
882
523
2740
2266
405
2426
1181
570
224
2651
854
84
1861
401
3092
370
2095
323
1183
78
779
1906
2726
1457
2657
2249
2657
1551
2141
2095
1345
2648
2648
2698
779
2525
1647
1018
3006
2657
1551
1889
2141
1414
2817
2648
2206
782
2740
1216
210
401
669
2095
323
1183
78
935
2657
1551
949
820
2299
2660
1084
2648
2095
1084
1977
1794
2243
3212
1253
1795
2231
933
2825
2651
1253
2003
2824
2841
2319
308
982
2095
1084
3092
1954
1849
1414
2880
779
1906
3184
221
1995
779
2660
1354
3235
2661
2275
78
2249
1093
817
922
2087
3235
922
119
3206
1751
2459
375
2185
2095
1638
669
396
2095
3235
1861
2401
1650
658
2243
444
1794
786
1414
2605
1954
1116
1414
2564
1355
2185
3107
1127
3107
2095
3107
2095
2659
3107
2095
2659
3107
2095
2659
3107
2095
2659
159
159
3107
2095
2659
159
460
1127
1127
1127
460
551
1085
460
3020
460
570
481
1493
3193
408
1618
2185
1018
3020
460
460
1085
1127
458
1283
1345
1085
2185
2822
2201
2201
541
2822
1127
458
1085
378
3121
2127
2201
2201
1127
458
1085
378
179
3121
2127
1127
458
130
1345
842
1085
2185
2185
1085
2185
2201
2201
2201
2201
436
2201
2201
2690
2201
2201
2201
2201
2201
2201
159
1085
2201
2201
436
2201
2201
2690
1085
1650
1085
1650
2075
2994
1085
1085
1085
2994
2075
2075
1085
2994
2201
2075
2201
2075
2201
2201
2201
2201
1414
585
1414
3235
2698
779
669
2525
2564
460
2095
2208
408
2095
408
2657
323
2657
669
779
323
669
887
779
3107
1906
887
2198
887
779
3107
1906
887
779
3107
779
2564
836
524
836
2923
2657
2923
2713
2713
887
779
3107
401
1047
3107
779
779
1776
1047
836
836
790
259
259
2732
2732
790
1047
1047
779
2097
1047
790
2032
993
2564
460
993
2032
2657
323
790
1047
401
594
669
401
669
401
594
323
836
836
2540
460
2540
3107
2095
2095
1638
836
836
2540
78
2540
3107
2095
2095
836
836
1557
2657
1557
2540
78
2540
836
836
1557
1906
1557
323
1558
1348
1558
1348
887
2766
1355
654
1558
669
1894
1618
235
1354
933
1227
1721
2559
2247
2759
901
3107
2095
2659
705
3107
2095
2659
705
2307
292
2605
418
3068
1414
3107
2095
3107
2095
2659
3107
2095
2659
3107
2095
2659
3107
2095
2659
159
460
551
1085
2095
2095
2148
408
2657
2654
2657
1085
408
2828
2201
1650
2201
2201
2581
2632
1085
2201
2201
436
2201
2201
2690
1085
2201
2201
2201
2201
1414
587
551
458
2600
2950
2668
2464
3107
2095
2802
2739
590
444
1525
2223
782
184
1453
1525
1525
2208
1870
3107
2095
2659
705
3107
2095
2659
705
2307
292
2307
2307
2307
1971
1402
1402
2307
315
1402
1402
2307
315
1402
1402
2307
2307
2307
2307
2307
2307
3107
2095
705
3107
2095
705
3107
2095
705
3107
2095
705
3107
2095
3107
2095
2223
2698
2223
3107
2095
107
107
2698
107
212
2698
1870
587
2698
587
936
3107
2095
3107
2095
3107
2095
705
3107
2095
705
2307
315
2307
315
3107
2095
3107
2095
705
3107
2095
705
1204
1204
3107
2095
3107
2095
1916
1288
1288
2938
2106
2106
2698
2106
2525
2698
1354
928
32
2802
3110
1619
2185
78
1909
1413
1262
1414
51
1861
2380
731
914
449
1529
1446
1674
3235
836
1354
836
2521
2661
2698
199
1943
396
2346
2478
779
418
1826
2661
2095
1084
241
2661
2247
1465
3206
1656
2329
2453
986
296
2578
928
1074
2095
2410
1658
986
1174
2095
1084
1350
1431
2213
1462
2453
986
2648
3107
2056
1234
1354
882
1619
836
2095
435
2095
1084
1423
1785
2095
961
199
1084
2660
1634
2756
32
1414
2195
930
916
1715
1414
3003
32
969
2095
2410
779
2459
32
2993
2095
199
1074
2095
2410
2206
2459
32
2592
2095
199
1772
3206
933
2095
2292
2095
1084
117
1772
1977
199
1084
2876
3235
1130
2618
375
2661
749
2713
199
1414
2690
1414
3107
2095
2659
3107
2095
2659
159
436
2690
3107
2095
2659
159
436
2690
2127
1414
438
2733
1116
1982
536
836
910
401
2939
528
1527
401
1417
2610
2734
3095
3235
2041
1234
1926
3196
1354
2231
2463
1855
2726
2003
585
297
197
922
2942
2195
2247
974
458
782
2698
2632
460
587
551
3107
2095
2802
2739
590
444
1525
2223
782
184
1453
1525
1525
2208
1870
3107
2095
2659
705
3107
2095
2659
705
2307
292
2307
2307
2307
1971
1402
1402
2307
315
1402
1402
2307
315
1402
1402
2307
2307
2307
2307
2307
2307
3107
2095
705
3107
2095
705
3107
2095
705
3107
2095
705
3107
2095
3107
2095
2223
2698
2223
3107
2095
107
107
2698
107
212
2698
1870
587
2698
587
936
3107
2095
3107
2095
3107
2095
705
3107
2095
705
2307
315
2307
315
3107
2095
3107
2095
705
3107
2095
705
1204
1204
3107
2095
3107
2095
1916
1288
1288
2938
2106
2106
2698
2106
2525
2698
375
2247
3235
2698
974
2217
1414
3211
408
2095
2247
3211
2095
824
551
460
1458
2249
2095
2148
972
2095
2249
2148
3110
1477
2101
2698
1414
2186
2247
854
1750
91
3128
3232
1571
1183
3095
2891
3161
1577
1227
375
1495
2041
1354
1347
3107
2095
1495
2095
283
3136
1354
1440
2577
637
2294
2378
2095
2941
2426
331
3003
1191
986
2802
1414
2249
3242
2936
2698
32
1414
1461
1414
458
1465
2802
2951
2426
1468
926
1230
2445
2426
986
2872
2426
2131
2872
2426
782
2872
458
2802
2951
2941
2920
458
444
444
2951
458
3014
444
1749
458
3128
3014
1749
2056
444
2056
3128
1749
458
444
541
1413
3128
3014
2056
444
458
3128
2950
444
541
2056
3123
2950
2872
458
453
2223
2872
2950
2056
2588
2056
944
1249
1172
2053
2592
1461
2592
2426
1468
926
1230
2445
2426
986
2872
444
2426
2131
2872
2426
782
2872
2056
2713
458
1465
2223
107
2053
2592
458
2223
591
2426
1468
926
1230
2445
458
1465
2223
107
2053
2592
2426
986
2872
444
2426
2131
2872
2426
782
2872
458
2223
591
2426
1468
926
1230
2445
2426
986
2872
444
2426
2131
2872
2426
782
2872
458
1462
377
2950
1948
733
2223
2426
1468
926
1230
2445
2426
986
2872
444
2426
2131
2872
2426
782
2872
458
107
733
2588
458
2087
1769
107
458
2600
2056
2588
2426
1468
926
1230
2445
2426
986
2872
444
2426
2131
2872
2426
782
2872
458
2208
449
733
1749
1849
2426
1468
926
1230
2445
2426
986
2872
444
2426
2131
2872
2056
2713
2426
782
2872
458
1465
2223
107
2053
2592
458
2223
591
2426
1468
926
1230
2445
2426
986
2872
444
2426
2131
2872
2426
782
2872
2056
2713
2420
108
3089
2056
2040
2165
919
1414
1354
2420
1191
2095
1581
1414
458
258
108
3089
458
258
108
3089
458
449
283
20
2287
458
449
283
20
2287
458
449
283
20
2287
458
2402
660
458
2668
458
2668
458
2402
660
458
2600
2950
2668
2464
458
444
2951
2402
458
2802
2402
2951
458
1465
2802
2951
458
2802
2951
2941
2920
458
444
444
2951
458
3014
444
1749
458
3128
3014
1749
458
444
541
1413
3128
3014
458
3128
2950
444
541
458
453
2223
2872
2950
458
1465
2223
107
2053
2592
458
2223
591
458
1465
2223
107
2053
2592
458
2223
591
458
1462
377
2950
1948
733
2223
1948
733
2223
458
107
733
2588
458
2087
1769
107
458
2600
458
2208
449
733
1749
1849
458
1465
2223
107
2053
2592
458
2223
591
458
1465
2223
107
1461
2592
458
2223
591
2420
108
3089
1414
776
1113
2610
1414
69
2095
684
820
776
2226
1414
438
1326
1227
1749
1130
1364
845
2306
764
259
1414
1227
1749
1440
2056
1227
375
1495
2041
1354
1347
3107
2095
1495
1347
3107
2095
1495
1071
1701
2095
3167
1127
3167
1127
3167
2056
1477
3167
1127
1477
3172
2127
581
28
3131
2127
2127
802
1645
2102
622
802
1645
2102
622
802
1645
2102
622
802
1645
2102
622
802
1645
2102
622
802
1645
2102
622
802
1645
2102
622
802
1645
2102
622
802
1645
2102
622
802
1645
2102
622
802
1645
2102
622
802
1645
2102
622
802
1645
2102
622
802
1645
2102
622
802
1645
2102
622
802
1645
2102
622
802
1645
2102
622
802
1645
2102
622
802
1645
2102
622
802
1645
2102
622
802
1645
2102
622
802
1645
2102
622
802
1645
2102
622
802
1645
2102
622
802
1645
2102
622
802
1645
2102
622
802
1645
2102
622
802
1645
2102
622
802
1645
2102
622
802
1645
2102
622
802
1645
2102
622
802
1645
2102
622
802
1645
2102
622
802
1645
2102
622
802
1645
2102
622
802
1645
2102
622
802
1645
2102
622
802
1645
2102
622
802
1645
2102
622
802
1645
2102
622
802
1645
2102
622
802
1645
2102
622
802
1645
2102
622
802
1645
2102
622
802
1645
2102
622
802
1645
2102
622
802
1645
2102
622
802
1645
2102
622
802
1645
2102
622
802
1645
2102
622
802
1645
2102
622
802
1645
2102
622
802
1645
2102
622
802
1645
2102
622
802
1645
2102
622
802
1645
2102
622
802
1645
2102
622
802
1645
2102
622
802
1645
2102
622
802
1645
2102
622
802
1645
2102
622
802
1645
2102
622
802
1645
2102
622
802
1645
2102
622
802
1645
2102
622
802
1645
2102
622
802
1645
2102
622
802
1645
2102
622
802
1645
2102
622
802
1645
2102
622
802
1645
2102
622
3107
2095
2659
2170
802
1645
2102
622
802
1645
3107
2095
2659
2170
2102
622
802
1645
2102
622
802
1645
2632
2102
622
802
1645
2102
622
802
1645
2102
622
802
1645
3107
2095
2659
2170
2095
2102
622
1197
2127
2127
802
1645
2102
622
802
1645
2102
622
802
1645
2102
622
802
1645
2102
622
802
1645
2102
622
802
1645
2102
622
3107
2095
2659
2170
802
1645
2102
622
802
1645
3107
2095
2659
2170
2249
2095
746
1895
2132
601
2832
601
601
1399
1612
601
2912
162
1977
746
162
253
2616
2597
209
28
1395
2572
746
453
2133
2231
57
1354
846
1234
1645
1495
2909
1347
3107
2095
1495
2389
2204
1347
3107
2095
1495
2195
2520
2133
936
557
2095
936
28
1414
2426
2095
1288
3167
1650
1468
926
1230
2445
458
33
2396
587
3167
1650
2600
2950
2668
2464
2426
2095
1288
3167
1650
986
2872
444
444
2426
2095
1288
3167
1650
2131
2872
444
2426
2095
1288
3167
1650
782
2872
2056
2095
1288
3167
1650
444
2056
2095
1288
3167
1650
3128
1749
444
444
2056
2095
1288
3167
1650
444
2056
2095
1288
3167
1650
444
2426
2095
1288
3167
1650
1468
2664
1413
1453
2218
710
2426
2095
1288
3167
1650
1468
2664
1413
1453
2218
710
2426
2095
1288
3167
1650
1468
2664
1413
1453
2218
710
1414
358
1234
2206
1113
1990
2546
3174
2868
1525
2640
1529
2095
1582
2651
356
1859
2950
1209
497
2063
1541
39
2950
22
1993
2572
2206
1113
2610
1169
2306
1730
957
1837
280
2095
1234
2608
557
1703
2920
588
2651
2369
28
1414
571
2226
1414
2802
2110
2420
2802
2507
2802
2420
1414
2206
1113
755
2872
2920
1169
936
2817
571
2780
2950
2950
1209
497
2661
2095
2053
1618
2175
475
1993
2907
2950
2355
936
1
2802
776
1113
2610
2206
776
1113
1571
2206
1113
2610
436
1571
2186
3233
2927
2619
2907
2095
2579
2802
902
2443
2297
1052
1187
2916
2186
453
60
1571
1234
1414
472
436
1085
1414
884
3223
989
306
1957
1661
60
3235
360
2223
444
786
2316
1031
1769
1794
957
2637
1414
1990
2063
2950
1209
497
1414
1213
1
2950
986
2198
2802
2950
986
1525
2223
94
1977
2355
444
2950
986
2950
2146
39
2950
986
2206
1113
2610
1541
2195
1529
3175
28
1227
375
1495
2041
1354
1347
3107
2095
1495
1340
3235
883
1462
3094
1354
2782
1995
199
1993
928
2095
2358
1227
375
1495
2041
1354
1347
3107
2095
1495
1966
280
1453
1533
2942
1234
3235
460
2482
1354
401
2186
2785
1751
366
601
3235
460
1562
1340
2624
3102
2009
1861
107
1252
1234
1354
1792
3102
2009
2927
2027
936
2013
2453
2445
1354
2854
326
1227
375
1495
2041
1354
1347
3107
2095
1495
1227
375
1495
2041
1354
1347
3107
2095
1495
817
1084
2163
986
460
1718
1008
1347
3107
2095
1495
151
1354
1557
2547
3175
3095
826
91
1347
3107
2095
1495
1347
3107
2095
1495
375
1234
1347
3107
2095
1495
1701
1495
2041
1347
3107
2095
1495
1642
1234
1347
3107
2095
1495
873
3095
1234
1947
453
1662
2096
2920
1650
228
1354
1354
1701
1495
2041
1347
3107
2095
1495
1071
1354
1347
1130
3107
1149
2095
1413
3122
3124
1822
1401
1414
2532
425
408
614
754
1184
2581
1545
2532
460
2194
1530
1414
2095
2306
1645
124
3158
2095
2520
2103
2095
1084
3090
790
1987
2095
2085
1390
1347
3107
2095
1640
2249
210
199
1965
2512
790
281
1347
3107
2095
1640
2249
210
790
210
1347
3107
2095
1495
1031
3235
2512
2380
2095
1084
2578
2186
1032
2872
1663
2095
1987
3235
2872
1151
2872
1204
1623
2043
2095
1987
2095
2085
3091
336
508
2962
1749
1987
2349
149
2349
2394
2162
2704
2150
2546
3092
2095
2520
1659
2133
790
1987
3235
2872
2095
2085
802
1587
1477
836
1413
1227
375
1495
2041
1354
1347
3107
2095
1495
2936
2095
1587
1340
2420
836
2097
2936
2095
2520
2420
458
1792
2701
458
1792
2550
458
2815
1038
1038
882
2701
2348
2872
882
2550
2348
2872
458
1488
458
1465
2420
725
1770
2420
587
2095
1288
130
2095
1870
289
1790
2254
1571
750
107
289
1790
2254
1169
1557
159
1676
997
289
1676
997
289
3076
2262
1571
3076
2262
3076
2262
1870
2262
1288
705
705
1288
1288
705
1288
705
1758
1288
1676
705
1676
705
2307
541
705
2307
2307
2307
2307
2307
541
1676
1676
134
1676
1916
1288
1288
2938
2106
2106
2698
2106
2525
2698
458
130
1676
684
458
1676
684
2786
1250
1371
1676
458
2786
458
2786
2420
551
2420
1300
168
1676
1300
168
1676
1676
1676
296
1676
1288
296
1288
296
1288
296
1288
705
1288
705
3107
2095
3107
2095
3107
2095
705
3107
2095
705
3107
2095
705
2307
3172
3172
3107
2095
3107
2095
3107
2095
1623
3107
2095
3107
2095
2619
3026
2619
3026
2619
3026
2619
3026
2619
3026
3026
3026
2150
3026
3076
2262
1571
3076
2262
2938
3076
2262
2938
1870
2262
1571
2938
1571
3107
2095
2690
3107
2095
2041
3107
2095
3107
2095
3107
2095
3107
2095
3107
2095
3107
2095
802
3107
2095
705
3107
2095
705
3107
2095
3107
2095
3107
2095
3107
2095
2053
705
705
3107
2095
3107
2095
3107
2095
3107
2095
3107
2095
2053
705
3107
2095
2053
705
3107
2095
2550
2185
3169
1906
1414
2095
669
3169
3169
836
3169
836
836
289
289
1414
1966
2294
1990
3235
2294
2313
2093
986
1685
3079
607
2816
1321
2913
1455
3122
2459
2206
706
2902
2203
1582
3012
3174
1422
2537
557
2249
1276
836
2097
2936
2095
3169
84
1127
458
3026
2095
2097
396
3169
166
961
1948
1413
2186
1909
1127
3107
790
1948
2306
2494
2581
2455
1948
887
3167
3107
458
1948
702
3169
3189
1909
3167
2661
790
2657
2185
2148
1656
885
2097
2732
2095
2097
524
2657
3169
594
458
3167
2661
790
2657
2185
2148
1656
885
2097
2732
2095
2097
524
2657
3169
594
1948
262
475
1366
793
2661
1089
2623
1948
1322
2395
46
2661
801
1948
2872
2095
2592
1357
409
46
458
2095
1792
2701
458
2095
1792
2550
458
2095
2815
1038
1038
882
2701
2348
2872
882
2550
2348
2872
458
1488
458
1465
2420
1288
725
1770
2420
587
2095
1288
130
2095
1870
289
1790
2254
1571
750
107
289
1790
2254
1169
1557
159
1676
997
289
1676
997
289
3076
2262
1571
3076
2262
3076
2262
1870
2262
1288
705
705
1288
1288
705
1288
705
1758
1288
1676
705
1676
705
2307
541
705
2307
2307
2307
2307
2307
541
1676
1676
134
1676
1916
1288
1288
2938
2106
2106
2698
2106
2525
2698
458
1676
130
1676
684
1276
2687
289
961
289
2657
2657
841
257
3080
2975
2051
1347
3107
2095
1495
289
2657
1734
2206
928
2097
1276
836
2058
2097
1276
289
2657
1734
779
2321
1184
1227
375
1495
2041
1354
1347
3107
2095
1495
1530
836
2980
2698
2980
2095
882
2698
1604
314
3091
928
2454
2149
790
2206
3018
887
2032
3107
1638
3211
3211
3211
1598
3225
2149
2925
1765
280
2095
2358
2502
544
2240
1354
1453
283
836
1530
401
1772
2095
836
2459
2572
1414
224
1497
3107
2095
1495
3095
2095
280
2294
2407
3095
91
1227
375
1495
2041
1354
1347
3107
2095
1495
2824
329
1354
370
2095
3079
485
854
2095
1078
2832
3136
2151
417
3181
703
1078
336
108
1413
1618
1105
2592
2810
2174
1618
107
2318
1105
2592
2131
1618
2592
974
3079
854
2950
2318
2810
2950
2318
859
370
1752
1775
818
2378
2442
417
2095
2598
227
2131
88
3194
1426
2942
1647
224
432
1849
1130
2142
2095
2502
706
1340
1252
1414
215
840
2950
1413
2950
2825
3235
2980
2243
444
2161
1252
3128
2942
1345
2876
296
475
1618
1465
444
1473
892
2647
1465
2876
199
1867
1391
1413
1817
1461
449
1882
2095
2289
1551
1929
986
2785
2095
590
1533
2661
2151
502
336
1618
2592
2950
206
3079
2876
2734
1354
280
1347
3107
2095
1495
316
2542
3122
703
702
807
1406
2095
2575
2170
262
2619
961
1347
3107
2095
1495
2816
1302
1587
1477
263
2095
1647
268
1772
961
2170
1057
881
961
3225
2170
2195
2619
902
184
2095
2097
2657
3225
1143
872
2785
3169
1157
2351
378
1623
961
3225
2170
961
2337
2699
1393
1259
2902
2841
970
1181
280
1151
2512
1302
2841
720
277
2512
1302
2930
401
2813
2300
911
280
33
2095
2095
1354
2407
2023
1525
2447
2950
1851
520
2950
2668
962
2722
1977
913
2095
2820
444
458
1462
444
1162
2095
764
3085
801
1966
91
1327
2378
3085
102
444
1462
2683
2198
2643
1358
2750
224
296
2223
444
495
658
588
913
444
1462
1121
1645
444
2668
2375
1234
2851
444
1462
279
1347
3107
2095
1495
2909
1414
821
1730
2711
2690
2053
320
1501
587
1455
571
587
1004
2053
3158
1347
3107
2095
1495
1354
1701
1495
2041
1347
3107
2095
1495
2942
2909
2095
930
2719
2939
2248
2419
1097
2449
804
1097
1414
2394
3026
2420
213
2432
2198
2206
1414
280
1849
836
1354
1701
1495
2041
1347
3107
2095
1495
1623
1495
2041
2472
1347
3107
2095
1495
1347
3107
2095
1495
678
1252
1970
2625
1752
2058
323
440
1752
2625
2923
2581
2377
2873
669
1526
32
2095
2971
2745
2058
2657
1252
1970
887
887
887
477
887
311
1810
884
2266
2512
1966
2980
2907
1602
1354
884
2494
2095
1345
2206
928
2454
1676
1300
2907
802
1650
2629
884
2432
1744
2013
405
2426
289
289
585
289
2704
458
2676
2107
74
2907
972
862
1792
836
2854
2358
1093
3235
360
1262
462
1462
1696
199
1057
1525
2629
884
2063
902
460
2095
396
2095
2249
2097
1336
2592
1130
836
396
818
836
2097
1336
2592
1647
2058
1354
2095
2751
615
836
786
35
1354
2782
2900
1488
2022
2420
884
2453
779
323
599
2358
2062
1212
599
2095
460
902
2062
2420
599
2095
460
1617
323
3107
836
836
2659
3107
2095
2095
1638
836
836
1544
2336
2048
2031
2604
2161
2900
637
2625
1803
1861
279
323
2129
942
942
2919
2751
2625
2913
2657
1495
2817
2971
1252
1970
1031
933
2271
1861
1525
606
2629
884
1252
1262
2095
1252
2336
2841
1612
2186
1234
343
1246
2063
2095
949
2841
814
57
3235
3079
2249
817
2022
1803
2420
1803
2420
1870
289
1790
2254
1571
750
107
289
1790
2254
1169
1557
159
1676
997
289
1676
997
289
3076
2262
1571
3076
2262
1909
3131
2512
323
1252
1431
2095
1007
878
2537
2385
1966
928
453
928
874
289
213
401
2185
928
3107
2095
2095
1638
1303
1355
289
289
1355
289
289
3107
2913
1303
1355
289
289
3107
1638
1303
1355
289
289
3080
2418
2661
3225
2087
2657
2661
687
2369
2907
637
2909
289
606
1495
2741
2250
1619
836
289
2095
2896
289
289
1613
1583
289
3107
2095
2095
1638
78
1303
1355
289
289
1583
289
836
2621
2095
289
1355
289
289
3107
2913
2241
2661
2913
2537
2294
2385
2319
91
2874
836
2151
199
801
1909
667
199
401
2185
1169
1147
3107
2913
1759
2841
2454
199
1612
1862
448
588
2841
965
2942
1966
3235
935
764
323
818
211
669
2918
1495
336
296
1229
1601
976
2988
3110
401
3225
2828
1894
1749
275
2358
2315
2095
2572
868
401
2185
2294
3038
118
578
211
2698
2578
199
2249
2358
2315
935
2095
2154
2453
2831
463
1229
1413
606
2629
884
189
289
786
3184
1701
2959
836
764
3107
2913
2369
2907
764
2913
1182
1347
3107
2095
1495
2908
764
890
1546
2999
3107
1638
3107
1638
2629
884
3107
1638
2698
2657
902
1148
2095
797
1398
759
401
2185
439
2095
2521
2186
922
324
401
2185
1581
2095
1222
2358
2095
1090
405
563
1431
2195
752
2661
2095
836
2980
836
1423
2022
2420
2378
1169
836
199
1413
1525
2212
2629
884
2095
2537
141
1347
3107
2095
1495
1354
1701
1495
2041
1347
3107
2095
1495
1347
3107
2095
1495
1347
3107
2095
1495
1246
1462
1347
3107
2095
601
2461
1905
1751
836
541
1571
1347
2095
3107
210
2659
1638
1358
3107
2095
2659
2683
2001
166
836
2095
986
1413
2951
159
2951
1571
213
1571
1577
2991
263
2358
3247
1571
1977
2095
1220
541
3110
2661
449
2217
3095
3169
3026
1495
3060
1347
3107
2095
1495
1340
1966
1541
28
1298
460
1414
408
1594
336
2592
108
955
1461
3235
3057
854
2550
108
2546
2544
999
1556
108
1909
1340
1252
2087
3134
1354
821
241
2081
344
108
955
283
3003
1544
2217
174
3235
3134
2698
1594
283
2698
1461
1676
354
2297
1556
2223
1735
1414
408
3185
1735
1598
108
955
28
2223
2802
1800
761
2204
967
2661
1418
3003
283
1735
1461
2223
107
2355
2223
2510
2802
1252
1252
3128
3185
356
2223
3235
883
32
3079
1414
1896
3004
354
1676
108
545
3004
2223
2223
33
686
2802
2355
2063
356
2942
1134
2482
1354
108
1331
283
1334
2223
2318
1676
1461
928
354
108
108
28
1031
280
3235
761
1413
3235
2482
91
2942
1475
1882
84
1861
1313
2780
2785
2651
1500
1594
1183
283
1406
1636
2095
917
1432
1313
2908
2146
2785
1262
2625
1861
1123
857
2186
2155
2950
2355
1594
2950
2355
1347
3107
2095
1495
1701
1071
801
2788
1234
1354
607
3010
2436
263
460
1807
1354
157
2095
607
1495
2041
1347
3107
2095
1495
2306
2217
1252
1350
3235
2661
2592
1995
199
2420
2394
2162
2872
2226
2449
2378
1414
2629
778
2073
1618
1618
778
2073
1414
159
2618
621
2449
2600
1347
3107
2095
1495
1616
84
1861
280
2215
1038
2394
2162
2651
2482
2378
2454
1227
375
1495
2041
1354
1347
3107
2095
1495
1642
1234
1252
358
1234
1288
1488
2095
1288
2581
1288
2581
1488
2163
107
362
2648
1414
362
1613
3235
2204
2186
221
1648
375
619
1488
3087
619
1539
2980
102
2946
130
1465
1288
1272
619
1288
2581
2095
1288
2581
3096
453
2657
480
520
2095
107
1227
1749
2546
887
548
1469
3107
726
2095
1227
1864
1866
2934
478
3095
1347
3107
2095
1495
2872
3043
2918
478
184
199
936
882
935
2095
936
1347
3107
2095
1495
1181
1071
2095
867
1354
2342
1354
1701
1495
2041
1347
3107
2095
1495
2537
2306
476
343
2185
3169
669
1227
375
1495
2041
1354
1347
3107
2095
1495
1347
3107
2095
1640
2249
210
2891
3161
986
2284
528
2095
438
2319
1354
472
2719
2942
1354
1227
375
1495
2041
1354
1347
3107
2095
1495
2919
1234
1954
472
1354
1701
1495
2041
1347
3107
2095
1495
1227
375
1495
2041
1354
1347
3107
2095
1495
1347
3107
2095
1495
2919
836
2877
283
2740
2299
1418
458
3200
1730
2468
1085
2432
1354
494
2170
681
46
2507
922
280
1347
3107
2095
601
3156
2145
2788
1234
928
3225
610
3134
2651
3225
1074
1347
928
2661
2592
2185
1650
192
2986
2195
2673
2355
3174
1354
67
2249
2592
1969
506
2034
2170
2939
836
910
401
2939
528
1527
401
1417
2610
199
3026
2170
836
910
401
2939
528
1527
401
1417
2610
1969
910
2942
2661
2592
2249
2785
1414
2936
581
3011
2226
1414
3235
928
2661
2592
2249
2095
1995
2610
1969
2194
2787
1031
1354
793
1414
1419
1354
922
2170
836
2170
836
836
910
401
2939
528
1527
401
1417
2610
1414
1227
375
1495
2041
1354
1347
3107
2095
1495
1493
2991
915
882
331
3068
1980
2517
2526
1096
2815
1784
915
1839
1493
2991
1162
1980
1493
2991
2512
1548
790
2033
528
2872
790
69
2095
2033
820
2095
2033
820
1548
2913
2815
2913
2169
2913
2913
2815
1347
941
887
2913
2169
1347
887
2913
3046
2478
3235
681
449
3187
1174
2942
2186
2155
2294
1184
1241
1414
1533
2095
3235
2155
2063
1942
1493
2991
1227
375
1495
2041
1354
1347
3107
2095
1495
2661
1204
1623
449
1529
1855
1548
318
1181
2132
3089
999
3145
1376
318
2753
2025
3175
2942
1264
682
1347
3107
2095
1495
1730
3235
84
1861
2095
1701
1495
2041
1347
3107
2095
1495
2249
1211
1032
1635
2546
1087
557
2063
1977
2843
1900
2249
3004
557
1227
375
1495
2041
1354
1347
3107
2095
1495
1347
3107
2095
1495
1347
3107
2095
1495
1413
1252
2640
224
3180
2785
199
836
2785
1587
2661
86
2190
3180
2785
199
2980
2592
2980
2785
790
1075
2854
2282
706
1530
1222
328
3180
57
1213
2282
1354
3128
3235
2063
1413
3180
2785
199
2980
2432
2785
2592
2785
3189
3235
2306
1295
2087
2872
2592
2785
2661
2785
10
2542
2455
3080
2785
786
2648
2371
1032
217
2785
1184
2542
2063
2980
2592
2785
2610
3180
199
790
1594
283
2203
2872
2592
2095
790
1647
2095
2095
2592
1995
2592
2785
910
2872
199
3089
1347
3107
2095
1495
2700
884
1582
2925
2795
1544
2336
2274
1977
3230
2705
827
1849
2705
1386
999
3230
845
2095
3032
1720
1413
2442
963
2324
2665
1354
2841
2980
1720
1462
3119
2477
607
2591
1024
2354
1750
2095
1354
2909
928
2572
1008
601
601
2118
1347
3107
2095
601
1750
607
2816
119
2266
1406
6
2591
412
2820
2984
887
3107
2095
1227
1749
2369
2819
1977
199
1993
3235
910
815
2142
1064
700
1896
2022
2665
928
815
986
2578
2095
1084
1414
460
3008
1446
1446
1414
2095
2936
2459
817
2095
361
379
590
1950
2459
2871
2495
913
1798
2909
1754
6
2170
2188
6
2170
2591
3235
2632
444
2950
2402
2740
283
2188
1252
986
2249
843
2178
1169
745
601
2900
930
1990
2820
2802
2810
1354
3235
2294
1354
2095
1720
2186
2178
681
268
2802
2698
2095
1720
2985
913
2698
1414
2095
935
1720
2752
990
2442
224
225
922
867
1792
2186
2023
140
3030
854
2178
2832
2186
84
1861
2299
460
70
2705
1462
2459
1849
460
2925
1453
2984
2925
703
2249
754
3230
199
1528
391
2705
986
2578
2520
2520
2386
2578
1414
3008
1446
1446
1414
2705
2386
199
700
2591
674
2705
3174
933
3145
460
460
2589
2442
1896
240
936
557
412
703
167
1835
2354
681
2096
1354
922
2625
1354
2572
1461
199
879
510
235
3228
1977
2457
930
1977
2676
2425
3011
1061
3235
1234
1130
607
922
2472
2457
2047
2206
2087
1176
879
298
1252
2443
1872
1174
2984
3235
1181
1354
3245
999
2925
1804
3037
1220
986
2902
235
818
2520
2661
2095
1084
1181
1347
3107
2095
1495
2178
2802
2386
1128
2118
601
1647
717
1582
405
2426
78
3188
3235
3094
2681
1977
2698
986
376
1475
2939
2984
1354
405
2426
2319
405
2426
928
199
2249
212
2661
2578
1544
2336
199
2076
1677
2698
557
3235
2582
1865
1977
2257
3010
557
1453
2698
1896
654
3091
508
2661
330
426
2223
2243
1977
557
1181
2223
1727
1680
657
3195
2950
986
916
1677
557
1990
3007
1354
1530
2426
224
1391
1835
564
928
986
2632
606
1024
700
3079
922
2614
2802
2390
1720
2802
2668
1128
3235
933
854
2170
1151
1720
1354
3165
1368
2273
2223
20
2705
674
2273
1660
2223
2448
3235
417
2442
2876
541
2950
2802
1090
541
2950
1110
1413
1523
1815
2950
1660
2341
1815
2223
2273
1977
2257
1024
2442
1462
1976
224
590
1720
1347
3107
2095
1495
2139
2170
1792
2085
3247
2095
33
386
2876
2223
2705
224
2987
3235
1356
1412
1181
1354
1181
1720
2332
2155
2442
1896
1896
734
804
157
703
2795
1354
1977
2459
1414
1414
3008
1446
1446
1414
2386
199
2029
2454
1720
1604
336
2442
2591
3235
33
2591
440
590
453
1754
6
2170
862
605
936
936
1977
331
1778
1391
1424
2641
2327
1530
1992
241
45
1841
1647
2698
2489
706
601
1024
2559
262
199
3230
2087
2472
2661
2578
1414
460
3008
1446
1446
1414
2802
2459
2647
1413
2796
1896
2358
3230
70
2558
936
557
460
2698
703
1990
2186
1653
914
916
60
2950
2792
2854
268
2598
2095
381
2819
936
283
590
2821
2819
283
308
2950
1162
2272
1618
1677
331
1618
2454
2095
936
2095
2085
3092
73
1424
1896
2690
2163
108
922
930
1977
2676
2425
3011
1061
3235
1234
1130
607
922
2472
1340
1363
2546
2457
3107
2095
2802
2739
590
444
1525
2223
1355
2457
3235
66
1234
1354
638
843
453
884
2047
1340
2942
336
1414
640
608
37
2979
2942
1414
877
3235
1533
2266
1414
3107
2095
906
3121
3172
674
301
693
693
1147
2666
1319
2141
1647
268
375
795
1777
3121
2432
738
2226
738
2609
2430
3043
2758
738
2430
2430
2127
744
744
542
2880
2920
541
2632
2468
481
2430
2758
2430
1358
481
2758
1358
2758
2629
665
2167
1615
2927
1501
2228
3247
2870
2870
539
539
539
2262
539
2629
3247
2870
2870
1150
2430
2430
481
738
2430
3085
3085
738
481
1291
1270
481
1433
117
1270
1571
844
3247
1551
481
481
481
436
1379
3247
2920
436
2080
738
33
738
481
33
2080
33
33
2080
33
33
1414
1181
2038
1347
1130
3107
1149
2095
1227
375
1495
2041
1354
1347
3107
2095
1495
1495
2041
1340
1620
3095
659
1039
2095
360
2095
2802
2619
1618
2185
2095
1538
2185
645
3235
912
2661
2574
2185
2581
2661
979
2185
2581
2661
2095
2185
1587
1041
1598
2185
645
2095
1084
3225
3193
2698
2029
63
2185
2095
1032
1598
1618
212
2151
3045
2925
2095
199
2151
2249
645
2605
2657
2185
2249
1461
78
1894
2185
2249
1461
212
2151
2698
2657
2661
2095
2097
2732
2095
2097
2657
1006
2148
257
2657
1581
961
524
2657
2249
2592
2095
2095
2249
1461
1581
1618
2185
1909
2420
2057
2204
2605
212
2151
1018
1347
2095
1495
1227
375
1495
2041
1354
1347
3107
2095
1495
2294
1040
1354
33
1414
2505
2702
2928
2520
2022
2249
818
1347
3107
2095
1495
1623
375
3095
2755
21
1995
1982
3001
1216
2226
3107
1495
2041
1347
3107
2095
1495
843
2823
2763
2170
2115
2980
2659
2011
3119
1454
2149
854
882
2170
837
1808
3143
843
2980
790
2651
2482
2332
2346
2306
550
2287
1462
1455
2354
521
3095
556
1414
2170
1661
3057
25
1661
1414
2713
551
2095
2660
2150
2960
2971
1414
2454
2249
308
2095
3235
2872
2661
2095
1084
664
1462
2661
2170
1462
281
2095
1084
350
3235
2659
2980
2209
2346
2841
104
681
1492
1427
2592
2841
2249
1354
1453
2690
2185
1650
620
2185
2148
741
1056
2095
2170
1345
1650
1514
1608
1978
1978
2185
2148
741
1056
2095
2170
1345
1650
1514
2082
2095
1345
2249
25
1413
1040
1141
2133
1354
2231
33
453
1514
2690
1608
2249
2872
681
2170
1414
2443
328
2455
414
3235
1530
33
2659
2980
32
986
1414
308
2095
1084
3095
3213
1684
2661
1227
375
1495
2041
1354
1347
3107
2095
1495
1647
1354
1011
1313
266
2648
1977
571
1647
2785
199
2610
2913
255
2648
2249
986
199
1227
375
1495
2041
1354
1347
3107
2095
1495
1354
1701
1495
2041
1347
3107
2095
1495
1227
375
1495
2041
1354
1347
3107
2095
1495
1227
375
1495
2041
1354
1347
3107
2095
1495
1347
3107
2095
1495
107
1347
3107
2095
1640
2249
1638
551
3107
2095
107
107
1896
20
1738
1497
607
2823
2492
2632
2167
986
2942
336
1262
1896
1815
1341
20
1663
2368
384
3172
224
2420
2704
280
817
818
1347
3107
2095
1495
818
1347
3107
2095
1495
1057
2095
1347
1130
3107
1149
2095
1966
1252
2492
2632
438
2087
607
1347
3107
2095
1495
2131
1347
3107
2095
1495
2942
336
817
1347
3107
2095
1495
2942
1462
280
2095
817
1954
2095
887
2095
3107
3189
2482
3095
508
2624
2624
2429
2429
1743
1604
2613
1347
3107
2095
601
2613
1347
3107
2095
1495
1982
2465
607
2243
1977
2802
2373
1090
358
1234
1347
3107
2095
1495
2740
1156
1870
669
2847
1156
451
1347
3107
2095
1495
1340
1347
3107
2095
1640
2249
1638
551
3107
2095
1422
449
1954
1333
1966
1156
1870
913
1420
2676
116
1571
848
1571
1414
2581
1434
2713
570
1969
331
1302
2920
1414
2942
1234
1347
3107
2095
1495
