1,1385992305266,2013-12-02 08:51:45 UTC,2013-12-02
2,1407774273804,2014-08-11 12:24:33 UTC,2014-08-11
3,1392062030183,2014-02-10 14:53:50 UTC,2014-02-10
4,1403288274147,2014-06-20 14:17:54 UTC,2014-06-20
5,1408111545327,2014-08-15 10:05:45 UTC,2014-08-15
6,1392124651164,2014-02-11 08:17:31 UTC,2014-02-11
7,1380035477494,2013-09-24 11:11:17 UTC,2013-09-24
8,1407870517534,2014-08-12 15:08:37 UTC,2014-08-12
9,1386966459557,2013-12-13 15:27:39 UTC,2013-12-13
10,1400799329949,2014-05-22 18:55:29 UTC,2014-05-22
11,1385660549645,2013-11-28 12:42:29 UTC,2013-11-28
12,1383919804425,2013-11-08 09:10:04 UTC,2013-11-08
13,1390234647348,2014-01-20 11:17:27 UTC,2014-01-20
14,1406891232789,2014-08-01 07:07:12 UTC,2014-08-01
15,1396918547753,2014-04-07 20:55:47 UTC,2014-04-07
16,1406898595020,2014-08-01 09:09:55 UTC,2014-08-01
17,1404209968842,2014-07-01 06:19:28 UTC,2014-07-01
18,1404742576829,2014-07-07 10:16:16 UTC,2014-07-07
19,1385638858306,2013-11-28 06:40:58 UTC,2013-11-28
20,1382310716383,2013-10-20 19:11:56 UTC,2013-10-20
21,1385516814360,2013-11-26 20:46:54 UTC,2013-11-26
22,1404947204735,2014-07-09 19:06:44 UTC,2014-07-09
23,1390834087648,2014-01-27 09:48:07 UTC,2014-01-27
24,1380744658520,2013-10-02 16:10:58 UTC,2013-10-02
25,1398847522258,2014-04-30 04:45:22 UTC,2014-04-30
26,1384268516438,2013-11-12 10:01:56 UTC,2013-11-12
27,1395882267324,2014-03-26 21:04:27 UTC,2014-03-26
28,1384822219048,2013-11-18 19:50:19 UTC,2013-11-18
29,1399658175846,2014-05-09 13:56:15 UTC,2014-05-09
30,1395955175189,2014-03-27 17:19:35 UTC,2014-03-27
31,1400949475744,2014-05-24 12:37:55 UTC,2014-05-24
32,1405013144025,2014-07-10 13:25:44 UTC,2014-07-10
33,1380535357054,2013-09-30 06:02:37 UTC,2013-09-30
34,1401113174938,2014-05-26 10:06:14 UTC,2014-05-26
35,1410832555095,2014-09-15 21:55:55 UTC,2014-09-15
36,1410478154916,2014-09-11 19:29:14 UTC,2014-09-11
37,1409854904511,2014-09-04 14:21:44 UTC,2014-09-04
38,1400696174851,2014-05-21 14:16:14 UTC,2014-05-21
39,1381334190806,2013-10-09 11:56:30 UTC,2013-10-09
40,1382755674081,2013-10-25 22:47:54 UTC,2013-10-25
41,1401245676068,2014-05-27 22:54:36 UTC,2014-05-27
42,1401322741225,2014-05-28 20:19:01 UTC,2014-05-28
43,1401236433273,2014-05-27 20:20:33 UTC,2014-05-27
44,1405556844549,2014-07-16 20:27:24 UTC,2014-07-16
45,1391175383696,2014-01-31 08:36:23 UTC,2014-01-31
46,1404989382004,2014-07-10 06:49:42 UTC,2014-07-10
47,1401398566268,2014-05-29 17:22:46 UTC,2014-05-29
48,1396357874465,2014-04-01 09:11:14 UTC,2014-04-01
49,1400097373868,2014-05-14 15:56:13 UTC,2014-05-14
50,1400605307731,2014-05-20 13:01:47 UTC,2014-05-20
51,1392935140929,2014-02-20 17:25:40 UTC,2014-02-20
52,1400255143877,2014-05-16 11:45:43 UTC,2014-05-16
53,1402426557592,2014-06-10 14:55:57 UTC,2014-06-10
54,1383314283933,2013-11-01 09:58:03 UTC,2013-11-01
55,1404757284016,2014-07-07 14:21:24 UTC,2014-07-07
56,1404399459376,2014-07-03 10:57:39 UTC,2014-07-03
57,1409144132396,2014-08-27 08:55:32 UTC,2014-08-27
58,1406817653860,2014-07-31 10:40:53 UTC,2014-07-31
59,1383924477590,2013-11-08 10:27:57 UTC,2013-11-08
60,1402429356919,2014-06-10 15:42:36 UTC,2014-06-10
61,1403208863895,2014-06-19 16:14:23 UTC,2014-06-19
62,1402512944433,2014-06-11 14:55:44 UTC,2014-06-11
63,1410873852470,2014-09-16 09:24:12 UTC,2014-09-16
64,1409669014766,2014-09-02 10:43:34 UTC,2014-09-02
65,1410372993518,2014-09-10 14:16:33 UTC,2014-09-10
66,1404179406865,2014-06-30 21:50:06 UTC,2014-06-30
67,1381963710609,2013-10-16 18:48:30 UTC,2013-10-16
68,1389963578899,2014-01-17 07:59:38 UTC,2014-01-17
69,1408543370998,2014-08-20 10:02:50 UTC,2014-08-20
70,1399056389167,2014-05-02 14:46:29 UTC,2014-05-02
71,1386109335772,2013-12-03 17:22:15 UTC,2013-12-03
72,1395162397116,2014-03-18 13:06:37 UTC,2014-03-18
73,1396375863868,2014-04-01 14:11:03 UTC,2014-04-01
74,1381171852602,2013-10-07 14:50:52 UTC,2013-10-07
75,1361933249669,2013-02-26 21:47:29 UTC,2013-02-26
76,1392864873430,2014-02-19 21:54:33 UTC,2014-02-19
77,1406565774210,2014-07-28 12:42:54 UTC,2014-07-28
78,1405533303121,2014-07-16 13:55:03 UTC,2014-07-16
79,1407443169282,2014-08-07 16:26:09 UTC,2014-08-07
80,1392227766989,2014-02-12 12:56:06 UTC,2014-02-12
81,1408742678735,2014-08-22 17:24:38 UTC,2014-08-22
82,1391425984991,2014-02-03 06:13:04 UTC,2014-02-03
83,1385989345543,2013-12-02 08:02:25 UTC,2013-12-02
84,1408136527656,2014-08-15 17:02:07 UTC,2014-08-15
85,1386619094399,2013-12-09 14:58:14 UTC,2013-12-09
86,1391774657801,2014-02-07 07:04:17 UTC,2014-02-07
87,1395334468779,2014-03-20 12:54:28 UTC,2014-03-20
88,1392811082430,2014-02-19 06:58:02 UTC,2014-02-19
89,1404864331892,2014-07-08 20:05:31 UTC,2014-07-08
90,1405615532629,2014-07-17 12:45:32 UTC,2014-07-17
91,1400196919563,2014-05-15 19:35:19 UTC,2014-05-15
92,1403535190707,2014-06-23 10:53:10 UTC,2014-06-23
93,1410819837494,2014-09-15 18:23:57 UTC,2014-09-15
94,1393513535388,2014-02-27 10:05:35 UTC,2014-02-27
95,1398165621542,2014-04-22 07:20:21 UTC,2014-04-22
96,1400198619353,2014-05-15 20:03:39 UTC,2014-05-15
97,1401788459148,2014-06-03 05:40:59 UTC,2014-06-03
98,1380233949948,2013-09-26 18:19:09 UTC,2013-09-26
99,1380713165044,2013-10-02 07:26:05 UTC,2013-10-02
100,1396439449832,2014-04-02 07:50:49 UTC,2014-04-02
101,1400687751887,2014-05-21 11:55:51 UTC,2014-05-21
102,1392937338389,2014-02-20 18:02:18 UTC,2014-02-20
103,1408372660933,2014-08-18 10:37:40 UTC,2014-08-18
104,1397838290373,2014-04-18 12:24:50 UTC,2014-04-18
105,1397765604070,2014-04-17 16:13:24 UTC,2014-04-17
106,1394574705152,2014-03-11 17:51:45 UTC,2014-03-11
107,1380132181409,2013-09-25 14:03:01 UTC,2013-09-25
108,1396276311146,2014-03-31 10:31:51 UTC,2014-03-31
109,1403226645191,2014-06-19 21:10:45 UTC,2014-06-19
110,1409235792750,2014-08-28 10:23:12 UTC,2014-08-28
111,1387977793519,2013-12-25 08:23:13 UTC,2013-12-25
112,1403127185434,2014-06-18 17:33:05 UTC,2014-06-18
113,1408113541494,2014-08-15 10:39:01 UTC,2014-08-15
114,1401465640932,2014-05-30 12:00:40 UTC,2014-05-30
115,1410285018293,2014-09-09 13:50:18 UTC,2014-09-09
116,1398791398428,2014-04-29 13:09:58 UTC,2014-04-29
117,1408795294821,2014-08-23 08:01:34 UTC,2014-08-23
118,1405525320712,2014-07-16 11:42:00 UTC,2014-07-16
119,1393596538193,2014-02-28 09:08:58 UTC,2014-02-28
120,1387503414643,2013-12-19 20:36:54 UTC,2013-12-19
121,1405964319979,2014-07-21 13:38:39 UTC,2014-07-21
122,1383657176356,2013-11-05 08:12:56 UTC,2013-11-05
123,1409928682010,2014-09-05 10:51:22 UTC,2014-09-05
124,1383255791467,2013-10-31 17:43:11 UTC,2013-10-31
125,1379321411053,2013-09-16 04:50:11 UTC,2013-09-16
126,1380535120924,2013-09-30 05:58:40 UTC,2013-09-30
127,1383261698847,2013-10-31 19:21:38 UTC,2013-10-31
128,1396548912286,2014-04-03 14:15:12 UTC,2014-04-03
129,1401462194458,2014-05-30 11:03:14 UTC,2014-05-30
130,1402603444674,2014-06-12 16:04:04 UTC,2014-06-12
131,1387554309826,2013-12-20 10:45:09 UTC,2013-12-20
132,1383314516514,2013-11-01 10:01:56 UTC,2013-11-01
133,1362732121427,2013-03-08 03:42:01 UTC,2013-03-08
134,1382033144396,2013-10-17 14:05:44 UTC,2013-10-17
135,1405638132657,2014-07-17 19:02:12 UTC,2014-07-17
136,1383244081510,2013-10-31 14:28:01 UTC,2013-10-31
137,1398975947346,2014-05-01 16:25:47 UTC,2014-05-01
138,1363909787400,2013-03-21 19:49:47 UTC,2013-03-21
139,1385729715493,2013-11-29 07:55:15 UTC,2013-11-29
140,1410400486541,2014-09-10 21:54:46 UTC,2014-09-10
141,1400525396377,2014-05-19 14:49:56 UTC,2014-05-19
142,1392299009913,2014-02-13 08:43:29 UTC,2014-02-13
143,1402619422926,2014-06-12 20:30:22 UTC,2014-06-12
144,1407944497281,2014-08-13 11:41:37 UTC,2014-08-13
145,1404470449331,2014-07-04 06:40:49 UTC,2014-07-04
146,1392921667872,2014-02-20 13:41:07 UTC,2014-02-20
147,1364404854155,2013-03-27 13:20:54 UTC,2013-03-27
148,1396453613820,2014-04-02 11:46:53 UTC,2014-04-02
149,1386698729278,2013-12-10 13:05:29 UTC,2013-12-10
150,1386692029097,2013-12-10 11:13:49 UTC,2013-12-10
151,1404835766011,2014-07-08 12:09:26 UTC,2014-07-08
152,1383599358870,2013-11-04 16:09:18 UTC,2013-11-04
153,1383314589590,2013-11-01 10:03:09 UTC,2013-11-01
154,1403087672369,2014-06-18 06:34:32 UTC,2014-06-18
155,1390602870698,2014-01-24 17:34:30 UTC,2014-01-24
156,1374680184712,2013-07-24 11:36:24 UTC,2013-07-24
157,1404387608753,2014-07-03 07:40:08 UTC,2014-07-03
158,1364448564131,2013-03-28 01:29:24 UTC,2013-03-28
159,1393423605046,2014-02-26 09:06:45 UTC,2014-02-26
160,1392908359920,2014-02-20 09:59:19 UTC,2014-02-20
161,1391192266734,2014-01-31 13:17:46 UTC,2014-01-31
162,1401393083202,2014-05-29 15:51:23 UTC,2014-05-29
163,1393448365896,2014-02-26 15:59:25 UTC,2014-02-26
164,1401388749952,2014-05-29 14:39:09 UTC,2014-05-29
165,1391013293789,2014-01-29 11:34:53 UTC,2014-01-29
166,1381369880677,2013-10-09 21:51:20 UTC,2013-10-09
167,1397761918869,2014-04-17 15:11:58 UTC,2014-04-17
168,1382480516300,2013-10-22 18:21:56 UTC,2013-10-22
169,1398707446864,2014-04-28 13:50:46 UTC,2014-04-28
170,1380907715533,2013-10-04 13:28:35 UTC,2013-10-04
171,1401798205582,2014-06-03 08:23:25 UTC,2014-06-03
172,1405111103198,2014-07-11 16:38:23 UTC,2014-07-11
173,1396280237092,2014-03-31 11:37:17 UTC,2014-03-31
174,1399453921174,2014-05-07 05:12:01 UTC,2014-05-07
175,1390846656219,2014-01-27 13:17:36 UTC,2014-01-27
176,1408384036634,2014-08-18 13:47:16 UTC,2014-08-18
177,1391511977471,2014-02-04 06:06:17 UTC,2014-02-04
178,1392830094781,2014-02-19 12:14:54 UTC,2014-02-19
179,1384863282488,2013-11-19 07:14:42 UTC,2013-11-19
180,1383314428346,2013-11-01 10:00:28 UTC,2013-11-01
181,1402937974100,2014-06-16 12:59:34 UTC,2014-06-16
182,1396533911445,2014-04-03 10:05:11 UTC,2014-04-03
183,1406220126551,2014-07-24 12:42:06 UTC,2014-07-24
184,1395769789769,2014-03-25 13:49:49 UTC,2014-03-25
185,1401316448786,2014-05-28 18:34:08 UTC,2014-05-28
186,1386980776253,2013-12-13 19:26:16 UTC,2013-12-13
187,1403118733932,2014-06-18 15:12:13 UTC,2014-06-18
188,1404155634646,2014-06-30 15:13:54 UTC,2014-06-30
189,1395842118608,2014-03-26 09:55:18 UTC,2014-03-26
190,1409055207655,2014-08-26 08:13:27 UTC,2014-08-26
191,1410307455374,2014-09-09 20:04:15 UTC,2014-09-09
192,1396547523416,2014-04-03 13:52:03 UTC,2014-04-03
193,1401900792100,2014-06-04 12:53:12 UTC,2014-06-04
194,1398270420157,2014-04-23 12:27:00 UTC,2014-04-23
195,1402496640872,2014-06-11 10:24:00 UTC,2014-06-11
196,1388441859388,2013-12-30 17:17:39 UTC,2013-12-30
197,1385027181821,2013-11-21 04:46:21 UTC,2013-11-21
198,1388090193099,2013-12-26 15:36:33 UTC,2013-12-26
199,1389199387286,2014-01-08 11:43:07 UTC,2014-01-08
200,1406738969503,2014-07-30 12:49:29 UTC,2014-07-30
201,1407369102813,2014-08-06 19:51:42 UTC,2014-08-06
202,1402911929995,2014-06-16 05:45:29 UTC,2014-06-16
203,1409322996250,2014-08-29 10:36:36 UTC,2014-08-29
204,1387564799374,2013-12-20 13:39:59 UTC,2013-12-20
205,1399553390515,2014-05-08 08:49:50 UTC,2014-05-08
206,1409706337848,2014-09-02 21:05:37 UTC,2014-09-02
207,1403880794181,2014-06-27 10:53:14 UTC,2014-06-27
208,1370271502965,2013-06-03 10:58:22 UTC,2013-06-03
209,1395936442233,2014-03-27 12:07:22 UTC,2014-03-27
210,1399671460318,2014-05-09 17:37:40 UTC,2014-05-09
211,1370619573656,2013-06-07 11:39:33 UTC,2013-06-07
212,1387548372108,2013-12-20 09:06:12 UTC,2013-12-20
213,1407547200493,2014-08-08 21:20:00 UTC,2014-08-08
214,1394556049988,2014-03-11 12:40:49 UTC,2014-03-11
215,1404008481824,2014-06-28 22:21:21 UTC,2014-06-28
216,1392224478729,2014-02-12 12:01:18 UTC,2014-02-12
217,1381852054465,2013-10-15 11:47:34 UTC,2013-10-15
218,1393347249638,2014-02-25 11:54:09 UTC,2014-02-25
219,1409139092756,2014-08-27 07:31:32 UTC,2014-08-27
220,1405682170868,2014-07-18 07:16:10 UTC,2014-07-18
221,1397698704126,2014-04-16 21:38:24 UTC,2014-04-16
222,1381510277171,2013-10-11 12:51:17 UTC,2013-10-11
223,1380846476179,2013-10-03 20:27:56 UTC,2013-10-03
224,1392226172348,2014-02-12 12:29:32 UTC,2014-02-12
225,1393856081577,2014-03-03 09:14:41 UTC,2014-03-03
226,1385854480366,2013-11-30 18:34:40 UTC,2013-11-30
227,1408451405316,2014-08-19 08:30:05 UTC,2014-08-19
228,1390254359172,2014-01-20 16:45:59 UTC,2014-01-20
229,1401394947887,2014-05-29 16:22:27 UTC,2014-05-29
230,1394719478421,2014-03-13 10:04:38 UTC,2014-03-13
231,1392172566022,2014-02-11 21:36:06 UTC,2014-02-11
232,1404484810432,2014-07-04 10:40:10 UTC,2014-07-04
233,1394205985637,2014-03-07 10:26:25 UTC,2014-03-07
234,1410303784895,2014-09-09 19:03:04 UTC,2014-09-09
235,1383073074759,2013-10-29 14:57:54 UTC,2013-10-29
236,1390408724496,2014-01-22 11:38:44 UTC,2014-01-22
237,1392637520611,2014-02-17 06:45:20 UTC,2014-02-17
238,1380796093418,2013-10-03 06:28:13 UTC,2013-10-03
239,1401722574631,2014-06-02 11:22:54 UTC,2014-06-02
240,1389883094139,2014-01-16 09:38:14 UTC,2014-01-16
241,1404473439419,2014-07-04 07:30:39 UTC,2014-07-04
242,1404235721121,2014-07-01 13:28:41 UTC,2014-07-01
243,1382451393537,2013-10-22 10:16:33 UTC,2013-10-22
244,1385169661883,2013-11-22 20:21:01 UTC,2013-11-22
245,1401814616963,2014-06-03 12:56:56 UTC,2014-06-03
246,1395756651065,2014-03-25 10:10:51 UTC,2014-03-25
247,1406547170412,2014-07-28 07:32:50 UTC,2014-07-28
248,1398718804302,2014-04-28 17:00:04 UTC,2014-04-28
249,1407547174493,2014-08-08 21:19:34 UTC,2014-08-08
250,1394714478037,2014-03-13 08:41:18 UTC,2014-03-13
251,1403118526290,2014-06-18 15:08:46 UTC,2014-06-18
252,1390842679105,2014-01-27 12:11:19 UTC,2014-01-27
253,1393260858176,2014-02-24 11:54:18 UTC,2014-02-24
254,1383781940977,2013-11-06 18:52:20 UTC,2013-11-06
255,1405016918754,2014-07-10 14:28:38 UTC,2014-07-10
256,1394152627505,2014-03-06 19:37:07 UTC,2014-03-06
257,1386262847345,2013-12-05 12:00:47 UTC,2013-12-05
258,1385567612589,2013-11-27 10:53:32 UTC,2013-11-27
259,1379949540705,2013-09-23 11:19:00 UTC,2013-09-23
260,1382250219710,2013-10-20 02:23:39 UTC,2013-10-20
261,1386951703108,2013-12-13 11:21:43 UTC,2013-12-13
262,1410355845836,2014-09-10 09:30:45 UTC,2014-09-10
263,1387793092825,2013-12-23 05:04:52 UTC,2013-12-23
264,1397761972792,2014-04-17 15:12:52 UTC,2014-04-17
265,1386961169957,2013-12-13 13:59:29 UTC,2013-12-13
266,1395348652867,2014-03-20 16:50:52 UTC,2014-03-20
267,1407876225094,2014-08-12 16:43:45 UTC,2014-08-12
268,1393630346747,2014-02-28 18:32:26 UTC,2014-02-28
269,1387562610138,2013-12-20 13:03:30 UTC,2013-12-20
270,1403524474339,2014-06-23 07:54:34 UTC,2014-06-23
271,1397165482899,2014-04-10 17:31:22 UTC,2014-04-10
272,1406643425693,2014-07-29 10:17:05 UTC,2014-07-29
273,1385601299491,2013-11-27 20:14:59 UTC,2013-11-27
274,1392083715882,2014-02-10 20:55:15 UTC,2014-02-10
275,1390242309789,2014-01-20 13:25:09 UTC,2014-01-20
276,1395420486758,2014-03-21 12:48:06 UTC,2014-03-21
277,1389314685822,2014-01-09 19:44:45 UTC,2014-01-09
278,1401486378860,2014-05-30 17:46:18 UTC,2014-05-30
279,1379084234858,2013-09-13 10:57:14 UTC,2013-09-13
280,1363014034817,2013-03-11 11:00:34 UTC,2013-03-11
281,1393956356638,2014-03-04 13:05:56 UTC,2014-03-04
282,1403101152006,2014-06-18 10:19:12 UTC,2014-06-18
283,1398990987068,2014-05-01 20:36:27 UTC,2014-05-01
284,1397242374658,2014-04-11 14:52:54 UTC,2014-04-11
285,1384550703344,2013-11-15 16:25:03 UTC,2013-11-15
286,1396462127705,2014-04-02 14:08:47 UTC,2014-04-02
287,1383744458286,2013-11-06 08:27:38 UTC,2013-11-06
288,1385434644891,2013-11-25 21:57:24 UTC,2013-11-25
289,1410367116786,2014-09-10 12:38:36 UTC,2014-09-10
290,1380896669183,2013-10-04 10:24:29 UTC,2013-10-04
291,1389306702279,2014-01-09 17:31:42 UTC,2014-01-09
292,1397166599243,2014-04-10 17:49:59 UTC,2014-04-10
293,1403632193642,2014-06-24 13:49:53 UTC,2014-06-24
294,1392217166529,2014-02-12 09:59:26 UTC,2014-02-12
295,1399464023449,2014-05-07 08:00:23 UTC,2014-05-07
296,1383308257487,2013-11-01 08:17:37 UTC,2013-11-01
297,1404168282317,2014-06-30 18:44:42 UTC,2014-06-30
298,1409144508422,2014-08-27 09:01:48 UTC,2014-08-27
299,1402063399505,2014-06-06 10:03:19 UTC,2014-06-06
300,1381846227670,2013-10-15 10:10:27 UTC,2013-10-15
301,1392125688671,2014-02-11 08:34:48 UTC,2014-02-11
302,1403091655930,2014-06-18 07:40:55 UTC,2014-06-18
303,1410189238357,2014-09-08 11:13:58 UTC,2014-09-08
304,1400860965214,2014-05-23 12:02:45 UTC,2014-05-23
305,1380212736630,2013-09-26 12:25:36 UTC,2013-09-26
306,1409785674745,2014-09-03 19:07:54 UTC,2014-09-03
307,1384967967539,2013-11-20 12:19:27 UTC,2013-11-20
308,1402404184744,2014-06-10 08:43:04 UTC,2014-06-10
309,1385046454878,2013-11-21 10:07:34 UTC,2013-11-21
310,1393430932599,2014-02-26 11:08:52 UTC,2014-02-26
311,1383582072903,2013-11-04 11:21:12 UTC,2013-11-04
312,1403831421491,2014-06-26 21:10:21 UTC,2014-06-26
313,1400010149416,2014-05-13 15:42:29 UTC,2014-05-13
314,1410574492194,2014-09-12 22:14:52 UTC,2014-09-12
315,1406283442088,2014-07-25 06:17:22 UTC,2014-07-25
316,1408717047083,2014-08-22 10:17:27 UTC,2014-08-22
317,1384349995589,2013-11-13 08:39:55 UTC,2013-11-13
318,1402427658567,2014-06-10 15:14:18 UTC,2014-06-10
319,1399665371939,2014-05-09 15:56:11 UTC,2014-05-09
320,1392138661042,2014-02-11 12:11:01 UTC,2014-02-11
321,1394823099053,2014-03-14 14:51:39 UTC,2014-03-14
322,1401899334759,2014-06-04 12:28:54 UTC,2014-06-04
323,1380762556668,2013-10-02 21:09:16 UTC,2013-10-02
324,1392996875973,2014-02-21 10:34:35 UTC,2014-02-21
325,1380764739702,2013-10-02 21:45:39 UTC,2013-10-02
326,1393344852254,2014-02-25 11:14:12 UTC,2014-02-25
327,1404936060651,2014-07-09 16:01:00 UTC,2014-07-09
328,1401110910736,2014-05-26 09:28:30 UTC,2014-05-26
329,1403865729016,2014-06-27 06:42:09 UTC,2014-06-27
330,1392136162654,2014-02-11 11:29:22 UTC,2014-02-11
331,1392074605398,2014-02-10 18:23:25 UTC,2014-02-10
332,1406911868072,2014-08-01 12:51:08 UTC,2014-08-01
333,1386605134414,2013-12-09 11:05:34 UTC,2013-12-09
334,1409568745963,2014-09-01 06:52:25 UTC,2014-09-01
335,1406746979012,2014-07-30 15:02:59 UTC,2014-07-30
336,1387994764463,2013-12-25 13:06:04 UTC,2013-12-25
337,1390262036057,2014-01-20 18:53:56 UTC,2014-01-20
338,1397480770462,2014-04-14 09:06:10 UTC,2014-04-14
339,1409930431514,2014-09-05 11:20:31 UTC,2014-09-05
340,1394549930633,2014-03-11 10:58:50 UTC,2014-03-11
341,1409850892729,2014-09-04 13:14:52 UTC,2014-09-04
342,1386103920110,2013-12-03 15:52:00 UTC,2013-12-03
343,1398853938903,2014-04-30 06:32:18 UTC,2014-04-30
344,1393036682568,2014-02-21 21:38:02 UTC,2014-02-21
345,1385744125675,2013-11-29 11:55:25 UTC,2013-11-29
346,1393297292911,2014-02-24 22:01:32 UTC,2014-02-24
347,1396654763631,2014-04-04 19:39:23 UTC,2014-04-04
348,1378825918857,2013-09-10 11:11:58 UTC,2013-09-10
349,1403281223234,2014-06-20 12:20:23 UTC,2014-06-20
350,1409068447456,2014-08-26 11:54:07 UTC,2014-08-26
351,1409921117322,2014-09-05 08:45:17 UTC,2014-09-05
352,1391449124185,2014-02-03 12:38:44 UTC,2014-02-03
353,1380802485004,2013-10-03 08:14:45 UTC,2013-10-03
354,1379421316555,2013-09-17 08:35:16 UTC,2013-09-17
355,1393383525194,2014-02-25 21:58:45 UTC,2014-02-25
356,1381282478939,2013-10-08 21:34:38 UTC,2013-10-08
357,1396906889400,2014-04-07 17:41:29 UTC,2014-04-07
358,1396876885387,2014-04-07 09:21:25 UTC,2014-04-07
359,1387391364321,2013-12-18 13:29:24 UTC,2013-12-18
360,1396366463309,2014-04-01 11:34:23 UTC,2014-04-01
361,1402396527136,2014-06-10 06:35:27 UTC,2014-06-10
362,1406819046504,2014-07-31 11:04:06 UTC,2014-07-31
363,1382817068780,2013-10-26 15:51:08 UTC,2013-10-26
364,1409572267777,2014-09-01 07:51:07 UTC,2014-09-01
365,1404215903260,2014-07-01 07:58:23 UTC,2014-07-01
366,1402572178872,2014-06-12 07:22:58 UTC,2014-06-12
367,1401743909269,2014-06-02 17:18:29 UTC,2014-06-02
368,1398431979375,2014-04-25 09:19:39 UTC,2014-04-25
369,1395839540440,2014-03-26 09:12:20 UTC,2014-03-26
370,1403105901261,2014-06-18 11:38:21 UTC,2014-06-18
371,1392137304619,2014-02-11 11:48:24 UTC,2014-02-11
372,1410186210479,2014-09-08 10:23:30 UTC,2014-09-08
373,1404408492150,2014-07-03 13:28:12 UTC,2014-07-03
374,1387564135923,2013-12-20 13:28:55 UTC,2013-12-20
375,1387522468723,2013-12-20 01:54:28 UTC,2013-12-20
376,1403718331627,2014-06-25 13:45:31 UTC,2014-06-25
377,1401826088752,2014-06-03 16:08:08 UTC,2014-06-03
378,1384920507433,2013-11-19 23:08:27 UTC,2013-11-19
379,1394759014693,2014-03-13 21:03:34 UTC,2014-03-13
380,1408556611005,2014-08-20 13:43:31 UTC,2014-08-20
381,1395689640140,2014-03-24 15:34:00 UTC,2014-03-24
382,1381445853712,2013-10-10 18:57:33 UTC,2013-10-10
383,1393897012224,2014-03-03 20:36:52 UTC,2014-03-03
384,1385486960725,2013-11-26 12:29:20 UTC,2013-11-26
385,1386330676601,2013-12-06 06:51:16 UTC,2013-12-06
386,1404826036992,2014-07-08 09:27:16 UTC,2014-07-08
387,1382977758265,2013-10-28 12:29:18 UTC,2013-10-28
388,1390499816620,2014-01-23 12:56:56 UTC,2014-01-23
389,1409814828896,2014-09-04 03:13:48 UTC,2014-09-04
390,1404386362050,2014-07-03 07:19:22 UTC,2014-07-03
391,1408378851467,2014-08-18 12:20:51 UTC,2014-08-18
392,1383651555768,2013-11-05 06:39:15 UTC,2013-11-05
393,1407416830948,2014-08-07 09:07:10 UTC,2014-08-07
394,1401731927624,2014-06-02 13:58:47 UTC,2014-06-02
395,1404914478728,2014-07-09 10:01:18 UTC,2014-07-09
396,1407880003765,2014-08-12 17:46:43 UTC,2014-08-12
397,1393847795344,2014-03-03 06:56:35 UTC,2014-03-03
398,1389700639284,2014-01-14 06:57:19 UTC,2014-01-14
399,1405512554742,2014-07-16 08:09:14 UTC,2014-07-16
400,1409219278558,2014-08-28 05:47:58 UTC,2014-08-28
401,1386967330773,2013-12-13 15:42:10 UTC,2013-12-13
402,1398820487920,2014-04-29 21:14:47 UTC,2014-04-29
403,1389657805226,2014-01-13 19:03:25 UTC,2014-01-13
404,1400872658700,2014-05-23 15:17:38 UTC,2014-05-23
405,1406137097619,2014-07-23 13:38:17 UTC,2014-07-23
406,1387977919553,2013-12-25 08:25:19 UTC,2013-12-25
407,1402593816532,2014-06-12 13:23:36 UTC,2014-06-12
408,1401799082408,2014-06-03 08:38:02 UTC,2014-06-03
409,1394835208693,2014-03-14 18:13:28 UTC,2014-03-14
410,1397835468179,2014-04-18 11:37:48 UTC,2014-04-18
411,1401204296184,2014-05-27 11:24:56 UTC,2014-05-27
412,1409774150145,2014-09-03 15:55:50 UTC,2014-09-03
413,1380128208244,2013-09-25 12:56:48 UTC,2013-09-25
414,1384977604007,2013-11-20 15:00:04 UTC,2013-11-20
415,1379600807826,2013-09-19 10:26:47 UTC,2013-09-19
416,1398862578440,2014-04-30 08:56:18 UTC,2014-04-30
417,1395682780787,2014-03-24 13:39:40 UTC,2014-03-24
418,1400027217649,2014-05-13 20:26:57 UTC,2014-05-13
419,1379541886677,2013-09-18 18:04:46 UTC,2013-09-18
420,1400501665549,2014-05-19 08:14:25 UTC,2014-05-19
421,1400695905713,2014-05-21 14:11:45 UTC,2014-05-21
422,1408479007544,2014-08-19 16:10:07 UTC,2014-08-19
423,1408115118598,2014-08-15 11:05:18 UTC,2014-08-15
424,1380750250541,2013-10-02 17:44:10 UTC,2013-10-02
425,1382679849328,2013-10-25 01:44:09 UTC,2013-10-25
426,1398271848884,2014-04-23 12:50:48 UTC,2014-04-23
427,1392379743785,2014-02-14 07:09:03 UTC,2014-02-14
428,1390493679973,2014-01-23 11:14:39 UTC,2014-01-23
429,1404227230352,2014-07-01 11:07:10 UTC,2014-07-01
430,1398123166945,2014-04-21 19:32:46 UTC,2014-04-21
431,1405446852650,2014-07-15 13:54:12 UTC,2014-07-15
432,1400268538301,2014-05-16 15:28:58 UTC,2014-05-16
433,1407944928680,2014-08-13 11:48:48 UTC,2014-08-13
434,1390499691843,2014-01-23 12:54:51 UTC,2014-01-23
435,1410528419993,2014-09-12 09:26:59 UTC,2014-09-12
436,1394662315937,2014-03-12 18:11:55 UTC,2014-03-12
437,1393430122437,2014-02-26 10:55:22 UTC,2014-02-26
438,1386881992541,2013-12-12 15:59:52 UTC,2013-12-12
439,1407943497976,2014-08-13 11:24:57 UTC,2014-08-13
440,1407455095641,2014-08-07 19:44:55 UTC,2014-08-07
441,1380138673523,2013-09-25 15:51:13 UTC,2013-09-25
442,1401787507467,2014-06-03 05:25:07 UTC,2014-06-03
443,1399913789858,2014-05-12 12:56:29 UTC,2014-05-12
444,1380315678283,2013-09-27 17:01:18 UTC,2013-09-27
445,1398436786422,2014-04-25 10:39:46 UTC,2014-04-25
446,1390242696469,2014-01-20 13:31:36 UTC,2014-01-20
447,1396466625235,2014-04-02 15:23:45 UTC,2014-04-02
448,1404939188013,2014-07-09 16:53:08 UTC,2014-07-09
449,1388409954869,2013-12-30 08:25:54 UTC,2013-12-30
450,1386813269544,2013-12-11 20:54:29 UTC,2013-12-11
451,1410780471617,2014-09-15 07:27:51 UTC,2014-09-15
452,1402909369441,2014-06-16 05:02:49 UTC,2014-06-16
453,1403717315376,2014-06-25 13:28:35 UTC,2014-06-25
454,1389055762801,2014-01-06 19:49:22 UTC,2014-01-06
455,1401885264754,2014-06-04 08:34:24 UTC,2014-06-04
456,1406119491939,2014-07-23 08:44:51 UTC,2014-07-23
457,1406671098086,2014-07-29 17:58:18 UTC,2014-07-29
458,1393241885417,2014-02-24 06:38:05 UTC,2014-02-24
459,1400284349761,2014-05-16 19:52:29 UTC,2014-05-16
460,1396625782938,2014-04-04 11:36:22 UTC,2014-04-04
461,1385739666604,2013-11-29 10:41:06 UTC,2013-11-29
462,1390840052704,2014-01-27 11:27:32 UTC,2014-01-27
463,1390001647924,2014-01-17 18:34:07 UTC,2014-01-17
464,1398856577462,2014-04-30 07:16:17 UTC,2014-04-30
465,1399394910952,2014-05-06 12:48:30 UTC,2014-05-06
466,1390923842189,2014-01-28 10:44:02 UTC,2014-01-28
467,1404397833118,2014-07-03 10:30:33 UTC,2014-07-03
468,1408473242473,2014-08-19 14:34:02 UTC,2014-08-19
469,1380560177998,2013-09-30 12:56:17 UTC,2013-09-30
470,1385653626436,2013-11-28 10:47:06 UTC,2013-11-28
471,1403269513690,2014-06-20 09:05:13 UTC,2014-06-20
472,1394156440342,2014-03-06 20:40:40 UTC,2014-03-06
473,1406075928372,2014-07-22 20:38:48 UTC,2014-07-22
474,1380025168456,2013-09-24 08:19:28 UTC,2013-09-24
475,1393425482620,2014-02-26 09:38:02 UTC,2014-02-26
476,1402655689351,2014-06-13 06:34:49 UTC,2014-06-13
477,1381322132500,2013-10-09 08:35:32 UTC,2013-10-09
478,1391183824964,2014-01-31 10:57:04 UTC,2014-01-31
479,1400265757136,2014-05-16 14:42:37 UTC,2014-05-16
480,1383596876685,2013-11-04 15:27:56 UTC,2013-11-04
481,1410533753577,2014-09-12 10:55:53 UTC,2014-09-12
482,1385038481018,2013-11-21 07:54:41 UTC,2013-11-21
483,1400194649783,2014-05-15 18:57:29 UTC,2014-05-15
484,1403036053524,2014-06-17 16:14:13 UTC,2014-06-17
485,1392639031118,2014-02-17 07:10:31 UTC,2014-02-17
486,1385657391848,2013-11-28 11:49:51 UTC,2013-11-28
487,1380720038313,2013-10-02 09:20:38 UTC,2013-10-02
488,1402418368493,2014-06-10 12:39:28 UTC,2014-06-10
489,1394647400898,2014-03-12 14:03:20 UTC,2014-03-12
490,1383314227317,2013-11-01 09:57:07 UTC,2013-11-01
491,1383314660955,2013-11-01 10:04:20 UTC,2013-11-01
492,1394568609144,2014-03-11 16:10:09 UTC,2014-03-11
493,1410453488409,2014-09-11 12:38:08 UTC,2014-09-11
494,1387296983604,2013-12-17 11:16:23 UTC,2013-12-17
495,1397142404841,2014-04-10 11:06:44 UTC,2014-04-10
496,1410481287994,2014-09-11 20:21:27 UTC,2014-09-11
497,1383135964844,2013-10-30 08:26:04 UTC,2013-10-30
498,1408484509520,2014-08-19 17:41:49 UTC,2014-08-19
499,1380305346537,2013-09-27 14:09:06 UTC,2013-09-27
500,1380592553799,2013-09-30 21:55:53 UTC,2013-09-30
501,1405912546106,2014-07-20 23:15:46 UTC,2014-07-20
502,1410879587945,2014-09-16 10:59:47 UTC,2014-09-16
503,1384804551884,2013-11-18 14:55:51 UTC,2013-11-18
504,1382002054996,2013-10-17 05:27:34 UTC,2013-10-17
505,1388480158549,2013-12-31 03:55:58 UTC,2013-12-31
506,1385393617095,2013-11-25 10:33:37 UTC,2013-11-25
507,1390816622000,2014-01-27 04:57:02 UTC,2014-01-27
508,1380582493572,2013-09-30 19:08:13 UTC,2013-09-30
509,1409182931531,2014-08-27 19:42:11 UTC,2014-08-27
510,1392992510410,2014-02-21 09:21:50 UTC,2014-02-21
511,1395839634931,2014-03-26 09:13:54 UTC,2014-03-26
512,1404324980717,2014-07-02 14:16:20 UTC,2014-07-02
513,1380846296102,2013-10-03 20:24:56 UTC,2013-10-03
514,1404382475529,2014-07-03 06:14:35 UTC,2014-07-03
515,1404947285662,2014-07-09 19:08:05 UTC,2014-07-09
516,1395405127399,2014-03-21 08:32:07 UTC,2014-03-21
517,1410177629563,2014-09-08 08:00:29 UTC,2014-09-08
518,1379679249797,2013-09-20 08:14:09 UTC,2013-09-20
519,1387290450871,2013-12-17 09:27:30 UTC,2013-12-17
520,1392250447800,2014-02-12 19:14:07 UTC,2014-02-12
521,1393386239918,2014-02-25 22:43:59 UTC,2014-02-25
522,1402567597826,2014-06-12 06:06:37 UTC,2014-06-12
523,1386170258749,2013-12-04 10:17:38 UTC,2013-12-04
524,1407513168896,2014-08-08 11:52:48 UTC,2014-08-08
525,1393358189159,2014-02-25 14:56:29 UTC,2014-02-25
526,1408110165398,2014-08-15 09:42:45 UTC,2014-08-15
527,1365706903440,2013-04-11 15:01:43 UTC,2013-04-11
528,1392401530750,2014-02-14 13:12:10 UTC,2014-02-14
529,1403044074500,2014-06-17 18:27:54 UTC,2014-06-17
530,1384364713334,2013-11-13 12:45:13 UTC,2013-11-13
531,1394162875935,2014-03-06 22:27:55 UTC,2014-03-06
532,1410374265929,2014-09-10 14:37:45 UTC,2014-09-10
533,1400170341647,2014-05-15 12:12:21 UTC,2014-05-15
534,1380831036574,2013-10-03 16:10:36 UTC,2013-10-03
535,1400862473519,2014-05-23 12:27:53 UTC,2014-05-23
536,1380304681350,2013-09-27 13:58:01 UTC,2013-09-27
537,1381829575381,2013-10-15 05:32:55 UTC,2013-10-15
538,1386357508541,2013-12-06 14:18:28 UTC,2013-12-06
539,1360717957815,2013-02-12 20:12:37 UTC,2013-02-12
540,1392725831338,2014-02-18 07:17:11 UTC,2014-02-18
541,1393604861179,2014-02-28 11:27:41 UTC,2014-02-28
542,1384968595852,2013-11-20 12:29:55 UTC,2013-11-20
543,1401985695578,2014-06-05 12:28:15 UTC,2014-06-05
544,1398284084647,2014-04-23 16:14:44 UTC,2014-04-23
545,1408380076991,2014-08-18 12:41:16 UTC,2014-08-18
546,1402935906857,2014-06-16 12:25:06 UTC,2014-06-16
547,1406300135365,2014-07-25 10:55:35 UTC,2014-07-25
548,1385125478542,2013-11-22 08:04:38 UTC,2013-11-22
549,1410440509713,2014-09-11 09:01:49 UTC,2014-09-11
550,1405424599648,2014-07-15 07:43:19 UTC,2014-07-15
551,1386690802872,2013-12-10 10:53:22 UTC,2013-12-10
552,1391779690988,2014-02-07 08:28:10 UTC,2014-02-07
553,1394813535790,2014-03-14 12:12:15 UTC,2014-03-14
554,1406598505451,2014-07-28 21:48:25 UTC,2014-07-28
555,1386356947710,2013-12-06 14:09:07 UTC,2013-12-06
556,1382111749365,2013-10-18 11:55:49 UTC,2013-10-18
557,1378501017830,2013-09-06 16:56:57 UTC,2013-09-06
558,1379976571631,2013-09-23 18:49:31 UTC,2013-09-23
559,1410286086302,2014-09-09 14:08:06 UTC,2014-09-09
560,1392309554406,2014-02-13 11:39:14 UTC,2014-02-13
561,1396442666716,2014-04-02 08:44:26 UTC,2014-04-02
562,1393825981891,2014-03-03 00:53:01 UTC,2014-03-03
563,1398739335045,2014-04-28 22:42:15 UTC,2014-04-28
564,1389368358239,2014-01-10 10:39:18 UTC,2014-01-10
565,1394571834922,2014-03-11 17:03:54 UTC,2014-03-11
566,1379508687686,2013-09-18 08:51:27 UTC,2013-09-18
567,1383677299979,2013-11-05 13:48:19 UTC,2013-11-05
568,1410875309473,2014-09-16 09:48:29 UTC,2014-09-16
569,1386078994109,2013-12-03 08:56:34 UTC,2013-12-03
570,1384544273356,2013-11-15 14:37:53 UTC,2013-11-15
571,1398869574695,2014-04-30 10:52:54 UTC,2014-04-30
572,1399566591145,2014-05-08 12:29:51 UTC,2014-05-08
573,1386354074373,2013-12-06 13:21:14 UTC,2013-12-06
574,1397043447968,2014-04-09 07:37:27 UTC,2014-04-09
575,1390850106325,2014-01-27 14:15:06 UTC,2014-01-27
576,1389362861735,2014-01-10 09:07:41 UTC,2014-01-10
577,1387453781240,2013-12-19 06:49:41 UTC,2013-12-19
578,1384195808396,2013-11-11 13:50:08 UTC,2013-11-11
579,1391002605738,2014-01-29 08:36:45 UTC,2014-01-29
580,1386200205300,2013-12-04 18:36:45 UTC,2013-12-04
581,1379439918249,2013-09-17 13:45:18 UTC,2013-09-17
582,1400533808058,2014-05-19 17:10:08 UTC,2014-05-19
583,1409016861335,2014-08-25 21:34:21 UTC,2014-08-25
584,1392227545444,2014-02-12 12:52:25 UTC,2014-02-12
585,1398697673273,2014-04-28 11:07:53 UTC,2014-04-28
586,1385423694545,2013-11-25 18:54:54 UTC,2013-11-25
587,1389880826436,2014-01-16 09:00:26 UTC,2014-01-16
588,1386194733416,2013-12-04 17:05:33 UTC,2013-12-04
589,1392868237286,2014-02-19 22:50:37 UTC,2014-02-19
590,1386180043616,2013-12-04 13:00:43 UTC,2013-12-04
591,1402523657075,2014-06-11 17:54:17 UTC,2014-06-11
592,1393947334661,2014-03-04 10:35:34 UTC,2014-03-04
593,1408045736412,2014-08-14 15:48:56 UTC,2014-08-14
594,1400866313892,2014-05-23 13:31:53 UTC,2014-05-23
595,1401462104465,2014-05-30 11:01:44 UTC,2014-05-30
596,1405677377512,2014-07-18 05:56:17 UTC,2014-07-18
597,1404237970371,2014-07-01 14:06:10 UTC,2014-07-01
598,1400589502293,2014-05-20 08:38:22 UTC,2014-05-20
599,1402009781681,2014-06-05 19:09:41 UTC,2014-06-05
600,1405012917178,2014-07-10 13:21:57 UTC,2014-07-10
601,1383314074623,2013-11-01 09:54:34 UTC,2013-11-01
602,1393041799693,2014-02-21 23:03:19 UTC,2014-02-21
603,1388418268934,2013-12-30 10:44:28 UTC,2013-12-30
604,1409585180635,2014-09-01 11:26:20 UTC,2014-09-01
605,1410889636552,2014-09-16 13:47:16 UTC,2014-09-16
606,1408398243319,2014-08-18 17:44:03 UTC,2014-08-18
607,1403809957738,2014-06-26 15:12:37 UTC,2014-06-26
608,1392832838479,2014-02-19 13:00:38 UTC,2014-02-19
609,1406114240047,2014-07-23 07:17:20 UTC,2014-07-23
610,1392835175353,2014-02-19 13:39:35 UTC,2014-02-19
611,1390873150522,2014-01-27 20:39:10 UTC,2014-01-27
612,1401466302074,2014-05-30 12:11:42 UTC,2014-05-30
613,1405508936788,2014-07-16 07:08:56 UTC,2014-07-16
614,1409736651356,2014-09-03 05:30:51 UTC,2014-09-03
615,1403826571768,2014-06-26 19:49:31 UTC,2014-06-26
616,1397048638010,2014-04-09 09:03:58 UTC,2014-04-09
617,1396547152526,2014-04-03 13:45:52 UTC,2014-04-03
618,1410368457347,2014-09-10 13:00:57 UTC,2014-09-10
619,1397466937420,2014-04-14 05:15:37 UTC,2014-04-14
620,1392835728967,2014-02-19 13:48:48 UTC,2014-02-19
621,1380755073125,2013-10-02 19:04:33 UTC,2013-10-02
622,1395842030859,2014-03-26 09:53:50 UTC,2014-03-26
623,1404235871568,2014-07-01 13:31:11 UTC,2014-07-01
624,1373980714415,2013-07-16 09:18:34 UTC,2013-07-16
625,1403035136812,2014-06-17 15:58:56 UTC,2014-06-17
626,1398893938213,2014-04-30 17:38:58 UTC,2014-04-30
627,1395777802026,2014-03-25 16:03:22 UTC,2014-03-25
628,1400278306229,2014-05-16 18:11:46 UTC,2014-05-16
629,1398847556199,2014-04-30 04:45:56 UTC,2014-04-30
630,1406118856336,2014-07-23 08:34:16 UTC,2014-07-23
631,1391777288012,2014-02-07 07:48:08 UTC,2014-02-07
632,1403538073103,2014-06-23 11:41:13 UTC,2014-06-23
633,1409854466573,2014-09-04 14:14:26 UTC,2014-09-04
634,1379607115524,2013-09-19 12:11:55 UTC,2013-09-19
635,1381411294148,2013-10-10 09:21:34 UTC,2013-10-10
636,1403793485380,2014-06-26 10:38:05 UTC,2014-06-26
637,1390598043720,2014-01-24 16:14:03 UTC,2014-01-24
638,1405692976142,2014-07-18 10:16:16 UTC,2014-07-18
639,1383137753712,2013-10-30 08:55:53 UTC,2013-10-30
640,1398729080300,2014-04-28 19:51:20 UTC,2014-04-28
641,1403623870971,2014-06-24 11:31:10 UTC,2014-06-24
642,1387809951093,2013-12-23 09:45:51 UTC,2013-12-23
643,1398773259293,2014-04-29 08:07:39 UTC,2014-04-29
644,1380213012375,2013-09-26 12:30:12 UTC,2013-09-26
645,1402649310854,2014-06-13 04:48:30 UTC,2014-06-13
646,1388794989672,2014-01-03 19:23:09 UTC,2014-01-03
647,1391435210646,2014-02-03 08:46:50 UTC,2014-02-03
648,1361816586671,2013-02-25 13:23:06 UTC,2013-02-25
649,1382137951099,2013-10-18 19:12:31 UTC,2013-10-18
650,1410300484547,2014-09-09 18:08:04 UTC,2014-09-09
651,1383937299891,2013-11-08 14:01:39 UTC,2013-11-08
652,1408408510576,2014-08-18 20:35:10 UTC,2014-08-18
653,1398256630088,2014-04-23 08:37:10 UTC,2014-04-23
654,1394821925667,2014-03-14 14:32:05 UTC,2014-03-14
655,1379493416346,2013-09-18 04:36:56 UTC,2013-09-18
656,1405003689722,2014-07-10 10:48:09 UTC,2014-07-10
657,1410237908752,2014-09-09 00:45:08 UTC,2014-09-09
658,1403901042658,2014-06-27 16:30:42 UTC,2014-06-27
659,1410456337262,2014-09-11 13:25:37 UTC,2014-09-11
660,1404407860138,2014-07-03 13:17:40 UTC,2014-07-03
661,1403915774244,2014-06-27 20:36:14 UTC,2014-06-27
662,1383617308056,2013-11-04 21:08:28 UTC,2013-11-04
663,1404694011352,2014-07-06 20:46:51 UTC,2014-07-06
664,1403087020002,2014-06-18 06:23:40 UTC,2014-06-18
665,1406916752366,2014-08-01 14:12:32 UTC,2014-08-01
666,1405350335463,2014-07-14 11:05:35 UTC,2014-07-14
667,1401400172435,2014-05-29 17:49:32 UTC,2014-05-29
668,1386087264787,2013-12-03 11:14:24 UTC,2013-12-03
669,1373981843010,2013-07-16 09:37:23 UTC,2013-07-16
670,1402943425033,2014-06-16 14:30:25 UTC,2014-06-16
671,1388683207539,2014-01-02 12:20:07 UTC,2014-01-02
672,1385746662393,2013-11-29 12:37:42 UTC,2013-11-29
673,1407845045122,2014-08-12 08:04:05 UTC,2014-08-12
674,1406124903165,2014-07-23 10:15:03 UTC,2014-07-23
675,1408513143566,2014-08-20 01:39:03 UTC,2014-08-20
676,1397165219149,2014-04-10 17:26:59 UTC,2014-04-10
677,1386981052698,2013-12-13 19:30:52 UTC,2013-12-13
678,1399312056863,2014-05-05 13:47:36 UTC,2014-05-05
679,1403624587333,2014-06-24 11:43:07 UTC,2014-06-24
680,1401726716205,2014-06-02 12:31:56 UTC,2014-06-02
681,1396452946662,2014-04-02 11:35:46 UTC,2014-04-02
682,1406624161924,2014-07-29 04:56:01 UTC,2014-07-29
683,1391607467513,2014-02-05 08:37:47 UTC,2014-02-05
684,1403174299192,2014-06-19 06:38:19 UTC,2014-06-19
685,1365638091513,2013-04-10 19:54:51 UTC,2013-04-10
686,1403293354589,2014-06-20 15:42:34 UTC,2014-06-20
687,1384268608770,2013-11-12 10:03:28 UTC,2013-11-12
688,1403877642603,2014-06-27 10:00:42 UTC,2014-06-27
689,1386340953873,2013-12-06 09:42:33 UTC,2013-12-06
690,1394711958788,2014-03-13 07:59:18 UTC,2014-03-13
691,1392992478354,2014-02-21 09:21:18 UTC,2014-02-21
692,1399056857806,2014-05-02 14:54:17 UTC,2014-05-02
693,1404398573763,2014-07-03 10:42:53 UTC,2014-07-03
694,1385466467784,2013-11-26 06:47:47 UTC,2013-11-26
695,1385577028700,2013-11-27 13:30:28 UTC,2013-11-27
696,1398253071775,2014-04-23 07:37:51 UTC,2014-04-23
697,1386956290742,2013-12-13 12:38:10 UTC,2013-12-13
698,1408133624397,2014-08-15 16:13:44 UTC,2014-08-15
699,1406307168935,2014-07-25 12:52:48 UTC,2014-07-25
700,1382351720253,2013-10-21 06:35:20 UTC,2013-10-21
701,1410796782952,2014-09-15 11:59:42 UTC,2014-09-15
702,1402944031420,2014-06-16 14:40:31 UTC,2014-06-16
703,1403207165063,2014-06-19 15:46:05 UTC,2014-06-19
704,1410889712154,2014-09-16 13:48:32 UTC,2014-09-16
705,1390841512096,2014-01-27 11:51:52 UTC,2014-01-27
706,1405594080518,2014-07-17 06:48:00 UTC,2014-07-17
707,1393412056482,2014-02-26 05:54:16 UTC,2014-02-26
708,1404484570145,2014-07-04 10:36:10 UTC,2014-07-04
709,1394110458563,2014-03-06 07:54:18 UTC,2014-03-06
710,1401349661186,2014-05-29 03:47:41 UTC,2014-05-29
711,1407776958641,2014-08-11 13:09:18 UTC,2014-08-11
712,1410199432248,2014-09-08 14:03:52 UTC,2014-09-08
713,1404241934946,2014-07-01 15:12:14 UTC,2014-07-01
714,1401384839010,2014-05-29 13:33:59 UTC,2014-05-29
715,1384201056335,2013-11-11 15:17:36 UTC,2013-11-11
716,1375829201185,2013-08-06 18:46:41 UTC,2013-08-06
717,1385424117193,2013-11-25 19:01:57 UTC,2013-11-25
718,1396897822897,2014-04-07 15:10:22 UTC,2014-04-07
719,1396451913277,2014-04-02 11:18:33 UTC,2014-04-02
720,1398454757933,2014-04-25 15:39:17 UTC,2014-04-25
721,1384871527216,2013-11-19 09:32:07 UTC,2013-11-19
722,1390229685070,2014-01-20 09:54:45 UTC,2014-01-20
723,1393865754783,2014-03-03 11:55:54 UTC,2014-03-03
724,1406667191550,2014-07-29 16:53:11 UTC,2014-07-29
725,1395261445533,2014-03-19 16:37:25 UTC,2014-03-19
726,1376092754283,2013-08-09 19:59:14 UTC,2013-08-09
727,1406217533206,2014-07-24 11:58:53 UTC,2014-07-24
728,1403079780513,2014-06-18 04:23:00 UTC,2014-06-18
729,1377905393895,2013-08-30 19:29:53 UTC,2013-08-30
730,1396634839444,2014-04-04 14:07:19 UTC,2014-04-04
731,1380757439023,2013-10-02 19:43:59 UTC,2013-10-02
732,1384556792136,2013-11-15 18:06:32 UTC,2013-11-15
733,1394571782786,2014-03-11 17:03:02 UTC,2014-03-11
734,1408385261135,2014-08-18 14:07:41 UTC,2014-08-18
735,1407265333831,2014-08-05 15:02:13 UTC,2014-08-05
736,1390263015863,2014-01-20 19:10:15 UTC,2014-01-20
737,1408533070654,2014-08-20 07:11:10 UTC,2014-08-20
738,1384176529968,2013-11-11 08:28:49 UTC,2013-11-11
739,1383337188294,2013-11-01 16:19:48 UTC,2013-11-01
740,1388177707968,2013-12-27 15:55:07 UTC,2013-12-27
741,1396539996125,2014-04-03 11:46:36 UTC,2014-04-03
742,1405953531206,2014-07-21 10:38:51 UTC,2014-07-21
743,1410882767442,2014-09-16 11:52:47 UTC,2014-09-16
744,1389722634593,2014-01-14 13:03:54 UTC,2014-01-14
745,1389975152825,2014-01-17 11:12:32 UTC,2014-01-17
746,1398440603284,2014-04-25 11:43:23 UTC,2014-04-25
747,1395868584817,2014-03-26 17:16:24 UTC,2014-03-26
748,1405429907253,2014-07-15 09:11:47 UTC,2014-07-15
749,1393309671025,2014-02-25 01:27:51 UTC,2014-02-25
750,1395078888034,2014-03-17 13:54:48 UTC,2014-03-17
751,1398186455164,2014-04-22 13:07:35 UTC,2014-04-22
752,1393551405657,2014-02-27 20:36:45 UTC,2014-02-27
753,1407257860960,2014-08-05 12:57:40 UTC,2014-08-05
754,1394512513037,2014-03-11 00:35:13 UTC,2014-03-11
755,1385520180463,2013-11-26 21:43:00 UTC,2013-11-26
756,1404869981782,2014-07-08 21:39:41 UTC,2014-07-08
757,1409157190339,2014-08-27 12:33:10 UTC,2014-08-27
758,1396890777903,2014-04-07 13:12:57 UTC,2014-04-07
759,1395758877518,2014-03-25 10:47:57 UTC,2014-03-25
760,1400191978282,2014-05-15 18:12:58 UTC,2014-05-15
761,1404928199666,2014-07-09 13:49:59 UTC,2014-07-09
762,1386291938532,2013-12-05 20:05:38 UTC,2013-12-05
763,1383824630961,2013-11-07 06:43:50 UTC,2013-11-07
764,1378500838318,2013-09-06 16:53:58 UTC,2013-09-06
765,1410477235445,2014-09-11 19:13:55 UTC,2014-09-11
766,1385386165940,2013-11-25 08:29:25 UTC,2013-11-25
767,1382437500467,2013-10-22 06:25:00 UTC,2013-10-22
768,1410191847949,2014-09-08 11:57:27 UTC,2014-09-08
769,1385394207646,2013-11-25 10:43:27 UTC,2013-11-25
770,1406632884158,2014-07-29 07:21:24 UTC,2014-07-29
771,1389955687235,2014-01-17 05:48:07 UTC,2014-01-17
772,1389793540514,2014-01-15 08:45:40 UTC,2014-01-15
773,1393520823768,2014-02-27 12:07:03 UTC,2014-02-27
774,1400673072292,2014-05-21 07:51:12 UTC,2014-05-21
775,1381729019042,2013-10-14 01:36:59 UTC,2013-10-14
776,1393433840919,2014-02-26 11:57:20 UTC,2014-02-26
777,1392338278934,2014-02-13 19:37:58 UTC,2014-02-13
778,1392322153269,2014-02-13 15:09:13 UTC,2014-02-13
779,1408029707725,2014-08-14 11:21:47 UTC,2014-08-14
780,1406902635911,2014-08-01 10:17:15 UTC,2014-08-01
781,1384380218631,2013-11-13 17:03:38 UTC,2013-11-13
782,1404745766203,2014-07-07 11:09:26 UTC,2014-07-07
783,1384877852148,2013-11-19 11:17:32 UTC,2013-11-19
784,1409926617800,2014-09-05 10:16:57 UTC,2014-09-05
785,1398781099497,2014-04-29 10:18:19 UTC,2014-04-29
786,1385738586748,2013-11-29 10:23:06 UTC,2013-11-29
787,1391637245901,2014-02-05 16:54:05 UTC,2014-02-05
788,1402482693829,2014-06-11 06:31:33 UTC,2014-06-11
789,1384670850168,2013-11-17 01:47:30 UTC,2013-11-17
790,1405510464428,2014-07-16 07:34:24 UTC,2014-07-16
791,1404324158756,2014-07-02 14:02:38 UTC,2014-07-02
792,1396042421426,2014-03-28 17:33:41 UTC,2014-03-28
793,1403100296179,2014-06-18 10:04:56 UTC,2014-06-18
794,1403534665711,2014-06-23 10:44:25 UTC,2014-06-23
795,1403163533576,2014-06-19 03:38:53 UTC,2014-06-19
796,1402934067116,2014-06-16 11:54:27 UTC,2014-06-16
797,1401976758182,2014-06-05 09:59:18 UTC,2014-06-05
798,1391549317033,2014-02-04 16:28:37 UTC,2014-02-04
799,1381161071387,2013-10-07 11:51:11 UTC,2013-10-07
800,1402595723331,2014-06-12 13:55:23 UTC,2014-06-12
801,1402933843965,2014-06-16 11:50:43 UTC,2014-06-16
802,1390389247040,2014-01-22 06:14:07 UTC,2014-01-22
803,1394200982061,2014-03-07 09:03:02 UTC,2014-03-07
804,1392206902690,2014-02-12 07:08:22 UTC,2014-02-12
805,1408535664431,2014-08-20 07:54:24 UTC,2014-08-20
806,1394558735315,2014-03-11 13:25:35 UTC,2014-03-11
807,1392216422683,2014-02-12 09:47:02 UTC,2014-02-12
808,1387203596288,2013-12-16 09:19:56 UTC,2013-12-16
809,1407323085318,2014-08-06 07:04:45 UTC,2014-08-06
810,1395239533643,2014-03-19 10:32:13 UTC,2014-03-19
811,1397327305005,2014-04-12 14:28:25 UTC,2014-04-12
812,1405943503736,2014-07-21 07:51:43 UTC,2014-07-21
813,1403590151207,2014-06-24 02:09:11 UTC,2014-06-24
814,1401311000986,2014-05-28 17:03:20 UTC,2014-05-28
815,1380126771365,2013-09-25 12:32:51 UTC,2013-09-25
816,1402658513656,2014-06-13 07:21:53 UTC,2014-06-13
817,1389826950989,2014-01-15 18:02:30 UTC,2014-01-15
818,1392341361775,2014-02-13 20:29:21 UTC,2014-02-13
819,1379592553499,2013-09-19 08:09:13 UTC,2013-09-19
820,1403870496125,2014-06-27 08:01:36 UTC,2014-06-27
821,1400517586739,2014-05-19 12:39:46 UTC,2014-05-19
822,1379548955179,2013-09-18 20:02:35 UTC,2013-09-18
823,1407919539470,2014-08-13 04:45:39 UTC,2014-08-13
824,1393464502283,2014-02-26 20:28:22 UTC,2014-02-26
825,1410921674594,2014-09-16 22:41:14 UTC,2014-09-16
826,1385497272072,2013-11-26 15:21:12 UTC,2013-11-26
827,1386670516394,2013-12-10 05:15:16 UTC,2013-12-10
828,1395248309531,2014-03-19 12:58:29 UTC,2014-03-19
829,1386065739653,2013-12-03 05:15:39 UTC,2013-12-03
830,1386169356608,2013-12-04 10:02:36 UTC,2013-12-04
831,1392246323501,2014-02-12 18:05:23 UTC,2014-02-12
832,1392989798041,2014-02-21 08:36:38 UTC,2014-02-21
833,1383158217469,2013-10-30 14:36:57 UTC,2013-10-30
834,1407406874706,2014-08-07 06:21:14 UTC,2014-08-07
835,1402501736970,2014-06-11 11:48:56 UTC,2014-06-11
836,1393422899701,2014-02-26 08:54:59 UTC,2014-02-26
837,1391524846155,2014-02-04 09:40:46 UTC,2014-02-04
838,1382966293322,2013-10-28 09:18:13 UTC,2013-10-28
839,1395318860297,2014-03-20 08:34:20 UTC,2014-03-20
840,1408369247979,2014-08-18 09:40:47 UTC,2014-08-18
841,1400085131760,2014-05-14 12:32:11 UTC,2014-05-14
842,1404850151891,2014-07-08 16:09:11 UTC,2014-07-08
843,1380304027512,2013-09-27 13:47:07 UTC,2013-09-27
844,1394046716343,2014-03-05 14:11:56 UTC,2014-03-05
845,1402505733892,2014-06-11 12:55:33 UTC,2014-06-11
846,1407959220656,2014-08-13 15:47:00 UTC,2014-08-13
847,1391816973373,2014-02-07 18:49:33 UTC,2014-02-07
848,1409860321096,2014-09-04 15:52:01 UTC,2014-09-04
849,1406648265232,2014-07-29 11:37:45 UTC,2014-07-29
850,1397760983567,2014-04-17 14:56:23 UTC,2014-04-17
851,1407237903955,2014-08-05 07:25:03 UTC,2014-08-05
852,1409316017576,2014-08-29 08:40:17 UTC,2014-08-29
853,1406119756616,2014-07-23 08:49:16 UTC,2014-07-23
854,1409760529775,2014-09-03 12:08:49 UTC,2014-09-03
855,1399995426586,2014-05-13 11:37:06 UTC,2014-05-13
856,1404831289099,2014-07-08 10:54:49 UTC,2014-07-08
857,1405555294336,2014-07-16 20:01:34 UTC,2014-07-16
858,1403626968440,2014-06-24 12:22:48 UTC,2014-06-24
859,1409011363761,2014-08-25 20:02:43 UTC,2014-08-25
860,1396476664183,2014-04-02 18:11:04 UTC,2014-04-02
861,1402979522593,2014-06-17 00:32:02 UTC,2014-06-17
862,1394041885525,2014-03-05 12:51:25 UTC,2014-03-05
863,1390258953571,2014-01-20 18:02:33 UTC,2014-01-20
864,1391982308695,2014-02-09 16:45:08 UTC,2014-02-09
865,1409087727729,2014-08-26 17:15:27 UTC,2014-08-26
866,1385582529354,2013-11-27 15:02:09 UTC,2013-11-27
867,1395841404005,2014-03-26 09:43:24 UTC,2014-03-26
868,1403902291428,2014-06-27 16:51:31 UTC,2014-06-27
869,1409890361160,2014-09-05 00:12:41 UTC,2014-09-05
870,1382995574363,2013-10-28 17:26:14 UTC,2013-10-28
871,1401214220993,2014-05-27 14:10:20 UTC,2014-05-27
872,1409575059255,2014-09-01 08:37:39 UTC,2014-09-01
873,1395842813990,2014-03-26 10:06:53 UTC,2014-03-26
874,1386262824946,2013-12-05 12:00:24 UTC,2013-12-05
875,1395920594687,2014-03-27 07:43:14 UTC,2014-03-27
876,1405533447299,2014-07-16 13:57:27 UTC,2014-07-16
877,1393852875906,2014-03-03 08:21:15 UTC,2014-03-03
878,1410364961321,2014-09-10 12:02:41 UTC,2014-09-10
879,1408621234539,2014-08-21 07:40:34 UTC,2014-08-21
880,1404733335988,2014-07-07 07:42:15 UTC,2014-07-07
881,1394560091622,2014-03-11 13:48:11 UTC,2014-03-11
882,1384900777280,2013-11-19 17:39:37 UTC,2013-11-19
883,1398976857816,2014-05-01 16:40:57 UTC,2014-05-01
884,1393635492250,2014-02-28 19:58:12 UTC,2014-02-28
885,1408402944153,2014-08-18 19:02:24 UTC,2014-08-18
886,1390307576130,2014-01-21 07:32:56 UTC,2014-01-21
887,1384447813393,2013-11-14 11:50:13 UTC,2013-11-14
888,1384197976207,2013-11-11 14:26:16 UTC,2013-11-11
889,1407329295038,2014-08-06 08:48:15 UTC,2014-08-06
890,1392657898076,2014-02-17 12:24:58 UTC,2014-02-17
891,1402657098784,2014-06-13 06:58:18 UTC,2014-06-13
892,1393372032224,2014-02-25 18:47:12 UTC,2014-02-25
893,1380307797190,2013-09-27 14:49:57 UTC,2013-09-27
894,1385489170338,2013-11-26 13:06:10 UTC,2013-11-26
895,1404215050922,2014-07-01 07:44:10 UTC,2014-07-01
896,1389720385269,2014-01-14 12:26:25 UTC,2014-01-14
897,1409265771166,2014-08-28 18:42:51 UTC,2014-08-28
898,1392145179721,2014-02-11 13:59:39 UTC,2014-02-11
899,1407446594736,2014-08-07 17:23:14 UTC,2014-08-07
900,1399678788158,2014-05-09 19:39:48 UTC,2014-05-09
901,1401238130302,2014-05-27 20:48:50 UTC,2014-05-27
902,1390269427683,2014-01-20 20:57:07 UTC,2014-01-20
903,1404238899003,2014-07-01 14:21:39 UTC,2014-07-01
904,1395060676302,2014-03-17 08:51:16 UTC,2014-03-17
905,1377282003035,2013-08-23 14:20:03 UTC,2013-08-23
906,1381928416474,2013-10-16 09:00:16 UTC,2013-10-16
907,1402425447949,2014-06-10 14:37:27 UTC,2014-06-10
908,1358276682706,2013-01-15 14:04:42 UTC,2013-01-15
909,1398898714013,2014-04-30 18:58:34 UTC,2014-04-30
910,1397352376767,2014-04-12 21:26:16 UTC,2014-04-12
911,1405530116993,2014-07-16 13:01:56 UTC,2014-07-16
912,1409059433582,2014-08-26 09:23:53 UTC,2014-08-26
913,1395853277703,2014-03-26 13:01:17 UTC,2014-03-26
914,1405968345888,2014-07-21 14:45:45 UTC,2014-07-21
915,1378783228497,2013-09-09 23:20:28 UTC,2013-09-09
916,1407170465548,2014-08-04 12:41:05 UTC,2014-08-04
917,1398773220277,2014-04-29 08:07:00 UTC,2014-04-29
918,1396882565265,2014-04-07 10:56:05 UTC,2014-04-07
919,1387492267782,2013-12-19 17:31:07 UTC,2013-12-19
920,1392131106409,2014-02-11 10:05:06 UTC,2014-02-11
921,1388693211888,2014-01-02 15:06:51 UTC,2014-01-02
922,1380315784154,2013-09-27 17:03:04 UTC,2013-09-27
923,1387339749763,2013-12-17 23:09:09 UTC,2013-12-17
924,1384291744761,2013-11-12 16:29:04 UTC,2013-11-12
925,1406198453841,2014-07-24 06:40:53 UTC,2014-07-24
926,1407978366371,2014-08-13 21:06:06 UTC,2014-08-13
927,1390991497348,2014-01-29 05:31:37 UTC,2014-01-29
928,1409060890134,2014-08-26 09:48:10 UTC,2014-08-26
929,1383249270580,2013-10-31 15:54:30 UTC,2013-10-31
930,1403563187622,2014-06-23 18:39:47 UTC,2014-06-23
931,1381940879575,2013-10-16 12:27:59 UTC,2013-10-16
932,1385650746063,2013-11-28 09:59:06 UTC,2013-11-28
933,1402907349394,2014-06-16 04:29:09 UTC,2014-06-16
934,1392948782248,2014-02-20 21:13:02 UTC,2014-02-20
935,1401807259202,2014-06-03 10:54:19 UTC,2014-06-03
936,1381502348919,2013-10-11 10:39:08 UTC,2013-10-11
937,1400085532840,2014-05-14 12:38:52 UTC,2014-05-14
938,1372029724515,2013-06-23 19:22:04 UTC,2013-06-23
939,1389880925691,2014-01-16 09:02:05 UTC,2014-01-16
940,1390408424241,2014-01-22 11:33:44 UTC,2014-01-22
941,1401718171911,2014-06-02 10:09:31 UTC,2014-06-02
942,1391197969729,2014-01-31 14:52:49 UTC,2014-01-31
943,1400539906503,2014-05-19 18:51:46 UTC,2014-05-19
944,1387375893951,2013-12-18 09:11:33 UTC,2013-12-18
945,1387385201743,2013-12-18 11:46:41 UTC,2013-12-18
946,1391802361441,2014-02-07 14:46:01 UTC,2014-02-07
947,1387961473407,2013-12-25 03:51:13 UTC,2013-12-25
948,1395422940528,2014-03-21 13:29:00 UTC,2014-03-21
949,1388756422341,2014-01-03 08:40:22 UTC,2014-01-03
950,1388054220070,2013-12-26 05:37:00 UTC,2013-12-26
951,1399475049749,2014-05-07 11:04:09 UTC,2014-05-07
952,1397573517872,2014-04-15 10:51:57 UTC,2014-04-15
953,1399486076822,2014-05-07 14:07:56 UTC,2014-05-07
954,1395146911646,2014-03-18 08:48:31 UTC,2014-03-18
955,1399375819174,2014-05-06 07:30:19 UTC,2014-05-06
956,1398193282841,2014-04-22 15:01:22 UTC,2014-04-22
957,1398256546351,2014-04-23 08:35:46 UTC,2014-04-23
958,1397167238327,2014-04-10 18:00:38 UTC,2014-04-10
959,1387565797347,2013-12-20 13:56:37 UTC,2013-12-20
960,1409151663114,2014-08-27 11:01:03 UTC,2014-08-27
961,1383149086790,2013-10-30 12:04:46 UTC,2013-10-30
962,1386336523859,2013-12-06 08:28:43 UTC,2013-12-06
963,1408113011715,2014-08-15 10:30:11 UTC,2014-08-15
964,1403808358178,2014-06-26 14:45:58 UTC,2014-06-26
965,1397041519185,2014-04-09 07:05:19 UTC,2014-04-09
966,1398280753429,2014-04-23 15:19:13 UTC,2014-04-23
967,1393343011648,2014-02-25 10:43:31 UTC,2014-02-25
968,1403733982927,2014-06-25 18:06:22 UTC,2014-06-25
969,1392770315999,2014-02-18 19:38:35 UTC,2014-02-18
970,1403016007562,2014-06-17 10:40:07 UTC,2014-06-17
971,1407543043542,2014-08-08 20:10:43 UTC,2014-08-08
972,1403209352151,2014-06-19 16:22:32 UTC,2014-06-19
973,1397606029455,2014-04-15 19:53:49 UTC,2014-04-15
974,1383928564427,2013-11-08 11:36:04 UTC,2013-11-08
975,1385129142453,2013-11-22 09:05:42 UTC,2013-11-22
976,1394522936985,2014-03-11 03:28:56 UTC,2014-03-11
977,1380128471677,2013-09-25 13:01:11 UTC,2013-09-25
978,1392771186819,2014-02-18 19:53:06 UTC,2014-02-18
979,1403013764326,2014-06-17 10:02:44 UTC,2014-06-17
980,1410469776810,2014-09-11 17:09:36 UTC,2014-09-11
981,1401325108555,2014-05-28 20:58:28 UTC,2014-05-28
982,1394027473628,2014-03-05 08:51:13 UTC,2014-03-05
983,1391222049640,2014-01-31 21:34:09 UTC,2014-01-31
984,1402938754072,2014-06-16 13:12:34 UTC,2014-06-16
985,1394130717743,2014-03-06 13:31:57 UTC,2014-03-06
986,1379802856593,2013-09-21 18:34:16 UTC,2013-09-21
987,1392397742975,2014-02-14 12:09:02 UTC,2014-02-14
988,1377115468200,2013-08-21 16:04:28 UTC,2013-08-21
989,1408029512878,2014-08-14 11:18:32 UTC,2014-08-14
990,1383182941488,2013-10-30 21:29:01 UTC,2013-10-30
991,1379414602645,2013-09-17 06:43:22 UTC,2013-09-17
992,1401476332622,2014-05-30 14:58:52 UTC,2014-05-30
993,1392634079284,2014-02-17 05:47:59 UTC,2014-02-17
994,1396044938602,2014-03-28 18:15:38 UTC,2014-03-28
995,1396457055002,2014-04-02 12:44:15 UTC,2014-04-02
996,1394839275536,2014-03-14 19:21:15 UTC,2014-03-14
997,1405389400147,2014-07-14 21:56:40 UTC,2014-07-14
998,1380227196021,2013-09-26 16:26:36 UTC,2013-09-26
999,1407932711539,2014-08-13 08:25:11 UTC,2014-08-13
1000,1397685239407,2014-04-16 17:53:59 UTC,2014-04-16
1001,1399891521111,2014-05-12 06:45:21 UTC,2014-05-12
1002,1399892159598,2014-05-12 06:55:59 UTC,2014-05-12
1003,1401212202750,2014-05-27 13:36:42 UTC,2014-05-27
1004,1405079186728,2014-07-11 07:46:26 UTC,2014-07-11
1005,1390963155073,2014-01-28 21:39:15 UTC,2014-01-28
1006,1404320757572,2014-07-02 13:05:57 UTC,2014-07-02
1007,1402913451240,2014-06-16 06:10:51 UTC,2014-06-16
1008,1392039007251,2014-02-10 08:30:07 UTC,2014-02-10
1009,1391774978851,2014-02-07 07:09:38 UTC,2014-02-07
1010,1382407977031,2013-10-21 22:12:57 UTC,2013-10-21
1011,1389894100228,2014-01-16 12:41:40 UTC,2014-01-16
1012,1402672554848,2014-06-13 11:15:54 UTC,2014-06-13
1013,1404918338224,2014-07-09 11:05:38 UTC,2014-07-09
1014,1402574555366,2014-06-12 08:02:35 UTC,2014-06-12
1015,1388777116291,2014-01-03 14:25:16 UTC,2014-01-03
1016,1403213004350,2014-06-19 17:23:24 UTC,2014-06-19
1017,1393864293198,2014-03-03 11:31:33 UTC,2014-03-03
1018,1399341276498,2014-05-05 21:54:36 UTC,2014-05-05
1019,1408559064187,2014-08-20 14:24:24 UTC,2014-08-20
1020,1409839933814,2014-09-04 10:12:13 UTC,2014-09-04
1021,1404770192568,2014-07-07 17:56:32 UTC,2014-07-07
1022,1386256489363,2013-12-05 10:14:49 UTC,2013-12-05
1023,1390408065492,2014-01-22 11:27:45 UTC,2014-01-22
1024,1398359812485,2014-04-24 13:16:52 UTC,2014-04-24
1025,1402979038124,2014-06-17 00:23:58 UTC,2014-06-17
1026,1401403258271,2014-05-29 18:40:58 UTC,2014-05-29
1027,1406821477698,2014-07-31 11:44:37 UTC,2014-07-31
1028,1391430701178,2014-02-03 07:31:41 UTC,2014-02-03
1029,1387908321980,2013-12-24 13:05:21 UTC,2013-12-24
1030,1405340031613,2014-07-14 08:13:51 UTC,2014-07-14
1031,1392318991072,2014-02-13 14:16:31 UTC,2014-02-13
1032,1398686972038,2014-04-28 08:09:32 UTC,2014-04-28
1033,1385472462055,2013-11-26 08:27:42 UTC,2013-11-26
1034,1404249054053,2014-07-01 17:10:54 UTC,2014-07-01
1035,1397826137642,2014-04-18 09:02:17 UTC,2014-04-18
1036,1398253992808,2014-04-23 07:53:12 UTC,2014-04-23
1037,1380307707638,2013-09-27 14:48:27 UTC,2013-09-27
1038,1395329316026,2014-03-20 11:28:36 UTC,2014-03-20
1039,1380325539110,2013-09-27 19:45:39 UTC,2013-09-27
1040,1410194648128,2014-09-08 12:44:08 UTC,2014-09-08
1041,1387371818311,2013-12-18 08:03:38 UTC,2013-12-18
1042,1393476841389,2014-02-26 23:54:01 UTC,2014-02-26
1043,1410827814064,2014-09-15 20:36:54 UTC,2014-09-15
1044,1397067623156,2014-04-09 14:20:23 UTC,2014-04-09
1045,1403816719963,2014-06-26 17:05:19 UTC,2014-06-26
1046,1381757173635,2013-10-14 09:26:13 UTC,2013-10-14
1047,1408452630183,2014-08-19 08:50:30 UTC,2014-08-19
1048,1395852657096,2014-03-26 12:50:57 UTC,2014-03-26
1049,1403718220214,2014-06-25 13:43:40 UTC,2014-06-25
1050,1395073263199,2014-03-17 12:21:03 UTC,2014-03-17
1051,1407000837343,2014-08-02 13:33:57 UTC,2014-08-02
1052,1407170238086,2014-08-04 12:37:18 UTC,2014-08-04
1053,1396637100143,2014-04-04 14:45:00 UTC,2014-04-04
1054,1395675363615,2014-03-24 11:36:03 UTC,2014-03-24
1055,1400686803839,2014-05-21 11:40:03 UTC,2014-05-21
1056,1405036413039,2014-07-10 19:53:33 UTC,2014-07-10
1057,1394546757786,2014-03-11 10:05:57 UTC,2014-03-11
1058,1395074875604,2014-03-17 12:47:55 UTC,2014-03-17
1059,1398199729280,2014-04-22 16:48:49 UTC,2014-04-22
1060,1398771638616,2014-04-29 07:40:38 UTC,2014-04-29
1061,1395069791668,2014-03-17 11:23:11 UTC,2014-03-17
1062,1402670991174,2014-06-13 10:49:51 UTC,2014-06-13
1063,1391185649804,2014-01-31 11:27:29 UTC,2014-01-31
1064,1398353818669,2014-04-24 11:36:58 UTC,2014-04-24
1065,1384450701906,2013-11-14 12:38:21 UTC,2013-11-14
1066,1365717351673,2013-04-11 17:55:51 UTC,2013-04-11
1067,1394022301860,2014-03-05 07:25:01 UTC,2014-03-05
1068,1385043067820,2013-11-21 09:11:07 UTC,2013-11-21
1069,1402700919771,2014-06-13 19:08:39 UTC,2014-06-13
1070,1396635062277,2014-04-04 14:11:02 UTC,2014-04-04
1071,1400107856929,2014-05-14 18:50:56 UTC,2014-05-14
1072,1379935314777,2013-09-23 07:21:54 UTC,2013-09-23
1073,1395185967583,2014-03-18 19:39:27 UTC,2014-03-18
1074,1389875187612,2014-01-16 07:26:27 UTC,2014-01-16
1075,1400020012466,2014-05-13 18:26:52 UTC,2014-05-13
1076,1380101643398,2013-09-25 05:34:03 UTC,2013-09-25
1077,1381845993241,2013-10-15 10:06:33 UTC,2013-10-15
1078,1393935572562,2014-03-04 07:19:32 UTC,2014-03-04
1079,1403275922313,2014-06-20 10:52:02 UTC,2014-06-20
1080,1386899554202,2013-12-12 20:52:34 UTC,2013-12-12
1081,1379508774451,2013-09-18 08:52:54 UTC,2013-09-18
1082,1389631121275,2014-01-13 11:38:41 UTC,2014-01-13
1083,1396360937285,2014-04-01 10:02:17 UTC,2014-04-01
1084,1404975686882,2014-07-10 03:01:26 UTC,2014-07-10
1085,1403112490550,2014-06-18 13:28:10 UTC,2014-06-18
1086,1387456639904,2013-12-19 07:37:19 UTC,2013-12-19
1087,1390865037167,2014-01-27 18:23:57 UTC,2014-01-27
1088,1397228257087,2014-04-11 10:57:37 UTC,2014-04-11
1089,1397670732897,2014-04-16 13:52:12 UTC,2014-04-16
1090,1385076023431,2013-11-21 18:20:23 UTC,2013-11-21
1091,1407550432972,2014-08-08 22:13:52 UTC,2014-08-08
1092,1400251647019,2014-05-16 10:47:27 UTC,2014-05-16
1093,1406641878214,2014-07-29 09:51:18 UTC,2014-07-29
1094,1371068925351,2013-06-12 16:28:45 UTC,2013-06-12
1095,1384535953157,2013-11-15 12:19:13 UTC,2013-11-15
1096,1409306738327,2014-08-29 06:05:38 UTC,2014-08-29
1097,1406204228725,2014-07-24 08:17:08 UTC,2014-07-24
1098,1391532123609,2014-02-04 11:42:03 UTC,2014-02-04
1099,1386162918087,2013-12-04 08:15:18 UTC,2013-12-04
1100,1386250004298,2013-12-05 08:26:44 UTC,2013-12-05
1101,1396370480024,2014-04-01 12:41:20 UTC,2014-04-01
1102,1399389291970,2014-05-06 11:14:51 UTC,2014-05-06
1103,1409782508160,2014-09-03 18:15:08 UTC,2014-09-03
1104,1405469576045,2014-07-15 20:12:56 UTC,2014-07-15
1105,1403560744597,2014-06-23 17:59:04 UTC,2014-06-23
1106,1392201545240,2014-02-12 05:39:05 UTC,2014-02-12
1107,1389270685018,2014-01-09 07:31:25 UTC,2014-01-09
1108,1383075835226,2013-10-29 15:43:55 UTC,2013-10-29
1109,1394032213584,2014-03-05 10:10:13 UTC,2014-03-05
1110,1380844000793,2013-10-03 19:46:40 UTC,2013-10-03
1111,1381421423673,2013-10-10 12:10:23 UTC,2013-10-10
1112,1396741496438,2014-04-05 19:44:56 UTC,2014-04-05
1113,1384192608126,2013-11-11 12:56:48 UTC,2013-11-11
1114,1378747011838,2013-09-09 13:16:51 UTC,2013-09-09
1115,1397451800110,2014-04-14 01:03:20 UTC,2014-04-14
1116,1410044643169,2014-09-06 19:04:03 UTC,2014-09-06
1117,1408440991274,2014-08-19 05:36:31 UTC,2014-08-19
1118,1388148219977,2013-12-27 07:43:39 UTC,2013-12-27
1119,1394660348318,2014-03-12 17:39:08 UTC,2014-03-12
1120,1409757039738,2014-09-03 11:10:39 UTC,2014-09-03
1121,1408205469291,2014-08-16 12:11:09 UTC,2014-08-16
1122,1385056328147,2013-11-21 12:52:08 UTC,2013-11-21
1123,1401393017288,2014-05-29 15:50:17 UTC,2014-05-29
1124,1409685679594,2014-09-02 15:21:19 UTC,2014-09-02
1125,1384186271306,2013-11-11 11:11:11 UTC,2013-11-11
1126,1401393920970,2014-05-29 16:05:20 UTC,2014-05-29
1127,1397063591964,2014-04-09 13:13:11 UTC,2014-04-09
1128,1404823933843,2014-07-08 08:52:13 UTC,2014-07-08
1129,1386626760737,2013-12-09 17:06:00 UTC,2013-12-09
1130,1405605242902,2014-07-17 09:54:02 UTC,2014-07-17
1131,1409663199023,2014-09-02 09:06:39 UTC,2014-09-02
1132,1402945576685,2014-06-16 15:06:16 UTC,2014-06-16
1133,1402279427928,2014-06-08 22:03:47 UTC,2014-06-08
1134,1392013649657,2014-02-10 01:27:29 UTC,2014-02-10
1135,1405634016359,2014-07-17 17:53:36 UTC,2014-07-17
1136,1379562871445,2013-09-18 23:54:31 UTC,2013-09-18
1137,1393326372873,2014-02-25 06:06:12 UTC,2014-02-25
1138,1388683930857,2014-01-02 12:32:10 UTC,2014-01-02
1139,1391012613753,2014-01-29 11:23:33 UTC,2014-01-29
1140,1385512767919,2013-11-26 19:39:27 UTC,2013-11-26
1141,1409905338165,2014-09-05 04:22:18 UTC,2014-09-05
1142,1410446950483,2014-09-11 10:49:10 UTC,2014-09-11
1143,1404338429893,2014-07-02 18:00:29 UTC,2014-07-02
1144,1384211524809,2013-11-11 18:12:04 UTC,2013-11-11
1145,1405516604716,2014-07-16 09:16:44 UTC,2014-07-16
1146,1378861474096,2013-09-10 21:04:34 UTC,2013-09-10
1147,1404160354892,2014-06-30 16:32:34 UTC,2014-06-30
1148,1395788520460,2014-03-25 19:02:00 UTC,2014-03-25
1149,1386076073806,2013-12-03 08:07:53 UTC,2013-12-03
1150,1387291075299,2013-12-17 09:37:55 UTC,2013-12-17
1151,1390860437519,2014-01-27 17:07:17 UTC,2014-01-27
1152,1395074147682,2014-03-17 12:35:47 UTC,2014-03-17
1153,1385066104280,2013-11-21 15:35:04 UTC,2013-11-21
1154,1404955983501,2014-07-09 21:33:03 UTC,2014-07-09
1155,1383584313835,2013-11-04 11:58:33 UTC,2013-11-04
1156,1385732055534,2013-11-29 08:34:15 UTC,2013-11-29
1157,1398785032863,2014-04-29 11:23:52 UTC,2014-04-29
1158,1397144638981,2014-04-10 11:43:58 UTC,2014-04-10
1159,1385553424664,2013-11-27 06:57:04 UTC,2013-11-27
1160,1396633193078,2014-04-04 13:39:53 UTC,2014-04-04
1161,1383313835542,2013-11-01 09:50:35 UTC,2013-11-01
1162,1385077558737,2013-11-21 18:45:58 UTC,2013-11-21
1163,1404816284687,2014-07-08 06:44:44 UTC,2014-07-08
1164,1401811702407,2014-06-03 12:08:22 UTC,2014-06-03
1165,1387554137665,2013-12-20 10:42:17 UTC,2013-12-20
1166,1402526730486,2014-06-11 18:45:30 UTC,2014-06-11
1167,1398898804968,2014-04-30 19:00:04 UTC,2014-04-30
1168,1396816076783,2014-04-06 16:27:56 UTC,2014-04-06
1169,1403083028518,2014-06-18 05:17:08 UTC,2014-06-18
1170,1402076789056,2014-06-06 13:46:29 UTC,2014-06-06
1171,1409683356527,2014-09-02 14:42:36 UTC,2014-09-02
1172,1391032574647,2014-01-29 16:56:14 UTC,2014-01-29
1173,1396442151839,2014-04-02 08:35:51 UTC,2014-04-02
1174,1383704685454,2013-11-05 21:24:45 UTC,2013-11-05
1175,1404918215434,2014-07-09 11:03:35 UTC,2014-07-09
1176,1404171240550,2014-06-30 19:34:00 UTC,2014-06-30
1177,1401988697527,2014-06-05 13:18:17 UTC,2014-06-05
1178,1385174458705,2013-11-22 21:40:58 UTC,2013-11-22
1179,1397837086628,2014-04-18 12:04:46 UTC,2014-04-18
1180,1396270843451,2014-03-31 09:00:43 UTC,2014-03-31
1181,1387563757053,2013-12-20 13:22:37 UTC,2013-12-20
1182,1409140691548,2014-08-27 07:58:11 UTC,2014-08-27
1183,1385394048810,2013-11-25 10:40:48 UTC,2013-11-25
1184,1400106635004,2014-05-14 18:30:35 UTC,2014-05-14
1185,1383234863473,2013-10-31 11:54:23 UTC,2013-10-31
1186,1408566698610,2014-08-20 16:31:38 UTC,2014-08-20
1187,1397256139167,2014-04-11 18:42:19 UTC,2014-04-11
1188,1400643058627,2014-05-20 23:30:58 UTC,2014-05-20
1189,1402995527445,2014-06-17 04:58:47 UTC,2014-06-17
1190,1382027291495,2013-10-17 12:28:11 UTC,2013-10-17
1191,1409680789660,2014-09-02 13:59:49 UTC,2014-09-02
1192,1378991672913,2013-09-12 09:14:32 UTC,2013-09-12
1193,1403786170791,2014-06-26 08:36:10 UTC,2014-06-26
1194,1400850906447,2014-05-23 09:15:06 UTC,2014-05-23
1195,1387211847620,2013-12-16 11:37:27 UTC,2013-12-16
1196,1390516562890,2014-01-23 17:36:02 UTC,2014-01-23
1197,1396657875584,2014-04-04 20:31:15 UTC,2014-04-04
1198,1400165236018,2014-05-15 10:47:16 UTC,2014-05-15
1199,1410519966412,2014-09-12 07:06:06 UTC,2014-09-12
1200,1397134277719,2014-04-10 08:51:17 UTC,2014-04-10
1201,1390858225576,2014-01-27 16:30:25 UTC,2014-01-27
1202,1403013930514,2014-06-17 10:05:30 UTC,2014-06-17
1203,1396897996417,2014-04-07 15:13:16 UTC,2014-04-07
1204,1394626843079,2014-03-12 08:20:43 UTC,2014-03-12
1205,1402487842418,2014-06-11 07:57:22 UTC,2014-06-11
1206,1410829579919,2014-09-15 21:06:19 UTC,2014-09-15
1207,1410874034815,2014-09-16 09:27:14 UTC,2014-09-16
1208,1383062698138,2013-10-29 12:04:58 UTC,2013-10-29
1209,1410356821821,2014-09-10 09:47:01 UTC,2014-09-10
1210,1407174938837,2014-08-04 13:55:38 UTC,2014-08-04
1211,1392826249150,2014-02-19 11:10:49 UTC,2014-02-19
1212,1387284592632,2013-12-17 07:49:52 UTC,2013-12-17
1213,1379684079504,2013-09-20 09:34:39 UTC,2013-09-20
1214,1394240883787,2014-03-07 20:08:03 UTC,2014-03-07
1215,1403626076046,2014-06-24 12:07:56 UTC,2014-06-24
1216,1383685659486,2013-11-05 16:07:39 UTC,2013-11-05
1217,1406561547479,2014-07-28 11:32:27 UTC,2014-07-28
1218,1382565268711,2013-10-23 17:54:28 UTC,2013-10-23
1219,1392051670041,2014-02-10 12:01:10 UTC,2014-02-10
1220,1365105742867,2013-04-04 16:02:22 UTC,2013-04-04
1221,1397787044893,2014-04-17 22:10:44 UTC,2014-04-17
1222,1383771591467,2013-11-06 15:59:51 UTC,2013-11-06
1223,1397754809083,2014-04-17 13:13:29 UTC,2014-04-17
1224,1379949807388,2013-09-23 11:23:27 UTC,2013-09-23
1225,1379717423767,2013-09-20 18:50:23 UTC,2013-09-20
1226,1403810796258,2014-06-26 15:26:36 UTC,2014-06-26
1227,1380020460579,2013-09-24 07:01:00 UTC,2013-09-24
1228,1399922865955,2014-05-12 15:27:45 UTC,2014-05-12
1229,1379515991007,2013-09-18 10:53:11 UTC,2013-09-18
1230,1401809536632,2014-06-03 11:32:16 UTC,2014-06-03
1231,1392640703307,2014-02-17 07:38:23 UTC,2014-02-17
1232,1404307843560,2014-07-02 09:30:43 UTC,2014-07-02
1233,1403783026081,2014-06-26 07:43:46 UTC,2014-06-26
1234,1404756507284,2014-07-07 14:08:27 UTC,2014-07-07
1235,1387897697905,2013-12-24 10:08:17 UTC,2013-12-24
1236,1403132193503,2014-06-18 18:56:33 UTC,2014-06-18
1237,1387391168059,2013-12-18 13:26:08 UTC,2013-12-18
1238,1395257166822,2014-03-19 15:26:06 UTC,2014-03-19
1239,1391123501338,2014-01-30 18:11:41 UTC,2014-01-30
1240,1383916527546,2013-11-08 08:15:27 UTC,2013-11-08
1241,1410905534846,2014-09-16 18:12:14 UTC,2014-09-16
1242,1400784862804,2014-05-22 14:54:22 UTC,2014-05-22
1243,1404752916973,2014-07-07 13:08:36 UTC,2014-07-07
1244,1410478852918,2014-09-11 19:40:52 UTC,2014-09-11
1245,1391004979661,2014-01-29 09:16:19 UTC,2014-01-29
1246,1407007229363,2014-08-02 15:20:29 UTC,2014-08-02
1247,1361864091012,2013-02-26 02:34:51 UTC,2013-02-26
1248,1402933554021,2014-06-16 11:45:54 UTC,2014-06-16
1249,1391024278951,2014-01-29 14:37:58 UTC,2014-01-29
1250,1384819182963,2013-11-18 18:59:42 UTC,2013-11-18
1251,1390492252654,2014-01-23 10:50:52 UTC,2014-01-23
1252,1405443897303,2014-07-15 13:04:57 UTC,2014-07-15
1253,1409919606450,2014-09-05 08:20:06 UTC,2014-09-05
1254,1393525062311,2014-02-27 13:17:42 UTC,2014-02-27
1255,1396542759621,2014-04-03 12:32:39 UTC,2014-04-03
1256,1410285184637,2014-09-09 13:53:04 UTC,2014-09-09
1257,1386074659608,2013-12-03 07:44:19 UTC,2013-12-03
1258,1403784941514,2014-06-26 08:15:41 UTC,2014-06-26
1259,1379948687144,2013-09-23 11:04:47 UTC,2013-09-23
1260,1407759849925,2014-08-11 08:24:09 UTC,2014-08-11
1261,1400505768039,2014-05-19 09:22:48 UTC,2014-05-19
1262,1383691544266,2013-11-05 17:45:44 UTC,2013-11-05
1263,1384190273383,2013-11-11 12:17:53 UTC,2013-11-11
1264,1389987096046,2014-01-17 14:31:36 UTC,2014-01-17
1265,1407156923692,2014-08-04 08:55:23 UTC,2014-08-04
1266,1386398178303,2013-12-07 01:36:18 UTC,2013-12-07
1267,1403105774046,2014-06-18 11:36:14 UTC,2014-06-18
1268,1392043968237,2014-02-10 09:52:48 UTC,2014-02-10
1269,1393960224530,2014-03-04 14:10:24 UTC,2014-03-04
1270,1380304503769,2013-09-27 13:55:03 UTC,2013-09-27
1271,1381755033928,2013-10-14 08:50:33 UTC,2013-10-14
1272,1403288011194,2014-06-20 14:13:31 UTC,2014-06-20
1273,1386963744243,2013-12-13 14:42:24 UTC,2013-12-13
1274,1385479874019,2013-11-26 10:31:14 UTC,2013-11-26
1275,1385405308109,2013-11-25 13:48:28 UTC,2013-11-25
1276,1395675317718,2014-03-24 11:35:17 UTC,2014-03-24
1277,1407252240642,2014-08-05 11:24:00 UTC,2014-08-05
1278,1406736591033,2014-07-30 12:09:51 UTC,2014-07-30
1279,1387393784857,2013-12-18 14:09:44 UTC,2013-12-18
1280,1392055045022,2014-02-10 12:57:25 UTC,2014-02-10
1281,1393613334760,2014-02-28 13:48:54 UTC,2014-02-28
1282,1402514208623,2014-06-11 15:16:48 UTC,2014-06-11
1283,1399920086157,2014-05-12 14:41:26 UTC,2014-05-12
1284,1403787846937,2014-06-26 09:04:06 UTC,2014-06-26
1285,1386204162818,2013-12-04 19:42:42 UTC,2013-12-04
1286,1337527034331,2012-05-20 11:17:14 UTC,2012-05-20
1287,1391811660151,2014-02-07 17:21:00 UTC,2014-02-07
1288,1404336375806,2014-07-02 17:26:15 UTC,2014-07-02
1289,1381223461703,2013-10-08 05:11:01 UTC,2013-10-08
1290,1399326637123,2014-05-05 17:50:37 UTC,2014-05-05
1291,1397757308132,2014-04-17 13:55:08 UTC,2014-04-17
1292,1392299600217,2014-02-13 08:53:20 UTC,2014-02-13
1293,1410346760037,2014-09-10 06:59:20 UTC,2014-09-10
1294,1384881461942,2013-11-19 12:17:41 UTC,2013-11-19
1295,1404489552692,2014-07-04 11:59:12 UTC,2014-07-04
1296,1402934850272,2014-06-16 12:07:30 UTC,2014-06-16
1297,1402935792961,2014-06-16 12:23:12 UTC,2014-06-16
1298,1404779578082,2014-07-07 20:32:58 UTC,2014-07-07
1299,1392242338744,2014-02-12 16:58:58 UTC,2014-02-12
1300,1392228587487,2014-02-12 13:09:47 UTC,2014-02-12
1301,1380316771944,2013-09-27 17:19:31 UTC,2013-09-27
1302,1402406195742,2014-06-10 09:16:35 UTC,2014-06-10
1303,1393513679406,2014-02-27 10:07:59 UTC,2014-02-27
1304,1383306780334,2013-11-01 07:53:00 UTC,2013-11-01
1305,1386176854212,2013-12-04 12:07:34 UTC,2013-12-04
1306,1358199677715,2013-01-14 16:41:17 UTC,2013-01-14
1307,1381258215316,2013-10-08 14:50:15 UTC,2013-10-08
1308,1397239416112,2014-04-11 14:03:36 UTC,2014-04-11
1309,1396543251195,2014-04-03 12:40:51 UTC,2014-04-03
1310,1408706653575,2014-08-22 07:24:13 UTC,2014-08-22
1311,1408992841731,2014-08-25 14:54:01 UTC,2014-08-25
1312,1405384502743,2014-07-14 20:35:02 UTC,2014-07-14
1313,1384959997865,2013-11-20 10:06:37 UTC,2013-11-20
1314,1379024965388,2013-09-12 18:29:25 UTC,2013-09-12
1315,1372064998429,2013-06-24 05:09:58 UTC,2013-06-24
1316,1383610590943,2013-11-04 19:16:30 UTC,2013-11-04
1317,1380024074762,2013-09-24 08:01:14 UTC,2013-09-24
1318,1383139181140,2013-10-30 09:19:41 UTC,2013-10-30
1319,1410365967001,2014-09-10 12:19:27 UTC,2014-09-10
1320,1409095699093,2014-08-26 19:28:19 UTC,2014-08-26
1321,1380323880176,2013-09-27 19:18:00 UTC,2013-09-27
1322,1406194683181,2014-07-24 05:38:03 UTC,2014-07-24
1323,1402962690168,2014-06-16 19:51:30 UTC,2014-06-16
1324,1406279072322,2014-07-25 05:04:32 UTC,2014-07-25
1325,1390965954174,2014-01-28 22:25:54 UTC,2014-01-28
1326,1377467284687,2013-08-25 17:48:04 UTC,2013-08-25
1327,1407347509056,2014-08-06 13:51:49 UTC,2014-08-06
1328,1395268360007,2014-03-19 18:32:40 UTC,2014-03-19
1329,1392158709080,2014-02-11 17:45:09 UTC,2014-02-11
1330,1404479414640,2014-07-04 09:10:14 UTC,2014-07-04
1331,1406722484834,2014-07-30 08:14:44 UTC,2014-07-30
1332,1380907246105,2013-10-04 13:20:46 UTC,2013-10-04
1333,1387988007923,2013-12-25 11:13:27 UTC,2013-12-25
1334,1400605996790,2014-05-20 13:13:16 UTC,2014-05-20
1335,1391518428495,2014-02-04 07:53:48 UTC,2014-02-04
1336,1402065555470,2014-06-06 10:39:15 UTC,2014-06-06
1337,1401439330763,2014-05-30 04:42:10 UTC,2014-05-30
1338,1370550533408,2013-06-06 16:28:53 UTC,2013-06-06
1339,1408454859885,2014-08-19 09:27:39 UTC,2014-08-19
1340,1390252338468,2014-01-20 16:12:18 UTC,2014-01-20
1341,1402936921651,2014-06-16 12:42:01 UTC,2014-06-16
1342,1394811115406,2014-03-14 11:31:55 UTC,2014-03-14
1343,1404730410671,2014-07-07 06:53:30 UTC,2014-07-07
1344,1379613427834,2013-09-19 13:57:07 UTC,2013-09-19
1345,1393433016912,2014-02-26 11:43:36 UTC,2014-02-26
1346,1394588325727,2014-03-11 21:38:45 UTC,2014-03-11
1347,1406569433412,2014-07-28 13:43:53 UTC,2014-07-28
1348,1380647429596,2013-10-01 13:10:29 UTC,2013-10-01
1349,1398802477096,2014-04-29 16:14:37 UTC,2014-04-29
1350,1391547250508,2014-02-04 15:54:10 UTC,2014-02-04
1351,1408090758353,2014-08-15 04:19:18 UTC,2014-08-15
1352,1409586802443,2014-09-01 11:53:22 UTC,2014-09-01
1353,1409012674074,2014-08-25 20:24:34 UTC,2014-08-25
1354,1396059763860,2014-03-28 22:22:43 UTC,2014-03-28
1355,1409932640808,2014-09-05 11:57:20 UTC,2014-09-05
1356,1383561906753,2013-11-04 05:45:06 UTC,2013-11-04
1357,1392838931852,2014-02-19 14:42:11 UTC,2014-02-19
1358,1406742121511,2014-07-30 13:42:01 UTC,2014-07-30
1359,1410800856719,2014-09-15 13:07:36 UTC,2014-09-15
1360,1398441001226,2014-04-25 11:50:01 UTC,2014-04-25
1361,1392133680397,2014-02-11 10:48:00 UTC,2014-02-11
1362,1401000604805,2014-05-25 02:50:04 UTC,2014-05-25
1363,1383961642322,2013-11-08 20:47:22 UTC,2013-11-08
1364,1403026924524,2014-06-17 13:42:04 UTC,2014-06-17
1365,1405461554448,2014-07-15 17:59:14 UTC,2014-07-15
1366,1409914828764,2014-09-05 07:00:28 UTC,2014-09-05
1367,1383594359534,2013-11-04 14:45:59 UTC,2013-11-04
1368,1409266700700,2014-08-28 18:58:20 UTC,2014-08-28
1369,1397660236489,2014-04-16 10:57:16 UTC,2014-04-16
1370,1392116071811,2014-02-11 05:54:31 UTC,2014-02-11
1371,1395770893046,2014-03-25 14:08:13 UTC,2014-03-25
1372,1399385168575,2014-05-06 10:06:08 UTC,2014-05-06
1373,1402508485645,2014-06-11 13:41:25 UTC,2014-06-11
1374,1407843420553,2014-08-12 07:37:00 UTC,2014-08-12
1375,1391448226969,2014-02-03 12:23:46 UTC,2014-02-03
1376,1407500386770,2014-08-08 08:19:46 UTC,2014-08-08
1377,1386165917749,2013-12-04 09:05:17 UTC,2013-12-04
1378,1405472251961,2014-07-15 20:57:31 UTC,2014-07-15
1379,1379549875350,2013-09-18 20:17:55 UTC,2013-09-18
1380,1382359290288,2013-10-21 08:41:30 UTC,2013-10-21
1381,1391179431341,2014-01-31 09:43:51 UTC,2014-01-31
1382,1386201659187,2013-12-04 19:00:59 UTC,2013-12-04
1383,1394902528938,2014-03-15 12:55:28 UTC,2014-03-15
1384,1400086610613,2014-05-14 12:56:50 UTC,2014-05-14
1385,1398684742612,2014-04-28 07:32:22 UTC,2014-04-28
1386,1392862819242,2014-02-19 21:20:19 UTC,2014-02-19
1387,1403265599007,2014-06-20 07:59:59 UTC,2014-06-20
1388,1409575783938,2014-09-01 08:49:43 UTC,2014-09-01
1389,1394641098119,2014-03-12 12:18:18 UTC,2014-03-12
1390,1408473653141,2014-08-19 14:40:53 UTC,2014-08-19
1391,1406238339453,2014-07-24 17:45:39 UTC,2014-07-24
1392,1398978655607,2014-05-01 17:10:55 UTC,2014-05-01
1393,1404399200879,2014-07-03 10:53:20 UTC,2014-07-03
1394,1401815165169,2014-06-03 13:06:05 UTC,2014-06-03
1395,1383863323281,2013-11-07 17:28:43 UTC,2013-11-07
1396,1400680611694,2014-05-21 09:56:51 UTC,2014-05-21
1397,1387333132515,2013-12-17 21:18:52 UTC,2013-12-17
1398,1406717411553,2014-07-30 06:50:11 UTC,2014-07-30
1399,1401454202107,2014-05-30 08:50:02 UTC,2014-05-30
1400,1395938640443,2014-03-27 12:44:00 UTC,2014-03-27
1401,1392900649044,2014-02-20 07:50:49 UTC,2014-02-20
1402,1408631000249,2014-08-21 10:23:20 UTC,2014-08-21
1403,1393244486736,2014-02-24 07:21:26 UTC,2014-02-24
1404,1405360569566,2014-07-14 13:56:09 UTC,2014-07-14
1405,1403819248433,2014-06-26 17:47:28 UTC,2014-06-26
1406,1401900575721,2014-06-04 12:49:35 UTC,2014-06-04
1407,1396912674637,2014-04-07 19:17:54 UTC,2014-04-07
1408,1390498101447,2014-01-23 12:28:21 UTC,2014-01-23
1409,1385409741043,2013-11-25 15:02:21 UTC,2013-11-25
1410,1395062867254,2014-03-17 09:27:47 UTC,2014-03-17
1411,1410802176997,2014-09-15 13:29:36 UTC,2014-09-15
1412,1390986162706,2014-01-29 04:02:42 UTC,2014-01-29
1413,1387906912152,2013-12-24 12:41:52 UTC,2013-12-24
1414,1386351123120,2013-12-06 12:32:03 UTC,2013-12-06
1415,1389385014525,2014-01-10 15:16:54 UTC,2014-01-10
1416,1395678630433,2014-03-24 12:30:30 UTC,2014-03-24
1417,1406565863988,2014-07-28 12:44:23 UTC,2014-07-28
1418,1408026234350,2014-08-14 10:23:54 UTC,2014-08-14
1419,1398452123897,2014-04-25 14:55:23 UTC,2014-04-25
1420,1382351754657,2013-10-21 06:35:54 UTC,2013-10-21
1421,1395274732122,2014-03-19 20:18:52 UTC,2014-03-19
1422,1392303091096,2014-02-13 09:51:31 UTC,2014-02-13
1423,1406760833577,2014-07-30 18:53:53 UTC,2014-07-30
1424,1401374425840,2014-05-29 10:40:25 UTC,2014-05-29
1425,1403020815576,2014-06-17 12:00:15 UTC,2014-06-17
1426,1397178227486,2014-04-10 21:03:47 UTC,2014-04-10
1427,1408391570597,2014-08-18 15:52:50 UTC,2014-08-18
1428,1405507021857,2014-07-16 06:37:01 UTC,2014-07-16
1429,1403816544790,2014-06-26 17:02:24 UTC,2014-06-26
1430,1382442052585,2013-10-22 07:40:52 UTC,2013-10-22
1431,1410783976574,2014-09-15 08:26:16 UTC,2014-09-15
1432,1409850536427,2014-09-04 13:08:56 UTC,2014-09-04
1433,1393012005339,2014-02-21 14:46:45 UTC,2014-02-21
1434,1397043393554,2014-04-09 07:36:33 UTC,2014-04-09
1435,1386117464124,2013-12-03 19:37:44 UTC,2013-12-03
1436,1392732728952,2014-02-18 09:12:08 UTC,2014-02-18
1437,1390320202153,2014-01-21 11:03:22 UTC,2014-01-21
1438,1410370623902,2014-09-10 13:37:03 UTC,2014-09-10
1439,1390586560619,2014-01-24 13:02:40 UTC,2014-01-24
1440,1383199240133,2013-10-31 02:00:40 UTC,2013-10-31
1441,1392052537517,2014-02-10 12:15:37 UTC,2014-02-10
1442,1379543127063,2013-09-18 18:25:27 UTC,2013-09-18
1443,1397489530712,2014-04-14 11:32:10 UTC,2014-04-14
1444,1380916836001,2013-10-04 16:00:36 UTC,2013-10-04
1445,1409233295648,2014-08-28 09:41:35 UTC,2014-08-28
1446,1408613908282,2014-08-21 05:38:28 UTC,2014-08-21
1447,1408743948085,2014-08-22 17:45:48 UTC,2014-08-22
1448,1383619773019,2013-11-04 21:49:33 UTC,2013-11-04
1449,1383592372380,2013-11-04 14:12:52 UTC,2013-11-04
1450,1396863629919,2014-04-07 05:40:29 UTC,2014-04-07
1451,1392638676904,2014-02-17 07:04:36 UTC,2014-02-17
1452,1408017188740,2014-08-14 07:53:08 UTC,2014-08-14
1453,1383654225227,2013-11-05 07:23:45 UTC,2013-11-05
1454,1374709980101,2013-07-24 19:53:00 UTC,2013-07-24
1455,1403293419960,2014-06-20 15:43:39 UTC,2014-06-20
1456,1401390621936,2014-05-29 15:10:21 UTC,2014-05-29
1457,1402664115955,2014-06-13 08:55:15 UTC,2014-06-13
1458,1382024922184,2013-10-17 11:48:42 UTC,2013-10-17
1459,1385389765860,2013-11-25 09:29:25 UTC,2013-11-25
1460,1397670862314,2014-04-16 13:54:22 UTC,2014-04-16
1461,1405621814693,2014-07-17 14:30:14 UTC,2014-07-17
1462,1400597867998,2014-05-20 10:57:47 UTC,2014-05-20
1463,1401457247070,2014-05-30 09:40:47 UTC,2014-05-30
1464,1399390581930,2014-05-06 11:36:21 UTC,2014-05-06
1465,1380928801852,2013-10-04 19:20:01 UTC,2013-10-04
1466,1401236681137,2014-05-27 20:24:41 UTC,2014-05-27
1467,1392306045944,2014-02-13 10:40:45 UTC,2014-02-13
1468,1381134791369,2013-10-07 04:33:11 UTC,2013-10-07
1469,1388216398067,2013-12-28 02:39:58 UTC,2013-12-28
1470,1393002945199,2014-02-21 12:15:45 UTC,2014-02-21
1471,1407496198149,2014-08-08 07:09:58 UTC,2014-08-08
1472,1393620303531,2014-02-28 15:45:03 UTC,2014-02-28
1473,1403806434887,2014-06-26 14:13:54 UTC,2014-06-26
1474,1409830451674,2014-09-04 07:34:11 UTC,2014-09-04
1475,1384568567777,2013-11-15 21:22:47 UTC,2013-11-15
1476,1374848107414,2013-07-26 10:15:07 UTC,2013-07-26
1477,1379954983269,2013-09-23 12:49:43 UTC,2013-09-23
1478,1396802809691,2014-04-06 12:46:49 UTC,2014-04-06
1479,1405430741786,2014-07-15 09:25:41 UTC,2014-07-15
1480,1403874012000,2014-06-27 09:00:12 UTC,2014-06-27
1481,1389807839232,2014-01-15 12:43:59 UTC,2014-01-15
1482,1395280266975,2014-03-19 21:51:06 UTC,2014-03-19
1483,1410183843893,2014-09-08 09:44:03 UTC,2014-09-08
1484,1405676875808,2014-07-18 05:47:55 UTC,2014-07-18
1485,1390220963844,2014-01-20 07:29:23 UTC,2014-01-20
1486,1381802540599,2013-10-14 22:02:20 UTC,2013-10-14
1487,1385173083701,2013-11-22 21:18:03 UTC,2013-11-22
1488,1410273971236,2014-09-09 10:46:11 UTC,2014-09-09
1489,1409273442507,2014-08-28 20:50:42 UTC,2014-08-28
1490,1396650393745,2014-04-04 18:26:33 UTC,2014-04-04
1491,1404398599111,2014-07-03 10:43:19 UTC,2014-07-03
1492,1387995265895,2013-12-25 13:14:25 UTC,2013-12-25
1493,1383593379669,2013-11-04 14:29:39 UTC,2013-11-04
1494,1400093449153,2014-05-14 14:50:49 UTC,2014-05-14
1495,1398697825380,2014-04-28 11:10:25 UTC,2014-04-28
1496,1384889070259,2013-11-19 14:24:30 UTC,2013-11-19
1497,1408535574908,2014-08-20 07:52:54 UTC,2014-08-20
1498,1406790710359,2014-07-31 03:11:50 UTC,2014-07-31
1499,1400083751996,2014-05-14 12:09:11 UTC,2014-05-14
1500,1386157147930,2013-12-04 06:39:07 UTC,2013-12-04
1501,1399493942906,2014-05-07 16:19:02 UTC,2014-05-07
1502,1379529121700,2013-09-18 14:32:01 UTC,2013-09-18
1503,1410888681370,2014-09-16 13:31:21 UTC,2014-09-16
1504,1395186145968,2014-03-18 19:42:25 UTC,2014-03-18
1505,1404756562445,2014-07-07 14:09:22 UTC,2014-07-07
1506,1403600350547,2014-06-24 04:59:10 UTC,2014-06-24
1507,1381022821286,2013-10-05 21:27:01 UTC,2013-10-05
1508,1382979623618,2013-10-28 13:00:23 UTC,2013-10-28
1509,1389618654623,2014-01-13 08:10:54 UTC,2014-01-13
1510,1402915291569,2014-06-16 06:41:31 UTC,2014-06-16
1511,1407864438347,2014-08-12 13:27:18 UTC,2014-08-12
1512,1384775897284,2013-11-18 06:58:17 UTC,2013-11-18
1513,1402398708249,2014-06-10 07:11:48 UTC,2014-06-10
1514,1384366116505,2013-11-13 13:08:36 UTC,2013-11-13
1515,1410364281907,2014-09-10 11:51:21 UTC,2014-09-10
1516,1404916464761,2014-07-09 10:34:24 UTC,2014-07-09
1517,1379595619960,2013-09-19 09:00:19 UTC,2013-09-19
1518,1404230829959,2014-07-01 12:07:09 UTC,2014-07-01
1519,1380291686002,2013-09-27 10:21:26 UTC,2013-09-27
1520,1398996153969,2014-05-01 22:02:33 UTC,2014-05-01
1521,1404318758460,2014-07-02 12:32:38 UTC,2014-07-02
1522,1406809980867,2014-07-31 08:33:00 UTC,2014-07-31
1523,1401190318097,2014-05-27 07:31:58 UTC,2014-05-27
1524,1390578604942,2014-01-24 10:50:04 UTC,2014-01-24
1525,1389129876320,2014-01-07 16:24:36 UTC,2014-01-07
1526,1386292652439,2013-12-05 20:17:32 UTC,2013-12-05
1527,1401894627215,2014-06-04 11:10:27 UTC,2014-06-04
1528,1389881026901,2014-01-16 09:03:46 UTC,2014-01-16
1529,1407183184132,2014-08-04 16:13:04 UTC,2014-08-04
1530,1401489937255,2014-05-30 18:45:37 UTC,2014-05-30
1531,1403624250358,2014-06-24 11:37:30 UTC,2014-06-24
1532,1399921049890,2014-05-12 14:57:29 UTC,2014-05-12
1533,1378314437727,2013-09-04 13:07:17 UTC,2013-09-04
1534,1395841988682,2014-03-26 09:53:08 UTC,2014-03-26
1535,1409331067438,2014-08-29 12:51:07 UTC,2014-08-29
1536,1402912533666,2014-06-16 05:55:33 UTC,2014-06-16
1537,1402652415889,2014-06-13 05:40:15 UTC,2014-06-13
1538,1390862158717,2014-01-27 17:35:58 UTC,2014-01-27
1539,1382018727665,2013-10-17 10:05:27 UTC,2013-10-17
1540,1395244731357,2014-03-19 11:58:51 UTC,2014-03-19
1541,1401101200299,2014-05-26 06:46:40 UTC,2014-05-26
1542,1393104259047,2014-02-22 16:24:19 UTC,2014-02-22
1543,1406057922008,2014-07-22 15:38:42 UTC,2014-07-22
1544,1409326239168,2014-08-29 11:30:39 UTC,2014-08-29
1545,1410790579194,2014-09-15 10:16:19 UTC,2014-09-15
1546,1386120755757,2013-12-03 20:32:35 UTC,2013-12-03
1547,1395954640433,2014-03-27 17:10:40 UTC,2014-03-27
1548,1343064025261,2012-07-23 13:20:25 UTC,2012-07-23
1549,1404763088783,2014-07-07 15:58:08 UTC,2014-07-07
1550,1399910952007,2014-05-12 12:09:12 UTC,2014-05-12
1551,1399550032133,2014-05-08 07:53:52 UTC,2014-05-08
1552,1403020773924,2014-06-17 11:59:33 UTC,2014-06-17
1553,1403181532674,2014-06-19 08:38:52 UTC,2014-06-19
1554,1409910787471,2014-09-05 05:53:07 UTC,2014-09-05
1555,1384734231998,2013-11-17 19:23:51 UTC,2013-11-17
1556,1380104044039,2013-09-25 06:14:04 UTC,2013-09-25
1557,1398698416039,2014-04-28 11:20:16 UTC,2014-04-28
1558,1404295720403,2014-07-02 06:08:40 UTC,2014-07-02
1559,1390994610803,2014-01-29 06:23:30 UTC,2014-01-29
1560,1398896851283,2014-04-30 18:27:31 UTC,2014-04-30
1561,1394654059690,2014-03-12 15:54:19 UTC,2014-03-12
1562,1402500734048,2014-06-11 11:32:14 UTC,2014-06-11
1563,1404739331430,2014-07-07 09:22:11 UTC,2014-07-07
1564,1392145322598,2014-02-11 14:02:02 UTC,2014-02-11
1565,1404831471187,2014-07-08 10:57:51 UTC,2014-07-08
1566,1406653316693,2014-07-29 13:01:56 UTC,2014-07-29
1567,1391616043538,2014-02-05 11:00:43 UTC,2014-02-05
1568,1396460180366,2014-04-02 13:36:20 UTC,2014-04-02
1569,1400153417766,2014-05-15 07:30:17 UTC,2014-05-15
1570,1395252106247,2014-03-19 14:01:46 UTC,2014-03-19
1571,1402596533404,2014-06-12 14:08:53 UTC,2014-06-12
1572,1393610015418,2014-02-28 12:53:35 UTC,2014-02-28
1573,1393006973397,2014-02-21 13:22:53 UTC,2014-02-21
1574,1408543806055,2014-08-20 10:10:06 UTC,2014-08-20
1575,1400843395405,2014-05-23 07:09:55 UTC,2014-05-23
1576,1398174562970,2014-04-22 09:49:22 UTC,2014-04-22
1577,1389837921923,2014-01-15 21:05:21 UTC,2014-01-15
1578,1410586063370,2014-09-13 01:27:43 UTC,2014-09-13
1579,1404853745495,2014-07-08 17:09:05 UTC,2014-07-08
1580,1403897614427,2014-06-27 15:33:34 UTC,2014-06-27
1581,1399387556035,2014-05-06 10:45:56 UTC,2014-05-06
1582,1403817514003,2014-06-26 17:18:34 UTC,2014-06-26
1583,1379957529116,2013-09-23 13:32:09 UTC,2013-09-23
1584,1396983691765,2014-04-08 15:01:31 UTC,2014-04-08
1585,1407424260639,2014-08-07 11:11:00 UTC,2014-08-07
1586,1394040517734,2014-03-05 12:28:37 UTC,2014-03-05
1587,1410867021911,2014-09-16 07:30:21 UTC,2014-09-16
1588,1410531920555,2014-09-12 10:25:20 UTC,2014-09-12
1589,1401716212603,2014-06-02 09:36:52 UTC,2014-06-02
1590,1406734418986,2014-07-30 11:33:38 UTC,2014-07-30
1591,1401295958013,2014-05-28 12:52:38 UTC,2014-05-28
1592,1384452625001,2013-11-14 13:10:25 UTC,2013-11-14
1593,1383785383430,2013-11-06 19:49:43 UTC,2013-11-06
1594,1400757254942,2014-05-22 07:14:14 UTC,2014-05-22
1595,1392630498454,2014-02-17 04:48:18 UTC,2014-02-17
1596,1380665872139,2013-10-01 18:17:52 UTC,2013-10-01
1597,1409161090463,2014-08-27 13:38:10 UTC,2014-08-27
1598,1402067895085,2014-06-06 11:18:15 UTC,2014-06-06
1599,1385511970971,2013-11-26 19:26:10 UTC,2013-11-26
1600,1388173462802,2013-12-27 14:44:22 UTC,2013-12-27
1601,1403193810580,2014-06-19 12:03:30 UTC,2014-06-19
1602,1379686143371,2013-09-20 10:09:03 UTC,2013-09-20
1603,1407955374339,2014-08-13 14:42:54 UTC,2014-08-13
1604,1396400193338,2014-04-01 20:56:33 UTC,2014-04-01
1605,1400191648440,2014-05-15 18:07:28 UTC,2014-05-15
1606,1406912406808,2014-08-01 13:00:06 UTC,2014-08-01
1607,1380630567784,2013-10-01 08:29:27 UTC,2013-10-01
1608,1394559295269,2014-03-11 13:34:55 UTC,2014-03-11
1609,1392991481440,2014-02-21 09:04:41 UTC,2014-02-21
1610,1398876889621,2014-04-30 12:54:49 UTC,2014-04-30
1611,1396111561486,2014-03-29 12:46:01 UTC,2014-03-29
1612,1407549261340,2014-08-08 21:54:21 UTC,2014-08-08
1613,1402073821757,2014-06-06 12:57:01 UTC,2014-06-06
1614,1399983143589,2014-05-13 08:12:23 UTC,2014-05-13
1615,1399927150120,2014-05-12 16:39:10 UTC,2014-05-12
1616,1387473359357,2013-12-19 12:15:59 UTC,2013-12-19
1617,1358199038422,2013-01-14 16:30:38 UTC,2013-01-14
1618,1408624055497,2014-08-21 08:27:35 UTC,2014-08-21
1619,1401493066281,2014-05-30 19:37:46 UTC,2014-05-30
1620,1385482125613,2013-11-26 11:08:45 UTC,2013-11-26
1621,1403100224103,2014-06-18 10:03:44 UTC,2014-06-18
1622,1402658697186,2014-06-13 07:24:57 UTC,2014-06-13
1623,1403714661284,2014-06-25 12:44:21 UTC,2014-06-25
1624,1395153521663,2014-03-18 10:38:41 UTC,2014-03-18
1625,1391512876034,2014-02-04 06:21:16 UTC,2014-02-04
1626,1385498459522,2013-11-26 15:40:59 UTC,2013-11-26
1627,1392144139113,2014-02-11 13:42:19 UTC,2014-02-11
1628,1409150311804,2014-08-27 10:38:31 UTC,2014-08-27
1629,1390312229999,2014-01-21 08:50:29 UTC,2014-01-21
1630,1403721528896,2014-06-25 14:38:48 UTC,2014-06-25
1631,1382359849444,2013-10-21 08:50:49 UTC,2013-10-21
1632,1404475274196,2014-07-04 08:01:14 UTC,2014-07-04
1633,1382451320858,2013-10-22 10:15:20 UTC,2013-10-22
1634,1392030318945,2014-02-10 06:05:18 UTC,2014-02-10
1635,1395768583089,2014-03-25 13:29:43 UTC,2014-03-25
1636,1405523442481,2014-07-16 11:10:42 UTC,2014-07-16
1637,1391566603694,2014-02-04 21:16:43 UTC,2014-02-04
1638,1383063291768,2013-10-29 12:14:51 UTC,2013-10-29
1639,1398201315433,2014-04-22 17:15:15 UTC,2014-04-22
1640,1387205256314,2013-12-16 09:47:36 UTC,2013-12-16
1641,1407238820455,2014-08-05 07:40:20 UTC,2014-08-05
1642,1392205962272,2014-02-12 06:52:42 UTC,2014-02-12
1643,1381279600079,2013-10-08 20:46:40 UTC,2013-10-08
1644,1402659478128,2014-06-13 07:37:58 UTC,2014-06-13
1645,1409737097302,2014-09-03 05:38:17 UTC,2014-09-03
1646,1396375351217,2014-04-01 14:02:31 UTC,2014-04-01
1647,1394504474661,2014-03-10 22:21:14 UTC,2014-03-10
1648,1399580241622,2014-05-08 16:17:21 UTC,2014-05-08
1649,1400260615865,2014-05-16 13:16:55 UTC,2014-05-16
1650,1401463398447,2014-05-30 11:23:18 UTC,2014-05-30
1651,1379444383708,2013-09-17 14:59:43 UTC,2013-09-17
1652,1406483516354,2014-07-27 13:51:56 UTC,2014-07-27
1653,1399987849473,2014-05-13 09:30:49 UTC,2014-05-13
1654,1392305165501,2014-02-13 10:26:05 UTC,2014-02-13
1655,1389506530056,2014-01-12 01:02:10 UTC,2014-01-12
1656,1402694797041,2014-06-13 17:26:37 UTC,2014-06-13
1657,1380130813372,2013-09-25 13:40:13 UTC,2013-09-25
1658,1409167915076,2014-08-27 15:31:55 UTC,2014-08-27
1659,1385653688094,2013-11-28 10:48:08 UTC,2013-11-28
1660,1390487123965,2014-01-23 09:25:23 UTC,2014-01-23
1661,1396420010857,2014-04-02 02:26:50 UTC,2014-04-02
1662,1381765136280,2013-10-14 11:38:56 UTC,2013-10-14
1663,1379621752010,2013-09-19 16:15:52 UTC,2013-09-19
1664,1405524487763,2014-07-16 11:28:07 UTC,2014-07-16
1665,1392394365569,2014-02-14 11:12:45 UTC,2014-02-14
1666,1390411778768,2014-01-22 12:29:38 UTC,2014-01-22
1667,1394823160374,2014-03-14 14:52:40 UTC,2014-03-14
1668,1379983896888,2013-09-23 20:51:36 UTC,2013-09-23
1669,1407882042248,2014-08-12 18:20:42 UTC,2014-08-12
1670,1387800889860,2013-12-23 07:14:49 UTC,2013-12-23
1671,1403788262141,2014-06-26 09:11:02 UTC,2014-06-26
1672,1386850464949,2013-12-12 07:14:24 UTC,2013-12-12
1673,1385644922810,2013-11-28 08:22:02 UTC,2013-11-28
1674,1380576046908,2013-09-30 17:20:46 UTC,2013-09-30
1675,1406189837913,2014-07-24 04:17:17 UTC,2014-07-24
1676,1381940775352,2013-10-16 12:26:15 UTC,2013-10-16
1677,1409099539879,2014-08-26 20:32:19 UTC,2014-08-26
1678,1380623440455,2013-10-01 06:30:40 UTC,2013-10-01
1679,1386849332471,2013-12-12 06:55:32 UTC,2013-12-12
1680,1403039619017,2014-06-17 17:13:39 UTC,2014-06-17
1681,1406626804988,2014-07-29 05:40:04 UTC,2014-07-29
1682,1373481075616,2013-07-10 14:31:15 UTC,2013-07-10
1683,1403263333847,2014-06-20 07:22:13 UTC,2014-06-20
1684,1392417346272,2014-02-14 17:35:46 UTC,2014-02-14
1685,1386857562219,2013-12-12 09:12:42 UTC,2013-12-12
1686,1399477132103,2014-05-07 11:38:52 UTC,2014-05-07
1687,1395935147628,2014-03-27 11:45:47 UTC,2014-03-27
1688,1380139101553,2013-09-25 15:58:21 UTC,2013-09-25
1689,1410267795412,2014-09-09 09:03:15 UTC,2014-09-09
1690,1397179615814,2014-04-10 21:26:55 UTC,2014-04-10
1691,1402586045652,2014-06-12 11:14:05 UTC,2014-06-12
1692,1403106610314,2014-06-18 11:50:10 UTC,2014-06-18
1693,1404322660278,2014-07-02 13:37:40 UTC,2014-07-02
1694,1392299897729,2014-02-13 08:58:17 UTC,2014-02-13
1695,1390477971697,2014-01-23 06:52:51 UTC,2014-01-23
1696,1409965205898,2014-09-05 21:00:05 UTC,2014-09-05
1697,1390936859092,2014-01-28 14:20:59 UTC,2014-01-28
1698,1405615773864,2014-07-17 12:49:33 UTC,2014-07-17
1699,1390598189760,2014-01-24 16:16:29 UTC,2014-01-24
1700,1386604522193,2013-12-09 10:55:22 UTC,2013-12-09
1701,1389382372699,2014-01-10 14:32:52 UTC,2014-01-10
1702,1408647938565,2014-08-21 15:05:38 UTC,2014-08-21
1703,1390574173870,2014-01-24 09:36:13 UTC,2014-01-24
1704,1383314629096,2013-11-01 10:03:49 UTC,2013-11-01
1705,1380754793155,2013-10-02 18:59:53 UTC,2013-10-02
1706,1380750651817,2013-10-02 17:50:51 UTC,2013-10-02
1707,1396371594284,2014-04-01 12:59:54 UTC,2014-04-01
1708,1396268387614,2014-03-31 08:19:47 UTC,2014-03-31
1709,1395837201476,2014-03-26 08:33:21 UTC,2014-03-26
1710,1395231682943,2014-03-19 08:21:22 UTC,2014-03-19
1711,1390946694048,2014-01-28 17:04:54 UTC,2014-01-28
1712,1394069650812,2014-03-05 20:34:10 UTC,2014-03-05
1713,1400546318670,2014-05-19 20:38:38 UTC,2014-05-19
1714,1401461787977,2014-05-30 10:56:27 UTC,2014-05-30
1715,1403226687514,2014-06-19 21:11:27 UTC,2014-06-19
1716,1384771011534,2013-11-18 05:36:51 UTC,2013-11-18
1717,1403608945645,2014-06-24 07:22:25 UTC,2014-06-24
1718,1398819519424,2014-04-29 20:58:39 UTC,2014-04-29
1719,1399550699540,2014-05-08 08:04:59 UTC,2014-05-08
1720,1387376482818,2013-12-18 09:21:22 UTC,2013-12-18
1721,1405340109237,2014-07-14 08:15:09 UTC,2014-07-14
1722,1381275648924,2013-10-08 19:40:48 UTC,2013-10-08
1723,1409267179182,2014-08-28 19:06:19 UTC,2014-08-28
1724,1399373067835,2014-05-06 06:44:27 UTC,2014-05-06
1725,1382698091487,2013-10-25 06:48:11 UTC,2013-10-25
1726,1409932953920,2014-09-05 12:02:33 UTC,2014-09-05
1727,1409928490750,2014-09-05 10:48:10 UTC,2014-09-05
1728,1402053762872,2014-06-06 07:22:42 UTC,2014-06-06
1729,1394714913589,2014-03-13 08:48:33 UTC,2014-03-13
1730,1399983278677,2014-05-13 08:14:38 UTC,2014-05-13
1731,1377041895984,2013-08-20 19:38:15 UTC,2013-08-20
1732,1410184883048,2014-09-08 10:01:23 UTC,2014-09-08
1733,1393460814104,2014-02-26 19:26:54 UTC,2014-02-26
1734,1384968259928,2013-11-20 12:24:19 UTC,2013-11-20
1735,1383924826833,2013-11-08 10:33:46 UTC,2013-11-08
1736,1409560929887,2014-09-01 04:42:09 UTC,2014-09-01
1737,1386988098500,2013-12-13 21:28:18 UTC,2013-12-13
1738,1397564773763,2014-04-15 08:26:13 UTC,2014-04-15
1739,1406152296933,2014-07-23 17:51:36 UTC,2014-07-23
1740,1402076335638,2014-06-06 13:38:55 UTC,2014-06-06
1741,1410176580983,2014-09-08 07:43:00 UTC,2014-09-08
1742,1391096750803,2014-01-30 10:45:50 UTC,2014-01-30
1743,1392051239623,2014-02-10 11:53:59 UTC,2014-02-10
1744,1385747862054,2013-11-29 12:57:42 UTC,2013-11-29
1745,1392400528729,2014-02-14 12:55:28 UTC,2014-02-14
1746,1389792287071,2014-01-15 08:24:47 UTC,2014-01-15
1747,1392244822251,2014-02-12 17:40:22 UTC,2014-02-12
1748,1395141453245,2014-03-18 07:17:33 UTC,2014-03-18
1749,1409874452789,2014-09-04 19:47:32 UTC,2014-09-04
1750,1379551308400,2013-09-18 20:41:48 UTC,2013-09-18
1751,1385673734958,2013-11-28 16:22:14 UTC,2013-11-28
1752,1399386202307,2014-05-06 10:23:22 UTC,2014-05-06
1753,1382351544835,2013-10-21 06:32:24 UTC,2013-10-21
1754,1402979586338,2014-06-17 00:33:06 UTC,2014-06-17
1755,1406594363741,2014-07-28 20:39:23 UTC,2014-07-28
1756,1387409850604,2013-12-18 18:37:30 UTC,2013-12-18
1757,1386888381890,2013-12-12 17:46:21 UTC,2013-12-12
1758,1408448595625,2014-08-19 07:43:15 UTC,2014-08-19
1759,1388408138180,2013-12-30 07:55:38 UTC,2013-12-30
1760,1391078805345,2014-01-30 05:46:45 UTC,2014-01-30
1761,1406741333691,2014-07-30 13:28:53 UTC,2014-07-30
1762,1384364755984,2013-11-13 12:45:55 UTC,2013-11-13
1763,1379439107988,2013-09-17 13:31:47 UTC,2013-09-17
1764,1404950960712,2014-07-09 20:09:20 UTC,2014-07-09
1765,1403699118358,2014-06-25 08:25:18 UTC,2014-06-25
1766,1395163938260,2014-03-18 13:32:18 UTC,2014-03-18
1767,1399685689771,2014-05-09 21:34:49 UTC,2014-05-09
1768,1407353265109,2014-08-06 15:27:45 UTC,2014-08-06
1769,1380315589605,2013-09-27 16:59:49 UTC,2013-09-27
1770,1395675439402,2014-03-24 11:37:19 UTC,2014-03-24
1771,1410281771215,2014-09-09 12:56:11 UTC,2014-09-09
1772,1410267748302,2014-09-09 09:02:28 UTC,2014-09-09
1773,1390531520661,2014-01-23 21:45:20 UTC,2014-01-23
1774,1400173715110,2014-05-15 13:08:35 UTC,2014-05-15
1775,1392132239218,2014-02-11 10:23:59 UTC,2014-02-11
1776,1397239366254,2014-04-11 14:02:46 UTC,2014-04-11
1777,1392407211040,2014-02-14 14:46:51 UTC,2014-02-14
1778,1387821645112,2013-12-23 13:00:45 UTC,2013-12-23
1779,1403541820806,2014-06-23 12:43:40 UTC,2014-06-23
1780,1383314549189,2013-11-01 10:02:29 UTC,2013-11-01
1781,1386949847975,2013-12-13 10:50:47 UTC,2013-12-13
1782,1383067617043,2013-10-29 13:26:57 UTC,2013-10-29
1783,1382074044142,2013-10-18 01:27:24 UTC,2013-10-18
1784,1410449962284,2014-09-11 11:39:22 UTC,2014-09-11
1785,1391603399134,2014-02-05 07:29:59 UTC,2014-02-05
1786,1408556344735,2014-08-20 13:39:04 UTC,2014-08-20
1787,1402058748146,2014-06-06 08:45:48 UTC,2014-06-06
1788,1386030215902,2013-12-02 19:23:35 UTC,2013-12-02
1789,1403211251132,2014-06-19 16:54:11 UTC,2014-06-19
1790,1379620350212,2013-09-19 15:52:30 UTC,2013-09-19
1791,1409139208553,2014-08-27 07:33:28 UTC,2014-08-27
1792,1383314348880,2013-11-01 09:59:08 UTC,2013-11-01
1793,1389214411503,2014-01-08 15:53:31 UTC,2014-01-08
1794,1389387141004,2014-01-10 15:52:21 UTC,2014-01-10
1795,1401321065964,2014-05-28 19:51:05 UTC,2014-05-28
1796,1386861609083,2013-12-12 10:20:09 UTC,2013-12-12
1797,1395172462210,2014-03-18 15:54:22 UTC,2014-03-18
1798,1400285108526,2014-05-16 20:05:08 UTC,2014-05-16
1799,1399506757261,2014-05-07 19:52:37 UTC,2014-05-07
1800,1396895251597,2014-04-07 14:27:31 UTC,2014-04-07
1801,1386334447534,2013-12-06 07:54:07 UTC,2013-12-06
1802,1391196553316,2014-01-31 14:29:13 UTC,2014-01-31
1803,1408570702968,2014-08-20 17:38:22 UTC,2014-08-20
1804,1403718049314,2014-06-25 13:40:49 UTC,2014-06-25
1805,1388684776976,2014-01-02 12:46:16 UTC,2014-01-02
1806,1389795894972,2014-01-15 09:24:54 UTC,2014-01-15
1807,1383833743655,2013-11-07 09:15:43 UTC,2013-11-07
1808,1387494192762,2013-12-19 18:03:12 UTC,2013-12-19
1809,1386765807805,2013-12-11 07:43:27 UTC,2013-12-11
1810,1383847162444,2013-11-07 12:59:22 UTC,2013-11-07
1811,1382142254646,2013-10-18 20:24:14 UTC,2013-10-18
1812,1380608878880,2013-10-01 02:27:58 UTC,2013-10-01
1813,1392395981822,2014-02-14 11:39:41 UTC,2014-02-14
1814,1382109080221,2013-10-18 11:11:20 UTC,2013-10-18
1815,1396632830385,2014-04-04 13:33:50 UTC,2014-04-04
1816,1405548066665,2014-07-16 18:01:06 UTC,2014-07-16
1817,1387969461571,2013-12-25 06:04:21 UTC,2013-12-25
1818,1381514174162,2013-10-11 13:56:14 UTC,2013-10-11
1819,1383827271438,2013-11-07 07:27:51 UTC,2013-11-07
1820,1382490801170,2013-10-22 21:13:21 UTC,2013-10-22
1821,1381280297640,2013-10-08 20:58:17 UTC,2013-10-08
1822,1395235929930,2014-03-19 09:32:09 UTC,2014-03-19
1823,1388163855120,2013-12-27 12:04:15 UTC,2013-12-27
1824,1390404441047,2014-01-22 10:27:21 UTC,2014-01-22
1825,1383140596356,2013-10-30 09:43:16 UTC,2013-10-30
1826,1404258866405,2014-07-01 19:54:26 UTC,2014-07-01
1827,1397476608035,2014-04-14 07:56:48 UTC,2014-04-14
1828,1389653734072,2014-01-13 17:55:34 UTC,2014-01-13
1829,1403026181386,2014-06-17 13:29:41 UTC,2014-06-17
1830,1410283771361,2014-09-09 13:29:31 UTC,2014-09-09
1831,1406241086892,2014-07-24 18:31:26 UTC,2014-07-24
1832,1398714100164,2014-04-28 15:41:40 UTC,2014-04-28
1833,1404480561471,2014-07-04 09:29:21 UTC,2014-07-04
1834,1392167760663,2014-02-11 20:16:00 UTC,2014-02-11
1835,1403132920013,2014-06-18 19:08:40 UTC,2014-06-18
1836,1403712205786,2014-06-25 12:03:25 UTC,2014-06-25
1837,1382950949790,2013-10-28 05:02:29 UTC,2013-10-28
1838,1401990664211,2014-06-05 13:51:04 UTC,2014-06-05
1839,1398994628931,2014-05-01 21:37:08 UTC,2014-05-01
1840,1384352596289,2013-11-13 09:23:16 UTC,2013-11-13
1841,1396299937634,2014-03-31 17:05:37 UTC,2014-03-31
1842,1382351891285,2013-10-21 06:38:11 UTC,2013-10-21
1843,1385604390451,2013-11-27 21:06:30 UTC,2013-11-27
1844,1389220307572,2014-01-08 17:31:47 UTC,2014-01-08
1845,1400262601397,2014-05-16 13:50:01 UTC,2014-05-16
1846,1410300309264,2014-09-09 18:05:09 UTC,2014-09-09
1847,1407348858500,2014-08-06 14:14:18 UTC,2014-08-06
1848,1399307222831,2014-05-05 12:27:02 UTC,2014-05-05
1849,1389201091937,2014-01-08 12:11:31 UTC,2014-01-08
1850,1403551161455,2014-06-23 15:19:21 UTC,2014-06-23
1851,1384992308599,2013-11-20 19:05:08 UTC,2013-11-20
1852,1390309970421,2014-01-21 08:12:50 UTC,2014-01-21
1853,1408535131818,2014-08-20 07:45:31 UTC,2014-08-20
1854,1410188834657,2014-09-08 11:07:14 UTC,2014-09-08
1855,1391811975385,2014-02-07 17:26:15 UTC,2014-02-07
1856,1409846631719,2014-09-04 12:03:51 UTC,2014-09-04
1857,1394019857219,2014-03-05 06:44:17 UTC,2014-03-05
1858,1403633190422,2014-06-24 14:06:30 UTC,2014-06-24
1859,1403176782763,2014-06-19 07:19:42 UTC,2014-06-19
1860,1383932729646,2013-11-08 12:45:29 UTC,2013-11-08
1861,1383534797579,2013-11-03 22:13:17 UTC,2013-11-03
1862,1410223501122,2014-09-08 20:45:01 UTC,2014-09-08
1863,1385031860299,2013-11-21 06:04:20 UTC,2013-11-21
1864,1379511434496,2013-09-18 09:37:14 UTC,2013-09-18
1865,1386280216033,2013-12-05 16:50:16 UTC,2013-12-05
1866,1402525320862,2014-06-11 18:22:00 UTC,2014-06-11
1867,1380329951645,2013-09-27 20:59:11 UTC,2013-09-27
1868,1383314381041,2013-11-01 09:59:41 UTC,2013-11-01
1869,1406311640570,2014-07-25 14:07:20 UTC,2014-07-25
1870,1394716937210,2014-03-13 09:22:17 UTC,2014-03-13
1871,1403387995666,2014-06-21 17:59:55 UTC,2014-06-21
1872,1403013845238,2014-06-17 10:04:05 UTC,2014-06-17
1873,1407772827498,2014-08-11 12:00:27 UTC,2014-08-11
1874,1386865762354,2013-12-12 11:29:22 UTC,2013-12-12
1875,1380335885056,2013-09-27 22:38:05 UTC,2013-09-27
1876,1380535238180,2013-09-30 06:00:38 UTC,2013-09-30
1877,1405537966521,2014-07-16 15:12:46 UTC,2014-07-16
1878,1396472932453,2014-04-02 17:08:52 UTC,2014-04-02
1879,1383846360260,2013-11-07 12:46:00 UTC,2013-11-07
1880,1410531697675,2014-09-12 10:21:37 UTC,2014-09-12
1881,1380640050626,2013-10-01 11:07:30 UTC,2013-10-01
1882,1402919803183,2014-06-16 07:56:43 UTC,2014-06-16
1883,1403567860061,2014-06-23 19:57:40 UTC,2014-06-23
1884,1410897903776,2014-09-16 16:05:03 UTC,2014-09-16
1885,1390239838143,2014-01-20 12:43:58 UTC,2014-01-20
1886,1404177328685,2014-06-30 21:15:28 UTC,2014-06-30
1887,1387393188739,2013-12-18 13:59:48 UTC,2013-12-18
1888,1387818235293,2013-12-23 12:03:55 UTC,2013-12-23
1889,1382575625932,2013-10-23 20:47:05 UTC,2013-10-23
1890,1409923106666,2014-09-05 09:18:26 UTC,2014-09-05
1891,1381196942762,2013-10-07 21:49:02 UTC,2013-10-07
1892,1393992372942,2014-03-04 23:06:12 UTC,2014-03-04
1893,1403283632106,2014-06-20 13:00:32 UTC,2014-06-20
1894,1403527978583,2014-06-23 08:52:58 UTC,2014-06-23
1895,1395931418483,2014-03-27 10:43:38 UTC,2014-03-27
1896,1383612262859,2013-11-04 19:44:22 UTC,2013-11-04
1897,1393606723985,2014-02-28 11:58:43 UTC,2014-02-28
1898,1393895973935,2014-03-03 20:19:33 UTC,2014-03-03
1899,1380743256057,2013-10-02 15:47:36 UTC,2013-10-02
1900,1385129403581,2013-11-22 09:10:03 UTC,2013-11-22
1901,1403142541962,2014-06-18 21:49:01 UTC,2014-06-18
1902,1380808805725,2013-10-03 10:00:05 UTC,2013-10-03
1903,1380649932406,2013-10-01 13:52:12 UTC,2013-10-01
1904,1394131999253,2014-03-06 13:53:19 UTC,2014-03-06
1905,1404927475901,2014-07-09 13:37:55 UTC,2014-07-09
1906,1391452330345,2014-02-03 13:32:10 UTC,2014-02-03
1907,1399704573810,2014-05-10 02:49:33 UTC,2014-05-10
1908,1407243781736,2014-08-05 09:03:01 UTC,2014-08-05
1909,1398986090135,2014-05-01 19:14:50 UTC,2014-05-01
1910,1388411867970,2013-12-30 08:57:47 UTC,2013-12-30
1911,1393429919995,2014-02-26 10:51:59 UTC,2014-02-26
1912,1383356631233,2013-11-01 21:43:51 UTC,2013-11-01
1913,1410887031863,2014-09-16 13:03:51 UTC,2014-09-16
1914,1398381885613,2014-04-24 19:24:45 UTC,2014-04-24
1915,1406117202330,2014-07-23 08:06:42 UTC,2014-07-23
1916,1410018402400,2014-09-06 11:46:42 UTC,2014-09-06
1917,1397519858896,2014-04-14 19:57:38 UTC,2014-04-14
1918,1406855824266,2014-07-31 21:17:04 UTC,2014-07-31
1919,1393412980894,2014-02-26 06:09:40 UTC,2014-02-26
1920,1394557107011,2014-03-11 12:58:27 UTC,2014-03-11
1921,1409161615971,2014-08-27 13:46:55 UTC,2014-08-27
1922,1393103125173,2014-02-22 16:05:25 UTC,2014-02-22
1923,1383314135266,2013-11-01 09:55:35 UTC,2013-11-01
1924,1406823127643,2014-07-31 12:12:07 UTC,2014-07-31
1925,1392937689960,2014-02-20 18:08:09 UTC,2014-02-20
1926,1393334230699,2014-02-25 08:17:10 UTC,2014-02-25
1927,1389980662629,2014-01-17 12:44:22 UTC,2014-01-17
1928,1409749210755,2014-09-03 09:00:10 UTC,2014-09-03
1929,1402994104483,2014-06-17 04:35:04 UTC,2014-06-17
1930,1407447588173,2014-08-07 17:39:48 UTC,2014-08-07
1931,1398719268834,2014-04-28 17:07:48 UTC,2014-04-28
1932,1403215189277,2014-06-19 17:59:49 UTC,2014-06-19
1933,1392643795681,2014-02-17 08:29:55 UTC,2014-02-17
1934,1379934529546,2013-09-23 07:08:49 UTC,2013-09-23
1935,1410271625018,2014-09-09 10:07:05 UTC,2014-09-09
1936,1403285039213,2014-06-20 13:23:59 UTC,2014-06-20
1937,1395235660428,2014-03-19 09:27:40 UTC,2014-03-19
1938,1386094450160,2013-12-03 13:14:10 UTC,2013-12-03
1939,1382726256850,2013-10-25 14:37:36 UTC,2013-10-25
1940,1384288292722,2013-11-12 15:31:32 UTC,2013-11-12
1941,1394112186281,2014-03-06 08:23:06 UTC,2014-03-06
1942,1379945279204,2013-09-23 10:07:59 UTC,2013-09-23
1943,1409756227073,2014-09-03 10:57:07 UTC,2014-09-03
1944,1403891588779,2014-06-27 13:53:08 UTC,2014-06-27
1945,1402038962916,2014-06-06 03:16:02 UTC,2014-06-06
1946,1388762499415,2014-01-03 10:21:39 UTC,2014-01-03
1947,1389762417873,2014-01-15 00:06:57 UTC,2014-01-15
1948,1403092799484,2014-06-18 07:59:59 UTC,2014-06-18
1949,1387564741041,2013-12-20 13:39:01 UTC,2013-12-20
1950,1405255412451,2014-07-13 08:43:32 UTC,2014-07-13
1951,1405351844594,2014-07-14 11:30:44 UTC,2014-07-14
1952,1384956009025,2013-11-20 09:00:09 UTC,2013-11-20
1953,1378466580175,2013-09-06 07:23:00 UTC,2013-09-06
1954,1405340950140,2014-07-14 08:29:10 UTC,2014-07-14
1955,1393854201356,2014-03-03 08:43:21 UTC,2014-03-03
1956,1399468291852,2014-05-07 09:11:31 UTC,2014-05-07
1957,1404315075455,2014-07-02 11:31:15 UTC,2014-07-02
1958,1408757745688,2014-08-22 21:35:45 UTC,2014-08-22
1959,1388753394117,2014-01-03 07:49:54 UTC,2014-01-03
1960,1406520340325,2014-07-28 00:05:40 UTC,2014-07-28
1961,1392407491041,2014-02-14 14:51:31 UTC,2014-02-14
1962,1409101995242,2014-08-26 21:13:15 UTC,2014-08-26
1963,1386447865221,2013-12-07 15:24:25 UTC,2013-12-07
1964,1407941340797,2014-08-13 10:49:00 UTC,2014-08-13
1965,1397502131428,2014-04-14 15:02:11 UTC,2014-04-14
1966,1396494960123,2014-04-02 23:16:00 UTC,2014-04-02
1967,1408557824668,2014-08-20 14:03:44 UTC,2014-08-20
1968,1396024489583,2014-03-28 12:34:49 UTC,2014-03-28
1969,1382351858665,2013-10-21 06:37:38 UTC,2013-10-21
1970,1405430871069,2014-07-15 09:27:51 UTC,2014-07-15
1971,1392120897713,2014-02-11 07:14:57 UTC,2014-02-11
1972,1407508769723,2014-08-08 10:39:29 UTC,2014-08-08
1973,1384941283735,2013-11-20 04:54:43 UTC,2013-11-20
1974,1396276822210,2014-03-31 10:40:22 UTC,2014-03-31
1975,1392830492813,2014-02-19 12:21:32 UTC,2014-02-19
1976,1388193337197,2013-12-27 20:15:37 UTC,2013-12-27
1977,1387188100142,2013-12-16 05:01:40 UTC,2013-12-16
1978,1398333609954,2014-04-24 06:00:09 UTC,2014-04-24
1979,1394131757563,2014-03-06 13:49:17 UTC,2014-03-06
1980,1409077035562,2014-08-26 14:17:15 UTC,2014-08-26
1981,1382642604914,2013-10-24 15:23:24 UTC,2013-10-24
1982,1394823049256,2014-03-14 14:50:49 UTC,2014-03-14
1983,1391778267358,2014-02-07 08:04:27 UTC,2014-02-07
1984,1398708537412,2014-04-28 14:08:57 UTC,2014-04-28
1985,1392643947452,2014-02-17 08:32:27 UTC,2014-02-17
1986,1392224501597,2014-02-12 12:01:41 UTC,2014-02-12
1987,1399662282392,2014-05-09 15:04:42 UTC,2014-05-09
1988,1406897990340,2014-08-01 08:59:50 UTC,2014-08-01
1989,1404850944752,2014-07-08 16:22:24 UTC,2014-07-08
1990,1400692433673,2014-05-21 13:13:53 UTC,2014-05-21
1991,1407941457881,2014-08-13 10:50:57 UTC,2014-08-13
1992,1410540985192,2014-09-12 12:56:25 UTC,2014-09-12
1993,1392242414034,2014-02-12 17:00:14 UTC,2014-02-12
1994,1392121765134,2014-02-11 07:29:25 UTC,2014-02-11
1995,1383088441339,2013-10-29 19:14:01 UTC,2013-10-29
1996,1397173374282,2014-04-10 19:42:54 UTC,2014-04-10
1997,1407920203093,2014-08-13 04:56:43 UTC,2014-08-13
1998,1398816110795,2014-04-29 20:01:50 UTC,2014-04-29
1999,1382351824957,2013-10-21 06:37:04 UTC,2013-10-21
2000,1398443212624,2014-04-25 12:26:52 UTC,2014-04-25
2001,1404163648774,2014-06-30 17:27:28 UTC,2014-06-30
2002,1383767617217,2013-11-06 14:53:37 UTC,2013-11-06
2003,1404311302133,2014-07-02 10:28:22 UTC,2014-07-02
2004,1379617938268,2013-09-19 15:12:18 UTC,2013-09-19
2005,1404486651084,2014-07-04 11:10:51 UTC,2014-07-04
2006,1403920010126,2014-06-27 21:46:50 UTC,2014-06-27
2007,1409544068707,2014-09-01 00:01:08 UTC,2014-09-01
2008,1388753430206,2014-01-03 07:50:30 UTC,2014-01-03
2009,1386325782453,2013-12-06 05:29:42 UTC,2013-12-06
2010,1396275759778,2014-03-31 10:22:39 UTC,2014-03-31
2011,1389802418542,2014-01-15 11:13:38 UTC,2014-01-15
2012,1390246720615,2014-01-20 14:38:40 UTC,2014-01-20
2013,1383839631855,2013-11-07 10:53:51 UTC,2013-11-07
2014,1401802149099,2014-06-03 09:29:09 UTC,2014-06-03
2015,1389003349762,2014-01-06 05:15:49 UTC,2014-01-06
2016,1395927118069,2014-03-27 09:31:58 UTC,2014-03-27
2017,1404211367156,2014-07-01 06:42:47 UTC,2014-07-01
2018,1408564581935,2014-08-20 15:56:21 UTC,2014-08-20
2019,1381282867913,2013-10-08 21:41:07 UTC,2013-10-08
2020,1410620154727,2014-09-13 10:55:54 UTC,2014-09-13
2021,1386255934819,2013-12-05 10:05:34 UTC,2013-12-05
2022,1383307222735,2013-11-01 08:00:22 UTC,2013-11-01
2023,1409766015044,2014-09-03 13:40:15 UTC,2014-09-03
2024,1397498443603,2014-04-14 14:00:43 UTC,2014-04-14
2025,1391530974025,2014-02-04 11:22:54 UTC,2014-02-04
2026,1394723248787,2014-03-13 11:07:28 UTC,2014-03-13
2027,1409757885794,2014-09-03 11:24:45 UTC,2014-09-03
2028,1405188204585,2014-07-12 14:03:24 UTC,2014-07-12
2029,1391187739575,2014-01-31 12:02:19 UTC,2014-01-31
2030,1395936403764,2014-03-27 12:06:43 UTC,2014-03-27
2031,1406626133196,2014-07-29 05:28:53 UTC,2014-07-29
2032,1404320081624,2014-07-02 12:54:41 UTC,2014-07-02
2033,1396010583277,2014-03-28 08:43:03 UTC,2014-03-28
2034,1405980698361,2014-07-21 18:11:38 UTC,2014-07-21
2035,1382532830830,2013-10-23 08:53:50 UTC,2013-10-23
2036,1410225057116,2014-09-08 21:10:57 UTC,2014-09-08
2037,1398887484125,2014-04-30 15:51:24 UTC,2014-04-30
2038,1398214620627,2014-04-22 20:57:00 UTC,2014-04-22
2039,1383314192771,2013-11-01 09:56:32 UTC,2013-11-01
2040,1397215086432,2014-04-11 07:18:06 UTC,2014-04-11
2041,1401294218302,2014-05-28 12:23:38 UTC,2014-05-28
2042,1403876161637,2014-06-27 09:36:01 UTC,2014-06-27
2043,1409311956559,2014-08-29 07:32:36 UTC,2014-08-29
2044,1401723468470,2014-06-02 11:37:48 UTC,2014-06-02
2045,1381506562400,2013-10-11 11:49:22 UTC,2013-10-11
2046,1399913571721,2014-05-12 12:52:51 UTC,2014-05-12
2047,1387982008190,2013-12-25 09:33:28 UTC,2013-12-25
2048,1405967924402,2014-07-21 14:38:44 UTC,2014-07-21
2049,1380050604781,2013-09-24 15:23:24 UTC,2013-09-24
2050,1403041639034,2014-06-17 17:47:19 UTC,2014-06-17
2051,1393266730620,2014-02-24 13:32:10 UTC,2014-02-24
2052,1385163868147,2013-11-22 18:44:28 UTC,2013-11-22
2053,1404237254788,2014-07-01 13:54:14 UTC,2014-07-01
2054,1408717476421,2014-08-22 10:24:36 UTC,2014-08-22
2055,1388159513041,2013-12-27 10:51:53 UTC,2013-12-27
2056,1401465966824,2014-05-30 12:06:06 UTC,2014-05-30
2057,1402424749985,2014-06-10 14:25:49 UTC,2014-06-10
2058,1395182609086,2014-03-18 18:43:29 UTC,2014-03-18
2059,1385064333210,2013-11-21 15:05:33 UTC,2013-11-21
2060,1399669832572,2014-05-09 17:10:32 UTC,2014-05-09
2061,1409656312150,2014-09-02 07:11:52 UTC,2014-09-02
2062,1391686819272,2014-02-06 06:40:19 UTC,2014-02-06
2063,1408373621718,2014-08-18 10:53:41 UTC,2014-08-18
2064,1409102095164,2014-08-26 21:14:55 UTC,2014-08-26
2065,1393476350179,2014-02-26 23:45:50 UTC,2014-02-26
2066,1392051611307,2014-02-10 12:00:11 UTC,2014-02-10
2067,1403810137515,2014-06-26 15:15:37 UTC,2014-06-26
2068,1389405970896,2014-01-10 21:06:10 UTC,2014-01-10
2069,1383790337794,2013-11-06 21:12:17 UTC,2013-11-06
2070,1392737713353,2014-02-18 10:35:13 UTC,2014-02-18
2071,1382971502353,2013-10-28 10:45:02 UTC,2013-10-28
2072,1380911984169,2013-10-04 14:39:44 UTC,2013-10-04
2073,1401212327502,2014-05-27 13:38:47 UTC,2014-05-27
2074,1389997135890,2014-01-17 17:18:55 UTC,2014-01-17
2075,1370366900538,2013-06-04 13:28:20 UTC,2013-06-04
2076,1402419758057,2014-06-10 13:02:38 UTC,2014-06-10
2077,1406259404666,2014-07-24 23:36:44 UTC,2014-07-24
2078,1370884146602,2013-06-10 13:09:06 UTC,2013-06-10
2079,1387507144057,2013-12-19 21:39:04 UTC,2013-12-19
2080,1395951567249,2014-03-27 16:19:27 UTC,2014-03-27
2081,1382981516803,2013-10-28 13:31:56 UTC,2013-10-28
2082,1394123154145,2014-03-06 11:25:54 UTC,2014-03-06
2083,1402339281266,2014-06-09 14:41:21 UTC,2014-06-09
2084,1409092259163,2014-08-26 18:30:59 UTC,2014-08-26
2085,1393337321857,2014-02-25 09:08:41 UTC,2014-02-25
2086,1407156925823,2014-08-04 08:55:25 UTC,2014-08-04
2087,1383149669223,2013-10-30 12:14:29 UTC,2013-10-30
2088,1385036026388,2013-11-21 07:13:46 UTC,2013-11-21
2089,1393565400561,2014-02-28 00:30:00 UTC,2014-02-28
2090,1384254276688,2013-11-12 06:04:36 UTC,2013-11-12
2091,1407494918378,2014-08-08 06:48:38 UTC,2014-08-08
2092,1379546325081,2013-09-18 19:18:45 UTC,2013-09-18
2093,1403279904242,2014-06-20 11:58:24 UTC,2014-06-20
2094,1401476850983,2014-05-30 15:07:30 UTC,2014-05-30
2095,1393413144800,2014-02-26 06:12:24 UTC,2014-02-26
2096,1380514897624,2013-09-30 00:21:37 UTC,2013-09-30
2097,1400754899178,2014-05-22 06:34:59 UTC,2014-05-22
2098,1392919455623,2014-02-20 13:04:15 UTC,2014-02-20
2099,1410778564398,2014-09-15 06:56:04 UTC,2014-09-15
2100,1407451700422,2014-08-07 18:48:20 UTC,2014-08-07
2101,1407119119678,2014-08-03 22:25:19 UTC,2014-08-03
2102,1393638163046,2014-02-28 20:42:43 UTC,2014-02-28
2103,1392310316038,2014-02-13 11:51:56 UTC,2014-02-13
2104,1400014961802,2014-05-13 17:02:41 UTC,2014-05-13
2105,1396265202634,2014-03-31 07:26:42 UTC,2014-03-31
2106,1407360245302,2014-08-06 17:24:05 UTC,2014-08-06
2107,1400494395071,2014-05-19 06:13:15 UTC,2014-05-19
2108,1398420634023,2014-04-25 06:10:34 UTC,2014-04-25
2109,1409663333377,2014-09-02 09:08:53 UTC,2014-09-02
2110,1380643035395,2013-10-01 11:57:15 UTC,2013-10-01
2111,1409581723158,2014-09-01 10:28:43 UTC,2014-09-01
2112,1384778212381,2013-11-18 07:36:52 UTC,2013-11-18
2113,1395091930057,2014-03-17 17:32:10 UTC,2014-03-17
2114,1406046955542,2014-07-22 12:35:55 UTC,2014-07-22
2115,1395104283795,2014-03-17 20:58:03 UTC,2014-03-17
2116,1387913631034,2013-12-24 14:33:51 UTC,2013-12-24
2117,1387387885144,2013-12-18 12:31:25 UTC,2013-12-18
2118,1400004003940,2014-05-13 14:00:03 UTC,2014-05-13
2119,1399474730335,2014-05-07 10:58:50 UTC,2014-05-07
2120,1393847416879,2014-03-03 06:50:16 UTC,2014-03-03
2121,1404341524318,2014-07-02 18:52:04 UTC,2014-07-02
2122,1381077986620,2013-10-06 12:46:26 UTC,2013-10-06
2123,1394569991429,2014-03-11 16:33:11 UTC,2014-03-11
2124,1403008916476,2014-06-17 08:41:56 UTC,2014-06-17
2125,1403654203135,2014-06-24 19:56:43 UTC,2014-06-24
2126,1410200405987,2014-09-08 14:20:05 UTC,2014-09-08
2127,1402979400800,2014-06-17 00:30:00 UTC,2014-06-17
2128,1383881115227,2013-11-07 22:25:15 UTC,2013-11-07
2129,1384334953913,2013-11-13 04:29:13 UTC,2013-11-13
2130,1383314469979,2013-11-01 10:01:09 UTC,2013-11-01
2131,1385669373961,2013-11-28 15:09:33 UTC,2013-11-28
2132,1388606135312,2014-01-01 14:55:35 UTC,2014-01-01
2133,1403115260659,2014-06-18 14:14:20 UTC,2014-06-18
2134,1401959725633,2014-06-05 05:15:25 UTC,2014-06-05
2135,1392123014664,2014-02-11 07:50:14 UTC,2014-02-11
2136,1392027248891,2014-02-10 05:14:08 UTC,2014-02-10
2137,1392822021634,2014-02-19 10:00:21 UTC,2014-02-19
2138,1385393831110,2013-11-25 10:37:11 UTC,2013-11-25
2139,1395672794782,2014-03-24 10:53:14 UTC,2014-03-24
2140,1395685591256,2014-03-24 14:26:31 UTC,2014-03-24
2141,1388426365780,2013-12-30 12:59:25 UTC,2013-12-30
2142,1401474833607,2014-05-30 14:33:53 UTC,2014-05-30
2143,1397765013772,2014-04-17 16:03:33 UTC,2014-04-17
2144,1404141394475,2014-06-30 11:16:34 UTC,2014-06-30
2145,1410538717337,2014-09-12 12:18:37 UTC,2014-09-12
2146,1381330806620,2013-10-09 11:00:06 UTC,2013-10-09
2147,1383173869577,2013-10-30 18:57:49 UTC,2013-10-30
2148,1383745086883,2013-11-06 08:38:06 UTC,2013-11-06
2149,1380505335122,2013-09-29 21:42:15 UTC,2013-09-29
2150,1406239485461,2014-07-24 18:04:45 UTC,2014-07-24
2151,1406329265189,2014-07-25 19:01:05 UTC,2014-07-25
2152,1390577278721,2014-01-24 10:27:58 UTC,2014-01-24
2153,1393959811116,2014-03-04 14:03:31 UTC,2014-03-04
2154,1393853708748,2014-03-03 08:35:08 UTC,2014-03-03
2155,1392638590521,2014-02-17 07:03:10 UTC,2014-02-17
2156,1383153071395,2013-10-30 13:11:11 UTC,2013-10-30
2157,1401987131933,2014-06-05 12:52:11 UTC,2014-06-05
2158,1403643876220,2014-06-24 17:04:36 UTC,2014-06-24
2159,1379623028683,2013-09-19 16:37:08 UTC,2013-09-19
2160,1384795853542,2013-11-18 12:30:53 UTC,2013-11-18
2161,1382110024831,2013-10-18 11:27:04 UTC,2013-10-18
2162,1383353815881,2013-11-01 20:56:55 UTC,2013-11-01
2163,1383158141272,2013-10-30 14:35:41 UTC,2013-10-30
2164,1398172794389,2014-04-22 09:19:54 UTC,2014-04-22
2165,1405988414427,2014-07-21 20:20:14 UTC,2014-07-21
2166,1391627810350,2014-02-05 14:16:50 UTC,2014-02-05
2167,1409314917877,2014-08-29 08:21:57 UTC,2014-08-29
2168,1406737160927,2014-07-30 12:19:20 UTC,2014-07-30
2169,1408565130240,2014-08-20 16:05:30 UTC,2014-08-20
2170,1407423547166,2014-08-07 10:59:07 UTC,2014-08-07
2171,1387468745180,2013-12-19 10:59:05 UTC,2013-12-19
2172,1408576625459,2014-08-20 19:17:05 UTC,2014-08-20
2173,1390842488557,2014-01-27 12:08:08 UTC,2014-01-27
2174,1382351485262,2013-10-21 06:31:25 UTC,2013-10-21
2175,1408548418803,2014-08-20 11:26:58 UTC,2014-08-20
2176,1394542899982,2014-03-11 09:01:39 UTC,2014-03-11
2177,1404239489213,2014-07-01 14:31:29 UTC,2014-07-01
2178,1381747646733,2013-10-14 06:47:26 UTC,2013-10-14
2179,1384883889577,2013-11-19 12:58:09 UTC,2013-11-19
2180,1389383289642,2014-01-10 14:48:09 UTC,2014-01-10
2181,1406120386875,2014-07-23 08:59:46 UTC,2014-07-23
2182,1394552292703,2014-03-11 11:38:12 UTC,2014-03-11
2183,1406662128160,2014-07-29 15:28:48 UTC,2014-07-29
2184,1380128956618,2013-09-25 13:09:16 UTC,2013-09-25
2185,1387997114878,2013-12-25 13:45:14 UTC,2013-12-25
2186,1396632696753,2014-04-04 13:31:36 UTC,2014-04-04
2187,1399337678706,2014-05-05 20:54:38 UTC,2014-05-05
2188,1401725269901,2014-06-02 12:07:49 UTC,2014-06-02
2189,1408722189683,2014-08-22 11:43:09 UTC,2014-08-22
2190,1403809544958,2014-06-26 15:05:44 UTC,2014-06-26
2191,1391406199072,2014-02-03 00:43:19 UTC,2014-02-03
2192,1390569409767,2014-01-24 08:16:49 UTC,2014-01-24
2193,1385742066104,2013-11-29 11:21:06 UTC,2013-11-29
2194,1398351152523,2014-04-24 10:52:32 UTC,2014-04-24
2195,1408034485754,2014-08-14 12:41:25 UTC,2014-08-14
2196,1383153818693,2013-10-30 13:23:38 UTC,2013-10-30
2197,1384876908853,2013-11-19 11:01:48 UTC,2013-11-19
2198,1399660143950,2014-05-09 14:29:03 UTC,2014-05-09
2199,1386850428983,2013-12-12 07:13:48 UTC,2013-12-12
2200,1395935174058,2014-03-27 11:46:14 UTC,2014-03-27
2201,1409584746262,2014-09-01 11:19:06 UTC,2014-09-01
2202,1393021743391,2014-02-21 17:29:03 UTC,2014-02-21
2203,1404770383705,2014-07-07 17:59:43 UTC,2014-07-07
2204,1387373046619,2013-12-18 08:24:06 UTC,2013-12-18
2205,1394823023114,2014-03-14 14:50:23 UTC,2014-03-14
2206,1409765529908,2014-09-03 13:32:09 UTC,2014-09-03
2207,1400261413002,2014-05-16 13:30:13 UTC,2014-05-16
2208,1408392251920,2014-08-18 16:04:11 UTC,2014-08-18
2209,1398904212778,2014-04-30 20:30:12 UTC,2014-04-30
2210,1409752713187,2014-09-03 09:58:33 UTC,2014-09-03
2211,1404930028813,2014-07-09 14:20:28 UTC,2014-07-09
2212,1404828461302,2014-07-08 10:07:41 UTC,2014-07-08
2213,1409072108922,2014-08-26 12:55:08 UTC,2014-08-26
2214,1400873114942,2014-05-23 15:25:14 UTC,2014-05-23
2215,1392391261590,2014-02-14 10:21:01 UTC,2014-02-14
2216,1403089192508,2014-06-18 06:59:52 UTC,2014-06-18
2217,1386783693595,2013-12-11 12:41:33 UTC,2013-12-11
2218,1404398772449,2014-07-03 10:46:12 UTC,2014-07-03
2219,1382454341403,2013-10-22 11:05:41 UTC,2013-10-22
2220,1382351607692,2013-10-21 06:33:27 UTC,2013-10-21
2221,1394050012323,2014-03-05 15:06:52 UTC,2014-03-05
2222,1406807939744,2014-07-31 07:58:59 UTC,2014-07-31
2223,1386258632597,2013-12-05 10:50:32 UTC,2013-12-05
