1,0.142857,0.285714,0.142857,0.142857,0.142857,0.142857
2,0.661538,0.207692,0.0615385,0.0153846,0.0461538,0.00769231
3,0.125,0.125,0.375,0.125,0.125,0.125
4,0.125,0.125,0.375,0.125,0.125,0.125
5,0.142857,0.142857,0.285714,0.142857,0.142857,0.142857
6,0.142857,0.142857,0.285714,0.142857,0.142857,0.142857
7,0.111111,0.111111,0.444444,0.111111,0.111111,0.111111
8,0.1,0.5,0.1,0.1,0.1,0.1
9,0.125,0.125,0.375,0.125,0.125,0.125
10,0.05,0.4,0.25,0.1,0.15,0.05
11,0.125,0.125,0.375,0.125,0.125,0.125
12,0.111111,0.111111,0.444444,0.111111,0.111111,0.111111
13,0.25,0.125,0.25,0.125,0.125,0.125
14,0.142857,0.142857,0.285714,0.142857,0.142857,0.142857
15,0.125,0.125,0.375,0.125,0.125,0.125
16,0.142857,0.142857,0.285714,0.142857,0.142857,0.142857
17,0.0833333,0.0833333,0.416667,0.0833333,0.25,0.0833333
18,0.142857,0.285714,0.142857,0.142857,0.142857,0.142857
19,0.125,0.125,0.375,0.125,0.125,0.125
20,0.142857,0.142857,0.285714,0.142857,0.142857,0.142857
21,0.0357143,0.178571,0.178571,0.0357143,0.535714,0.0357143
22,0.142857,0.142857,0.285714,0.142857,0.142857,0.142857
23,0.111111,0.111111,0.444444,0.111111,0.111111,0.111111
24,0.025641,0.846154,0.025641,0.0512821,0.025641,0.025641
25,0.125,0.125,0.375,0.125,0.125,0.125
26,0.0666667,0.466667,0.266667,0.0666667,0.0666667,0.0666667
27,0.111111,0.111111,0.444444,0.111111,0.111111,0.111111
28,0.111111,0.111111,0.444444,0.111111,0.111111,0.111111
29,0.125,0.125,0.375,0.125,0.125,0.125
30,0.0151515,0.151515,0.0151515,0.484848,0.318182,0.0151515
31,0.142857,0.142857,0.285714,0.142857,0.142857,0.142857
32,0.0909091,0.363636,0.272727,0.0909091,0.0909091,0.0909091
33,0.125,0.125,0.375,0.125,0.125,0.125
34,0.125,0.125,0.375,0.125,0.125,0.125
35,0.142857,0.285714,0.142857,0.142857,0.142857,0.142857
36,0.125,0.125,0.375,0.125,0.125,0.125
37,0.142857,0.142857,0.285714,0.142857,0.142857,0.142857
38,0.125,0.375,0.125,0.125,0.125,0.125
39,0.125,0.125,0.375,0.125,0.125,0.125
40,0.1,0.1,0.5,0.1,0.1,0.1
41,0.0769231,0.153846,0.153846,0.0769231,0.461538,0.0769231
42,0.142857,0.142857,0.285714,0.142857,0.142857,0.142857
43,0.0512821,0.025641,0.179487,0.299145,0.435897,0.00854701
44,0.047619,0.0952381,0.571429,0.0952381,0.142857,0.047619
45,0.142857,0.142857,0.285714,0.142857,0.142857,0.142857
46,0.3,0.54,0.04,0.08,0.02,0.02
47,0.0243902,0.756098,0.0243902,0.097561,0.0731707,0.0243902
48,0.111111,0.111111,0.444444,0.111111,0.111111,0.111111
49,0.125,0.125,0.375,0.125,0.125,0.125
50,0.142857,0.142857,0.285714,0.142857,0.142857,0.142857
51,0.0222222,0.8,0.0222222,0.111111,0.0222222,0.0222222
52,0.0769231,0.0769231,0.538462,0.0769231,0.153846,0.0769231
53,0.142857,0.142857,0.285714,0.142857,0.142857,0.142857
54,0.142857,0.142857,0.285714,0.142857,0.142857,0.142857
55,0.142857,0.142857,0.285714,0.142857,0.142857,0.142857
56,0.0625,0.0625,0.25,0.375,0.1875,0.0625
57,0.125,0.125,0.375,0.125,0.125,0.125
58,0.111111,0.111111,0.444444,0.111111,0.111111,0.111111
59,0.142857,0.142857,0.285714,0.142857,0.142857,0.142857
60,0.0232558,0.883721,0.0232558,0.0232558,0.0232558,0.0232558
61,0.125,0.125,0.375,0.125,0.125,0.125
62,0.142857,0.142857,0.285714,0.142857,0.142857,0.142857
63,0.125,0.125,0.375,0.125,0.125,0.125
64,0.35,0.15,0.25,0.05,0.15,0.05
65,0.103194,0.0614251,0.017199,0.724816,0.0884521,0.004914
66,0.111111,0.111111,0.444444,0.111111,0.111111,0.111111
67,0.0769231,0.0769231,0.0769231,0.0769231,0.615385,0.0769231
68,0.0526316,0.0526316,0.210526,0.157895,0.105263,0.421053
69,0.0588235,0.0588235,0.470588,0.176471,0.0588235,0.176471
70,0.025,0.15,0.1,0.225,0.475,0.025
71,0.142857,0.142857,0.285714,0.142857,0.142857,0.142857
72,0.142857,0.142857,0.285714,0.142857,0.142857,0.142857
73,0.142857,0.142857,0.285714,0.142857,0.142857,0.142857
74,0.142857,0.142857,0.285714,0.142857,0.142857,0.142857
75,0.142857,0.142857,0.285714,0.142857,0.142857,0.142857
76,0.104167,0.0208333,0.270833,0.375,0.208333,0.0208333
77,0.125,0.125,0.375,0.125,0.125,0.125
78,0.0588235,0.0588235,0.411765,0.176471,0.235294,0.0588235
79,0.0833333,0.0833333,0.333333,0.0833333,0.333333,0.0833333
80,0.142857,0.142857,0.285714,0.142857,0.142857,0.142857
81,0.142857,0.285714,0.142857,0.142857,0.142857,0.142857
82,0.125,0.125,0.375,0.125,0.125,0.125
83,0.125,0.125,0.375,0.125,0.125,0.125
84,0.142857,0.142857,0.285714,0.142857,0.142857,0.142857
85,0.142857,0.142857,0.285714,0.142857,0.142857,0.142857
86,0.142857,0.142857,0.285714,0.142857,0.142857,0.142857
87,0.125,0.125,0.375,0.125,0.125,0.125
88,0.125,0.125,0.375,0.125,0.125,0.125
89,0.142857,0.142857,0.285714,0.142857,0.142857,0.142857
90,0.142857,0.142857,0.285714,0.142857,0.142857,0.142857
91,0.0344828,0.103448,0.0344828,0.413793,0.37931,0.0344828
92,0.125,0.125,0.375,0.125,0.125,0.125
93,0.125,0.125,0.375,0.125,0.125,0.125
94,0.111111,0.111111,0.444444,0.111111,0.111111,0.111111
95,0.142857,0.142857,0.285714,0.142857,0.142857,0.142857
96,0.125,0.125,0.375,0.125,0.125,0.125
97,0.128205,0.769231,0.025641,0.025641,0.025641,0.025641
98,0.142857,0.142857,0.285714,0.142857,0.142857,0.142857
99,0.125,0.125,0.375,0.125,0.125,0.125
100,0.142857,0.142857,0.285714,0.142857,0.142857,0.142857
101,0.111111,0.111111,0.111111,0.222222,0.333333,0.111111
102,0.142857,0.142857,0.285714,0.142857,0.142857,0.142857
103,0.142857,0.142857,0.285714,0.142857,0.142857,0.142857
104,0.0833333,0.0833333,0.166667,0.416667,0.0833333,0.166667
105,0.0909091,0.0909091,0.545455,0.0909091,0.0909091,0.0909091
106,0.1,0.1,0.5,0.1,0.1,0.1
107,0.0138889,0.111111,0.0138889,0.486111,0.361111,0.0138889
108,0.111111,0.111111,0.444444,0.111111,0.111111,0.111111
109,0.142857,0.142857,0.285714,0.142857,0.142857,0.142857
110,0.142857,0.142857,0.285714,0.142857,0.142857,0.142857
111,0.0666667,0.0666667,0.666667,0.0666667,0.0666667,0.0666667
112,0.111111,0.111111,0.444444,0.111111,0.111111,0.111111
113,0.142857,0.142857,0.285714,0.142857,0.142857,0.142857
114,0.125,0.125,0.375,0.125,0.125,0.125
115,0.142857,0.142857,0.285714,0.142857,0.142857,0.142857
116,0.142857,0.142857,0.285714,0.142857,0.142857,0.142857
117,0.125,0.125,0.375,0.125,0.125,0.125
118,0.111111,0.111111,0.444444,0.111111,0.111111,0.111111
119,0.125,0.125,0.375,0.125,0.125,0.125
120,0.0833333,0.583333,0.0833333,0.0833333,0.0833333,0.0833333
121,0.142857,0.142857,0.285714,0.142857,0.142857,0.142857
122,0.131579,0.684211,0.105263,0.0263158,0.0263158,0.0263158
123,0.142857,0.142857,0.285714,0.142857,0.142857,0.142857
124,0.111111,0.111111,0.444444,0.111111,0.111111,0.111111
125,0.136364,0.136364,0.409091,0.136364,0.136364,0.0454545
126,0.125,0.125,0.375,0.125,0.125,0.125
127,0.125,0.125,0.375,0.125,0.125,0.125
128,0.1,0.5,0.1,0.1,0.1,0.1
129,0.125,0.125,0.375,0.125,0.125,0.125
130,0.1,0.1,0.5,0.1,0.1,0.1
131,0.111111,0.111111,0.444444,0.111111,0.111111,0.111111
132,0.142857,0.142857,0.285714,0.142857,0.142857,0.142857
133,0.0289855,0.0434783,0.0144928,0.318841,0.57971,0.0144928
134,0.142857,0.142857,0.285714,0.142857,0.142857,0.142857
135,0.0909091,0.0909091,0.545455,0.0909091,0.0909091,0.0909091
136,0.1,0.1,0.1,0.5,0.1,0.1
137,0.1,0.1,0.5,0.1,0.1,0.1
138,0.185185,0.00740741,0.00740741,0.651852,0.00740741,0.140741
139,0.142857,0.142857,0.285714,0.142857,0.142857,0.142857
140,0.176471,0.0588235,0.235294,0.117647,0.352941,0.0588235
141,0.142857,0.142857,0.285714,0.142857,0.142857,0.142857
142,0.142857,0.142857,0.285714,0.142857,0.142857,0.142857
143,0.142857,0.142857,0.285714,0.142857,0.142857,0.142857
144,0.125,0.125,0.375,0.125,0.125,0.125
145,0.142857,0.142857,0.285714,0.142857,0.142857,0.142857
146,0.1,0.1,0.5,0.1,0.1,0.1
147,0.027027,0.756757,0.027027,0.0540541,0.108108,0.027027
148,0.153846,0.025641,0.025641,0.461538,0.307692,0.025641
149,0.0277778,0.527778,0.0277778,0.0277778,0.0277778,0.361111
150,0.125,0.125,0.375,0.125,0.125,0.125
151,0.125,0.125,0.125,0.375,0.125,0.125
152,0.1,0.5,0.1,0.1,0.1,0.1
153,0.0666667,0.0666667,0.4,0.333333,0.0666667,0.0666667
154,0.0769231,0.153846,0.0769231,0.269231,0.307692,0.115385
155,0.142857,0.142857,0.285714,0.142857,0.142857,0.142857
156,0.142857,0.142857,0.285714,0.142857,0.142857,0.142857
157,0.142857,0.142857,0.285714,0.142857,0.142857,0.142857
158,0.142857,0.142857,0.285714,0.142857,0.142857,0.142857
159,0.142857,0.285714,0.142857,0.142857,0.142857,0.142857
160,0.436364,0.381818,0.0727273,0.0727273,0.0181818,0.0181818
161,0.1,0.5,0.1,0.1,0.1,0.1
162,0.0833333,0.583333,0.0833333,0.0833333,0.0833333,0.0833333
163,0.125,0.125,0.375,0.125,0.125,0.125
164,0.142857,0.142857,0.285714,0.142857,0.142857,0.142857
165,0.142857,0.142857,0.285714,0.142857,0.142857,0.142857
166,0.0333333,0.0333333,0.0333333,0.633333,0.0333333,0.233333
167,0.1,0.1,0.5,0.1,0.1,0.1
168,0.0769231,0.0769231,0.538462,0.0769231,0.0769231,0.153846
169,0.1,0.1,0.5,0.1,0.1,0.1
170,0.142857,0.142857,0.285714,0.142857,0.142857,0.142857
171,0.125,0.125,0.375,0.125,0.125,0.125
172,0.0625,0.0625,0.5625,0.1875,0.0625,0.0625
173,0.142857,0.142857,0.285714,0.142857,0.142857,0.142857
174,0.142857,0.142857,0.285714,0.142857,0.142857,0.142857
175,0.111111,0.444444,0.111111,0.111111,0.111111,0.111111
176,0.0740741,0.0389864,0.0701754,0.356725,0.128655,0.331384
177,0.1,0.1,0.5,0.1,0.1,0.1
178,0.125,0.125,0.375,0.125,0.125,0.125
179,0.142857,0.142857,0.285714,0.142857,0.142857,0.142857
180,0.142857,0.142857,0.285714,0.142857,0.142857,0.142857
181,0.125,0.125,0.375,0.125,0.125,0.125
182,0.0666667,0.666667,0.0666667,0.0666667,0.0666667,0.0666667
183,0.142857,0.142857,0.285714,0.142857,0.142857,0.142857
184,0.142857,0.285714,0.142857,0.142857,0.142857,0.142857
185,0.125,0.125,0.375,0.125,0.125,0.125
186,0.142857,0.285714,0.142857,0.142857,0.142857,0.142857
187,0.79646,0.159292,0.00884956,0.0176991,0.00884956,0.00884956
188,0.125,0.125,0.375,0.125,0.125,0.125
189,0.125,0.375,0.125,0.125,0.125,0.125
190,0.111111,0.111111,0.444444,0.111111,0.111111,0.111111
191,0.142857,0.285714,0.142857,0.142857,0.142857,0.142857
192,0.142857,0.142857,0.285714,0.142857,0.142857,0.142857
193,0.192308,0.0384615,0.115385,0.230769,0.384615,0.0384615
194,0.115984,0.0847953,0.111111,0.0896686,0.591618,0.00682261
195,0.125,0.125,0.375,0.125,0.125,0.125
196,0.105263,0.684211,0.0263158,0.131579,0.0263158,0.0263158
197,0.142857,0.142857,0.285714,0.142857,0.142857,0.142857
198,0.125,0.125,0.375,0.125,0.125,0.125
199,0.111111,0.111111,0.444444,0.111111,0.111111,0.111111
200,0.125,0.125,0.375,0.125,0.125,0.125
201,0.133333,0.133333,0.133333,0.0666667,0.466667,0.0666667
202,0.1,0.1,0.5,0.1,0.1,0.1
203,0.125,0.125,0.375,0.125,0.125,0.125
204,0.142857,0.142857,0.285714,0.142857,0.142857,0.142857
205,0.142857,0.142857,0.285714,0.142857,0.142857,0.142857
206,0.142857,0.142857,0.285714,0.142857,0.142857,0.142857
207,0.125,0.375,0.125,0.125,0.125,0.125
208,0.1,0.05,0.5,0.05,0.25,0.05
209,0.222222,0.222222,0.111111,0.222222,0.111111,0.111111
210,0.0909091,0.0909091,0.545455,0.0909091,0.0909091,0.0909091
211,0.1,0.4,0.2,0.1,0.1,0.1
212,0.142857,0.142857,0.285714,0.142857,0.142857,0.142857
213,0.142857,0.142857,0.285714,0.142857,0.142857,0.142857
214,0.142857,0.142857,0.285714,0.142857,0.142857,0.142857
215,0.478261,0.391304,0.0724638,0.0289855,0.0144928,0.0144928
216,0.0243902,0.0731707,0.0243902,0.0121951,0.0121951,0.853659
217,0.125,0.125,0.375,0.125,0.125,0.125
218,0.111111,0.111111,0.444444,0.111111,0.111111,0.111111
219,0.0769231,0.461538,0.230769,0.0769231,0.0769231,0.0769231
220,0.1,0.5,0.1,0.1,0.1,0.1
221,0.125,0.125,0.375,0.125,0.125,0.125
222,0.142857,0.142857,0.285714,0.142857,0.142857,0.142857
223,0.142857,0.142857,0.285714,0.142857,0.142857,0.142857
224,0.137255,0.00980392,0.196078,0.196078,0.0980392,0.362745
225,0.0722222,0.00555556,0.155556,0.677778,0.0611111,0.0277778
226,0.125,0.375,0.125,0.125,0.125,0.125
227,0.2,0.0666667,0.333333,0.266667,0.0666667,0.0666667
228,0.125,0.125,0.375,0.125,0.125,0.125
229,0.142857,0.142857,0.285714,0.142857,0.142857,0.142857
230,0.194915,0.372881,0.110169,0.0508475,0.220339,0.0508475
231,0.125,0.125,0.375,0.125,0.125,0.125
232,0.142857,0.142857,0.285714,0.142857,0.142857,0.142857
233,0.1,0.1,0.5,0.1,0.1,0.1
234,0.125,0.125,0.25,0.25,0.125,0.125
235,0.142857,0.285714,0.142857,0.142857,0.142857,0.142857
236,0.015873,0.793651,0.015873,0.0793651,0.0793651,0.015873
237,0.462121,0.0757576,0.121212,0.0530303,0.265152,0.0227273
238,0.0833333,0.0833333,0.416667,0.25,0.0833333,0.0833333
239,0.0555556,0.0277778,0.583333,0.277778,0.0277778,0.0277778
240,0.0806452,0.016129,0.0806452,0.354839,0.451613,0.016129
241,0.0909091,0.0909091,0.545455,0.0909091,0.0909091,0.0909091
242,0.346939,0.489796,0.0204082,0.0408163,0.0816327,0.0204082
243,0.0444444,0.0222222,0.266667,0.4,0.244444,0.0222222
244,0.125,0.125,0.375,0.125,0.125,0.125
245,0.1,0.1,0.5,0.1,0.1,0.1
246,0.1,0.1,0.5,0.1,0.1,0.1
247,0.142857,0.142857,0.142857,0.285714,0.142857,0.142857
248,0.142857,0.142857,0.285714,0.142857,0.142857,0.142857
249,0.125,0.125,0.375,0.125,0.125,0.125
250,0.111111,0.111111,0.444444,0.111111,0.111111,0.111111
251,0.111111,0.111111,0.333333,0.222222,0.111111,0.111111
252,0.0909091,0.0909091,0.363636,0.181818,0.181818,0.0909091
253,0.142857,0.285714,0.142857,0.142857,0.142857,0.142857
254,0.12,0.8,0.02,0.02,0.02,0.02
255,0.105263,0.0526316,0.368421,0.368421,0.0526316,0.0526316
256,0.00840336,0.0840336,0.0756303,0.436975,0.176471,0.218487
257,0.125,0.125,0.125,0.125,0.125,0.375
258,0.125,0.125,0.375,0.125,0.125,0.125
259,0.0909091,0.0909091,0.545455,0.0909091,0.0909091,0.0909091
260,0.125,0.125,0.125,0.125,0.375,0.125
261,0.125,0.125,0.375,0.125,0.125,0.125
262,0.142857,0.142857,0.285714,0.142857,0.142857,0.142857
263,0.142857,0.285714,0.142857,0.142857,0.142857,0.142857
264,0.142857,0.142857,0.285714,0.142857,0.142857,0.142857
265,0.142857,0.142857,0.285714,0.142857,0.142857,0.142857
266,0.111111,0.111111,0.444444,0.111111,0.111111,0.111111
267,0.142857,0.142857,0.285714,0.142857,0.142857,0.142857
268,0.142857,0.142857,0.285714,0.142857,0.142857,0.142857
269,0.875776,0.0621118,0.0124224,0.0372671,0.00621118,0.00621118
270,0.0117417,0.0117417,0.00391389,0.812133,0.148728,0.0117417
271,0.0232558,0.0930233,0.0232558,0.604651,0.0232558,0.232558
272,0.142857,0.142857,0.285714,0.142857,0.142857,0.142857
273,0.125,0.125,0.375,0.125,0.125,0.125
274,0.15,0.2,0.1,0.05,0.45,0.05
275,0.142857,0.142857,0.285714,0.142857,0.142857,0.142857
276,0.125,0.125,0.375,0.125,0.125,0.125
277,0.125,0.125,0.375,0.125,0.125,0.125
278,0.125,0.125,0.375,0.125,0.125,0.125
279,0.00990099,0.0693069,0.0990099,0.445545,0.168317,0.207921
280,0.142857,0.142857,0.285714,0.142857,0.142857,0.142857
281,0.142857,0.142857,0.285714,0.142857,0.142857,0.142857
282,0.142857,0.285714,0.142857,0.142857,0.142857,0.142857
283,0.125,0.125,0.375,0.125,0.125,0.125
284,0.125,0.125,0.375,0.125,0.125,0.125
285,0.105263,0.0526316,0.473684,0.263158,0.0526316,0.0526316
286,0.125,0.125,0.375,0.125,0.125,0.125
287,0.0147059,0.705882,0.0147059,0.102941,0.0735294,0.0882353
288,0.00934579,0.00934579,0.121495,0.514019,0.280374,0.0654206
289,0.1,0.1,0.5,0.1,0.1,0.1
290,0.125,0.125,0.375,0.125,0.125,0.125
291,0.125,0.125,0.375,0.125,0.125,0.125
292,0.142857,0.142857,0.285714,0.142857,0.142857,0.142857
293,0.125,0.125,0.375,0.125,0.125,0.125
294,0.125,0.125,0.375,0.125,0.125,0.125
295,0.0794702,0.00662252,0.225166,0.172185,0.119205,0.397351
296,0.125,0.125,0.375,0.125,0.125,0.125
297,0.0714286,0.642857,0.0714286,0.0714286,0.0714286,0.0714286
298,0.125,0.125,0.375,0.125,0.125,0.125
299,0.125,0.125,0.375,0.125,0.125,0.125
300,0.125,0.125,0.375,0.125,0.125,0.125
301,0.111111,0.111111,0.444444,0.111111,0.111111,0.111111
302,0.0555556,0.185185,0.222222,0.185185,0.333333,0.0185185
303,0.125,0.125,0.375,0.125,0.125,0.125
304,0.142857,0.142857,0.285714,0.142857,0.142857,0.142857
305,0.111111,0.111111,0.444444,0.111111,0.111111,0.111111
306,0.142857,0.142857,0.285714,0.142857,0.142857,0.142857
307,0.125,0.125,0.375,0.125,0.125,0.125
308,0.111111,0.111111,0.444444,0.111111,0.111111,0.111111
309,0.1,0.1,0.5,0.1,0.1,0.1
310,0.0238095,0.119048,0.0238095,0.309524,0.5,0.0238095
311,0.125,0.125,0.375,0.125,0.125,0.125
312,0.125,0.125,0.375,0.125,0.125,0.125
313,0.0833333,0.0277778,0.222222,0.25,0.388889,0.0277778
314,0.111111,0.111111,0.444444,0.111111,0.111111,0.111111
315,0.1,0.1,0.5,0.1,0.1,0.1
316,0.142857,0.142857,0.285714,0.142857,0.142857,0.142857
317,0.142857,0.142857,0.285714,0.142857,0.142857,0.142857
318,0.00952381,0.904762,0.00952381,0.0571429,0.00952381,0.00952381
319,0.142857,0.142857,0.285714,0.142857,0.142857,0.142857
320,0.125,0.125,0.375,0.125,0.125,0.125
321,0.142857,0.142857,0.285714,0.142857,0.142857,0.142857
322,0.1,0.1,0.5,0.1,0.1,0.1
323,0.125,0.125,0.375,0.125,0.125,0.125
324,0.142857,0.142857,0.285714,0.142857,0.142857,0.142857
325,0.125,0.125,0.375,0.125,0.125,0.125
326,0.142857,0.142857,0.285714,0.142857,0.142857,0.142857
327,0.142857,0.142857,0.285714,0.142857,0.142857,0.142857
328,0.142857,0.142857,0.285714,0.142857,0.142857,0.142857
329,0.142857,0.142857,0.285714,0.142857,0.142857,0.142857
330,0.0212766,0.87234,0.0425532,0.0212766,0.0212766,0.0212766
331,0.09375,0.00625,0.1,0.7,0.09375,0.00625
332,0.142857,0.142857,0.285714,0.142857,0.142857,0.142857
333,0.142857,0.142857,0.285714,0.142857,0.142857,0.142857
334,0.0285714,0.0285714,0.371429,0.285714,0.257143,0.0285714
335,0.142857,0.142857,0.285714,0.142857,0.142857,0.142857
336,0.142857,0.142857,0.285714,0.142857,0.142857,0.142857
337,0.111111,0.111111,0.444444,0.111111,0.111111,0.111111
338,0.1,0.1,0.5,0.1,0.1,0.1
339,0.142857,0.142857,0.285714,0.142857,0.142857,0.142857
340,0.125,0.125,0.375,0.125,0.125,0.125
341,0.1,0.1,0.5,0.1,0.1,0.1
342,0.125,0.125,0.375,0.125,0.125,0.125
343,0.142857,0.142857,0.285714,0.142857,0.142857,0.142857
344,0.142857,0.142857,0.285714,0.142857,0.142857,0.142857
345,0.142857,0.142857,0.285714,0.142857,0.142857,0.142857
346,0.125,0.125,0.375,0.125,0.125,0.125
347,0.125,0.125,0.375,0.125,0.125,0.125
348,0.1,0.5,0.1,0.1,0.1,0.1
349,0.142857,0.142857,0.285714,0.142857,0.142857,0.142857
350,0.142857,0.142857,0.285714,0.142857,0.142857,0.142857
351,0.1,0.1,0.5,0.1,0.1,0.1
352,0.111111,0.111111,0.444444,0.111111,0.111111,0.111111
353,0.125,0.125,0.375,0.125,0.125,0.125
354,0.125,0.125,0.375,0.125,0.125,0.125
355,0.2,0.0666667,0.333333,0.266667,0.0666667,0.0666667
356,0.1,0.1,0.5,0.1,0.1,0.1
357,0.111111,0.111111,0.444444,0.111111,0.111111,0.111111
358,0.142857,0.285714,0.142857,0.142857,0.142857,0.142857
359,0.1,0.1,0.5,0.1,0.1,0.1
360,0.125,0.125,0.375,0.125,0.125,0.125
361,0.142857,0.142857,0.285714,0.142857,0.142857,0.142857
362,0.125,0.375,0.125,0.125,0.125,0.125
363,0.0833333,0.0833333,0.583333,0.0833333,0.0833333,0.0833333
364,0.111111,0.111111,0.444444,0.111111,0.111111,0.111111
365,0.142857,0.142857,0.285714,0.142857,0.142857,0.142857
366,0.142857,0.142857,0.285714,0.142857,0.142857,0.142857
367,0.1,0.5,0.1,0.1,0.1,0.1
368,0.125,0.375,0.125,0.125,0.125,0.125
369,0.142857,0.142857,0.285714,0.142857,0.142857,0.142857
370,0.1,0.1,0.5,0.1,0.1,0.1
371,0.0833333,0.583333,0.0833333,0.0833333,0.0833333,0.0833333
372,0.1,0.1,0.5,0.1,0.1,0.1
373,0.142857,0.142857,0.285714,0.142857,0.142857,0.142857
374,0.125,0.125,0.375,0.125,0.125,0.125
375,0.0277778,0.777778,0.0277778,0.0277778,0.111111,0.0277778
376,0.142857,0.142857,0.285714,0.142857,0.142857,0.142857
377,0.0727273,0.0181818,0.0727273,0.454545,0.254545,0.127273
378,0.142857,0.142857,0.285714,0.142857,0.142857,0.142857
379,0.125,0.125,0.375,0.125,0.125,0.125
380,0.0588235,0.0588235,0.529412,0.0588235,0.235294,0.0588235
381,0.125,0.125,0.375,0.125,0.125,0.125
382,0.142857,0.142857,0.285714,0.142857,0.142857,0.142857
383,0.1,0.1,0.5,0.1,0.1,0.1
384,0.142857,0.142857,0.285714,0.142857,0.142857,0.142857
385,0.151515,0.030303,0.121212,0.0909091,0.030303,0.575758
386,0.142857,0.142857,0.285714,0.142857,0.142857,0.142857
387,0.0681818,0.75,0.0454545,0.0909091,0.0227273,0.0227273
388,0.142857,0.142857,0.285714,0.142857,0.142857,0.142857
389,0.111111,0.111111,0.444444,0.111111,0.111111,0.111111
390,0.192982,0.736842,0.0175439,0.0175439,0.0175439,0.0175439
391,0.142857,0.142857,0.285714,0.142857,0.142857,0.142857
392,0.142857,0.142857,0.285714,0.142857,0.142857,0.142857
393,0.703704,0.234568,0.0123457,0.0123457,0.0246914,0.0123457
394,0.25,0.6,0.025,0.075,0.025,0.025
395,0.04,0.04,0.48,0.36,0.04,0.04
396,0.111111,0.111111,0.222222,0.333333,0.111111,0.111111
397,0.125,0.125,0.375,0.125,0.125,0.125
398,0.243902,0.658537,0.0243902,0.0243902,0.0243902,0.0243902
399,0.125,0.125,0.375,0.125,0.125,0.125
400,0.0294118,0.0294118,0.323529,0.294118,0.294118,0.0294118
401,0.125,0.125,0.375,0.125,0.125,0.125
402,0.142857,0.142857,0.285714,0.142857,0.142857,0.142857
403,0.142857,0.142857,0.285714,0.142857,0.142857,0.142857
404,0.1,0.1,0.5,0.1,0.1,0.1
405,0.0555556,0.0555556,0.0555556,0.388889,0.388889,0.0555556
406,0.142857,0.142857,0.285714,0.142857,0.142857,0.142857
407,0.0909091,0.0909091,0.545455,0.0909091,0.0909091,0.0909091
408,0.111111,0.111111,0.444444,0.111111,0.111111,0.111111
409,0.142857,0.142857,0.285714,0.142857,0.142857,0.142857
410,0.0714286,0.0714286,0.428571,0.214286,0.142857,0.0714286
411,0.0909091,0.545455,0.0909091,0.0909091,0.0909091,0.0909091
412,0.173554,0.0991736,0.123967,0.206612,0.247934,0.14876
413,0.142857,0.142857,0.285714,0.142857,0.142857,0.142857
414,0.142857,0.142857,0.285714,0.142857,0.142857,0.142857
415,0.142857,0.285714,0.142857,0.142857,0.142857,0.142857
416,0.0769231,0.615385,0.0769231,0.0769231,0.0769231,0.0769231
417,0.1,0.1,0.5,0.1,0.1,0.1
418,0.0833333,0.0833333,0.416667,0.166667,0.166667,0.0833333
419,0.142857,0.142857,0.285714,0.142857,0.142857,0.142857
420,0.125,0.125,0.375,0.125,0.125,0.125
421,0.125,0.125,0.375,0.125,0.125,0.125
422,0.0769231,0.0769231,0.538462,0.153846,0.0769231,0.0769231
423,0.142857,0.142857,0.285714,0.142857,0.142857,0.142857
424,0.375,0.166667,0.0416667,0.25,0.125,0.0416667
425,0.1,0.5,0.1,0.1,0.1,0.1
426,0.154867,0.0619469,0.039823,0.225664,0.464602,0.0530973
427,0.125,0.125,0.375,0.125,0.125,0.125
428,0.175573,0.00254453,0.603053,0.193384,0.0178117,0.00763359
429,0.117647,0.0588235,0.588235,0.117647,0.0588235,0.0588235
430,0.181818,0.136364,0.181818,0.227273,0.227273,0.0454545
431,0.1,0.1,0.3,0.3,0.1,0.1
432,0.0217391,0.586957,0.0217391,0.108696,0.23913,0.0217391
433,0.416667,0.5,0.0208333,0.0208333,0.0208333,0.0208333
434,0.142857,0.142857,0.285714,0.142857,0.142857,0.142857
435,0.176471,0.294118,0.235294,0.0588235,0.176471,0.0588235
436,0.125,0.125,0.375,0.125,0.125,0.125
437,0.142857,0.285714,0.142857,0.142857,0.142857,0.142857
438,0.111111,0.111111,0.444444,0.111111,0.111111,0.111111
439,0.142857,0.142857,0.285714,0.142857,0.142857,0.142857
440,0.25641,0.679487,0.0128205,0.025641,0.0128205,0.0128205
441,0.142857,0.142857,0.285714,0.142857,0.142857,0.142857
442,0.0909091,0.0909091,0.181818,0.363636,0.181818,0.0909091
443,0.125,0.125,0.375,0.125,0.125,0.125
444,0.125,0.125,0.375,0.125,0.125,0.125
445,0.132075,0.792453,0.0188679,0.0188679,0.0188679,0.0188679
446,0.125,0.125,0.375,0.125,0.125,0.125
447,0.142857,0.142857,0.285714,0.142857,0.142857,0.142857
448,0.1,0.1,0.5,0.1,0.1,0.1
449,0.00943396,0.349057,0.0471698,0.283019,0.226415,0.0849057
450,0.142857,0.142857,0.285714,0.142857,0.142857,0.142857
451,0.142857,0.142857,0.285714,0.142857,0.142857,0.142857
452,0.125,0.125,0.375,0.125,0.125,0.125
453,0.142857,0.142857,0.285714,0.142857,0.142857,0.142857
454,0.0769231,0.2,0.123077,0.307692,0.246154,0.0461538
455,0.142857,0.142857,0.285714,0.142857,0.142857,0.142857
456,0.125,0.375,0.125,0.125,0.125,0.125
457,0.302128,0.161702,0.0340426,0.212766,0.255319,0.0340426
458,0.1,0.5,0.1,0.1,0.1,0.1
459,0.1,0.5,0.1,0.1,0.1,0.1
460,0.0625,0.6875,0.0625,0.0625,0.0625,0.0625
461,0.142857,0.142857,0.285714,0.142857,0.142857,0.142857
462,0.142857,0.142857,0.285714,0.142857,0.142857,0.142857
463,0.142857,0.142857,0.285714,0.142857,0.142857,0.142857
464,0.142857,0.142857,0.285714,0.142857,0.142857,0.142857
465,0.117647,0.235294,0.0588235,0.470588,0.0588235,0.0588235
466,0.0454545,0.0454545,0.181818,0.0909091,0.545455,0.0909091
467,0.125,0.125,0.375,0.125,0.125,0.125
468,0.142857,0.142857,0.285714,0.142857,0.142857,0.142857
469,0.111111,0.111111,0.444444,0.111111,0.111111,0.111111
470,0.125,0.125,0.375,0.125,0.125,0.125
471,0.1,0.1,0.5,0.1,0.1,0.1
472,0.0188679,0.0188679,0.0754717,0.45283,0.396226,0.0377358
473,0.142857,0.142857,0.285714,0.142857,0.142857,0.142857
474,0.0909091,0.181818,0.454545,0.0909091,0.0909091,0.0909091
475,0.142857,0.142857,0.142857,0.285714,0.142857,0.142857
476,0.142857,0.142857,0.285714,0.142857,0.142857,0.142857
477,0.1,0.1,0.5,0.1,0.1,0.1
478,0.0769231,0.0769231,0.153846,0.0769231,0.0769231,0.538462
479,0.0909091,0.0909091,0.545455,0.0909091,0.0909091,0.0909091
480,0.111111,0.111111,0.222222,0.222222,0.222222,0.111111
481,0.111111,0.111111,0.444444,0.111111,0.111111,0.111111
482,0.125,0.125,0.375,0.125,0.125,0.125
483,0.142857,0.142857,0.285714,0.142857,0.142857,0.142857
484,0.342105,0.552632,0.0263158,0.0263158,0.0263158,0.0263158
485,0.0909091,0.0909091,0.363636,0.0909091,0.272727,0.0909091
486,0.1,0.5,0.1,0.1,0.1,0.1
487,0.142857,0.285714,0.142857,0.142857,0.142857,0.142857
488,0.142857,0.142857,0.285714,0.142857,0.142857,0.142857
489,0.0909091,0.0909091,0.545455,0.0909091,0.0909091,0.0909091
490,0.0833333,0.0833333,0.333333,0.333333,0.0833333,0.0833333
491,0.280992,0.0495868,0.0661157,0.53719,0.0578512,0.00826446
492,0.125,0.375,0.125,0.125,0.125,0.125
493,0.0227273,0.886364,0.0227273,0.0227273,0.0227273,0.0227273
494,0.142857,0.142857,0.285714,0.142857,0.142857,0.142857
495,0.125,0.125,0.375,0.125,0.125,0.125
496,0.125,0.125,0.375,0.125,0.125,0.125
497,0.111111,0.111111,0.444444,0.111111,0.111111,0.111111
498,0.8125,0.138393,0.0178571,0.00446429,0.0223214,0.00446429
499,0.146175,0.0122951,0.0915301,0.370219,0.342896,0.0368852
500,0.142857,0.142857,0.285714,0.142857,0.142857,0.142857
501,0.142857,0.142857,0.285714,0.142857,0.142857,0.142857
502,0.111111,0.111111,0.444444,0.111111,0.111111,0.111111
503,0.0909091,0.0909091,0.545455,0.0909091,0.0909091,0.0909091
504,0.142857,0.285714,0.142857,0.142857,0.142857,0.142857
505,0.142857,0.285714,0.142857,0.142857,0.142857,0.142857
506,0.125,0.125,0.375,0.125,0.125,0.125
507,0.125,0.125,0.375,0.125,0.125,0.125
508,0.1,0.1,0.5,0.1,0.1,0.1
509,0.142857,0.142857,0.285714,0.142857,0.142857,0.142857
510,0.142857,0.142857,0.285714,0.142857,0.142857,0.142857
511,0.125,0.00235849,0.0613208,0.200472,0.502358,0.108491
512,0.456522,0.413043,0.0217391,0.0434783,0.0217391,0.0434783
513,0.0909091,0.545455,0.0909091,0.0909091,0.0909091,0.0909091
514,0.0555556,0.222222,0.277778,0.111111,0.277778,0.0555556
515,0.125,0.125,0.375,0.125,0.125,0.125
516,0.621622,0.297297,0.0135135,0.0135135,0.0405405,0.0135135
517,0.111111,0.111111,0.444444,0.111111,0.111111,0.111111
518,0.125,0.125,0.375,0.125,0.125,0.125
519,0.142857,0.142857,0.285714,0.142857,0.142857,0.142857
520,0.125,0.125,0.375,0.125,0.125,0.125
521,0.142857,0.142857,0.285714,0.142857,0.142857,0.142857
522,0.125,0.125,0.375,0.125,0.125,0.125
523,0.125,0.125,0.375,0.125,0.125,0.125
524,0.068323,0.0124224,0.124224,0.453416,0.291925,0.0496894
525,0.782609,0.163043,0.0217391,0.0108696,0.0108696,0.0108696
526,0.142857,0.142857,0.285714,0.142857,0.142857,0.142857
527,0.0285714,0.857143,0.0285714,0.0285714,0.0285714,0.0285714
528,0.190476,0.571429,0.0238095,0.0238095,0.0714286,0.119048
529,0.1,0.1,0.5,0.1,0.1,0.1
530,0.125,0.125,0.375,0.125,0.125,0.125
531,0.842105,0.0526316,0.00478469,0.0143541,0.00478469,0.0813397
532,0.111111,0.111111,0.444444,0.111111,0.111111,0.111111
533,0.125,0.125,0.375,0.125,0.125,0.125
534,0.111111,0.111111,0.444444,0.111111,0.111111,0.111111
535,0.125,0.125,0.375,0.125,0.125,0.125
536,0.181818,0.0454545,0.5,0.0909091,0.0909091,0.0909091
537,0.125,0.125,0.375,0.125,0.125,0.125
538,0.0606061,0.261072,0.00699301,0.601399,0.018648,0.0512821
539,0.142857,0.142857,0.285714,0.142857,0.142857,0.142857
540,0.00591716,0.0177515,0.0828402,0.343195,0.47929,0.0710059
541,0.111111,0.444444,0.111111,0.111111,0.111111,0.111111
542,0.142857,0.142857,0.285714,0.142857,0.142857,0.142857
543,0.142857,0.142857,0.285714,0.142857,0.142857,0.142857
544,0.0344828,0.0344828,0.310345,0.0344828,0.0344828,0.551724
545,0.125,0.125,0.375,0.125,0.125,0.125
546,0.111111,0.222222,0.111111,0.333333,0.111111,0.111111
547,0.0434783,0.434783,0.173913,0.217391,0.0869565,0.0434783
548,0.0833333,0.583333,0.0833333,0.0833333,0.0833333,0.0833333
549,0.142857,0.142857,0.285714,0.142857,0.142857,0.142857
550,0.125,0.125,0.125,0.375,0.125,0.125
551,0.142857,0.142857,0.285714,0.142857,0.142857,0.142857
552,0.125,0.125,0.375,0.125,0.125,0.125
553,0.0769231,0.0769231,0.615385,0.0769231,0.0769231,0.0769231
554,0.142857,0.142857,0.285714,0.142857,0.142857,0.142857
555,0.142857,0.285714,0.142857,0.142857,0.142857,0.142857
556,0.1,0.1,0.5,0.1,0.1,0.1
557,0.111111,0.444444,0.111111,0.111111,0.111111,0.111111
558,0.125,0.125,0.375,0.125,0.125,0.125
559,0.025,0.8,0.075,0.05,0.025,0.025
560,0.046875,0.03125,0.0625,0.015625,0.015625,0.828125
561,0.0769231,0.0769231,0.461538,0.230769,0.0769231,0.0769231
562,0.125,0.125,0.375,0.125,0.125,0.125
563,0.125,0.125,0.375,0.125,0.125,0.125
564,0.142857,0.142857,0.285714,0.142857,0.142857,0.142857
565,0.0392157,0.843137,0.0196078,0.0196078,0.0588235,0.0196078
566,0.125,0.125,0.375,0.125,0.125,0.125
567,0.125,0.125,0.375,0.125,0.125,0.125
568,0.142857,0.142857,0.285714,0.142857,0.142857,0.142857
569,0.832558,0.116279,0.00465116,0.0232558,0.00465116,0.0186047
570,0.125,0.125,0.375,0.125,0.125,0.125
571,0.0588235,0.0588235,0.529412,0.0588235,0.235294,0.0588235
572,0.153846,0.0769231,0.307692,0.230769,0.153846,0.0769231
573,0.125,0.125,0.375,0.125,0.125,0.125
574,0.0377358,0.622642,0.0566038,0.0377358,0.226415,0.0188679
575,0.0526316,0.105263,0.526316,0.0526316,0.210526,0.0526316
576,0.1,0.1,0.5,0.1,0.1,0.1
577,0.125,0.125,0.375,0.125,0.125,0.125
578,0.125,0.125,0.375,0.125,0.125,0.125
579,0.0526316,0.0526316,0.105263,0.210526,0.526316,0.0526316
580,0.125,0.125,0.375,0.125,0.125,0.125
581,0.142857,0.142857,0.285714,0.142857,0.142857,0.142857
582,0.0714286,0.0714286,0.642857,0.0714286,0.0714286,0.0714286
583,0.653061,0.0204082,0.163265,0.0612245,0.0204082,0.0816327
584,0.142857,0.285714,0.142857,0.142857,0.142857,0.142857
585,0.2,0.05,0.25,0.05,0.05,0.4
586,0.125,0.125,0.375,0.125,0.125,0.125
587,0.415094,0.45283,0.0188679,0.0188679,0.0754717,0.0188679
588,0.142857,0.142857,0.285714,0.142857,0.142857,0.142857
589,0.111111,0.111111,0.444444,0.111111,0.111111,0.111111
590,0.142857,0.142857,0.285714,0.142857,0.142857,0.142857
591,0.142857,0.142857,0.285714,0.142857,0.142857,0.142857
592,0.1,0.5,0.1,0.1,0.1,0.1
593,0.111111,0.111111,0.222222,0.333333,0.111111,0.111111
594,0.448276,0.396552,0.0172414,0.0172414,0.0862069,0.0344828
595,0.142857,0.142857,0.285714,0.142857,0.142857,0.142857
596,0.142857,0.142857,0.285714,0.142857,0.142857,0.142857
597,0.142857,0.142857,0.285714,0.142857,0.142857,0.142857
598,0.142857,0.142857,0.142857,0.142857,0.285714,0.142857
599,0.142857,0.142857,0.285714,0.142857,0.142857,0.142857
600,0.0909091,0.0909091,0.272727,0.0909091,0.363636,0.0909091
601,0.047619,0.190476,0.380952,0.0952381,0.261905,0.0238095
602,0.142857,0.142857,0.285714,0.142857,0.142857,0.142857
603,0.142857,0.142857,0.285714,0.142857,0.142857,0.142857
604,0.0833333,0.583333,0.0833333,0.0833333,0.0833333,0.0833333
605,0.111111,0.111111,0.444444,0.111111,0.111111,0.111111
606,0.1,0.5,0.1,0.1,0.1,0.1
607,0.125,0.125,0.375,0.125,0.125,0.125
608,0.0833333,0.0833333,0.583333,0.0833333,0.0833333,0.0833333
609,0.142857,0.142857,0.285714,0.142857,0.142857,0.142857
610,0.0833333,0.583333,0.0833333,0.0833333,0.0833333,0.0833333
611,0.1,0.1,0.5,0.1,0.1,0.1
612,0.142857,0.142857,0.285714,0.142857,0.142857,0.142857
613,0.166667,0.0833333,0.333333,0.0833333,0.25,0.0833333
614,0.125,0.125,0.375,0.125,0.125,0.125
615,0.142857,0.142857,0.285714,0.142857,0.142857,0.142857
616,0.111111,0.111111,0.444444,0.111111,0.111111,0.111111
617,0.1,0.1,0.5,0.1,0.1,0.1
618,0.125,0.125,0.375,0.125,0.125,0.125
619,0.125,0.125,0.375,0.125,0.125,0.125
620,0.0047993,0.0488656,0.0026178,0.0065445,0.0030541,0.934119
621,0.142857,0.142857,0.285714,0.142857,0.142857,0.142857
622,0.125,0.125,0.375,0.125,0.125,0.125
623,0.263158,0.666667,0.0175439,0.0175439,0.0175439,0.0175439
624,0.125,0.125,0.375,0.125,0.125,0.125
625,0.955326,0.0274914,0.00343643,0.00343643,0.00343643,0.00687285
626,0.0277778,0.138889,0.0277778,0.305556,0.444444,0.0555556
627,0.142857,0.142857,0.285714,0.142857,0.142857,0.142857
628,0.0454545,0.227273,0.409091,0.0909091,0.181818,0.0454545
629,0.125,0.125,0.125,0.125,0.375,0.125
630,0.0238095,0.809524,0.0238095,0.047619,0.0714286,0.0238095
631,0.2,0.1,0.4,0.1,0.1,0.1
632,0.0625,0.0625,0.375,0.0625,0.1875,0.25
633,0.0526316,0.842105,0.0263158,0.0263158,0.0263158,0.0263158
634,0.125,0.125,0.375,0.125,0.125,0.125
635,0.142857,0.142857,0.285714,0.142857,0.142857,0.142857
636,0.111111,0.111111,0.444444,0.111111,0.111111,0.111111
637,0.142857,0.142857,0.285714,0.142857,0.142857,0.142857
638,0.0833333,0.0833333,0.5,0.166667,0.0833333,0.0833333
639,0.142857,0.142857,0.285714,0.142857,0.142857,0.142857
640,0.341463,0.512195,0.0243902,0.0243902,0.0731707,0.0243902
641,0.142857,0.142857,0.285714,0.142857,0.142857,0.142857
642,0.125,0.125,0.375,0.125,0.125,0.125
643,0.125,0.125,0.375,0.125,0.125,0.125
644,0.244898,0.112245,0.112245,0.0714286,0.44898,0.0102041
645,0.0588235,0.0588235,0.647059,0.117647,0.0588235,0.0588235
646,0.142857,0.142857,0.285714,0.142857,0.142857,0.142857
647,0.0232558,0.813953,0.0232558,0.0697674,0.0465116,0.0232558
648,0.125,0.125,0.375,0.125,0.125,0.125
649,0.125,0.125,0.375,0.125,0.125,0.125
650,0.0909091,0.545455,0.0909091,0.0909091,0.0909091,0.0909091
651,0.1,0.1,0.5,0.1,0.1,0.1
652,0.0769231,0.0769231,0.615385,0.0769231,0.0769231,0.0769231
653,0.142857,0.142857,0.285714,0.142857,0.142857,0.142857
654,0.142857,0.285714,0.142857,0.142857,0.142857,0.142857
655,0.0172414,0.0172414,0.206897,0.465517,0.224138,0.0689655
656,0.125,0.125,0.375,0.125,0.125,0.125
657,0.142857,0.142857,0.285714,0.142857,0.142857,0.142857
658,0.125,0.125,0.375,0.125,0.125,0.125
659,0.142857,0.142857,0.285714,0.142857,0.142857,0.142857
660,0.142857,0.142857,0.285714,0.142857,0.142857,0.142857
661,0.0775401,0.0374332,0.0695187,0.609626,0.184492,0.0213904
662,0.111111,0.111111,0.444444,0.111111,0.111111,0.111111
663,0.111111,0.111111,0.444444,0.111111,0.111111,0.111111
664,0.142857,0.142857,0.285714,0.142857,0.142857,0.142857
665,0.142857,0.142857,0.285714,0.142857,0.142857,0.142857
666,0.1,0.1,0.5,0.1,0.1,0.1
667,0.0714286,0.0714286,0.5,0.0714286,0.214286,0.0714286
668,0.285714,0.0714286,0.142857,0.357143,0.0714286,0.0714286
669,0.125,0.125,0.375,0.125,0.125,0.125
670,0.773333,0.173333,0.0133333,0.0133333,0.0133333,0.0133333
671,0.03125,0.015625,0.046875,0.265625,0.625,0.015625
672,0.111111,0.111111,0.444444,0.111111,0.111111,0.111111
673,0.125,0.125,0.375,0.125,0.125,0.125
674,0.142857,0.142857,0.285714,0.142857,0.142857,0.142857
675,0.125,0.125,0.375,0.125,0.125,0.125
676,0.125,0.125,0.375,0.125,0.125,0.125
677,0.142857,0.142857,0.285714,0.142857,0.142857,0.142857
678,0.142857,0.142857,0.285714,0.142857,0.142857,0.142857
679,0.0909091,0.0909091,0.545455,0.0909091,0.0909091,0.0909091
680,0.142857,0.142857,0.285714,0.142857,0.142857,0.142857
681,0.125,0.375,0.125,0.125,0.125,0.125
682,0.1,0.1,0.5,0.1,0.1,0.1
683,0.142857,0.142857,0.285714,0.142857,0.142857,0.142857
684,0.0714286,0.0714286,0.642857,0.0714286,0.0714286,0.0714286
685,0.142857,0.142857,0.285714,0.142857,0.142857,0.142857
686,0.037037,0.037037,0.555556,0.296296,0.037037,0.037037
687,0.84058,0.0434783,0.0362319,0.057971,0.00724638,0.0144928
688,0.0185185,0.164021,0.150794,0.047619,0.534392,0.0846561
689,0.1,0.1,0.5,0.1,0.1,0.1
690,0.1,0.1,0.5,0.1,0.1,0.1
691,0.111111,0.111111,0.444444,0.111111,0.111111,0.111111
692,0.125,0.125,0.375,0.125,0.125,0.125
693,0.1,0.5,0.1,0.1,0.1,0.1
694,0.142857,0.142857,0.285714,0.142857,0.142857,0.142857
695,0.142857,0.142857,0.285714,0.142857,0.142857,0.142857
696,0.142857,0.142857,0.285714,0.142857,0.142857,0.142857
697,0.142857,0.142857,0.285714,0.142857,0.142857,0.142857
698,0.111111,0.111111,0.444444,0.111111,0.111111,0.111111
699,0.0222222,0.888889,0.0222222,0.0222222,0.0222222,0.0222222
700,0.810458,0.124183,0.0261438,0.0261438,0.00653595,0.00653595
701,0.142857,0.142857,0.285714,0.142857,0.142857,0.142857
702,0.142857,0.142857,0.285714,0.142857,0.142857,0.142857
703,0.142857,0.142857,0.285714,0.142857,0.142857,0.142857
704,0.125,0.125,0.375,0.125,0.125,0.125
705,0.125,0.125,0.375,0.125,0.125,0.125
706,0.142857,0.142857,0.285714,0.142857,0.142857,0.142857
707,0.0666667,0.0666667,0.466667,0.266667,0.0666667,0.0666667
708,0.04,0.04,0.04,0.56,0.28,0.04
709,0.0833333,0.583333,0.0833333,0.0833333,0.0833333,0.0833333
710,0.125,0.125,0.375,0.125,0.125,0.125
711,0.111111,0.111111,0.444444,0.111111,0.111111,0.111111
712,0.111111,0.111111,0.444444,0.111111,0.111111,0.111111
713,0.142857,0.142857,0.285714,0.142857,0.142857,0.142857
714,0.125,0.125,0.375,0.125,0.125,0.125
715,0.125,0.125,0.375,0.125,0.125,0.125
716,0.142857,0.142857,0.285714,0.142857,0.142857,0.142857
717,0.0333333,0.133333,0.166667,0.0333333,0.6,0.0333333
718,0.0769231,0.230769,0.0769231,0.230769,0.307692,0.0769231
719,0.293103,0.362069,0.103448,0.103448,0.12069,0.0172414
720,0.142857,0.142857,0.285714,0.142857,0.142857,0.142857
721,0.1,0.1,0.5,0.1,0.1,0.1
722,0.111111,0.111111,0.444444,0.111111,0.111111,0.111111
723,0.111111,0.111111,0.444444,0.111111,0.111111,0.111111
724,0.142857,0.142857,0.285714,0.142857,0.142857,0.142857
725,0.15,0.75,0.025,0.025,0.025,0.025
726,0.1,0.1,0.5,0.1,0.1,0.1
727,0.142857,0.142857,0.285714,0.142857,0.142857,0.142857
728,0.0384615,0.153846,0.423077,0.115385,0.0384615,0.230769
729,0.1,0.1,0.5,0.1,0.1,0.1
730,0.142857,0.142857,0.285714,0.142857,0.142857,0.142857
731,0.125,0.125,0.375,0.125,0.125,0.125
732,0.1,0.1,0.5,0.1,0.1,0.1
733,0.0952381,0.142857,0.380952,0.0952381,0.238095,0.047619
734,0.025641,0.692308,0.025641,0.128205,0.102564,0.025641
735,0.142857,0.142857,0.285714,0.142857,0.142857,0.142857
736,0.1,0.1,0.5,0.1,0.1,0.1
737,0.125,0.125,0.375,0.125,0.125,0.125
738,0.0833333,0.583333,0.0833333,0.0833333,0.0833333,0.0833333
739,0.1,0.1,0.5,0.1,0.1,0.1
740,0.125,0.125,0.375,0.125,0.125,0.125
741,0.0196078,0.72549,0.00980392,0.0882353,0.147059,0.00980392
742,0.05,0.05,0.4,0.35,0.1,0.05
743,0.125,0.125,0.375,0.125,0.125,0.125
744,0.142857,0.142857,0.285714,0.142857,0.142857,0.142857
745,0.451613,0.483871,0.016129,0.016129,0.016129,0.016129
746,0.142857,0.142857,0.285714,0.142857,0.142857,0.142857
747,0.0952381,0.0238095,0.0952381,0.404762,0.357143,0.0238095
748,0.0888889,0.822222,0.0222222,0.0222222,0.0222222,0.0222222
749,0.1,0.1,0.5,0.1,0.1,0.1
750,0.125,0.125,0.375,0.125,0.125,0.125
751,0.125,0.125,0.375,0.125,0.125,0.125
752,0.125,0.125,0.375,0.125,0.125,0.125
753,0.125,0.125,0.375,0.125,0.125,0.125
754,0.142857,0.142857,0.285714,0.142857,0.142857,0.142857
755,0.047619,0.047619,0.333333,0.47619,0.047619,0.047619
756,0.142857,0.142857,0.285714,0.142857,0.142857,0.142857
757,0.04,0.2,0.48,0.04,0.2,0.04
758,0.111111,0.111111,0.444444,0.111111,0.111111,0.111111
759,0.111111,0.111111,0.444444,0.111111,0.111111,0.111111
760,0.1,0.1,0.5,0.1,0.1,0.1
761,0.111111,0.111111,0.444444,0.111111,0.111111,0.111111
762,0.0243902,0.878049,0.0243902,0.0243902,0.0243902,0.0243902
763,0.142857,0.142857,0.285714,0.142857,0.142857,0.142857
764,0.125,0.125,0.375,0.125,0.125,0.125
765,0.142857,0.285714,0.142857,0.142857,0.142857,0.142857
766,0.111111,0.111111,0.444444,0.111111,0.111111,0.111111
767,0.142857,0.142857,0.285714,0.142857,0.142857,0.142857
768,0.142857,0.142857,0.285714,0.142857,0.142857,0.142857
769,0.142857,0.142857,0.285714,0.142857,0.142857,0.142857
770,0.125,0.125,0.375,0.125,0.125,0.125
771,0.103746,0.0576369,0.0144092,0.479827,0.092219,0.252161
772,0.05,0.05,0.3,0.2,0.15,0.25
773,0.111111,0.111111,0.444444,0.111111,0.111111,0.111111
774,0.142857,0.142857,0.285714,0.142857,0.142857,0.142857
775,0.111111,0.111111,0.444444,0.111111,0.111111,0.111111
776,0.111111,0.111111,0.444444,0.111111,0.111111,0.111111
777,0.1,0.1,0.5,0.1,0.1,0.1
778,0.111111,0.111111,0.444444,0.111111,0.111111,0.111111
779,0.1,0.1,0.5,0.1,0.1,0.1
780,0.0714286,0.571429,0.142857,0.0714286,0.0714286,0.0714286
781,0.531915,0.404255,0.0106383,0.0319149,0.0106383,0.0106383
782,0.565,0.365,0.005,0.055,0.005,0.005
783,0.0701754,0.0526316,0.0175439,0.807018,0.0350877,0.0175439
784,0.105263,0.0263158,0.210526,0.289474,0.157895,0.210526
785,0.1,0.1,0.5,0.1,0.1,0.1
786,0.0151515,0.378788,0.0151515,0.272727,0.272727,0.0454545
787,0.142857,0.142857,0.285714,0.142857,0.142857,0.142857
788,0.031746,0.015873,0.111111,0.603175,0.047619,0.190476
789,0.0666667,0.666667,0.0666667,0.0666667,0.0666667,0.0666667
790,0.142857,0.142857,0.285714,0.142857,0.142857,0.142857
791,0.111111,0.111111,0.444444,0.111111,0.111111,0.111111
792,0.811404,0.153509,0.00877193,0.0175439,0.00438596,0.00438596
793,0.142857,0.285714,0.142857,0.142857,0.142857,0.142857
794,0.125,0.125,0.375,0.125,0.125,0.125
795,0.0833333,0.583333,0.0833333,0.0833333,0.0833333,0.0833333
796,0.142857,0.142857,0.285714,0.142857,0.142857,0.142857
797,0.125,0.125,0.375,0.125,0.125,0.125
798,0.125,0.125,0.375,0.125,0.125,0.125
799,0.0625,0.421875,0.1875,0.09375,0.21875,0.015625
800,0.142857,0.142857,0.285714,0.142857,0.142857,0.142857
801,0.0666667,0.466667,0.0666667,0.266667,0.0666667,0.0666667
802,0.0714286,0.0714286,0.571429,0.142857,0.0714286,0.0714286
803,0.0909091,0.0909091,0.545455,0.0909091,0.0909091,0.0909091
804,0.1,0.5,0.1,0.1,0.1,0.1
805,0.142857,0.142857,0.285714,0.142857,0.142857,0.142857
806,0.142857,0.142857,0.285714,0.142857,0.142857,0.142857
807,0.1,0.1,0.5,0.1,0.1,0.1
808,0.111111,0.111111,0.444444,0.111111,0.111111,0.111111
809,0.0714286,0.0714286,0.357143,0.0714286,0.357143,0.0714286
810,0.142857,0.285714,0.142857,0.142857,0.142857,0.142857
811,0.142857,0.142857,0.285714,0.142857,0.142857,0.142857
812,0.142857,0.142857,0.285714,0.142857,0.142857,0.142857
813,0.111111,0.111111,0.444444,0.111111,0.111111,0.111111
814,0.0344828,0.0344828,0.37931,0.310345,0.103448,0.137931
815,0.1,0.1,0.5,0.1,0.1,0.1
816,0.142857,0.142857,0.285714,0.142857,0.142857,0.142857
817,0.0769231,0.0769231,0.615385,0.0769231,0.0769231,0.0769231
818,0.111111,0.111111,0.444444,0.111111,0.111111,0.111111
819,0.125,0.375,0.125,0.125,0.125,0.125
820,0.142857,0.142857,0.285714,0.142857,0.142857,0.142857
821,0.142857,0.142857,0.285714,0.142857,0.142857,0.142857
822,0.142857,0.142857,0.285714,0.142857,0.142857,0.142857
823,0.0666667,0.0666667,0.6,0.133333,0.0666667,0.0666667
824,0.196721,0.147541,0.0491803,0.508197,0.0819672,0.0163934
825,0.142857,0.142857,0.285714,0.142857,0.142857,0.142857
826,0.1,0.1,0.5,0.1,0.1,0.1
827,0.0416667,0.0416667,0.666667,0.0416667,0.166667,0.0416667
828,0.0140845,0.0422535,0.211268,0.126761,0.323944,0.28169
829,0.142857,0.142857,0.285714,0.142857,0.142857,0.142857
830,0.111111,0.111111,0.444444,0.111111,0.111111,0.111111
831,0.0833333,0.0833333,0.583333,0.0833333,0.0833333,0.0833333
832,0.125,0.125,0.375,0.125,0.125,0.125
833,0.142857,0.142857,0.285714,0.142857,0.142857,0.142857
834,0.111111,0.111111,0.444444,0.111111,0.111111,0.111111
835,0.12766,0.0425532,0.12766,0.297872,0.382979,0.0212766
836,0.142857,0.142857,0.285714,0.142857,0.142857,0.142857
837,0.111111,0.111111,0.444444,0.111111,0.111111,0.111111
838,0.125,0.125,0.375,0.125,0.125,0.125
839,0.142857,0.142857,0.285714,0.142857,0.142857,0.142857
840,0.1,0.1,0.1,0.5,0.1,0.1
841,0.0188679,0.0188679,0.0188679,0.377358,0.509434,0.0566038
842,0.0714286,0.214286,0.142857,0.428571,0.0714286,0.0714286
843,0.111111,0.111111,0.444444,0.111111,0.111111,0.111111
844,0.170213,0.744681,0.0212766,0.0212766,0.0212766,0.0212766
845,0.142857,0.285714,0.142857,0.142857,0.142857,0.142857
846,0.142857,0.142857,0.285714,0.142857,0.142857,0.142857
847,0.142857,0.142857,0.285714,0.142857,0.142857,0.142857
848,0.111111,0.111111,0.444444,0.111111,0.111111,0.111111
849,0.0909091,0.0909091,0.545455,0.0909091,0.0909091,0.0909091
850,0.142857,0.142857,0.285714,0.142857,0.142857,0.142857
851,0.1,0.1,0.5,0.1,0.1,0.1
852,0.125,0.125,0.375,0.125,0.125,0.125
853,0.0909091,0.0909091,0.545455,0.0909091,0.0909091,0.0909091
854,0.125,0.125,0.375,0.125,0.125,0.125
855,0.027027,0.027027,0.243243,0.324324,0.27027,0.108108
856,0.125,0.125,0.375,0.125,0.125,0.125
857,0.111111,0.111111,0.111111,0.222222,0.111111,0.333333
858,0.2,0.0666667,0.0666667,0.533333,0.0666667,0.0666667
859,0.125,0.125,0.375,0.125,0.125,0.125
860,0.0909091,0.0454545,0.590909,0.136364,0.0909091,0.0454545
861,0.142857,0.142857,0.285714,0.142857,0.142857,0.142857
862,0.125,0.125,0.375,0.125,0.125,0.125
863,0.0588235,0.176471,0.588235,0.0588235,0.0588235,0.0588235
864,0.125,0.125,0.375,0.125,0.125,0.125
865,0.111111,0.111111,0.444444,0.111111,0.111111,0.111111
866,0.142857,0.142857,0.285714,0.142857,0.142857,0.142857
867,0.047619,0.047619,0.52381,0.285714,0.047619,0.047619
868,0.125,0.125,0.375,0.125,0.125,0.125
869,0.0909091,0.545455,0.0909091,0.0909091,0.0909091,0.0909091
870,0.111111,0.444444,0.111111,0.111111,0.111111,0.111111
871,0.142857,0.142857,0.285714,0.142857,0.142857,0.142857
872,0.125,0.125,0.375,0.125,0.125,0.125
873,0.111111,0.111111,0.444444,0.111111,0.111111,0.111111
874,0.125,0.125,0.375,0.125,0.125,0.125
875,0.125,0.125,0.375,0.125,0.125,0.125
876,0.111111,0.111111,0.444444,0.111111,0.111111,0.111111
877,0.111111,0.111111,0.444444,0.111111,0.111111,0.111111
878,0.0833333,0.0833333,0.5,0.0833333,0.166667,0.0833333
879,0.0666667,0.0666667,0.666667,0.0666667,0.0666667,0.0666667
880,0.0333333,0.0333333,0.1,0.266667,0.366667,0.2
881,0.142857,0.285714,0.142857,0.142857,0.142857,0.142857
882,0.142857,0.142857,0.285714,0.142857,0.142857,0.142857
883,0.0833333,0.0833333,0.25,0.416667,0.0833333,0.0833333
884,0.142857,0.142857,0.285714,0.142857,0.142857,0.142857
885,0.125,0.125,0.375,0.125,0.125,0.125
886,0.0980392,0.0196078,0.0196078,0.470588,0.372549,0.0196078
887,0.142857,0.142857,0.285714,0.142857,0.142857,0.142857
888,0.111111,0.111111,0.444444,0.111111,0.111111,0.111111
889,0.142857,0.142857,0.285714,0.142857,0.142857,0.142857
890,0.142857,0.142857,0.285714,0.142857,0.142857,0.142857
891,0.0833333,0.0833333,0.583333,0.0833333,0.0833333,0.0833333
892,0.125,0.125,0.375,0.125,0.125,0.125
893,0.27027,0.189189,0.027027,0.189189,0.297297,0.027027
894,0.125,0.125,0.375,0.125,0.125,0.125
895,0.204082,0.0102041,0.0408163,0.193878,0.540816,0.0102041
896,0.0769231,0.0769231,0.461538,0.230769,0.0769231,0.0769231
897,0.111111,0.444444,0.111111,0.111111,0.111111,0.111111
898,0.111111,0.111111,0.444444,0.111111,0.111111,0.111111
899,0.142857,0.142857,0.285714,0.142857,0.142857,0.142857
900,0.111111,0.444444,0.111111,0.111111,0.111111,0.111111
901,0.142857,0.142857,0.285714,0.142857,0.142857,0.142857
902,0.462687,0.358209,0.104478,0.0149254,0.0447761,0.0149254
903,0.142857,0.285714,0.142857,0.142857,0.142857,0.142857
904,0.142857,0.142857,0.285714,0.142857,0.142857,0.142857
905,0.125,0.125,0.375,0.125,0.125,0.125
906,0.142857,0.142857,0.285714,0.142857,0.142857,0.142857
907,0.142857,0.142857,0.285714,0.142857,0.142857,0.142857
908,0.037037,0.864198,0.0123457,0.0617284,0.0123457,0.0123457
909,0.125,0.125,0.375,0.125,0.125,0.125
910,0.142857,0.142857,0.285714,0.142857,0.142857,0.142857
911,0.111111,0.111111,0.444444,0.111111,0.111111,0.111111
912,0.125,0.125,0.375,0.125,0.125,0.125
913,0.125,0.125,0.375,0.125,0.125,0.125
914,0.0909091,0.0909091,0.0909091,0.454545,0.0909091,0.181818
915,0.0909091,0.0909091,0.272727,0.0909091,0.181818,0.272727
916,0.0555556,0.333333,0.333333,0.0555556,0.166667,0.0555556
917,0.111111,0.111111,0.444444,0.111111,0.111111,0.111111
918,0.142857,0.142857,0.285714,0.142857,0.142857,0.142857
919,0.0769231,0.615385,0.0769231,0.0769231,0.0769231,0.0769231
920,0.142857,0.012987,0.012987,0.701299,0.0909091,0.038961
921,0.142857,0.142857,0.285714,0.142857,0.142857,0.142857
922,0.125,0.125,0.375,0.125,0.125,0.125
923,0.125,0.125,0.375,0.125,0.125,0.125
924,0.04,0.6,0.1,0.22,0.02,0.02
925,0.0909091,0.0909091,0.545455,0.0909091,0.0909091,0.0909091
926,0.142857,0.142857,0.285714,0.142857,0.142857,0.142857
927,0.142857,0.142857,0.285714,0.142857,0.142857,0.142857
928,0.125,0.125,0.375,0.125,0.125,0.125
929,0.1,0.1,0.5,0.1,0.1,0.1
930,0.111111,0.111111,0.444444,0.111111,0.111111,0.111111
931,0.142857,0.142857,0.285714,0.142857,0.142857,0.142857
932,0.0625,0.0625,0.125,0.1875,0.5,0.0625
933,0.142857,0.142857,0.285714,0.142857,0.142857,0.142857
934,0.208333,0.0416667,0.375,0.125,0.208333,0.0416667
935,0.0714286,0.0714286,0.357143,0.357143,0.0714286,0.0714286
936,0.71831,0.225352,0.0140845,0.0140845,0.0140845,0.0140845
937,0.142857,0.142857,0.285714,0.142857,0.142857,0.142857
938,0.142857,0.142857,0.285714,0.142857,0.142857,0.142857
939,0.1,0.1,0.5,0.1,0.1,0.1
940,0.125,0.125,0.375,0.125,0.125,0.125
941,0.0833333,0.583333,0.0833333,0.0833333,0.0833333,0.0833333
942,0.111111,0.111111,0.444444,0.111111,0.111111,0.111111
943,0.257812,0.65625,0.0625,0.0078125,0.0078125,0.0078125
944,0.0769231,0.846154,0.0192308,0.0192308,0.0192308,0.0192308
945,0.111111,0.444444,0.111111,0.111111,0.111111,0.111111
946,0.1,0.1,0.5,0.1,0.1,0.1
947,0.125,0.125,0.375,0.125,0.125,0.125
948,0.1,0.5,0.1,0.1,0.1,0.1
949,0.0675676,0.824324,0.0135135,0.0675676,0.0135135,0.0135135
950,0.125,0.125,0.375,0.125,0.125,0.125
951,0.142857,0.142857,0.285714,0.142857,0.142857,0.142857
952,0.142857,0.142857,0.285714,0.142857,0.142857,0.142857
953,0.292683,0.585366,0.0243902,0.0487805,0.0243902,0.0243902
954,0.142857,0.142857,0.285714,0.142857,0.142857,0.142857
955,0.142857,0.142857,0.285714,0.142857,0.142857,0.142857
956,0.1,0.1,0.5,0.1,0.1,0.1
957,0.142857,0.142857,0.285714,0.142857,0.142857,0.142857
958,0.142857,0.142857,0.285714,0.142857,0.142857,0.142857
959,0.142857,0.142857,0.285714,0.142857,0.142857,0.142857
960,0.0142857,0.857143,0.0142857,0.0428571,0.0571429,0.0142857
961,0.0333333,0.433333,0.0333333,0.0333333,0.433333,0.0333333
962,0.1,0.5,0.1,0.1,0.1,0.1
963,0.142857,0.142857,0.285714,0.142857,0.142857,0.142857
964,0.142857,0.142857,0.285714,0.142857,0.142857,0.142857
965,0.125,0.125,0.375,0.125,0.125,0.125
966,0.125,0.125,0.375,0.125,0.125,0.125
967,0.0731707,0.756098,0.0243902,0.097561,0.0243902,0.0243902
968,0.105263,0.105263,0.315789,0.0526316,0.368421,0.0526316
969,0.1,0.1,0.4,0.1,0.1,0.2
970,0.142857,0.142857,0.285714,0.142857,0.142857,0.142857
971,0.125,0.125,0.375,0.125,0.125,0.125
972,0.125,0.125,0.375,0.125,0.125,0.125
973,0.142857,0.142857,0.285714,0.142857,0.142857,0.142857
974,0.142857,0.142857,0.285714,0.142857,0.142857,0.142857
975,0.125,0.125,0.375,0.125,0.125,0.125
976,0.125,0.125,0.375,0.125,0.125,0.125
977,0.142857,0.142857,0.285714,0.142857,0.142857,0.142857
978,0.1,0.5,0.1,0.1,0.1,0.1
979,0.1,0.1,0.5,0.1,0.1,0.1
980,0.111111,0.111111,0.444444,0.111111,0.111111,0.111111
981,0.125,0.125,0.375,0.125,0.125,0.125
982,0.125,0.125,0.375,0.125,0.125,0.125
983,0.142857,0.142857,0.285714,0.142857,0.142857,0.142857
984,0.111111,0.111111,0.444444,0.111111,0.111111,0.111111
985,0.142857,0.142857,0.285714,0.142857,0.142857,0.142857
986,0.125,0.125,0.375,0.125,0.125,0.125
987,0.142857,0.142857,0.285714,0.142857,0.142857,0.142857
988,0.142857,0.142857,0.285714,0.142857,0.142857,0.142857
989,0.125,0.125,0.375,0.125,0.125,0.125
990,0.142857,0.142857,0.285714,0.142857,0.142857,0.142857
991,0.0454545,0.0454545,0.545455,0.181818,0.0454545,0.136364
992,0.142857,0.142857,0.285714,0.142857,0.142857,0.142857
993,0.125,0.125,0.375,0.125,0.125,0.125
994,0.05,0.075,0.025,0.525,0.275,0.05
995,0.125,0.125,0.375,0.125,0.125,0.125
996,0.037037,0.037037,0.333333,0.296296,0.111111,0.185185
997,0.142857,0.142857,0.285714,0.142857,0.142857,0.142857
998,0.125,0.125,0.375,0.125,0.125,0.125
999,0.1,0.1,0.5,0.1,0.1,0.1
1000,0.31405,0.22314,0.107438,0.14876,0.157025,0.0495868
1001,0.111111,0.111111,0.444444,0.111111,0.111111,0.111111
1002,0.111111,0.111111,0.444444,0.111111,0.111111,0.111111
1003,0.142857,0.142857,0.285714,0.142857,0.142857,0.142857
1004,0.0833333,0.0833333,0.25,0.0833333,0.416667,0.0833333
1005,0.111111,0.111111,0.444444,0.111111,0.111111,0.111111
1006,0.125,0.125,0.375,0.125,0.125,0.125
1007,0.142857,0.142857,0.285714,0.142857,0.142857,0.142857
1008,0.125,0.125,0.375,0.125,0.125,0.125
1009,0.142857,0.142857,0.285714,0.142857,0.142857,0.142857
1010,0.125,0.125,0.375,0.125,0.125,0.125
1011,0.125,0.125,0.375,0.125,0.125,0.125
1012,0.142857,0.142857,0.285714,0.142857,0.142857,0.142857
1013,0.125,0.125,0.375,0.125,0.125,0.125
1014,0.1,0.1,0.5,0.1,0.1,0.1
1015,0.125,0.125,0.375,0.125,0.125,0.125
1016,0.0731707,0.0121951,0.109756,0.634146,0.158537,0.0121951
1017,0.111111,0.111111,0.444444,0.111111,0.111111,0.111111
1018,0.142857,0.142857,0.285714,0.142857,0.142857,0.142857
1019,0.210526,0.157895,0.157895,0.263158,0.157895,0.0526316
1020,0.125,0.125,0.375,0.125,0.125,0.125
1021,0.0277778,0.805556,0.0833333,0.0277778,0.0277778,0.0277778
1022,0.125,0.25,0.125,0.125,0.25,0.125
1023,0.111111,0.111111,0.444444,0.111111,0.111111,0.111111
1024,0.125,0.125,0.25,0.125,0.25,0.125
1025,0.125,0.125,0.375,0.125,0.125,0.125
1026,0.125,0.125,0.375,0.125,0.125,0.125
1027,0.125,0.125,0.375,0.125,0.125,0.125
1028,0.125,0.125,0.375,0.125,0.125,0.125
1029,0.0666667,0.0666667,0.6,0.0666667,0.133333,0.0666667
1030,0.125,0.125,0.375,0.125,0.125,0.125
1031,0.142857,0.142857,0.285714,0.142857,0.142857,0.142857
1032,0.1,0.1,0.5,0.1,0.1,0.1
1033,0.1,0.1,0.4,0.2,0.1,0.1
1034,0.142857,0.142857,0.285714,0.142857,0.142857,0.142857
1035,0.125,0.125,0.375,0.125,0.125,0.125
1036,0.111111,0.111111,0.444444,0.111111,0.111111,0.111111
1037,0.142857,0.142857,0.285714,0.142857,0.142857,0.142857
1038,0.142857,0.142857,0.285714,0.142857,0.142857,0.142857
1039,0.111111,0.111111,0.444444,0.111111,0.111111,0.111111
1040,0.142857,0.142857,0.285714,0.142857,0.142857,0.142857
1041,0.1,0.1,0.5,0.1,0.1,0.1
1042,0.0465116,0.0232558,0.0697674,0.139535,0.395349,0.325581
1043,0.125,0.125,0.375,0.125,0.125,0.125
1044,0.125,0.125,0.375,0.125,0.125,0.125
1045,0.125,0.125,0.375,0.125,0.125,0.125
1046,0.142857,0.142857,0.285714,0.142857,0.142857,0.142857
1047,0.09375,0.03125,0.03125,0.5625,0.25,0.03125
1048,0.108108,0.027027,0.162162,0.243243,0.432432,0.027027
1049,0.142857,0.142857,0.285714,0.142857,0.142857,0.142857
1050,0.0909091,0.0909091,0.545455,0.0909091,0.0909091,0.0909091
1051,0.04,0.04,0.4,0.36,0.04,0.12
1052,0.1,0.1,0.5,0.1,0.1,0.1
1053,0.142857,0.142857,0.285714,0.142857,0.142857,0.142857
1054,0.1,0.1,0.5,0.1,0.1,0.1
1055,0.125,0.125,0.375,0.125,0.125,0.125
1056,0.1,0.1,0.5,0.1,0.1,0.1
1057,0.125,0.125,0.375,0.125,0.125,0.125
1058,0.142857,0.285714,0.142857,0.142857,0.142857,0.142857
1059,0.142857,0.142857,0.285714,0.142857,0.142857,0.142857
1060,0.142857,0.142857,0.285714,0.142857,0.142857,0.142857
1061,0.142857,0.142857,0.285714,0.142857,0.142857,0.142857
1062,0.111111,0.111111,0.444444,0.111111,0.111111,0.111111
1063,0.142857,0.142857,0.285714,0.142857,0.142857,0.142857
1064,0.125,0.375,0.125,0.125,0.125,0.125
1065,0.125,0.125,0.375,0.125,0.125,0.125
1066,0.125,0.125,0.375,0.125,0.125,0.125
1067,0.125,0.125,0.375,0.125,0.125,0.125
1068,0.111111,0.111111,0.444444,0.111111,0.111111,0.111111
1069,0.142857,0.142857,0.285714,0.142857,0.142857,0.142857
1070,0.111111,0.111111,0.444444,0.111111,0.111111,0.111111
1071,0.117647,0.411765,0.0588235,0.235294,0.117647,0.0588235
1072,0.0217391,0.804348,0.0217391,0.0217391,0.108696,0.0217391
1073,0.0681818,0.818182,0.0227273,0.0227273,0.0454545,0.0227273
1074,0.125,0.125,0.375,0.125,0.125,0.125
1075,0.1,0.1,0.5,0.1,0.1,0.1
1076,0.0909091,0.0909091,0.454545,0.0909091,0.181818,0.0909091
1077,0.0625,0.0625,0.6875,0.0625,0.0625,0.0625
1078,0.561404,0.315789,0.00877193,0.00877193,0.0350877,0.0701754
1079,0.0175439,0.894737,0.0175439,0.0350877,0.0175439,0.0175439
1080,0.111111,0.111111,0.444444,0.111111,0.111111,0.111111
1081,0.142857,0.142857,0.285714,0.142857,0.142857,0.142857
1082,0.125,0.125,0.375,0.125,0.125,0.125
1083,0.125,0.125,0.375,0.125,0.125,0.125
1084,0.142857,0.142857,0.285714,0.142857,0.142857,0.142857
1085,0.0408163,0.0816327,0.102041,0.0204082,0.0204082,0.734694
1086,0.125,0.125,0.375,0.125,0.125,0.125
1087,0.125,0.125,0.375,0.125,0.125,0.125
1088,0.125,0.125,0.375,0.125,0.125,0.125
1089,0.142857,0.142857,0.285714,0.142857,0.142857,0.142857
1090,0.111111,0.111111,0.444444,0.111111,0.111111,0.111111
1091,0.05,0.1,0.3,0.15,0.35,0.05
1092,0.0625,0.0625,0.3125,0.0625,0.125,0.375
1093,0.142857,0.142857,0.285714,0.142857,0.142857,0.142857
1094,0.142857,0.142857,0.285714,0.142857,0.142857,0.142857
1095,0.142857,0.142857,0.142857,0.142857,0.285714,0.142857
1096,0.142857,0.142857,0.285714,0.142857,0.142857,0.142857
1097,0.125,0.125,0.375,0.125,0.125,0.125
1098,0.142857,0.142857,0.285714,0.142857,0.142857,0.142857
1099,0.142857,0.142857,0.285714,0.142857,0.142857,0.142857
1100,0.0588235,0.0882353,0.205882,0.352941,0.264706,0.0294118
1101,0.142857,0.142857,0.285714,0.142857,0.142857,0.142857
1102,0.142857,0.142857,0.285714,0.142857,0.142857,0.142857
1103,0.508993,0.131295,0.0503597,0.178058,0.129496,0.00179856
1104,0.0108696,0.0108696,0.0217391,0.467391,0.130435,0.358696
1105,0.111111,0.111111,0.111111,0.111111,0.444444,0.111111
1106,0.125,0.125,0.375,0.125,0.125,0.125
1107,0.125,0.125,0.375,0.125,0.125,0.125
1108,0.0434783,0.304348,0.434783,0.130435,0.0434783,0.0434783
1109,0.327586,0.568966,0.0172414,0.0517241,0.0172414,0.0172414
1110,0.0454545,0.0454545,0.227273,0.318182,0.318182,0.0454545
1111,0.142857,0.142857,0.285714,0.142857,0.142857,0.142857
1112,0.0769231,0.0769231,0.230769,0.384615,0.153846,0.0769231
1113,0.111111,0.111111,0.444444,0.111111,0.111111,0.111111
1114,0.111111,0.222222,0.222222,0.222222,0.111111,0.111111
1115,0.142857,0.142857,0.285714,0.142857,0.142857,0.142857
1116,0.125,0.125,0.375,0.125,0.125,0.125
1117,0.142857,0.142857,0.285714,0.142857,0.142857,0.142857
1118,0.0434783,0.391304,0.434783,0.0434783,0.0434783,0.0434783
1119,0.142857,0.214286,0.0714286,0.0714286,0.428571,0.0714286
1120,0.0673077,0.0673077,0.0961538,0.625,0.0192308,0.125
1121,0.125,0.125,0.375,0.125,0.125,0.125
1122,0.0714286,0.0714286,0.5,0.214286,0.0714286,0.0714286
1123,0.111111,0.111111,0.444444,0.111111,0.111111,0.111111
1124,0.125,0.125,0.375,0.125,0.125,0.125
1125,0.111111,0.333333,0.222222,0.111111,0.111111,0.111111
1126,0.0714286,0.142857,0.428571,0.0714286,0.214286,0.0714286
1127,0.125,0.125,0.375,0.125,0.125,0.125
1128,0.125,0.125,0.375,0.125,0.125,0.125
1129,0.277778,0.648148,0.0185185,0.0185185,0.0185185,0.0185185
1130,0.0816327,0.714286,0.0204082,0.142857,0.0204082,0.0204082
1131,0.111111,0.111111,0.444444,0.111111,0.111111,0.111111
1132,0.125,0.125,0.375,0.125,0.125,0.125
1133,0.0909091,0.0909091,0.454545,0.0909091,0.0909091,0.181818
1134,0.010989,0.945055,0.010989,0.010989,0.010989,0.010989
1135,0.0185185,0.666667,0.0185185,0.0185185,0.0185185,0.259259
1136,0.142857,0.142857,0.285714,0.142857,0.142857,0.142857
1137,0.0333333,0.0333333,0.433333,0.166667,0.233333,0.1
1138,0.0909091,0.545455,0.0909091,0.0909091,0.0909091,0.0909091
1139,0.125,0.125,0.375,0.125,0.125,0.125
1140,0.125,0.125,0.375,0.125,0.125,0.125
1141,0.0909091,0.545455,0.0909091,0.0909091,0.0909091,0.0909091
1142,0.0816327,0.0408163,0.183673,0.142857,0.0204082,0.530612
1143,0.142857,0.142857,0.285714,0.142857,0.142857,0.142857
1144,0.142857,0.142857,0.285714,0.142857,0.142857,0.142857
1145,0.125,0.125,0.375,0.125,0.125,0.125
1146,0.125,0.125,0.375,0.125,0.125,0.125
1147,0.125,0.125,0.375,0.125,0.125,0.125
1148,0.0769231,0.0769231,0.230769,0.461538,0.0769231,0.0769231
1149,0.142857,0.142857,0.285714,0.142857,0.142857,0.142857
1150,0.142857,0.142857,0.285714,0.142857,0.142857,0.142857
1151,0.1,0.1,0.5,0.1,0.1,0.1
1152,0.0208333,0.291667,0.0208333,0.0208333,0.625,0.0208333
1153,0.282609,0.586957,0.0217391,0.0217391,0.0652174,0.0217391
1154,0.142857,0.142857,0.285714,0.142857,0.142857,0.142857
1155,0.111111,0.111111,0.444444,0.111111,0.111111,0.111111
1156,0.125,0.125,0.375,0.125,0.125,0.125
1157,0.142857,0.142857,0.285714,0.142857,0.142857,0.142857
1158,0.142857,0.142857,0.285714,0.142857,0.142857,0.142857
1159,0.125,0.125,0.375,0.125,0.125,0.125
1160,0.1,0.5,0.1,0.1,0.1,0.1
1161,0.142857,0.142857,0.285714,0.142857,0.142857,0.142857
1162,0.0540541,0.837838,0.027027,0.027027,0.027027,0.027027
1163,0.285714,0.142857,0.142857,0.142857,0.142857,0.142857
1164,0.142857,0.142857,0.285714,0.142857,0.142857,0.142857
1165,0.142857,0.285714,0.142857,0.142857,0.142857,0.142857
1166,0.142857,0.142857,0.285714,0.142857,0.142857,0.142857
1167,0.0769231,0.0769231,0.538462,0.153846,0.0769231,0.0769231
1168,0.111111,0.111111,0.444444,0.111111,0.111111,0.111111
1169,0.0416667,0.25,0.0416667,0.0416667,0.583333,0.0416667
1170,0.142857,0.142857,0.285714,0.142857,0.142857,0.142857
1171,0.142857,0.142857,0.285714,0.142857,0.142857,0.142857
1172,0.1,0.1,0.5,0.1,0.1,0.1
1173,0.0078125,0.898438,0.0078125,0.015625,0.0625,0.0078125
1174,0.142857,0.142857,0.285714,0.142857,0.142857,0.142857
1175,0.125,0.125,0.375,0.125,0.125,0.125
1176,0.142857,0.142857,0.142857,0.142857,0.142857,0.285714
1177,0.0634921,0.873016,0.015873,0.015873,0.015873,0.015873
1178,0.142857,0.142857,0.285714,0.142857,0.142857,0.142857
1179,0.125,0.125,0.375,0.125,0.125,0.125
1180,0.0833333,0.0833333,0.416667,0.166667,0.0833333,0.166667
1181,0.142857,0.142857,0.285714,0.142857,0.142857,0.142857
1182,0.142857,0.142857,0.285714,0.142857,0.142857,0.142857
1183,0.0697674,0.790698,0.0697674,0.0232558,0.0232558,0.0232558
1184,0.0384615,0.0769231,0.0769231,0.538462,0.230769,0.0384615
1185,0.142857,0.142857,0.285714,0.142857,0.142857,0.142857
1186,0.111111,0.111111,0.444444,0.111111,0.111111,0.111111
1187,0.142857,0.142857,0.285714,0.142857,0.142857,0.142857
1188,0.142857,0.142857,0.285714,0.142857,0.142857,0.142857
1189,0.125,0.125,0.375,0.125,0.125,0.125
1190,0.142857,0.142857,0.285714,0.142857,0.142857,0.142857
1191,0.125,0.125,0.375,0.125,0.125,0.125
1192,0.111111,0.111111,0.444444,0.111111,0.111111,0.111111
1193,0.125,0.125,0.375,0.125,0.125,0.125
1194,0.0121951,0.146341,0.0121951,0.390244,0.402439,0.0365854
1195,0.142857,0.142857,0.285714,0.142857,0.142857,0.142857
1196,0.125,0.125,0.375,0.125,0.125,0.125
1197,0.321429,0.446429,0.0178571,0.178571,0.0178571,0.0178571
1198,0.142857,0.285714,0.142857,0.142857,0.142857,0.142857
1199,0.125,0.125,0.375,0.125,0.125,0.125
1200,0.0833333,0.583333,0.0833333,0.0833333,0.0833333,0.0833333
1201,0.142857,0.142857,0.285714,0.142857,0.142857,0.142857
1202,0.0588235,0.529412,0.0294118,0.176471,0.176471,0.0294118
1203,0.0243902,0.756098,0.121951,0.0487805,0.0243902,0.0243902
1204,0.142857,0.142857,0.285714,0.142857,0.142857,0.142857
1205,0.142857,0.142857,0.285714,0.142857,0.142857,0.142857
1206,0.0714286,0.0714286,0.428571,0.214286,0.142857,0.0714286
1207,0.0555556,0.0277778,0.388889,0.101852,0.416667,0.00925926
1208,0.142857,0.142857,0.285714,0.142857,0.142857,0.142857
1209,0.142857,0.142857,0.285714,0.142857,0.142857,0.142857
1210,0.111111,0.111111,0.444444,0.111111,0.111111,0.111111
1211,0.142857,0.142857,0.285714,0.142857,0.142857,0.142857
1212,0.142857,0.142857,0.285714,0.142857,0.142857,0.142857
1213,0.111111,0.111111,0.444444,0.111111,0.111111,0.111111
1214,0.1,0.5,0.1,0.1,0.1,0.1
1215,0.142857,0.142857,0.285714,0.142857,0.142857,0.142857
1216,0.0909091,0.545455,0.0909091,0.0909091,0.0909091,0.0909091
1217,0.111111,0.111111,0.444444,0.111111,0.111111,0.111111
1218,0.0125,0.525,0.1375,0.125,0.1875,0.0125
1219,0.111111,0.111111,0.444444,0.111111,0.111111,0.111111
1220,0.142857,0.142857,0.285714,0.142857,0.142857,0.142857
1221,0.142857,0.142857,0.285714,0.142857,0.142857,0.142857
1222,0.0555556,0.0555556,0.111111,0.444444,0.277778,0.0555556
1223,0.142857,0.142857,0.285714,0.142857,0.142857,0.142857
1224,0.1,0.5,0.1,0.1,0.1,0.1
1225,0.111111,0.111111,0.444444,0.111111,0.111111,0.111111
1226,0.0833333,0.0833333,0.416667,0.0833333,0.25,0.0833333
1227,0.111111,0.111111,0.444444,0.111111,0.111111,0.111111
1228,0.142857,0.142857,0.285714,0.142857,0.142857,0.142857
1229,0.142857,0.142857,0.285714,0.142857,0.142857,0.142857
1230,0.125,0.125,0.375,0.125,0.125,0.125
1231,0.142857,0.142857,0.285714,0.142857,0.142857,0.142857
1232,0.142857,0.142857,0.285714,0.142857,0.142857,0.142857
1233,0.125,0.125,0.375,0.125,0.125,0.125
1234,0.142857,0.285714,0.142857,0.142857,0.142857,0.142857
1235,0.111111,0.111111,0.444444,0.111111,0.111111,0.111111
1236,0.125,0.125,0.375,0.125,0.125,0.125
1237,0.037037,0.148148,0.148148,0.296296,0.296296,0.0740741
1238,0.142857,0.142857,0.285714,0.142857,0.142857,0.142857
1239,0.1,0.1,0.5,0.1,0.1,0.1
1240,0.1,0.5,0.1,0.1,0.1,0.1
1241,0.142857,0.142857,0.285714,0.142857,0.142857,0.142857
1242,0.025641,0.871795,0.025641,0.025641,0.025641,0.025641
1243,0.125,0.125,0.375,0.125,0.125,0.125
1244,0.125,0.125,0.375,0.125,0.125,0.125
1245,0.0909091,0.454545,0.181818,0.0909091,0.0909091,0.0909091
1246,0.111111,0.111111,0.444444,0.111111,0.111111,0.111111
1247,0.125,0.125,0.375,0.125,0.125,0.125
1248,0.0119048,0.892857,0.0119048,0.0595238,0.0119048,0.0119048
1249,0.125,0.125,0.375,0.125,0.125,0.125
1250,0.142857,0.142857,0.285714,0.142857,0.142857,0.142857
1251,0.125,0.125,0.375,0.125,0.125,0.125
1252,0.0263158,0.868421,0.0263158,0.0263158,0.0263158,0.0263158
1253,0.0172414,0.0344828,0.258621,0.586207,0.0689655,0.0344828
1254,0.142857,0.142857,0.285714,0.142857,0.142857,0.142857
1255,0.1,0.1,0.5,0.1,0.1,0.1
1256,0.0363636,0.890909,0.0181818,0.0181818,0.0181818,0.0181818
1257,0.1,0.1,0.5,0.1,0.1,0.1
1258,0.111111,0.111111,0.444444,0.111111,0.111111,0.111111
1259,0.111111,0.111111,0.444444,0.111111,0.111111,0.111111
1260,0.0751174,0.211268,0.0610329,0.352113,0.267606,0.0328638
1261,0.137255,0.72549,0.0196078,0.0784314,0.0196078,0.0196078
1262,0.142857,0.285714,0.142857,0.142857,0.142857,0.142857
1263,0.125,0.125,0.125,0.375,0.125,0.125
1264,0.111111,0.222222,0.111111,0.111111,0.333333,0.111111
1265,0.111111,0.111111,0.444444,0.111111,0.111111,0.111111
1266,0.142857,0.142857,0.285714,0.142857,0.142857,0.142857
1267,0.0625,0.6875,0.0625,0.0625,0.0625,0.0625
1268,0.142857,0.142857,0.285714,0.142857,0.142857,0.142857
1269,0.125,0.125,0.375,0.125,0.125,0.125
1270,0.142857,0.142857,0.285714,0.142857,0.142857,0.142857
1271,0.1,0.1,0.5,0.1,0.1,0.1
1272,0.1,0.1,0.5,0.1,0.1,0.1
1273,0.0526316,0.631579,0.0526316,0.0526316,0.157895,0.0526316
1274,0.125,0.125,0.375,0.125,0.125,0.125
1275,0.125,0.125,0.375,0.125,0.125,0.125
1276,0.111111,0.111111,0.333333,0.111111,0.111111,0.222222
1277,0.285714,0.142857,0.142857,0.142857,0.142857,0.142857
1278,0.111111,0.111111,0.444444,0.111111,0.111111,0.111111
1279,0.733766,0.24026,0.00649351,0.00649351,0.00649351,0.00649351
1280,0.142857,0.142857,0.285714,0.142857,0.142857,0.142857
1281,0.142857,0.142857,0.285714,0.142857,0.142857,0.142857
1282,0.125,0.125,0.375,0.125,0.125,0.125
1283,0.125,0.125,0.375,0.125,0.125,0.125
1284,0.0833333,0.0833333,0.416667,0.25,0.0833333,0.0833333
1285,0.142857,0.142857,0.285714,0.142857,0.142857,0.142857
1286,0.111111,0.111111,0.222222,0.111111,0.111111,0.333333
1287,0.1,0.466667,0.1,0.0333333,0.266667,0.0333333
1288,0.1,0.5,0.1,0.1,0.1,0.1
1289,0.04,0.04,0.32,0.2,0.36,0.04
1290,0.0880682,0.0369318,0.0340909,0.295455,0.0170455,0.528409
1291,0.142857,0.142857,0.285714,0.142857,0.142857,0.142857
1292,0.0714286,0.214286,0.0714286,0.214286,0.357143,0.0714286
1293,0.0454545,0.818182,0.0227273,0.0681818,0.0227273,0.0227273
1294,0.111111,0.111111,0.444444,0.111111,0.111111,0.111111
1295,0.142857,0.142857,0.285714,0.142857,0.142857,0.142857
1296,0.0833333,0.0833333,0.333333,0.333333,0.0833333,0.0833333
1297,0.125,0.125,0.375,0.125,0.125,0.125
1298,0.142857,0.142857,0.285714,0.142857,0.142857,0.142857
1299,0.1,0.1,0.5,0.1,0.1,0.1
1300,0.1,0.1,0.5,0.1,0.1,0.1
1301,0.142857,0.142857,0.285714,0.142857,0.142857,0.142857
1302,0.0116959,0.836257,0.0175439,0.00584795,0.0292398,0.0994152
1303,0.111111,0.111111,0.444444,0.111111,0.111111,0.111111
1304,0.125,0.125,0.375,0.125,0.125,0.125
1305,0.0681818,0.727273,0.136364,0.0227273,0.0227273,0.0227273
1306,0.111111,0.111111,0.444444,0.111111,0.111111,0.111111
1307,0.142857,0.142857,0.285714,0.142857,0.142857,0.142857
1308,0.125,0.375,0.125,0.125,0.125,0.125
1309,0.125,0.125,0.375,0.125,0.125,0.125
1310,0.0909091,0.0909091,0.363636,0.0909091,0.272727,0.0909091
1311,0.125,0.125,0.375,0.125,0.125,0.125
1312,0.0238095,0.214286,0.309524,0.0238095,0.404762,0.0238095
1313,0.142857,0.142857,0.285714,0.142857,0.142857,0.142857
1314,0.142857,0.142857,0.285714,0.142857,0.142857,0.142857
1315,0.111111,0.222222,0.333333,0.111111,0.111111,0.111111
1316,0.142857,0.142857,0.285714,0.142857,0.142857,0.142857
1317,0.142857,0.142857,0.285714,0.142857,0.142857,0.142857
1318,0.125,0.125,0.375,0.125,0.125,0.125
1319,0.125,0.125,0.375,0.125,0.125,0.125
1320,0.142857,0.142857,0.285714,0.142857,0.142857,0.142857
1321,0.111111,0.111111,0.444444,0.111111,0.111111,0.111111
1322,0.125,0.375,0.125,0.125,0.125,0.125
1323,0.125,0.125,0.375,0.125,0.125,0.125
1324,0.0769231,0.461538,0.230769,0.0769231,0.0769231,0.0769231
1325,0.142857,0.142857,0.285714,0.142857,0.142857,0.142857
1326,0.0833333,0.0833333,0.583333,0.0833333,0.0833333,0.0833333
1327,0.125,0.125,0.375,0.125,0.125,0.125
1328,0.928571,0.0535714,0.0107143,0.00178571,0.00178571,0.00357143
1329,0.125,0.125,0.375,0.125,0.125,0.125
1330,0.142857,0.142857,0.285714,0.142857,0.142857,0.142857
1331,0.0769231,0.0769231,0.615385,0.0769231,0.0769231,0.0769231
1332,0.142857,0.142857,0.285714,0.142857,0.142857,0.142857
1333,0.142857,0.142857,0.285714,0.142857,0.142857,0.142857
1334,0.125,0.125,0.375,0.125,0.125,0.125
1335,0.111111,0.0555556,0.611111,0.111111,0.0555556,0.0555556
1336,0.00943396,0.924528,0.00943396,0.0377358,0.00943396,0.00943396
1337,0.0555556,0.851852,0.0185185,0.0185185,0.0185185,0.037037
1338,0.16,0.14,0.02,0.22,0.44,0.02
1339,0.142857,0.142857,0.285714,0.142857,0.142857,0.142857
1340,0.0714286,0.0714286,0.0714286,0.285714,0.357143,0.142857
1341,0.1,0.5,0.1,0.1,0.1,0.1
1342,0.142857,0.142857,0.285714,0.142857,0.142857,0.142857
1343,0.0909091,0.545455,0.0909091,0.0909091,0.0909091,0.0909091
1344,0.142857,0.142857,0.285714,0.142857,0.142857,0.142857
1345,0.125,0.125,0.375,0.125,0.125,0.125
1346,0.0285714,0.0285714,0.314286,0.542857,0.0571429,0.0285714
1347,0.111111,0.111111,0.444444,0.111111,0.111111,0.111111
1348,0.229508,0.483607,0.0983607,0.122951,0.057377,0.00819672
1349,0.125,0.125,0.375,0.125,0.125,0.125
1350,0.111111,0.111111,0.444444,0.111111,0.111111,0.111111
1351,0.142857,0.142857,0.285714,0.142857,0.142857,0.142857
1352,0.0714286,0.0714286,0.428571,0.214286,0.142857,0.0714286
1353,0.0833333,0.583333,0.0833333,0.0833333,0.0833333,0.0833333
1354,0.111111,0.111111,0.222222,0.222222,0.222222,0.111111
1355,0.125,0.125,0.375,0.125,0.125,0.125
1356,0.142857,0.142857,0.285714,0.142857,0.142857,0.142857
1357,0.142857,0.142857,0.285714,0.142857,0.142857,0.142857
1358,0.142857,0.142857,0.285714,0.142857,0.142857,0.142857
1359,0.1,0.1,0.5,0.1,0.1,0.1
1360,0.111111,0.111111,0.444444,0.111111,0.111111,0.111111
1361,0.142857,0.285714,0.142857,0.142857,0.142857,0.142857
1362,0.1,0.1,0.5,0.1,0.1,0.1
1363,0.333333,0.0666667,0.4,0.0666667,0.0666667,0.0666667
1364,0.142857,0.142857,0.285714,0.142857,0.142857,0.142857
1365,0.111111,0.111111,0.444444,0.111111,0.111111,0.111111
1366,0.111111,0.111111,0.444444,0.111111,0.111111,0.111111
1367,0.125,0.125,0.375,0.125,0.125,0.125
1368,0.142857,0.142857,0.285714,0.142857,0.142857,0.142857
1369,0.142857,0.142857,0.285714,0.142857,0.142857,0.142857
1370,0.177419,0.709677,0.016129,0.0645161,0.016129,0.016129
1371,0.0588235,0.0588235,0.0588235,0.588235,0.0588235,0.176471
1372,0.04,0.04,0.08,0.2,0.6,0.04
1373,0.125,0.125,0.375,0.125,0.125,0.125
1374,0.142857,0.142857,0.285714,0.142857,0.142857,0.142857
1375,0.111111,0.111111,0.444444,0.111111,0.111111,0.111111
1376,0.111111,0.111111,0.444444,0.111111,0.111111,0.111111
1377,0.111111,0.111111,0.444444,0.111111,0.111111,0.111111
1378,0.111111,0.111111,0.444444,0.111111,0.111111,0.111111
1379,0.0243902,0.878049,0.0243902,0.0243902,0.0243902,0.0243902
1380,0.142857,0.142857,0.285714,0.142857,0.142857,0.142857
1381,0.125,0.125,0.375,0.125,0.125,0.125
1382,0.1,0.1,0.5,0.1,0.1,0.1
1383,0.142857,0.142857,0.285714,0.142857,0.142857,0.142857
1384,0.0232558,0.767442,0.0232558,0.0232558,0.0232558,0.139535
1385,0.00775194,0.00775194,0.0697674,0.55814,0.348837,0.00775194
1386,0.111111,0.111111,0.444444,0.111111,0.111111,0.111111
1387,0.142857,0.142857,0.285714,0.142857,0.142857,0.142857
1388,0.125,0.125,0.375,0.125,0.125,0.125
1389,0.125,0.125,0.375,0.125,0.125,0.125
1390,0.142857,0.142857,0.285714,0.142857,0.142857,0.142857
1391,0.125,0.125,0.375,0.125,0.125,0.125
1392,0.0769231,0.461538,0.230769,0.0769231,0.0769231,0.0769231
1393,0.1,0.1,0.2,0.4,0.1,0.1
1394,0.142857,0.142857,0.285714,0.142857,0.142857,0.142857
1395,0.142857,0.142857,0.285714,0.142857,0.142857,0.142857
1396,0.153846,0.0769231,0.384615,0.0769231,0.230769,0.0769231
1397,0.0833333,0.0833333,0.416667,0.166667,0.166667,0.0833333
1398,0.142857,0.285714,0.142857,0.142857,0.142857,0.142857
1399,0.111111,0.111111,0.444444,0.111111,0.111111,0.111111
1400,0.125,0.125,0.375,0.125,0.125,0.125
1401,0.142857,0.142857,0.285714,0.142857,0.142857,0.142857
1402,0.111111,0.111111,0.444444,0.111111,0.111111,0.111111
1403,0.047619,0.888889,0.015873,0.015873,0.015873,0.015873
1404,0.142857,0.142857,0.285714,0.142857,0.142857,0.142857
1405,0.125,0.125,0.375,0.125,0.125,0.125
1406,0.125,0.125,0.375,0.125,0.125,0.125
1407,0.1,0.1,0.5,0.1,0.1,0.1
1408,0.125,0.125,0.125,0.375,0.125,0.125
1409,0.112676,0.0140845,0.056338,0.366197,0.43662,0.0140845
1410,0.1,0.5,0.1,0.1,0.1,0.1
1411,0.142857,0.142857,0.285714,0.142857,0.142857,0.142857
1412,0.0909091,0.363636,0.0909091,0.0909091,0.272727,0.0909091
1413,0.142857,0.142857,0.285714,0.142857,0.142857,0.142857
1414,0.142857,0.142857,0.285714,0.142857,0.142857,0.142857
1415,0.111111,0.111111,0.444444,0.111111,0.111111,0.111111
1416,0.125,0.125,0.375,0.125,0.125,0.125
1417,0.142857,0.142857,0.285714,0.142857,0.142857,0.142857
1418,0.142857,0.142857,0.285714,0.142857,0.142857,0.142857
1419,0.111111,0.111111,0.444444,0.111111,0.111111,0.111111
1420,0.142857,0.142857,0.285714,0.142857,0.142857,0.142857
1421,0.125,0.125,0.375,0.125,0.125,0.125
1422,0.0625,0.859375,0.015625,0.015625,0.03125,0.015625
1423,0.0606061,0.030303,0.0606061,0.424242,0.030303,0.393939
1424,0.125,0.125,0.375,0.125,0.125,0.125
1425,0.0588235,0.823529,0.0588235,0.0196078,0.0196078,0.0196078
1426,0.0909091,0.0909091,0.545455,0.0909091,0.0909091,0.0909091
1427,0.125,0.125,0.375,0.125,0.125,0.125
1428,0.142857,0.142857,0.285714,0.142857,0.142857,0.142857
1429,0.125,0.125,0.375,0.125,0.125,0.125
1430,0.025641,0.025641,0.282051,0.153846,0.333333,0.179487
1431,0.125,0.125,0.375,0.125,0.125,0.125
1432,0.0666667,0.0666667,0.533333,0.2,0.0666667,0.0666667
1433,0.111111,0.111111,0.444444,0.111111,0.111111,0.111111
1434,0.125,0.125,0.375,0.125,0.125,0.125
1435,0.142857,0.142857,0.285714,0.142857,0.142857,0.142857
1436,0.1,0.1,0.5,0.1,0.1,0.1
1437,0.1,0.1,0.5,0.1,0.1,0.1
1438,0.1,0.1,0.5,0.1,0.1,0.1
1439,0.142857,0.142857,0.285714,0.142857,0.142857,0.142857
1440,0.125,0.125,0.375,0.125,0.125,0.125
1441,0.125,0.125,0.375,0.125,0.125,0.125
1442,0.125,0.125,0.375,0.125,0.125,0.125
1443,0.1,0.1,0.5,0.1,0.1,0.1
1444,0.142857,0.142857,0.285714,0.142857,0.142857,0.142857
1445,0.0625,0.375,0.3125,0.0625,0.125,0.0625
1446,0.142857,0.142857,0.285714,0.142857,0.142857,0.142857
1447,0.142857,0.142857,0.285714,0.142857,0.142857,0.142857
1448,0.142857,0.142857,0.285714,0.142857,0.142857,0.142857
1449,0.142857,0.142857,0.285714,0.142857,0.142857,0.142857
1450,0.142857,0.142857,0.285714,0.142857,0.142857,0.142857
1451,0.0263158,0.0263158,0.0263158,0.421053,0.473684,0.0263158
1452,0.0625,0.6875,0.0625,0.0625,0.0625,0.0625
1453,0.1,0.1,0.5,0.1,0.1,0.1
1454,0.125,0.09375,0.125,0.25,0.375,0.03125
1455,0.142857,0.142857,0.285714,0.142857,0.142857,0.142857
1456,0.0434783,0.0434783,0.478261,0.130435,0.173913,0.130435
1457,0.333333,0.025641,0.025641,0.512821,0.0769231,0.025641
1458,0.125,0.125,0.375,0.125,0.125,0.125
1459,0.311284,0.101167,0.14786,0.136187,0.214008,0.0894942
1460,0.125,0.125,0.375,0.125,0.125,0.125
1461,0.125,0.125,0.375,0.125,0.125,0.125
1462,0.125,0.125,0.375,0.125,0.125,0.125
1463,0.142857,0.142857,0.285714,0.142857,0.142857,0.142857
1464,0.125,0.125,0.375,0.125,0.125,0.125
1465,0.111111,0.222222,0.333333,0.111111,0.111111,0.111111
1466,0.0588235,0.0588235,0.0588235,0.470588,0.294118,0.0588235
1467,0.125,0.125,0.375,0.125,0.125,0.125
1468,0.142857,0.142857,0.285714,0.142857,0.142857,0.142857
1469,0.142857,0.285714,0.142857,0.142857,0.142857,0.142857
1470,0.125,0.25,0.25,0.125,0.125,0.125
1471,0.062069,0.0448276,0.0241379,0.648276,0.155172,0.0655172
1472,0.142857,0.142857,0.285714,0.142857,0.142857,0.142857
1473,0.176,0.344,0.016,0.272,0.184,0.008
1474,0.561798,0.393258,0.011236,0.011236,0.011236,0.011236
1475,0.125,0.125,0.375,0.125,0.125,0.125
1476,0.111111,0.111111,0.444444,0.111111,0.111111,0.111111
1477,0.142857,0.142857,0.285714,0.142857,0.142857,0.142857
1478,0.125,0.125,0.375,0.125,0.125,0.125
1479,0.142857,0.142857,0.285714,0.142857,0.142857,0.142857
1480,0.0909091,0.0909091,0.545455,0.0909091,0.0909091,0.0909091
1481,0.0666667,0.2,0.0666667,0.333333,0.2,0.133333
1482,0.125,0.125,0.375,0.125,0.125,0.125
1483,0.142857,0.142857,0.285714,0.142857,0.142857,0.142857
1484,0.142857,0.142857,0.285714,0.142857,0.142857,0.142857
1485,0.185185,0.111111,0.037037,0.296296,0.333333,0.037037
1486,0.0384615,0.0384615,0.153846,0.192308,0.384615,0.192308
1487,0.137255,0.607843,0.00980392,0.00980392,0.22549,0.00980392
1488,0.0192308,0.769231,0.0192308,0.115385,0.0192308,0.0576923
1489,0.111111,0.111111,0.444444,0.111111,0.111111,0.111111
1490,0.142857,0.142857,0.285714,0.142857,0.142857,0.142857
1491,0.184783,0.0706522,0.0217391,0.494565,0.222826,0.00543478
1492,0.125,0.125,0.375,0.125,0.125,0.125
1493,0.1,0.1,0.4,0.2,0.1,0.1
1494,0.1,0.1,0.5,0.1,0.1,0.1
1495,0.111111,0.111111,0.444444,0.111111,0.111111,0.111111
1496,0.111111,0.0740741,0.160494,0.296296,0.283951,0.0740741
1497,0.0666667,0.533333,0.0666667,0.0666667,0.2,0.0666667
1498,0.0327869,0.901639,0.00819672,0.00819672,0.00819672,0.0409836
1499,0.125,0.125,0.375,0.125,0.125,0.125
1500,0.125,0.125,0.375,0.125,0.125,0.125
1501,0.1,0.1,0.5,0.1,0.1,0.1
1502,0.025641,0.794872,0.025641,0.025641,0.102564,0.025641
1503,0.1,0.2,0.1,0.4,0.1,0.1
1504,0.142857,0.142857,0.285714,0.142857,0.142857,0.142857
1505,0.125,0.125,0.375,0.125,0.125,0.125
1506,0.125,0.125,0.375,0.125,0.125,0.125
1507,0.142857,0.285714,0.142857,0.142857,0.142857,0.142857
1508,0.125,0.125,0.375,0.125,0.125,0.125
1509,0.111111,0.111111,0.444444,0.111111,0.111111,0.111111
1510,0.142857,0.142857,0.285714,0.142857,0.142857,0.142857
1511,0.111111,0.111111,0.444444,0.111111,0.111111,0.111111
1512,0.125,0.125,0.375,0.125,0.125,0.125
1513,0.125,0.125,0.375,0.125,0.125,0.125
1514,0.0769231,0.461538,0.230769,0.0769231,0.0769231,0.0769231
1515,0.1,0.5,0.1,0.1,0.1,0.1
1516,0.125,0.125,0.375,0.125,0.125,0.125
1517,0.142857,0.142857,0.285714,0.142857,0.142857,0.142857
1518,0.0833333,0.0833333,0.583333,0.0833333,0.0833333,0.0833333
1519,0.142857,0.142857,0.285714,0.142857,0.142857,0.142857
1520,0.142857,0.142857,0.285714,0.142857,0.142857,0.142857
1521,0.142857,0.142857,0.285714,0.142857,0.142857,0.142857
1522,0.111111,0.111111,0.444444,0.111111,0.111111,0.111111
1523,0.125,0.125,0.375,0.125,0.125,0.125
1524,0.0666667,0.0666667,0.4,0.133333,0.266667,0.0666667
1525,0.142857,0.142857,0.285714,0.142857,0.142857,0.142857
1526,0.111111,0.111111,0.444444,0.111111,0.111111,0.111111
1527,0.142857,0.285714,0.142857,0.142857,0.142857,0.142857
1528,0.1,0.1,0.5,0.1,0.1,0.1
1529,0.125,0.125,0.375,0.125,0.125,0.125
1530,0.0714286,0.357143,0.357143,0.0714286,0.0714286,0.0714286
1531,0.142857,0.142857,0.285714,0.142857,0.142857,0.142857
1532,0.025641,0.871795,0.025641,0.025641,0.025641,0.025641
1533,0.286385,0.00469484,0.0657277,0.394366,0.056338,0.192488
1534,0.0909091,0.818182,0.0227273,0.0227273,0.0227273,0.0227273
1535,0.2,0.0666667,0.133333,0.2,0.333333,0.0666667
1536,0.28125,0.03125,0.21875,0.1875,0.25,0.03125
1537,0.111111,0.111111,0.444444,0.111111,0.111111,0.111111
1538,0.125,0.125,0.375,0.125,0.125,0.125
1539,0.142857,0.142857,0.285714,0.142857,0.142857,0.142857
1540,0.125,0.125,0.375,0.125,0.125,0.125
1541,0.142857,0.142857,0.285714,0.142857,0.142857,0.142857
1542,0.125,0.125,0.375,0.125,0.125,0.125
1543,0.142857,0.142857,0.285714,0.142857,0.142857,0.142857
1544,0.142857,0.142857,0.285714,0.142857,0.142857,0.142857
1545,0.125,0.125,0.375,0.125,0.125,0.125
1546,0.125,0.125,0.375,0.125,0.125,0.125
1547,0.125,0.125,0.375,0.125,0.125,0.125
1548,0.111111,0.333333,0.222222,0.111111,0.111111,0.111111
1549,0.142857,0.142857,0.285714,0.142857,0.142857,0.142857
1550,0.0769231,0.461538,0.230769,0.0769231,0.0769231,0.0769231
1551,0.125,0.125,0.375,0.125,0.125,0.125
1552,0.125,0.125,0.375,0.125,0.125,0.125
1553,0.125,0.125,0.375,0.125,0.125,0.125
1554,0.0208333,0.875,0.0208333,0.0208333,0.0416667,0.0208333
1555,0.142857,0.142857,0.285714,0.142857,0.142857,0.142857
1556,0.0212766,0.553191,0.0212766,0.170213,0.0212766,0.212766
1557,0.1,0.1,0.5,0.1,0.1,0.1
1558,0.121622,0.689189,0.0810811,0.0405405,0.0135135,0.0540541
1559,0.142857,0.142857,0.285714,0.142857,0.142857,0.142857
1560,0.142857,0.142857,0.285714,0.142857,0.142857,0.142857
1561,0.125,0.125,0.375,0.125,0.125,0.125
1562,0.142857,0.142857,0.285714,0.142857,0.142857,0.142857
1563,0.111111,0.111111,0.444444,0.111111,0.111111,0.111111
1564,0.142857,0.142857,0.285714,0.142857,0.142857,0.142857
1565,0.0333333,0.1,0.116667,0.133333,0.0333333,0.583333
1566,0.0909091,0.545455,0.0909091,0.0909091,0.0909091,0.0909091
1567,0.142857,0.142857,0.285714,0.142857,0.142857,0.142857
1568,0.142857,0.142857,0.285714,0.142857,0.142857,0.142857
1569,0.142857,0.142857,0.285714,0.142857,0.142857,0.142857
1570,0.0833333,0.583333,0.0833333,0.0833333,0.0833333,0.0833333
1571,0.0666667,0.0666667,0.266667,0.0666667,0.4,0.133333
1572,0.0909091,0.545455,0.0909091,0.0909091,0.0909091,0.0909091
1573,0.125,0.125,0.375,0.125,0.125,0.125
1574,0.111111,0.111111,0.444444,0.111111,0.111111,0.111111
1575,0.142857,0.142857,0.285714,0.142857,0.142857,0.142857
1576,0.142857,0.142857,0.285714,0.142857,0.142857,0.142857
1577,0.125,0.125,0.375,0.125,0.125,0.125
1578,0.113636,0.00757576,0.0909091,0.772727,0.00757576,0.00757576
1579,0.142857,0.142857,0.285714,0.142857,0.142857,0.142857
1580,0.25,0.125,0.125,0.25,0.125,0.125
1581,0.0434783,0.0434783,0.608696,0.130435,0.130435,0.0434783
1582,0.25,0.125,0.125,0.125,0.25,0.125
1583,0.125,0.125,0.375,0.125,0.125,0.125
1584,0.00416667,0.0625,0.4625,0.191667,0.275,0.00416667
1585,0.0625,0.625,0.0625,0.0625,0.125,0.0625
1586,0.123596,0.0262172,0.0224719,0.539326,0.258427,0.0299625
1587,0.125,0.375,0.125,0.125,0.125,0.125
1588,0.142857,0.142857,0.285714,0.142857,0.142857,0.142857
1589,0.125,0.125,0.375,0.125,0.125,0.125
1590,0.111111,0.111111,0.111111,0.111111,0.444444,0.111111
1591,0.142857,0.142857,0.285714,0.142857,0.142857,0.142857
1592,0.142857,0.142857,0.285714,0.142857,0.142857,0.142857
1593,0.111111,0.111111,0.444444,0.111111,0.111111,0.111111
1594,0.111111,0.111111,0.444444,0.111111,0.111111,0.111111
1595,0.142857,0.142857,0.285714,0.142857,0.142857,0.142857
1596,0.0769231,0.0769231,0.461538,0.0769231,0.230769,0.0769231
1597,0.111111,0.111111,0.444444,0.111111,0.111111,0.111111
1598,0.0410959,0.0136986,0.30137,0.342466,0.287671,0.0136986
1599,0.1,0.1,0.5,0.1,0.1,0.1
1600,0.111111,0.111111,0.444444,0.111111,0.111111,0.111111
1601,0.142857,0.142857,0.285714,0.142857,0.142857,0.142857
1602,0.0625,0.0625,0.25,0.3125,0.25,0.0625
1603,0.0714286,0.0714286,0.5,0.214286,0.0714286,0.0714286
1604,0.125,0.125,0.375,0.125,0.125,0.125
1605,0.1,0.1,0.5,0.1,0.1,0.1
1606,0.142857,0.142857,0.285714,0.142857,0.142857,0.142857
1607,0.111111,0.111111,0.444444,0.111111,0.111111,0.111111
1608,0.1,0.1,0.5,0.1,0.1,0.1
1609,0.030303,0.030303,0.272727,0.030303,0.515152,0.121212
1610,0.111111,0.111111,0.444444,0.111111,0.111111,0.111111
1611,0.125,0.125,0.375,0.125,0.125,0.125
1612,0.142857,0.142857,0.285714,0.142857,0.142857,0.142857
1613,0.0588235,0.0588235,0.411765,0.0588235,0.352941,0.0588235
1614,0.507463,0.41791,0.0149254,0.0298507,0.0149254,0.0149254
1615,0.125,0.125,0.375,0.125,0.125,0.125
1616,0.0487805,0.731707,0.0243902,0.146341,0.0243902,0.0243902
1617,0.272727,0.0909091,0.272727,0.0909091,0.0909091,0.181818
1618,0.179775,0.764045,0.011236,0.0224719,0.011236,0.011236
1619,0.125,0.125,0.375,0.125,0.125,0.125
1620,0.125,0.125,0.375,0.125,0.125,0.125
1621,0.125,0.125,0.375,0.125,0.125,0.125
1622,0.125,0.125,0.375,0.125,0.125,0.125
1623,0.0416667,0.708333,0.145833,0.0416667,0.0208333,0.0416667
1624,0.1,0.1,0.5,0.1,0.1,0.1
1625,0.111111,0.111111,0.444444,0.111111,0.111111,0.111111
1626,0.111111,0.111111,0.444444,0.111111,0.111111,0.111111
1627,0.142857,0.142857,0.285714,0.142857,0.142857,0.142857
1628,0.150943,0.773585,0.0188679,0.00943396,0.0377358,0.00943396
1629,0.142857,0.142857,0.285714,0.142857,0.142857,0.142857
1630,0.142857,0.142857,0.285714,0.142857,0.142857,0.142857
1631,0.142857,0.142857,0.285714,0.142857,0.142857,0.142857
1632,0.111111,0.444444,0.111111,0.111111,0.111111,0.111111
1633,0.111111,0.111111,0.444444,0.111111,0.111111,0.111111
1634,0.111111,0.111111,0.444444,0.111111,0.111111,0.111111
1635,0.0555556,0.0555556,0.222222,0.111111,0.444444,0.111111
1636,0.0384615,0.0384615,0.346154,0.153846,0.384615,0.0384615
1637,0.0909091,0.0909091,0.363636,0.181818,0.181818,0.0909091
1638,0.0833333,0.0833333,0.583333,0.0833333,0.0833333,0.0833333
1639,0.0625,0.0625,0.5,0.25,0.0625,0.0625
1640,0.111111,0.111111,0.444444,0.111111,0.111111,0.111111
1641,0.142857,0.142857,0.285714,0.142857,0.142857,0.142857
1642,0.0434783,0.0434783,0.26087,0.521739,0.0869565,0.0434783
1643,0.142857,0.142857,0.285714,0.142857,0.142857,0.142857
1644,0.692308,0.182692,0.00961538,0.00961538,0.00961538,0.0961538
1645,0.142857,0.142857,0.285714,0.142857,0.142857,0.142857
1646,0.111111,0.111111,0.444444,0.111111,0.111111,0.111111
1647,0.1,0.1,0.5,0.1,0.1,0.1
1648,0.04,0.32,0.16,0.28,0.16,0.04
1649,0.0833333,0.0833333,0.416667,0.25,0.0833333,0.0833333
1650,0.047619,0.190476,0.190476,0.142857,0.380952,0.047619
1651,0.111111,0.111111,0.444444,0.111111,0.111111,0.111111
1652,0.125,0.125,0.375,0.125,0.125,0.125
1653,0.125,0.125,0.375,0.125,0.125,0.125
1654,0.0714286,0.119048,0.166667,0.404762,0.214286,0.0238095
1655,0.208333,0.125,0.1875,0.270833,0.1875,0.0208333
1656,0.0833333,0.0833333,0.416667,0.166667,0.166667,0.0833333
1657,0.1,0.1,0.5,0.1,0.1,0.1
1658,0.0227273,0.795455,0.0227273,0.0681818,0.0681818,0.0227273
1659,0.111111,0.111111,0.444444,0.111111,0.111111,0.111111
1660,0.125,0.125,0.375,0.125,0.125,0.125
1661,0.111111,0.111111,0.444444,0.111111,0.111111,0.111111
1662,0.0714286,0.0714286,0.642857,0.0714286,0.0714286,0.0714286
1663,0.125,0.125,0.375,0.125,0.125,0.125
1664,0.142857,0.142857,0.285714,0.142857,0.142857,0.142857
1665,0.0833333,0.0833333,0.166667,0.416667,0.0833333,0.166667
1666,0.125,0.125,0.375,0.125,0.125,0.125
1667,0.142857,0.142857,0.285714,0.142857,0.142857,0.142857
1668,0.125,0.125,0.375,0.125,0.125,0.125
1669,0.125,0.125,0.375,0.125,0.125,0.125
1670,0.142857,0.142857,0.285714,0.142857,0.142857,0.142857
1671,0.027027,0.864865,0.027027,0.027027,0.027027,0.027027
1672,0.125,0.125,0.375,0.125,0.125,0.125
1673,0.111111,0.111111,0.444444,0.111111,0.111111,0.111111
1674,0.142857,0.142857,0.285714,0.142857,0.142857,0.142857
1675,0.125,0.125,0.375,0.125,0.125,0.125
1676,0.142857,0.142857,0.285714,0.142857,0.142857,0.142857
1677,0.333333,0.512821,0.025641,0.025641,0.0769231,0.025641
1678,0.114286,0.757143,0.0714286,0.0142857,0.0285714,0.0142857
1679,0.0555556,0.0555556,0.111111,0.333333,0.388889,0.0555556
1680,0.125,0.125,0.375,0.125,0.125,0.125
1681,0.125,0.125,0.375,0.125,0.125,0.125
1682,0.142857,0.142857,0.285714,0.142857,0.142857,0.142857
1683,0.0108696,0.119565,0.0326087,0.663043,0.119565,0.0543478
1684,0.0566038,0.169811,0.150943,0.433962,0.169811,0.0188679
1685,0.125,0.125,0.375,0.125,0.125,0.125
1686,0.125,0.125,0.375,0.125,0.125,0.125
1687,0.125,0.375,0.125,0.125,0.125,0.125
1688,0.142857,0.142857,0.285714,0.142857,0.142857,0.142857
1689,0.130435,0.76087,0.0217391,0.0434783,0.0217391,0.0217391
1690,0.0714286,0.142857,0.0714286,0.0714286,0.571429,0.0714286
1691,0.125,0.125,0.375,0.125,0.125,0.125
1692,0.142857,0.142857,0.285714,0.142857,0.142857,0.142857
1693,0.142857,0.142857,0.285714,0.142857,0.142857,0.142857
1694,0.111111,0.111111,0.444444,0.111111,0.111111,0.111111
1695,0.111111,0.111111,0.444444,0.111111,0.111111,0.111111
1696,0.0895522,0.0149254,0.223881,0.41791,0.238806,0.0149254
1697,0.142857,0.285714,0.142857,0.142857,0.142857,0.142857
1698,0.125,0.125,0.375,0.125,0.125,0.125
1699,0.142857,0.142857,0.285714,0.142857,0.142857,0.142857
1700,0.142857,0.142857,0.285714,0.142857,0.142857,0.142857
1701,0.125,0.125,0.375,0.125,0.125,0.125
1702,0.0416667,0.0416667,0.375,0.416667,0.0416667,0.0833333
1703,0.196078,0.647059,0.0980392,0.0196078,0.0196078,0.0196078
1704,0.0714286,0.0714286,0.5,0.0714286,0.0714286,0.214286
1705,0.1,0.1,0.5,0.1,0.1,0.1
1706,0.0714286,0.357143,0.357143,0.0714286,0.0714286,0.0714286
1707,0.142857,0.142857,0.285714,0.142857,0.142857,0.142857
1708,0.142857,0.142857,0.285714,0.142857,0.142857,0.142857
1709,0.125,0.125,0.375,0.125,0.125,0.125
1710,0.111111,0.111111,0.444444,0.111111,0.111111,0.111111
1711,0.142857,0.142857,0.285714,0.142857,0.142857,0.142857
1712,0.444444,0.0555556,0.166667,0.0555556,0.222222,0.0555556
1713,0.1,0.1,0.5,0.1,0.1,0.1
1714,0.125,0.125,0.375,0.125,0.125,0.125
1715,0.047619,0.047619,0.619048,0.047619,0.190476,0.047619
1716,0.142857,0.142857,0.285714,0.142857,0.142857,0.142857
1717,0.0212766,0.87234,0.0212766,0.0425532,0.0212766,0.0212766
1718,0.1,0.1,0.5,0.1,0.1,0.1
1719,0.58209,0.223881,0.0149254,0.149254,0.0149254,0.0149254
1720,0.125,0.125,0.375,0.125,0.125,0.125
1721,0.1,0.1,0.5,0.1,0.1,0.1
1722,0.142857,0.142857,0.285714,0.142857,0.142857,0.142857
1723,0.125,0.125,0.375,0.125,0.125,0.125
1724,0.125,0.125,0.375,0.125,0.125,0.125
1725,0.125,0.125,0.375,0.125,0.125,0.125
1726,0.142857,0.142857,0.285714,0.142857,0.142857,0.142857
1727,0.142857,0.142857,0.285714,0.142857,0.142857,0.142857
1728,0.1,0.1,0.5,0.1,0.1,0.1
1729,0.1,0.1,0.2,0.2,0.3,0.1
1730,0.142857,0.285714,0.142857,0.142857,0.142857,0.142857
1731,0.0232558,0.744186,0.0232558,0.139535,0.0465116,0.0232558
1732,0.125,0.125,0.375,0.125,0.125,0.125
1733,0.142857,0.142857,0.285714,0.142857,0.142857,0.142857
1734,0.1,0.366667,0.166667,0.133333,0.2,0.0333333
1735,0.142857,0.142857,0.285714,0.142857,0.142857,0.142857
1736,0.142857,0.285714,0.142857,0.142857,0.142857,0.142857
1737,0.111111,0.111111,0.444444,0.111111,0.111111,0.111111
1738,0.675325,0.272727,0.012987,0.012987,0.012987,0.012987
1739,0.142857,0.142857,0.285714,0.142857,0.142857,0.142857
1740,0.1,0.1,0.5,0.1,0.1,0.1
1741,0.142857,0.142857,0.285714,0.142857,0.142857,0.142857
1742,0.125,0.125,0.375,0.125,0.125,0.125
1743,0.1,0.1,0.5,0.1,0.1,0.1
1744,0.125,0.125,0.375,0.125,0.125,0.125
1745,0.0185185,0.814815,0.0185185,0.0185185,0.111111,0.0185185
1746,0.0625,0.0625,0.0625,0.6875,0.0625,0.0625
1747,0.0909091,0.363636,0.181818,0.0909091,0.181818,0.0909091
1748,0.0232558,0.0232558,0.0465116,0.604651,0.209302,0.0930233
1749,0.255319,0.0212766,0.255319,0.212766,0.12766,0.12766
1750,0.142857,0.142857,0.285714,0.142857,0.142857,0.142857
1751,0.0588235,0.0588235,0.529412,0.0588235,0.176471,0.117647
1752,0.616822,0.345794,0.00934579,0.00934579,0.00934579,0.00934579
1753,0.142857,0.142857,0.285714,0.142857,0.142857,0.142857
1754,0.109375,0.03125,0.015625,0.421875,0.234375,0.1875
1755,0.142857,0.142857,0.285714,0.142857,0.142857,0.142857
1756,0.142857,0.142857,0.285714,0.142857,0.142857,0.142857
1757,0.0333333,0.166667,0.0666667,0.166667,0.533333,0.0333333
1758,0.1,0.1,0.5,0.1,0.1,0.1
1759,0.142857,0.142857,0.285714,0.142857,0.142857,0.142857
1760,0.142857,0.142857,0.285714,0.142857,0.142857,0.142857
1761,0.125,0.125,0.375,0.125,0.125,0.125
1762,0.142857,0.142857,0.285714,0.142857,0.142857,0.142857
1763,0.125,0.125,0.375,0.125,0.125,0.125
1764,0.111111,0.111111,0.444444,0.111111,0.111111,0.111111
1765,0.142857,0.142857,0.285714,0.142857,0.142857,0.142857
1766,0.142857,0.142857,0.285714,0.142857,0.142857,0.142857
1767,0.111111,0.111111,0.444444,0.111111,0.111111,0.111111
1768,0.1,0.5,0.1,0.1,0.1,0.1
1769,0.111111,0.111111,0.444444,0.111111,0.111111,0.111111
1770,0.0350877,0.0526316,0.263158,0.403509,0.22807,0.0175439
1771,0.125,0.125,0.375,0.125,0.125,0.125
1772,0.142857,0.142857,0.285714,0.142857,0.142857,0.142857
1773,0.142857,0.142857,0.285714,0.142857,0.142857,0.142857
1774,0.142857,0.142857,0.285714,0.142857,0.142857,0.142857
1775,0.1,0.1,0.5,0.1,0.1,0.1
1776,0.125,0.125,0.375,0.125,0.125,0.125
1777,0.243697,0.403361,0.12605,0.00840336,0.159664,0.0588235
1778,0.111111,0.111111,0.444444,0.111111,0.111111,0.111111
1779,0.142857,0.142857,0.285714,0.142857,0.142857,0.142857
1780,0.1,0.5,0.1,0.1,0.1,0.1
1781,0.125,0.125,0.375,0.125,0.125,0.125
1782,0.0551724,0.758621,0.00689655,0.103448,0.0551724,0.0206897
1783,0.125,0.125,0.375,0.125,0.125,0.125
1784,0.0625,0.03125,0.21875,0.09375,0.28125,0.3125
1785,0.142857,0.142857,0.285714,0.142857,0.142857,0.142857
1786,0.272727,0.181818,0.0909091,0.0909091,0.0909091,0.272727
1787,0.125,0.125,0.375,0.125,0.125,0.125
1788,0.142857,0.142857,0.285714,0.142857,0.142857,0.142857
1789,0.0735294,0.676471,0.0294118,0.0147059,0.191176,0.0147059
1790,0.0217391,0.891304,0.0217391,0.0217391,0.0217391,0.0217391
1791,0.142857,0.142857,0.285714,0.142857,0.142857,0.142857
1792,0.111111,0.111111,0.111111,0.111111,0.444444,0.111111
1793,0.05,0.825,0.025,0.05,0.025,0.025
1794,0.111111,0.111111,0.444444,0.111111,0.111111,0.111111
1795,0.111111,0.111111,0.444444,0.111111,0.111111,0.111111
1796,0.142857,0.142857,0.285714,0.142857,0.142857,0.142857
1797,0.125,0.125,0.375,0.125,0.125,0.125
1798,0.142857,0.142857,0.285714,0.142857,0.142857,0.142857
1799,0.111111,0.444444,0.111111,0.111111,0.111111,0.111111
1800,0.142857,0.285714,0.142857,0.142857,0.142857,0.142857
1801,0.111111,0.111111,0.444444,0.111111,0.111111,0.111111
1802,0.169643,0.0982143,0.0267857,0.116071,0.580357,0.00892857
1803,0.0666667,0.0666667,0.333333,0.2,0.133333,0.2
1804,0.125,0.125,0.375,0.125,0.125,0.125
1805,0.1,0.5,0.1,0.1,0.1,0.1
1806,0.111111,0.111111,0.444444,0.111111,0.111111,0.111111
1807,0.0769231,0.615385,0.0769231,0.0769231,0.0769231,0.0769231
1808,0.142857,0.285714,0.142857,0.142857,0.142857,0.142857
1809,0.125,0.125,0.375,0.125,0.125,0.125
1810,0.125,0.125,0.375,0.125,0.125,0.125
1811,0.03125,0.1875,0.28125,0.3125,0.15625,0.03125
1812,0.111111,0.111111,0.444444,0.111111,0.111111,0.111111
1813,0.0555556,0.0555556,0.611111,0.166667,0.0555556,0.0555556
1814,0.125,0.125,0.375,0.125,0.125,0.125
1815,0.1875,0.0625,0.5,0.0625,0.125,0.0625
1816,0.0909091,0.363636,0.0909091,0.0909091,0.272727,0.0909091
1817,0.111111,0.111111,0.444444,0.111111,0.111111,0.111111
1818,0.125,0.125,0.375,0.125,0.125,0.125
1819,0.142857,0.142857,0.285714,0.142857,0.142857,0.142857
1820,0.111111,0.111111,0.444444,0.111111,0.111111,0.111111
1821,0.142857,0.142857,0.285714,0.142857,0.142857,0.142857
1822,0.142857,0.142857,0.285714,0.142857,0.142857,0.142857
1823,0.111111,0.111111,0.444444,0.111111,0.111111,0.111111
1824,0.0322581,0.0322581,0.225806,0.0322581,0.0645161,0.612903
1825,0.125,0.125,0.375,0.125,0.125,0.125
1826,0.181818,0.0909091,0.454545,0.0909091,0.0909091,0.0909091
1827,0.142857,0.142857,0.285714,0.142857,0.142857,0.142857
1828,0.111111,0.111111,0.444444,0.111111,0.111111,0.111111
1829,0.142857,0.142857,0.285714,0.142857,0.142857,0.142857
1830,0.0909091,0.0909091,0.545455,0.0909091,0.0909091,0.0909091
1831,0.0869565,0.0434783,0.26087,0.173913,0.391304,0.0434783
1832,0.125,0.125,0.375,0.125,0.125,0.125
1833,0.05,0.05,0.1,0.6,0.15,0.05
1834,0.0666667,0.0666667,0.4,0.333333,0.0666667,0.0666667
1835,0.142857,0.142857,0.285714,0.142857,0.142857,0.142857
1836,0.142857,0.142857,0.285714,0.142857,0.142857,0.142857
1837,0.142857,0.142857,0.285714,0.142857,0.142857,0.142857
1838,0.125,0.125,0.375,0.125,0.125,0.125
1839,0.125,0.125,0.375,0.125,0.125,0.125
1840,0.125,0.125,0.375,0.125,0.125,0.125
1841,0.125,0.125,0.375,0.125,0.125,0.125
1842,0.1,0.1,0.5,0.1,0.1,0.1
1843,0.133333,0.777778,0.0222222,0.0222222,0.0222222,0.0222222
1844,0.0833333,0.583333,0.0833333,0.0833333,0.0833333,0.0833333
1845,0.142857,0.142857,0.285714,0.142857,0.142857,0.142857
1846,0.0227273,0.886364,0.0227273,0.0227273,0.0227273,0.0227273
1847,0.142857,0.142857,0.285714,0.142857,0.142857,0.142857
1848,0.111111,0.111111,0.444444,0.111111,0.111111,0.111111
1849,0.142857,0.142857,0.285714,0.142857,0.142857,0.142857
1850,0.111111,0.111111,0.444444,0.111111,0.111111,0.111111
1851,0.1,0.6,0.1,0.075,0.1,0.025
1852,0.125,0.125,0.375,0.125,0.125,0.125
1853,0.142857,0.142857,0.285714,0.142857,0.142857,0.142857
1854,0.0483871,0.83871,0.016129,0.0645161,0.016129,0.016129
1855,0.288889,0.466667,0.0444444,0.0444444,0.0222222,0.133333
1856,0.0625,0.0625,0.0625,0.6875,0.0625,0.0625
1857,0.142857,0.142857,0.285714,0.142857,0.142857,0.142857
1858,0.125,0.125,0.375,0.125,0.125,0.125
1859,0.142857,0.285714,0.142857,0.142857,0.142857,0.142857
1860,0.142857,0.142857,0.285714,0.142857,0.142857,0.142857
1861,0.125,0.125,0.375,0.125,0.125,0.125
1862,0.04,0.2,0.02,0.14,0.5,0.1
1863,0.142857,0.285714,0.142857,0.142857,0.142857,0.142857
1864,0.715385,0.230769,0.0307692,0.00769231,0.00769231,0.00769231
1865,0.111111,0.111111,0.444444,0.111111,0.111111,0.111111
1866,0.111111,0.111111,0.444444,0.111111,0.111111,0.111111
1867,0.142857,0.142857,0.285714,0.142857,0.142857,0.142857
1868,0.0833333,0.0833333,0.416667,0.25,0.0833333,0.0833333
1869,0.1,0.5,0.1,0.1,0.1,0.1
1870,0.142857,0.142857,0.285714,0.142857,0.142857,0.142857
1871,0.142857,0.142857,0.285714,0.142857,0.142857,0.142857
1872,0.125,0.125,0.375,0.125,0.125,0.125
1873,0.111111,0.444444,0.111111,0.111111,0.111111,0.111111
1874,0.0384615,0.0384615,0.153846,0.192308,0.538462,0.0384615
1875,0.125,0.125,0.375,0.125,0.125,0.125
1876,0.0714286,0.214286,0.428571,0.142857,0.0714286,0.0714286
1877,0.111111,0.111111,0.444444,0.111111,0.111111,0.111111
1878,0.1,0.05,0.2,0.1,0.5,0.05
1879,0.273684,0.0210526,0.0947368,0.231579,0.294737,0.0842105
1880,0.111111,0.111111,0.444444,0.111111,0.111111,0.111111
1881,0.142857,0.142857,0.285714,0.142857,0.142857,0.142857
1882,0.1,0.1,0.5,0.1,0.1,0.1
1883,0.142857,0.142857,0.285714,0.142857,0.142857,0.142857
1884,0.142857,0.142857,0.285714,0.142857,0.142857,0.142857
1885,0.0909091,0.0909091,0.545455,0.0909091,0.0909091,0.0909091
1886,0.111111,0.111111,0.444444,0.111111,0.111111,0.111111
1887,0.142857,0.142857,0.285714,0.142857,0.142857,0.142857
1888,0.142857,0.142857,0.285714,0.142857,0.142857,0.142857
1889,0.142857,0.142857,0.285714,0.142857,0.142857,0.142857
1890,0.111111,0.111111,0.444444,0.111111,0.111111,0.111111
1891,0.111111,0.111111,0.444444,0.111111,0.111111,0.111111
1892,0.142857,0.142857,0.285714,0.142857,0.142857,0.142857
1893,0.0261438,0.156863,0.00653595,0.405229,0.398693,0.00653595
1894,0.0555556,0.0555556,0.5,0.277778,0.0555556,0.0555556
1895,0.0206186,0.113402,0.0206186,0.546392,0.257732,0.0412371
1896,0.125,0.125,0.375,0.125,0.125,0.125
1897,0.125,0.25,0.25,0.125,0.125,0.125
1898,0.125,0.125,0.375,0.125,0.125,0.125
1899,0.142857,0.206349,0.253968,0.142857,0.238095,0.015873
1900,0.047619,0.857143,0.0238095,0.0238095,0.0238095,0.0238095
1901,0.125,0.125,0.375,0.125,0.125,0.125
1902,0.111111,0.444444,0.111111,0.111111,0.111111,0.111111
1903,0.142857,0.142857,0.285714,0.142857,0.142857,0.142857
1904,0.142857,0.142857,0.285714,0.142857,0.142857,0.142857
1905,0.0327869,0.0163934,0.114754,0.344262,0.393443,0.0983607
1906,0.0909091,0.0909091,0.545455,0.0909091,0.0909091,0.0909091
1907,0.125,0.125,0.375,0.125,0.125,0.125
1908,0.0740741,0.037037,0.296296,0.111111,0.444444,0.037037
1909,0.0185185,0.203704,0.111111,0.12963,0.518519,0.0185185
1910,0.142857,0.142857,0.285714,0.142857,0.142857,0.142857
1911,0.142857,0.142857,0.285714,0.142857,0.142857,0.142857
1912,0.0714286,0.0714286,0.642857,0.0714286,0.0714286,0.0714286
1913,0.111111,0.111111,0.444444,0.111111,0.111111,0.111111
1914,0.0869565,0.144928,0.101449,0.42029,0.217391,0.0289855
1915,0.125,0.125,0.375,0.125,0.125,0.125
1916,0.0769231,0.0769231,0.307692,0.153846,0.307692,0.0769231
1917,0.125,0.125,0.375,0.125,0.125,0.125
1918,0.1,0.1,0.5,0.1,0.1,0.1
1919,0.142857,0.142857,0.285714,0.142857,0.142857,0.142857
1920,0.125,0.125,0.375,0.125,0.125,0.125
1921,0.142857,0.142857,0.285714,0.142857,0.142857,0.142857
1922,0.125,0.125,0.375,0.125,0.125,0.125
1923,0.1,0.1,0.5,0.1,0.1,0.1
1924,0.142857,0.142857,0.285714,0.142857,0.142857,0.142857
1925,0.111111,0.111111,0.444444,0.111111,0.111111,0.111111
1926,0.125,0.125,0.375,0.125,0.125,0.125
1927,0.130435,0.0434783,0.173913,0.130435,0.478261,0.0434783
1928,0.216216,0.594595,0.0810811,0.027027,0.027027,0.0540541
1929,0.0384615,0.0384615,0.153846,0.423077,0.307692,0.0384615
1930,0.125,0.125,0.375,0.125,0.125,0.125
1931,0.142857,0.142857,0.285714,0.142857,0.142857,0.142857
1932,0.0227273,0.0727273,0.00454545,0.413636,0.1,0.386364
1933,0.0275862,0.0344828,0.0758621,0.551724,0.151724,0.158621
1934,0.125,0.125,0.375,0.125,0.125,0.125
1935,0.0172414,0.172414,0.155172,0.284483,0.353448,0.0172414
1936,0.142857,0.142857,0.285714,0.142857,0.142857,0.142857
1937,0.142857,0.142857,0.285714,0.142857,0.142857,0.142857
1938,0.142857,0.142857,0.285714,0.142857,0.142857,0.142857
1939,0.166667,0.666667,0.0277778,0.0277778,0.0833333,0.0277778
1940,0.1,0.1,0.2,0.1,0.4,0.1
1941,0.142857,0.142857,0.285714,0.142857,0.142857,0.142857
1942,0.321429,0.0357143,0.0357143,0.25,0.214286,0.142857
1943,0.111111,0.111111,0.111111,0.111111,0.444444,0.111111
1944,0.1,0.1,0.5,0.1,0.1,0.1
1945,0.0857143,0.0380952,0.2,0.142857,0.514286,0.0190476
1946,0.0192308,0.134615,0.25,0.0769231,0.5,0.0192308
1947,0.111111,0.111111,0.222222,0.111111,0.333333,0.111111
1948,0.142857,0.142857,0.285714,0.142857,0.142857,0.142857
1949,0.0769231,0.0769231,0.230769,0.0769231,0.461538,0.0769231
1950,0.142857,0.142857,0.285714,0.142857,0.142857,0.142857
1951,0.111111,0.111111,0.444444,0.111111,0.111111,0.111111
1952,0.142857,0.142857,0.285714,0.142857,0.142857,0.142857
1953,0.125,0.125,0.375,0.125,0.125,0.125
1954,0.0416667,0.0416667,0.5,0.166667,0.208333,0.0416667
1955,0.142857,0.142857,0.285714,0.142857,0.142857,0.142857
1956,0.330769,0.230769,0.00769231,0.138462,0.153846,0.138462
1957,0.0909091,0.0909091,0.454545,0.0909091,0.181818,0.0909091
1958,0.125,0.03125,0.40625,0.3125,0.09375,0.03125
1959,0.125,0.125,0.375,0.125,0.125,0.125
1960,0.111111,0.111111,0.444444,0.111111,0.111111,0.111111
1961,0.125,0.125,0.375,0.125,0.125,0.125
1962,0.125,0.125,0.375,0.125,0.125,0.125
1963,0.285714,0.142857,0.142857,0.142857,0.142857,0.142857
1964,0.142857,0.142857,0.285714,0.142857,0.142857,0.142857
1965,0.1,0.1,0.5,0.1,0.1,0.1
1966,0.0454545,0.0454545,0.318182,0.181818,0.363636,0.0454545
1967,0.0909091,0.0909091,0.545455,0.0909091,0.0909091,0.0909091
1968,0.142857,0.142857,0.285714,0.142857,0.142857,0.142857
1969,0.111111,0.111111,0.444444,0.111111,0.111111,0.111111
1970,0.142857,0.142857,0.285714,0.142857,0.142857,0.142857
1971,0.146341,0.707317,0.0243902,0.0243902,0.0731707,0.0243902
1972,0.125,0.125,0.375,0.125,0.125,0.125
1973,0.0294118,0.0294118,0.617647,0.117647,0.0882353,0.117647
1974,0.142857,0.285714,0.142857,0.142857,0.142857,0.142857
1975,0.125,0.125,0.375,0.125,0.125,0.125
1976,0.1,0.5,0.1,0.1,0.1,0.1
1977,0.125,0.125,0.25,0.125,0.25,0.125
1978,0.125,0.125,0.375,0.125,0.125,0.125
1979,0.142857,0.142857,0.285714,0.142857,0.142857,0.142857
1980,0.0625,0.0625,0.5625,0.125,0.125,0.0625
1981,0.125,0.125,0.375,0.125,0.125,0.125
1982,0.0909091,0.545455,0.0909091,0.0909091,0.0909091,0.0909091
1983,0.125,0.125,0.375,0.125,0.125,0.125
1984,0.0714286,0.0714286,0.642857,0.0714286,0.0714286,0.0714286
1985,0.125,0.125,0.375,0.125,0.125,0.125
1986,0.122137,0.0458015,0.0381679,0.709924,0.0610687,0.0229008
1987,0.142857,0.142857,0.285714,0.142857,0.142857,0.142857
1988,0.12,0.72,0.1,0.02,0.02,0.02
1989,0.142857,0.142857,0.285714,0.142857,0.142857,0.142857
1990,0.125,0.375,0.125,0.125,0.125,0.125
1991,0.125,0.125,0.375,0.125,0.125,0.125
1992,0.166667,0.0416667,0.125,0.0416667,0.583333,0.0416667
1993,0.142857,0.142857,0.285714,0.142857,0.142857,0.142857
1994,0.111111,0.111111,0.444444,0.111111,0.111111,0.111111
1995,0.0330579,0.933884,0.00826446,0.00826446,0.00826446,0.00826446
1996,0.111111,0.111111,0.444444,0.111111,0.111111,0.111111
1997,0.0588235,0.0588235,0.705882,0.0588235,0.0588235,0.0588235
1998,0.0625,0.0625,0.0625,0.4375,0.3125,0.0625
1999,0.672414,0.275862,0.00862069,0.00862069,0.0258621,0.00862069
2000,0.1,0.1,0.5,0.1,0.1,0.1
2001,0.142857,0.142857,0.285714,0.142857,0.142857,0.142857
2002,0.0769231,0.384615,0.0769231,0.0769231,0.307692,0.0769231
2003,0.0731707,0.756098,0.0243902,0.097561,0.0243902,0.0243902
2004,0.125,0.125,0.375,0.125,0.125,0.125
2005,0.142857,0.285714,0.142857,0.142857,0.142857,0.142857
2006,0.125,0.125,0.375,0.125,0.125,0.125
2007,0.111111,0.111111,0.444444,0.111111,0.111111,0.111111
2008,0.142857,0.142857,0.285714,0.142857,0.142857,0.142857
2009,0.125,0.125,0.375,0.125,0.125,0.125
2010,0.125,0.125,0.375,0.125,0.125,0.125
2011,0.1,0.1,0.5,0.1,0.1,0.1
2012,0.0769231,0.153846,0.461538,0.153846,0.0769231,0.0769231
2013,0.0714286,0.642857,0.0714286,0.0714286,0.0714286,0.0714286
2014,0.125,0.125,0.375,0.125,0.125,0.125
2015,0.125,0.125,0.375,0.125,0.125,0.125
2016,0.111111,0.111111,0.444444,0.111111,0.111111,0.111111
2017,0.142857,0.142857,0.285714,0.142857,0.142857,0.142857
2018,0.1,0.1,0.5,0.1,0.1,0.1
2019,0.0277778,0.916667,0.0138889,0.0138889,0.0138889,0.0138889
2020,0.12766,0.0212766,0.0851064,0.425532,0.319149,0.0212766
2021,0.0666667,0.666667,0.0666667,0.0666667,0.0666667,0.0666667
2022,0.357143,0.571429,0.0178571,0.0178571,0.0178571,0.0178571
2023,0.0588235,0.0588235,0.176471,0.235294,0.411765,0.0588235
2024,0.125,0.125,0.375,0.125,0.125,0.125
2025,0.111111,0.111111,0.444444,0.111111,0.111111,0.111111
2026,0.125,0.125,0.375,0.125,0.125,0.125
2027,0.1,0.1,0.5,0.1,0.1,0.1
2028,0.0555556,0.0555556,0.333333,0.444444,0.0555556,0.0555556
2029,0.0769231,0.615385,0.0769231,0.0769231,0.0769231,0.0769231
2030,0.0967742,0.0322581,0.516129,0.0967742,0.225806,0.0322581
2031,0.1,0.1,0.5,0.1,0.1,0.1
2032,0.125,0.125,0.375,0.125,0.125,0.125
2033,0.125,0.125,0.375,0.125,0.125,0.125
2034,0.206897,0.37069,0.0172414,0.232759,0.12069,0.0517241
2035,0.125,0.125,0.375,0.125,0.125,0.125
2036,0.0454545,0.0454545,0.545455,0.272727,0.0454545,0.0454545
2037,0.142857,0.285714,0.142857,0.142857,0.142857,0.142857
2038,0.142857,0.142857,0.285714,0.142857,0.142857,0.142857
2039,0.0454545,0.0454545,0.0909091,0.454545,0.318182,0.0454545
2040,0.142857,0.142857,0.285714,0.142857,0.142857,0.142857
2041,0.0526316,0.105263,0.368421,0.0526316,0.368421,0.0526316
2042,0.142857,0.142857,0.285714,0.142857,0.142857,0.142857
2043,0.1,0.1,0.5,0.1,0.1,0.1
2044,0.0833333,0.0833333,0.583333,0.0833333,0.0833333,0.0833333
2045,0.125,0.125,0.375,0.125,0.125,0.125
2046,0.1,0.1,0.5,0.1,0.1,0.1
2047,0.0769231,0.0384615,0.192308,0.0384615,0.461538,0.192308
2048,0.0833333,0.0833333,0.583333,0.0833333,0.0833333,0.0833333
2049,0.142857,0.142857,0.285714,0.142857,0.142857,0.142857
2050,0.142857,0.142857,0.285714,0.142857,0.142857,0.142857
2051,0.111111,0.111111,0.444444,0.111111,0.111111,0.111111
2052,0.142857,0.142857,0.285714,0.142857,0.142857,0.142857
2053,0.142857,0.142857,0.285714,0.142857,0.142857,0.142857
2054,0.142857,0.142857,0.285714,0.142857,0.142857,0.142857
2055,0.142857,0.142857,0.285714,0.142857,0.142857,0.142857
2056,0.125,0.125,0.375,0.125,0.125,0.125
2057,0.142857,0.142857,0.285714,0.142857,0.142857,0.142857
2058,0.125,0.125,0.375,0.125,0.125,0.125
2059,0.1,0.1,0.5,0.1,0.1,0.1
2060,0.142857,0.142857,0.285714,0.142857,0.142857,0.142857
2061,0.1,0.1,0.5,0.1,0.1,0.1
2062,0.125,0.125,0.375,0.125,0.125,0.125
2063,0.0833333,0.583333,0.0833333,0.0833333,0.0833333,0.0833333
2064,0.142857,0.142857,0.285714,0.142857,0.142857,0.142857
2065,0.142857,0.142857,0.285714,0.142857,0.142857,0.142857
2066,0.315789,0.0526316,0.263158,0.0526316,0.263158,0.0526316
2067,0.142857,0.142857,0.285714,0.142857,0.142857,0.142857
2068,0.1,0.1,0.5,0.1,0.1,0.1
2069,0.111111,0.111111,0.444444,0.111111,0.111111,0.111111
2070,0.125,0.125,0.375,0.125,0.125,0.125
2071,0.142857,0.142857,0.285714,0.142857,0.142857,0.142857
2072,0.142857,0.142857,0.285714,0.142857,0.142857,0.142857
2073,0.05,0.15,0.05,0.05,0.05,0.65
2074,0.0909091,0.0909091,0.545455,0.0909091,0.0909091,0.0909091
2075,0.320261,0.0849673,0.143791,0.117647,0.326797,0.00653595
2076,0.125,0.125,0.375,0.125,0.125,0.125
2077,0.111111,0.111111,0.444444,0.111111,0.111111,0.111111
2078,0.111111,0.111111,0.444444,0.111111,0.111111,0.111111
2079,0.00837989,0.100559,0.0558659,0.304469,0.0642458,0.46648
2080,0.537522,0.0558464,0.0017452,0.104712,0.298429,0.0017452
2081,0.142857,0.142857,0.285714,0.142857,0.142857,0.142857
2082,0.0833333,0.0833333,0.25,0.25,0.25,0.0833333
2083,0.125,0.125,0.375,0.125,0.125,0.125
2084,0.142857,0.142857,0.285714,0.142857,0.142857,0.142857
2085,0.125,0.375,0.125,0.125,0.125,0.125
2086,0.142857,0.142857,0.285714,0.142857,0.142857,0.142857
2087,0.0106383,0.0106383,0.0638298,0.840426,0.0319149,0.0425532
2088,0.142857,0.142857,0.285714,0.142857,0.142857,0.142857
2089,0.1,0.1,0.5,0.1,0.1,0.1
2090,0.0263158,0.868421,0.0263158,0.0263158,0.0263158,0.0263158
2091,0.125,0.125,0.375,0.125,0.125,0.125
2092,0.0833333,0.0833333,0.416667,0.0833333,0.0833333,0.25
2093,0.142857,0.142857,0.285714,0.142857,0.142857,0.142857
2094,0.125,0.125,0.375,0.125,0.125,0.125
2095,0.142857,0.142857,0.285714,0.142857,0.142857,0.142857
2096,0.142857,0.142857,0.285714,0.142857,0.142857,0.142857
2097,0.111111,0.111111,0.444444,0.111111,0.111111,0.111111
2098,0.142857,0.142857,0.285714,0.142857,0.142857,0.142857
2099,0.0454545,0.136364,0.0454545,0.227273,0.5,0.0454545
2100,0.012987,0.532468,0.0519481,0.012987,0.376623,0.012987
2101,0.125,0.125,0.375,0.125,0.125,0.125
2102,0.102041,0.0204082,0.0204082,0.755102,0.0816327,0.0204082
2103,0.0833333,0.0833333,0.333333,0.0833333,0.333333,0.0833333
2104,0.111111,0.222222,0.333333,0.111111,0.111111,0.111111
2105,0.0833333,0.0833333,0.333333,0.0833333,0.25,0.166667
2106,0.142857,0.142857,0.285714,0.142857,0.142857,0.142857
2107,0.1,0.1,0.5,0.1,0.1,0.1
2108,0.133333,0.0666667,0.2,0.2,0.333333,0.0666667
2109,0.0714286,0.428571,0.285714,0.0714286,0.0714286,0.0714286
2110,0.142857,0.142857,0.285714,0.142857,0.142857,0.142857
2111,0.142857,0.142857,0.285714,0.142857,0.142857,0.142857
2112,0.1,0.1,0.5,0.1,0.1,0.1
2113,0.125,0.125,0.375,0.125,0.125,0.125
2114,0.125,0.125,0.125,0.25,0.25,0.125
2115,0.0833333,0.0833333,0.166667,0.333333,0.166667,0.166667
2116,0.0571429,0.104762,0.161905,0.133333,0.0285714,0.514286
2117,0.125,0.125,0.125,0.375,0.125,0.125
2118,0.142857,0.142857,0.285714,0.142857,0.142857,0.142857
2119,0.407407,0.518519,0.0185185,0.0185185,0.0185185,0.0185185
2120,0.142857,0.142857,0.285714,0.142857,0.142857,0.142857
2121,0.0227273,0.886364,0.0227273,0.0227273,0.0227273,0.0227273
2122,0.125,0.125,0.375,0.125,0.125,0.125
2123,0.1,0.1,0.5,0.1,0.1,0.1
2124,0.125,0.125,0.375,0.125,0.125,0.125
2125,0.142857,0.142857,0.285714,0.142857,0.142857,0.142857
2126,0.133333,0.0666667,0.4,0.266667,0.0666667,0.0666667
2127,0.031746,0.714286,0.047619,0.126984,0.0634921,0.015873
2128,0.1,0.1,0.5,0.1,0.1,0.1
2129,0.125,0.125,0.375,0.125,0.125,0.125
2130,0.142857,0.142857,0.285714,0.142857,0.142857,0.142857
2131,0.142857,0.142857,0.285714,0.142857,0.142857,0.142857
2132,0.111111,0.111111,0.444444,0.111111,0.111111,0.111111
2133,0.153846,0.0769231,0.307692,0.230769,0.0769231,0.153846
2134,0.130435,0.0434783,0.347826,0.26087,0.173913,0.0434783
2135,0.142857,0.142857,0.285714,0.142857,0.142857,0.142857
2136,0.125,0.125,0.375,0.125,0.125,0.125
2137,0.125,0.125,0.375,0.125,0.125,0.125
2138,0.111111,0.111111,0.111111,0.111111,0.222222,0.333333
2139,0.142857,0.142857,0.285714,0.142857,0.142857,0.142857
2140,0.125,0.125,0.375,0.125,0.125,0.125
2141,0.1,0.1,0.5,0.1,0.1,0.1
2142,0.111111,0.111111,0.444444,0.111111,0.111111,0.111111
2143,0.142857,0.142857,0.285714,0.142857,0.142857,0.142857
2144,0.142857,0.285714,0.142857,0.142857,0.142857,0.142857
2145,0.125,0.125,0.375,0.125,0.125,0.125
2146,0.1,0.1,0.5,0.1,0.1,0.1
2147,0.0909091,0.545455,0.0909091,0.0909091,0.0909091,0.0909091
2148,0.142857,0.142857,0.285714,0.142857,0.142857,0.142857
2149,0.125,0.125,0.375,0.125,0.125,0.125
2150,0.142857,0.142857,0.285714,0.142857,0.142857,0.142857
2151,0.0192308,0.788462,0.0192308,0.115385,0.0192308,0.0384615
2152,0.125,0.125,0.375,0.125,0.125,0.125
2153,0.0357143,0.0357143,0.178571,0.642857,0.0357143,0.0714286
2154,0.0588235,0.588235,0.0588235,0.0588235,0.176471,0.0588235
2155,0.047619,0.047619,0.190476,0.333333,0.333333,0.047619
2156,0.111111,0.111111,0.444444,0.111111,0.111111,0.111111
2157,0.037037,0.037037,0.555556,0.296296,0.037037,0.037037
2158,0.166667,0.25,0.0833333,0.166667,0.25,0.0833333
2159,0.1,0.1,0.5,0.1,0.1,0.1
2160,0.125,0.125,0.375,0.125,0.125,0.125
2161,0.125,0.125,0.375,0.125,0.125,0.125
2162,0.0384615,0.230769,0.153846,0.346154,0.192308,0.0384615
2163,0.142857,0.142857,0.285714,0.142857,0.142857,0.142857
2164,0.142857,0.142857,0.285714,0.142857,0.142857,0.142857
2165,0.2,0.1,0.2,0.1,0.3,0.1
2166,0.142857,0.142857,0.285714,0.142857,0.142857,0.142857
2167,0.125,0.125,0.375,0.125,0.125,0.125
2168,0.142857,0.142857,0.285714,0.142857,0.142857,0.142857
2169,0.0272727,0.0727273,0.00909091,0.527273,0.290909,0.0727273
2170,0.0833333,0.0833333,0.583333,0.0833333,0.0833333,0.0833333
2171,0.142857,0.142857,0.285714,0.142857,0.142857,0.142857
2172,0.0909091,0.0909091,0.545455,0.0909091,0.0909091,0.0909091
2173,0.111111,0.111111,0.444444,0.111111,0.111111,0.111111
2174,0.142857,0.142857,0.285714,0.142857,0.142857,0.142857
2175,0.142857,0.142857,0.285714,0.142857,0.142857,0.142857
2176,0.125,0.125,0.375,0.125,0.125,0.125
2177,0.0285714,0.171429,0.371429,0.257143,0.0285714,0.142857
2178,0.034965,0.00699301,0.0559441,0.811189,0.0839161,0.00699301
2179,0.125,0.125,0.375,0.125,0.125,0.125
2180,0.111111,0.111111,0.444444,0.111111,0.111111,0.111111
2181,0.115385,0.807692,0.0192308,0.0192308,0.0192308,0.0192308
2182,0.142857,0.142857,0.285714,0.142857,0.142857,0.142857
2183,0.125,0.125,0.375,0.125,0.125,0.125
2184,0.1,0.1,0.5,0.1,0.1,0.1
2185,0.125,0.125,0.375,0.125,0.125,0.125
2186,0.142857,0.285714,0.142857,0.142857,0.142857,0.142857
2187,0.02,0.86,0.02,0.04,0.04,0.02
2188,0.142857,0.142857,0.285714,0.142857,0.142857,0.142857
2189,0.179487,0.0128205,0.0512821,0.141026,0.602564,0.0128205
2190,0.142857,0.142857,0.285714,0.142857,0.142857,0.142857
2191,0.363636,0.136364,0.181818,0.181818,0.0909091,0.0454545
2192,0.1,0.1,0.5,0.1,0.1,0.1
2193,0.111111,0.111111,0.444444,0.111111,0.111111,0.111111
2194,0.1,0.1,0.5,0.1,0.1,0.1
2195,0.142857,0.142857,0.285714,0.142857,0.142857,0.142857
2196,0.142857,0.142857,0.285714,0.142857,0.142857,0.142857
2197,0.111111,0.111111,0.444444,0.111111,0.111111,0.111111
2198,0.0151515,0.19697,0.242424,0.121212,0.0757576,0.348485
2199,0.0454545,0.386364,0.0227273,0.181818,0.272727,0.0909091
2200,0.1,0.1,0.5,0.1,0.1,0.1
2201,0.1,0.1,0.5,0.1,0.1,0.1
2202,0.125,0.125,0.375,0.125,0.125,0.125
2203,0.181818,0.690909,0.0727273,0.0181818,0.0181818,0.0181818
2204,0.125,0.125,0.375,0.125,0.125,0.125
2205,0.0826446,0.00826446,0.0413223,0.752066,0.107438,0.00826446
2206,0.1,0.1,0.5,0.1,0.1,0.1
2207,0.125,0.125,0.375,0.125,0.125,0.125
2208,0.142857,0.142857,0.285714,0.142857,0.142857,0.142857
2209,0.142857,0.142857,0.285714,0.142857,0.142857,0.142857
2210,0.142857,0.142857,0.285714,0.142857,0.142857,0.142857
2211,0.0909091,0.0909091,0.545455,0.0909091,0.0909091,0.0909091
2212,0.0666667,0.0666667,0.533333,0.2,0.0666667,0.0666667
2213,0.111111,0.111111,0.444444,0.111111,0.111111,0.111111
2214,0.040404,0.010101,0.242424,0.282828,0.414141,0.010101
2215,0.125,0.125,0.375,0.125,0.125,0.125
2216,0.142857,0.285714,0.142857,0.142857,0.142857,0.142857
2217,0.1,0.1,0.5,0.1,0.1,0.1
2218,0.142857,0.142857,0.285714,0.142857,0.142857,0.142857
2219,0.125,0.125,0.375,0.125,0.125,0.125
2220,0.025641,0.0769231,0.025641,0.153846,0.435897,0.282051
2221,0.125,0.125,0.375,0.125,0.125,0.125
2222,0.142857,0.142857,0.285714,0.142857,0.142857,0.142857
2223,0.0322581,0.0322581,0.387097,0.193548,0.322581,0.0322581
