1,1410837920932,2014-09-15 23:25:20 UTC,2014-09-15
2,1249433559988,2009-08-04 20:52:39 UTC,2009-08-04
3,1397040809521,2014-04-09 06:53:29 UTC,2014-04-09
4,1356686566919,2012-12-28 04:22:46 UTC,2012-12-28
5,1328743879193,2012-02-08 18:31:19 UTC,2012-02-08
6,1382062371349,2013-10-17 22:12:51 UTC,2013-10-17
7,1334693212065,2012-04-17 16:06:52 UTC,2012-04-17
8,1392391898196,2014-02-14 10:31:38 UTC,2014-02-14
9,1391733874284,2014-02-06 19:44:34 UTC,2014-02-06
10,1363349178648,2013-03-15 08:06:18 UTC,2013-03-15
11,1367972215108,2013-05-07 20:16:55 UTC,2013-05-07
12,1349842612090,2012-10-10 00:16:52 UTC,2012-10-10
13,1401057785711,2014-05-25 18:43:05 UTC,2014-05-25
14,1358379415756,2013-01-16 18:36:55 UTC,2013-01-16
15,1362245595748,2013-03-02 12:33:15 UTC,2013-03-02
16,1350124140114,2012-10-13 06:29:00 UTC,2012-10-13
17,1383554867389,2013-11-04 03:47:47 UTC,2013-11-04
18,1382904553189,2013-10-27 16:09:13 UTC,2013-10-27
19,1345778047651,2012-08-23 23:14:07 UTC,2012-08-23
20,1409242982937,2014-08-28 12:23:02 UTC,2014-08-28
21,1296163326611,2011-01-27 16:22:06 UTC,2011-01-27
22,1380150832544,2013-09-25 19:13:52 UTC,2013-09-25
23,1364262434937,2013-03-25 21:47:14 UTC,2013-03-25
24,1389052824394,2014-01-06 19:00:24 UTC,2014-01-06
25,1256940377317,2009-10-30 18:06:17 UTC,2009-10-30
26,1398876647583,2014-04-30 12:50:47 UTC,2014-04-30
27,1393940917470,2014-03-04 08:48:37 UTC,2014-03-04
28,1397702762698,2014-04-16 22:46:02 UTC,2014-04-16
29,1382720706571,2013-10-25 13:05:06 UTC,2013-10-25
30,1346283706396,2012-08-29 19:41:46 UTC,2012-08-29
31,1405720476875,2014-07-18 17:54:36 UTC,2014-07-18
32,1382353928209,2013-10-21 07:12:08 UTC,2013-10-21
33,1366696878711,2013-04-23 02:01:18 UTC,2013-04-23
34,1378143793918,2013-09-02 13:43:13 UTC,2013-09-02
35,1394879309823,2014-03-15 06:28:29 UTC,2014-03-15
36,1378672930008,2013-09-08 16:42:10 UTC,2013-09-08
37,1363908322996,2013-03-21 19:25:22 UTC,2013-03-21
38,1354907945150,2012-12-07 14:19:05 UTC,2012-12-07
39,1405501227627,2014-07-16 05:00:27 UTC,2014-07-16
40,1393373389780,2014-02-25 19:09:49 UTC,2014-02-25
41,1394072812172,2014-03-05 21:26:52 UTC,2014-03-05
42,1407763769587,2014-08-11 09:29:29 UTC,2014-08-11
43,1410846016421,2014-09-16 01:40:16 UTC,2014-09-16
44,1357233005435,2013-01-03 12:10:05 UTC,2013-01-03
45,1370934305237,2013-06-11 03:05:05 UTC,2013-06-11
46,1349929002166,2012-10-11 00:16:42 UTC,2012-10-11
47,1367996252448,2013-05-08 02:57:32 UTC,2013-05-08
48,1397515591087,2014-04-14 18:46:31 UTC,2014-04-14
49,1346250214507,2012-08-29 10:23:34 UTC,2012-08-29
50,1376752783126,2013-08-17 11:19:43 UTC,2013-08-17
51,1387323085176,2013-12-17 18:31:25 UTC,2013-12-17
52,1389395781397,2014-01-10 18:16:21 UTC,2014-01-10
53,1360374317925,2013-02-08 20:45:17 UTC,2013-02-08
54,1383256627796,2013-10-31 17:57:07 UTC,2013-10-31
55,1381260475640,2013-10-08 15:27:55 UTC,2013-10-08
56,1373021085520,2013-07-05 06:44:45 UTC,2013-07-05
57,1361790150209,2013-02-25 06:02:30 UTC,2013-02-25
58,1386101462817,2013-12-03 15:11:02 UTC,2013-12-03
59,1390495017929,2014-01-23 11:36:57 UTC,2014-01-23
60,1347600346813,2012-09-14 01:25:46 UTC,2012-09-14
61,1294948180473,2011-01-13 14:49:40 UTC,2011-01-13
62,1359161861328,2013-01-25 19:57:41 UTC,2013-01-25
63,1395376868879,2014-03-21 00:41:08 UTC,2014-03-21
64,1344273216621,2012-08-06 13:13:36 UTC,2012-08-06
65,1383288540614,2013-11-01 02:49:00 UTC,2013-11-01
66,1318972812473,2011-10-18 17:20:12 UTC,2011-10-18
67,1395255635305,2014-03-19 15:00:35 UTC,2014-03-19
68,1272607781951,2010-04-30 02:09:41 UTC,2010-04-30
69,1375198437039,2013-07-30 11:33:57 UTC,2013-07-30
70,1362679941512,2013-03-07 13:12:21 UTC,2013-03-07
71,1403482556630,2014-06-22 20:15:56 UTC,2014-06-22
72,1397868367435,2014-04-18 20:46:07 UTC,2014-04-18
73,1390789997508,2014-01-26 21:33:17 UTC,2014-01-26
74,1329877809285,2012-02-21 21:30:09 UTC,2012-02-21
75,1378932116495,2013-09-11 16:41:56 UTC,2013-09-11
76,1375146687926,2013-07-29 21:11:27 UTC,2013-07-29
77,1399974380887,2014-05-13 05:46:20 UTC,2014-05-13
78,1387327783143,2013-12-17 19:49:43 UTC,2013-12-17
79,1388110765557,2013-12-26 21:19:25 UTC,2013-12-26
80,1373391899872,2013-07-09 13:44:59 UTC,2013-07-09
81,1384408083990,2013-11-14 00:48:03 UTC,2013-11-14
82,1392704466400,2014-02-18 01:21:06 UTC,2014-02-18
83,1339383643475,2012-06-10 23:00:43 UTC,2012-06-10
84,1357863064686,2013-01-10 19:11:04 UTC,2013-01-10
85,1238435565318,2009-03-30 13:52:45 UTC,2009-03-30
86,1407732721744,2014-08-11 00:52:01 UTC,2014-08-11
87,1344402570559,2012-08-08 01:09:30 UTC,2012-08-08
88,1386353334250,2013-12-06 13:08:54 UTC,2013-12-06
89,1351585131318,2012-10-30 04:18:51 UTC,2012-10-30
90,1361491421438,2013-02-21 19:03:41 UTC,2013-02-21
91,1337137644713,2012-05-15 23:07:24 UTC,2012-05-15
92,1383750172444,2013-11-06 10:02:52 UTC,2013-11-06
93,1373038090017,2013-07-05 11:28:10 UTC,2013-07-05
94,1410399370070,2014-09-10 21:36:10 UTC,2014-09-10
95,1394498393354,2014-03-10 20:39:53 UTC,2014-03-10
96,1318457491193,2011-10-12 18:11:31 UTC,2011-10-12
97,1354431378623,2012-12-02 01:56:18 UTC,2012-12-02
98,1399392555581,2014-05-06 12:09:15 UTC,2014-05-06
99,1394422333995,2014-03-09 23:32:13 UTC,2014-03-09
100,1403866395466,2014-06-27 06:53:15 UTC,2014-06-27
101,1372810022820,2013-07-02 20:07:02 UTC,2013-07-02
102,1341286213975,2012-07-02 23:30:13 UTC,2012-07-02
103,1382972301733,2013-10-28 10:58:21 UTC,2013-10-28
104,1389203506183,2014-01-08 12:51:46 UTC,2014-01-08
105,1372912669916,2013-07-04 00:37:49 UTC,2013-07-04
106,1363490791949,2013-03-16 23:26:31 UTC,2013-03-16
107,1398274644864,2014-04-23 13:37:24 UTC,2014-04-23
108,1404178977718,2014-06-30 21:42:57 UTC,2014-06-30
109,1398320832239,2014-04-24 02:27:12 UTC,2014-04-24
110,1388479859312,2013-12-31 03:50:59 UTC,2013-12-31
111,1351728020518,2012-10-31 20:00:20 UTC,2012-10-31
112,1391092888594,2014-01-30 09:41:28 UTC,2014-01-30
113,1369095560706,2013-05-20 20:19:20 UTC,2013-05-20
114,1400518864387,2014-05-19 13:01:04 UTC,2014-05-19
115,1405388253953,2014-07-14 21:37:33 UTC,2014-07-14
116,1320103303005,2011-10-31 19:21:43 UTC,2011-10-31
117,1384261438719,2013-11-12 08:03:58 UTC,2013-11-12
118,1371859525815,2013-06-21 20:05:25 UTC,2013-06-21
119,1394486910818,2014-03-10 17:28:30 UTC,2014-03-10
120,1264562248576,2010-01-26 22:17:28 UTC,2010-01-26
121,1364409575185,2013-03-27 14:39:35 UTC,2013-03-27
122,1275366835099,2010-06-01 00:33:55 UTC,2010-06-01
123,1397668347568,2014-04-16 13:12:27 UTC,2014-04-16
124,1349839122116,2012-10-09 23:18:42 UTC,2012-10-09
125,1389164747336,2014-01-08 02:05:47 UTC,2014-01-08
126,1360719166966,2013-02-12 20:32:46 UTC,2013-02-12
127,1387421757179,2013-12-18 21:55:57 UTC,2013-12-18
128,1405541460621,2014-07-16 16:11:00 UTC,2014-07-16
129,1410282946010,2014-09-09 13:15:46 UTC,2014-09-09
130,1389638062942,2014-01-13 13:34:22 UTC,2014-01-13
131,1376073489700,2013-08-09 14:38:09 UTC,2013-08-09
132,1188276186644,2007-08-28 00:43:06 UTC,2007-08-28
133,1347030551050,2012-09-07 11:09:11 UTC,2012-09-07
134,1408862480498,2014-08-24 02:41:20 UTC,2014-08-24
135,1358526509478,2013-01-18 11:28:29 UTC,2013-01-18
136,1367014036090,2013-04-26 18:07:16 UTC,2013-04-26
137,1394836191977,2014-03-14 18:29:51 UTC,2014-03-14
138,1244682030568,2009-06-10 21:00:30 UTC,2009-06-10
139,1390934390887,2014-01-28 13:39:50 UTC,2014-01-28
140,1334900696647,2012-04-20 01:44:56 UTC,2012-04-20
141,1373499263775,2013-07-10 19:34:23 UTC,2013-07-10
142,1409151002206,2014-08-27 10:50:02 UTC,2014-08-27
143,1409252067197,2014-08-28 14:54:27 UTC,2014-08-28
144,1386483770196,2013-12-08 01:22:50 UTC,2013-12-08
145,1374138607981,2013-07-18 05:10:07 UTC,2013-07-18
146,1381294948606,2013-10-09 01:02:28 UTC,2013-10-09
147,1375904237852,2013-08-07 15:37:17 UTC,2013-08-07
148,1363723971124,2013-03-19 16:12:51 UTC,2013-03-19
149,1406581372754,2014-07-28 17:02:52 UTC,2014-07-28
150,1403855184158,2014-06-27 03:46:24 UTC,2014-06-27
151,1393267753663,2014-02-24 13:49:13 UTC,2014-02-24
152,1394659000289,2014-03-12 17:16:40 UTC,2014-03-12
153,1385980518606,2013-12-02 05:35:18 UTC,2013-12-02
154,1363362889394,2013-03-15 11:54:49 UTC,2013-03-15
155,1394713004271,2014-03-13 08:16:44 UTC,2014-03-13
156,1390228552330,2014-01-20 09:35:52 UTC,2014-01-20
157,1395831983805,2014-03-26 07:06:23 UTC,2014-03-26
158,1380819166397,2013-10-03 12:52:46 UTC,2013-10-03
159,1365547407203,2013-04-09 18:43:27 UTC,2013-04-09
160,1391160009560,2014-01-31 04:20:09 UTC,2014-01-31
161,1388687788917,2014-01-02 13:36:28 UTC,2014-01-02
162,1382477612855,2013-10-22 17:33:32 UTC,2013-10-22
163,1374104914796,2013-07-17 19:48:34 UTC,2013-07-17
164,1381441681996,2013-10-10 17:48:01 UTC,2013-10-10
165,1355520341425,2012-12-14 16:25:41 UTC,2012-12-14
166,1356669852814,2012-12-27 23:44:12 UTC,2012-12-27
167,1391369935485,2014-02-02 14:38:55 UTC,2014-02-02
168,1369071348226,2013-05-20 13:35:48 UTC,2013-05-20
169,1392072210920,2014-02-10 17:43:30 UTC,2014-02-10
170,1329369460811,2012-02-16 00:17:40 UTC,2012-02-16
171,1395903167279,2014-03-27 02:52:47 UTC,2014-03-27
172,1395284215390,2014-03-19 22:56:55 UTC,2014-03-19
173,1384189936012,2013-11-11 12:12:16 UTC,2013-11-11
174,1375820424829,2013-08-06 16:20:24 UTC,2013-08-06
175,1310011429011,2011-07-07 00:03:49 UTC,2011-07-07
176,1360253449243,2013-02-07 11:10:49 UTC,2013-02-07
177,1368739332716,2013-05-16 17:22:12 UTC,2013-05-16
178,1407804661327,2014-08-11 20:51:01 UTC,2014-08-11
179,1386805406562,2013-12-11 18:43:26 UTC,2013-12-11
180,1366844874724,2013-04-24 19:07:54 UTC,2013-04-24
181,1362799094705,2013-03-08 22:18:14 UTC,2013-03-08
182,1388711031174,2014-01-02 20:03:51 UTC,2014-01-02
183,1389250197566,2014-01-09 01:49:57 UTC,2014-01-09
184,1342973901526,2012-07-22 12:18:21 UTC,2012-07-22
185,1344032700164,2012-08-03 18:25:00 UTC,2012-08-03
186,1401235048792,2014-05-27 19:57:28 UTC,2014-05-27
187,1395719970192,2014-03-24 23:59:30 UTC,2014-03-24
188,1376349996163,2013-08-12 19:26:36 UTC,2013-08-12
189,1333740127220,2012-04-06 15:22:07 UTC,2012-04-06
190,1354678719431,2012-12-04 22:38:39 UTC,2012-12-04
191,1354563975118,2012-12-03 14:46:15 UTC,2012-12-03
192,1401197170101,2014-05-27 09:26:10 UTC,2014-05-27
193,1401093390770,2014-05-26 04:36:30 UTC,2014-05-26
194,1392372669656,2014-02-14 05:11:09 UTC,2014-02-14
195,1373068762879,2013-07-05 19:59:22 UTC,2013-07-05
196,1373932007279,2013-07-15 19:46:47 UTC,2013-07-15
197,1290627902499,2010-11-24 14:45:02 UTC,2010-11-24
198,1353597446384,2012-11-22 10:17:26 UTC,2012-11-22
199,1375216617343,2013-07-30 16:36:57 UTC,2013-07-30
200,1383995882838,2013-11-09 06:18:02 UTC,2013-11-09
201,1406142180182,2014-07-23 15:03:00 UTC,2014-07-23
202,1377715290419,2013-08-28 14:41:30 UTC,2013-08-28
203,1405006020298,2014-07-10 11:27:00 UTC,2014-07-10
204,1406333549277,2014-07-25 20:12:29 UTC,2014-07-25
205,1409730526588,2014-09-03 03:48:46 UTC,2014-09-03
206,1392053833831,2014-02-10 12:37:13 UTC,2014-02-10
207,1358180349156,2013-01-14 11:19:09 UTC,2013-01-14
208,1379415071850,2013-09-17 06:51:11 UTC,2013-09-17
209,1362693096996,2013-03-07 16:51:36 UTC,2013-03-07
210,1296178825936,2011-01-27 20:40:25 UTC,2011-01-27
211,1354668566263,2012-12-04 19:49:26 UTC,2012-12-04
212,1371016286061,2013-06-12 01:51:26 UTC,2013-06-12
213,1341267379271,2012-07-02 18:16:19 UTC,2012-07-02
214,1378928426090,2013-09-11 15:40:26 UTC,2013-09-11
215,1286393679235,2010-10-06 15:34:39 UTC,2010-10-06
216,1382324104252,2013-10-20 22:55:04 UTC,2013-10-20
217,1363662283437,2013-03-18 23:04:43 UTC,2013-03-18
218,1402373071692,2014-06-10 00:04:31 UTC,2014-06-10
219,1380441910909,2013-09-29 04:05:10 UTC,2013-09-29
220,1363315640620,2013-03-14 22:47:20 UTC,2013-03-14
221,1371582138947,2013-06-18 15:02:18 UTC,2013-06-18
222,1386791552504,2013-12-11 14:52:32 UTC,2013-12-11
223,1385113288442,2013-11-22 04:41:28 UTC,2013-11-22
224,1404813646304,2014-07-08 06:00:46 UTC,2014-07-08
225,1355567600850,2012-12-15 05:33:20 UTC,2012-12-15
226,1399978442514,2014-05-13 06:54:02 UTC,2014-05-13
227,1338136265305,2012-05-27 12:31:05 UTC,2012-05-27
228,1370589391699,2013-06-07 03:16:31 UTC,2013-06-07
229,1386179448847,2013-12-04 12:50:48 UTC,2013-12-04
230,1378405237201,2013-09-05 14:20:37 UTC,2013-09-05
231,1366224365315,2013-04-17 14:46:05 UTC,2013-04-17
232,1338438878890,2012-05-31 00:34:38 UTC,2012-05-31
233,1384978258355,2013-11-20 15:10:58 UTC,2013-11-20
234,1369883742801,2013-05-29 23:15:42 UTC,2013-05-29
235,1355422089043,2012-12-13 13:08:09 UTC,2012-12-13
236,1383852058578,2013-11-07 14:20:58 UTC,2013-11-07
237,1408376253480,2014-08-18 11:37:33 UTC,2014-08-18
238,1365170393637,2013-04-05 09:59:53 UTC,2013-04-05
239,1378281403294,2013-09-04 03:56:43 UTC,2013-09-04
240,1404261112354,2014-07-01 20:31:52 UTC,2014-07-01
241,1363928995424,2013-03-22 01:09:55 UTC,2013-03-22
242,1282167584769,2010-08-18 17:39:44 UTC,2010-08-18
243,1388699221457,2014-01-02 16:47:01 UTC,2014-01-02
244,1340832228914,2012-06-27 17:23:48 UTC,2012-06-27
245,1359488225332,2013-01-29 14:37:05 UTC,2013-01-29
246,1406044813204,2014-07-22 12:00:13 UTC,2014-07-22
247,1368061573287,2013-05-08 21:06:13 UTC,2013-05-08
248,1403588383721,2014-06-24 01:39:43 UTC,2014-06-24
249,1365465610458,2013-04-08 20:00:10 UTC,2013-04-08
250,1404422232826,2014-07-03 17:17:12 UTC,2014-07-03
251,1388171192013,2013-12-27 14:06:32 UTC,2013-12-27
252,1407746996536,2014-08-11 04:49:56 UTC,2014-08-11
253,1375472700063,2013-08-02 15:45:00 UTC,2013-08-02
254,1391627826369,2014-02-05 14:17:06 UTC,2014-02-05
255,1388974528639,2014-01-05 21:15:28 UTC,2014-01-05
256,1406829773682,2014-07-31 14:02:53 UTC,2014-07-31
257,1409722145429,2014-09-03 01:29:05 UTC,2014-09-03
258,1392143066825,2014-02-11 13:24:26 UTC,2014-02-11
259,1337219949487,2012-05-16 21:59:09 UTC,2012-05-16
260,1364943733355,2013-04-02 19:02:13 UTC,2013-04-02
261,1358384090708,2013-01-16 19:54:50 UTC,2013-01-16
262,1374624128769,2013-07-23 20:02:08 UTC,2013-07-23
263,1389509960813,2014-01-12 01:59:20 UTC,2014-01-12
264,1352406957355,2012-11-08 15:35:57 UTC,2012-11-08
265,1396549622025,2014-04-03 14:27:02 UTC,2014-04-03
266,1323476134644,2011-12-09 19:15:34 UTC,2011-12-09
267,1366854452314,2013-04-24 21:47:32 UTC,2013-04-24
268,1386710032436,2013-12-10 16:13:52 UTC,2013-12-10
269,1373603127839,2013-07-12 00:25:27 UTC,2013-07-12
270,1392967039793,2014-02-21 02:17:19 UTC,2014-02-21
271,1390757870122,2014-01-26 12:37:50 UTC,2014-01-26
272,1405579460966,2014-07-17 02:44:20 UTC,2014-07-17
273,1387583263301,2013-12-20 18:47:43 UTC,2013-12-20
274,1383803894011,2013-11-07 00:58:14 UTC,2013-11-07
275,1402353925162,2014-06-09 18:45:25 UTC,2014-06-09
276,1288772469719,2010-11-03 04:21:09 UTC,2010-11-03
277,1406849035578,2014-07-31 19:23:55 UTC,2014-07-31
278,1406716892627,2014-07-30 06:41:32 UTC,2014-07-30
279,1355536848565,2012-12-14 21:00:48 UTC,2012-12-14
280,1331916998195,2012-03-16 12:56:38 UTC,2012-03-16
281,1395774707293,2014-03-25 15:11:47 UTC,2014-03-25
282,1354633575579,2012-12-04 10:06:15 UTC,2012-12-04
283,1389114800775,2014-01-07 12:13:20 UTC,2014-01-07
284,1406016856836,2014-07-22 04:14:16 UTC,2014-07-22
285,1331565300427,2012-03-12 11:15:00 UTC,2012-03-12
286,1348019893284,2012-09-18 21:58:13 UTC,2012-09-18
287,1333464943969,2012-04-03 10:55:43 UTC,2012-04-03
288,1377294789502,2013-08-23 17:53:09 UTC,2013-08-23
289,1410561097590,2014-09-12 18:31:37 UTC,2014-09-12
290,1243870313310,2009-06-01 11:31:53 UTC,2009-06-01
291,1360013858556,2013-02-04 16:37:38 UTC,2013-02-04
292,1249433508832,2009-08-04 20:51:48 UTC,2009-08-04
293,1377060131582,2013-08-21 00:42:11 UTC,2013-08-21
294,1369871633674,2013-05-29 19:53:53 UTC,2013-05-29
295,1397520437672,2014-04-14 20:07:17 UTC,2014-04-14
296,1394887106971,2014-03-15 08:38:26 UTC,2014-03-15
297,1404232999556,2014-07-01 12:43:19 UTC,2014-07-01
298,1391551445382,2014-02-04 17:04:05 UTC,2014-02-04
299,1380271903098,2013-09-27 04:51:43 UTC,2013-09-27
300,1354136692041,2012-11-28 16:04:52 UTC,2012-11-28
301,1384164996713,2013-11-11 05:16:36 UTC,2013-11-11
302,1387344392679,2013-12-18 00:26:32 UTC,2013-12-18
303,1368798861087,2013-05-17 09:54:21 UTC,2013-05-17
304,1379455591367,2013-09-17 18:06:31 UTC,2013-09-17
305,1334440833208,2012-04-14 18:00:33 UTC,2012-04-14
306,1347976558276,2012-09-18 09:55:58 UTC,2012-09-18
307,1397615399558,2014-04-15 22:29:59 UTC,2014-04-15
308,1408396227791,2014-08-18 17:10:27 UTC,2014-08-18
309,1376080118525,2013-08-09 16:28:38 UTC,2013-08-09
310,1400748482735,2014-05-22 04:48:02 UTC,2014-05-22
311,1357169723050,2013-01-02 18:35:23 UTC,2013-01-02
312,1348014452593,2012-09-18 20:27:32 UTC,2012-09-18
313,1403918925838,2014-06-27 21:28:45 UTC,2014-06-27
314,1345823976652,2012-08-24 11:59:36 UTC,2012-08-24
315,1392808560472,2014-02-19 06:16:00 UTC,2014-02-19
316,1379043089322,2013-09-12 23:31:29 UTC,2013-09-12
317,1360231320288,2013-02-07 05:02:00 UTC,2013-02-07
318,1391824757664,2014-02-07 20:59:17 UTC,2014-02-07
319,1322782612797,2011-12-01 18:36:52 UTC,2011-12-01
320,1344811984988,2012-08-12 18:53:04 UTC,2012-08-12
321,1373448247755,2013-07-10 05:24:07 UTC,2013-07-10
322,1383350171038,2013-11-01 19:56:11 UTC,2013-11-01
323,1348014268145,2012-09-18 20:24:28 UTC,2012-09-18
324,1400150508523,2014-05-15 06:41:48 UTC,2014-05-15
325,1347393338832,2012-09-11 15:55:38 UTC,2012-09-11
326,1366742045820,2013-04-23 14:34:05 UTC,2013-04-23
327,1394849882459,2014-03-14 22:18:02 UTC,2014-03-14
328,1335950522079,2012-05-02 05:22:02 UTC,2012-05-02
329,1407170054921,2014-08-04 12:34:14 UTC,2014-08-04
330,1399985270433,2014-05-13 08:47:50 UTC,2014-05-13
331,1333994480377,2012-04-09 14:01:20 UTC,2012-04-09
332,1388714330019,2014-01-02 20:58:50 UTC,2014-01-02
333,1385431366441,2013-11-25 21:02:46 UTC,2013-11-25
334,1276732537304,2010-06-16 19:55:37 UTC,2010-06-16
335,1381818231271,2013-10-15 02:23:51 UTC,2013-10-15
336,1410487342587,2014-09-11 22:02:22 UTC,2014-09-11
337,1410494954269,2014-09-12 00:09:14 UTC,2014-09-12
338,1381361661521,2013-10-09 19:34:21 UTC,2013-10-09
339,1367472146566,2013-05-02 01:22:26 UTC,2013-05-02
340,1361792372239,2013-02-25 06:39:32 UTC,2013-02-25
341,1298639481032,2011-02-25 08:11:21 UTC,2011-02-25
342,1386383197870,2013-12-06 21:26:37 UTC,2013-12-06
343,1356789640281,2012-12-29 09:00:40 UTC,2012-12-29
344,1377120776378,2013-08-21 17:32:56 UTC,2013-08-21
345,1399959902483,2014-05-13 01:45:02 UTC,2014-05-13
346,1379943536401,2013-09-23 09:38:56 UTC,2013-09-23
347,1378935173410,2013-09-11 17:32:53 UTC,2013-09-11
348,1360600933282,2013-02-11 11:42:13 UTC,2013-02-11
349,1336540651627,2012-05-09 01:17:31 UTC,2012-05-09
350,1392819381758,2014-02-19 09:16:21 UTC,2014-02-19
351,1367993910745,2013-05-08 02:18:30 UTC,2013-05-08
352,1335074621312,2012-04-22 02:03:41 UTC,2012-04-22
353,1306806410828,2011-05-30 21:46:50 UTC,2011-05-30
354,1386357819635,2013-12-06 14:23:39 UTC,2013-12-06
355,1378053425712,2013-09-01 12:37:05 UTC,2013-09-01
356,1374882510195,2013-07-26 19:48:30 UTC,2013-07-26
357,1373318536692,2013-07-08 17:22:16 UTC,2013-07-08
358,1402819695078,2014-06-15 04:08:15 UTC,2014-06-15
359,1408497167587,2014-08-19 21:12:47 UTC,2014-08-19
360,1383067307725,2013-10-29 13:21:47 UTC,2013-10-29
361,1406046392152,2014-07-22 12:26:32 UTC,2014-07-22
362,1400205182444,2014-05-15 21:53:02 UTC,2014-05-15
363,1381268275191,2013-10-08 17:37:55 UTC,2013-10-08
364,1385416613329,2013-11-25 16:56:53 UTC,2013-11-25
365,1365446993510,2013-04-08 14:49:53 UTC,2013-04-08
366,1354505332224,2012-12-02 22:28:52 UTC,2012-12-02
367,1389509219463,2014-01-12 01:46:59 UTC,2014-01-12
368,1328739163540,2012-02-08 17:12:43 UTC,2012-02-08
369,1366381496537,2013-04-19 10:24:56 UTC,2013-04-19
370,1407361739578,2014-08-06 17:48:59 UTC,2014-08-06
371,1397259944921,2014-04-11 19:45:44 UTC,2014-04-11
372,1400616494154,2014-05-20 16:08:14 UTC,2014-05-20
373,1406000309641,2014-07-21 23:38:29 UTC,2014-07-21
374,1398241090562,2014-04-23 04:18:10 UTC,2014-04-23
375,1399032226623,2014-05-02 08:03:46 UTC,2014-05-02
376,1380668169104,2013-10-01 18:56:09 UTC,2013-10-01
377,1365032561376,2013-04-03 19:42:41 UTC,2013-04-03
378,1382012127353,2013-10-17 08:15:27 UTC,2013-10-17
379,1367941893796,2013-05-07 11:51:33 UTC,2013-05-07
380,1280098133418,2010-07-25 18:48:53 UTC,2010-07-25
381,1405044090783,2014-07-10 22:01:30 UTC,2014-07-10
382,1393472667356,2014-02-26 22:44:27 UTC,2014-02-26
383,1387810734403,2013-12-23 09:58:54 UTC,2013-12-23
384,1339087760410,2012-06-07 12:49:20 UTC,2012-06-07
385,1364483317664,2013-03-28 11:08:37 UTC,2013-03-28
386,1354603604569,2012-12-04 01:46:44 UTC,2012-12-04
387,1409684098914,2014-09-02 14:54:58 UTC,2014-09-02
388,1403071128270,2014-06-18 01:58:48 UTC,2014-06-18
389,1340622964571,2012-06-25 07:16:04 UTC,2012-06-25
390,1363751637306,2013-03-19 23:53:57 UTC,2013-03-19
391,1391466977142,2014-02-03 17:36:17 UTC,2014-02-03
392,1389166523769,2014-01-08 02:35:23 UTC,2014-01-08
393,1343899210453,2012-08-02 05:20:10 UTC,2012-08-02
394,1295951894997,2011-01-25 05:38:14 UTC,2011-01-25
395,1385512137375,2013-11-26 19:28:57 UTC,2013-11-26
396,1355512068954,2012-12-14 14:07:48 UTC,2012-12-14
397,1395947595166,2014-03-27 15:13:15 UTC,2014-03-27
398,1377541060633,2013-08-26 14:17:40 UTC,2013-08-26
399,1378917384940,2013-09-11 12:36:24 UTC,2013-09-11
400,1352505489360,2012-11-09 18:58:09 UTC,2012-11-09
401,1406871982805,2014-08-01 01:46:22 UTC,2014-08-01
402,1343779620356,2012-07-31 20:07:00 UTC,2012-07-31
403,1369516527550,2013-05-25 17:15:27 UTC,2013-05-25
404,1384634477080,2013-11-16 15:41:17 UTC,2013-11-16
405,1380865022194,2013-10-04 01:37:02 UTC,2013-10-04
406,1381452176231,2013-10-10 20:42:56 UTC,2013-10-10
407,1334875643088,2012-04-19 18:47:23 UTC,2012-04-19
408,1409089998248,2014-08-26 17:53:18 UTC,2014-08-26
409,1396291747424,2014-03-31 14:49:07 UTC,2014-03-31
410,1391245475970,2014-02-01 04:04:35 UTC,2014-02-01
411,1374379456939,2013-07-21 00:04:16 UTC,2013-07-21
412,1370374165962,2013-06-04 15:29:25 UTC,2013-06-04
413,1397449319651,2014-04-14 00:21:59 UTC,2014-04-14
414,1387541704514,2013-12-20 07:15:04 UTC,2013-12-20
415,1343860944407,2012-08-01 18:42:24 UTC,2012-08-01
416,1286216206207,2010-10-04 14:16:46 UTC,2010-10-04
417,1363996827331,2013-03-22 20:00:27 UTC,2013-03-22
418,1246505456626,2009-07-01 23:30:56 UTC,2009-07-01
419,1383983509877,2013-11-09 02:51:49 UTC,2013-11-09
420,1409165164345,2014-08-27 14:46:04 UTC,2014-08-27
421,1376682539693,2013-08-16 15:48:59 UTC,2013-08-16
422,1378730677774,2013-09-09 08:44:37 UTC,2013-09-09
423,1346447905669,2012-08-31 17:18:25 UTC,2012-08-31
424,1337588593295,2012-05-21 04:23:13 UTC,2012-05-21
425,1277331042592,2010-06-23 18:10:42 UTC,2010-06-23
426,1386276141693,2013-12-05 15:42:21 UTC,2013-12-05
427,1357171078073,2013-01-02 18:57:58 UTC,2013-01-02
428,1351215985538,2012-10-25 21:46:25 UTC,2012-10-25
429,1405483824583,2014-07-16 00:10:24 UTC,2014-07-16
430,1380587440612,2013-09-30 20:30:40 UTC,2013-09-30
431,1373053286247,2013-07-05 15:41:26 UTC,2013-07-05
432,1338083353622,2012-05-26 21:49:13 UTC,2012-05-26
433,1341324429551,2012-07-03 10:07:09 UTC,2012-07-03
434,1383678365397,2013-11-05 14:06:05 UTC,2013-11-05
435,1369956098858,2013-05-30 19:21:38 UTC,2013-05-30
436,1377629739988,2013-08-27 14:55:39 UTC,2013-08-27
437,1373577994456,2013-07-11 17:26:34 UTC,2013-07-11
438,1352458579328,2012-11-09 05:56:19 UTC,2012-11-09
439,1386205122790,2013-12-04 19:58:42 UTC,2013-12-04
440,1393630695142,2014-02-28 18:38:15 UTC,2014-02-28
441,1372745975667,2013-07-02 02:19:35 UTC,2013-07-02
442,1355933765919,2012-12-19 11:16:05 UTC,2012-12-19
443,1400197541282,2014-05-15 19:45:41 UTC,2014-05-15
444,1400208006758,2014-05-15 22:40:06 UTC,2014-05-15
445,1375866102817,2013-08-07 05:01:42 UTC,2013-08-07
446,1410521473078,2014-09-12 07:31:13 UTC,2014-09-12
447,1381965641573,2013-10-16 19:20:41 UTC,2013-10-16
448,1392931869693,2014-02-20 16:31:09 UTC,2014-02-20
449,1402094594606,2014-06-06 18:43:14 UTC,2014-06-06
450,1409851566436,2014-09-04 13:26:06 UTC,2014-09-04
451,1374014608480,2013-07-16 18:43:28 UTC,2013-07-16
452,1407323722371,2014-08-06 07:15:22 UTC,2014-08-06
453,1407541631565,2014-08-08 19:47:11 UTC,2014-08-08
454,1382028011389,2013-10-17 12:40:11 UTC,2013-10-17
455,1321411657062,2011-11-15 21:47:37 UTC,2011-11-15
456,1379697413874,2013-09-20 13:16:53 UTC,2013-09-20
457,1387538372770,2013-12-20 06:19:32 UTC,2013-12-20
458,1396306300726,2014-03-31 18:51:40 UTC,2014-03-31
459,1380750055789,2013-10-02 17:40:55 UTC,2013-10-02
460,1360753069099,2013-02-13 05:57:49 UTC,2013-02-13
461,1408420119713,2014-08-18 23:48:39 UTC,2014-08-18
462,1395255624150,2014-03-19 15:00:24 UTC,2014-03-19
463,1347672163797,2012-09-14 21:22:43 UTC,2012-09-14
464,1384791900002,2013-11-18 11:25:00 UTC,2013-11-18
465,1406868819115,2014-08-01 00:53:39 UTC,2014-08-01
466,1400770004373,2014-05-22 10:46:44 UTC,2014-05-22
467,1381900962446,2013-10-16 01:22:42 UTC,2013-10-16
468,1308869430668,2011-06-23 18:50:30 UTC,2011-06-23
469,1260218807149,2009-12-07 15:46:47 UTC,2009-12-07
470,1407218076386,2014-08-05 01:54:36 UTC,2014-08-05
471,1383869656817,2013-11-07 19:14:16 UTC,2013-11-07
472,1393454997295,2014-02-26 17:49:57 UTC,2014-02-26
473,1408681694363,2014-08-22 00:28:14 UTC,2014-08-22
474,1374959457932,2013-07-27 17:10:57 UTC,2013-07-27
475,1376425237569,2013-08-13 16:20:37 UTC,2013-08-13
476,1364900215622,2013-04-02 06:56:55 UTC,2013-04-02
477,1407206004635,2014-08-04 22:33:24 UTC,2014-08-04
478,1246954317180,2009-07-07 04:11:57 UTC,2009-07-07
479,1405912837896,2014-07-20 23:20:37 UTC,2014-07-20
480,1362887103034,2013-03-09 22:45:03 UTC,2013-03-09
481,1296450571468,2011-01-31 00:09:31 UTC,2011-01-31
482,1347050623307,2012-09-07 16:43:43 UTC,2012-09-07
483,1381824323211,2013-10-15 04:05:23 UTC,2013-10-15
484,1405584233537,2014-07-17 04:03:53 UTC,2014-07-17
485,1315609352168,2011-09-09 19:02:32 UTC,2011-09-09
486,1407971982618,2014-08-13 19:19:42 UTC,2014-08-13
487,1394489708018,2014-03-10 18:15:08 UTC,2014-03-10
488,1397258549895,2014-04-11 19:22:29 UTC,2014-04-11
489,1404341710704,2014-07-02 18:55:10 UTC,2014-07-02
490,1364328997700,2013-03-26 16:16:37 UTC,2013-03-26
491,1351901807458,2012-11-02 20:16:47 UTC,2012-11-02
492,1275069945492,2010-05-28 14:05:45 UTC,2010-05-28
493,1387590199800,2013-12-20 20:43:19 UTC,2013-12-20
494,1259080980065,2009-11-24 11:43:00 UTC,2009-11-24
495,1360692167426,2013-02-12 13:02:47 UTC,2013-02-12
496,1400619947901,2014-05-20 17:05:47 UTC,2014-05-20
497,1409833834040,2014-09-04 08:30:34 UTC,2014-09-04
498,1358556979829,2013-01-18 19:56:19 UTC,2013-01-18
499,1385498472705,2013-11-26 15:41:12 UTC,2013-11-26
500,1288081360121,2010-10-26 04:22:40 UTC,2010-10-26
501,1394553894897,2014-03-11 12:04:54 UTC,2014-03-11
502,1352242683680,2012-11-06 17:58:03 UTC,2012-11-06
503,1379385868255,2013-09-16 22:44:28 UTC,2013-09-16
504,1410537461533,2014-09-12 11:57:41 UTC,2014-09-12
505,1403870390620,2014-06-27 07:59:50 UTC,2014-06-27
506,1368731615299,2013-05-16 15:13:35 UTC,2013-05-16
507,1373424862383,2013-07-09 22:54:22 UTC,2013-07-09
508,1404852794662,2014-07-08 16:53:14 UTC,2014-07-08
509,1392380495227,2014-02-14 07:21:35 UTC,2014-02-14
510,1398329947317,2014-04-24 04:59:07 UTC,2014-04-24
511,1400016900506,2014-05-13 17:35:00 UTC,2014-05-13
512,1366129308121,2013-04-16 12:21:48 UTC,2013-04-16
513,1408605993696,2014-08-21 03:26:33 UTC,2014-08-21
514,1395433287609,2014-03-21 16:21:27 UTC,2014-03-21
515,1326838817499,2012-01-17 17:20:17 UTC,2012-01-17
516,1387269869782,2013-12-17 03:44:29 UTC,2013-12-17
517,1400170420245,2014-05-15 12:13:40 UTC,2014-05-15
518,1398425696849,2014-04-25 07:34:56 UTC,2014-04-25
519,1386621613185,2013-12-09 15:40:13 UTC,2013-12-09
520,1380016256972,2013-09-24 05:50:56 UTC,2013-09-24
521,1377903325197,2013-08-30 18:55:25 UTC,2013-08-30
522,1384451719540,2013-11-14 12:55:19 UTC,2013-11-14
523,1386700970126,2013-12-10 13:42:50 UTC,2013-12-10
524,1405722235015,2014-07-18 18:23:55 UTC,2014-07-18
525,1376547276376,2013-08-15 02:14:36 UTC,2013-08-15
526,1398763474851,2014-04-29 05:24:34 UTC,2014-04-29
527,1378772978127,2013-09-09 20:29:38 UTC,2013-09-09
528,1401474191819,2014-05-30 14:23:11 UTC,2014-05-30
529,1374140526333,2013-07-18 05:42:06 UTC,2013-07-18
530,1410894197772,2014-09-16 15:03:17 UTC,2014-09-16
531,1389907752412,2014-01-16 16:29:12 UTC,2014-01-16
532,1348012533122,2012-09-18 19:55:33 UTC,2012-09-18
533,1380304230414,2013-09-27 13:50:30 UTC,2013-09-27
534,1392689141724,2014-02-17 21:05:41 UTC,2014-02-17
535,1354593147339,2012-12-03 22:52:27 UTC,2012-12-03
536,1366754337279,2013-04-23 17:58:57 UTC,2013-04-23
537,1407177763871,2014-08-04 14:42:43 UTC,2014-08-04
538,1376506804635,2013-08-14 15:00:04 UTC,2013-08-14
539,1403219256574,2014-06-19 19:07:36 UTC,2014-06-19
540,1409963414215,2014-09-05 20:30:14 UTC,2014-09-05
541,1379984815470,2013-09-23 21:06:55 UTC,2013-09-23
542,1359225680490,2013-01-26 13:41:20 UTC,2013-01-26
543,1406744651923,2014-07-30 14:24:11 UTC,2014-07-30
544,1373565147450,2013-07-11 13:52:27 UTC,2013-07-11
545,1384218054572,2013-11-11 20:00:54 UTC,2013-11-11
546,1375234807768,2013-07-30 21:40:07 UTC,2013-07-30
547,1409039164337,2014-08-26 03:46:04 UTC,2014-08-26
548,1380216772994,2013-09-26 13:32:52 UTC,2013-09-26
549,1408552358327,2014-08-20 12:32:38 UTC,2014-08-20
550,1392141934850,2014-02-11 13:05:34 UTC,2014-02-11
551,1397700365898,2014-04-16 22:06:05 UTC,2014-04-16
552,1362774756361,2013-03-08 15:32:36 UTC,2013-03-08
553,1364854019977,2013-04-01 18:06:59 UTC,2013-04-01
554,1405488219248,2014-07-16 01:23:39 UTC,2014-07-16
555,1341348175363,2012-07-03 16:42:55 UTC,2012-07-03
556,1357780501644,2013-01-09 20:15:01 UTC,2013-01-09
557,1379566959644,2013-09-19 01:02:39 UTC,2013-09-19
558,1381969933758,2013-10-16 20:32:13 UTC,2013-10-16
559,1386377519305,2013-12-06 19:51:59 UTC,2013-12-06
560,1409795145164,2014-09-03 21:45:45 UTC,2014-09-03
561,1400084830790,2014-05-14 12:27:10 UTC,2014-05-14
562,1386969931575,2013-12-13 16:25:31 UTC,2013-12-13
563,1391451356269,2014-02-03 13:15:56 UTC,2014-02-03
564,1275358390061,2010-05-31 22:13:10 UTC,2010-05-31
565,1379932090378,2013-09-23 06:28:10 UTC,2013-09-23
566,1365628456157,2013-04-10 17:14:16 UTC,2013-04-10
567,1387221609084,2013-12-16 14:20:09 UTC,2013-12-16
568,1382940754363,2013-10-28 02:12:34 UTC,2013-10-28
569,1350639165087,2012-10-19 05:32:45 UTC,2012-10-19
570,1389049460492,2014-01-06 18:04:20 UTC,2014-01-06
571,1341353361902,2012-07-03 18:09:21 UTC,2012-07-03
572,1379756489520,2013-09-21 05:41:29 UTC,2013-09-21
573,1395091447245,2014-03-17 17:24:07 UTC,2014-03-17
574,1378894747206,2013-09-11 06:19:07 UTC,2013-09-11
575,1312825773666,2011-08-08 13:49:33 UTC,2011-08-08
576,1289859229668,2010-11-15 17:13:49 UTC,2010-11-15
577,1403039559180,2014-06-17 17:12:39 UTC,2014-06-17
578,1398073648160,2014-04-21 05:47:28 UTC,2014-04-21
579,1359556241981,2013-01-30 09:30:41 UTC,2013-01-30
580,1358245542924,2013-01-15 05:25:42 UTC,2013-01-15
581,1362148202790,2013-03-01 09:30:02 UTC,2013-03-01
582,1391698215768,2014-02-06 09:50:15 UTC,2014-02-06
583,1394835793731,2014-03-14 18:23:13 UTC,2014-03-14
584,1369766349018,2013-05-28 14:39:09 UTC,2013-05-28
585,1382121255554,2013-10-18 14:34:15 UTC,2013-10-18
586,1406289042014,2014-07-25 07:50:42 UTC,2014-07-25
587,1379439488808,2013-09-17 13:38:08 UTC,2013-09-17
588,1407899096416,2014-08-12 23:04:56 UTC,2014-08-12
589,1343689244798,2012-07-30 19:00:44 UTC,2012-07-30
590,1373349355782,2013-07-09 01:55:55 UTC,2013-07-09
591,1396403113184,2014-04-01 21:45:13 UTC,2014-04-01
592,1410559026361,2014-09-12 17:57:06 UTC,2014-09-12
593,1377880286333,2013-08-30 12:31:26 UTC,2013-08-30
594,1380651133886,2013-10-01 14:12:13 UTC,2013-10-01
595,1384884158477,2013-11-19 13:02:38 UTC,2013-11-19
596,1285701059282,2010-09-28 15:10:59 UTC,2010-09-28
597,1410797910747,2014-09-15 12:18:30 UTC,2014-09-15
598,1406679383316,2014-07-29 20:16:23 UTC,2014-07-29
599,1361829095609,2013-02-25 16:51:35 UTC,2013-02-25
600,1339804766156,2012-06-15 19:59:26 UTC,2012-06-15
601,1393944949773,2014-03-04 09:55:49 UTC,2014-03-04
602,1386894932538,2013-12-12 19:35:32 UTC,2013-12-12
603,1358162787109,2013-01-14 06:26:27 UTC,2013-01-14
604,1402698531567,2014-06-13 18:28:51 UTC,2014-06-13
605,1405989746242,2014-07-21 20:42:26 UTC,2014-07-21
606,1359488979029,2013-01-29 14:49:39 UTC,2013-01-29
607,1387176643639,2013-12-16 01:50:43 UTC,2013-12-16
608,1400267136305,2014-05-16 15:05:36 UTC,2014-05-16
609,1365073812655,2013-04-04 07:10:12 UTC,2013-04-04
610,1352852646333,2012-11-13 19:24:06 UTC,2012-11-13
611,1384973989618,2013-11-20 13:59:49 UTC,2013-11-20
612,1366864735857,2013-04-25 00:38:55 UTC,2013-04-25
613,1386022188699,2013-12-02 17:09:48 UTC,2013-12-02
614,1373327047809,2013-07-08 19:44:07 UTC,2013-07-08
615,1336530598198,2012-05-08 22:29:58 UTC,2012-05-08
616,1404811565024,2014-07-08 05:26:05 UTC,2014-07-08
617,1406212762009,2014-07-24 10:39:22 UTC,2014-07-24
618,1389894945891,2014-01-16 12:55:45 UTC,2014-01-16
619,1401313686851,2014-05-28 17:48:06 UTC,2014-05-28
620,1398463313646,2014-04-25 18:01:53 UTC,2014-04-25
621,1410841941562,2014-09-16 00:32:21 UTC,2014-09-16
622,1375220617050,2013-07-30 17:43:37 UTC,2013-07-30
623,1391067130840,2014-01-30 02:32:10 UTC,2014-01-30
624,1337217115936,2012-05-16 21:11:55 UTC,2012-05-16
625,1399592875616,2014-05-08 19:47:55 UTC,2014-05-08
626,1409885904705,2014-09-04 22:58:24 UTC,2014-09-04
627,1389734238560,2014-01-14 16:17:18 UTC,2014-01-14
628,1395952783389,2014-03-27 16:39:43 UTC,2014-03-27
629,1395315439391,2014-03-20 07:37:19 UTC,2014-03-20
630,1376764541548,2013-08-17 14:35:41 UTC,2013-08-17
631,1393923719460,2014-03-04 04:01:59 UTC,2014-03-04
632,1370196726427,2013-06-02 14:12:06 UTC,2013-06-02
633,1383303597760,2013-11-01 06:59:57 UTC,2013-11-01
634,1369443057121,2013-05-24 20:50:57 UTC,2013-05-24
635,1395119858942,2014-03-18 01:17:38 UTC,2014-03-18
636,1339428231707,2012-06-11 11:23:51 UTC,2012-06-11
637,1373053953334,2013-07-05 15:52:33 UTC,2013-07-05
638,1401900188427,2014-06-04 12:43:08 UTC,2014-06-04
639,1406233868421,2014-07-24 16:31:08 UTC,2014-07-24
640,1393609913224,2014-02-28 12:51:53 UTC,2014-02-28
641,1373650342388,2013-07-12 13:32:22 UTC,2013-07-12
642,1365495149914,2013-04-09 04:12:29 UTC,2013-04-09
643,1379375081040,2013-09-16 19:44:41 UTC,2013-09-16
644,1383162165381,2013-10-30 15:42:45 UTC,2013-10-30
645,1396292744276,2014-03-31 15:05:44 UTC,2014-03-31
646,1384210294076,2013-11-11 17:51:34 UTC,2013-11-11
647,1387327851899,2013-12-17 19:50:51 UTC,2013-12-17
648,1345380759137,2012-08-19 08:52:39 UTC,2012-08-19
649,1403791010834,2014-06-26 09:56:50 UTC,2014-06-26
650,1409683140613,2014-09-02 14:39:00 UTC,2014-09-02
651,1365156389333,2013-04-05 06:06:29 UTC,2013-04-05
652,1376030624048,2013-08-09 02:43:44 UTC,2013-08-09
653,1342054168631,2012-07-11 20:49:28 UTC,2012-07-11
654,1401312219837,2014-05-28 17:23:39 UTC,2014-05-28
655,1380662057542,2013-10-01 17:14:17 UTC,2013-10-01
656,1366857259930,2013-04-24 22:34:19 UTC,2013-04-24
657,1376005074378,2013-08-08 19:37:54 UTC,2013-08-08
658,1274287253008,2010-05-19 12:40:53 UTC,2010-05-19
659,1389628285912,2014-01-13 10:51:25 UTC,2014-01-13
660,1344949276788,2012-08-14 09:01:16 UTC,2012-08-14
661,1280724808846,2010-08-02 00:53:28 UTC,2010-08-02
662,1384843772993,2013-11-19 01:49:32 UTC,2013-11-19
663,1373584405660,2013-07-11 19:13:25 UTC,2013-07-11
664,1403303030769,2014-06-20 18:23:50 UTC,2014-06-20
665,1380046034486,2013-09-24 14:07:14 UTC,2013-09-24
666,1354570846852,2012-12-03 16:40:46 UTC,2012-12-03
667,1377034357327,2013-08-20 17:32:37 UTC,2013-08-20
668,1399366057251,2014-05-06 04:47:37 UTC,2014-05-06
669,1352144107159,2012-11-05 14:35:07 UTC,2012-11-05
670,1379120078278,2013-09-13 20:54:38 UTC,2013-09-13
671,1321573631679,2011-11-17 18:47:11 UTC,2011-11-17
672,1366222939441,2013-04-17 14:22:19 UTC,2013-04-17
673,1397265049091,2014-04-11 21:10:49 UTC,2014-04-11
674,1280375380349,2010-07-28 23:49:40 UTC,2010-07-28
675,1274368838668,2010-05-20 11:20:38 UTC,2010-05-20
676,1392062172500,2014-02-10 14:56:12 UTC,2014-02-10
677,1394790139982,2014-03-14 05:42:19 UTC,2014-03-14
678,1335464784626,2012-04-26 14:26:24 UTC,2012-04-26
679,1405986135475,2014-07-21 19:42:15 UTC,2014-07-21
680,1359330507241,2013-01-27 18:48:27 UTC,2013-01-27
681,1408654281312,2014-08-21 16:51:21 UTC,2014-08-21
682,1302854139974,2011-04-15 03:55:39 UTC,2011-04-15
683,1403306347564,2014-06-20 19:19:07 UTC,2014-06-20
684,1324396014119,2011-12-20 10:46:54 UTC,2011-12-20
685,1358381505388,2013-01-16 19:11:45 UTC,2013-01-16
686,1400183460799,2014-05-15 15:51:00 UTC,2014-05-15
687,1358322827447,2013-01-16 02:53:47 UTC,2013-01-16
688,1389709092176,2014-01-14 09:18:12 UTC,2014-01-14
689,1374296211739,2013-07-20 00:56:51 UTC,2013-07-20
690,1395937594890,2014-03-27 12:26:34 UTC,2014-03-27
691,1371869769235,2013-06-21 22:56:09 UTC,2013-06-21
692,1393335116834,2014-02-25 08:31:56 UTC,2014-02-25
693,1338588185808,2012-06-01 18:03:05 UTC,2012-06-01
694,1366232607223,2013-04-17 17:03:27 UTC,2013-04-17
695,1406728038304,2014-07-30 09:47:18 UTC,2014-07-30
696,1264797142830,2010-01-29 15:32:22 UTC,2010-01-29
697,1387281316151,2013-12-17 06:55:16 UTC,2013-12-17
698,1378933412089,2013-09-11 17:03:32 UTC,2013-09-11
699,1372941978821,2013-07-04 08:46:18 UTC,2013-07-04
700,1352428909757,2012-11-08 21:41:49 UTC,2012-11-08
701,1379231894128,2013-09-15 03:58:14 UTC,2013-09-15
702,1376089233861,2013-08-09 19:00:33 UTC,2013-08-09
703,1398195731097,2014-04-22 15:42:11 UTC,2014-04-22
704,1363055315193,2013-03-11 22:28:35 UTC,2013-03-11
705,1408579176571,2014-08-20 19:59:36 UTC,2014-08-20
706,1358365326685,2013-01-16 14:42:06 UTC,2013-01-16
707,1401596201354,2014-06-01 00:16:41 UTC,2014-06-01
708,1286082898633,2010-10-03 01:14:58 UTC,2010-10-03
709,1379638385704,2013-09-19 20:53:05 UTC,2013-09-19
710,1384806565586,2013-11-18 15:29:25 UTC,2013-11-18
711,1391811834439,2014-02-07 17:23:54 UTC,2014-02-07
712,1380134062446,2013-09-25 14:34:22 UTC,2013-09-25
713,1386236805332,2013-12-05 04:46:45 UTC,2013-12-05
714,1222102710245,2008-09-22 12:58:30 UTC,2008-09-22
715,1379780026282,2013-09-21 12:13:46 UTC,2013-09-21
716,1375745306003,2013-08-05 19:28:26 UTC,2013-08-05
717,1388698487326,2014-01-02 16:34:47 UTC,2014-01-02
718,1374206434590,2013-07-19 00:00:34 UTC,2013-07-19
719,1357245168951,2013-01-03 15:32:48 UTC,2013-01-03
720,1349221865828,2012-10-02 19:51:05 UTC,2012-10-02
721,1405650980232,2014-07-17 22:36:20 UTC,2014-07-17
722,1344976751959,2012-08-14 16:39:11 UTC,2012-08-14
723,1377635927778,2013-08-27 16:38:47 UTC,2013-08-27
724,1396413010185,2014-04-02 00:30:10 UTC,2014-04-02
725,1387240663566,2013-12-16 19:37:43 UTC,2013-12-16
726,1359067962001,2013-01-24 17:52:42 UTC,2013-01-24
727,1361283508074,2013-02-19 09:18:28 UTC,2013-02-19
728,1388545934917,2013-12-31 22:12:14 UTC,2013-12-31
729,1359416752132,2013-01-28 18:45:52 UTC,2013-01-28
730,1382719993065,2013-10-25 12:53:13 UTC,2013-10-25
731,1378940973573,2013-09-11 19:09:33 UTC,2013-09-11
732,1358785134913,2013-01-21 11:18:54 UTC,2013-01-21
733,1376969034790,2013-08-19 23:23:54 UTC,2013-08-19
734,1334014908504,2012-04-09 19:41:48 UTC,2012-04-09
735,1343949845030,2012-08-02 19:24:05 UTC,2012-08-02
736,1383727852183,2013-11-06 03:50:52 UTC,2013-11-06
737,1406978926076,2014-08-02 07:28:46 UTC,2014-08-02
738,1394470663685,2014-03-10 12:57:43 UTC,2014-03-10
739,1410849411784,2014-09-16 02:36:51 UTC,2014-09-16
740,1410384151776,2014-09-10 17:22:31 UTC,2014-09-10
741,1384298180213,2013-11-12 18:16:20 UTC,2013-11-12
742,1373580187533,2013-07-11 18:03:07 UTC,2013-07-11
743,1387236583983,2013-12-16 18:29:43 UTC,2013-12-16
744,1315943717971,2011-09-13 15:55:17 UTC,2011-09-13
745,1332368488970,2012-03-21 18:21:28 UTC,2012-03-21
746,1383748968912,2013-11-06 09:42:48 UTC,2013-11-06
747,1392942906045,2014-02-20 19:35:06 UTC,2014-02-20
748,1342682621583,2012-07-19 03:23:41 UTC,2012-07-19
749,1400103087366,2014-05-14 17:31:27 UTC,2014-05-14
750,1385431490579,2013-11-25 21:04:50 UTC,2013-11-25
751,1408545779644,2014-08-20 10:42:59 UTC,2014-08-20
752,1386569731192,2013-12-09 01:15:31 UTC,2013-12-09
753,1408029689987,2014-08-14 11:21:29 UTC,2014-08-14
754,1364411112100,2013-03-27 15:05:12 UTC,2013-03-27
755,1403655309266,2014-06-24 20:15:09 UTC,2014-06-24
756,1357494047993,2013-01-06 12:40:47 UTC,2013-01-06
757,1384432575305,2013-11-14 07:36:15 UTC,2013-11-14
758,1405155070784,2014-07-12 04:51:10 UTC,2014-07-12
759,1368131940902,2013-05-09 16:39:00 UTC,2013-05-09
760,1400493031556,2014-05-19 05:50:31 UTC,2014-05-19
761,1377855760010,2013-08-30 05:42:40 UTC,2013-08-30
762,1374188186096,2013-07-18 18:56:26 UTC,2013-07-18
763,1381859626313,2013-10-15 13:53:46 UTC,2013-10-15
764,1341950287758,2012-07-10 15:58:07 UTC,2012-07-10
765,1339450652891,2012-06-11 17:37:32 UTC,2012-06-11
766,1394056924105,2014-03-05 17:02:04 UTC,2014-03-05
767,1361900498687,2013-02-26 12:41:38 UTC,2013-02-26
768,1347385976980,2012-09-11 13:52:56 UTC,2012-09-11
769,1396895139052,2014-04-07 14:25:39 UTC,2014-04-07
770,1359998525407,2013-02-04 12:22:05 UTC,2013-02-04
771,1379635241113,2013-09-19 20:00:41 UTC,2013-09-19
772,1359058713645,2013-01-24 15:18:33 UTC,2013-01-24
773,1380018456246,2013-09-24 06:27:36 UTC,2013-09-24
774,1342274858665,2012-07-14 10:07:38 UTC,2012-07-14
775,1376006296733,2013-08-08 19:58:16 UTC,2013-08-08
776,1406389972730,2014-07-26 11:52:52 UTC,2014-07-26
777,1404151902159,2014-06-30 14:11:42 UTC,2014-06-30
778,1371514315754,2013-06-17 20:11:55 UTC,2013-06-17
779,1379698761263,2013-09-20 13:39:21 UTC,2013-09-20
780,1392176768613,2014-02-11 22:46:08 UTC,2014-02-11
781,1402356257052,2014-06-09 19:24:17 UTC,2014-06-09
782,1374712984952,2013-07-24 20:43:04 UTC,2013-07-24
783,1407945826134,2014-08-13 12:03:46 UTC,2014-08-13
784,1405026111420,2014-07-10 17:01:51 UTC,2014-07-10
785,1381623499417,2013-10-12 20:18:19 UTC,2013-10-12
786,1373306485367,2013-07-08 14:01:25 UTC,2013-07-08
787,1381964917232,2013-10-16 19:08:37 UTC,2013-10-16
788,1374119383662,2013-07-17 23:49:43 UTC,2013-07-17
789,1401900677971,2014-06-04 12:51:17 UTC,2014-06-04
790,1342114006367,2012-07-12 13:26:46 UTC,2012-07-12
791,1404022759937,2014-06-29 02:19:19 UTC,2014-06-29
792,1409960528732,2014-09-05 19:42:08 UTC,2014-09-05
793,1389672205741,2014-01-13 23:03:25 UTC,2014-01-13
794,1321481335175,2011-11-16 17:08:55 UTC,2011-11-16
795,1338934857969,2012-06-05 18:20:57 UTC,2012-06-05
796,1405952921706,2014-07-21 10:28:41 UTC,2014-07-21
797,1400776297612,2014-05-22 12:31:37 UTC,2014-05-22
798,1296354742718,2011-01-29 21:32:22 UTC,2011-01-29
799,1402655839557,2014-06-13 06:37:19 UTC,2014-06-13
800,1409122793590,2014-08-27 02:59:53 UTC,2014-08-27
801,1362097608851,2013-02-28 19:26:48 UTC,2013-02-28
802,1369165804091,2013-05-21 15:50:04 UTC,2013-05-21
803,1364902484345,2013-04-02 07:34:44 UTC,2013-04-02
804,1370282878664,2013-06-03 14:07:58 UTC,2013-06-03
805,1266980441694,2010-02-23 22:00:41 UTC,2010-02-23
806,1376088461366,2013-08-09 18:47:41 UTC,2013-08-09
807,1346287608604,2012-08-29 20:46:48 UTC,2012-08-29
808,1393484745520,2014-02-27 02:05:45 UTC,2014-02-27
809,1339017880691,2012-06-06 17:24:40 UTC,2012-06-06
810,1402642403404,2014-06-13 02:53:23 UTC,2014-06-13
811,1393552302525,2014-02-27 20:51:42 UTC,2014-02-27
812,1379951926954,2013-09-23 11:58:46 UTC,2013-09-23
813,1357905983557,2013-01-11 07:06:23 UTC,2013-01-11
814,1392383396760,2014-02-14 08:09:56 UTC,2014-02-14
815,1369964277996,2013-05-30 21:37:57 UTC,2013-05-30
816,1381879070477,2013-10-15 19:17:50 UTC,2013-10-15
817,1358201456614,2013-01-14 17:10:56 UTC,2013-01-14
818,1379622089068,2013-09-19 16:21:29 UTC,2013-09-19
819,1375786388312,2013-08-06 06:53:08 UTC,2013-08-06
820,1391192695228,2014-01-31 13:24:55 UTC,2014-01-31
821,1299545832226,2011-03-07 19:57:12 UTC,2011-03-07
822,1373923998185,2013-07-15 17:33:18 UTC,2013-07-15
823,1336224769947,2012-05-05 09:32:49 UTC,2012-05-05
824,1376947145049,2013-08-19 17:19:05 UTC,2013-08-19
825,1382469300987,2013-10-22 15:15:00 UTC,2013-10-22
826,1347673801626,2012-09-14 21:50:01 UTC,2012-09-14
827,1397847164137,2014-04-18 14:52:44 UTC,2014-04-18
828,1362264447163,2013-03-02 17:47:27 UTC,2013-03-02
829,1250563485989,2009-08-17 22:44:45 UTC,2009-08-17
830,1382047416473,2013-10-17 18:03:36 UTC,2013-10-17
831,1379775504108,2013-09-21 10:58:24 UTC,2013-09-21
832,1343262644662,2012-07-25 20:30:44 UTC,2012-07-25
833,1381298945436,2013-10-09 02:09:05 UTC,2013-10-09
834,1405027114929,2014-07-10 17:18:34 UTC,2014-07-10
835,1390510421470,2014-01-23 15:53:41 UTC,2014-01-23
836,1399657049406,2014-05-09 13:37:29 UTC,2014-05-09
837,1292541575070,2010-12-16 18:19:35 UTC,2010-12-16
838,1369434219687,2013-05-24 18:23:39 UTC,2013-05-24
839,1392182953340,2014-02-12 00:29:13 UTC,2014-02-12
840,1405319740223,2014-07-14 02:35:40 UTC,2014-07-14
841,1332035196375,2012-03-17 21:46:36 UTC,2012-03-17
842,1386879927038,2013-12-12 15:25:27 UTC,2013-12-12
843,1394246045404,2014-03-07 21:34:05 UTC,2014-03-07
844,1399670445896,2014-05-09 17:20:45 UTC,2014-05-09
845,1381362846491,2013-10-09 19:54:06 UTC,2013-10-09
846,1405370418881,2014-07-14 16:40:18 UTC,2014-07-14
847,1386053330765,2013-12-03 01:48:50 UTC,2013-12-03
848,1400205197609,2014-05-15 21:53:17 UTC,2014-05-15
849,1407455374283,2014-08-07 19:49:34 UTC,2014-08-07
850,1383238164270,2013-10-31 12:49:24 UTC,2013-10-31
851,1359746643359,2013-02-01 14:24:03 UTC,2013-02-01
852,1323316807623,2011-12-07 23:00:07 UTC,2011-12-07
853,1366565704069,2013-04-21 13:35:04 UTC,2013-04-21
854,1363825441641,2013-03-20 20:24:01 UTC,2013-03-20
855,1379127207498,2013-09-13 22:53:27 UTC,2013-09-13
856,1376095060640,2013-08-09 20:37:40 UTC,2013-08-09
857,1377719416158,2013-08-28 15:50:16 UTC,2013-08-28
858,1288376619048,2010-10-29 14:23:39 UTC,2010-10-29
859,1393422793044,2014-02-26 08:53:13 UTC,2014-02-26
860,1409684112113,2014-09-02 14:55:12 UTC,2014-09-02
861,1355261597760,2012-12-11 16:33:17 UTC,2012-12-11
862,1337818621289,2012-05-23 20:17:01 UTC,2012-05-23
863,1387390640060,2013-12-18 13:17:20 UTC,2013-12-18
864,1404330455637,2014-07-02 15:47:35 UTC,2014-07-02
865,1373675056394,2013-07-12 20:24:16 UTC,2013-07-12
866,1331312265902,2012-03-09 11:57:45 UTC,2012-03-09
867,1345245581896,2012-08-17 19:19:41 UTC,2012-08-17
868,1378302327881,2013-09-04 09:45:27 UTC,2013-09-04
869,1375166271216,2013-07-30 02:37:51 UTC,2013-07-30
870,1399036369389,2014-05-02 09:12:49 UTC,2014-05-02
871,1406893988288,2014-08-01 07:53:08 UTC,2014-08-01
872,1395771969744,2014-03-25 14:26:09 UTC,2014-03-25
873,1394057051672,2014-03-05 17:04:11 UTC,2014-03-05
874,1392940962572,2014-02-20 19:02:42 UTC,2014-02-20
875,1362547056696,2013-03-06 00:17:36 UTC,2013-03-06
876,1297486860135,2011-02-12 00:01:00 UTC,2011-02-12
877,1395773015877,2014-03-25 14:43:35 UTC,2014-03-25
878,1388989764037,2014-01-06 01:29:24 UTC,2014-01-06
879,1390344939209,2014-01-21 17:55:39 UTC,2014-01-21
880,1348597900979,2012-09-25 14:31:40 UTC,2012-09-25
881,1378933277458,2013-09-11 17:01:17 UTC,2013-09-11
882,1408528289741,2014-08-20 05:51:29 UTC,2014-08-20
883,1377295143574,2013-08-23 17:59:03 UTC,2013-08-23
884,1309923509978,2011-07-05 23:38:29 UTC,2011-07-05
885,1385416220246,2013-11-25 16:50:20 UTC,2013-11-25
886,1389659531395,2014-01-13 19:32:11 UTC,2014-01-13
887,1375367677825,2013-08-01 10:34:37 UTC,2013-08-01
888,1406305792203,2014-07-25 12:29:52 UTC,2014-07-25
889,1349210520673,2012-10-02 16:42:00 UTC,2012-10-02
890,1381130153552,2013-10-07 03:15:53 UTC,2013-10-07
891,1394002793044,2014-03-05 01:59:53 UTC,2014-03-05
892,1374170565416,2013-07-18 14:02:45 UTC,2013-07-18
893,1404950210502,2014-07-09 19:56:50 UTC,2014-07-09
894,1391106217397,2014-01-30 13:23:37 UTC,2014-01-30
895,1382773354041,2013-10-26 03:42:34 UTC,2013-10-26
896,1386957656109,2013-12-13 13:00:56 UTC,2013-12-13
897,1349158187134,2012-10-02 02:09:47 UTC,2012-10-02
898,1360464388076,2013-02-09 21:46:28 UTC,2013-02-09
899,1343333611136,2012-07-26 16:13:31 UTC,2012-07-26
900,1368754159227,2013-05-16 21:29:19 UTC,2013-05-16
901,1361808001171,2013-02-25 11:00:01 UTC,2013-02-25
902,1409539665618,2014-08-31 22:47:45 UTC,2014-08-31
903,1384201510978,2013-11-11 15:25:10 UTC,2013-11-11
904,1330368263206,2012-02-27 13:44:23 UTC,2012-02-27
905,1386173715425,2013-12-04 11:15:15 UTC,2013-12-04
906,1405533468180,2014-07-16 13:57:48 UTC,2014-07-16
907,1376352503887,2013-08-12 20:08:23 UTC,2013-08-12
908,1372098285120,2013-06-24 14:24:45 UTC,2013-06-24
909,1397512920732,2014-04-14 18:02:00 UTC,2014-04-14
910,1396968547177,2014-04-08 10:49:07 UTC,2014-04-08
911,1363303129331,2013-03-14 19:18:49 UTC,2013-03-14
912,1409788099491,2014-09-03 19:48:19 UTC,2014-09-03
913,1359101504695,2013-01-25 03:11:44 UTC,2013-01-25
914,1374552376113,2013-07-23 00:06:16 UTC,2013-07-23
915,1405548354112,2014-07-16 18:05:54 UTC,2014-07-16
916,1405659155383,2014-07-18 00:52:35 UTC,2014-07-18
917,1381180466290,2013-10-07 17:14:26 UTC,2013-10-07
918,1404974937058,2014-07-10 02:48:57 UTC,2014-07-10
919,1378498461979,2013-09-06 16:14:21 UTC,2013-09-06
920,1331337278568,2012-03-09 18:54:38 UTC,2012-03-09
921,1363535257401,2013-03-17 11:47:37 UTC,2013-03-17
922,1238402231507,2009-03-30 04:37:11 UTC,2009-03-30
923,1394820330580,2014-03-14 14:05:30 UTC,2014-03-14
924,1354591523839,2012-12-03 22:25:23 UTC,2012-12-03
925,1335313743028,2012-04-24 20:29:03 UTC,2012-04-24
926,1378413196341,2013-09-05 16:33:16 UTC,2013-09-05
927,1352312396224,2012-11-07 13:19:56 UTC,2012-11-07
928,1373419305211,2013-07-09 21:21:45 UTC,2013-07-09
929,1406821560972,2014-07-31 11:46:00 UTC,2014-07-31
930,1393236140134,2014-02-24 05:02:20 UTC,2014-02-24
931,1394259330211,2014-03-08 01:15:30 UTC,2014-03-08
932,1395872618525,2014-03-26 18:23:38 UTC,2014-03-26
933,1350540919915,2012-10-18 02:15:19 UTC,2012-10-18
934,1332229992284,2012-03-20 03:53:12 UTC,2012-03-20
935,1404163765615,2014-06-30 17:29:25 UTC,2014-06-30
936,1372804633718,2013-07-02 18:37:13 UTC,2013-07-02
937,1405643130638,2014-07-17 20:25:30 UTC,2014-07-17
938,1368033308309,2013-05-08 13:15:08 UTC,2013-05-08
939,1403833202589,2014-06-26 21:40:02 UTC,2014-06-26
940,1381225384186,2013-10-08 05:43:04 UTC,2013-10-08
941,1385649258697,2013-11-28 09:34:18 UTC,2013-11-28
942,1392845257051,2014-02-19 16:27:37 UTC,2014-02-19
943,1375880541829,2013-08-07 09:02:21 UTC,2013-08-07
944,1341476408212,2012-07-05 04:20:08 UTC,2012-07-05
945,1379586568108,2013-09-19 06:29:28 UTC,2013-09-19
946,1363548863688,2013-03-17 15:34:23 UTC,2013-03-17
947,1350693748614,2012-10-19 20:42:28 UTC,2012-10-19
948,1409253780117,2014-08-28 15:23:00 UTC,2014-08-28
949,1394639144431,2014-03-12 11:45:44 UTC,2014-03-12
950,1383640134060,2013-11-05 03:28:54 UTC,2013-11-05
951,1388797564690,2014-01-03 20:06:04 UTC,2014-01-03
952,1399413572378,2014-05-06 17:59:32 UTC,2014-05-06
953,1400724001182,2014-05-21 22:00:01 UTC,2014-05-21
954,1360226098431,2013-02-07 03:34:58 UTC,2013-02-07
955,1377291488454,2013-08-23 16:58:08 UTC,2013-08-23
956,1380733946400,2013-10-02 13:12:26 UTC,2013-10-02
957,1377287233580,2013-08-23 15:47:13 UTC,2013-08-23
958,1345225837991,2012-08-17 13:50:37 UTC,2012-08-17
959,1272552959000,2010-04-29 10:55:59 UTC,2010-04-29
960,1332304044768,2012-03-21 00:27:24 UTC,2012-03-21
961,1383776747741,2013-11-06 17:25:47 UTC,2013-11-06
962,1383285385710,2013-11-01 01:56:25 UTC,2013-11-01
963,1389385553911,2014-01-10 15:25:53 UTC,2014-01-10
964,1381264874214,2013-10-08 16:41:14 UTC,2013-10-08
965,1348016694116,2012-09-18 21:04:54 UTC,2012-09-18
966,1403918475075,2014-06-27 21:21:15 UTC,2014-06-27
967,1409025706332,2014-08-26 00:01:46 UTC,2014-08-26
968,1384815033072,2013-11-18 17:50:33 UTC,2013-11-18
969,1406075695432,2014-07-22 20:34:55 UTC,2014-07-22
970,1367898660039,2013-05-06 23:51:00 UTC,2013-05-06
971,1389587377420,2014-01-12 23:29:37 UTC,2014-01-12
972,1410666852475,2014-09-13 23:54:12 UTC,2014-09-13
973,1380844568631,2013-10-03 19:56:08 UTC,2013-10-03
974,1368555120772,2013-05-14 14:12:00 UTC,2013-05-14
975,1368332831675,2013-05-12 00:27:11 UTC,2013-05-12
976,1388382760210,2013-12-30 00:52:40 UTC,2013-12-30
977,1384208796196,2013-11-11 17:26:36 UTC,2013-11-11
978,1308934708123,2011-06-24 12:58:28 UTC,2011-06-24
979,1381355644113,2013-10-09 17:54:04 UTC,2013-10-09
980,1386552047578,2013-12-08 20:20:47 UTC,2013-12-08
981,1401348692703,2014-05-29 03:31:32 UTC,2014-05-29
982,1378748104426,2013-09-09 13:35:04 UTC,2013-09-09
983,1393358469018,2014-02-25 15:01:09 UTC,2014-02-25
984,1400100669558,2014-05-14 16:51:09 UTC,2014-05-14
985,1395436950613,2014-03-21 17:22:30 UTC,2014-03-21
986,1370758994850,2013-06-09 02:23:14 UTC,2013-06-09
987,1406743890236,2014-07-30 14:11:30 UTC,2014-07-30
988,1363282231745,2013-03-14 13:30:31 UTC,2013-03-14
989,1346960413004,2012-09-06 15:40:13 UTC,2012-09-06
990,1346246121410,2012-08-29 09:15:21 UTC,2012-08-29
991,1389381939815,2014-01-10 14:25:39 UTC,2014-01-10
992,1392103248380,2014-02-11 02:20:48 UTC,2014-02-11
993,1369520591088,2013-05-25 18:23:11 UTC,2013-05-25
994,1384948677441,2013-11-20 06:57:57 UTC,2013-11-20
995,1394852131114,2014-03-14 22:55:31 UTC,2014-03-14
996,1379785429903,2013-09-21 13:43:49 UTC,2013-09-21
997,1361946761627,2013-02-27 01:32:41 UTC,2013-02-27
998,1362777373126,2013-03-08 16:16:13 UTC,2013-03-08
999,1392430766349,2014-02-14 21:19:26 UTC,2014-02-14
1000,1334230153269,2012-04-12 07:29:13 UTC,2012-04-12
1001,1376529524092,2013-08-14 21:18:44 UTC,2013-08-14
1002,1399613533499,2014-05-09 01:32:13 UTC,2014-05-09
1003,1358363727271,2013-01-16 14:15:27 UTC,2013-01-16
1004,1381821807401,2013-10-15 03:23:27 UTC,2013-10-15
1005,1376526346829,2013-08-14 20:25:46 UTC,2013-08-14
1006,1379424189700,2013-09-17 09:23:09 UTC,2013-09-17
1007,1373504566199,2013-07-10 21:02:46 UTC,2013-07-10
1008,1344503791492,2012-08-09 05:16:31 UTC,2012-08-09
1009,1393422607805,2014-02-26 08:50:07 UTC,2014-02-26
1010,1384615345207,2013-11-16 10:22:25 UTC,2013-11-16
1011,1406835099584,2014-07-31 15:31:39 UTC,2014-07-31
1012,1393889802175,2014-03-03 18:36:42 UTC,2014-03-03
1013,1357782111665,2013-01-09 20:41:51 UTC,2013-01-09
1014,1381526716432,2013-10-11 17:25:16 UTC,2013-10-11
1015,1342989855701,2012-07-22 16:44:15 UTC,2012-07-22
1016,1406751112868,2014-07-30 16:11:52 UTC,2014-07-30
1017,1355167693167,2012-12-10 14:28:13 UTC,2012-12-10
1018,1383177359612,2013-10-30 19:55:59 UTC,2013-10-30
1019,1405993808027,2014-07-21 21:50:08 UTC,2014-07-21
1020,1387445613014,2013-12-19 04:33:33 UTC,2013-12-19
1021,1410471276454,2014-09-11 17:34:36 UTC,2014-09-11
1022,1388171079388,2013-12-27 14:04:39 UTC,2013-12-27
1023,1266523086161,2010-02-18 14:58:06 UTC,2010-02-18
1024,1355805229833,2012-12-17 23:33:49 UTC,2012-12-17
1025,1394662033646,2014-03-12 18:07:13 UTC,2014-03-12
1026,1380051880963,2013-09-24 15:44:40 UTC,2013-09-24
1027,1393948956949,2014-03-04 11:02:36 UTC,2014-03-04
1028,1387794060587,2013-12-23 05:21:00 UTC,2013-12-23
1029,1340729795571,2012-06-26 12:56:35 UTC,2012-06-26
1030,1347579978700,2012-09-13 19:46:18 UTC,2012-09-13
1031,1370901579579,2013-06-10 17:59:39 UTC,2013-06-10
1032,1352328420255,2012-11-07 17:47:00 UTC,2012-11-07
1033,1397066538097,2014-04-09 14:02:18 UTC,2014-04-09
1034,1392187618544,2014-02-12 01:46:58 UTC,2014-02-12
1035,1358784134167,2013-01-21 11:02:14 UTC,2013-01-21
1036,1406071284185,2014-07-22 19:21:24 UTC,2014-07-22
1037,1369461801640,2013-05-25 02:03:21 UTC,2013-05-25
1038,1346182237126,2012-08-28 15:30:37 UTC,2012-08-28
1039,1379713573810,2013-09-20 17:46:13 UTC,2013-09-20
1040,1386359292591,2013-12-06 14:48:12 UTC,2013-12-06
1041,1391417624753,2014-02-03 03:53:44 UTC,2014-02-03
1042,1386884715913,2013-12-12 16:45:15 UTC,2013-12-12
1043,1336074957341,2012-05-03 15:55:57 UTC,2012-05-03
1044,1378142790937,2013-09-02 13:26:30 UTC,2013-09-02
1045,1313475954734,2011-08-16 02:25:54 UTC,2011-08-16
1046,1399596800955,2014-05-08 20:53:20 UTC,2014-05-08
1047,1396320988072,2014-03-31 22:56:28 UTC,2014-03-31
1048,1408392503234,2014-08-18 16:08:23 UTC,2014-08-18
1049,1379638202433,2013-09-19 20:50:02 UTC,2013-09-19
1050,1365408106724,2013-04-08 04:01:46 UTC,2013-04-08
1051,1348042623840,2012-09-19 04:17:03 UTC,2012-09-19
1052,1387289784862,2013-12-17 09:16:24 UTC,2013-12-17
1053,1393588842020,2014-02-28 07:00:42 UTC,2014-02-28
1054,1327602416906,2012-01-26 13:26:56 UTC,2012-01-26
1055,1382052328182,2013-10-17 19:25:28 UTC,2013-10-17
1056,1387490627481,2013-12-19 17:03:47 UTC,2013-12-19
1057,1370643323848,2013-06-07 18:15:23 UTC,2013-06-07
1058,1391194765931,2014-01-31 13:59:25 UTC,2014-01-31
1059,1375228004972,2013-07-30 19:46:44 UTC,2013-07-30
1060,1262866458055,2010-01-07 07:14:18 UTC,2010-01-07
1061,1343766065496,2012-07-31 16:21:05 UTC,2012-07-31
1062,1314659608323,2011-08-29 19:13:28 UTC,2011-08-29
1063,1387442780827,2013-12-19 03:46:20 UTC,2013-12-19
1064,1276541335845,2010-06-14 14:48:55 UTC,2010-06-14
1065,1261958948777,2009-12-27 19:09:08 UTC,2009-12-27
1066,1381899018508,2013-10-16 00:50:18 UTC,2013-10-16
1067,1320343248110,2011-11-03 14:00:48 UTC,2011-11-03
1068,1377191089293,2013-08-22 13:04:49 UTC,2013-08-22
1069,1386376947976,2013-12-06 19:42:27 UTC,2013-12-06
1070,1402527581870,2014-06-11 18:59:41 UTC,2014-06-11
1071,1396960398070,2014-04-08 08:33:18 UTC,2014-04-08
1072,1338199607263,2012-05-28 06:06:47 UTC,2012-05-28
1073,1386177100281,2013-12-04 12:11:40 UTC,2013-12-04
1074,1388188128611,2013-12-27 18:48:48 UTC,2013-12-27
1075,1395793942493,2014-03-25 20:32:22 UTC,2014-03-25
1076,1342059549724,2012-07-11 22:19:09 UTC,2012-07-11
1077,1373483639063,2013-07-10 15:13:59 UTC,2013-07-10
1078,1405923333105,2014-07-21 02:15:33 UTC,2014-07-21
1079,1389580085443,2014-01-12 21:28:05 UTC,2014-01-12
1080,1407488996570,2014-08-08 05:09:56 UTC,2014-08-08
1081,1367349709186,2013-04-30 15:21:49 UTC,2013-04-30
1082,1371858114176,2013-06-21 19:41:54 UTC,2013-06-21
1083,1399413448594,2014-05-06 17:57:28 UTC,2014-05-06
1084,1379460158544,2013-09-17 19:22:38 UTC,2013-09-17
1085,1364973209680,2013-04-03 03:13:29 UTC,2013-04-03
1086,1395144917386,2014-03-18 08:15:17 UTC,2014-03-18
1087,1393460643826,2014-02-26 19:24:03 UTC,2014-02-26
1088,1349386691478,2012-10-04 17:38:11 UTC,2012-10-04
1089,1229876927394,2008-12-21 11:28:47 UTC,2008-12-21
1090,1360376149392,2013-02-08 21:15:49 UTC,2013-02-08
1091,1390420496545,2014-01-22 14:54:56 UTC,2014-01-22
1092,1392621085640,2014-02-17 02:11:25 UTC,2014-02-17
1093,1381972118465,2013-10-16 21:08:38 UTC,2013-10-16
1094,1344234402724,2012-08-06 02:26:42 UTC,2012-08-06
1095,1391550306735,2014-02-04 16:45:06 UTC,2014-02-04
1096,1334076443509,2012-04-10 12:47:23 UTC,2012-04-10
1097,1407869883403,2014-08-12 14:58:03 UTC,2014-08-12
1098,1330066930918,2012-02-24 02:02:10 UTC,2012-02-24
1099,1394564858687,2014-03-11 15:07:38 UTC,2014-03-11
1100,1392428272788,2014-02-14 20:37:52 UTC,2014-02-14
1101,1386632013690,2013-12-09 18:33:33 UTC,2013-12-09
1102,1370643504696,2013-06-07 18:18:24 UTC,2013-06-07
1103,1379492173511,2013-09-18 04:16:13 UTC,2013-09-18
1104,1410886205081,2014-09-16 12:50:05 UTC,2014-09-16
1105,1351017470060,2012-10-23 14:37:50 UTC,2012-10-23
1106,1387221261622,2013-12-16 14:14:21 UTC,2013-12-16
1107,1258579669605,2009-11-18 16:27:49 UTC,2009-11-18
1108,1367258192536,2013-04-29 13:56:32 UTC,2013-04-29
1109,1408948064701,2014-08-25 02:27:44 UTC,2014-08-25
1110,1386159252453,2013-12-04 07:14:12 UTC,2013-12-04
1111,1379944614426,2013-09-23 09:56:54 UTC,2013-09-23
1112,1400690063432,2014-05-21 12:34:23 UTC,2014-05-21
1113,1368231493105,2013-05-10 20:18:13 UTC,2013-05-10
1114,1381347289651,2013-10-09 15:34:49 UTC,2013-10-09
1115,1394726292894,2014-03-13 11:58:12 UTC,2014-03-13
1116,1349794337802,2012-10-09 10:52:17 UTC,2012-10-09
1117,1378734579762,2013-09-09 09:49:39 UTC,2013-09-09
1118,1372938066000,2013-07-04 07:41:06 UTC,2013-07-04
1119,1401819143116,2014-06-03 14:12:23 UTC,2014-06-03
1120,1389741369558,2014-01-14 18:16:09 UTC,2014-01-14
1121,1397153282169,2014-04-10 14:08:02 UTC,2014-04-10
1122,1368465696741,2013-05-13 13:21:36 UTC,2013-05-13
1123,1405026652874,2014-07-10 17:10:52 UTC,2014-07-10
1124,1348809286541,2012-09-28 01:14:46 UTC,2012-09-28
1125,1344974609338,2012-08-14 16:03:29 UTC,2012-08-14
1126,1384353209055,2013-11-13 09:33:29 UTC,2013-11-13
1127,1399150396815,2014-05-03 16:53:16 UTC,2014-05-03
1128,1359058859346,2013-01-24 15:20:59 UTC,2013-01-24
1129,1405121630783,2014-07-11 19:33:50 UTC,2014-07-11
1130,1400193485863,2014-05-15 18:38:05 UTC,2014-05-15
1131,1379713357585,2013-09-20 17:42:37 UTC,2013-09-20
1132,1374100260723,2013-07-17 18:31:00 UTC,2013-07-17
1133,1392232532777,2014-02-12 14:15:32 UTC,2014-02-12
1134,1349376440614,2012-10-04 14:47:20 UTC,2012-10-04
1135,1345838053982,2012-08-24 15:54:13 UTC,2012-08-24
1136,1334909511865,2012-04-20 04:11:51 UTC,2012-04-20
1137,1359738483706,2013-02-01 12:08:03 UTC,2013-02-01
1138,1389929142027,2014-01-16 22:25:42 UTC,2014-01-16
1139,1384276319013,2013-11-12 12:11:59 UTC,2013-11-12
1140,1401973352049,2014-06-05 09:02:32 UTC,2014-06-05
1141,1348013936874,2012-09-18 20:18:56 UTC,2012-09-18
1142,1408173836645,2014-08-16 03:23:56 UTC,2014-08-16
1143,1397607073898,2014-04-15 20:11:13 UTC,2014-04-15
1144,1376401063752,2013-08-13 09:37:43 UTC,2013-08-13
1145,1403084559417,2014-06-18 05:42:39 UTC,2014-06-18
1146,1390931743600,2014-01-28 12:55:43 UTC,2014-01-28
1147,1366880901100,2013-04-25 05:08:21 UTC,2013-04-25
1148,1336054337905,2012-05-03 10:12:17 UTC,2012-05-03
1149,1380527287088,2013-09-30 03:48:07 UTC,2013-09-30
1150,1403637105658,2014-06-24 15:11:45 UTC,2014-06-24
1151,1389826090274,2014-01-15 17:48:10 UTC,2014-01-15
1152,1364844023805,2013-04-01 15:20:23 UTC,2013-04-01
1153,1408728631102,2014-08-22 13:30:31 UTC,2014-08-22
1154,1400673493599,2014-05-21 07:58:13 UTC,2014-05-21
1155,1386389058891,2013-12-06 23:04:18 UTC,2013-12-06
1156,1355784419219,2012-12-17 17:46:59 UTC,2012-12-17
1157,1326319923516,2012-01-11 17:12:03 UTC,2012-01-11
1158,1394451834728,2014-03-10 07:43:54 UTC,2014-03-10
1159,1369263906832,2013-05-22 19:05:06 UTC,2013-05-22
1160,1374205243940,2013-07-18 23:40:43 UTC,2013-07-18
1161,1280281777375,2010-07-27 21:49:37 UTC,2010-07-27
1162,1357240228393,2013-01-03 14:10:28 UTC,2013-01-03
1163,1311681305480,2011-07-26 07:55:05 UTC,2011-07-26
1164,1379372998773,2013-09-16 19:09:58 UTC,2013-09-16
1165,1355861782492,2012-12-18 15:16:22 UTC,2012-12-18
1166,1401833974801,2014-06-03 18:19:34 UTC,2014-06-03
1167,1371566631243,2013-06-18 10:43:51 UTC,2013-06-18
1168,1392978501010,2014-02-21 05:28:21 UTC,2014-02-21
1169,1380048276961,2013-09-24 14:44:36 UTC,2013-09-24
1170,1372154863334,2013-06-25 06:07:43 UTC,2013-06-25
1171,1393942686022,2014-03-04 09:18:06 UTC,2014-03-04
1172,1317083160809,2011-09-26 20:26:00 UTC,2011-09-26
1173,1393476696612,2014-02-26 23:51:36 UTC,2014-02-26
1174,1362015637578,2013-02-27 20:40:37 UTC,2013-02-27
1175,1409820789422,2014-09-04 04:53:09 UTC,2014-09-04
1176,1336755604422,2012-05-11 13:00:04 UTC,2012-05-11
1177,1405525030486,2014-07-16 11:37:10 UTC,2014-07-16
1178,1406935981796,2014-08-01 19:33:01 UTC,2014-08-01
1179,1402055198216,2014-06-06 07:46:38 UTC,2014-06-06
1180,1345645438996,2012-08-22 10:23:58 UTC,2012-08-22
1181,1407511404804,2014-08-08 11:23:24 UTC,2014-08-08
1182,1246745188298,2009-07-04 18:06:28 UTC,2009-07-04
1183,1384950098901,2013-11-20 07:21:38 UTC,2013-11-20
1184,1387266881774,2013-12-17 02:54:41 UTC,2013-12-17
1185,1365552544133,2013-04-09 20:09:04 UTC,2013-04-09
1186,1374539125630,2013-07-22 20:25:25 UTC,2013-07-22
1187,1359300286633,2013-01-27 10:24:46 UTC,2013-01-27
1188,1371964527853,2013-06-23 01:15:27 UTC,2013-06-23
1189,1381015359500,2013-10-05 19:22:39 UTC,2013-10-05
1190,1299003616987,2011-03-01 13:20:16 UTC,2011-03-01
1191,1407170770741,2014-08-04 12:46:10 UTC,2014-08-04
1192,1381281974021,2013-10-08 21:26:14 UTC,2013-10-08
1193,1377200772651,2013-08-22 15:46:12 UTC,2013-08-22
1194,1408950906817,2014-08-25 03:15:06 UTC,2014-08-25
1195,1374375520346,2013-07-20 22:58:40 UTC,2013-07-20
1196,1395843340261,2014-03-26 10:15:40 UTC,2014-03-26
1197,1374265607592,2013-07-19 16:26:47 UTC,2013-07-19
1198,1375235548367,2013-07-30 21:52:28 UTC,2013-07-30
1199,1403496982865,2014-06-23 00:16:22 UTC,2014-06-23
1200,1366753977328,2013-04-23 17:52:57 UTC,2013-04-23
1201,1410816483566,2014-09-15 17:28:03 UTC,2014-09-15
1202,1355211626765,2012-12-11 02:40:26 UTC,2012-12-11
1203,1398704690433,2014-04-28 13:04:50 UTC,2014-04-28
1204,1283536788567,2010-09-03 13:59:48 UTC,2010-09-03
1205,1362023661888,2013-02-27 22:54:21 UTC,2013-02-27
1206,1339999847395,2012-06-18 02:10:47 UTC,2012-06-18
1207,1316800455354,2011-09-23 13:54:15 UTC,2011-09-23
1208,1357580772757,2013-01-07 12:46:12 UTC,2013-01-07
1209,1396003548186,2014-03-28 06:45:48 UTC,2014-03-28
1210,1382240491481,2013-10-19 23:41:31 UTC,2013-10-19
1211,1320274298915,2011-11-02 18:51:38 UTC,2011-11-02
1212,1390551918734,2014-01-24 03:25:18 UTC,2014-01-24
1213,1410648129112,2014-09-13 18:42:09 UTC,2014-09-13
1214,1401117666377,2014-05-26 11:21:06 UTC,2014-05-26
1215,1335268188890,2012-04-24 07:49:48 UTC,2012-04-24
1216,1353952142124,2012-11-26 12:49:02 UTC,2012-11-26
1217,1358182266598,2013-01-14 11:51:06 UTC,2013-01-14
1218,1390886942436,2014-01-28 00:29:02 UTC,2014-01-28
1219,1277318137561,2010-06-23 14:35:37 UTC,2010-06-23
1220,1362473888456,2013-03-05 03:58:08 UTC,2013-03-05
1221,1367372102645,2013-04-30 21:35:02 UTC,2013-04-30
1222,1391576980522,2014-02-05 00:09:40 UTC,2014-02-05
1223,1410837564209,2014-09-15 23:19:24 UTC,2014-09-15
1224,1409267171972,2014-08-28 19:06:11 UTC,2014-08-28
1225,1274311779647,2010-05-19 19:29:39 UTC,2010-05-19
1226,1384564582884,2013-11-15 20:16:22 UTC,2013-11-15
1227,1379456883171,2013-09-17 18:28:03 UTC,2013-09-17
1228,1401438633886,2014-05-30 04:30:33 UTC,2014-05-30
1229,1385859453496,2013-11-30 19:57:33 UTC,2013-11-30
1230,1389383601218,2014-01-10 14:53:21 UTC,2014-01-10
1231,1384301906112,2013-11-12 19:18:26 UTC,2013-11-12
1232,1392254472827,2014-02-12 20:21:12 UTC,2014-02-12
1233,1389132771551,2014-01-07 17:12:51 UTC,2014-01-07
1234,1379362057478,2013-09-16 16:07:37 UTC,2013-09-16
1235,1240898629123,2009-04-28 02:03:49 UTC,2009-04-28
1236,1356772945130,2012-12-29 04:22:25 UTC,2012-12-29
1237,1362680972999,2013-03-07 13:29:32 UTC,2013-03-07
1238,1376524508286,2013-08-14 19:55:08 UTC,2013-08-14
1239,1402425956798,2014-06-10 14:45:56 UTC,2014-06-10
1240,1406176506244,2014-07-24 00:35:06 UTC,2014-07-24
1241,1375232768504,2013-07-30 21:06:08 UTC,2013-07-30
1242,1379549572392,2013-09-18 20:12:52 UTC,2013-09-18
1243,1326750459481,2012-01-16 16:47:39 UTC,2012-01-16
1244,1390943156286,2014-01-28 16:05:56 UTC,2014-01-28
1245,1330448869398,2012-02-28 12:07:49 UTC,2012-02-28
1246,1390609276981,2014-01-24 19:21:16 UTC,2014-01-24
1247,1390421664572,2014-01-22 15:14:24 UTC,2014-01-22
1248,1345827573325,2012-08-24 12:59:33 UTC,2012-08-24
1249,1393833231429,2014-03-03 02:53:51 UTC,2014-03-03
1250,1373061848098,2013-07-05 18:04:08 UTC,2013-07-05
1251,1324358039701,2011-12-20 00:13:59 UTC,2011-12-20
1252,1381879170703,2013-10-15 19:19:30 UTC,2013-10-15
1253,1404388078022,2014-07-03 07:47:58 UTC,2014-07-03
1254,1383764416470,2013-11-06 14:00:16 UTC,2013-11-06
1255,1372308564601,2013-06-27 00:49:24 UTC,2013-06-27
1256,1387223711335,2013-12-16 14:55:11 UTC,2013-12-16
1257,1377201915527,2013-08-22 16:05:15 UTC,2013-08-22
1258,1374304844045,2013-07-20 03:20:44 UTC,2013-07-20
1259,1402698940901,2014-06-13 18:35:40 UTC,2014-06-13
1260,1399588414013,2014-05-08 18:33:34 UTC,2014-05-08
1261,1331588702511,2012-03-12 17:45:02 UTC,2012-03-12
1262,1381884983764,2013-10-15 20:56:23 UTC,2013-10-15
1263,1349812071235,2012-10-09 15:47:51 UTC,2012-10-09
1264,1406939033841,2014-08-01 20:23:53 UTC,2014-08-01
1265,1343946118320,2012-08-02 18:21:58 UTC,2012-08-02
1266,1377039658866,2013-08-20 19:00:58 UTC,2013-08-20
1267,1396664187033,2014-04-04 22:16:27 UTC,2014-04-04
1268,1379710741374,2013-09-20 16:59:01 UTC,2013-09-20
1269,1334824475690,2012-04-19 04:34:35 UTC,2012-04-19
1270,1362932580369,2013-03-10 12:23:00 UTC,2013-03-10
1271,1295567129649,2011-01-20 18:45:29 UTC,2011-01-20
1272,1345725612862,2012-08-23 08:40:12 UTC,2012-08-23
1273,1384352768787,2013-11-13 09:26:08 UTC,2013-11-13
1274,1397518031184,2014-04-14 19:27:11 UTC,2014-04-14
1275,1393945962685,2014-03-04 10:12:42 UTC,2014-03-04
1276,1374881536694,2013-07-26 19:32:16 UTC,2013-07-26
1277,1368252827326,2013-05-11 02:13:47 UTC,2013-05-11
1278,1374143507329,2013-07-18 06:31:47 UTC,2013-07-18
1279,1345675563831,2012-08-22 18:46:03 UTC,2012-08-22
1280,1401753891537,2014-06-02 20:04:51 UTC,2014-06-02
1281,1376963392175,2013-08-19 21:49:52 UTC,2013-08-19
1282,1363493134463,2013-03-17 00:05:34 UTC,2013-03-17
1283,1363631767266,2013-03-18 14:36:07 UTC,2013-03-18
1284,1266473837108,2010-02-18 01:17:17 UTC,2010-02-18
1285,1384512351795,2013-11-15 05:45:51 UTC,2013-11-15
1286,1363032019091,2013-03-11 16:00:19 UTC,2013-03-11
1287,1389617582204,2014-01-13 07:53:02 UTC,2014-01-13
1288,1384794997004,2013-11-18 12:16:37 UTC,2013-11-18
1289,1343715742817,2012-07-31 02:22:22 UTC,2012-07-31
1290,1337349698186,2012-05-18 10:01:38 UTC,2012-05-18
1291,1344835904114,2012-08-13 01:31:44 UTC,2012-08-13
1292,1354127290707,2012-11-28 13:28:10 UTC,2012-11-28
1293,1322337900568,2011-11-26 15:05:00 UTC,2011-11-26
1294,1250881661843,2009-08-21 15:07:41 UTC,2009-08-21
1295,1402750870854,2014-06-14 09:01:10 UTC,2014-06-14
1296,1398321320806,2014-04-24 02:35:20 UTC,2014-04-24
1297,1385912414454,2013-12-01 10:40:14 UTC,2013-12-01
1298,1352428166091,2012-11-08 21:29:26 UTC,2012-11-08
1299,1342654648208,2012-07-18 19:37:28 UTC,2012-07-18
1300,1339468399342,2012-06-11 22:33:19 UTC,2012-06-11
1301,1375378676614,2013-08-01 13:37:56 UTC,2013-08-01
1302,1384456181053,2013-11-14 14:09:41 UTC,2013-11-14
1303,1384487687031,2013-11-14 22:54:47 UTC,2013-11-14
1304,1266281346972,2010-02-15 19:49:06 UTC,2010-02-15
1305,1345839185220,2012-08-24 16:13:05 UTC,2012-08-24
1306,1378195175102,2013-09-03 03:59:35 UTC,2013-09-03
1307,1394755273442,2014-03-13 20:01:13 UTC,2014-03-13
1308,1406662019886,2014-07-29 15:26:59 UTC,2014-07-29
1309,1374618846297,2013-07-23 18:34:06 UTC,2013-07-23
1310,1373023407185,2013-07-05 07:23:27 UTC,2013-07-05
1311,1383238573547,2013-10-31 12:56:13 UTC,2013-10-31
1312,1381709520948,2013-10-13 20:12:00 UTC,2013-10-13
1313,1382289032604,2013-10-20 13:10:32 UTC,2013-10-20
1314,1355866427365,2012-12-18 16:33:47 UTC,2012-12-18
1315,1286607051090,2010-10-09 02:50:51 UTC,2010-10-09
1316,1351116407566,2012-10-24 18:06:47 UTC,2012-10-24
1317,1341871255256,2012-07-09 18:00:55 UTC,2012-07-09
1318,1382390313100,2013-10-21 17:18:33 UTC,2013-10-21
1319,1292363616430,2010-12-14 16:53:36 UTC,2010-12-14
1320,1294423892259,2011-01-07 13:11:32 UTC,2011-01-07
1321,1402977165505,2014-06-16 23:52:45 UTC,2014-06-16
1322,1392392011682,2014-02-14 10:33:31 UTC,2014-02-14
1323,1254163326090,2009-09-28 14:42:06 UTC,2009-09-28
1324,1379941224237,2013-09-23 09:00:24 UTC,2013-09-23
1325,1353533312776,2012-11-21 16:28:32 UTC,2012-11-21
1326,1400681623515,2014-05-21 10:13:43 UTC,2014-05-21
1327,1341554306721,2012-07-06 01:58:26 UTC,2012-07-06
1328,1356800607973,2012-12-29 12:03:27 UTC,2012-12-29
1329,1405006393768,2014-07-10 11:33:13 UTC,2014-07-10
1330,1385662206067,2013-11-28 13:10:06 UTC,2013-11-28
1331,1346426818180,2012-08-31 11:26:58 UTC,2012-08-31
1332,1336765755285,2012-05-11 15:49:15 UTC,2012-05-11
1333,1401826548492,2014-06-03 16:15:48 UTC,2014-06-03
1334,1382679584018,2013-10-25 01:39:44 UTC,2013-10-25
1335,1363634906280,2013-03-18 15:28:26 UTC,2013-03-18
1336,1279557888331,2010-07-19 12:44:48 UTC,2010-07-19
1337,1377555391047,2013-08-26 18:16:31 UTC,2013-08-26
1338,1350504294853,2012-10-17 16:04:54 UTC,2012-10-17
1339,1371598769349,2013-06-18 19:39:29 UTC,2013-06-18
1340,1405695271538,2014-07-18 10:54:31 UTC,2014-07-18
1341,1383588496582,2013-11-04 13:08:16 UTC,2013-11-04
1342,1317792560212,2011-10-05 01:29:20 UTC,2011-10-05
1343,1392944963240,2014-02-20 20:09:23 UTC,2014-02-20
1344,1243971524661,2009-06-02 15:38:44 UTC,2009-06-02
1345,1407512672011,2014-08-08 11:44:32 UTC,2014-08-08
1346,1371270886006,2013-06-15 00:34:46 UTC,2013-06-15
1347,1402321154422,2014-06-09 09:39:14 UTC,2014-06-09
1348,1385593073829,2013-11-27 17:57:53 UTC,2013-11-27
1349,1372701122721,2013-07-01 13:52:02 UTC,2013-07-01
1350,1386954423421,2013-12-13 12:07:03 UTC,2013-12-13
1351,1392456692490,2014-02-15 04:31:32 UTC,2014-02-15
1352,1401079118709,2014-05-26 00:38:38 UTC,2014-05-26
1353,1373399382391,2013-07-09 15:49:42 UTC,2013-07-09
1354,1349376747589,2012-10-04 14:52:27 UTC,2012-10-04
1355,1397069754483,2014-04-09 14:55:54 UTC,2014-04-09
1356,1349905244704,2012-10-10 17:40:44 UTC,2012-10-10
1357,1354133836622,2012-11-28 15:17:16 UTC,2012-11-28
1358,1386809163708,2013-12-11 19:46:03 UTC,2013-12-11
1359,1349137854155,2012-10-01 20:30:54 UTC,2012-10-01
1360,1328255387160,2012-02-03 02:49:47 UTC,2012-02-03
1361,1365143988133,2013-04-05 02:39:48 UTC,2013-04-05
1362,1392242274572,2014-02-12 16:57:54 UTC,2014-02-12
1363,1333044300957,2012-03-29 14:05:00 UTC,2012-03-29
1364,1368775451614,2013-05-17 03:24:11 UTC,2013-05-17
1365,1392089576714,2014-02-10 22:32:56 UTC,2014-02-10
1366,1395090798946,2014-03-17 17:13:18 UTC,2014-03-17
1367,1388172546699,2013-12-27 14:29:06 UTC,2013-12-27
1368,1381828460314,2013-10-15 05:14:20 UTC,2013-10-15
1369,1393979875070,2014-03-04 19:37:55 UTC,2014-03-04
1370,1286312983776,2010-10-05 17:09:43 UTC,2010-10-05
1371,1363834172718,2013-03-20 22:49:32 UTC,2013-03-20
1372,1377281445142,2013-08-23 14:10:45 UTC,2013-08-23
1373,1343429100416,2012-07-27 18:45:00 UTC,2012-07-27
1374,1363515834512,2013-03-17 06:23:54 UTC,2013-03-17
1375,1409178929364,2014-08-27 18:35:29 UTC,2014-08-27
1376,1378895266658,2013-09-11 06:27:46 UTC,2013-09-11
1377,1398288985871,2014-04-23 17:36:25 UTC,2014-04-23
1378,1366839608208,2013-04-24 17:40:08 UTC,2013-04-24
1379,1360242600559,2013-02-07 08:10:00 UTC,2013-02-07
1380,1406787774912,2014-07-31 02:22:54 UTC,2014-07-31
1381,1409263008692,2014-08-28 17:56:48 UTC,2014-08-28
1382,1387829071241,2013-12-23 15:04:31 UTC,2013-12-23
1383,1389137981302,2014-01-07 18:39:41 UTC,2014-01-07
1384,1363845812326,2013-03-21 02:03:32 UTC,2013-03-21
1385,1408789441232,2014-08-23 06:24:01 UTC,2014-08-23
1386,1362692434213,2013-03-07 16:40:34 UTC,2013-03-07
1387,1395917390785,2014-03-27 06:49:50 UTC,2014-03-27
1388,1408159372414,2014-08-15 23:22:52 UTC,2014-08-15
1389,1356026852852,2012-12-20 13:07:32 UTC,2012-12-20
1390,1366748217375,2013-04-23 16:16:57 UTC,2013-04-23
1391,1366060730095,2013-04-15 17:18:50 UTC,2013-04-15
1392,1358175476977,2013-01-14 09:57:56 UTC,2013-01-14
1393,1300160556683,2011-03-14 23:42:36 UTC,2011-03-14
1394,1392372013306,2014-02-14 05:00:13 UTC,2014-02-14
1395,1405530286470,2014-07-16 13:04:46 UTC,2014-07-16
1396,1283924776334,2010-09-08 01:46:16 UTC,2010-09-08
1397,1372928926976,2013-07-04 05:08:46 UTC,2013-07-04
1398,1374764766113,2013-07-25 11:06:06 UTC,2013-07-25
1399,1409820524828,2014-09-04 04:48:44 UTC,2014-09-04
1400,1403255917321,2014-06-20 05:18:37 UTC,2014-06-20
1401,1372404241538,2013-06-28 03:24:01 UTC,2013-06-28
1402,1402939557353,2014-06-16 13:25:57 UTC,2014-06-16
1403,1390380832772,2014-01-22 03:53:52 UTC,2014-01-22
1404,1384694443952,2013-11-17 08:20:43 UTC,2013-11-17
1405,1370980920340,2013-06-11 16:02:00 UTC,2013-06-11
1406,1395773312511,2014-03-25 14:48:32 UTC,2014-03-25
1407,1247595413028,2009-07-14 14:16:53 UTC,2009-07-14
1408,1390569772453,2014-01-24 08:22:52 UTC,2014-01-24
1409,1274252179823,2010-05-19 02:56:19 UTC,2010-05-19
1410,1364972409292,2013-04-03 03:00:09 UTC,2013-04-03
1411,1298412772618,2011-02-22 17:12:52 UTC,2011-02-22
1412,1363605319280,2013-03-18 07:15:19 UTC,2013-03-18
1413,1383570486968,2013-11-04 08:08:06 UTC,2013-11-04
1414,1361207011185,2013-02-18 12:03:31 UTC,2013-02-18
1415,1408108271807,2014-08-15 09:11:11 UTC,2014-08-15
1416,1395382797854,2014-03-21 02:19:57 UTC,2014-03-21
1417,1366909425257,2013-04-25 13:03:45 UTC,2013-04-25
1418,1374785758619,2013-07-25 16:55:58 UTC,2013-07-25
1419,1362013372429,2013-02-27 20:02:52 UTC,2013-02-27
1420,1392172118022,2014-02-11 21:28:38 UTC,2014-02-11
1421,1367337215980,2013-04-30 11:53:35 UTC,2013-04-30
1422,1365304934549,2013-04-06 23:22:14 UTC,2013-04-06
1423,1397744643941,2014-04-17 10:24:03 UTC,2014-04-17
1424,1393489381945,2014-02-27 03:23:01 UTC,2014-02-27
1425,1394437208309,2014-03-10 03:40:08 UTC,2014-03-10
1426,1408822979776,2014-08-23 15:42:59 UTC,2014-08-23
1427,1393618287943,2014-02-28 15:11:27 UTC,2014-02-28
1428,1362664957477,2013-03-07 09:02:37 UTC,2013-03-07
1429,1363977472589,2013-03-22 14:37:52 UTC,2013-03-22
1430,1383081798224,2013-10-29 17:23:18 UTC,2013-10-29
1431,1407574622219,2014-08-09 04:57:02 UTC,2014-08-09
1432,1275415023672,2010-06-01 13:57:03 UTC,2010-06-01
1433,1409668435340,2014-09-02 10:33:55 UTC,2014-09-02
1434,1389981038697,2014-01-17 12:50:38 UTC,2014-01-17
1435,1272298574357,2010-04-26 12:16:14 UTC,2010-04-26
1436,1408972957763,2014-08-25 09:22:37 UTC,2014-08-25
1437,1357940647392,2013-01-11 16:44:07 UTC,2013-01-11
1438,1385514203121,2013-11-26 20:03:23 UTC,2013-11-26
1439,1370597117295,2013-06-07 05:25:17 UTC,2013-06-07
1440,1277093917140,2010-06-21 00:18:37 UTC,2010-06-21
1441,1344974135627,2012-08-14 15:55:35 UTC,2012-08-14
1442,1340747973535,2012-06-26 17:59:33 UTC,2012-06-26
1443,1294213650124,2011-01-05 02:47:30 UTC,2011-01-05
1444,1404957227026,2014-07-09 21:53:47 UTC,2014-07-09
1445,1392423380634,2014-02-14 19:16:20 UTC,2014-02-14
1446,1383612744324,2013-11-04 19:52:24 UTC,2013-11-04
1447,1402958698830,2014-06-16 18:44:58 UTC,2014-06-16
1448,1386626580650,2013-12-09 17:03:00 UTC,2013-12-09
1449,1363729090692,2013-03-19 17:38:10 UTC,2013-03-19
1450,1375465770546,2013-08-02 13:49:30 UTC,2013-08-02
1451,1330281280871,2012-02-26 13:34:40 UTC,2012-02-26
1452,1383717184062,2013-11-06 00:53:04 UTC,2013-11-06
1453,1391470241787,2014-02-03 18:30:41 UTC,2014-02-03
1454,1366682071244,2013-04-22 21:54:31 UTC,2013-04-22
1455,1405550734077,2014-07-16 18:45:34 UTC,2014-07-16
1456,1346086193256,2012-08-27 12:49:53 UTC,2012-08-27
1457,1362424056775,2013-03-04 14:07:36 UTC,2013-03-04
1458,1400084415859,2014-05-14 12:20:15 UTC,2014-05-14
1459,1404206111957,2014-07-01 05:15:11 UTC,2014-07-01
1460,1361926340962,2013-02-26 19:52:20 UTC,2013-02-26
1461,1369257758391,2013-05-22 17:22:38 UTC,2013-05-22
1462,1362480330242,2013-03-05 05:45:30 UTC,2013-03-05
1463,1347897419621,2012-09-17 11:56:59 UTC,2012-09-17
1464,1410573643755,2014-09-12 22:00:43 UTC,2014-09-12
1465,1349207132518,2012-10-02 15:45:32 UTC,2012-10-02
1466,1346279890938,2012-08-29 18:38:10 UTC,2012-08-29
1467,1410406222107,2014-09-10 23:30:22 UTC,2014-09-10
1468,1393114741511,2014-02-22 19:19:01 UTC,2014-02-22
1469,1395901818078,2014-03-27 02:30:18 UTC,2014-03-27
1470,1397815204081,2014-04-18 06:00:04 UTC,2014-04-18
1471,1361287831755,2013-02-19 10:30:31 UTC,2013-02-19
1472,1372854963614,2013-07-03 08:36:03 UTC,2013-07-03
1473,1400642758808,2014-05-20 23:25:58 UTC,2014-05-20
1474,1391978043327,2014-02-09 15:34:03 UTC,2014-02-09
1475,1334781745769,2012-04-18 16:42:25 UTC,2012-04-18
1476,1372091383207,2013-06-24 12:29:43 UTC,2013-06-24
1477,1354748255919,2012-12-05 17:57:35 UTC,2012-12-05
1478,1362762802541,2013-03-08 12:13:22 UTC,2013-03-08
1479,1407193288105,2014-08-04 19:01:28 UTC,2014-08-04
1480,1396503793593,2014-04-03 01:43:13 UTC,2014-04-03
1481,1291947051029,2010-12-09 21:10:51 UTC,2010-12-09
1482,1369351450343,2013-05-23 19:24:10 UTC,2013-05-23
1483,1365500785654,2013-04-09 05:46:25 UTC,2013-04-09
1484,1333639872292,2012-04-05 11:31:12 UTC,2012-04-05
1485,1374556062622,2013-07-23 01:07:42 UTC,2013-07-23
1486,1385045848323,2013-11-21 09:57:28 UTC,2013-11-21
1487,1380362037266,2013-09-28 05:53:57 UTC,2013-09-28
1488,1353897231413,2012-11-25 21:33:51 UTC,2012-11-25
1489,1389392063365,2014-01-10 17:14:23 UTC,2014-01-10
1490,1345518210653,2012-08-20 23:03:30 UTC,2012-08-20
1491,1399498307644,2014-05-07 17:31:47 UTC,2014-05-07
1492,1387594778705,2013-12-20 21:59:38 UTC,2013-12-20
1493,1363535531650,2013-03-17 11:52:11 UTC,2013-03-17
1494,1376090136899,2013-08-09 19:15:36 UTC,2013-08-09
1495,1300929036912,2011-03-23 21:10:36 UTC,2011-03-23
1496,1402659574169,2014-06-13 07:39:34 UTC,2014-06-13
1497,1378229806131,2013-09-03 13:36:46 UTC,2013-09-03
1498,1263240669119,2010-01-11 15:11:09 UTC,2010-01-11
1499,1391734762989,2014-02-06 19:59:22 UTC,2014-02-06
1500,1379446151207,2013-09-17 15:29:11 UTC,2013-09-17
1501,1395918836157,2014-03-27 07:13:56 UTC,2014-03-27
1502,1348012813765,2012-09-18 20:00:13 UTC,2012-09-18
1503,1410548832233,2014-09-12 15:07:12 UTC,2014-09-12
1504,1395863035659,2014-03-26 15:43:55 UTC,2014-03-26
1505,1388895023402,2014-01-04 23:10:23 UTC,2014-01-04
1506,1372943953022,2013-07-04 09:19:13 UTC,2013-07-04
1507,1391048803391,2014-01-29 21:26:43 UTC,2014-01-29
1508,1402542536949,2014-06-11 23:08:56 UTC,2014-06-11
1509,1405402343928,2014-07-15 01:32:23 UTC,2014-07-15
1510,1348012340865,2012-09-18 19:52:20 UTC,2012-09-18
1511,1353360151297,2012-11-19 16:22:31 UTC,2012-11-19
1512,1367362648094,2013-04-30 18:57:28 UTC,2013-04-30
1513,1318371281677,2011-10-11 18:14:41 UTC,2011-10-11
1514,1381449888318,2013-10-10 20:04:48 UTC,2013-10-10
1515,1401725377380,2014-06-02 12:09:37 UTC,2014-06-02
1516,1339046475718,2012-06-07 01:21:15 UTC,2012-06-07
1517,1279943964380,2010-07-23 23:59:24 UTC,2010-07-23
1518,1360094147710,2013-02-05 14:55:47 UTC,2013-02-05
1519,1380231924756,2013-09-26 17:45:24 UTC,2013-09-26
1520,1290195041278,2010-11-19 14:30:41 UTC,2010-11-19
1521,1389912201498,2014-01-16 17:43:21 UTC,2014-01-16
1522,1406074693157,2014-07-22 20:18:13 UTC,2014-07-22
1523,1400251894621,2014-05-16 10:51:34 UTC,2014-05-16
1524,1348601827312,2012-09-25 15:37:07 UTC,2012-09-25
1525,1355788914166,2012-12-17 19:01:54 UTC,2012-12-17
1526,1406813413259,2014-07-31 09:30:13 UTC,2014-07-31
1527,1356770578647,2012-12-29 03:42:58 UTC,2012-12-29
1528,1405016882396,2014-07-10 14:28:02 UTC,2014-07-10
1529,1231706768788,2009-01-11 15:46:08 UTC,2009-01-11
1530,1279064155621,2010-07-13 19:35:55 UTC,2010-07-13
1531,1347028618540,2012-09-07 10:36:58 UTC,2012-09-07
1532,1400616550937,2014-05-20 16:09:10 UTC,2014-05-20
1533,1271801285302,2010-04-20 18:08:05 UTC,2010-04-20
1534,1357680903937,2013-01-08 16:35:03 UTC,2013-01-08
1535,1376343371831,2013-08-12 17:36:11 UTC,2013-08-12
1536,1397004796222,2014-04-08 20:53:16 UTC,2014-04-08
1537,1375048941845,2013-07-28 18:02:21 UTC,2013-07-28
1538,1362320950758,2013-03-03 09:29:10 UTC,2013-03-03
1539,1391649671268,2014-02-05 20:21:11 UTC,2014-02-05
1540,1363720673791,2013-03-19 15:17:53 UTC,2013-03-19
1541,1300493562042,2011-03-18 20:12:42 UTC,2011-03-18
1542,1399013559802,2014-05-02 02:52:39 UTC,2014-05-02
1543,1405960442260,2014-07-21 12:34:02 UTC,2014-07-21
1544,1362489656451,2013-03-05 08:20:56 UTC,2013-03-05
1545,1392426043650,2014-02-14 20:00:43 UTC,2014-02-14
1546,1372787225734,2013-07-02 13:47:05 UTC,2013-07-02
1547,1365782686406,2013-04-12 12:04:46 UTC,2013-04-12
1548,1388688709875,2014-01-02 13:51:49 UTC,2014-01-02
1549,1366845856517,2013-04-24 19:24:16 UTC,2013-04-24
1550,1369787424531,2013-05-28 20:30:24 UTC,2013-05-28
1551,1350389090670,2012-10-16 08:04:50 UTC,2012-10-16
1552,1353009854003,2012-11-15 15:04:14 UTC,2012-11-15
1553,1381861946754,2013-10-15 14:32:26 UTC,2013-10-15
1554,1402460771699,2014-06-11 00:26:11 UTC,2014-06-11
1555,1389146035018,2014-01-07 20:53:55 UTC,2014-01-07
1556,1382641253548,2013-10-24 15:00:53 UTC,2013-10-24
1557,1347490471587,2012-09-12 18:54:31 UTC,2012-09-12
1558,1381828894765,2013-10-15 05:21:34 UTC,2013-10-15
1559,1394230574277,2014-03-07 17:16:14 UTC,2014-03-07
1560,1409158429237,2014-08-27 12:53:49 UTC,2014-08-27
1561,1385515060426,2013-11-26 20:17:40 UTC,2013-11-26
1562,1350462992470,2012-10-17 04:36:32 UTC,2012-10-17
1563,1402449499338,2014-06-10 21:18:19 UTC,2014-06-10
1564,1363212896494,2013-03-13 18:14:56 UTC,2013-03-13
1565,1402312686823,2014-06-09 07:18:06 UTC,2014-06-09
1566,1396591835761,2014-04-04 02:10:35 UTC,2014-04-04
1567,1402551309785,2014-06-12 01:35:09 UTC,2014-06-12
1568,1362711597415,2013-03-07 21:59:57 UTC,2013-03-07
1569,1390929048552,2014-01-28 12:10:48 UTC,2014-01-28
1570,1354782699672,2012-12-06 03:31:39 UTC,2012-12-06
1571,1396429937737,2014-04-02 05:12:17 UTC,2014-04-02
1572,1395001004079,2014-03-16 16:16:44 UTC,2014-03-16
1573,1399586600651,2014-05-08 18:03:20 UTC,2014-05-08
1574,1370543927825,2013-06-06 14:38:47 UTC,2013-06-06
1575,1387774544971,2013-12-22 23:55:44 UTC,2013-12-22
1576,1362423960243,2013-03-04 14:06:00 UTC,2013-03-04
1577,1338221441581,2012-05-28 12:10:41 UTC,2012-05-28
1578,1349740943031,2012-10-08 20:02:23 UTC,2012-10-08
1579,1387580165517,2013-12-20 17:56:05 UTC,2013-12-20
1580,1286216831473,2010-10-04 14:27:11 UTC,2010-10-04
1581,1404183876139,2014-06-30 23:04:36 UTC,2014-06-30
1582,1338968535147,2012-06-06 03:42:15 UTC,2012-06-06
1583,1357587683664,2013-01-07 14:41:23 UTC,2013-01-07
1584,1393618489606,2014-02-28 15:14:49 UTC,2014-02-28
1585,1304970563444,2011-05-09 15:49:23 UTC,2011-05-09
1586,1380431563302,2013-09-29 01:12:43 UTC,2013-09-29
1587,1369084541643,2013-05-20 17:15:41 UTC,2013-05-20
1588,1407196755181,2014-08-04 19:59:15 UTC,2014-08-04
1589,1376612269961,2013-08-15 20:17:49 UTC,2013-08-15
1590,1376141914200,2013-08-10 09:38:34 UTC,2013-08-10
1591,1376545407472,2013-08-15 01:43:27 UTC,2013-08-15
1592,1368729973496,2013-05-16 14:46:13 UTC,2013-05-16
1593,1346176311761,2012-08-28 13:51:51 UTC,2012-08-28
1594,1274205217902,2010-05-18 13:53:37 UTC,2010-05-18
1595,1406322373023,2014-07-25 17:06:13 UTC,2014-07-25
1596,1410420406772,2014-09-11 03:26:46 UTC,2014-09-11
1597,1401458646521,2014-05-30 10:04:06 UTC,2014-05-30
1598,1337103634549,2012-05-15 13:40:34 UTC,2012-05-15
1599,1359599744846,2013-01-30 21:35:44 UTC,2013-01-30
1600,1347588742861,2012-09-13 22:12:22 UTC,2012-09-13
1601,1392625330661,2014-02-17 03:22:10 UTC,2014-02-17
1602,1338491807848,2012-05-31 15:16:47 UTC,2012-05-31
1603,1379816999109,2013-09-21 22:29:59 UTC,2013-09-21
1604,1359667405985,2013-01-31 16:23:25 UTC,2013-01-31
1605,1257852014482,2009-11-10 06:20:14 UTC,2009-11-10
1606,1393802334561,2014-03-02 18:18:54 UTC,2014-03-02
1607,1363219583706,2013-03-13 20:06:23 UTC,2013-03-13
1608,1387729490018,2013-12-22 11:24:50 UTC,2013-12-22
1609,1376002420338,2013-08-08 18:53:40 UTC,2013-08-08
1610,1287446322161,2010-10-18 19:58:42 UTC,2010-10-18
1611,1346022069182,2012-08-26 19:01:09 UTC,2012-08-26
1612,1402531120703,2014-06-11 19:58:40 UTC,2014-06-11
1613,1384122545724,2013-11-10 17:29:05 UTC,2013-11-10
1614,1357830726594,2013-01-10 10:12:06 UTC,2013-01-10
1615,1331811494496,2012-03-15 07:38:14 UTC,2012-03-15
1616,1388306066458,2013-12-29 03:34:26 UTC,2013-12-29
1617,1365812044700,2013-04-12 20:14:04 UTC,2013-04-12
1618,1393628065557,2014-02-28 17:54:25 UTC,2014-02-28
1619,1375155556703,2013-07-29 23:39:16 UTC,2013-07-29
1620,1383786219306,2013-11-06 20:03:39 UTC,2013-11-06
1621,1373412835308,2013-07-09 19:33:55 UTC,2013-07-09
1622,1392574660196,2014-02-16 13:17:40 UTC,2014-02-16
1623,1285147766482,2010-09-22 05:29:26 UTC,2010-09-22
1624,1336504714275,2012-05-08 15:18:34 UTC,2012-05-08
1625,1311565311181,2011-07-24 23:41:51 UTC,2011-07-24
1626,1407457717527,2014-08-07 20:28:37 UTC,2014-08-07
1627,1365587533967,2013-04-10 05:52:13 UTC,2013-04-10
1628,1314690181310,2011-08-30 03:43:01 UTC,2011-08-30
1629,1327274477466,2012-01-22 18:21:17 UTC,2012-01-22
1630,1381798281894,2013-10-14 20:51:21 UTC,2013-10-14
1631,1380822795864,2013-10-03 13:53:15 UTC,2013-10-03
1632,1387113982162,2013-12-15 08:26:22 UTC,2013-12-15
1633,1391478956328,2014-02-03 20:55:56 UTC,2014-02-03
1634,1405864289714,2014-07-20 09:51:29 UTC,2014-07-20
1635,1370644222082,2013-06-07 18:30:22 UTC,2013-06-07
1636,1335312800869,2012-04-24 20:13:20 UTC,2012-04-24
1637,1352997515877,2012-11-15 11:38:35 UTC,2012-11-15
1638,1403674791869,2014-06-25 01:39:51 UTC,2014-06-25
1639,1395878113861,2014-03-26 19:55:13 UTC,2014-03-26
1640,1390388903948,2014-01-22 06:08:23 UTC,2014-01-22
1641,1376353171608,2013-08-12 20:19:31 UTC,2013-08-12
1642,1407292587882,2014-08-05 22:36:27 UTC,2014-08-05
1643,1358171267793,2013-01-14 08:47:47 UTC,2013-01-14
1644,1389588497072,2014-01-12 23:48:17 UTC,2014-01-12
1645,1407873114003,2014-08-12 15:51:54 UTC,2014-08-12
1646,1398822319020,2014-04-29 21:45:19 UTC,2014-04-29
1647,1362665733167,2013-03-07 09:15:33 UTC,2013-03-07
1648,1382026872203,2013-10-17 12:21:12 UTC,2013-10-17
1649,1380290461938,2013-09-27 10:01:01 UTC,2013-09-27
1650,1401321264094,2014-05-28 19:54:24 UTC,2014-05-28
1651,1345838247615,2012-08-24 15:57:27 UTC,2012-08-24
1652,1400634178339,2014-05-20 21:02:58 UTC,2014-05-20
1653,1382474312313,2013-10-22 16:38:32 UTC,2013-10-22
1654,1374374297461,2013-07-20 22:38:17 UTC,2013-07-20
1655,1392944513178,2014-02-20 20:01:53 UTC,2014-02-20
1656,1407351692354,2014-08-06 15:01:32 UTC,2014-08-06
1657,1368146764990,2013-05-09 20:46:04 UTC,2013-05-09
1658,1380662854250,2013-10-01 17:27:34 UTC,2013-10-01
1659,1350474409289,2012-10-17 07:46:49 UTC,2012-10-17
1660,1378256082214,2013-09-03 20:54:42 UTC,2013-09-03
1661,1382659714348,2013-10-24 20:08:34 UTC,2013-10-24
1662,1381358637918,2013-10-09 18:43:57 UTC,2013-10-09
1663,1405466251356,2014-07-15 19:17:31 UTC,2014-07-15
1664,1349385754811,2012-10-04 17:22:34 UTC,2012-10-04
1665,1372165465879,2013-06-25 09:04:25 UTC,2013-06-25
1666,1402500471643,2014-06-11 11:27:51 UTC,2014-06-11
1667,1398283403798,2014-04-23 16:03:23 UTC,2014-04-23
1668,1358813629619,2013-01-21 19:13:49 UTC,2013-01-21
1669,1391445645999,2014-02-03 11:40:45 UTC,2014-02-03
1670,1344378264321,2012-08-07 18:24:24 UTC,2012-08-07
1671,1408035070065,2014-08-14 12:51:10 UTC,2014-08-14
1672,1379633671893,2013-09-19 19:34:31 UTC,2013-09-19
1673,1339019681551,2012-06-06 17:54:41 UTC,2012-06-06
1674,1407181654433,2014-08-04 15:47:34 UTC,2014-08-04
1675,1393409086981,2014-02-26 05:04:46 UTC,2014-02-26
1676,1375833287667,2013-08-06 19:54:47 UTC,2013-08-06
1677,1362108059099,2013-02-28 22:20:59 UTC,2013-02-28
1678,1365100075240,2013-04-04 14:27:55 UTC,2013-04-04
1679,1390989961970,2014-01-29 05:06:01 UTC,2014-01-29
1680,1392580620322,2014-02-16 14:57:00 UTC,2014-02-16
1681,1289446148840,2010-11-10 22:29:08 UTC,2010-11-10
1682,1384036457099,2013-11-09 17:34:17 UTC,2013-11-09
1683,1240597198973,2009-04-24 14:19:58 UTC,2009-04-24
1684,1334727004036,2012-04-18 01:30:04 UTC,2012-04-18
1685,1340408021438,2012-06-22 19:33:41 UTC,2012-06-22
1686,1348360645849,2012-09-22 20:37:25 UTC,2012-09-22
1687,1395700151428,2014-03-24 18:29:11 UTC,2014-03-24
1688,1370380872769,2013-06-04 17:21:12 UTC,2013-06-04
1689,1353514231007,2012-11-21 11:10:31 UTC,2012-11-21
1690,1334296821232,2012-04-13 02:00:21 UTC,2012-04-13
1691,1400906277758,2014-05-24 00:37:57 UTC,2014-05-24
1692,1408645160141,2014-08-21 14:19:20 UTC,2014-08-21
1693,1389247365079,2014-01-09 01:02:45 UTC,2014-01-09
1694,1393007589543,2014-02-21 13:33:09 UTC,2014-02-21
1695,1394061239241,2014-03-05 18:13:59 UTC,2014-03-05
1696,1383576835062,2013-11-04 09:53:55 UTC,2013-11-04
1697,1378505955926,2013-09-06 18:19:15 UTC,2013-09-06
1698,1404775556449,2014-07-07 19:25:56 UTC,2014-07-07
1699,1393347412029,2014-02-25 11:56:52 UTC,2014-02-25
1700,1369937579441,2013-05-30 14:12:59 UTC,2013-05-30
1701,1410396105142,2014-09-10 20:41:45 UTC,2014-09-10
1702,1395046211670,2014-03-17 04:50:11 UTC,2014-03-17
1703,1379630551238,2013-09-19 18:42:31 UTC,2013-09-19
1704,1379114677839,2013-09-13 19:24:37 UTC,2013-09-13
1705,1408681165360,2014-08-22 00:19:25 UTC,2014-08-22
1706,1378780388961,2013-09-09 22:33:08 UTC,2013-09-09
1707,1254948229932,2009-10-07 16:43:49 UTC,2009-10-07
1708,1385974358432,2013-12-02 03:52:38 UTC,2013-12-02
1709,1354081514802,2012-11-28 00:45:14 UTC,2012-11-28
1710,1405573197606,2014-07-17 00:59:57 UTC,2014-07-17
1711,1409073671648,2014-08-26 13:21:11 UTC,2014-08-26
1712,1379478844177,2013-09-18 00:34:04 UTC,2013-09-18
1713,1376352735489,2013-08-12 20:12:15 UTC,2013-08-12
1714,1389926693351,2014-01-16 21:44:53 UTC,2014-01-16
1715,1403518996992,2014-06-23 06:23:16 UTC,2014-06-23
1716,1396025216181,2014-03-28 12:46:56 UTC,2014-03-28
1717,1356628830551,2012-12-27 12:20:30 UTC,2012-12-27
1718,1389705333958,2014-01-14 08:15:33 UTC,2014-01-14
1719,1400637694250,2014-05-20 22:01:34 UTC,2014-05-20
1720,1358382036822,2013-01-16 19:20:36 UTC,2013-01-16
1721,1377734668490,2013-08-28 20:04:28 UTC,2013-08-28
1722,1235478008239,2009-02-24 07:20:08 UTC,2009-02-24
1723,1396028576256,2014-03-28 13:42:56 UTC,2014-03-28
1724,1276287383007,2010-06-11 16:16:23 UTC,2010-06-11
1725,1394726043711,2014-03-13 11:54:03 UTC,2014-03-13
1726,1387961374298,2013-12-25 03:49:34 UTC,2013-12-25
1727,1371849852953,2013-06-21 17:24:12 UTC,2013-06-21
1728,1378315258802,2013-09-04 13:20:58 UTC,2013-09-04
1729,1348018704228,2012-09-18 21:38:24 UTC,2012-09-18
1730,1405729296040,2014-07-18 20:21:36 UTC,2014-07-18
1731,1323466741355,2011-12-09 16:39:01 UTC,2011-12-09
1732,1235428211944,2009-02-23 17:30:11 UTC,2009-02-23
1733,1263225131593,2010-01-11 10:52:11 UTC,2010-01-11
1734,1337838524973,2012-05-24 01:48:44 UTC,2012-05-24
1735,1346314024373,2012-08-30 04:07:04 UTC,2012-08-30
1736,1382482459415,2013-10-22 18:54:19 UTC,2013-10-22
1737,1298893869903,2011-02-28 06:51:09 UTC,2011-02-28
1738,1360013615844,2013-02-04 16:33:35 UTC,2013-02-04
1739,1402989294137,2014-06-17 03:14:54 UTC,2014-06-17
1740,1288869525551,2010-11-04 07:18:45 UTC,2010-11-04
1741,1386812712328,2013-12-11 20:45:12 UTC,2013-12-11
1742,1373917303398,2013-07-15 15:41:43 UTC,2013-07-15
1743,1263255534521,2010-01-11 19:18:54 UTC,2010-01-11
1744,1348553371503,2012-09-25 02:09:31 UTC,2012-09-25
1745,1335666277906,2012-04-28 22:24:37 UTC,2012-04-28
1746,1305553395085,2011-05-16 09:43:15 UTC,2011-05-16
1747,1337644917703,2012-05-21 20:01:57 UTC,2012-05-21
1748,1389402450178,2014-01-10 20:07:30 UTC,2014-01-10
1749,1275951679273,2010-06-07 19:01:19 UTC,2010-06-07
1750,1392112303752,2014-02-11 04:51:43 UTC,2014-02-11
1751,1374511636482,2013-07-22 12:47:16 UTC,2013-07-22
1752,1398315485913,2014-04-24 00:58:05 UTC,2014-04-24
1753,1348261000487,2012-09-21 16:56:40 UTC,2012-09-21
1754,1358383695679,2013-01-16 19:48:15 UTC,2013-01-16
1755,1369955841675,2013-05-30 19:17:21 UTC,2013-05-30
1756,1392711787042,2014-02-18 03:23:07 UTC,2014-02-18
1757,1371399148179,2013-06-16 12:12:28 UTC,2013-06-16
1758,1387311009145,2013-12-17 15:10:09 UTC,2013-12-17
1759,1386818755798,2013-12-11 22:25:55 UTC,2013-12-11
1760,1400794467741,2014-05-22 17:34:27 UTC,2014-05-22
1761,1316660393981,2011-09-21 22:59:53 UTC,2011-09-21
1762,1355017951091,2012-12-08 20:52:31 UTC,2012-12-08
1763,1383329679989,2013-11-01 14:14:39 UTC,2013-11-01
1764,1375742000949,2013-08-05 18:33:20 UTC,2013-08-05
1765,1263878763853,2010-01-19 00:26:03 UTC,2010-01-19
1766,1348013800318,2012-09-18 20:16:40 UTC,2012-09-18
1767,1385497733494,2013-11-26 15:28:53 UTC,2013-11-26
1768,1352201602505,2012-11-06 06:33:22 UTC,2012-11-06
1769,1403221040447,2014-06-19 19:37:20 UTC,2014-06-19
1770,1403881828868,2014-06-27 11:10:28 UTC,2014-06-27
1771,1355932968051,2012-12-19 11:02:48 UTC,2012-12-19
1772,1366677526355,2013-04-22 20:38:46 UTC,2013-04-22
1773,1365445098044,2013-04-08 14:18:18 UTC,2013-04-08
1774,1384945426166,2013-11-20 06:03:46 UTC,2013-11-20
1775,1353374953415,2012-11-19 20:29:13 UTC,2012-11-19
1776,1389730851796,2014-01-14 15:20:51 UTC,2014-01-14
1777,1403193931678,2014-06-19 12:05:31 UTC,2014-06-19
1778,1389401258617,2014-01-10 19:47:38 UTC,2014-01-10
1779,1405549026645,2014-07-16 18:17:06 UTC,2014-07-16
1780,1334839233396,2012-04-19 08:40:33 UTC,2012-04-19
1781,1388735756289,2014-01-03 02:55:56 UTC,2014-01-03
1782,1375475340827,2013-08-02 16:29:00 UTC,2013-08-02
1783,1403429100451,2014-06-22 05:25:00 UTC,2014-06-22
1784,1378421688387,2013-09-05 18:54:48 UTC,2013-09-05
1785,1377734203824,2013-08-28 19:56:43 UTC,2013-08-28
1786,1386891312419,2013-12-12 18:35:12 UTC,2013-12-12
1787,1366297288343,2013-04-18 11:01:28 UTC,2013-04-18
1788,1380002491045,2013-09-24 02:01:31 UTC,2013-09-24
1789,1288295380629,2010-10-28 15:49:40 UTC,2010-10-28
1790,1394729612093,2014-03-13 12:53:32 UTC,2014-03-13
1791,1386271892313,2013-12-05 14:31:32 UTC,2013-12-05
1792,1364864840028,2013-04-01 21:07:20 UTC,2013-04-01
1793,1294960736420,2011-01-13 18:18:56 UTC,2011-01-13
1794,1388980934769,2014-01-05 23:02:14 UTC,2014-01-05
1795,1394016805628,2014-03-05 05:53:25 UTC,2014-03-05
1796,1381917430669,2013-10-16 05:57:10 UTC,2013-10-16
1797,1366839650137,2013-04-24 17:40:50 UTC,2013-04-24
1798,1368139139235,2013-05-09 18:38:59 UTC,2013-05-09
1799,1334876911305,2012-04-19 19:08:31 UTC,2012-04-19
1800,1391421569100,2014-02-03 04:59:29 UTC,2014-02-03
1801,1369959907751,2013-05-30 20:25:07 UTC,2013-05-30
1802,1275425888538,2010-06-01 16:58:08 UTC,2010-06-01
1803,1405625833167,2014-07-17 15:37:13 UTC,2014-07-17
1804,1378239610521,2013-09-03 16:20:10 UTC,2013-09-03
1805,1407233245848,2014-08-05 06:07:25 UTC,2014-08-05
1806,1348014558460,2012-09-18 20:29:18 UTC,2012-09-18
1807,1395782004074,2014-03-25 17:13:24 UTC,2014-03-25
1808,1322592087036,2011-11-29 13:41:27 UTC,2011-11-29
1809,1409682787045,2014-09-02 14:33:07 UTC,2014-09-02
1810,1315878691616,2011-09-12 21:51:31 UTC,2011-09-12
1811,1350479180014,2012-10-17 09:06:20 UTC,2012-10-17
1812,1392243544962,2014-02-12 17:19:04 UTC,2014-02-12
1813,1395962388593,2014-03-27 19:19:48 UTC,2014-03-27
1814,1393550485252,2014-02-27 20:21:25 UTC,2014-02-27
1815,1264430731791,2010-01-25 09:45:31 UTC,2010-01-25
1816,1387593062304,2013-12-20 21:31:02 UTC,2013-12-20
1817,1380668811118,2013-10-01 19:06:51 UTC,2013-10-01
1818,1269227478213,2010-03-21 23:11:18 UTC,2010-03-21
1819,1305551830156,2011-05-16 09:17:10 UTC,2011-05-16
1820,1370644812067,2013-06-07 18:40:12 UTC,2013-06-07
1821,1300393112012,2011-03-17 16:18:32 UTC,2011-03-17
1822,1337262157056,2012-05-17 09:42:37 UTC,2012-05-17
1823,1394829045378,2014-03-14 16:30:45 UTC,2014-03-14
1824,1403534270737,2014-06-23 10:37:50 UTC,2014-06-23
1825,1400977185550,2014-05-24 20:19:45 UTC,2014-05-24
1826,1386132423635,2013-12-03 23:47:03 UTC,2013-12-03
1827,1397663208293,2014-04-16 11:46:48 UTC,2014-04-16
1828,1348001619187,2012-09-18 16:53:39 UTC,2012-09-18
1829,1396303961976,2014-03-31 18:12:41 UTC,2014-03-31
1830,1371862074560,2013-06-21 20:47:54 UTC,2013-06-21
1831,1407449444831,2014-08-07 18:10:44 UTC,2014-08-07
1832,1359119966243,2013-01-25 08:19:26 UTC,2013-01-25
1833,1341844707511,2012-07-09 10:38:27 UTC,2012-07-09
1834,1386631059984,2013-12-09 18:17:39 UTC,2013-12-09
1835,1345392519844,2012-08-19 12:08:39 UTC,2012-08-19
1836,1374527063886,2013-07-22 17:04:23 UTC,2013-07-22
1837,1402954801761,2014-06-16 17:40:01 UTC,2014-06-16
1838,1276453788744,2010-06-13 14:29:48 UTC,2010-06-13
1839,1407873353404,2014-08-12 15:55:53 UTC,2014-08-12
1840,1379268479455,2013-09-15 14:07:59 UTC,2013-09-15
1841,1336595119492,2012-05-09 16:25:19 UTC,2012-05-09
1842,1350069027876,2012-10-12 15:10:27 UTC,2012-10-12
1843,1393122824711,2014-02-22 21:33:44 UTC,2014-02-22
1844,1393945319330,2014-03-04 10:01:59 UTC,2014-03-04
1845,1362039159078,2013-02-28 03:12:39 UTC,2013-02-28
1846,1400825394732,2014-05-23 02:09:54 UTC,2014-05-23
1847,1396394018614,2014-04-01 19:13:38 UTC,2014-04-01
1848,1385564163937,2013-11-27 09:56:03 UTC,2013-11-27
1849,1382286920812,2013-10-20 12:35:20 UTC,2013-10-20
1850,1187453018244,2007-08-18 12:03:38 UTC,2007-08-18
1851,1377635298526,2013-08-27 16:28:18 UTC,2013-08-27
1852,1332355130693,2012-03-21 14:38:50 UTC,2012-03-21
1853,1407395290349,2014-08-07 03:08:10 UTC,2014-08-07
1854,1354294314635,2012-11-30 11:51:54 UTC,2012-11-30
1855,1379659028610,2013-09-20 02:37:08 UTC,2013-09-20
1856,1387788092862,2013-12-23 03:41:32 UTC,2013-12-23
1857,1381383173040,2013-10-10 01:32:53 UTC,2013-10-10
1858,1386887979693,2013-12-12 17:39:39 UTC,2013-12-12
1859,1393969626126,2014-03-04 16:47:06 UTC,2014-03-04
1860,1400286592097,2014-05-16 20:29:52 UTC,2014-05-16
1861,1383886527027,2013-11-07 23:55:27 UTC,2013-11-07
1862,1271655270392,2010-04-19 01:34:30 UTC,2010-04-19
1863,1390431616040,2014-01-22 18:00:16 UTC,2014-01-22
1864,1392336988655,2014-02-13 19:16:28 UTC,2014-02-13
1865,1408356454054,2014-08-18 06:07:34 UTC,2014-08-18
1866,1404789126792,2014-07-07 23:12:06 UTC,2014-07-07
1867,1394657936355,2014-03-12 16:58:56 UTC,2014-03-12
1868,1374016032018,2013-07-16 19:07:12 UTC,2013-07-16
1869,1409108550491,2014-08-26 23:02:30 UTC,2014-08-26
1870,1361341441036,2013-02-20 01:24:01 UTC,2013-02-20
1871,1394792962091,2014-03-14 06:29:22 UTC,2014-03-14
1872,1358791378951,2013-01-21 13:02:58 UTC,2013-01-21
1873,1390931859495,2014-01-28 12:57:39 UTC,2014-01-28
1874,1376072184483,2013-08-09 14:16:24 UTC,2013-08-09
1875,1233636680187,2009-02-02 23:51:20 UTC,2009-02-02
1876,1368559429813,2013-05-14 15:23:49 UTC,2013-05-14
1877,1405326783942,2014-07-14 04:33:03 UTC,2014-07-14
1878,1409633445878,2014-09-02 00:50:45 UTC,2014-09-02
1879,1407543317048,2014-08-08 20:15:17 UTC,2014-08-08
1880,1357152645516,2013-01-02 13:50:45 UTC,2013-01-02
1881,1254493473806,2009-10-02 10:24:33 UTC,2009-10-02
1882,1384893301038,2013-11-19 15:35:01 UTC,2013-11-19
1883,1397694405216,2014-04-16 20:26:45 UTC,2014-04-16
1884,1395680438448,2014-03-24 13:00:38 UTC,2014-03-24
1885,1365012456294,2013-04-03 14:07:36 UTC,2013-04-03
1886,1391707969370,2014-02-06 12:32:49 UTC,2014-02-06
1887,1379952935784,2013-09-23 12:15:35 UTC,2013-09-23
1888,1381184571609,2013-10-07 18:22:51 UTC,2013-10-07
1889,1380184950931,2013-09-26 04:42:30 UTC,2013-09-26
1890,1364943711209,2013-04-02 19:01:51 UTC,2013-04-02
1891,1410320032172,2014-09-09 23:33:52 UTC,2014-09-09
1892,1381869835974,2013-10-15 16:43:55 UTC,2013-10-15
1893,1382419351235,2013-10-22 01:22:31 UTC,2013-10-22
1894,1334598151882,2012-04-16 13:42:31 UTC,2012-04-16
1895,1381552878753,2013-10-12 00:41:18 UTC,2013-10-12
1896,1374092681649,2013-07-17 16:24:41 UTC,2013-07-17
1897,1378235986921,2013-09-03 15:19:46 UTC,2013-09-03
1898,1407747952979,2014-08-11 05:05:52 UTC,2014-08-11
1899,1368464791364,2013-05-13 13:06:31 UTC,2013-05-13
1900,1380044276687,2013-09-24 13:37:56 UTC,2013-09-24
1901,1388449689159,2013-12-30 19:28:09 UTC,2013-12-30
1902,1379377110352,2013-09-16 20:18:30 UTC,2013-09-16
1903,1351900918321,2012-11-02 20:01:58 UTC,2012-11-02
1904,1369675137388,2013-05-27 13:18:57 UTC,2013-05-27
1905,1362775496992,2013-03-08 15:44:56 UTC,2013-03-08
1906,1343866518322,2012-08-01 20:15:18 UTC,2012-08-01
1907,1358381762020,2013-01-16 19:16:02 UTC,2013-01-16
1908,1377886545367,2013-08-30 14:15:45 UTC,2013-08-30
1909,1389240407080,2014-01-08 23:06:47 UTC,2014-01-08
1910,1392770352749,2014-02-18 19:39:12 UTC,2014-02-18
1911,1362009669561,2013-02-27 19:01:09 UTC,2013-02-27
1912,1391634966889,2014-02-05 16:16:06 UTC,2014-02-05
1913,1383789419380,2013-11-06 20:56:59 UTC,2013-11-06
1914,1378754128103,2013-09-09 15:15:28 UTC,2013-09-09
1915,1374785254321,2013-07-25 16:47:34 UTC,2013-07-25
1916,1360375833014,2013-02-08 21:10:33 UTC,2013-02-08
1917,1367370957372,2013-04-30 21:15:57 UTC,2013-04-30
1918,1410647012565,2014-09-13 18:23:32 UTC,2014-09-13
1919,1355243600521,2012-12-11 11:33:20 UTC,2012-12-11
1920,1378974033271,2013-09-12 04:20:33 UTC,2013-09-12
1921,1402439816539,2014-06-10 18:36:56 UTC,2014-06-10
1922,1384693310245,2013-11-17 08:01:50 UTC,2013-11-17
1923,1324968060988,2011-12-27 01:41:00 UTC,2011-12-27
1924,1384225448923,2013-11-11 22:04:08 UTC,2013-11-11
1925,1374179553295,2013-07-18 16:32:33 UTC,2013-07-18
1926,1366680956782,2013-04-22 21:35:56 UTC,2013-04-22
1927,1249257997409,2009-08-02 20:06:37 UTC,2009-08-02
1928,1389750882247,2014-01-14 20:54:42 UTC,2014-01-14
1929,1379383122114,2013-09-16 21:58:42 UTC,2013-09-16
1930,1373151736572,2013-07-06 19:02:16 UTC,2013-07-06
1931,1390866175846,2014-01-27 18:42:55 UTC,2014-01-27
1932,1371798587057,2013-06-21 03:09:47 UTC,2013-06-21
1933,1403901514680,2014-06-27 16:38:34 UTC,2014-06-27
1934,1354925810032,2012-12-07 19:16:50 UTC,2012-12-07
1935,1395297731669,2014-03-20 02:42:11 UTC,2014-03-20
1936,1399640350323,2014-05-09 08:59:10 UTC,2014-05-09
1937,1367277483474,2013-04-29 19:18:03 UTC,2013-04-29
1938,1248997584250,2009-07-30 19:46:24 UTC,2009-07-30
1939,1295822087381,2011-01-23 17:34:47 UTC,2011-01-23
1940,1395910208998,2014-03-27 04:50:08 UTC,2014-03-27
1941,1368717514387,2013-05-16 11:18:34 UTC,2013-05-16
1942,1377129437183,2013-08-21 19:57:17 UTC,2013-08-21
1943,1389314375601,2014-01-09 19:39:35 UTC,2014-01-09
1944,1405417937052,2014-07-15 05:52:17 UTC,2014-07-15
1945,1277576868774,2010-06-26 14:27:48 UTC,2010-06-26
1946,1380924412449,2013-10-04 18:06:52 UTC,2013-10-04
1947,1335203026736,2012-04-23 13:43:46 UTC,2012-04-23
1948,1394128411417,2014-03-06 12:53:31 UTC,2014-03-06
1949,1398667515377,2014-04-28 02:45:15 UTC,2014-04-28
1950,1369345575991,2013-05-23 17:46:15 UTC,2013-05-23
1951,1391043985928,2014-01-29 20:06:25 UTC,2014-01-29
1952,1404468043618,2014-07-04 06:00:43 UTC,2014-07-04
1953,1367430237155,2013-05-01 13:43:57 UTC,2013-05-01
1954,1391980103239,2014-02-09 16:08:23 UTC,2014-02-09
1955,1393381213815,2014-02-25 21:20:13 UTC,2014-02-25
1956,1363228939935,2013-03-13 22:42:19 UTC,2013-03-13
1957,1396397058749,2014-04-01 20:04:18 UTC,2014-04-01
1958,1410856982548,2014-09-16 04:43:02 UTC,2014-09-16
1959,1369462657177,2013-05-25 02:17:37 UTC,2013-05-25
1960,1409351097354,2014-08-29 18:24:57 UTC,2014-08-29
1961,1344903014505,2012-08-13 20:10:14 UTC,2012-08-13
1962,1403726156162,2014-06-25 15:55:56 UTC,2014-06-25
1963,1365473154132,2013-04-08 22:05:54 UTC,2013-04-08
1964,1403879333005,2014-06-27 10:28:53 UTC,2014-06-27
1965,1378334866355,2013-09-04 18:47:46 UTC,2013-09-04
1966,1405660553069,2014-07-18 01:15:53 UTC,2014-07-18
1967,1362258071308,2013-03-02 16:01:11 UTC,2013-03-02
1968,1392120045891,2014-02-11 07:00:45 UTC,2014-02-11
1969,1296024904862,2011-01-26 01:55:04 UTC,2011-01-26
1970,1392885376870,2014-02-20 03:36:16 UTC,2014-02-20
1971,1410374857656,2014-09-10 14:47:37 UTC,2014-09-10
1972,1376078548420,2013-08-09 16:02:28 UTC,2013-08-09
1973,1358807021392,2013-01-21 17:23:41 UTC,2013-01-21
1974,1406567332581,2014-07-28 13:08:52 UTC,2014-07-28
1975,1362809844240,2013-03-09 01:17:24 UTC,2013-03-09
1976,1376438480147,2013-08-13 20:01:20 UTC,2013-08-13
1977,1408119048347,2014-08-15 12:10:48 UTC,2014-08-15
1978,1403168755795,2014-06-19 05:05:55 UTC,2014-06-19
1979,1387834215455,2013-12-23 16:30:15 UTC,2013-12-23
1980,1396022122323,2014-03-28 11:55:22 UTC,2014-03-28
1981,1365428019010,2013-04-08 09:33:39 UTC,2013-04-08
1982,1378482720534,2013-09-06 11:52:00 UTC,2013-09-06
1983,1337775992426,2012-05-23 08:26:32 UTC,2012-05-23
1984,1386206380818,2013-12-04 20:19:40 UTC,2013-12-04
1985,1391630272825,2014-02-05 14:57:52 UTC,2014-02-05
1986,1354446308076,2012-12-02 06:05:08 UTC,2012-12-02
1987,1409151194123,2014-08-27 10:53:14 UTC,2014-08-27
1988,1389227116104,2014-01-08 19:25:16 UTC,2014-01-08
1989,1385562755105,2013-11-27 09:32:35 UTC,2013-11-27
1990,1362004691444,2013-02-27 17:38:11 UTC,2013-02-27
1991,1395831968214,2014-03-26 07:06:08 UTC,2014-03-26
1992,1376349433375,2013-08-12 19:17:13 UTC,2013-08-12
1993,1386728728565,2013-12-10 21:25:28 UTC,2013-12-10
1994,1396886877998,2014-04-07 12:07:57 UTC,2014-04-07
1995,1343805502625,2012-08-01 03:18:22 UTC,2012-08-01
1996,1391462915878,2014-02-03 16:28:35 UTC,2014-02-03
1997,1337983473983,2012-05-25 18:04:33 UTC,2012-05-25
1998,1370535198672,2013-06-06 12:13:18 UTC,2013-06-06
1999,1390953175426,2014-01-28 18:52:55 UTC,2014-01-28
2000,1278195830564,2010-07-03 18:23:50 UTC,2010-07-03
2001,1400821594505,2014-05-23 01:06:34 UTC,2014-05-23
2002,1387957298251,2013-12-25 02:41:38 UTC,2013-12-25
2003,1358372719743,2013-01-16 16:45:19 UTC,2013-01-16
2004,1381822030497,2013-10-15 03:27:10 UTC,2013-10-15
2005,1366844409016,2013-04-24 19:00:09 UTC,2013-04-24
2006,1380156030463,2013-09-25 20:40:30 UTC,2013-09-25
2007,1392917509415,2014-02-20 12:31:49 UTC,2014-02-20
2008,1390240304815,2014-01-20 12:51:44 UTC,2014-01-20
2009,1395670098540,2014-03-24 10:08:18 UTC,2014-03-24
2010,1384517970927,2013-11-15 07:19:30 UTC,2013-11-15
2011,1380576943643,2013-09-30 17:35:43 UTC,2013-09-30
2012,1369342793711,2013-05-23 16:59:53 UTC,2013-05-23
2013,1404334762537,2014-07-02 16:59:22 UTC,2014-07-02
2014,1397666916960,2014-04-16 12:48:36 UTC,2014-04-16
2015,1406289986038,2014-07-25 08:06:26 UTC,2014-07-25
2016,1387344665308,2013-12-18 00:31:05 UTC,2013-12-18
2017,1381102077586,2013-10-06 19:27:57 UTC,2013-10-06
2018,1374264395222,2013-07-19 16:06:35 UTC,2013-07-19
2019,1383152415485,2013-10-30 13:00:15 UTC,2013-10-30
2020,1406587897188,2014-07-28 18:51:37 UTC,2014-07-28
2021,1383811880115,2013-11-07 03:11:20 UTC,2013-11-07
2022,1367548791131,2013-05-02 22:39:51 UTC,2013-05-02
2023,1337979593322,2012-05-25 16:59:53 UTC,2012-05-25
2024,1348012178372,2012-09-18 19:49:38 UTC,2012-09-18
2025,1403822434731,2014-06-26 18:40:34 UTC,2014-06-26
2026,1384207237763,2013-11-11 17:00:37 UTC,2013-11-11
2027,1376585428169,2013-08-15 12:50:28 UTC,2013-08-15
2028,1397767089702,2014-04-17 16:38:09 UTC,2014-04-17
2029,1373924756686,2013-07-15 17:45:56 UTC,2013-07-15
2030,1293054830584,2010-12-22 16:53:50 UTC,2010-12-22
2031,1380678394203,2013-10-01 21:46:34 UTC,2013-10-01
2032,1383968060670,2013-11-08 22:34:20 UTC,2013-11-08
2033,1354135573327,2012-11-28 15:46:13 UTC,2012-11-28
2034,1392304204898,2014-02-13 10:10:04 UTC,2014-02-13
2035,1397103788653,2014-04-10 00:23:08 UTC,2014-04-10
2036,1277256348452,2010-06-22 21:25:48 UTC,2010-06-22
2037,1384293743634,2013-11-12 17:02:23 UTC,2013-11-12
2038,1362762609796,2013-03-08 12:10:09 UTC,2013-03-08
2039,1377987383171,2013-08-31 18:16:23 UTC,2013-08-31
2040,1404784211822,2014-07-07 21:50:11 UTC,2014-07-07
2041,1359818610960,2013-02-02 10:23:30 UTC,2013-02-02
2042,1395735748803,2014-03-25 04:22:28 UTC,2014-03-25
2043,1397863283405,2014-04-18 19:21:23 UTC,2014-04-18
2044,1339399186856,2012-06-11 03:19:46 UTC,2012-06-11
2045,1379367709474,2013-09-16 17:41:49 UTC,2013-09-16
2046,1409819030714,2014-09-04 04:23:50 UTC,2014-09-04
2047,1370040294716,2013-05-31 18:44:54 UTC,2013-05-31
2048,1378255740635,2013-09-03 20:49:00 UTC,2013-09-03
2049,1375235949162,2013-07-30 21:59:09 UTC,2013-07-30
2050,1405966389671,2014-07-21 14:13:09 UTC,2014-07-21
2051,1322516876300,2011-11-28 16:47:56 UTC,2011-11-28
2052,1374776751284,2013-07-25 14:25:51 UTC,2013-07-25
2053,1407260719002,2014-08-05 13:45:19 UTC,2014-08-05
2054,1361572044702,2013-02-22 17:27:24 UTC,2013-02-22
2055,1378489595713,2013-09-06 13:46:35 UTC,2013-09-06
2056,1392625262636,2014-02-17 03:21:02 UTC,2014-02-17
2057,1382052000415,2013-10-17 19:20:00 UTC,2013-10-17
2058,1358469737537,2013-01-17 19:42:17 UTC,2013-01-17
2059,1370912329074,2013-06-10 20:58:49 UTC,2013-06-10
2060,1380064883636,2013-09-24 19:21:23 UTC,2013-09-24
2061,1382501579601,2013-10-23 00:12:59 UTC,2013-10-23
2062,1362774469895,2013-03-08 15:27:49 UTC,2013-03-08
2063,1398723641355,2014-04-28 18:20:41 UTC,2014-04-28
2064,1382030840608,2013-10-17 13:27:20 UTC,2013-10-17
2065,1396273758429,2014-03-31 09:49:18 UTC,2014-03-31
2066,1338144445688,2012-05-27 14:47:25 UTC,2012-05-27
2067,1379816477304,2013-09-21 22:21:17 UTC,2013-09-21
2068,1352739848991,2012-11-12 12:04:08 UTC,2012-11-12
2069,1363300031735,2013-03-14 18:27:11 UTC,2013-03-14
2070,1383138198397,2013-10-30 09:03:18 UTC,2013-10-30
2071,1391556667019,2014-02-04 18:31:07 UTC,2014-02-04
2072,1337626431871,2012-05-21 14:53:51 UTC,2012-05-21
2073,1346246616134,2012-08-29 09:23:36 UTC,2012-08-29
2074,1389361997724,2014-01-10 08:53:17 UTC,2014-01-10
2075,1397140708976,2014-04-10 10:38:28 UTC,2014-04-10
2076,1349112966983,2012-10-01 13:36:06 UTC,2012-10-01
2077,1386025754600,2013-12-02 18:09:14 UTC,2013-12-02
2078,1393648936588,2014-02-28 23:42:16 UTC,2014-02-28
2079,1377717166122,2013-08-28 15:12:46 UTC,2013-08-28
2080,1367481962550,2013-05-02 04:06:02 UTC,2013-05-02
2081,1370392785272,2013-06-04 20:39:45 UTC,2013-06-04
2082,1371101563923,2013-06-13 01:32:43 UTC,2013-06-13
2083,1403274573534,2014-06-20 10:29:33 UTC,2014-06-20
2084,1389915718745,2014-01-16 18:41:58 UTC,2014-01-16
2085,1368903694559,2013-05-18 15:01:34 UTC,2013-05-18
2086,1407170098002,2014-08-04 12:34:58 UTC,2014-08-04
2087,1366218939696,2013-04-17 13:15:39 UTC,2013-04-17
2088,1362630359220,2013-03-06 23:25:59 UTC,2013-03-06
2089,1362613664493,2013-03-06 18:47:44 UTC,2013-03-06
2090,1394600395622,2014-03-12 00:59:55 UTC,2014-03-12
2091,1374158324639,2013-07-18 10:38:44 UTC,2013-07-18
2092,1391466112417,2014-02-03 17:21:52 UTC,2014-02-03
2093,1394007283103,2014-03-05 03:14:43 UTC,2014-03-05
2094,1295025293361,2011-01-14 12:14:53 UTC,2011-01-14
2095,1389487361358,2014-01-11 19:42:41 UTC,2014-01-11
2096,1362739241654,2013-03-08 05:40:41 UTC,2013-03-08
2097,1358808249216,2013-01-21 17:44:09 UTC,2013-01-21
2098,1380733651598,2013-10-02 13:07:31 UTC,2013-10-02
2099,1403252918792,2014-06-20 04:28:38 UTC,2014-06-20
2100,1386797477042,2013-12-11 16:31:17 UTC,2013-12-11
2101,1384038233128,2013-11-09 18:03:53 UTC,2013-11-09
2102,1400874400784,2014-05-23 15:46:40 UTC,2014-05-23
2103,1378300452787,2013-09-04 09:14:12 UTC,2013-09-04
2104,1386652116268,2013-12-10 00:08:36 UTC,2013-12-10
2105,1381949486707,2013-10-16 14:51:26 UTC,2013-10-16
2106,1381471006559,2013-10-11 01:56:46 UTC,2013-10-11
2107,1397522771669,2014-04-14 20:46:11 UTC,2014-04-14
2108,1341619383279,2012-07-06 20:03:03 UTC,2012-07-06
2109,1389689305088,2014-01-14 03:48:25 UTC,2014-01-14
2110,1392408997054,2014-02-14 15:16:37 UTC,2014-02-14
2111,1402514593324,2014-06-11 15:23:13 UTC,2014-06-11
2112,1393002160093,2014-02-21 12:02:40 UTC,2014-02-21
2113,1360373559139,2013-02-08 20:32:39 UTC,2013-02-08
2114,1390857496854,2014-01-27 16:18:16 UTC,2014-01-27
2115,1377895104073,2013-08-30 16:38:24 UTC,2013-08-30
2116,1377975130937,2013-08-31 14:52:10 UTC,2013-08-31
2117,1359162080758,2013-01-25 20:01:20 UTC,2013-01-25
2118,1354241621685,2012-11-29 21:13:41 UTC,2012-11-29
2119,1397239879852,2014-04-11 14:11:19 UTC,2014-04-11
2120,1321478845556,2011-11-16 16:27:25 UTC,2011-11-16
2121,1395326554891,2014-03-20 10:42:34 UTC,2014-03-20
2122,1383934164773,2013-11-08 13:09:24 UTC,2013-11-08
2123,1376025726397,2013-08-09 01:22:06 UTC,2013-08-09
2124,1374963630117,2013-07-27 18:20:30 UTC,2013-07-27
2125,1377559217819,2013-08-26 19:20:17 UTC,2013-08-26
2126,1384203549788,2013-11-11 15:59:09 UTC,2013-11-11
2127,1403376048554,2014-06-21 14:40:48 UTC,2014-06-21
2128,1365777401861,2013-04-12 10:36:41 UTC,2013-04-12
2129,1334746537802,2012-04-18 06:55:37 UTC,2012-04-18
2130,1243445894591,2009-05-27 13:38:14 UTC,2009-05-27
2131,1379618551064,2013-09-19 15:22:31 UTC,2013-09-19
2132,1397604333375,2014-04-15 19:25:33 UTC,2014-04-15
2133,1369885365379,2013-05-29 23:42:45 UTC,2013-05-29
2134,1384560760294,2013-11-15 19:12:40 UTC,2013-11-15
2135,1379944288978,2013-09-23 09:51:28 UTC,2013-09-23
2136,1377594023738,2013-08-27 05:00:23 UTC,2013-08-27
2137,1357237603074,2013-01-03 13:26:43 UTC,2013-01-03
2138,1363022820141,2013-03-11 13:27:00 UTC,2013-03-11
2139,1300817826925,2011-03-22 14:17:06 UTC,2011-03-22
2140,1396756005589,2014-04-05 23:46:45 UTC,2014-04-05
2141,1347581483012,2012-09-13 20:11:23 UTC,2012-09-13
2142,1406252935273,2014-07-24 21:48:55 UTC,2014-07-24
2143,1389328337225,2014-01-09 23:32:17 UTC,2014-01-09
2144,1404138420055,2014-06-30 10:27:00 UTC,2014-06-30
2145,1381986823253,2013-10-17 01:13:43 UTC,2013-10-17
2146,1398460986097,2014-04-25 17:23:06 UTC,2014-04-25
2147,1408962918159,2014-08-25 06:35:18 UTC,2014-08-25
2148,1372118316586,2013-06-24 19:58:36 UTC,2013-06-24
2149,1381830908538,2013-10-15 05:55:08 UTC,2013-10-15
2150,1380063618334,2013-09-24 19:00:18 UTC,2013-09-24
2151,1338583327264,2012-06-01 16:42:07 UTC,2012-06-01
2152,1367604720868,2013-05-03 14:12:00 UTC,2013-05-03
2153,1343304041938,2012-07-26 08:00:41 UTC,2012-07-26
2154,1394679188106,2014-03-12 22:53:08 UTC,2014-03-12
2155,1409266372485,2014-08-28 18:52:52 UTC,2014-08-28
2156,1386957424041,2013-12-13 12:57:04 UTC,2013-12-13
2157,1338804321879,2012-06-04 06:05:21 UTC,2012-06-04
2158,1383886595921,2013-11-07 23:56:35 UTC,2013-11-07
2159,1402682156935,2014-06-13 13:55:56 UTC,2014-06-13
2160,1396830841799,2014-04-06 20:34:01 UTC,2014-04-06
2161,1386668496687,2013-12-10 04:41:36 UTC,2013-12-10
2162,1366066531117,2013-04-15 18:55:31 UTC,2013-04-15
2163,1322595900798,2011-11-29 14:45:00 UTC,2011-11-29
2164,1382659810899,2013-10-24 20:10:10 UTC,2013-10-24
2165,1284741020430,2010-09-17 12:30:20 UTC,2010-09-17
2166,1368551082694,2013-05-14 13:04:42 UTC,2013-05-14
2167,1405018708189,2014-07-10 14:58:28 UTC,2014-07-10
2168,1366739597532,2013-04-23 13:53:17 UTC,2013-04-23
2169,1374764254533,2013-07-25 10:57:34 UTC,2013-07-25
2170,1227910025888,2008-11-28 17:07:05 UTC,2008-11-28
2171,1410305730484,2014-09-09 19:35:30 UTC,2014-09-09
2172,1373524879417,2013-07-11 02:41:19 UTC,2013-07-11
