1,0.0198151,0.470277,0.323646,0.0171731,0.110964,0.0581242
2,0.297323,0.115679,0.232314,0.0200765,0.309751,0.0248566
3,0.047619,0.333333,0.380952,0.047619,0.142857,0.047619
4,0.722892,0.144578,0.060241,0.0481928,0.0120482,0.0120482
5,0.661765,0.279412,0.0147059,0.0147059,0.0147059,0.0147059
6,0.0408719,0.0027248,0.520436,0.381471,0.0299728,0.0245232
7,0.166811,0.529105,0.0434405,0.00347524,0.230235,0.0269331
8,0.210345,0.706897,0.0689655,0.00689655,0.00344828,0.00344828
9,0.0165289,0.00206612,0.0950413,0.570248,0.0268595,0.289256
10,0.135135,0.027027,0.405405,0.027027,0.162162,0.243243
11,0.109023,0.834586,0.0037594,0.0037594,0.0075188,0.0413534
12,0.45,0.0366667,0.0466667,0.0766667,0.386667,0.00333333
13,0.0625,0.0625,0.375,0.0625,0.375,0.0625
14,0.593023,0.0465116,0.139535,0.0116279,0.197674,0.0116279
15,0.14652,0.813187,0.029304,0.003663,0.003663,0.003663
16,0.219355,0.529032,0.2,0.0107527,0.0193548,0.0215054
17,0.25,0.0884146,0.179878,0.00304878,0.466463,0.0121951
18,0.0749432,0.611658,0.01514,0.177896,0.0643452,0.0560182
19,0.00921659,0.903226,0.00460829,0.00460829,0.0737327,0.00460829
20,0.425641,0.564103,0.0025641,0.0025641,0.0025641,0.0025641
21,0.0897959,0.812245,0.00408163,0.077551,0.00408163,0.0122449
22,0.153846,0.230769,0.5,0.0384615,0.0384615,0.0384615
23,0.0681818,0.598485,0.0852273,0.00189394,0.244318,0.00189394
24,0.0189959,0.823609,0.0325645,0.118046,0.00135685,0.00542741
25,0.0739645,0.0325444,0.189349,0.33432,0.0384615,0.331361
26,0.0333333,0.0111111,0.655556,0.0555556,0.0111111,0.233333
27,0.0344828,0.0344828,0.137931,0.62069,0.0344828,0.137931
28,0.025641,0.025641,0.384615,0.179487,0.025641,0.358974
29,0.0255319,0.714894,0.0425532,0.00425532,0.208511,0.00425532
30,0.0111111,0.366667,0.111111,0.0444444,0.444444,0.0222222
31,0.0328542,0.815195,0.0123203,0.00205339,0.13347,0.00410678
32,0.0909091,0.693939,0.0484848,0.0151515,0.0242424,0.127273
33,0.0666667,0.0666667,0.666667,0.0666667,0.0666667,0.0666667
34,0.2,0.0444444,0.288889,0.333333,0.0444444,0.0888889
35,0.0493827,0.00617284,0.271605,0.135802,0.00308642,0.533951
36,0.163673,0.796407,0.00199601,0.00598802,0.00598802,0.0259481
37,0.188679,0.255896,0.339623,0.0483491,0.0176887,0.149764
38,0.0833333,0.0833333,0.0833333,0.25,0.416667,0.0833333
39,0.118343,0.718935,0.0739645,0.0384615,0.0207101,0.0295858
40,0.458333,0.291667,0.125,0.0416667,0.0416667,0.0416667
41,0.102649,0.642384,0.0629139,0.0231788,0.0761589,0.0927152
42,0.0765027,0.0382514,0.415301,0.251366,0.0327869,0.185792
43,0.125683,0.00546448,0.803279,0.00546448,0.00546448,0.0546448
44,0.0206379,0.795497,0.0637899,0.0637899,0.0356473,0.0206379
45,0.193634,0.594164,0.0954907,0.0159151,0.0981432,0.00265252
46,0.698413,0.238095,0.0126984,0.0031746,0.0444444,0.0031746
47,0.0493827,0.921811,0.00411523,0.00823045,0.0123457,0.00411523
48,0.470588,0.147059,0.0735294,0.0882353,0.0147059,0.205882
49,0.14126,0.00203252,0.606707,0.135163,0.109756,0.0050813
50,0.629139,0.0728477,0.218543,0.00662252,0.00662252,0.0662252
51,0.151515,0.030303,0.242424,0.363636,0.030303,0.181818
52,0.627119,0.0847458,0.237288,0.0169492,0.0169492,0.0169492
53,0.752688,0.0860215,0.0645161,0.0752688,0.0107527,0.0107527
54,0.232258,0.48129,0.0580645,0.0348387,0.171613,0.0219355
55,0.154345,0.559014,0.110246,0.0881971,0.0869001,0.00129702
56,0.386555,0.0966387,0.491597,0.00420168,0.00420168,0.0168067
57,0.142857,0.792857,0.0321429,0.00714286,0.00714286,0.0178571
58,0.00615385,0.726154,0.0338462,0.0153846,0.215385,0.00307692
59,0.323077,0.293706,0.223776,0.0601399,0.0657343,0.0335664
60,0.173333,0.686667,0.00333333,0.05,0.0833333,0.00333333
61,0.0528169,0.792254,0.0246479,0.0915493,0.00352113,0.0352113
62,0.607143,0.0357143,0.0357143,0.25,0.0357143,0.0357143
63,0.0952381,0.0761905,0.0666667,0.0380952,0.714286,0.00952381
64,0.0571429,0.047619,0.752381,0.104762,0.00952381,0.0285714
65,0.290576,0.455497,0.078534,0.0078534,0.065445,0.102094
66,0.0520446,0.739777,0.0148699,0.00371747,0.163569,0.0260223
67,0.181818,0.376623,0.0649351,0.012987,0.320346,0.04329
68,0.0242291,0.00220264,0.634361,0.0550661,0.00440529,0.279736
69,0.0126582,0.860759,0.0253165,0.0253165,0.0632911,0.0126582
70,0.101955,0.0181564,0.782123,0.0446927,0.00139665,0.051676
71,0.157407,0.333333,0.00925926,0.0277778,0.407407,0.0648148
72,0.0237154,0.00395257,0.486166,0.229249,0.0869565,0.16996
73,0.435052,0.459794,0.0639175,0.00309278,0.0206186,0.0175258
74,0.414141,0.20202,0.292929,0.0707071,0.010101,0.010101
75,0.8,0.138462,0.0153846,0.0153846,0.0153846,0.0153846
76,0.0196078,0.196078,0.117647,0.0196078,0.0196078,0.627451
77,0.225225,0.527027,0.00900901,0.00225225,0.0225225,0.213964
78,0.219697,0.507576,0.244949,0.0126263,0.0126263,0.00252525
79,0.388889,0.111111,0.0555556,0.0185185,0.185185,0.240741
80,0.288889,0.148148,0.525926,0.0222222,0.00740741,0.00740741
81,0.231939,0.0247148,0.0494297,0.0931559,0.0855513,0.515209
82,0.0612245,0.0204082,0.795918,0.0204082,0.0612245,0.0408163
83,0.1,0.1,0.4,0.2,0.1,0.1
84,0.0045045,0.400901,0.0765766,0.0630631,0.45045,0.0045045
85,0.0105932,0.881356,0.0360169,0.00211864,0.029661,0.0402542
86,0.0188679,0.0188679,0.396226,0.0188679,0.0188679,0.528302
87,0.0292318,0.82257,0.0652617,0.0197145,0.00339905,0.0598232
88,0.198856,0.633763,0.0228898,0.100143,0.0143062,0.0300429
89,0.00663717,0.318584,0.0951327,0.183628,0.183628,0.212389
90,0.126273,0.523422,0.162933,0.00203666,0.152749,0.0325866
91,0.142857,0.142857,0.285714,0.142857,0.142857,0.142857
92,0.316623,0.583113,0.0448549,0.0501319,0.00263852,0.00263852
93,0.0175953,0.00293255,0.120235,0.577713,0.00879765,0.272727
94,0.111111,0.111111,0.333333,0.111111,0.111111,0.222222
95,0.0291829,0.0126459,0.807393,0.0301556,0.0223735,0.098249
96,0.181159,0.275362,0.0144928,0.00724638,0.514493,0.00724638
97,0.0588235,0.0588235,0.235294,0.294118,0.0588235,0.294118
98,0.737705,0.172131,0.057377,0.00819672,0.00819672,0.0163934
99,0.016,0.048,0.496,0.176,0.008,0.256
100,0.596491,0.22807,0.122807,0.0175439,0.0175439,0.0175439
101,0.603774,0.0754717,0.245283,0.0188679,0.0188679,0.0377358
102,0.125,0.848485,0.00378788,0.0151515,0.00378788,0.00378788
103,0.0882353,0.0882353,0.470588,0.235294,0.0294118,0.0882353
104,0.192195,0.629268,0.100488,0.0478049,0.0107317,0.0195122
105,0.224612,0.409797,0.160096,0.0669056,0.114695,0.0238949
106,0.125,0.125,0.125,0.125,0.375,0.125
107,0.142857,0.142857,0.142857,0.142857,0.142857,0.285714
108,0.207192,0.429224,0.166667,0.033105,0.135274,0.0285388
109,0.116883,0.012987,0.428571,0.142857,0.038961,0.25974
110,0.139767,0.772047,0.0382696,0.0249584,0.00831947,0.0166389
111,0.0638298,0.0212766,0.638298,0.148936,0.106383,0.0212766
112,0.16946,0.385475,0.20298,0.0428305,0.0204842,0.178771
113,0.294118,0.0588235,0.235294,0.0294118,0.205882,0.176471
114,0.191214,0.651163,0.0516796,0.0206718,0.0826873,0.00258398
115,0.236046,0.583726,0.112307,0.0262273,0.0336247,0.00806994
116,0.0824022,0.153631,0.407821,0.023743,0.236034,0.0963687
117,0.136213,0.790698,0.0465116,0.013289,0.00996678,0.00332226
118,0.0205761,0.847737,0.00823045,0.0288066,0.090535,0.00411523
119,0.0629496,0.546763,0.0773381,0.00179856,0.280576,0.0305755
120,0.1875,0.0625,0.0625,0.1875,0.0625,0.4375
121,0.256881,0.605505,0.0152905,0.0489297,0.030581,0.0428135
122,0.147436,0.660256,0.0544872,0.00320513,0.13141,0.00320513
123,0.0912281,0.764912,0.0280702,0.0105263,0.101754,0.00350877
124,0.268722,0.220264,0.136564,0.0176211,0.352423,0.00440529
125,0.164384,0.308219,0.0719178,0.00342466,0.44863,0.00342466
126,0.234091,0.106818,0.122727,0.238636,0.00227273,0.295455
127,0.0333333,0.133333,0.133333,0.2,0.266667,0.233333
128,0.0427553,0.581948,0.0760095,0.0261283,0.228029,0.0451306
129,0.0357143,0.0357143,0.142857,0.25,0.5,0.0357143
130,0.707865,0.11236,0.146067,0.011236,0.011236,0.011236
131,0.0588235,0.858824,0.0431373,0.00392157,0.0313725,0.00392157
132,0.314244,0.602056,0.0381791,0.0352423,0.00881057,0.00146843
133,0.682353,0.129412,0.152941,0.0117647,0.0117647,0.0117647
134,0.010101,0.575758,0.010101,0.010101,0.383838,0.010101
135,0.0621118,0.00621118,0.68323,0.15528,0.068323,0.0248447
136,0.297246,0.449193,0.037037,0.178538,0.000949668,0.037037
137,0.0321199,0.327623,0.259101,0.0471092,0.154176,0.179872
138,0.0151515,0.166667,0.227273,0.0909091,0.181818,0.318182
139,0.644737,0.131579,0.184211,0.0131579,0.0131579,0.0131579
140,0.196013,0.684385,0.0299003,0.00332226,0.0797342,0.00664452
141,0.0913978,0.478495,0.0483871,0.00537634,0.370968,0.00537634
142,0.00699301,0.00699301,0.202797,0.531469,0.00699301,0.244755
143,0.0365854,0.906504,0.00406504,0.0447154,0.00406504,0.00406504
144,0.19164,0.490536,0.0189274,0.274448,0.0236593,0.000788644
145,0.0625,0.125,0.125,0.0625,0.1875,0.4375
146,0.0601504,0.853383,0.0037594,0.0413534,0.0338346,0.0075188
147,0.0217391,0.0217391,0.0434783,0.478261,0.0869565,0.347826
148,0.214706,0.717647,0.00882353,0.0441176,0.0117647,0.00294118
149,0.408602,0.11828,0.225806,0.193548,0.0107527,0.0430108
150,0.0295652,0.64,0.0921739,0.00173913,0.212174,0.0243478
151,0.0625,0.30625,0.034375,0.240625,0.148438,0.207813
152,0.471983,0.489224,0.00215517,0.00215517,0.0323276,0.00215517
153,0.0710744,0.163636,0.138843,0.185124,0.34876,0.092562
154,0.558824,0.117647,0.117647,0.147059,0.0294118,0.0294118
155,0.372881,0.288136,0.135593,0.0338983,0.152542,0.0169492
156,0.00819672,0.00819672,0.459016,0.327869,0.00819672,0.188525
157,0.280112,0.658263,0.0532213,0.00280112,0.00280112,0.00280112
158,0.0551181,0.63189,0.023622,0.0492126,0.153543,0.0866142
159,0.0784314,0.230392,0.269608,0.0245098,0.382353,0.0147059
160,0.0578035,0.648844,0.0231214,0.0130058,0.219653,0.0375723
161,0.163701,0.768683,0.00355872,0.00355872,0.00355872,0.0569395
162,0.209302,0.730897,0.00332226,0.0232558,0.0265781,0.00664452
163,0.0878378,0.00675676,0.398649,0.0945946,0.0135135,0.398649
164,0.0585424,0.801673,0.0143369,0.037037,0.00477897,0.083632
165,0.153846,0.710769,0.0676923,0.00307692,0.0123077,0.0523077
166,0.0340371,0.466609,0.0822921,0.0672124,0.224472,0.125377
167,0.0747331,0.761566,0.0284698,0.00711744,0.117438,0.0106762
168,0.0393873,0.14442,0.282276,0.253829,0.242888,0.0371991
169,0.0981308,0.454439,0.190421,0.0268692,0.140187,0.0899533
170,0.281081,0.0378378,0.0540541,0.394595,0.00540541,0.227027
171,0.0647948,0.911447,0.0151188,0.00215983,0.00431965,0.00215983
172,0.12426,0.706114,0.0650888,0.00493097,0.0798817,0.0197239
173,0.241237,0.453608,0.0886598,0.00824742,0.154639,0.0536082
174,0.467949,0.0961538,0.0576923,0.160256,0.00641026,0.211538
175,0.0833333,0.758772,0.0131579,0.00438596,0.135965,0.00438596
176,0.155742,0.452661,0.109804,0.171989,0.0352941,0.0745098
177,0.378924,0.0179372,0.058296,0.289238,0.0224215,0.233184
178,0.243478,0.0173913,0.178261,0.33913,0.113043,0.108696
179,0.0625,0.0625,0.125,0.1875,0.0625,0.5
180,0.374823,0.570014,0.019802,0.0141443,0.019802,0.00141443
181,0.473684,0.197368,0.0131579,0.289474,0.0131579,0.0131579
182,0.0217391,0.826087,0.0362319,0.00362319,0.108696,0.00362319
183,0.200068,0.489928,0.214749,0.0136565,0.0293616,0.0522363
184,0.0215517,0.163793,0.288793,0.0603448,0.224138,0.241379
185,0.198347,0.698347,0.0661157,0.00413223,0.00413223,0.0289256
186,0.196226,0.45283,0.0641509,0.0754717,0.132075,0.0792453
187,0.0140845,0.0140845,0.366197,0.0704225,0.056338,0.478873
188,0.229213,0.488764,0.0483146,0.0741573,0.0483146,0.111236
189,0.0666667,0.0666667,0.666667,0.0666667,0.0666667,0.0666667
190,0.107843,0.745098,0.0620915,0.00326797,0.0457516,0.0359477
191,0.040636,0.758834,0.0441696,0.0273852,0.0591873,0.069788
192,0.0243902,0.0243902,0.219512,0.195122,0.243902,0.292683
193,0.00689655,0.0137931,0.151724,0.517241,0.00689655,0.303448
194,0.47395,0.468908,0.0151261,0.0252101,0.00168067,0.0151261
195,0.87,0.09,0.01,0.01,0.01,0.01
196,0.146179,0.654485,0.0365449,0.00332226,0.126246,0.0332226
197,0.0714286,0.0714286,0.642857,0.0714286,0.0714286,0.0714286
198,0.284507,0.588732,0.107042,0.0028169,0.0140845,0.0028169
199,0.0387097,0.87957,0.0494624,0.00215054,0.00215054,0.027957
200,0.0666667,0.0666667,0.4,0.333333,0.0666667,0.0666667
201,0.0133333,0.0133333,0.533333,0.16,0.173333,0.106667
202,0.0204082,0.746939,0.0285714,0.0571429,0.142857,0.00408163
203,0.0916667,0.626389,0.0708333,0.131944,0.00833333,0.0708333
204,0.12069,0.0287356,0.304598,0.189655,0.045977,0.310345
205,0.0666667,0.0666667,0.333333,0.133333,0.0666667,0.333333
206,0.0848806,0.864721,0.00132626,0.00132626,0.0464191,0.00132626
207,0.363636,0.038961,0.012987,0.311688,0.012987,0.25974
208,0.574148,0.235471,0.0330661,0.0651303,0.0220441,0.0701403
209,0.0340999,0.321174,0.119746,0.1364,0.26249,0.12609
210,0.181921,0.667797,0.0858757,0.0146893,0.00112994,0.0485876
211,0.0826772,0.877953,0.0275591,0.00393701,0.00393701,0.00393701
212,0.141121,0.192523,0.201869,0.178505,0.0635514,0.22243
213,0.11396,0.60114,0.00569801,0.0569801,0.168091,0.0541311
214,0.135135,0.189189,0.594595,0.027027,0.027027,0.027027
215,0.121324,0.676471,0.0551471,0.00367647,0.139706,0.00367647
216,0.116,0.732,0.004,0.004,0.14,0.004
217,0.0787037,0.740741,0.0185185,0.0277778,0.12963,0.00462963
218,0.0322581,0.0107527,0.55914,0.215054,0.0215054,0.16129
219,0.106195,0.818584,0.00442478,0.00442478,0.0619469,0.00442478
220,0.00757576,0.0113636,0.0909091,0.382576,0.0227273,0.484848
221,0.0401786,0.941964,0.00446429,0.00446429,0.00446429,0.00446429
222,0.0322581,0.290323,0.0120968,0.0483871,0.391129,0.225806
223,0.0238095,0.0238095,0.47619,0.142857,0.0238095,0.309524
224,0.631579,0.0526316,0.075188,0.037594,0.0300752,0.172932
225,0.0810811,0.0405405,0.216216,0.364865,0.283784,0.0135135
226,0.454545,0.151515,0.333333,0.00757576,0.00757576,0.0454545
227,0.181564,0.564246,0.0865922,0.0558659,0.0698324,0.0418994
228,0.363766,0.455064,0.0385164,0.0499287,0.0199715,0.0727532
229,0.162745,0.766667,0.00196078,0.0607843,0.00196078,0.00588235
230,0.433962,0.198113,0.0566038,0.00943396,0.292453,0.00943396
231,0.125,0.125,0.25,0.125,0.25,0.125
232,0.338824,0.392941,0.0635294,0.0329412,0.0776471,0.0941176
233,0.187266,0.749064,0.00374532,0.0149813,0.00374532,0.0411985
234,0.0212766,0.0425532,0.319149,0.0851064,0.0638298,0.468085
235,0.625,0.15,0.15,0.025,0.025,0.025
236,0.0071599,0.152745,0.136038,0.305489,0.293556,0.105012
237,0.0806175,0.346484,0.0780446,0.129503,0.324185,0.0411664
238,0.20339,0.779661,0.00423729,0.00423729,0.00423729,0.00423729
239,0.027027,0.036036,0.117117,0.225225,0.0900901,0.504505
240,0.391304,0.554348,0.0163043,0.0108696,0.0013587,0.0258152
241,0.0758377,0.686067,0.0229277,0.15873,0.00176367,0.0546737
242,0.0892667,0.191286,0.435707,0.0042508,0.179596,0.0998937
243,0.261062,0.327434,0.171091,0.0250737,0.0471976,0.168142
244,0.0321543,0.720257,0.0321543,0.0353698,0.0643087,0.115756
245,0.218487,0.0882353,0.222689,0.163866,0.0294118,0.277311
246,0.0745614,0.842105,0.0219298,0.0526316,0.00438596,0.00438596
247,0.0625,0.772059,0.00735294,0.0551471,0.0294118,0.0735294
248,0.386591,0.380884,0.203994,0.0185449,0.00142653,0.0085592
249,0.142857,0.142857,0.142857,0.142857,0.285714,0.142857
250,0.173913,0.597826,0.0186335,0.0015528,0.173913,0.0341615
251,0.641026,0.102564,0.0128205,0.0128205,0.0128205,0.217949
252,0.136364,0.573864,0.235795,0.00284091,0.00284091,0.0482955
253,0.0598911,0.408348,0.228675,0.0453721,0.132486,0.125227
254,0.120954,0.706985,0.0681431,0.00170358,0.0800681,0.0221465
255,0.119205,0.751656,0.00331126,0.00331126,0.0827815,0.0397351
256,0.0833333,0.0833333,0.0833333,0.583333,0.0833333,0.0833333
257,0.00987045,0.481184,0.0857495,0.187539,0.0876002,0.148057
258,0.0909091,0.0909091,0.545455,0.0909091,0.0909091,0.0909091
259,0.161404,0.245614,0.312281,0.00350877,0.203509,0.0736842
260,0.734694,0.0612245,0.0408163,0.0204082,0.0204082,0.122449
261,0.471429,0.00714286,0.335714,0.142857,0.00714286,0.0357143
262,0.037037,0.0740741,0.444444,0.185185,0.037037,0.222222
263,0.00877193,0.00877193,0.640351,0.0350877,0.00877193,0.298246
264,0.382353,0.0490196,0.313725,0.0196078,0.00980392,0.22549
265,0.234463,0.641243,0.0847458,0.00282486,0.0338983,0.00282486
266,0.764706,0.0941176,0.0117647,0.105882,0.0117647,0.0117647
267,0.101626,0.0406504,0.199187,0.146341,0.361789,0.150407
268,0.190217,0.557065,0.125,0.00543478,0.119565,0.00271739
269,0.107837,0.346598,0.153098,0.0592345,0.221142,0.11209
270,0.0238971,0.369485,0.294118,0.00919118,0.0459559,0.257353
271,0.147595,0.736318,0.00165837,0.0762852,0.00165837,0.0364842
272,0.0414224,0.701641,0.0885111,0.0642829,0.00722939,0.0969129
273,0.91986,0.0475734,0.0220307,0.00957854,0.00063857,0.000319285
274,0.0526316,0.105263,0.526316,0.0526316,0.0526316,0.210526
275,0.057971,0.456522,0.0362319,0.0217391,0.42029,0.00724638
276,0.113571,0.670837,0.0654475,0.0115496,0.0673725,0.0712223
277,0.0692042,0.200692,0.211073,0.141869,0.359862,0.017301
278,0.0333333,0.920833,0.00416667,0.00416667,0.0333333,0.00416667
279,0.736842,0.131579,0.0263158,0.0263158,0.0263158,0.0526316
280,0.125,0.125,0.375,0.125,0.125,0.125
281,0.0144928,0.0144928,0.173913,0.289855,0.0289855,0.478261
282,0.10574,0.592145,0.190332,0.00302115,0.0574018,0.0513595
283,0.0538462,0.857692,0.0269231,0.0461538,0.0115385,0.00384615
284,0.123128,0.399334,0.0948419,0.0515807,0.251248,0.0798669
285,0.104505,0.715315,0.0504505,0.027027,0.0774775,0.0252252
286,0.116,0.538667,0.0413333,0.189333,0.00133333,0.113333
287,0.0206186,0.680412,0.032646,0.0206186,0.0841924,0.161512
288,0.184564,0.651007,0.0167785,0.110738,0.033557,0.0033557
289,0.117647,0.785467,0.0415225,0.00692042,0.0449827,0.00346021
290,0.133333,0.1,0.333333,0.0333333,0.0333333,0.366667
291,0.121547,0.588398,0.0773481,0.00276243,0.0966851,0.11326
292,0.0140845,0.211268,0.119718,0.0422535,0.415493,0.197183
293,0.00793651,0.0238095,0.238095,0.293651,0.047619,0.388889
294,0.173913,0.0338164,0.628019,0.00483092,0.00483092,0.154589
295,0.146965,0.696486,0.0702875,0.00319489,0.0798722,0.00319489
296,0.786241,0.027027,0.164619,0.00982801,0.004914,0.00737101
297,0.0460449,0.715466,0.068477,0.0779221,0.0177096,0.0743802
298,0.108434,0.827309,0.0281124,0.00401606,0.0281124,0.00401606
299,0.166667,0.0333333,0.266667,0.1,0.0333333,0.4
300,0.1,0.1,0.5,0.1,0.1,0.1
301,0.321951,0.107317,0.429268,0.0585366,0.00487805,0.0780488
302,0.141176,0.845098,0.00588235,0.00196078,0.00196078,0.00392157
303,0.0588235,0.0588235,0.352941,0.176471,0.0588235,0.294118
304,0.015625,0.03125,0.25,0.515625,0.015625,0.171875
305,0.366667,0.133333,0.0333333,0.233333,0.2,0.0333333
306,0.145833,0.458333,0.0364583,0.00520833,0.348958,0.00520833
307,0.324503,0.534216,0.0463576,0.0618102,0.0154525,0.01766
308,0.230735,0.564069,0.0259797,0.0237781,0.000880669,0.154557
309,0.197842,0.348921,0.0431655,0.0323741,0.352518,0.0251799
310,0.0172414,0.0689655,0.456897,0.12931,0.0862069,0.241379
311,0.0887097,0.0403226,0.0766129,0.439516,0.125,0.229839
312,0.4375,0.410577,0.0201923,0.102885,0.000961538,0.0278846
313,0.111111,0.111111,0.444444,0.111111,0.111111,0.111111
314,0.0103093,0.0309278,0.43299,0.164948,0.123711,0.237113
315,0.21659,0.65745,0.0261137,0.0384025,0.0015361,0.0599078
316,0.0545455,0.724242,0.133333,0.0030303,0.0787879,0.00606061
317,0.101351,0.780405,0.0641892,0.0045045,0.00675676,0.0427928
318,0.00813008,0.0325203,0.512195,0.178862,0.00813008,0.260163
319,0.125,0.125,0.125,0.125,0.125,0.375
320,0.621469,0.361582,0.00188324,0.0094162,0.00188324,0.00376648
321,0.389691,0.498969,0.0597938,0.0185567,0.0268041,0.00618557
322,0.119949,0.836434,0.0121873,0.0173188,0.000641437,0.0134702
323,0.106779,0.652669,0.0893821,0.0845831,0.0029994,0.0635873
324,0.6875,0.104167,0.0833333,0.0833333,0.0208333,0.0208333
325,0.558824,0.235294,0.117647,0.0294118,0.0294118,0.0294118
326,0.602151,0.264038,0.0669056,0.041816,0.00238949,0.0227001
327,0.298182,0.0363636,0.570909,0.00363636,0.0218182,0.0690909
328,0.0645161,0.776774,0.0787097,0.00129032,0.0464516,0.0322581
329,0.0185185,0.0185185,0.240741,0.203704,0.0185185,0.5
330,0.347202,0.338594,0.205165,0.0760402,0.00143472,0.0315638
331,0.0265487,0.876106,0.00442478,0.00442478,0.0840708,0.00442478
332,0.124324,0.367568,0.117117,0.0828829,0.221622,0.0864865
333,0.128814,0.60339,0.0135593,0.00338983,0.247458,0.00338983
334,0.067757,0.922897,0.00233645,0.00233645,0.00233645,0.00233645
335,0.025,0.116667,0.358333,0.233333,0.175,0.0916667
336,0.0404858,0.890688,0.0121457,0.00404858,0.048583,0.00404858
337,0.0786517,0.429213,0.0337079,0.0426966,0.332584,0.0831461
338,0.404082,0.0204082,0.155102,0.110204,0.102041,0.208163
339,0.241379,0.183908,0.517241,0.0229885,0.0114943,0.0229885
340,0.0384615,0.0384615,0.307692,0.230769,0.346154,0.0384615
341,0.0526316,0.743421,0.0263158,0.0427632,0.0559211,0.0789474
342,0.61157,0.190083,0.173554,0.00826446,0.00826446,0.00826446
343,0.111111,0.111111,0.111111,0.444444,0.111111,0.111111
344,0.712766,0.0851064,0.170213,0.0106383,0.0106383,0.0106383
345,0.0636042,0.742049,0.0388693,0.00353357,0.14841,0.00353357
346,0.236559,0.74552,0.00716846,0.00358423,0.00358423,0.00358423
347,0.0952381,0.0714286,0.238095,0.0952381,0.0238095,0.47619
348,0.025,0.025,0.375,0.025,0.075,0.475
349,0.0258065,0.729032,0.0193548,0.00645161,0.212903,0.00645161
350,0.0588235,0.0588235,0.176471,0.117647,0.0588235,0.529412
351,0.0402477,0.678019,0.0681115,0.00309598,0.0495356,0.160991
352,0.00854701,0.846154,0.042735,0.0213675,0.0598291,0.0213675
353,0.0451128,0.770677,0.0037594,0.0037594,0.172932,0.0037594
354,0.0434193,0.909091,0.0122117,0.00135685,0.0325645,0.00135685
355,0.0126582,0.278481,0.0253165,0.0126582,0.658228,0.0126582
356,0.173469,0.214286,0.0867347,0.0459184,0.25,0.229592
357,0.2249,0.204819,0.216867,0.0923695,0.200803,0.060241
358,0.0195783,0.887048,0.00150602,0.00150602,0.061747,0.0286145
359,0.211538,0.0480769,0.173077,0.00961538,0.00961538,0.548077
360,0.0545455,0.736364,0.00454545,0.00454545,0.195455,0.00454545
361,0.181818,0.0909091,0.193182,0.431818,0.0113636,0.0909091
362,0.220787,0.343788,0.0817958,0.146986,0.0153752,0.191267
363,0.0975073,0.131965,0.127566,0.351906,0.221408,0.0696481
364,0.0785805,0.750317,0.0405577,0.026616,0.0709759,0.0329531
365,0.429825,0.47807,0.0153509,0.0701754,0.00438596,0.00219298
366,0.0700935,0.859813,0.0046729,0.0046729,0.0560748,0.0046729
367,0.0363636,0.127273,0.345455,0.127273,0.0181818,0.345455
368,0.0285714,0.178571,0.164286,0.00714286,0.335714,0.285714
369,0.142857,0.0714286,0.428571,0.142857,0.0714286,0.142857
370,0.0212766,0.0212766,0.191489,0.468085,0.276596,0.0212766
371,0.430079,0.559367,0.00263852,0.00263852,0.00263852,0.00263852
372,0.0477327,0.556086,0.0596659,0.190931,0.116945,0.0286396
373,0.197587,0.586727,0.081448,0.0226244,0.0527903,0.0588235
374,0.0416667,0.375,0.375,0.125,0.0416667,0.0416667
375,0.0229885,0.0114943,0.574713,0.275862,0.0114943,0.103448
376,0.147985,0.570529,0.175063,0.0188917,0.0390428,0.0484887
377,0.372881,0.101695,0.355932,0.135593,0.0169492,0.0169492
378,0.10049,0.363971,0.281863,0.140931,0.0625,0.0502451
379,0.00462963,0.212963,0.0694444,0.0972222,0.611111,0.00462963
380,0.0833333,0.0833333,0.0833333,0.583333,0.0833333,0.0833333
381,0.125,0.125,0.375,0.125,0.125,0.125
382,0.706422,0.0550459,0.00917431,0.211009,0.00917431,0.00917431
383,0.142857,0.142857,0.285714,0.142857,0.142857,0.142857
384,0.0682731,0.791165,0.0200803,0.00803213,0.104418,0.00803213
385,0.121311,0.793443,0.0196721,0.00327869,0.0459016,0.0163934
386,0.0754717,0.0188679,0.169811,0.433962,0.0188679,0.283019
387,0.0221923,0.406187,0.050213,0.108496,0.0670253,0.345887
388,0.150289,0.780347,0.00289017,0.00289017,0.0606936,0.00289017
389,0.140496,0.644628,0.0512397,0.0247934,0.0793388,0.0595041
390,0.45,0.2125,0.3,0.0125,0.0125,0.0125
391,0.571429,0.163265,0.0204082,0.0204082,0.0816327,0.142857
392,0.238235,0.629412,0.0705882,0.00294118,0.0558824,0.00294118
393,0.0218855,0.010101,0.630471,0.0791246,0.0126263,0.245791
394,0.140523,0.713508,0.0675381,0.0043573,0.00108932,0.0729847
395,0.0215343,0.165545,0.0363392,0.340511,0.28533,0.15074
396,0.701923,0.0673077,0.201923,0.00961538,0.00961538,0.00961538
397,0.0532168,0.646545,0.266084,0.000794281,0.000794281,0.0325655
398,0.493532,0.0582147,0.0472186,0.388745,0.000646831,0.0116429
399,0.080315,0.688189,0.0425197,0.154331,0.0015748,0.0330709
400,0.236641,0.435115,0.0877863,0.0477099,0.181298,0.0114504
401,0.0116279,0.0174419,0.22093,0.0697674,0.465116,0.215116
402,0.047619,0.047619,0.619048,0.190476,0.047619,0.047619
403,0.625,0.0833333,0.166667,0.0416667,0.0416667,0.0416667
404,0.176978,0.628777,0.182734,0.00863309,0.00143885,0.00143885
405,0.249191,0.686084,0.0420712,0.00323625,0.0161812,0.00323625
406,0.105541,0.546174,0.0105541,0.055409,0.192612,0.0897098
407,0.0762712,0.180791,0.242938,0.149718,0.29096,0.059322
408,0.0526316,0.0263158,0.289474,0.184211,0.263158,0.184211
409,0.0686071,0.538462,0.0540541,0.002079,0.297297,0.039501
410,0.111111,0.111111,0.333333,0.222222,0.111111,0.111111
411,0.0690167,0.799258,0.0378479,0.0560297,0.00296846,0.0348794
412,0.0925926,0.259259,0.222222,0.0185185,0.388889,0.0185185
413,0.0182887,0.150229,0.0228609,0.419987,0.259961,0.128674
414,0.26087,0.685619,0.0434783,0.00334448,0.00334448,0.00334448
415,0.1,0.807407,0.012963,0.0296296,0.00185185,0.0481481
416,0.312668,0.61186,0.0377358,0.0296496,0.00269542,0.00539084
417,0.183801,0.565421,0.137072,0.0155763,0.0607477,0.0373832
418,0.0833333,0.0833333,0.583333,0.0833333,0.0833333,0.0833333
419,0.0166667,0.0166667,0.466667,0.1,0.0166667,0.383333
420,0.0965126,0.650446,0.0705596,0.00648824,0.0373074,0.138686
421,0.0471414,0.431294,0.212638,0.0702106,0.120361,0.118355
422,0.104689,0.679389,0.0796074,0.0883315,0.00654308,0.0414395
423,0.0909091,0.0909091,0.181818,0.454545,0.0909091,0.0909091
424,0.373333,0.04,0.306667,0.0666667,0.2,0.0133333
425,0.197917,0.00520833,0.432292,0.296875,0.00520833,0.0625
426,0.0867925,0.724528,0.0679245,0.00377358,0.113208,0.00377358
427,0.560976,0.117073,0.307317,0.00487805,0.00487805,0.00487805
428,0.119804,0.674817,0.0195599,0.0146699,0.168704,0.00244499
429,0.042654,0.848341,0.00473934,0.00473934,0.0900474,0.00947867
430,0.225806,0.0322581,0.419355,0.0645161,0.0322581,0.225806
431,0.0163234,0.00660707,0.0851147,0.531675,0.0159347,0.344345
432,0.120192,0.307692,0.00480769,0.0576923,0.504808,0.00480769
433,0.647059,0.141176,0.176471,0.0117647,0.0117647,0.0117647
434,0.0178571,0.0714286,0.142857,0.375,0.142857,0.25
435,0.0675676,0.449631,0.136364,0.0159705,0.329238,0.0012285
436,0.0740741,0.037037,0.37037,0.037037,0.037037,0.444444
437,0.0377358,0.0188679,0.396226,0.169811,0.0188679,0.358491
438,0.0364742,0.66464,0.0222898,0.047619,0.0891591,0.139818
439,0.010101,0.010101,0.0909091,0.353535,0.030303,0.505051
440,0.669291,0.0866142,0.11811,0.00787402,0.023622,0.0944882
441,0.0737527,0.455531,0.0954447,0.184382,0.0715835,0.119306
442,0.125,0.125,0.125,0.125,0.125,0.375
443,0.0427699,0.861507,0.0173116,0.0162933,0.0437882,0.0183299
444,0.111111,0.111111,0.222222,0.222222,0.222222,0.111111
445,0.00393701,0.00393701,0.165354,0.807087,0.00393701,0.015748
446,0.0633188,0.750364,0.0756914,0.0247453,0.0181951,0.0676856
447,0.0685558,0.786106,0.0585009,0.0219378,0.000914077,0.0639854
448,0.0123457,0.308642,0.0123457,0.0123457,0.641975,0.0123457
449,0.181818,0.0909091,0.181818,0.0909091,0.181818,0.272727
450,0.217462,0.0153597,0.640259,0.0719483,0.0379951,0.0169766
451,0.0631068,0.0485437,0.504854,0.126214,0.00485437,0.252427
452,0.431368,0.450704,0.0245882,0.0148007,0.0112199,0.0673192
453,0.111111,0.222222,0.333333,0.111111,0.111111,0.111111
454,0.00824176,0.475275,0.0384615,0.0796703,0.365385,0.032967
455,0.0683662,0.530707,0.0973349,0.0567787,0.0787949,0.168019
456,0.0911854,0.778116,0.0212766,0.0121581,0.00303951,0.0942249
457,0.0833333,0.0833333,0.0833333,0.583333,0.0833333,0.0833333
458,0.614583,0.0208333,0.135417,0.0104167,0.145833,0.0729167
459,0.205882,0.689076,0.092437,0.00420168,0.00420168,0.00420168
460,0.0454545,0.0454545,0.681818,0.136364,0.0454545,0.0454545
461,0.172316,0.751412,0.00282486,0.00282486,0.0536723,0.0169492
462,0.524752,0.108911,0.118812,0.00990099,0.00990099,0.227723
463,0.0985507,0.0289855,0.350725,0.228986,0.0492754,0.243478
464,0.00554017,0.0166205,0.207756,0.371191,0.0138504,0.385042
465,0.11509,0.805627,0.00127877,0.0485934,0.0242967,0.00511509
466,0.00813008,0.808943,0.00406504,0.00406504,0.0162602,0.158537
467,0.142857,0.285714,0.142857,0.142857,0.142857,0.142857
468,0.303116,0.620397,0.00283286,0.00849858,0.0623229,0.00283286
469,0.476793,0.0675105,0.113924,0.00421941,0.00421941,0.333333
470,0.431416,0.455752,0.0353982,0.00884956,0.0110619,0.0575221
471,0.745614,0.0964912,0.0263158,0.00877193,0.00877193,0.114035
472,0.1,0.1,0.5,0.1,0.1,0.1
473,0.0350346,0.749567,0.0981834,0.0549308,0.0397924,0.0224913
474,0.764706,0.117647,0.0294118,0.0294118,0.0294118,0.0294118
475,0.152893,0.275482,0.104683,0.188705,0.00137741,0.27686
476,0.253807,0.670051,0.0406091,0.00507614,0.00507614,0.0253807
477,0.202873,0.473968,0.0305206,0.0664273,0.13465,0.0915619
478,0.0490566,0.849057,0.00377358,0.0603774,0.0226415,0.0150943
479,0.0314961,0.532808,0.131234,0.0314961,0.181102,0.0918635
480,0.125,0.594727,0.230469,0.0117188,0.0107422,0.0273438
481,0.0481586,0.580737,0.0849858,0.0481586,0.0708215,0.167139
482,0.0660173,0.397186,0.166667,0.017316,0.340909,0.0119048
483,0.0682731,0.891566,0.00401606,0.00401606,0.0281124,0.00401606
484,0.0158103,0.786561,0.0474308,0.00395257,0.130435,0.0158103
485,0.0977199,0.71987,0.0423453,0.00325733,0.0879479,0.0488599
486,0.109434,0.856604,0.00377358,0.0113208,0.0150943,0.00377358
487,0.666667,0.125,0.0833333,0.0416667,0.0416667,0.0416667
488,0.027027,0.0540541,0.162162,0.243243,0.297297,0.216216
489,0.0337079,0.766854,0.0421348,0.11236,0.0365169,0.00842697
490,0.175934,0.480083,0.140249,0.0452282,0.0186722,0.139834
491,0.164962,0.695652,0.0690537,0.00895141,0.0601023,0.00127877
492,0.224138,0.683908,0.00287356,0.00287356,0.0229885,0.0632184
493,0.108635,0.532033,0.0501393,0.250696,0.0529248,0.00557103
494,0.397351,0.0993377,0.13245,0.271523,0.00662252,0.0927152
495,0.0176678,0.69258,0.040636,0.0865724,0.123675,0.0388693
496,0.083685,0.123066,0.552039,0.0407876,0.195499,0.00492264
497,0.132159,0.460352,0.138767,0.0462555,0.00220264,0.220264
498,0.763158,0.0789474,0.0263158,0.0789474,0.0263158,0.0263158
499,0.0845411,0.574879,0.02657,0.00241546,0.309179,0.00241546
500,0.772727,0.106061,0.0606061,0.0151515,0.030303,0.0151515
501,0.0258065,0.354839,0.0258065,0.00645161,0.580645,0.00645161
502,0.0645161,0.129032,0.0322581,0.193548,0.129032,0.451613
503,0.0402736,0.775836,0.110942,0.00455927,0.0676292,0.000759878
504,0.00840336,0.17479,0.260504,0.0705882,0.32437,0.161345
505,0.05,0.05,0.1,0.5,0.05,0.25
506,0.617021,0.106383,0.212766,0.0212766,0.0212766,0.0212766
507,0.0990099,0.00990099,0.168317,0.178218,0.00990099,0.534653
508,0.247941,0.64168,0.0304778,0.00988468,0.0255354,0.0444811
509,0.075,0.025,0.025,0.275,0.025,0.575
510,0.710145,0.130435,0.115942,0.0144928,0.0144928,0.0144928
511,0.0423077,0.784615,0.00384615,0.00384615,0.161538,0.00384615
512,0.0122378,0.713287,0.0629371,0.118881,0.0917832,0.000874126
513,0.417476,0.0485437,0.498382,0.00647249,0.02589,0.00323625
514,0.144,0.72,0.032,0.004,0.096,0.004
515,0.00980392,0.00980392,0.0392157,0.764706,0.0196078,0.156863
516,0.0588235,0.0117647,0.505882,0.0117647,0.0117647,0.4
517,0.697183,0.0316901,0.0739437,0.0246479,0.140845,0.0316901
518,0.0576923,0.00961538,0.0288462,0.5,0.00961538,0.394231
519,0.0701031,0.426804,0.243299,0.0865979,0.125773,0.0474227
520,0.174174,0.636637,0.039039,0.003003,0.0930931,0.0540541
521,0.0234604,0.591398,0.211144,0.0117302,0.158358,0.00391007
522,0.0955455,0.662363,0.0426081,0.00645578,0.0832795,0.109748
523,0.105611,0.716172,0.0693069,0.00330033,0.10231,0.00330033
524,0.111842,0.0723684,0.144737,0.263158,0.263158,0.144737
525,0.0632911,0.685654,0.0421941,0.0021097,0.194093,0.0126582
526,0.137363,0.667582,0.184066,0.00274725,0.00549451,0.00274725
527,0.0588235,0.261765,0.0970588,0.00294118,0.497059,0.0823529
528,0.105413,0.453941,0.213675,0.0921178,0.0351377,0.0997151
529,0.174941,0.574468,0.0496454,0.0283688,0.00236407,0.170213
530,0.441667,0.141667,0.391667,0.00833333,0.00833333,0.00833333
531,0.0821918,0.0136986,0.561644,0.315068,0.0136986,0.0136986
532,0.0332481,0.654731,0.0537084,0.0230179,0.140665,0.0946292
533,0.225806,0.0322581,0.556452,0.112903,0.0483871,0.0241935
534,0.0568915,0.33783,0.188856,0.117889,0.0475073,0.251026
535,0.0740863,0.662825,0.254198,0.000658545,0.000329272,0.00790254
536,0.569767,0.0232558,0.0581395,0.0697674,0.0116279,0.267442
537,0.0945709,0.338004,0.190893,0.241681,0.1331,0.00175131
538,0.573333,0.0933333,0.293333,0.0133333,0.0133333,0.0133333
539,0.271394,0.479218,0.00244499,0.00244499,0.173594,0.0709046
540,0.0427892,0.651347,0.10935,0.0237718,0.0475436,0.125198
541,0.153213,0.818781,0.0181219,0.00658979,0.00164745,0.00164745
542,0.566667,0.0888889,0.166667,0.155556,0.0111111,0.0111111
543,0.0820734,0.440605,0.0928726,0.196544,0.105832,0.0820734
544,0.02,0.04,0.48,0.2,0.02,0.24
545,0.0882801,0.678843,0.100457,0.00837139,0.0532725,0.0707763
546,0.160458,0.641834,0.0716332,0.00286533,0.0744986,0.0487106
547,0.0514019,0.425234,0.149533,0.0140187,0.317757,0.0420561
548,0.547619,0.325397,0.0952381,0.015873,0.00793651,0.00793651
549,0.296875,0.0625,0.320312,0.0859375,0.0078125,0.226562
550,0.077551,0.605442,0.00272109,0.290476,0.0122449,0.0115646
551,0.820896,0.104478,0.0298507,0.0149254,0.0149254,0.0149254
552,0.297619,0.154762,0.214286,0.190476,0.130952,0.0119048
553,0.249327,0.583857,0.0484305,0.0125561,0.000896861,0.104933
554,0.154079,0.673716,0.0453172,0.0060423,0.117825,0.00302115
555,0.193814,0.412371,0.284536,0.0185567,0.0556701,0.0350515
556,0.0300429,0.793991,0.0600858,0.0343348,0.0772532,0.00429185
557,0.0689655,0.00492611,0.561576,0.0738916,0.0985222,0.192118
558,0.0237099,0.797768,0.11855,0.0041841,0.0069735,0.0488145
559,0.0714286,0.857143,0.0555556,0.00198413,0.00198413,0.0119048
560,0.0128755,0.772532,0.00429185,0.0515021,0.154506,0.00429185
561,0.125,0.0625,0.5625,0.0625,0.0625,0.125
562,0.204327,0.596154,0.153846,0.00240385,0.00480769,0.0384615
563,0.1,0.1,0.5,0.1,0.1,0.1
564,0.215278,0.453125,0.232639,0.0173611,0.00173611,0.0798611
565,0.213497,0.574233,0.0184049,0.0269939,0.0785276,0.0883436
566,0.0397878,0.774536,0.0668435,0.00954907,0.06313,0.0461538
567,0.0158014,0.501129,0.173815,0.0812641,0.115124,0.112867
568,0.170213,0.755319,0.0035461,0.0035461,0.0638298,0.0035461
569,0.181132,0.426415,0.0358491,0.179245,0.0622642,0.115094
570,0.0227273,0.0227273,0.568182,0.0909091,0.159091,0.136364
571,0.0160494,0.802469,0.0839506,0.0148148,0.0814815,0.00123457
572,0.164835,0.629121,0.0521978,0.0274725,0.00274725,0.123626
573,0.0366089,0.651252,0.0346821,0.0578035,0.16763,0.0520231
574,0.135135,0.0540541,0.0810811,0.027027,0.0810811,0.621622
575,0.0344828,0.0172414,0.62069,0.137931,0.0172414,0.172414
576,0.597222,0.152778,0.0138889,0.208333,0.0138889,0.0138889
577,0.0217391,0.0326087,0.793478,0.0543478,0.0108696,0.0869565
578,0.00758534,0.370417,0.243995,0.207332,0.103666,0.0670038
579,0.225225,0.693694,0.0660661,0.003003,0.003003,0.00900901
580,0.0123457,0.0123457,0.0987654,0.395062,0.037037,0.444444
581,0.0362319,0.181159,0.26087,0.26087,0.00724638,0.253623
582,0.0122449,0.257143,0.0795918,0.0836735,0.371429,0.195918
583,0.0539773,0.681818,0.164773,0.00284091,0.09375,0.00284091
584,0.0762032,0.679144,0.0360963,0.0735294,0.0160428,0.118984
585,0.0833333,0.0833333,0.0833333,0.583333,0.0833333,0.0833333
586,0.142857,0.142857,0.285714,0.142857,0.142857,0.142857
587,0.03125,0.03125,0.3125,0.03125,0.34375,0.25
588,0.111111,0.111111,0.111111,0.222222,0.111111,0.333333
589,0.080292,0.868613,0.0243309,0.0170316,0.00243309,0.00729927
590,0.0851064,0.00425532,0.259574,0.446809,0.0425532,0.161702
591,0.117409,0.77834,0.0202429,0.0364372,0.00101215,0.0465587
592,0.430769,0.123077,0.184615,0.0461538,0.2,0.0153846
593,0.0911215,0.170561,0.296729,0.0186916,0.420561,0.00233645
594,0.0196078,0.0196078,0.137255,0.627451,0.0196078,0.176471
595,0.00724055,0.254224,0.411907,0.0917136,0.0482703,0.186645
596,0.0416667,0.0416667,0.125,0.0833333,0.0833333,0.625
597,0.0434783,0.0217391,0.76087,0.130435,0.0217391,0.0217391
598,0.0833333,0.0833333,0.0833333,0.5,0.0833333,0.166667
599,0.154167,0.354167,0.1625,0.025,0.216667,0.0875
600,0.345837,0.383806,0.10247,0.0333943,0.0219579,0.112534
601,0.188811,0.70979,0.0034965,0.0034965,0.0909091,0.0034965
602,0.0416667,0.0138889,0.333333,0.180556,0.0138889,0.416667
603,0.0599002,0.690516,0.00166389,0.0366057,0.209651,0.00166389
604,0.0638298,0.297872,0.255319,0.0212766,0.340426,0.0212766
605,0.574103,0.393136,0.0124805,0.00156006,0.0109204,0.00780031
606,0.147453,0.538874,0.0241287,0.0134048,0.10992,0.16622
607,0.775,0.1,0.025,0.025,0.05,0.025
608,0.12,0.08,0.4,0.12,0.04,0.24
609,0.00699301,0.034965,0.188811,0.447552,0.0839161,0.237762
610,0.31117,0.62766,0.00265957,0.018617,0.0239362,0.0159574
611,0.04,0.734545,0.00727273,0.00363636,0.0581818,0.156364
612,0.0232558,0.0232558,0.27907,0.255814,0.0697674,0.348837
613,0.26158,0.681199,0.0027248,0.0027248,0.0490463,0.0027248
614,0.0909091,0.0909091,0.545455,0.0909091,0.0909091,0.0909091
615,0.0246305,0.463054,0.14532,0.044335,0.0344828,0.288177
616,0.118421,0.717105,0.0296053,0.00328947,0.128289,0.00328947
617,0.24381,0.451429,0.0114286,0.190476,0.0342857,0.0685714
618,0.145329,0.743945,0.0415225,0.00865052,0.0570934,0.00346021
619,0.814159,0.0309735,0.106195,0.00442478,0.00442478,0.039823
620,0.505841,0.35222,0.0186916,0.0992991,0.00175234,0.0221963
621,0.406667,0.0733333,0.0233333,0.0633333,0.43,0.00333333
622,0.0988593,0.745247,0.026616,0.00760456,0.117871,0.00380228
623,0.113747,0.334962,0.13538,0.158409,0.159805,0.0976971
624,0.155596,0.498716,0.158899,0.0245872,0.00110092,0.161101
625,0.232558,0.0813953,0.0988372,0.453488,0.00581395,0.127907
626,0.0992556,0.200993,0.121588,0.00248139,0.573201,0.00248139
627,0.274854,0.605263,0.0497076,0.0146199,0.0526316,0.00292398
628,0.393836,0.400685,0.0821918,0.00342466,0.0821918,0.0376712
629,0.276612,0.19425,0.156177,0.105672,0.045066,0.222222
630,0.140468,0.769231,0.0702341,0.00334448,0.0133779,0.00334448
631,0.0725552,0.334385,0.138801,0.00315457,0.223975,0.227129
632,0.0906702,0.793693,0.0236531,0.00919842,0.0775296,0.00525624
633,0.518779,0.0446009,0.237089,0.0492958,0.119718,0.0305164
634,0.61,0.2,0.01,0.16,0.01,0.01
635,0.253846,0.566667,0.0102564,0.0410256,0.0487179,0.0794872
636,0.588571,0.332857,0.0285714,0.00285714,0.0128571,0.0342857
637,0.047619,0.463492,0.27619,0.0031746,0.184127,0.0253968
638,0.628571,0.138095,0.2,0.0047619,0.00952381,0.0190476
639,0.0197044,0.00492611,0.605911,0.0788177,0.0788177,0.211823
640,0.0377907,0.608285,0.0319767,0.0297965,0.273983,0.0181686
641,0.0530612,0.853061,0.0367347,0.0489796,0.00408163,0.00408163
642,0.0231023,0.643564,0.125413,0.029703,0.135314,0.0429043
643,0.0208696,0.626087,0.13913,0.053913,0.0452174,0.114783
644,0.151515,0.0757576,0.181818,0.333333,0.0454545,0.212121
645,0.0171306,0.464133,0.304069,0.0428266,0.0203426,0.151499
646,0.144882,0.652756,0.0708661,0.0149606,0.0669291,0.0496063
647,0.096,0.536,0.0373333,0.00266667,0.301333,0.0266667
648,0.908571,0.0457143,0.0228571,0.0114286,0.00571429,0.00571429
649,0.549296,0.0422535,0.15493,0.0140845,0.0140845,0.225352
650,0.00952381,0.0571429,0.409524,0.0952381,0.00952381,0.419048
651,0.101215,0.834008,0.00202429,0.0465587,0.00202429,0.01417
652,0.556742,0.367156,0.034713,0.0387183,0.00133511,0.00133511
653,0.025641,0.025641,0.025641,0.0512821,0.282051,0.589744
654,0.0238095,0.0238095,0.238095,0.214286,0.166667,0.333333
655,0.0943396,0.0188679,0.45283,0.358491,0.0188679,0.0566038
656,0.0293132,0.721943,0.102178,0.00125628,0.0201005,0.125209
657,0.0635957,0.196568,0.453935,0.0138008,0.11768,0.15442
658,0.0377804,0.239669,0.329398,0.0306966,0.308146,0.0543093
659,0.00689655,0.0275862,0.565517,0.213793,0.00689655,0.17931
660,0.335196,0.351955,0.167598,0.00558659,0.122905,0.0167598
661,0.279534,0.407654,0.198003,0.0299501,0.00166389,0.0831947
662,0.0980392,0.679739,0.0163399,0.0392157,0.160131,0.00653595
663,0.0550162,0.682848,0.00323625,0.00647249,0.249191,0.00323625
664,0.696929,0.259012,0.0160214,0.00133511,0.0253672,0.00133511
665,0.0779634,0.84646,0.0453461,0.00636436,0.0103421,0.0135243
666,0.5,0.152174,0.0434783,0.0217391,0.0217391,0.26087
667,0.212264,0.617925,0.0455975,0.0330189,0.0251572,0.0660377
668,0.0442478,0.755162,0.0147493,0.00294985,0.174041,0.00884956
669,0.111111,0.333333,0.111111,0.111111,0.111111,0.222222
670,0.190141,0.683099,0.0176056,0.0457746,0.0246479,0.0387324
671,0.057898,0.774701,0.0339836,0.0320957,0.000629327,0.100692
672,0.070922,0.890071,0.0035461,0.0035461,0.0283688,0.0035461
673,0.0488506,0.666667,0.0316092,0.00574713,0.117816,0.12931
674,0.0521472,0.625767,0.0674847,0.0153374,0.0981595,0.141104
675,0.00724638,0.615942,0.0217391,0.0144928,0.268116,0.0724638
676,0.344737,0.365789,0.209211,0.00131579,0.0342105,0.0447368
677,0.840708,0.0265487,0.0619469,0.0530973,0.00884956,0.00884956
678,0.209231,0.446154,0.12,0.00307692,0.212308,0.00923077
679,0.0964912,0.599415,0.0233918,0.0292398,0.248538,0.00292398
680,0.0242302,0.633518,0.114084,0.0580515,0.126199,0.0439172
681,0.0590164,0.660656,0.0327869,0.0508197,0.111475,0.0852459
682,0.072327,0.712264,0.086478,0.00314465,0.108491,0.0172956
683,0.135008,0.733124,0.0408163,0.00941915,0.0345369,0.0470958
684,0.0621118,0.060559,0.51087,0.203416,0.0807453,0.0822981
685,0.0199005,0.945274,0.00497512,0.00497512,0.00497512,0.0199005
686,0.00813008,0.752033,0.0203252,0.097561,0.0569106,0.0650407
687,0.333333,0.125,0.25,0.208333,0.0416667,0.0416667
688,0.369697,0.6,0.0212121,0.0030303,0.0030303,0.0030303
689,0.0131579,0.539474,0.0131579,0.0131579,0.407895,0.0131579
690,0.155797,0.358696,0.246377,0.00724638,0.217391,0.0144928
691,0.166667,0.0740741,0.222222,0.222222,0.277778,0.037037
692,0.19724,0.745942,0.0357143,0.00568182,0.0146104,0.000811688
693,0.0529217,0.884234,0.0198456,0.014333,0.0253583,0.00330761
694,0.0714286,0.0714286,0.5,0.214286,0.0714286,0.0714286
695,0.285377,0.606132,0.0919811,0.0117925,0.00235849,0.00235849
696,0.068,0.864,0.042,0.002,0.01,0.014
697,0.00961538,0.163462,0.333333,0.0865385,0.25641,0.150641
698,0.0948012,0.577982,0.0214067,0.0565749,0.151376,0.0978593
699,0.203833,0.397213,0.010453,0.087108,0.273519,0.0278746
700,0.672414,0.0862069,0.189655,0.0172414,0.0172414,0.0172414
701,0.012381,0.761905,0.0542857,0.0304762,0.0419048,0.0990476
702,0.0164835,0.296703,0.225275,0.0384615,0.417582,0.00549451
703,0.113772,0.640719,0.185629,0.00299401,0.0538922,0.00299401
704,0.410256,0.102564,0.112821,0.025641,0.00512821,0.34359
705,0.0983607,0.831967,0.00409836,0.00409836,0.057377,0.00409836
706,0.0636263,0.0636263,0.524458,0.154101,0.124678,0.0695108
707,0.115331,0.453729,0.0407459,0.155387,0.126381,0.108425
708,0.0191693,0.597444,0.140575,0.00319489,0.108626,0.13099
709,0.149837,0.749186,0.0651466,0.00325733,0.00325733,0.029316
710,0.0370943,0.787481,0.0471406,0.0146832,0.0216383,0.0919629
711,0.0835476,0.273779,0.273779,0.107969,0.0128535,0.248072
712,0.0885201,0.757953,0.055325,0.0276625,0.00138313,0.0691563
713,0.170022,0.52349,0.138702,0.00223714,0.0290828,0.136465
714,0.184314,0.682353,0.0470588,0.00392157,0.0745098,0.00784314
715,0.025641,0.0769231,0.74359,0.025641,0.025641,0.102564
716,0.0414747,0.903226,0.0276498,0.00460829,0.0184332,0.00460829
717,0.262548,0.571429,0.011583,0.003861,0.146718,0.003861
718,0.232836,0.677612,0.00298507,0.00298507,0.080597,0.00298507
719,0.0550162,0.831715,0.0517799,0.00539374,0.0550162,0.00107875
720,0.0217391,0.0217391,0.695652,0.0217391,0.152174,0.0869565
721,0.200737,0.451197,0.0441989,0.038674,0.200737,0.0644567
722,0.02,0.01,0.5,0.02,0.01,0.44
723,0.0131926,0.00263852,0.129288,0.633245,0.00263852,0.218997
724,0.117647,0.737024,0.0519031,0.0692042,0.0207612,0.00346021
725,0.111111,0.111111,0.222222,0.333333,0.111111,0.111111
726,0.082397,0.835206,0.0149813,0.0486891,0.0149813,0.00374532
727,0.0165289,0.785124,0.00413223,0.00413223,0.18595,0.00413223
728,0.0703125,0.914062,0.00390625,0.00390625,0.00390625,0.00390625
729,0.0883191,0.621083,0.0797721,0.037037,0.0797721,0.0940171
730,0.0229358,0.917431,0.00458716,0.00458716,0.0458716,0.00458716
731,0.54902,0.147059,0.254902,0.00980392,0.0294118,0.00980392
732,0.111111,0.111111,0.111111,0.111111,0.111111,0.444444
733,0.127643,0.787784,0.0250587,0.00939702,0.000783085,0.0493344
734,0.109605,0.612429,0.0146893,0.0259887,0.19435,0.0429379
735,0.0434783,0.0434783,0.173913,0.0434783,0.26087,0.434783
736,0.278443,0.595808,0.113772,0.00299401,0.00299401,0.00598802
737,0.0677419,0.490323,0.109677,0.0475806,0.248387,0.0362903
738,0.325949,0.427215,0.0664557,0.00316456,0.113924,0.0632911
739,0.0238095,0.0238095,0.309524,0.0714286,0.0238095,0.547619
740,0.465116,0.162791,0.162791,0.162791,0.0232558,0.0232558
741,0.168874,0.761589,0.00331126,0.0298013,0.0331126,0.00331126
742,0.0232558,0.0697674,0.44186,0.0930233,0.348837,0.0232558
743,0.00921659,0.695853,0.124424,0.0230415,0.142857,0.00460829
744,0.0833333,0.0833333,0.166667,0.5,0.0833333,0.0833333
745,0.557143,0.114286,0.228571,0.0428571,0.00714286,0.05
746,0.0126263,0.361111,0.171717,0.219697,0.186869,0.0479798
747,0.0552541,0.435126,0.0473606,0.23187,0.160829,0.0695609
748,0.195312,0.0625,0.123047,0.0410156,0.347656,0.230469
749,0.225071,0.62963,0.048433,0.002849,0.0911681,0.002849
750,0.196078,0.00980392,0.529412,0.127451,0.00980392,0.127451
751,0.0416667,0.0416667,0.291667,0.541667,0.0416667,0.0416667
752,0.0125,0.0125,0.1125,0.375,0.025,0.4625
753,0.0487805,0.750871,0.0139373,0.00522648,0.179443,0.00174216
754,0.0443548,0.895161,0.00403226,0.0120968,0.00403226,0.0403226
755,0.194719,0.712871,0.0231023,0.00330033,0.00330033,0.0627063
756,0.461538,0.115385,0.384615,0.00641026,0.00641026,0.025641
757,0.0756014,0.103093,0.309278,0.178694,0.309278,0.024055
758,0.117566,0.488243,0.278008,0.0235131,0.033195,0.0594744
759,0.175652,0.707826,0.0434783,0.00869565,0.0347826,0.0295652
760,0.0955631,0.709898,0.0204778,0.16041,0.0102389,0.00341297
761,0.346633,0.600998,0.0141313,0.000831255,0.0274314,0.00997506
762,0.411234,0.110331,0.125376,0.0782347,0.231695,0.0431294
763,0.0175219,0.75219,0.0450563,0.108886,0.0563204,0.020025
764,0.477612,0.0845771,0.0248756,0.0696517,0.273632,0.0696517
765,0.0298507,0.0149254,0.761194,0.0298507,0.0298507,0.134328
766,0.33871,0.0645161,0.209677,0.0806452,0.290323,0.016129
767,0.3125,0.0257353,0.213235,0.0968137,0.118873,0.232843
768,0.0634921,0.719048,0.109524,0.0015873,0.104762,0.0015873
769,0.06,0.103077,0.101538,0.387692,0.112308,0.235385
770,0.0389902,0.399719,0.300701,0.135484,0.0597475,0.0653576
771,0.317204,0.647849,0.0241935,0.00268817,0.00537634,0.00268817
772,0.52,0.08,0.216,0.008,0.064,0.112
773,0.461538,0.0615385,0.230769,0.138462,0.0153846,0.0923077
774,0.0661853,0.663057,0.0974729,0.0108303,0.143201,0.0192539
775,0.696629,0.134831,0.134831,0.011236,0.011236,0.011236
776,0.0614035,0.00877193,0.464912,0.254386,0.157895,0.0526316
777,0.189003,0.731959,0.00343643,0.0206186,0.00343643,0.0515464
778,0.161326,0.671597,0.0643659,0.0115037,0.0386196,0.0525883
779,0.694444,0.0555556,0.111111,0.111111,0.0138889,0.0138889
780,0.0909091,0.724026,0.00324675,0.00974026,0.107143,0.0649351
781,0.141527,0.811918,0.0130354,0.0018622,0.0297952,0.0018622
782,0.28,0.0327273,0.232727,0.116364,0.334545,0.00363636
783,0.340336,0.0546218,0.302521,0.0840336,0.00420168,0.214286
784,0.182137,0.0245184,0.154116,0.290718,0.0192644,0.329247
785,0.0502216,0.213442,0.0642541,0.20384,0.358936,0.109306
786,0.235376,0.566852,0.0181058,0.091922,0.0779944,0.0097493
787,0.423077,0.107692,0.261538,0.0923077,0.00769231,0.107692
788,0.06,0.663333,0.0466667,0.00333333,0.16,0.0666667
789,0.255319,0.304965,0.0496454,0.0496454,0.333333,0.0070922
790,0.0681818,0.0227273,0.522727,0.181818,0.0909091,0.113636
791,0.114537,0.167401,0.101322,0.295154,0.312775,0.00881057
792,0.0806159,0.57337,0.0688406,0.0126812,0.0407609,0.223732
793,0.0325444,0.115385,0.177515,0.37574,0.150888,0.147929
794,0.121406,0.747604,0.121406,0.00319489,0.00319489,0.00319489
795,0.0438596,0.688596,0.00438596,0.00438596,0.254386,0.00438596
796,0.0540541,0.027027,0.405405,0.189189,0.0135135,0.310811
797,0.0363636,0.881818,0.0272727,0.0454545,0.00454545,0.00454545
798,0.114286,0.142857,0.314286,0.0285714,0.257143,0.142857
799,0.0238095,0.0238095,0.452381,0.190476,0.0238095,0.285714
800,0.0526316,0.0526316,0.0526316,0.736842,0.0526316,0.0526316
801,0.042735,0.17094,0.230769,0.324786,0.00854701,0.222222
802,0.0323887,0.862348,0.0161943,0.0121457,0.0728745,0.00404858
803,0.0352734,0.00881834,0.268078,0.0705467,0.00705467,0.610229
804,0.408163,0.340136,0.0510204,0.0680272,0.0510204,0.0816327
805,0.116364,0.807273,0.00363636,0.0509091,0.0181818,0.00363636
806,0.10604,0.558389,0.061745,0.0550336,0.0885906,0.130201
807,0.0313725,0.788235,0.0254902,0.0176471,0.0980392,0.0392157
808,0.123545,0.72251,0.0181113,0.0245796,0.0937904,0.0174644
809,0.109029,0.672913,0.151618,0.00851789,0.00170358,0.0562181
810,0.019802,0.019802,0.574257,0.0693069,0.0891089,0.227723
811,0.135442,0.784266,0.0145985,0.00973236,0.0170316,0.0389294
812,0.28972,0.504673,0.0186916,0.00934579,0.168224,0.00934579
813,0.0505495,0.887912,0.0175824,0.00659341,0.0351648,0.0021978
814,0.138462,0.619231,0.0769231,0.00384615,0.157692,0.00384615
815,0.154839,0.0516129,0.56129,0.0516129,0.154839,0.0258065
816,0.137615,0.0183486,0.761468,0.0275229,0.00917431,0.0458716
817,0.219672,0.727869,0.00327869,0.00327869,0.00327869,0.042623
818,0.0280612,0.933673,0.00255102,0.00255102,0.0306122,0.00255102
819,0.0851915,0.722699,0.0720412,0.0411664,0.0646083,0.0142939
820,0.297619,0.190476,0.22619,0.0119048,0.0119048,0.261905
821,0.0188679,0.0188679,0.207547,0.283019,0.0188679,0.45283
822,0.0933333,0.746667,0.0333333,0.00333333,0.0966667,0.0266667
823,0.358491,0.0849057,0.334906,0.0754717,0.0471698,0.0990566
824,0.172619,0.77381,0.0357143,0.00297619,0.0119048,0.00297619
825,0.0482625,0.862934,0.0135135,0.0405405,0.0328185,0.0019305
826,0.222222,0.111111,0.222222,0.111111,0.111111,0.222222
827,0.0204082,0.0204082,0.77551,0.122449,0.0408163,0.0204082
828,0.403226,0.104839,0.467742,0.00806452,0.00806452,0.00806452
829,0.524731,0.027957,0.154839,0.0215054,0.268817,0.00215054
830,0.0692308,0.0846154,0.230769,0.00769231,0.238462,0.369231
831,0.0111111,0.0444444,0.611111,0.222222,0.0111111,0.1
832,0.190678,0.449153,0.207627,0.0127119,0.059322,0.0805085
833,0.100737,0.592138,0.213759,0.00737101,0.0012285,0.0847666
834,0.0444444,0.0222222,0.0222222,0.311111,0.111111,0.488889
835,0.200557,0.0473538,0.682451,0.0362117,0.0250696,0.00835655
836,0.00776398,0.302795,0.158385,0.152174,0.0636646,0.315217
837,0.244604,0.0143885,0.645084,0.0743405,0.00239808,0.0191847
838,0.0105263,0.0105263,0.231579,0.126316,0.210526,0.410526
839,0.00917431,0.00917431,0.422018,0.201835,0.0275229,0.330275
840,0.125737,0.643222,0.17721,0.00353635,0.00628684,0.0440079
841,0.493103,0.0482759,0.0758621,0.0586207,0.0206897,0.303448
842,0.0555556,0.222222,0.0555556,0.5,0.0555556,0.111111
843,0.150943,0.0188679,0.509434,0.119497,0.122642,0.0786164
844,0.75,0.125,0.03125,0.03125,0.03125,0.03125
845,0.181818,0.0909091,0.0909091,0.0909091,0.0909091,0.454545
846,0.333333,0.0714286,0.142857,0.380952,0.0238095,0.047619
847,0.235632,0.62931,0.126437,0.00287356,0.00287356,0.00287356
848,0.0905923,0.756098,0.142857,0.00348432,0.00348432,0.00348432
849,0.0666667,0.0222222,0.466667,0.0222222,0.2,0.222222
850,0.0454545,0.0454545,0.363636,0.136364,0.0909091,0.318182
851,0.0150943,0.818868,0.143396,0.0113208,0.00754717,0.00377358
852,0.177673,0.740566,0.00157233,0.0235849,0.00157233,0.0550314
853,0.105263,0.809598,0.0108359,0.00154799,0.0309598,0.0417957
854,0.156047,0.438231,0.0715215,0.0702211,0.228869,0.0351105
855,0.300268,0.586238,0.0178731,0.0563003,0.00357462,0.0357462
856,0.196522,0.477101,0.0962319,0.132464,0.0486957,0.0489855
857,0.101449,0.0289855,0.415459,0.101449,0.154589,0.198068
858,0.0238095,0.801587,0.0555556,0.0436508,0.00396825,0.0714286
859,0.373134,0.141791,0.0820896,0.119403,0.276119,0.00746269
860,0.211268,0.544601,0.00938967,0.00469484,0.173709,0.056338
861,0.0613497,0.769939,0.00306748,0.00306748,0.156442,0.00613497
862,0.708861,0.139241,0.101266,0.0253165,0.0126582,0.0126582
863,0.142857,0.047619,0.666667,0.047619,0.047619,0.047619
864,0.0344828,0.689655,0.0560345,0.00215517,0.127155,0.0905172
865,0.0181818,0.0181818,0.490909,0.2,0.0545455,0.218182
866,0.0602883,0.51114,0.266055,0.0196592,0.0458716,0.0969856
867,0.144737,0.0263158,0.276316,0.171053,0.0131579,0.368421
868,0.0211268,0.00704225,0.295775,0.147887,0.00704225,0.521127
869,0.154372,0.28041,0.127992,0.125061,0.0600879,0.252076
870,0.241758,0.0604396,0.450549,0.0604396,0.00549451,0.181319
871,0.193961,0.735192,0.0150987,0.0162602,0.00116144,0.0383275
872,0.368421,0.0986842,0.480263,0.0197368,0.0263158,0.00657895
873,0.179959,0.269939,0.184049,0.153374,0.155419,0.0572597
874,0.045657,0.469933,0.16314,0.234967,0.0155902,0.0707127
875,0.134021,0.817869,0.0103093,0.0206186,0.0137457,0.00343643
876,0.0447761,0.0149254,0.38806,0.253731,0.268657,0.0298507
877,0.840491,0.0940695,0.0235174,0.00102249,0.0398773,0.00102249
878,0.0301075,0.873118,0.00215054,0.0172043,0.0172043,0.0602151
879,0.0332326,0.648792,0.179003,0.0513595,0.0422961,0.0453172
880,0.165414,0.793233,0.0300752,0.0037594,0.0037594,0.0037594
881,0.0294118,0.0294118,0.0882353,0.0588235,0.294118,0.5
882,0.522541,0.44877,0.0184426,0.00614754,0.00204918,0.00204918
883,0.15625,0.582589,0.0691964,0.046875,0.0133929,0.131696
884,0.0886525,0.815603,0.070922,0.0035461,0.0177305,0.0035461
885,0.111111,0.111111,0.222222,0.333333,0.111111,0.111111
886,0.217069,0.376623,0.0593692,0.168831,0.0612245,0.116883
887,0.157576,0.587879,0.00606061,0.00606061,0.236364,0.00606061
888,0.179661,0.749153,0.00338983,0.00338983,0.0610169,0.00338983
889,0.04,0.04,0.24,0.32,0.04,0.32
890,0.776481,0.197579,0.00389105,0.00129702,0.0203199,0.000432339
891,0.62037,0.148148,0.203704,0.00925926,0.00925926,0.00925926
892,0.0845547,0.578354,0.179256,0.0349493,0.0552424,0.0676437
893,0.0224719,0.011236,0.134831,0.11236,0.011236,0.707865
894,0.162914,0.569536,0.0317881,0.0635762,0.0357616,0.136424
895,0.0588235,0.0588235,0.529412,0.0588235,0.0588235,0.235294
896,0.117984,0.534937,0.0652921,0.120848,0.100229,0.0607102
897,0.142857,0.142857,0.142857,0.142857,0.142857,0.285714
898,0.0285714,0.171429,0.371429,0.342857,0.0285714,0.0571429
899,0.0588235,0.0588235,0.235294,0.294118,0.0588235,0.294118
900,0.208219,0.632877,0.090411,0.0356164,0.0246575,0.00821918
901,0.0222222,0.0222222,0.311111,0.155556,0.0888889,0.4
902,0.0125786,0.0125786,0.245283,0.345912,0.00628931,0.377358
903,0.0567686,0.00436681,0.436681,0.340611,0.0305677,0.131004
904,0.0855422,0.244578,0.36747,0.0951807,0.0253012,0.181928
905,0.0144928,0.0144928,0.565217,0.202899,0.0144928,0.188406
906,0.0815287,0.543949,0.101911,0.0471338,0.10828,0.117197
907,0.0537975,0.221519,0.0506329,0.00316456,0.636076,0.0348101
908,0.43299,0.123711,0.0618557,0.0103093,0.350515,0.0206186
909,0.497238,0.39779,0.00552486,0.00552486,0.0883978,0.00552486
910,0.140998,0.725235,0.0751988,0.00650759,0.0021692,0.0498915
911,0.0625,0.0625,0.25,0.125,0.0625,0.4375
912,0.258065,0.290323,0.0322581,0.16129,0.225806,0.0322581
913,0.0416667,0.0416667,0.0833333,0.25,0.0833333,0.5
914,0.125,0.125,0.375,0.125,0.125,0.125
915,0.095092,0.570552,0.162577,0.0582822,0.0828221,0.0306748
916,0.48773,0.0828221,0.266871,0.0736196,0.00306748,0.0858896
917,0.79,0.13,0.05,0.01,0.01,0.01
918,0.0289855,0.724155,0.110628,0.0164251,0.0782609,0.0415459
919,0.353846,0.138462,0.461538,0.0153846,0.0153846,0.0153846
920,0.015873,0.015873,0.603175,0.174603,0.015873,0.174603
921,0.149461,0.587057,0.0493066,0.0955316,0.00154083,0.117103
922,0.0717131,0.874502,0.0139442,0.00199203,0.00199203,0.0358566
923,0.196078,0.563025,0.0112045,0.0532213,0.173669,0.00280112
924,0.441176,0.107843,0.235294,0.0490196,0.00980392,0.156863
925,0.106849,0.131507,0.468493,0.00273973,0.175342,0.115068
926,0.0945122,0.594512,0.097561,0.0945122,0.0823171,0.0365854
927,0.142857,0.142857,0.142857,0.142857,0.142857,0.285714
928,0.04,0.04,0.36,0.04,0.08,0.44
929,0.015873,0.0238095,0.52381,0.214286,0.047619,0.174603
930,0.0583269,0.686876,0.038373,0.0145817,0.00153492,0.200307
931,0.0597484,0.0377358,0.27673,0.27673,0.22327,0.125786
932,0.391304,0.195652,0.0434783,0.326087,0.0217391,0.0217391
933,0.047619,0.047619,0.0952381,0.0952381,0.333333,0.380952
934,0.0554371,0.878465,0.0447761,0.0021322,0.0021322,0.0170576
935,0.0179641,0.882236,0.0499002,0.00199601,0.0459082,0.00199601
936,0.552163,0.14631,0.179389,0.00508906,0.0852417,0.0318066
937,0.255014,0.653295,0.00286533,0.0429799,0.0429799,0.00286533
938,0.0121951,0.0121951,0.682927,0.207317,0.0121951,0.0731707
939,0.1,0.1,0.3,0.2,0.1,0.2
940,0.0918618,0.257525,0.146042,0.194203,0.0173913,0.292977
941,0.142857,0.142857,0.285714,0.142857,0.142857,0.142857
942,0.0561798,0.101124,0.34382,0.0337079,0.375281,0.0898876
943,0.0203252,0.239837,0.301829,0.0152439,0.267276,0.155488
944,0.05,0.05,0.3,0.4,0.05,0.15
945,0.0930233,0.802326,0.0465116,0.00387597,0.0503876,0.00387597
946,0.455163,0.413043,0.0475543,0.00271739,0.0149457,0.0665761
947,0.147541,0.666667,0.00273224,0.150273,0.0300546,0.00273224
948,0.0477137,0.524851,0.0463883,0.177601,0.0603048,0.143141
949,0.210526,0.347826,0.0938215,0.212815,0.0617849,0.0732265
950,0.0942623,0.790984,0.0245902,0.00409836,0.0819672,0.00409836
951,0.0346821,0.0693642,0.115607,0.156069,0.445087,0.179191
952,0.333333,0.222222,0.111111,0.111111,0.111111,0.111111
953,0.0166667,0.0166667,0.5,0.0166667,0.0166667,0.433333
954,0.0944882,0.885827,0.00393701,0.00393701,0.00787402,0.00393701
955,0.0666667,0.797279,0.0136054,0.00136054,0.0176871,0.103401
956,0.0884272,0.72288,0.0910848,0.032375,0.0176371,0.047596
957,0.745098,0.205882,0.0196078,0.00980392,0.00980392,0.00980392
958,0.251969,0.577428,0.0918635,0.00262467,0.00262467,0.0734908
959,0.030303,0.030303,0.393939,0.272727,0.030303,0.242424
960,0.734375,0.09375,0.109375,0.015625,0.03125,0.015625
961,0.0789474,0.0263158,0.131579,0.342105,0.0263158,0.394737
962,0.071875,0.840625,0.0015625,0.0015625,0.0828125,0.0015625
963,0.414634,0.134146,0.414634,0.0121951,0.0121951,0.0121951
964,0.0857143,0.840816,0.0408163,0.00408163,0.00816327,0.0204082
965,0.131503,0.563584,0.289017,0.00144509,0.00144509,0.0130058
966,0.0685279,0.345178,0.119289,0.00253807,0.0152284,0.449239
967,0.171429,0.760714,0.0214286,0.0214286,0.0178571,0.00714286
968,0.76087,0.0869565,0.0869565,0.0217391,0.0217391,0.0217391
969,0.125,0.125,0.375,0.125,0.125,0.125
970,0.350746,0.00248756,0.574627,0.0298507,0.039801,0.00248756
971,0.125874,0.800699,0.00699301,0.00699301,0.027972,0.0314685
972,0.185819,0.139364,0.0843521,0.00122249,0.512225,0.0770171
973,0.0976492,0.406872,0.0614828,0.264014,0.162749,0.00723327
974,0.0555556,0.232323,0.10101,0.0353535,0.474747,0.10101
975,0.155427,0.571583,0.249549,0.0129823,0.0100974,0.00036062
976,0.221154,0.288462,0.149038,0.0288462,0.283654,0.0288462
977,0.0606061,0.606061,0.00606061,0.00606061,0.315152,0.00606061
978,0.18254,0.291383,0.24263,0.0668934,0.0170068,0.199546
979,0.108696,0.472826,0.0380435,0.00543478,0.36413,0.0108696
980,0.142857,0.142857,0.285714,0.142857,0.142857,0.142857
981,0.03125,0.09375,0.28125,0.34375,0.0625,0.1875
982,0.0166667,0.2,0.0166667,0.05,0.7,0.0166667
983,0.0526316,0.0526316,0.105263,0.157895,0.0526316,0.578947
984,0.767857,0.0892857,0.0357143,0.0178571,0.0178571,0.0714286
985,0.0212443,0.907436,0.0257967,0.0151745,0.0288316,0.00151745
986,0.308642,0.160494,0.333333,0.17284,0.0123457,0.0123457
987,0.0326087,0.0434783,0.108696,0.358696,0.0108696,0.445652
988,0.0123457,0.432099,0.0617284,0.0123457,0.469136,0.0123457
989,0.0903427,0.623053,0.124611,0.0436137,0.115265,0.00311526
990,0.0641399,0.664723,0.209913,0.00291545,0.0553936,0.00291545
991,0.118492,0.793537,0.043088,0.00179533,0.0287253,0.0143627
992,0.433071,0.0866142,0.307087,0.0787402,0.00787402,0.0866142
993,0.0943739,0.838475,0.0272232,0.00181488,0.0127042,0.0254083
994,0.0262582,0.919037,0.0153173,0.00218818,0.0153173,0.0218818
995,0.168224,0.794393,0.0046729,0.00934579,0.00934579,0.0140187
996,0.0366492,0.814136,0.0759162,0.0026178,0.052356,0.0183246
997,0.38,0.01,0.21,0.01,0.21,0.18
998,0.0588235,0.0588235,0.411765,0.0588235,0.0588235,0.352941
999,0.0833333,0.0833333,0.0833333,0.583333,0.0833333,0.0833333
1000,0.305085,0.0508475,0.0677966,0.0169492,0.389831,0.169492
1001,0.0833333,0.0208333,0.354167,0.229167,0.0208333,0.291667
1002,0.938538,0.00996678,0.0215947,0.0265781,0.00166113,0.00166113
1003,0.103448,0.54023,0.204598,0.0344828,0.0482759,0.0689655
1004,0.138889,0.788194,0.00347222,0.0381944,0.0138889,0.0173611
1005,0.0432692,0.798077,0.00480769,0.00480769,0.144231,0.00480769
1006,0.188755,0.791165,0.00803213,0.00401606,0.00401606,0.00401606
1007,0.0472973,0.554054,0.0247748,0.0563063,0.304054,0.0135135
1008,0.25072,0.694524,0.00288184,0.0461095,0.00288184,0.00288184
1009,0.0128205,0.867521,0.0106838,0.017094,0.0405983,0.0512821
1010,0.0833333,0.166667,0.333333,0.25,0.0833333,0.0833333
1011,0.0715789,0.692632,0.0968421,0.0421053,0.0305263,0.0663158
1012,0.0839065,0.714924,0.074851,0.0281981,0.0189133,0.0792068
1013,0.457143,0.0857143,0.0285714,0.0571429,0.342857,0.0285714
1014,0.629213,0.202247,0.123596,0.011236,0.011236,0.0224719
1015,0.115092,0.729642,0.0814332,0.0162866,0.0217155,0.0358306
1016,0.0434783,0.130435,0.130435,0.26087,0.0434783,0.391304
1017,0.111111,0.111111,0.444444,0.111111,0.111111,0.111111
1018,0.196581,0.222222,0.205128,0.128205,0.230769,0.017094
1019,0.176471,0.757353,0.00367647,0.00367647,0.0551471,0.00367647
1020,0.7343,0.164788,0.0144928,0.0477724,0.00751476,0.0311326
1021,0.0738786,0.00263852,0.234828,0.343008,0.00263852,0.343008
1022,0.150538,0.580645,0.00806452,0.142473,0.0456989,0.0725806
1023,0.176755,0.53753,0.133172,0.121065,0.00968523,0.0217918
1024,0.129477,0.628099,0.206612,0.00275482,0.00275482,0.030303
1025,0.16,0.04,0.68,0.02,0.06,0.04
1026,0.284314,0.416667,0.0490196,0.00490196,0.220588,0.0245098
1027,0.205212,0.758958,0.0228013,0.00651466,0.00325733,0.00325733
1028,0.154472,0.585366,0.101626,0.00406504,0.150407,0.00406504
1029,0.244514,0.683386,0.0031348,0.0626959,0.0031348,0.0031348
1030,0.494318,0.119318,0.164773,0.0284091,0.00568182,0.1875
1031,0.111111,0.741192,0.142276,0.00271003,0.00135501,0.00135501
1032,0.35,0.05,0.266667,0.0333333,0.283333,0.0166667
1033,0.164474,0.223684,0.0921053,0.0328947,0.381579,0.105263
1034,0.0966921,0.483461,0.00254453,0.10687,0.307888,0.00254453
1035,0.0441767,0.0240964,0.2249,0.385542,0.00401606,0.317269
1036,0.111111,0.111111,0.333333,0.222222,0.111111,0.111111
1037,0.205882,0.532872,0.216263,0.000865052,0.0155709,0.0285467
1038,0.108247,0.805842,0.00343643,0.0429553,0.00343643,0.0360825
1039,0.00966184,0.00483092,0.227053,0.149758,0.00483092,0.603865
1040,0.0669856,0.753589,0.00239234,0.0430622,0.107656,0.0263158
1041,0.519573,0.0782918,0.0213523,0.373665,0.00355872,0.00355872
1042,0.125793,0.603594,0.175476,0.00845666,0.0634249,0.0232558
1043,0.295711,0.586907,0.0112867,0.0677201,0.00225734,0.0361174
1044,0.0835821,0.78209,0.0447761,0.0179104,0.0149254,0.0567164
1045,0.457211,0.361331,0.121236,0.00356577,0.00118859,0.0554675
1046,0.636364,0.0909091,0.159091,0.0227273,0.0681818,0.0227273
1047,0.735632,0.103448,0.0229885,0.0114943,0.114943,0.0114943
1048,0.111417,0.862448,0.00137552,0.00137552,0.00687758,0.0165062
1049,0.227891,0.401361,0.0102041,0.0136054,0.289116,0.0578231
1050,0.127517,0.718121,0.0302013,0.0033557,0.11745,0.0033557
1051,0.0324675,0.787338,0.0113636,0.00162338,0.163961,0.00324675
1052,0.0451128,0.74812,0.0300752,0.0676692,0.105263,0.0037594
1053,0.253071,0.498771,0.036855,0.019656,0.117936,0.0737101
1054,0.1875,0.0625,0.0625,0.375,0.0625,0.25
1055,0.0666667,0.0666667,0.0666667,0.133333,0.0666667,0.6
1056,0.5,0.0818182,0.0454545,0.00909091,0.354545,0.00909091
1057,0.0880399,0.687708,0.104651,0.0282392,0.0614618,0.0299003
1058,0.140187,0.556075,0.0350467,0.00233645,0.067757,0.198598
1059,0.058642,0.0216049,0.861111,0.00617284,0.00308642,0.0493827
1060,0.0204082,0.0204082,0.44898,0.0204082,0.0204082,0.469388
1061,0.181176,0.595294,0.0117647,0.0823529,0.0164706,0.112941
1062,0.0625,0.0625,0.6875,0.0625,0.0625,0.0625
1063,0.0882957,0.750513,0.0554415,0.00513347,0.0934292,0.00718686
1064,0.617729,0.0526316,0.157895,0.0581717,0.0304709,0.0831025
1065,0.104015,0.740876,0.00729927,0.0985401,0.00182482,0.0474453
1066,0.314286,0.0571429,0.4,0.0142857,0.0142857,0.2
1067,0.136364,0.0454545,0.0454545,0.409091,0.0909091,0.272727
1068,0.21755,0.471664,0.263254,0.0146252,0.00182815,0.0310786
1069,0.023753,0.447743,0.0950119,0.206651,0.225653,0.00118765
1070,0.281787,0.345361,0.340206,0.0171821,0.0137457,0.00171821
1071,0.444444,0.505669,0.00907029,0.00226757,0.0362812,0.00226757
1072,0.0188679,0.00943396,0.193396,0.29717,0.0377358,0.443396
1073,0.0555556,0.0555556,0.5,0.0555556,0.0555556,0.277778
1074,0.047619,0.142857,0.0952381,0.571429,0.0952381,0.047619
1075,0.12931,0.353448,0.00862069,0.0689655,0.431034,0.00862069
1076,0.0501792,0.713262,0.00358423,0.00358423,0.225806,0.00358423
1077,0.0909091,0.0909091,0.272727,0.0909091,0.0909091,0.363636
1078,0.0528169,0.0704225,0.161972,0.137324,0.0316901,0.545775
1079,0.256881,0.256881,0.00917431,0.00917431,0.458716,0.00917431
1080,0.0720339,0.652542,0.0974576,0.0127119,0.161017,0.00423729
1081,0.194839,0.52,0.180645,0.0180645,0.0683871,0.0180645
1082,0.142857,0.0139373,0.505226,0.149826,0.142857,0.0452962
1083,0.142857,0.142857,0.285714,0.142857,0.142857,0.142857
1084,0.268714,0.0287908,0.0556622,0.190019,0.00191939,0.454894
1085,0.291089,0.425743,0.138614,0.0891089,0.0237624,0.0316832
1086,0.335196,0.0502793,0.586592,0.00558659,0.00558659,0.0167598
1087,0.0169492,0.0169492,0.118644,0.644068,0.0169492,0.186441
1088,0.047619,0.047619,0.52381,0.047619,0.047619,0.285714
1089,0.0588235,0.0588235,0.352941,0.0588235,0.411765,0.0588235
1090,0.0184426,0.838115,0.0307377,0.0717213,0.0163934,0.0245902
1091,0.0145631,0.849515,0.00242718,0.0121359,0.118932,0.00242718
1092,0.0232558,0.0232558,0.372093,0.232558,0.0232558,0.325581
1093,0.0459184,0.341837,0.486395,0.0306122,0.0221088,0.0731293
1094,0.012987,0.025974,0.0519481,0.298701,0.025974,0.584416
1095,0.5,0.189655,0.155172,0.0172414,0.0172414,0.12069
1096,0.0708155,0.641631,0.0944206,0.154506,0.0171674,0.0214592
1097,0.0124827,0.815534,0.0319001,0.0610264,0.0665742,0.0124827
1098,0.111111,0.111111,0.222222,0.111111,0.222222,0.222222
1099,0.0478261,0.886957,0.0130435,0.00434783,0.0434783,0.00434783
1100,0.047619,0.047619,0.666667,0.142857,0.047619,0.047619
1101,0.149466,0.275208,0.0937129,0.153025,0.16726,0.161329
1102,0.276316,0.217105,0.0526316,0.0526316,0.394737,0.00657895
1103,0.0225989,0.00564972,0.570621,0.118644,0.00564972,0.276836
1104,0.02,0.005,0.17,0.21,0.02,0.575
1105,0.0268456,0.687919,0.0939597,0.110738,0.0033557,0.0771812
1106,0.142857,0.142857,0.142857,0.142857,0.142857,0.285714
1107,0.116638,0.744425,0.0222985,0.0874786,0.0222985,0.00686106
1108,0.139937,0.657233,0.072327,0.0597484,0.0251572,0.0455975
1109,0.0238095,0.0119048,0.357143,0.333333,0.0238095,0.25
1110,0.111111,0.111111,0.444444,0.111111,0.111111,0.111111
1111,0.025641,0.025641,0.25641,0.384615,0.282051,0.025641
1112,0.442623,0.0655738,0.0983607,0.180328,0.0983607,0.114754
1113,0.61,0.22,0.14,0.01,0.01,0.01
1114,0.119658,0.636752,0.025641,0.0299145,0.183761,0.0042735
1115,0.00917431,0.00611621,0.394495,0.504587,0.0244648,0.0611621
1116,0.736264,0.0549451,0.010989,0.175824,0.010989,0.010989
1117,0.00952381,0.0190476,0.114286,0.47619,0.0190476,0.361905
1118,0.117284,0.504115,0.0781893,0.185185,0.113169,0.00205761
1119,0.182519,0.51671,0.0179949,0.0796915,0.0694087,0.133676
1120,0.111111,0.111111,0.444444,0.111111,0.111111,0.111111
1121,0.46875,0.104167,0.177083,0.0104167,0.0104167,0.229167
1122,0.1341,0.777778,0.0344828,0.00383142,0.0153257,0.0344828
1123,0.0348584,0.901961,0.0261438,0.00217865,0.0152505,0.0196078
1124,0.137871,0.759162,0.008726,0.0558464,0.0017452,0.0366492
1125,0.0220307,0.391762,0.313218,0.113985,0.000957854,0.158046
1126,0.0791855,0.359729,0.262443,0.0158371,0.271493,0.0113122
1127,0.294279,0.362014,0.126773,0.0389016,0.17254,0.00549199
1128,0.485714,0.285714,0.142857,0.0571429,0.0142857,0.0142857
1129,0.171315,0.452191,0.0836653,0.0856574,0.0836653,0.123506
1130,0.0248668,0.854352,0.0248668,0.0017762,0.079929,0.0142096
1131,0.653199,0.0246914,0.117845,0.0516274,0.0448934,0.107744
1132,0.246006,0.626198,0.00638978,0.0415335,0.0702875,0.00958466
1133,0.222047,0.685039,0.0582677,0.0173228,0.015748,0.0015748
1134,0.0545455,0.00909091,0.254545,0.354545,0.00909091,0.318182
1135,0.177778,0.327778,0.111111,0.0111111,0.311111,0.0611111
1136,0.1,0.1,0.2,0.1,0.1,0.4
1137,0.0846561,0.608466,0.248677,0.0449735,0.010582,0.0026455
1138,0.2,0.419444,0.0222222,0.00555556,0.35,0.00277778
1139,0.0869565,0.0869565,0.217391,0.434783,0.130435,0.0434783
1140,0.0515971,0.369779,0.228501,0.0970516,0.197789,0.0552826
1141,0.298611,0.0277778,0.440972,0.0833333,0.0277778,0.121528
1142,0.0512821,0.0512821,0.367521,0.435897,0.034188,0.0598291
1143,0.0381166,0.919283,0.00224215,0.00224215,0.0358744,0.00224215
1144,0.40625,0.09375,0.015625,0.09375,0.015625,0.375
1145,0.0546875,0.796875,0.00390625,0.0742188,0.00390625,0.0664062
1146,0.0615385,0.187692,0.191538,0.136923,0.363846,0.0584615
1147,0.0769231,0.0769231,0.0769231,0.153846,0.0769231,0.538462
1148,0.00773994,0.653251,0.0123839,0.114551,0.0882353,0.123839
1149,0.0384615,0.0384615,0.769231,0.0384615,0.0384615,0.0769231
1150,0.477778,0.0666667,0.0888889,0.344444,0.0111111,0.0111111
1151,0.0211268,0.00352113,0.602113,0.112676,0.00352113,0.257042
1152,0.241026,0.54359,0.207692,0.0025641,0.0025641,0.0025641
1153,0.184729,0.62069,0.137931,0.00246305,0.0517241,0.00246305
1154,0.0136986,0.0136986,0.328767,0.164384,0.0821918,0.39726
1155,0.0972222,0.784722,0.0972222,0.00347222,0.0138889,0.00347222
1156,0.0542636,0.00775194,0.178295,0.232558,0.00775194,0.51938
1157,0.302711,0.650602,0.0361446,0.00150602,0.00753012,0.00150602
1158,0.0555556,0.444444,0.0707071,0.0252525,0.39899,0.00505051
1159,0.470588,0.0882353,0.176471,0.220588,0.0147059,0.0294118
1160,0.384211,0.552632,0.00526316,0.0157895,0.00263158,0.0394737
1161,0.0790274,0.83232,0.0202634,0.0182371,0.0238095,0.0263425
1162,0.246599,0.309524,0.197279,0.0187075,0.22619,0.00170068
1163,0.0903448,0.597931,0.149655,0.0551724,0.062069,0.0448276
1164,0.034642,0.584296,0.0323326,0.0669746,0.157044,0.124711
1165,0.0992647,0.761029,0.00367647,0.0220588,0.110294,0.00367647
1166,0.0814732,0.632812,0.0290179,0.078125,0.0558036,0.122768
1167,0.725806,0.0645161,0.16129,0.016129,0.016129,0.016129
1168,0.0434783,0.0434783,0.0869565,0.347826,0.0434783,0.434783
1169,0.0527394,0.378392,0.181516,0.0634921,0.25064,0.0732207
1170,0.0716846,0.655914,0.0107527,0.00358423,0.25448,0.00358423
1171,0.0310754,0.565642,0.0768156,0.179818,0.0272346,0.119413
1172,0.159757,0.493933,0.0561173,0.0591507,0.0581395,0.172902
1173,0.0857143,0.825,0.0785714,0.00357143,0.00357143,0.00357143
1174,0.0718563,0.185629,0.311377,0.00598802,0.347305,0.0778443
1175,0.140798,0.413525,0.210643,0.0155211,0.216186,0.00332594
1176,0.06,0.535,0.025,0.02,0.35,0.01
1177,0.0955414,0.700637,0.0302548,0.0764331,0.0955414,0.00159236
1178,0.0625,0.0625,0.5,0.125,0.0625,0.1875
1179,0.111111,0.111111,0.111111,0.111111,0.111111,0.444444
1180,0.132626,0.511936,0.0477454,0.103448,0.061008,0.143236
1181,0.18599,0.625604,0.00483092,0.00241546,0.171498,0.00966184
1182,0.0322581,0.0322581,0.354839,0.129032,0.0322581,0.419355
1183,0.147651,0.781879,0.0033557,0.0033557,0.0234899,0.0402685
1184,0.105405,0.540541,0.175676,0.0324324,0.105405,0.0405405
1185,0.0272277,0.482673,0.339109,0.00247525,0.00247525,0.14604
1186,0.112534,0.43413,0.0315193,0.219404,0.0174834,0.18493
1187,0.23888,0.313015,0.217463,0.0543657,0.14827,0.0280066
1188,0.0934019,0.419023,0.233933,0.0771208,0.0317052,0.144816
1189,0.188119,0.666667,0.00330033,0.00330033,0.0825083,0.0561056
1190,0.662921,0.0898876,0.213483,0.011236,0.011236,0.011236
1191,0.0695444,0.730216,0.105516,0.0467626,0.0467626,0.00119904
1192,0.163522,0.611321,0.191195,0.00125786,0.00125786,0.0314465
1193,0.0398936,0.843085,0.0279255,0.00398936,0.0292553,0.0558511
1194,0.136719,0.199219,0.0859375,0.0195312,0.246094,0.3125
1195,0.346217,0.5625,0.0419408,0.0411184,0.000822368,0.00740132
1196,0.760417,0.114583,0.0729167,0.0208333,0.0208333,0.0104167
1197,0.03663,0.029304,0.201465,0.135531,0.0659341,0.531136
1198,0.0178571,0.0357143,0.714286,0.0357143,0.0178571,0.178571
1199,0.12028,0.581818,0.234965,0.0013986,0.0377622,0.0237762
1200,0.148464,0.542662,0.0767918,0.0716724,0.133106,0.0273038
1201,0.0203562,0.51145,0.0407125,0.422392,0.00254453,0.00254453
1202,0.16,0.743333,0.00333333,0.00333333,0.06,0.03
1203,0.183556,0.760994,0.0305927,0.00191205,0.00191205,0.0210325
1204,0.0160296,0.0604192,0.0357583,0.600493,0.0246609,0.262639
1205,0.104563,0.336502,0.256654,0.0855513,0.214829,0.00190114
1206,0.3125,0.1625,0.4875,0.0125,0.0125,0.0125
1207,0.205645,0.427419,0.0887097,0.0403226,0.233871,0.00403226
1208,0.0246914,0.685185,0.0925926,0.00308642,0.00308642,0.191358
1209,0.0833333,0.0833333,0.0833333,0.583333,0.0833333,0.0833333
1210,0.142857,0.142857,0.285714,0.142857,0.142857,0.142857
1211,0.179487,0.538462,0.0564103,0.0666667,0.15641,0.0025641
1212,0.0755208,0.622396,0.0546875,0.00260417,0.242188,0.00260417
1213,0.136667,0.773333,0.07,0.00333333,0.0133333,0.00333333
1214,0.24359,0.0833333,0.371795,0.141026,0.025641,0.134615
1215,0.433862,0.0687831,0.126984,0.201058,0.015873,0.153439
1216,0.0827586,0.705747,0.0436782,0.00229885,0.163218,0.00229885
1217,0.132616,0.763441,0.0609319,0.00358423,0.0358423,0.00358423
1218,0.205021,0.439331,0.230126,0.0104603,0.0083682,0.106695
1219,0.340369,0.530343,0.00263852,0.108179,0.0158311,0.00263852
1220,0.027027,0.027027,0.0810811,0.189189,0.189189,0.486486
1221,0.00934579,0.336449,0.252336,0.00934579,0.373832,0.0186916
1222,0.0140845,0.0422535,0.084507,0.28169,0.0140845,0.56338
1223,0.0188679,0.0943396,0.415094,0.0566038,0.113208,0.301887
1224,0.0896159,0.135135,0.128497,0.106211,0.0815552,0.458985
1225,0.102616,0.802817,0.084507,0.00402414,0.00402414,0.00201207
1226,0.232019,0.549884,0.160093,0.00464037,0.0510441,0.00232019
1227,0.5,0.125,0.321429,0.0178571,0.0178571,0.0178571
1228,0.350649,0.340909,0.103896,0.00649351,0.133117,0.0649351
1229,0.125,0.0833333,0.375,0.208333,0.0416667,0.166667
1230,0.0287356,0.551724,0.0948276,0.0402299,0.0488506,0.235632
1231,0.0208333,0.0208333,0.5,0.0833333,0.0416667,0.333333
1232,0.00396825,0.00396825,0.142857,0.238095,0.00396825,0.607143
1233,0.0127014,0.75031,0.0768278,0.039653,0.0139405,0.106568
1234,0.0199637,0.742287,0.0399274,0.147005,0.00181488,0.0490018
1235,0.0769231,0.0769231,0.5,0.00961538,0.00961538,0.326923
1236,0.221212,0.0666667,0.415152,0.184848,0.0030303,0.109091
1237,0.166667,0.111111,0.555556,0.0555556,0.0555556,0.0555556
1238,0.285714,0.142857,0.142857,0.142857,0.142857,0.142857
1239,0.0691928,0.642504,0.169687,0.00164745,0.115321,0.00164745
1240,0.615385,0.153846,0.173077,0.0192308,0.0192308,0.0192308
1241,0.125,0.125,0.25,0.25,0.125,0.125
1242,0.05,0.05,0.6,0.05,0.05,0.2
1243,0.17757,0.738318,0.0716511,0.00311526,0.00623053,0.00311526
1244,0.0987654,0.0123457,0.0123457,0.407407,0.185185,0.283951
1245,0.109375,0.835337,0.015625,0.00961538,0.0252404,0.00480769
1246,0.264706,0.57754,0.0588235,0.0187166,0.0320856,0.0481283
1247,0.139746,0.363884,0.19873,0.101633,0.0526316,0.143376
1248,0.676056,0.140845,0.140845,0.0140845,0.0140845,0.0140845
1249,0.0743494,0.345725,0.0260223,0.00371747,0.546468,0.00371747
1250,0.2,0.21645,0.351515,0.0112554,0.038961,0.181818
1251,0.142857,0.142857,0.142857,0.285714,0.142857,0.142857
1252,0.5,0.0648148,0.0185185,0.0648148,0.00925926,0.342593
1253,0.0313351,0.843324,0.0613079,0.00953678,0.0531335,0.0013624
1254,0.0439024,0.0097561,0.365854,0.0731707,0.00487805,0.502439
1255,0.216374,0.649123,0.0175439,0.0584795,0.0555556,0.00292398
1256,0.0102249,0.891616,0.0388548,0.0102249,0.0470348,0.00204499
1257,0.0416667,0.0138889,0.361111,0.277778,0.208333,0.0972222
1258,0.0673684,0.909474,0.0168421,0.00210526,0.00210526,0.00210526
1259,0.234375,0.171875,0.296875,0.109375,0.171875,0.015625
1260,0.0864198,0.00411523,0.312757,0.242798,0.00411523,0.349794
1261,0.0508806,0.575342,0.072407,0.0332681,0.266145,0.00195695
1262,0.0807175,0.491031,0.0852018,0.165919,0.123318,0.0538117
1263,0.0384615,0.0769231,0.5,0.269231,0.0384615,0.0769231
1264,0.161074,0.322148,0.0939597,0.00671141,0.322148,0.0939597
1265,0.217687,0.562358,0.0430839,0.0702948,0.00453515,0.102041
1266,0.241379,0.241379,0.103448,0.0344828,0.0344828,0.344828
1267,0.233333,0.564103,0.161538,0.0025641,0.0025641,0.0358974
1268,0.813433,0.0671642,0.00746269,0.00746269,0.00746269,0.0970149
1269,0.117284,0.695988,0.0601852,0.095679,0.0169753,0.0138889
1270,0.15,0.1,0.1,0.05,0.1,0.5
1271,0.0606061,0.530303,0.114719,0.0108225,0.0692641,0.214286
1272,0.0232558,0.0232558,0.372093,0.0465116,0.0232558,0.511628
1273,0.0977011,0.844828,0.00383142,0.0191571,0.032567,0.00191571
1274,0.00888889,0.902222,0.0755556,0.00444444,0.00444444,0.00444444
1275,0.13577,0.754569,0.0156658,0.0182768,0.0574413,0.0182768
1276,0.0277778,0.0277778,0.111111,0.694444,0.0277778,0.111111
1277,0.013468,0.814815,0.003367,0.003367,0.161616,0.003367
1278,0.0679785,0.767442,0.0268336,0.00178891,0.118068,0.0178891
1279,0.0454545,0.0454545,0.363636,0.0909091,0.0909091,0.363636
1280,0.16035,0.74344,0.0495627,0.00291545,0.0058309,0.0379009
1281,0.216561,0.72293,0.0254777,0.0254777,0.00636943,0.00318471
1282,0.259816,0.64411,0.0434419,0.0167084,0.0334169,0.00250627
1283,0.038291,0.654575,0.0161225,0.209593,0.0241838,0.057235
1284,0.030303,0.0606061,0.212121,0.030303,0.030303,0.636364
1285,0.129199,0.00258398,0.387597,0.113695,0.00258398,0.364341
1286,0.0323529,0.926471,0.0367647,0.00147059,0.00147059,0.00147059
1287,0.0263158,0.0263158,0.0263158,0.5,0.0263158,0.394737
1288,0.08,0.386667,0.045,0.358333,0.05,0.08
1289,0.392079,0.378218,0.0851485,0.019802,0.0316832,0.0930693
1290,0.1,0.1,0.1,0.3,0.3,0.1
1291,0.0626632,0.751958,0.00261097,0.00522193,0.148825,0.0287206
1292,0.047619,0.047619,0.619048,0.190476,0.047619,0.047619
1293,0.0135135,0.0135135,0.297297,0.527027,0.0135135,0.135135
1294,0.452381,0.25,0.107143,0.0595238,0.0238095,0.107143
1295,0.0326087,0.0108696,0.73913,0.0108696,0.0108696,0.195652
1296,0.5,0.0892857,0.214286,0.0178571,0.160714,0.0178571
1297,0.273543,0.506726,0.150972,0.00149477,0.0134529,0.0538117
1298,0.0781759,0.553746,0.162866,0.0912052,0.110749,0.00325733
1299,0.0950704,0.862676,0.0140845,0.00352113,0.0211268,0.00352113
1300,0.112245,0.755102,0.108844,0.0102041,0.00340136,0.0102041
1301,0.143293,0.737805,0.0518293,0.0213415,0.0426829,0.00304878
1302,0.00714286,0.748214,0.0178571,0.0339286,0.144643,0.0482143
1303,0.117647,0.671123,0.0748663,0.0026738,0.131016,0.0026738
1304,0.0486891,0.475655,0.0561798,0.00749064,0.40824,0.00374532
1305,0.240741,0.037037,0.0555556,0.574074,0.0185185,0.0740741
1306,0.0622222,0.913333,0.0177778,0.00222222,0.00222222,0.00222222
1307,0.14,0.631429,0.0485714,0.0485714,0.0228571,0.108571
1308,0.510436,0.056926,0.267552,0.0872865,0.0246679,0.0531309
1309,0.154982,0.760148,0.0184502,0.00369004,0.00369004,0.0590406
1310,0.0264026,0.00660066,0.405941,0.0231023,0.0363036,0.50165
1311,0.251908,0.580153,0.103053,0.00763359,0.0229008,0.0343511
1312,0.0855019,0.527881,0.0390335,0.139405,0.185874,0.0223048
1313,0.394928,0.0543478,0.532609,0.00362319,0.00362319,0.0108696
1314,0.047619,0.047619,0.52381,0.047619,0.047619,0.285714
1315,0.0217391,0.0217391,0.0434783,0.347826,0.0217391,0.543478
1316,0.0685185,0.792593,0.0814815,0.0111111,0.0425926,0.0037037
1317,0.0265393,0.647558,0.26327,0.0350318,0.014862,0.0127389
1318,0.160638,0.454255,0.119149,0.165957,0.00106383,0.0989362
1319,0.0625,0.0625,0.0625,0.25,0.125,0.4375
1320,0.289318,0.637982,0.0237389,0.0459941,0.00148368,0.00148368
1321,0.520325,0.0731707,0.235772,0.0731707,0.00813008,0.0894309
1322,0.15894,0.0198675,0.622517,0.0198675,0.00662252,0.172185
1323,0.290429,0.660066,0.00330033,0.039604,0.00330033,0.00330033
1324,0.0536585,0.00243902,0.241463,0.319512,0.0292683,0.353659
1325,0.109091,0.290909,0.0818182,0.2,0.309091,0.00909091
1326,0.240446,0.632166,0.00159236,0.0907643,0.0334395,0.00159236
1327,0.161638,0.695043,0.00323276,0.0269397,0.112069,0.00107759
1328,0.0341297,0.740614,0.102389,0.00341297,0.00341297,0.116041
1329,0.344262,0.0327869,0.393443,0.0327869,0.163934,0.0327869
1330,0.133909,0.704104,0.012959,0.00107991,0.00107991,0.146868
1331,0.00319489,0.591054,0.0255591,0.0191693,0.345048,0.0159744
1332,0.0597015,0.863539,0.0703625,0.0021322,0.0021322,0.0021322
1333,0.0123457,0.679012,0.00411523,0.0123457,0.271605,0.0205761
1334,0.0227273,0.0227273,0.159091,0.159091,0.272727,0.363636
1335,0.113514,0.0702703,0.027027,0.389189,0.308108,0.0918919
1336,0.110041,0.335626,0.127923,0.0151307,0.303989,0.10729
1337,0.11575,0.772296,0.0588235,0.00189753,0.00189753,0.0493359
1338,0.447368,0.111842,0.342105,0.0197368,0.0723684,0.00657895
1339,0.133333,0.133333,0.0666667,0.466667,0.0666667,0.133333
1340,0.120805,0.682886,0.0285235,0.00167785,0.0721477,0.0939597
1341,0.1,0.1,0.4,0.1,0.2,0.1
1342,0.0555556,0.0555556,0.388889,0.333333,0.0555556,0.111111
1343,0.25,0.25,0.125,0.125,0.125,0.125
1344,0.0823328,0.656947,0.168096,0.0051458,0.0857633,0.00171527
1345,0.149153,0.830508,0.00338983,0.00338983,0.0101695,0.00338983
1346,0.43956,0.0604396,0.153846,0.131868,0.00549451,0.208791
1347,0.11157,0.801653,0.0619835,0.00206612,0.00206612,0.0206612
1348,0.0380952,0.761905,0.0457143,0.0114286,0.127619,0.0152381
1349,0.0612409,0.502015,0.0572119,0.0177276,0.269138,0.0926672
1350,0.370466,0.103627,0.204663,0.0751295,0.00259067,0.243523
1351,0.0370995,0.598651,0.037774,0.158179,0.0671164,0.10118
1352,0.0752427,0.373786,0.065534,0.00485437,0.32767,0.152913
1353,0.0285714,0.0285714,0.628571,0.171429,0.0285714,0.114286
1354,0.126623,0.818182,0.00324675,0.00324675,0.0454545,0.00324675
1355,0.305164,0.187793,0.492958,0.00469484,0.00469484,0.00469484
1356,0.0717489,0.0044843,0.578475,0.0627803,0.0807175,0.201794
1357,0.0569307,0.616337,0.114356,0.0534653,0.130693,0.0282178
1358,0.111111,0.111111,0.444444,0.111111,0.111111,0.111111
1359,0.0117647,0.0117647,0.0823529,0.717647,0.0235294,0.152941
1360,0.1,0.4,0.2,0.1,0.1,0.1
1361,0.111913,0.736462,0.032491,0.00361011,0.111913,0.00361011
1362,0.0700389,0.85214,0.0622568,0.00389105,0.0077821,0.00389105
1363,0.00952381,0.758095,0.0933333,0.0114286,0.0361905,0.0914286
1364,0.124535,0.726766,0.063197,0.0167286,0.0669145,0.00185874
1365,0.0156863,0.772549,0.0313725,0.00392157,0.156863,0.0196078
1366,0.146746,0.533728,0.0284024,0.0485207,0.227219,0.0153846
1367,0.657895,0.0964912,0.232456,0.00438596,0.00438596,0.00438596
1368,0.0412758,0.716698,0.110694,0.11257,0.00375235,0.0150094
1369,0.071599,0.529833,0.105012,0.0596659,0.22673,0.0071599
1370,0.0631121,0.755713,0.106638,0.00054407,0.00054407,0.0734494
1371,0.0555556,0.0555556,0.222222,0.0555556,0.166667,0.444444
1372,0.0736434,0.844961,0.0193798,0.00387597,0.0542636,0.00387597
1373,0.0285714,0.0142857,0.4,0.0785714,0.0142857,0.464286
1374,0.101639,0.711475,0.0295082,0.00327869,0.0622951,0.0918033
1375,0.560748,0.0747664,0.102804,0.158879,0.00934579,0.0934579
1376,0.74359,0.166667,0.0512821,0.0128205,0.0128205,0.0128205
1377,0.105263,0.0075188,0.736842,0.0601504,0.0300752,0.0601504
1378,0.308958,0.521024,0.00548446,0.135283,0.00182815,0.0274223
1379,0.836478,0.106918,0.0377358,0.00628931,0.00628931,0.00628931
1380,0.0152284,0.923858,0.00507614,0.00507614,0.0456853,0.00507614
1381,0.746269,0.179104,0.0298507,0.0149254,0.0149254,0.0149254
1382,0.172414,0.0818966,0.0689655,0.00431034,0.607759,0.0646552
1383,0.0794045,0.00248139,0.707196,0.08933,0.0248139,0.0967742
1384,0.123675,0.742049,0.0565371,0.00706714,0.0671378,0.00353357
1385,0.0935162,0.138404,0.233167,0.240648,0.190773,0.103491
1386,0.181197,0.699145,0.112821,0.0017094,0.0017094,0.0034188
1387,0.192308,0.0769231,0.211538,0.173077,0.134615,0.211538
1388,0.446886,0.021978,0.117216,0.300366,0.003663,0.10989
1389,0.0501002,0.390782,0.140281,0.0280561,0.370741,0.0200401
1390,0.180995,0.00452489,0.339367,0.253394,0.00452489,0.217195
1391,0.722222,0.148148,0.0740741,0.0185185,0.0185185,0.0185185
1392,0.119403,0.253731,0.18408,0.0348259,0.333333,0.0746269
1393,0.0314136,0.712042,0.0183246,0.0209424,0.120419,0.0968586
1394,0.444056,0.0524476,0.493007,0.0034965,0.0034965,0.0034965
1395,0.415274,0.386635,0.114558,0.0190931,0.0453461,0.0190931
1396,0.62963,0.148148,0.166667,0.0185185,0.0185185,0.0185185
1397,0.0212355,0.65444,0.129344,0.003861,0.110039,0.0810811
1398,0.339844,0.542969,0.046875,0.00130208,0.00130208,0.0677083
1399,0.0897184,0.421742,0.265226,0.0255403,0.104126,0.0936477
1400,0.0730271,0.59894,0.114841,0.0194346,0.12073,0.0730271
1401,0.0887793,0.82984,0.0147965,0.0616523,0.00123305,0.00369914
1402,0.222222,0.111111,0.111111,0.111111,0.111111,0.333333
1403,0.0136209,0.625426,0.046538,0.0794552,0.108967,0.125993
1404,0.0833333,0.547619,0.0738095,0.0285714,0.264286,0.00238095
1405,0.287619,0.419048,0.0685714,0.0266667,0.00190476,0.19619
1406,0.130319,0.117021,0.265957,0.00797872,0.37766,0.101064
1407,0.675,0.075,0.025,0.025,0.025,0.175
1408,0.484315,0.298393,0.0321347,0.10329,0.0260138,0.0558531
1409,0.182013,0.509636,0.252677,0.0107066,0.012848,0.0321199
1410,0.0217391,0.804348,0.057971,0.0398551,0.00362319,0.0724638
1411,0.384615,0.0769231,0.472527,0.043956,0.010989,0.010989
1412,0.00877193,0.0175439,0.350877,0.192982,0.0526316,0.377193
1413,0.479839,0.0927419,0.0685484,0.100806,0.00403226,0.254032
1414,0.0502513,0.0150754,0.572864,0.080402,0.0100503,0.271357
1415,0.702703,0.0675676,0.0945946,0.0945946,0.027027,0.0135135
1416,0.0740741,0.851852,0.00411523,0.00411523,0.0617284,0.00411523
1417,0.0748503,0.700599,0.0568862,0.0688623,0.00299401,0.0958084
1418,0.148649,0.833333,0.0045045,0.0045045,0.0045045,0.0045045
1419,0.0140845,0.678404,0.0211268,0.0938967,0.190141,0.00234742
1420,0.720569,0.227684,0.0206986,0.0219922,0.00776197,0.00129366
1421,0.13242,0.00456621,0.776256,0.0593607,0.00456621,0.0228311
1422,0.0150754,0.351759,0.211055,0.0552764,0.351759,0.0150754
1423,0.23913,0.00724638,0.166667,0.318841,0.00724638,0.26087
1424,0.362069,0.103448,0.12069,0.37931,0.0172414,0.0172414
1425,0.625,0.0865385,0.00961538,0.259615,0.00961538,0.00961538
1426,0.0883978,0.657459,0.16101,0.00868193,0.000789266,0.0836622
1427,0.0769231,0.153846,0.384615,0.0769231,0.0769231,0.230769
1428,0.142361,0.670139,0.0555556,0.00347222,0.125,0.00347222
1429,0.535714,0.0785714,0.0357143,0.05,0.292857,0.00714286
1430,0.56338,0.0950704,0.0140845,0.320423,0.00352113,0.00352113
1431,0.111111,0.111111,0.333333,0.111111,0.111111,0.222222
1432,0.144118,0.705882,0.00588235,0.111765,0.0294118,0.00294118
1433,0.174129,0.00829187,0.363184,0.208955,0.147595,0.0978441
1434,0.0161527,0.00440529,0.131424,0.779736,0.0132159,0.0550661
1435,0.111111,0.111111,0.222222,0.333333,0.111111,0.111111
1436,0.383007,0.520261,0.00653595,0.00130719,0.00130719,0.0875817
1437,0.22561,0.103659,0.304878,0.207317,0.109756,0.0487805
1438,0.131179,0.423954,0.152091,0.0855513,0.125475,0.081749
1439,0.0680529,0.807183,0.0359168,0.0793951,0.00189036,0.00756144
1440,0.0655738,0.0655738,0.491803,0.0163934,0.0163934,0.344262
1441,0.095941,0.756458,0.095941,0.0184502,0.0295203,0.00369004
1442,0.0152672,0.498728,0.178117,0.00254453,0.0534351,0.251908
1443,0.107143,0.482143,0.344388,0.00255102,0.0229592,0.0408163
1444,0.837945,0.0316206,0.0909091,0.00395257,0.0158103,0.0197628
1445,0.243017,0.527933,0.0251397,0.0335196,0.167598,0.0027933
1446,0.114286,0.619048,0.146032,0.0031746,0.114286,0.0031746
1447,0.164384,0.150685,0.0479452,0.00684932,0.623288,0.00684932
1448,0.0858586,0.830808,0.0170455,0.0195707,0.010101,0.0366162
1449,0.274074,0.44537,0.110185,0.012037,0.0222222,0.136111
1450,0.106775,0.0150957,0.763991,0.0592784,0.00773196,0.0471281
1451,0.0931677,0.0372671,0.36646,0.180124,0.00621118,0.31677
1452,0.0866142,0.0209974,0.711286,0.0367454,0.0183727,0.125984
1453,0.165192,0.253687,0.150442,0.00294985,0.286136,0.141593
1454,0.166107,0.662752,0.0184564,0.00838926,0.13255,0.011745
1455,0.117647,0.545455,0.0534759,0.00534759,0.272727,0.00534759
1456,0.0909091,0.0909091,0.363636,0.272727,0.0909091,0.0909091
1457,0.081741,0.752654,0.110403,0.0127389,0.0212314,0.0212314
1458,0.0322581,0.0322581,0.677419,0.193548,0.0322581,0.0322581
1459,0.0204082,0.0204082,0.673469,0.183673,0.0204082,0.0816327
1460,0.0840708,0.80531,0.0707965,0.00442478,0.0309735,0.00442478
1461,0.0714624,0.600095,0.19309,0.0189304,0.0279224,0.0884998
1462,0.124113,0.804965,0.0035461,0.0035461,0.0602837,0.0035461
1463,0.199255,0.536313,0.0884544,0.0456238,0.129423,0.000931099
1464,0.0131579,0.0131579,0.131579,0.118421,0.0263158,0.697368
1465,0.0675381,0.745098,0.0501089,0.0283224,0.106754,0.00217865
1466,0.61194,0.291045,0.0746269,0.00746269,0.00746269,0.00746269
1467,0.0333333,0.0333333,0.233333,0.4,0.266667,0.0333333
1468,0.1,0.1,0.2,0.2,0.1,0.3
1469,0.05,0.1,0.716667,0.05,0.0166667,0.0666667
1470,0.371287,0.524752,0.0767327,0.00742574,0.00247525,0.0173267
1471,0.402204,0.559229,0.0137741,0.00275482,0.00275482,0.0192837
1472,0.118081,0.523985,0.0553506,0.0258303,0.273063,0.00369004
1473,0.0666667,0.0666667,0.6,0.133333,0.0666667,0.0666667
1474,0.168067,0.331933,0.00420168,0.0378151,0.453782,0.00420168
1475,0.111111,0.111111,0.111111,0.222222,0.333333,0.111111
1476,0.0927152,0.474614,0.0816777,0.0154525,0.0794702,0.256071
1477,0.259259,0.0123457,0.283951,0.419753,0.0123457,0.0123457
1478,0.108108,0.027027,0.216216,0.189189,0.027027,0.432432
1479,0.618056,0.208333,0.152778,0.00694444,0.00694444,0.00694444
1480,0.0484018,0.786301,0.0191781,0.0401826,0.0429224,0.0630137
1481,0.654321,0.185185,0.123457,0.0123457,0.0123457,0.0123457
1482,0.0661686,0.707577,0.0352188,0.0202775,0.0618997,0.108858
1483,0.00385109,0.0821566,0.143774,0.132221,0.0924262,0.545571
1484,0.0796813,0.690239,0.0139442,0.0846614,0.0288845,0.10259
1485,0.0365854,0.813008,0.0487805,0.0853659,0.00406504,0.0121951
1486,0.0774908,0.870849,0.0369004,0.00369004,0.00738007,0.00369004
1487,0.111111,0.111111,0.111111,0.111111,0.111111,0.444444
1488,0.238095,0.177922,0.241558,0.190043,0.0887446,0.0636364
1489,0.00854701,0.034188,0.0598291,0.470085,0.00854701,0.418803
1490,0.111111,0.111111,0.444444,0.111111,0.111111,0.111111
1491,0.0909091,0.0909091,0.181818,0.0909091,0.181818,0.363636
1492,0.0588235,0.0588235,0.647059,0.0588235,0.0588235,0.117647
1493,0.166667,0.462963,0.185185,0.0037037,0.0962963,0.0851852
1494,0.273684,0.0315789,0.442105,0.0315789,0.0947368,0.126316
1495,0.356306,0.47696,0.0531528,0.0230396,0.00222312,0.0883185
1496,0.0833333,0.0833333,0.583333,0.0833333,0.0833333,0.0833333
1497,0.238213,0.610422,0.138958,0.00248139,0.00496278,0.00496278
1498,0.0791476,0.665145,0.0487062,0.0289193,0.0334855,0.144597
1499,0.162963,0.537037,0.037037,0.0333333,0.17037,0.0592593
1500,0.305439,0.0627615,0.175732,0.213389,0.0041841,0.238494
1501,0.111111,0.111111,0.444444,0.111111,0.111111,0.111111
1502,0.333333,0.540052,0.0180879,0.0645995,0.0413437,0.00258398
1503,0.13189,0.844488,0.0019685,0.0177165,0.0019685,0.0019685
1504,0.157827,0.479872,0.0817891,0.0140575,0.229393,0.0370607
1505,0.347368,0.115789,0.2,0.147368,0.0105263,0.178947
1506,0.205026,0.671958,0.0701058,0.0238095,0.0251323,0.00396825
1507,0.0639535,0.0348837,0.418605,0.372093,0.0523256,0.0581395
1508,0.482044,0.0790746,0.00517956,0.428177,0.00517956,0.000345304
1509,0.0244898,0.842857,0.0326531,0.00204082,0.0102041,0.0877551
1510,0.0901408,0.633803,0.0253521,0.056338,0.101408,0.0929577
1511,0.0684551,0.791859,0.0730805,0.0111008,0.0194265,0.0360777
1512,0.286863,0.581769,0.0268097,0.0482574,0.00268097,0.0536193
1513,0.0210526,0.0210526,0.2,0.305263,0.0210526,0.431579
1514,0.148585,0.558962,0.266509,0.00235849,0.0212264,0.00235849
1515,0.0625,0.0625,0.125,0.3125,0.0625,0.375
1516,0.100089,0.25067,0.56613,0.0270331,0.0393208,0.016756
1517,0.153333,0.693333,0.0433333,0.00333333,0.06,0.0466667
1518,0.111913,0.791817,0.0409146,0.00361011,0.00481348,0.0469314
1519,0.125749,0.11976,0.377246,0.233533,0.101796,0.0419162
1520,0.4,0.2,0.284211,0.0105263,0.0105263,0.0947368
1521,0.216216,0.4375,0.00168919,0.175676,0.0489865,0.119932
1522,0.22549,0.561275,0.0269608,0.00245098,0.181373,0.00245098
1523,0.0905923,0.271777,0.376307,0.00348432,0.250871,0.00696864
1524,0.00757576,0.139118,0.0647383,0.495179,0.0144628,0.278926
1525,0.0116279,0.604651,0.212209,0.0668605,0.0377907,0.0668605
1526,0.012987,0.038961,0.311688,0.25974,0.337662,0.038961
1527,0.255952,0.627976,0.0372024,0.00297619,0.0119048,0.0639881
1528,0.00925926,0.0277778,0.166667,0.407407,0.00925926,0.37963
1529,0.219153,0.615101,0.0589319,0.0239411,0.0331492,0.0497238
1530,0.134948,0.0415225,0.349481,0.16955,0.16263,0.141869
1531,0.114035,0.745614,0.00584795,0.0818713,0.0116959,0.0409357
1532,0.0338983,0.152542,0.0169492,0.355932,0.0677966,0.372881
1533,0.42515,0.107784,0.341317,0.0299401,0.00598802,0.0898204
1534,0.255751,0.416779,0.0257104,0.0284168,0.0784844,0.194858
1535,0.0117329,0.712996,0.120939,0.000902527,0.0640794,0.0893502
1536,0.0784314,0.0588235,0.156863,0.444444,0.00653595,0.254902
1537,0.12667,0.738369,0.0317826,0.0110548,0.000921234,0.0912022
1538,0.0238095,0.00595238,0.178571,0.517857,0.00595238,0.267857
1539,0.222222,0.222222,0.111111,0.111111,0.222222,0.111111
1540,0.125,0.125,0.375,0.125,0.125,0.125
1541,0.0794224,0.595668,0.0541516,0.00361011,0.169675,0.0974729
1542,0.121308,0.504219,0.129747,0.101266,0.035865,0.107595
1543,0.0625,0.0833333,0.354167,0.333333,0.0208333,0.145833
1544,0.119863,0.835616,0.0171233,0.00684932,0.0171233,0.00342466
1545,0.142857,0.721612,0.0989011,0.003663,0.029304,0.003663
1546,0.103125,0.7375,0.046875,0.053125,0.05625,0.003125
1547,0.178862,0.689431,0.125203,0.00325203,0.00162602,0.00162602
1548,0.116667,0.0833333,0.633333,0.0166667,0.0166667,0.133333
1549,0.0791111,0.704,0.150222,0.0124444,0.00977778,0.0444444
1550,0.245989,0.614973,0.0855615,0.0240642,0.0187166,0.0106952
1551,0.480769,0.125,0.365385,0.00961538,0.00961538,0.00961538
1552,0.385214,0.0622568,0.00389105,0.0933852,0.346304,0.108949
1553,0.0217391,0.0217391,0.57971,0.210145,0.0144928,0.152174
1554,0.0756757,0.248649,0.162162,0.0324324,0.356757,0.124324
1555,0.0841487,0.835616,0.0156556,0.00195695,0.0606654,0.00195695
1556,0.0833333,0.0833333,0.0833333,0.583333,0.0833333,0.0833333
1557,0.0862069,0.318966,0.0517241,0.00862069,0.525862,0.00862069
1558,0.470588,0.129412,0.2,0.0117647,0.152941,0.0352941
1559,0.0711242,0.622419,0.0517863,0.0668633,0.0599803,0.127827
1560,0.169381,0.0814332,0.127036,0.159609,0.37785,0.0846906
1561,0.0326087,0.745652,0.0423913,0.132609,0.0217391,0.025
1562,0.600207,0.359504,0.0134298,0.0113636,0.0144628,0.00103306
1563,0.151603,0.810496,0.00291545,0.0204082,0.0116618,0.00291545
1564,0.511905,0.440476,0.0357143,0.00396825,0.00396825,0.00396825
1565,0.506329,0.0886076,0.0759494,0.0126582,0.0379747,0.278481
1566,0.121345,0.49269,0.280702,0.0175439,0.0862573,0.00146199
1567,0.189189,0.72973,0.0760135,0.00168919,0.00168919,0.00168919
1568,0.210884,0.731293,0.0306122,0.00680272,0.0170068,0.00340136
1569,0.26,0.02,0.54,0.14,0.02,0.02
1570,0.0117371,0.669014,0.0594679,0.0539906,0.0422535,0.163537
1571,0.181363,0.794589,0.011022,0.01002,0.001002,0.00200401
1572,0.334328,0.647761,0.00298507,0.00895522,0.00298507,0.00298507
1573,0.0822368,0.101974,0.137061,0.0548246,0.513158,0.110746
1574,0.111111,0.111111,0.444444,0.111111,0.111111,0.111111
1575,0.00913242,0.954338,0.00456621,0.00456621,0.0228311,0.00456621
1576,0.16835,0.690236,0.003367,0.003367,0.117845,0.016835
1577,0.104762,0.6,0.0507937,0.00634921,0.142857,0.0952381
1578,0.068323,0.616977,0.101449,0.0828157,0.0828157,0.047619
1579,0.0833333,0.0166667,0.45,0.0666667,0.2,0.183333
1580,0.189557,0.393871,0.122588,0.108967,0.157775,0.0272418
1581,0.180359,0.322002,0.286119,0.0103872,0.146364,0.0547686
1582,0.0769231,0.0769231,0.0769231,0.307692,0.0769231,0.384615
1583,0.250932,0.544099,0.152795,0.0310559,0.0198758,0.00124224
1584,0.549618,0.122137,0.236641,0.0152672,0.00763359,0.0687023
1585,0.430493,0.5,0.0605381,0.00224215,0.0044843,0.00224215
1586,0.025641,0.205128,0.0512821,0.538462,0.025641,0.153846
1587,0.44,0.0733333,0.346667,0.02,0.06,0.06
1588,0.0833333,0.0833333,0.0833333,0.583333,0.0833333,0.0833333
1589,0.164286,0.667857,0.128571,0.00357143,0.0321429,0.00357143
1590,0.142384,0.698675,0.0140728,0.100993,0.00413907,0.0397351
1591,0.0606695,0.861925,0.0125523,0.0104603,0.0523013,0.00209205
1592,0.315725,0.588452,0.0282555,0.00737101,0.0012285,0.0589681
1593,0.0189732,0.933036,0.00111607,0.00558036,0.0379464,0.00334821
1594,0.0629685,0.631184,0.071964,0.163418,0.0689655,0.00149925
1595,0.391626,0.535714,0.00123153,0.0184729,0.00123153,0.0517241
1596,0.438356,0.164384,0.0136986,0.0136986,0.287671,0.0821918
1597,0.0106383,0.297872,0.138298,0.0638298,0.478723,0.0106383
1598,0.0285714,0.0285714,0.228571,0.228571,0.0857143,0.4
1599,0.127726,0.70405,0.00155763,0.0420561,0.0233645,0.101246
1600,0.251337,0.65508,0.0026738,0.0561497,0.0320856,0.0026738
1601,0.0672515,0.777778,0.0263158,0.00292398,0.0877193,0.0380117
1602,0.122222,0.72963,0.0037037,0.0037037,0.137037,0.0037037
1603,0.0227273,0.0227273,0.159091,0.0227273,0.0227273,0.75
1604,0.018711,0.002079,0.049896,0.444906,0.004158,0.480249
1605,0.142857,0.142857,0.285714,0.142857,0.142857,0.142857
1606,0.0869565,0.407609,0.0597826,0.00543478,0.434783,0.00543478
1607,0.0537746,0.47363,0.0630817,0.234747,0.00103413,0.173733
1608,0.227273,0.539256,0.0557851,0.00826446,0.126033,0.0433884
1609,0.102662,0.779468,0.00380228,0.00380228,0.106464,0.00380228
1610,0.0742049,0.879859,0.00353357,0.0106007,0.0176678,0.0141343
1611,0.24,0.608,0.0213333,0.00266667,0.008,0.12
1612,0.089455,0.00414692,0.337678,0.125592,0.0219194,0.421209
1613,0.223767,0.584071,0.0316056,0.0606827,0.079646,0.0202276
1614,0.0101695,0.779661,0.0949153,0.0135593,0.0983051,0.00338983
1615,0.110727,0.780277,0.0138408,0.00519031,0.0467128,0.0432526
1616,0.032567,0.837165,0.0114943,0.00191571,0.114943,0.00191571
1617,0.037037,0.00154321,0.725309,0.0169753,0.0216049,0.197531
1618,0.166667,0.542636,0.0930233,0.00387597,0.189922,0.00387597
1619,0.15,0.513889,0.1,0.00277778,0.141667,0.0916667
1620,0.111111,0.111111,0.444444,0.111111,0.111111,0.111111
1621,0.0172414,0.0172414,0.103448,0.5,0.0172414,0.344828
1622,0.2,0.170161,0.13629,0.154839,0.0314516,0.307258
1623,0.161074,0.815436,0.0033557,0.0033557,0.0134228,0.0033557
1624,0.0153846,0.0307692,0.0923077,0.369231,0.0153846,0.476923
1625,0.0147493,0.60767,0.079646,0.0678466,0.00294985,0.227139
1626,0.0479705,0.708487,0.154982,0.00369004,0.0184502,0.0664207
1627,0.0542169,0.748996,0.0281124,0.114458,0.0522088,0.00200803
1628,0.0243902,0.0365854,0.256098,0.426829,0.0243902,0.231707
1629,0.00877193,0.00292398,0.54386,0.163743,0.00292398,0.277778
1630,0.409091,0.0606061,0.19697,0.0151515,0.287879,0.030303
1631,0.17354,0.455326,0.135739,0.199313,0.00859107,0.0274914
1632,0.0833333,0.0833333,0.0833333,0.583333,0.0833333,0.0833333
1633,0.122807,0.776316,0.00438596,0.0350877,0.0570175,0.00438596
1634,0.025641,0.025641,0.692308,0.128205,0.102564,0.025641
1635,0.522124,0.247788,0.115044,0.00884956,0.0265487,0.079646
1636,0.229885,0.582102,0.130542,0.0180624,0.000821018,0.0385878
1637,0.0487805,0.0243902,0.780488,0.0243902,0.0243902,0.097561
1638,0.0251572,0.654088,0.00628931,0.00628931,0.238994,0.0691824
1639,0.685714,0.142857,0.128571,0.0142857,0.0142857,0.0142857
1640,0.142857,0.142857,0.285714,0.142857,0.142857,0.142857
1641,0.166667,0.0277778,0.722222,0.0277778,0.0277778,0.0277778
1642,0.0958904,0.255708,0.0593607,0.0388128,0.52968,0.0205479
1643,0.0773481,0.571823,0.0276243,0.0220994,0.240331,0.0607735
1644,0.0783242,0.783242,0.0464481,0.00182149,0.0500911,0.0400729
1645,0.0957265,0.728205,0.0700855,0.0444444,0.0444444,0.017094
1646,0.143403,0.76673,0.00573614,0.0478011,0.0344168,0.00191205
1647,0.125,0.125,0.375,0.125,0.125,0.125
1648,0.0516364,0.658182,0.0334545,0.0145455,0.194182,0.048
1649,0.172775,0.554974,0.11911,0.0013089,0.0981675,0.0536649
1650,0.119652,0.58623,0.0414439,0.163102,0.0434492,0.046123
1651,0.141914,0.669967,0.0330033,0.00330033,0.108911,0.0429043
1652,0.02693,0.38061,0.156194,0.122083,0.0843806,0.229803
1653,0.256098,0.158537,0.219512,0.292683,0.0121951,0.0609756
1654,0.551724,0.0804598,0.0114943,0.0114943,0.0574713,0.287356
1655,0.47561,0.0731707,0.170732,0.0731707,0.0121951,0.195122
1656,0.0204082,0.0816327,0.285714,0.204082,0.0816327,0.326531
1657,0.142857,0.142857,0.285714,0.142857,0.142857,0.142857
1658,0.0411765,0.511765,0.0382353,0.0176471,0.0852941,0.305882
1659,0.183594,0.328125,0.0117188,0.0195312,0.453125,0.00390625
1660,0.0454545,0.513986,0.194639,0.181818,0.0128205,0.0512821
1661,0.198444,0.492218,0.194553,0.0116732,0.00389105,0.0992218
1662,0.14952,0.249657,0.297668,0.0493827,0.194787,0.0589849
1663,0.0769231,0.0769231,0.0769231,0.0769231,0.384615,0.307692
1664,0.119107,0.700579,0.125724,0.0322581,0.00082713,0.0215054
1665,0.188406,0.671498,0.00483092,0.00483092,0.0869565,0.0434783
1666,0.581395,0.139535,0.0930233,0.116279,0.0232558,0.0465116
1667,0.219178,0.0136986,0.178082,0.0136986,0.0136986,0.561644
1668,0.125341,0.335815,0.102755,0.106974,0.0555969,0.273517
1669,0.0761905,0.00952381,0.819048,0.00952381,0.0285714,0.0571429
1670,0.150974,0.475649,0.0584416,0.012987,0.12013,0.181818
1671,0.264798,0.421599,0.287643,0.00519211,0.00103842,0.01973
1672,0.125,0.125,0.375,0.125,0.125,0.125
1673,0.0333333,0.0333333,0.3,0.0166667,0.0166667,0.6
1674,0.0162338,0.681818,0.146104,0.012987,0.025974,0.116883
1675,0.557692,0.105769,0.00961538,0.105769,0.00961538,0.211538
1676,0.108878,0.750419,0.0452261,0.00167504,0.0703518,0.0234506
1677,0.00558659,0.617318,0.0893855,0.00558659,0.243017,0.0391061
1678,0.413023,0.405581,0.0269767,0.112558,0.00372093,0.0381395
1679,0.077193,0.115789,0.126316,0.0245614,0.533333,0.122807
1680,0.0357143,0.457453,0.0928571,0.102795,0.0801242,0.231056
1681,0.0560345,0.711207,0.0172414,0.00431034,0.206897,0.00431034
1682,0.042885,0.797271,0.0701754,0.00194932,0.0818713,0.00584795
1683,0.323144,0.504367,0.157205,0.010917,0.00218341,0.00218341
1684,0.14726,0.753425,0.0684932,0.00342466,0.0239726,0.00342466
1685,0.184932,0.0684932,0.0684932,0.287671,0.349315,0.0410959
1686,0.0348837,0.910853,0.0271318,0.00387597,0.0193798,0.00387597
1687,0.00389105,0.319066,0.07393,0.0583658,0.540856,0.00389105
1688,0.095,0.36,0.115,0.005,0.41,0.015
1689,0.285714,0.0612245,0.22449,0.0204082,0.102041,0.306122
1690,0.0584192,0.769759,0.0171821,0.103093,0.0378007,0.0137457
1691,0.663217,0.133678,0.0793445,0.0129366,0.0388098,0.0720138
1692,0.559835,0.151307,0.0123796,0.0591472,0.141678,0.0756534
1693,0.104167,0.0208333,0.4375,0.166667,0.0208333,0.25
1694,0.0892857,0.00892857,0.616071,0.00892857,0.00892857,0.267857
1695,0.479109,0.207521,0.0111421,0.0598886,0.238162,0.00417827
1696,0.0136986,0.0821918,0.136986,0.410959,0.0136986,0.342466
1697,0.488889,0.133333,0.311111,0.0222222,0.0222222,0.0222222
1698,0.0078125,0.523438,0.03125,0.09375,0.328125,0.015625
1699,0.479167,0.208333,0.03125,0.239583,0.0104167,0.03125
1700,0.102679,0.8125,0.00446429,0.00446429,0.0714286,0.00446429
1701,0.111111,0.0555556,0.277778,0.444444,0.0555556,0.0555556
1702,0.0552326,0.59593,0.0639535,0.0523256,0.0988372,0.133721
1703,0.00475059,0.513064,0.0760095,0.168646,0.0285036,0.209026
1704,0.0263158,0.0263158,0.342105,0.0263158,0.0263158,0.552632
1705,0.00646204,0.765751,0.0630048,0.147011,0.00161551,0.0161551
1706,0.215247,0.0672646,0.495516,0.0224215,0.0156951,0.183857
1707,0.234892,0.524515,0.0148233,0.0376283,0.115165,0.0729761
1708,0.0909091,0.236364,0.4,0.109091,0.0181818,0.145455
1709,0.119205,0.832545,0.00283822,0.000946074,0.0160833,0.0283822
1710,0.11082,0.180628,0.13089,0.15445,0.310646,0.112565
1711,0.0756014,0.831615,0.0412371,0.0274914,0.00343643,0.0206186
1712,0.688073,0.0733945,0.110092,0.00917431,0.00917431,0.110092
1713,0.0454545,0.136364,0.227273,0.409091,0.0454545,0.136364
1714,0.0724638,0.0144928,0.797101,0.057971,0.0434783,0.0144928
1715,0.248227,0.572104,0.0425532,0.113475,0.00472813,0.0189125
1716,0.0198675,0.00662252,0.0860927,0.562914,0.0397351,0.284768
1717,0.2125,0.15,0.5625,0.05,0.0125,0.0125
1718,0.0701468,0.0734095,0.153344,0.0636215,0.0799347,0.559543
1719,0.21875,0.135417,0.166667,0.145833,0.296875,0.0364583
1720,0.136646,0.173913,0.111801,0.00621118,0.565217,0.00621118
1721,0.218362,0.552109,0.0235732,0.00124069,0.203474,0.00124069
1722,0.150685,0.263699,0.188356,0.00342466,0.356164,0.0376712
1723,0.438596,0.0701754,0.192982,0.140351,0.0175439,0.140351
1724,0.107527,0.295699,0.0430108,0.00537634,0.543011,0.00537634
1725,0.141753,0.757732,0.00515464,0.00257732,0.064433,0.0283505
1726,0.0451613,0.367742,0.103226,0.00645161,0.470968,0.00645161
1727,0.0616531,0.676152,0.117209,0.0142276,0.0616531,0.0691057
1728,0.176471,0.0588235,0.176471,0.0588235,0.0588235,0.470588
1729,0.152051,0.61786,0.150442,0.0144811,0.0136766,0.0514883
1730,0.0376176,0.648903,0.0344828,0.0501567,0.169279,0.0595611
1731,0.126498,0.621838,0.0758988,0.0279627,0.0505992,0.0972037
1732,0.0149254,0.0149254,0.134328,0.0597015,0.0149254,0.761194
1733,0.4375,0.109375,0.21875,0.09375,0.015625,0.125
1734,0.0995907,0.293315,0.0150068,0.469304,0.0231924,0.0995907
1735,0.555556,0.10101,0.313131,0.010101,0.010101,0.010101
1736,0.08,0.16,0.04,0.56,0.04,0.12
1737,0.288462,0.0769231,0.442308,0.153846,0.0192308,0.0192308
1738,0.218049,0.294634,0.137073,0.0434146,0.128293,0.178537
1739,0.142857,0.142857,0.285714,0.142857,0.142857,0.142857
1740,0.181818,0.0909091,0.0909091,0.0909091,0.0909091,0.454545
1741,0.00717703,0.00239234,0.282297,0.232057,0.00956938,0.466507
1742,0.0629371,0.723776,0.0314685,0.143357,0.00699301,0.0314685
1743,0.611111,0.122222,0.0777778,0.0555556,0.0111111,0.122222
1744,0.353846,0.0769231,0.0769231,0.138462,0.338462,0.0153846
1745,0.461078,0.0658683,0.0299401,0.00598802,0.419162,0.0179641
1746,0.210466,0.687144,0.0807736,0.00113766,0.00113766,0.0193402
1747,0.114362,0.0292553,0.162234,0.12766,0.401596,0.164894
1748,0.00411523,0.102881,0.312757,0.18107,0.255144,0.144033
1749,0.205128,0.042735,0.0598291,0.299145,0.128205,0.264957
1750,0.142857,0.142857,0.285714,0.142857,0.142857,0.142857
1751,0.726257,0.027933,0.0893855,0.0837989,0.00558659,0.0670391
1752,0.00684932,0.010274,0.0410959,0.400685,0.0445205,0.496575
1753,0.460465,0.204651,0.111628,0.00465116,0.106977,0.111628
1754,0.05,0.0416667,0.541667,0.00833333,0.216667,0.141667
1755,0.0700525,0.281961,0.0805604,0.00875657,0.556918,0.00175131
1756,0.0685484,0.91129,0.00403226,0.00403226,0.00806452,0.00403226
1757,0.690476,0.0714286,0.119048,0.0714286,0.0238095,0.0238095
1758,0.326027,0.635616,0.0273973,0.00273973,0.00273973,0.00547945
1759,0.0959512,0.192457,0.388242,0.00942873,0.261786,0.0521353
1760,0.243191,0.418288,0.299611,0.0116732,0.00194553,0.0252918
1761,0.114783,0.12,0.132174,0.0817391,0.412174,0.13913
1762,0.075,0.08125,0.61875,0.11875,0.00625,0.1
1763,0.0234375,0.886719,0.00390625,0.0742188,0.0078125,0.00390625
1764,0.0544118,0.710294,0.025,0.0514706,0.157353,0.00147059
1765,0.203095,0.574952,0.132012,0.0183752,0.0391683,0.0323985
1766,0.0604027,0.842282,0.0100671,0.0436242,0.0402685,0.0033557
1767,0.127536,0.669565,0.00869565,0.101449,0.0666667,0.026087
1768,0.0607287,0.834008,0.0161943,0.00404858,0.0809717,0.00404858
1769,0.10473,0.760135,0.0439189,0.0472973,0.0405405,0.00337838
1770,0.243728,0.681004,0.00716846,0.00358423,0.0609319,0.00358423
1771,0.0506329,0.767932,0.0506329,0.00843882,0.118143,0.00421941
1772,0.165192,0.657817,0.0176991,0.00294985,0.100295,0.0560472
1773,0.084507,0.0422535,0.43662,0.15493,0.0140845,0.267606
1774,0.047619,0.047619,0.428571,0.047619,0.333333,0.0952381
1775,0.128981,0.636943,0.0875796,0.0517516,0.0390127,0.0557325
1776,0.0176991,0.00884956,0.530973,0.0530973,0.00884956,0.380531
1777,0.138847,0.751138,0.0136571,0.0614568,0.0182094,0.016692
1778,0.143885,0.316547,0.211511,0.0978417,0.161151,0.0690647
1779,0.0892388,0.524934,0.0656168,0.0419948,0.169291,0.108924
1780,0.037037,0.037037,0.222222,0.518519,0.037037,0.148148
1781,0.00662252,0.0331126,0.258278,0.370861,0.119205,0.211921
1782,0.037037,0.222222,0.37037,0.111111,0.037037,0.222222
1783,0.0169492,0.881356,0.00423729,0.0211864,0.0720339,0.00423729
1784,0.46,0.23,0.01,0.01,0.21,0.08
1785,0.144928,0.375906,0.0416667,0.125,0.0353261,0.277174
1786,0.125,0.125,0.125,0.125,0.125,0.375
1787,0.264,0.112,0.216,0.04,0.224,0.144
1788,0.00632911,0.341772,0.00632911,0.0126582,0.594937,0.0379747
1789,0.128696,0.69913,0.0417391,0.00695652,0.093913,0.0295652
1790,0.0872375,0.668821,0.0387722,0.0573506,0.0088853,0.138934
1791,0.129825,0.685965,0.0578947,0.0140351,0.054386,0.0578947
1792,0.0635641,0.77412,0.0578888,0.0215664,0.0113507,0.0715096
1793,0.1,0.1,0.1,0.5,0.1,0.1
1794,0.285714,0.0357143,0.25,0.0357143,0.0357143,0.357143
1795,0.015625,0.836648,0.106534,0.0198864,0.00710227,0.0142045
1796,0.21648,0.430866,0.047486,0.0195531,0.0307263,0.254888
1797,0.143258,0.00280899,0.412921,0.38764,0.0280899,0.0252809
1798,0.0909091,0.0909091,0.363636,0.272727,0.0909091,0.0909091
1799,0.627907,0.0465116,0.0465116,0.232558,0.0232558,0.0232558
1800,0.28103,0.557377,0.0421546,0.030445,0.0351288,0.0538642
1801,0.418605,0.162791,0.162791,0.0232558,0.209302,0.0232558
1802,0.0307918,0.812317,0.0293255,0.00733138,0.118768,0.00146628
1803,0.116608,0.738516,0.00706714,0.0459364,0.0530035,0.0388693
1804,0.190934,0.586538,0.0576923,0.0302198,0.0178571,0.116758
1805,0.0075188,0.0526316,0.593985,0.150376,0.0075188,0.18797
1806,0.176471,0.0588235,0.470588,0.176471,0.0588235,0.0588235
1807,0.0522152,0.712025,0.0268987,0.0506329,0.00316456,0.155063
1808,0.225027,0.637761,0.0307355,0.0482986,0.0208562,0.0373216
1809,0.1,0.1,0.2,0.4,0.1,0.1
1810,0.647799,0.188679,0.0754717,0.0566038,0.00628931,0.0251572
1811,0.098434,0.521253,0.344519,0.00223714,0.00671141,0.0268456
1812,0.117647,0.784314,0.0117647,0.00392157,0.0666667,0.0156863
1813,0.14927,0.485971,0.0953984,0.162738,0.0617284,0.0448934
1814,0.0107527,0.00358423,0.16129,0.200717,0.046595,0.577061
1815,0.0684211,0.710526,0.1,0.0263158,0.0868421,0.00789474
1816,0.266003,0.711238,0.0156472,0.00426743,0.00142248,0.00142248
1817,0.0808081,0.020202,0.626263,0.10101,0.010101,0.161616
1818,0.257261,0.449516,0.0359613,0.0843707,0.136929,0.0359613
1819,0.1875,0.565476,0.047619,0.0446429,0.151786,0.00297619
1820,0.275718,0.600478,0.0909091,0.00358852,0.00299043,0.0263158
1821,0.027027,0.027027,0.27027,0.27027,0.378378,0.027027
1822,0.145719,0.766849,0.0728597,0.00364299,0.00182149,0.00910747
1823,0.142857,0.142857,0.285714,0.142857,0.142857,0.142857
1824,0.121951,0.0243902,0.609756,0.0243902,0.0243902,0.195122
1825,0.233161,0.57772,0.0725389,0.0595855,0.0544041,0.00259067
1826,0.373737,0.0976431,0.0606061,0.003367,0.390572,0.0740741
1827,0.165644,0.546012,0.174847,0.0490798,0.00306748,0.0613497
1828,0.157895,0.0526316,0.105263,0.526316,0.105263,0.0526316
1829,0.047619,0.0952381,0.285714,0.47619,0.047619,0.047619
1830,0.0243902,0.555556,0.140921,0.0813008,0.00271003,0.195122
1831,0.107399,0.729117,0.0477327,0.00119332,0.0787589,0.0357995
1832,0.221854,0.0215232,0.140728,0.147351,0.100993,0.36755
1833,0.0806175,0.356775,0.171527,0.0120069,0.35163,0.0274443
1834,0.0380406,0.034914,0.132361,0.28296,0.0177176,0.494007
1835,0.4,0.0909091,0.327273,0.145455,0.0181818,0.0181818
1836,0.127148,0.714777,0.00687285,0.0652921,0.0790378,0.00687285
1837,0.137566,0.544974,0.047619,0.0185185,0.116402,0.134921
1838,0.0337838,0.283784,0.170608,0.00168919,0.41723,0.0929054
1839,0.0823529,0.0196078,0.156863,0.584314,0.141176,0.0156863
1840,0.247863,0.209402,0.0940171,0.0940171,0.128205,0.226496
1841,0.69697,0.0909091,0.0606061,0.030303,0.0909091,0.030303
1842,0.0833333,0.195652,0.152174,0.0652174,0.369565,0.134058
1843,0.0998004,0.808383,0.0299401,0.00399202,0.0558882,0.00199601
1844,0.15739,0.760077,0.0153551,0.0287908,0.0345489,0.00383877
1845,0.24,0.604286,0.15,0.00285714,0.00142857,0.00142857
1846,0.247619,0.0571429,0.152381,0.180952,0.0285714,0.333333
1847,0.108959,0.774818,0.0230024,0.0447942,0.0387409,0.00968523
1848,0.335052,0.350515,0.118557,0.177835,0.00128866,0.0167526
1849,0.262295,0.163934,0.0983607,0.0163934,0.278689,0.180328
1850,0.0196078,0.0196078,0.490196,0.176471,0.0196078,0.27451
1851,0.139181,0.698246,0.071345,0.0350877,0.00116959,0.0549708
1852,0.148936,0.574468,0.0106383,0.00531915,0.255319,0.00531915
1853,0.0575329,0.185763,0.150171,0.175037,0.335934,0.0955631
1854,0.191398,0.550538,0.0387097,0.088172,0.0301075,0.101075
1855,0.107843,0.653595,0.0490196,0.143791,0.0424837,0.00326797
1856,0.265786,0.241102,0.132032,0.197474,0.0269805,0.136625
1857,0.0902973,0.25014,0.0263601,0.0140213,0.616938,0.00224341
1858,0.0292326,0.572473,0.154689,0.226553,0.00121803,0.0158343
1859,0.164933,0.433878,0.313522,0.0549777,0.0312036,0.00148588
1860,0.262327,0.579882,0.00394477,0.0374753,0.00197239,0.114398
1861,0.241379,0.126437,0.0804598,0.298851,0.195402,0.0574713
1862,0.0113636,0.602273,0.0340909,0.136364,0.204545,0.0113636
1863,0.231694,0.406557,0.196721,0.0131148,0.00327869,0.148634
1864,0.324786,0.0940171,0.384615,0.179487,0.00854701,0.00854701
1865,0.2,0.276923,0.0307692,0.0205128,0.241026,0.230769
1866,0.025641,0.0512821,0.025641,0.512821,0.025641,0.358974
1867,0.191126,0.767918,0.0102389,0.00341297,0.00341297,0.0238908
1868,0.145833,0.0104167,0.729167,0.0989583,0.0104167,0.00520833
1869,0.131944,0.663194,0.0173611,0.00347222,0.159722,0.0243056
1870,0.0638298,0.858801,0.0135397,0.0193424,0.0425532,0.00193424
1871,0.2634,0.67075,0.0444104,0.00153139,0.0183767,0.00153139
1872,0.0660465,0.644651,0.0130233,0.0706977,0.178605,0.0269767
1873,0.015625,0.015625,0.3125,0.25,0.015625,0.390625
1874,0.0954357,0.838174,0.0456432,0.0124481,0.00414938,0.00414938
1875,0.141914,0.752475,0.00330033,0.0627063,0.0363036,0.00330033
1876,0.232558,0.697674,0.0431894,0.00332226,0.0199336,0.00332226
1877,0.102389,0.761092,0.00341297,0.0784983,0.0204778,0.0341297
1878,0.019025,0.768133,0.0237812,0.124851,0.00118906,0.0630202
1879,0.125,0.125,0.125,0.375,0.125,0.125
1880,0.103165,0.484174,0.0375147,0.317702,0.0164127,0.0410317
1881,0.0860786,0.714134,0.0361318,0.031881,0.0552604,0.0765143
1882,0.120556,0.840804,0.00618238,0.0293663,0.0015456,0.0015456
1883,0.0322581,0.564516,0.0225806,0.0741935,0.270968,0.0354839
1884,0.0229885,0.00383142,0.321839,0.478927,0.0268199,0.145594
1885,0.135849,0.769811,0.00377358,0.045283,0.00377358,0.0415094
1886,0.11293,0.815876,0.0171849,0.000818331,0.0270049,0.0261866
1887,0.067623,0.579918,0.0860656,0.0963115,0.0286885,0.141393
1888,0.253499,0.455677,0.0676516,0.0769829,0.00933126,0.136858
1889,0.234127,0.642857,0.00396825,0.00396825,0.0952381,0.0198413
1890,0.0189274,0.577287,0.0662461,0.022082,0.249211,0.0662461
1891,0.0705128,0.634615,0.125,0.0288462,0.137821,0.00320513
1892,0.0730769,0.876923,0.00384615,0.00384615,0.0307692,0.0115385
1893,0.0133929,0.915179,0.00446429,0.00446429,0.0580357,0.00446429
1894,0.340807,0.0874439,0.221973,0.0560538,0.248879,0.044843
1895,0.00934579,0.345794,0.121495,0.102804,0.364486,0.0560748
1896,0.0815217,0.0380435,0.233696,0.173913,0.309783,0.163043
1897,0.189964,0.731183,0.00358423,0.0286738,0.0430108,0.00358423
1898,0.325301,0.32358,0.0636833,0.0533563,0.197935,0.0361446
1899,0.107639,0.576389,0.15625,0.00347222,0.145833,0.0104167
1900,0.101399,0.269231,0.181818,0.20979,0.136364,0.101399
1901,0.0276968,0.553936,0.0262391,0.345481,0.0145773,0.03207
1902,0.0420168,0.663866,0.0560224,0.0168067,0.218487,0.00280112
1903,0.102381,0.621429,0.140476,0.00714286,0.12619,0.00238095
1904,0.202609,0.571304,0.0391304,0.0408696,0.073913,0.0721739
1905,0.142857,0.285714,0.142857,0.142857,0.142857,0.142857
1906,0.280242,0.383065,0.205645,0.00806452,0.120968,0.00201613
1907,0.053719,0.681818,0.0206612,0.115702,0.123967,0.00413223
1908,0.164516,0.754839,0.00322581,0.00322581,0.0322581,0.0419355
1909,0.374302,0.0726257,0.346369,0.0391061,0.117318,0.0502793
1910,0.0793374,0.358326,0.0915432,0.0915432,0.197908,0.181343
1911,0.382022,0.134831,0.449438,0.011236,0.011236,0.011236
1912,0.42446,0.0359712,0.158273,0.179856,0.0935252,0.107914
1913,0.0358744,0.865471,0.0358744,0.0044843,0.0538117,0.0044843
1914,0.0849057,0.748428,0.00157233,0.0157233,0.133648,0.0157233
1915,0.497717,0.123288,0.146119,0.196347,0.0319635,0.00456621
1916,0.0176211,0.0220264,0.581498,0.118943,0.00440529,0.255507
1917,0.601504,0.0037594,0.278195,0.0789474,0.0263158,0.0112782
1918,0.054384,0.776915,0.0532741,0.0255272,0.0566038,0.0332963
1919,0.113971,0.392157,0.213235,0.0159314,0.230392,0.0343137
1920,0.363636,0.497727,0.0704545,0.0159091,0.00227273,0.05
1921,0.030303,0.030303,0.121212,0.212121,0.030303,0.575758
1922,0.0607143,0.517857,0.0178571,0.00357143,0.396429,0.00357143
1923,0.0463576,0.0596026,0.284768,0.00331126,0.576159,0.0298013
1924,0.465116,0.0930233,0.325581,0.0232558,0.0232558,0.0697674
1925,0.714286,0.102041,0.122449,0.0204082,0.0204082,0.0204082
1926,0.00757576,0.753788,0.0492424,0.0340909,0.113636,0.0416667
1927,0.0989399,0.812721,0.0353357,0.00353357,0.0353357,0.0141343
1928,0.0310078,0.0155039,0.868217,0.0232558,0.0155039,0.0465116
1929,0.0385144,0.859697,0.0261348,0.0261348,0.00137552,0.0481431
1930,0.285714,0.0408163,0.336735,0.0408163,0.0102041,0.285714
1931,0.14,0.573333,0.0666667,0.00333333,0.19,0.0266667
1932,0.134545,0.0909091,0.621818,0.0509091,0.00363636,0.0981818
1933,0.553073,0.0391061,0.374302,0.00558659,0.0223464,0.00558659
1934,0.00956938,0.952153,0.00956938,0.0143541,0.00478469,0.00956938
1935,0.015625,0.015625,0.4375,0.0625,0.453125,0.015625
1936,0.417532,0.461361,0.0415225,0.0011534,0.0184544,0.0599769
1937,0.0655977,0.861516,0.016035,0.00291545,0.0393586,0.0145773
1938,0.258993,0.467626,0.073741,0.044964,0.0611511,0.0935252
1939,0.538462,0.173077,0.134615,0.115385,0.0192308,0.0192308
1940,0.808081,0.030303,0.151515,0.003367,0.003367,0.003367
1941,0.0848708,0.839483,0.0332103,0.00184502,0.0387454,0.00184502
1942,0.404255,0.233367,0.249916,0.0364742,0.029382,0.0466059
1943,0.115385,0.0384615,0.0384615,0.0384615,0.0384615,0.730769
1944,0.166667,0.416667,0.00757576,0.00757576,0.393939,0.00757576
1945,0.183036,0.763393,0.0178571,0.0178571,0.0133929,0.00446429
1946,0.55102,0.183673,0.102041,0.0204082,0.122449,0.0204082
1947,0.346154,0.0576923,0.0192308,0.355769,0.0576923,0.163462
1948,0.0981818,0.723636,0.00363636,0.0290909,0.141818,0.00363636
1949,0.0480769,0.841346,0.0240385,0.00480769,0.0769231,0.00480769
1950,0.0798898,0.77135,0.0688705,0.0330579,0.0440771,0.00275482
1951,0.132075,0.72327,0.0220126,0.00314465,0.00314465,0.116352
1952,0.255605,0.269058,0.143498,0.0044843,0.32287,0.0044843
1953,0.3,0.3,0.1,0.1,0.1,0.1
1954,0.0693642,0.803468,0.00192678,0.00192678,0.102119,0.0211946
1955,0.0455607,0.211449,0.0630841,0.0771028,0.424065,0.178738
1956,0.126394,0.843866,0.0185874,0.00371747,0.00371747,0.00371747
1957,0.0827815,0.761589,0.0198675,0.00331126,0.129139,0.00331126
1958,0.307087,0.188976,0.456693,0.00787402,0.0314961,0.00787402
1959,0.207237,0.720395,0.0493421,0.00328947,0.0164474,0.00328947
1960,0.0357143,0.00892857,0.116071,0.375,0.00892857,0.455357
1961,0.0401606,0.895582,0.00401606,0.0120482,0.0441767,0.00401606
1962,0.00613497,0.00613497,0.736196,0.0613497,0.00613497,0.184049
1963,0.142857,0.0714286,0.428571,0.142857,0.142857,0.0714286
1964,0.32,0.16,0.24,0.2,0.04,0.04
1965,0.217391,0.0869565,0.347826,0.0869565,0.0434783,0.217391
1966,0.14433,0.505155,0.115464,0.119588,0.043299,0.0721649
1967,0.223837,0.607558,0.151163,0.0116279,0.00290698,0.00290698
1968,0.0637584,0.651007,0.0167785,0.0201342,0.214765,0.033557
1969,0.416667,0.25,0.0208333,0.270833,0.0208333,0.0208333
1970,0.0347222,0.173611,0.180556,0.118056,0.305556,0.1875
1971,0.0394737,0.0131579,0.0789474,0.539474,0.0131579,0.315789
1972,0.0651163,0.727907,0.0372093,0.00232558,0.165116,0.00232558
1973,0.0965748,0.349206,0.0928989,0.0843776,0.0115288,0.365414
1974,0.738992,0.135279,0.0111406,0.0323607,0.0816976,0.000530504
1975,0.249007,0.258278,0.317881,0.0490066,0.0145695,0.111258
1976,0.0823045,0.18107,0.201646,0.037037,0.469136,0.0288066
1977,0.00970874,0.800971,0.092233,0.0121359,0.0825243,0.00242718
1978,0.0551181,0.482677,0.0590551,0.28189,0.0220472,0.0992126
1979,0.136364,0.0454545,0.363636,0.318182,0.0909091,0.0454545
1980,0.154122,0.777778,0.00716846,0.00358423,0.0143369,0.0430108
1981,0.0471698,0.0518868,0.410377,0.292453,0.00471698,0.193396
1982,0.0526316,0.105263,0.684211,0.0526316,0.0526316,0.0526316
1983,0.00856531,0.784797,0.0481799,0.00107066,0.119914,0.0374732
1984,0.0678899,0.805505,0.053211,0.00183486,0.0697248,0.00183486
1985,0.0188679,0.0188679,0.45283,0.226415,0.169811,0.113208
1986,0.0113636,0.0454545,0.363636,0.386364,0.0227273,0.170455
1987,0.047619,0.047619,0.333333,0.190476,0.047619,0.333333
1988,0.0912409,0.824818,0.00364964,0.00364964,0.0291971,0.0474453
1989,0.0852156,0.700719,0.123717,0.0169405,0.000513347,0.0728953
1990,0.0555556,0.0555556,0.444444,0.0555556,0.0555556,0.333333
1991,0.253571,0.732143,0.00357143,0.00357143,0.00357143,0.00357143
1992,0.157895,0.105263,0.368421,0.0526316,0.0526316,0.263158
1993,0.0742219,0.788508,0.0614525,0.0255387,0.000798085,0.0494812
1994,0.228188,0.489933,0.0872483,0.0178971,0.0738255,0.102908
1995,0.173759,0.762411,0.0248227,0.0319149,0.0035461,0.0035461
1996,0.0898438,0.714844,0.0078125,0.0273438,0.0742188,0.0859375
1997,0.267658,0.0446097,0.312268,0.144981,0.130112,0.100372
1998,0.111702,0.617021,0.130319,0.00265957,0.0930851,0.0452128
1999,0.0868687,0.868687,0.00808081,0.00606061,0.0282828,0.0020202
2000,0.279487,0.548718,0.123077,0.00769231,0.0025641,0.0384615
2001,0.150376,0.336842,0.204511,0.142857,0.159398,0.00601504
2002,0.804124,0.0721649,0.0927835,0.0103093,0.0103093,0.0103093
2003,0.117109,0.726441,0.074108,0.010064,0.0301921,0.042086
2004,0.0172414,0.0172414,0.0172414,0.655172,0.0689655,0.224138
2005,0.0326531,0.832653,0.00408163,0.00408163,0.0979592,0.0285714
2006,0.111111,0.111111,0.111111,0.111111,0.111111,0.444444
2007,0.579439,0.0841121,0.00934579,0.00934579,0.00934579,0.308411
2008,0.0921053,0.00657895,0.315789,0.0394737,0.00657895,0.539474
2009,0.0584795,0.745614,0.00292398,0.00292398,0.187135,0.00292398
2010,0.0136986,0.0136986,0.520548,0.287671,0.0136986,0.150685
2011,0.00862069,0.405172,0.0517241,0.172414,0.344828,0.0172414
2012,0.341207,0.458005,0.0538058,0.0564304,0.0380577,0.0524934
2013,0.0526316,0.0526316,0.578947,0.210526,0.0526316,0.0526316
2014,0.0526316,0.0526316,0.421053,0.368421,0.0526316,0.0526316
2015,0.00716846,0.666667,0.0179211,0.154122,0.0322581,0.121864
2016,0.0352113,0.795775,0.0528169,0.00352113,0.109155,0.00352113
2017,0.422481,0.00387597,0.550388,0.00775194,0.00387597,0.0116279
2018,0.0919881,0.682493,0.169139,0.00296736,0.0207715,0.0326409
2019,0.117647,0.788927,0.0103806,0.0622837,0.0103806,0.0103806
2020,0.524272,0.0776699,0.359223,0.00970874,0.00970874,0.0194175
2021,0.00729927,0.0145985,0.0948905,0.430657,0.00729927,0.445255
2022,0.154472,0.278049,0.134959,0.121951,0.307317,0.00325203
2023,0.0664336,0.804196,0.0034965,0.0034965,0.0734266,0.048951
2024,0.27551,0.57398,0.0153061,0.0382653,0.00255102,0.0943878
2025,0.283533,0.431843,0.166848,0.0109051,0.00763359,0.0992366
2026,0.187291,0.779264,0.00334448,0.00334448,0.0234114,0.00334448
2027,0.0555556,0.0555556,0.555556,0.166667,0.0555556,0.111111
2028,0.283146,0.213733,0.100375,0.125343,0.162797,0.114607
2029,0.128114,0.701068,0.00355872,0.024911,0.13879,0.00355872
2030,0.0225225,0.918919,0.0225225,0.0045045,0.0045045,0.027027
2031,0.0217391,0.0434783,0.413043,0.0434783,0.108696,0.369565
2032,0.0990991,0.690691,0.003003,0.00900901,0.162162,0.036036
2033,0.0526316,0.862782,0.0488722,0.0018797,0.0018797,0.0319549
2034,0.125,0.125,0.125,0.125,0.375,0.125
2035,0.0838088,0.650856,0.0834522,0.0278174,0.142297,0.0117689
2036,0.132428,0.72326,0.0814941,0.0220713,0.00169779,0.0390492
2037,0.0685131,0.728863,0.058309,0.0174927,0.112245,0.0145773
2038,0.0536113,0.644825,0.0491437,0.0610573,0.0394639,0.151899
2039,0.361446,0.192771,0.204819,0.0120482,0.0722892,0.156627
2040,0.140089,0.00447094,0.269001,0.257079,0.236215,0.0931446
2041,0.221106,0.428811,0.0201005,0.21273,0.0368509,0.080402
2042,0.147541,0.757377,0.0327869,0.00327869,0.0557377,0.00327869
2043,0.0714286,0.0714286,0.357143,0.0357143,0.0357143,0.428571
2044,0.0387858,0.854975,0.00505902,0.0505902,0.0084317,0.0421585
2045,0.0438871,0.871473,0.00940439,0.0344828,0.0376176,0.0031348
2046,0.482517,0.020979,0.412587,0.00699301,0.00699301,0.0699301
2047,0.0357143,0.829365,0.0436508,0.00396825,0.0714286,0.015873
2048,0.15534,0.378641,0.0291262,0.00970874,0.417476,0.00970874
2049,0.271605,0.037037,0.222222,0.259259,0.185185,0.0246914
2050,0.641791,0.109453,0.144279,0.0945274,0.00497512,0.00497512
2051,0.0841837,0.632653,0.0561224,0.00255102,0.178571,0.0459184
2052,0.526316,0.122807,0.0701754,0.0175439,0.0175439,0.245614
2053,0.107383,0.734899,0.0704698,0.00671141,0.00671141,0.0738255
2054,0.128222,0.423001,0.0945142,0.106411,0.00330469,0.244547
2055,0.123201,0.587795,0.26943,0.00921128,0.00402994,0.00633276
2056,0.0434783,0.73913,0.0790514,0.00395257,0.130435,0.00395257
2057,0.142857,0.142857,0.142857,0.285714,0.142857,0.142857
2058,0.0501319,0.0131926,0.688654,0.0316623,0.0633245,0.153034
2059,0.0682057,0.709339,0.0682057,0.0503673,0.04617,0.0577125
2060,0.037962,0.465534,0.184815,0.224775,0.000999001,0.0859141
2061,0.0554415,0.13347,0.0965092,0.0205339,0.507187,0.186858
2062,0.0769231,0.0769231,0.615385,0.0769231,0.0769231,0.0769231
2063,0.037037,0.037037,0.037037,0.444444,0.037037,0.407407
2064,0.04,0.828571,0.00571429,0.00571429,0.114286,0.00571429
2065,0.126033,0.483471,0.0914256,0.00774793,0.18595,0.105372
2066,0.0196629,0.00280899,0.671348,0.0365169,0.0140449,0.255618
2067,0.164,0.022,0.512,0.116,0.184,0.002
2068,0.455696,0.524051,0.00253165,0.00253165,0.00253165,0.0126582
2069,0.404676,0.102518,0.0611511,0.181655,0.00179856,0.248201
2070,0.0860495,0.850065,0.0208605,0.00130378,0.00391134,0.0378096
2071,0.205036,0.701439,0.0431655,0.00719424,0.0359712,0.00719424
2072,0.450063,0.35019,0.0353982,0.011378,0.141593,0.011378
2073,0.255177,0.506845,0.194103,0.001404,0.01755,0.024921
2074,0.415,0.055,0.365,0.005,0.09,0.07
2075,0.174603,0.374416,0.157796,0.0298786,0.262372,0.000933707
2076,0.273364,0.446262,0.0864486,0.163551,0.0280374,0.00233645
2077,0.104895,0.179021,0.184615,0.0027972,0.429371,0.0993007
2078,0.192737,0.583799,0.0865922,0.075419,0.0167598,0.0446927
2079,0.262626,0.010101,0.434343,0.0707071,0.010101,0.212121
2080,0.125,0.125,0.125,0.125,0.375,0.125
2081,0.644737,0.0394737,0.144737,0.0263158,0.131579,0.0131579
2082,0.509983,0.098688,0.0889903,0.162578,0.12607,0.0136908
2083,0.047619,0.047619,0.428571,0.047619,0.047619,0.380952
2084,0.144635,0.611198,0.0186625,0.029549,0.0233281,0.172628
2085,0.0705882,0.0235294,0.505882,0.317647,0.0117647,0.0705882
2086,0.152083,0.6375,0.0208333,0.0916667,0.0958333,0.00208333
2087,0.00847458,0.00211864,0.754237,0.0995763,0.0233051,0.112288
2088,0.10084,0.302521,0.0756303,0.0336134,0.478992,0.00840336
2089,0.0537313,0.644776,0.0298507,0.00298507,0.223881,0.0447761
2090,0.853692,0.129055,0.00621118,0.000690131,0.000690131,0.00966184
2091,0.0953947,0.657895,0.0164474,0.0986842,0.0526316,0.0789474
2092,0.0357143,0.0357143,0.821429,0.0357143,0.0357143,0.0357143
2093,0.027027,0.0810811,0.405405,0.243243,0.216216,0.027027
2094,0.184671,0.332819,0.0195473,0.255658,0.0118313,0.195473
2095,0.0144231,0.913462,0.00480769,0.00480769,0.0576923,0.00480769
2096,0.0955882,0.647059,0.150735,0.00367647,0.0992647,0.00367647
2097,0.0909091,0.0151515,0.515152,0.19697,0.0151515,0.166667
2098,0.111111,0.111111,0.444444,0.111111,0.111111,0.111111
2099,0.0380228,0.91635,0.00380228,0.0304183,0.00760456,0.00380228
2100,0.259406,0.467327,0.039604,0.00792079,0.0673267,0.158416
2101,0.0136519,0.389078,0.0682594,0.00341297,0.477816,0.0477816
2102,0.0981735,0.890411,0.00456621,0.00228311,0.00228311,0.00228311
2103,0.586538,0.0673077,0.317308,0.00961538,0.00961538,0.00961538
2104,0.203636,0.701818,0.0145455,0.0472727,0.00363636,0.0290909
2105,0.114815,0.7,0.037037,0.0037037,0.140741,0.0037037
2106,0.025641,0.025641,0.153846,0.102564,0.025641,0.666667
2107,0.0666667,0.0666667,0.266667,0.266667,0.266667,0.0666667
2108,0.131387,0.233577,0.0620438,0.0583942,0.416058,0.0985401
2109,0.26281,0.49146,0.0429752,0.0589532,0.00991736,0.133884
2110,0.0640177,0.900662,0.00220751,0.00220751,0.0286976,0.00220751
2111,0.190476,0.047619,0.380952,0.190476,0.0952381,0.0952381
2112,0.371429,0.1,0.214286,0.214286,0.0285714,0.0714286
2113,0.214286,0.142857,0.428571,0.0714286,0.0714286,0.0714286
2114,0.363636,0.496503,0.002331,0.0559441,0.002331,0.0792541
2115,0.634921,0.0634921,0.238095,0.031746,0.015873,0.015873
2116,0.191964,0.535714,0.160714,0.00446429,0.0625,0.0446429
2117,0.174775,0.261261,0.0918919,0.018018,0.369369,0.0846847
2118,0.352941,0.117647,0.132353,0.367647,0.0147059,0.0147059
2119,0.130435,0.645485,0.0200669,0.00334448,0.187291,0.0133779
2120,0.370572,0.544959,0.0177112,0.0013624,0.0340599,0.0313351
2121,0.712329,0.109589,0.136986,0.0136986,0.0136986,0.0136986
2122,0.114028,0.7137,0.0172272,0.0689089,0.050041,0.0360952
2123,0.0580913,0.651452,0.109959,0.0425311,0.00103734,0.136929
2124,0.0408163,0.727891,0.0408163,0.00340136,0.183673,0.00340136
2125,0.038961,0.396104,0.175325,0.00649351,0.376623,0.00649351
2126,0.0909091,0.0909091,0.363636,0.272727,0.0909091,0.0909091
2127,0.189349,0.710059,0.035503,0.00591716,0.0532544,0.00591716
2128,0.171351,0.202176,0.479601,0.0217588,0.0326383,0.0924751
2129,0.357143,0.133929,0.0357143,0.160714,0.00892857,0.303571
2130,0.0327869,0.67541,0.0393443,0.137705,0.00327869,0.111475
2131,0.157593,0.744986,0.0429799,0.00286533,0.0487106,0.00286533
2132,0.0859189,0.5179,0.214797,0.0071599,0.0501193,0.124105
2133,0.52,0.32,0.04,0.04,0.04,0.04
2134,0.017341,0.687861,0.00578035,0.0520231,0.109827,0.127168
2135,0.0212766,0.00236407,0.238771,0.167849,0.0260047,0.543735
2136,0.4,0.075,0.325,0.125,0.05,0.025
2137,0.314286,0.128571,0.357143,0.0285714,0.0142857,0.157143
2138,0.144615,0.732308,0.0123077,0.0215385,0.00307692,0.0861538
2139,0.0175439,0.942982,0.00438596,0.00438596,0.0219298,0.00877193
2140,0.123494,0.820783,0.0256024,0.00150602,0.00150602,0.0271084
2141,0.148289,0.828897,0.00380228,0.0114068,0.00380228,0.00380228
2142,0.488742,0.323179,0.0278146,0.0013245,0.157616,0.0013245
2143,0.181054,0.547746,0.0634072,0.117647,0.0175707,0.0725745
2144,0.411765,0.0588235,0.0196078,0.137255,0.0196078,0.352941
2145,0.0555556,0.138889,0.222222,0.138889,0.0277778,0.416667
2146,0.194444,0.666667,0.0753968,0.00396825,0.0555556,0.00396825
2147,0.0714286,0.568182,0.0681818,0.0292208,0.237013,0.025974
2148,0.0294118,0.808824,0.0477941,0.00367647,0.0220588,0.0882353
2149,0.0334005,0.231212,0.205874,0.0601785,0.0351281,0.434207
2150,0.04,0.04,0.44,0.2,0.04,0.24
2151,0.462532,0.0258398,0.0439276,0.0826873,0.162791,0.222222
2152,0.0828157,0.432712,0.15735,0.0724638,0.178054,0.0766046
2153,0.0769231,0.0769231,0.0769231,0.615385,0.0769231,0.0769231
2154,0.0447958,0.832675,0.030303,0.00922266,0.0685112,0.0144928
2155,0.642857,0.128571,0.114286,0.0142857,0.0142857,0.0857143
2156,0.18374,0.38374,0.325203,0.0406504,0.0162602,0.0504065
2157,0.264563,0.565534,0.148058,0.00242718,0.00242718,0.0169903
2158,0.13486,0.777354,0.0559796,0.00636132,0.00890585,0.0165394
2159,0.00990099,0.029703,0.188119,0.435644,0.00990099,0.326733
2160,0.0309278,0.911635,0.0103093,0.0206186,0.00147275,0.0250368
2161,0.220506,0.594101,0.119382,0.00140449,0.0632022,0.00140449
2162,0.0555556,0.0555556,0.222222,0.0555556,0.0555556,0.555556
2163,0.107744,0.750842,0.003367,0.020202,0.114478,0.003367
2164,0.0160772,0.784566,0.073955,0.0128617,0.109325,0.00321543
2165,0.00900901,0.00900901,0.387387,0.027027,0.018018,0.54955
2166,0.175,0.742857,0.0214286,0.00357143,0.0321429,0.025
2167,0.142857,0.142857,0.285714,0.142857,0.142857,0.142857
2168,0.0285714,0.0142857,0.114286,0.271429,0.0142857,0.557143
2169,0.331445,0.586402,0.00283286,0.0708215,0.00566572,0.00283286
2170,0.03125,0.03125,0.28125,0.09375,0.15625,0.40625
2171,0.0111607,0.497768,0.332589,0.0111607,0.078125,0.0691964
2172,0.0293255,0.615836,0.0498534,0.00293255,0.258065,0.0439883
