1,0.00160514,0.279294,0.0304976,0.0160514,0.454254,0.218299,4,Bug-53a734cb-6cc4-4f2e-8c03-861e6fe2e4e6,1208293181871
2,0.00606061,0.0787879,0.0272727,0.0333333,0.521212,0.333333,4,Bug-7ca9b290-03b2-4926-b847-676815209490,1386177982563
3,0.1375,0.0166667,0.566667,0.233333,0.0416667,0.00416667,2,Bug-f603d16b-8672-4e24-9539-68d1439a0560,1386176397814
4,0.377193,0.192982,0.122807,0.219298,0.0175439,0.0701754,0,Bug-6948a89d-cafe-4ec9-b8f4-fcb1f59a5720,1392402560867
5,0.259843,0.0393701,0.0669291,0.0748031,0.110236,0.448819,5,Bug-fea15164-c7e3-4c37-abf0-de5146a5c3cb,1366898157579
6,0.00403226,0.358871,0.0282258,0.00403226,0.455645,0.149194,4,Bug-403e3d43-e471-4856-a535-30123596028d,1406754852850
7,0.0607029,0.514377,0.0319489,0.00319489,0.00319489,0.386581,1,Bug-4e857a0d-f472-4e73-b18a-3e3258f15d14,1390197541855
8,0.0197239,0.518738,0.00197239,0.00197239,0.0197239,0.43787,1,Bug-4b3578a6-eca1-43ff-8971-8c15b88fa615,1339194408669
9,0.00228311,0.408676,0.0114155,0.0296804,0.00913242,0.538813,5,Bug-dba258ac-bb13-4fee-b641-e1585fb62789,1401857066207
10,0.00694444,0.0763889,0.00694444,0.00694444,0.604167,0.298611,4,Bug-04f6639d-bd3e-4ab4-b1e9-2ba768fe72a8,1406939865639
11,0.0206186,0.0618557,0.515464,0.381443,0.0103093,0.0103093,2,Bug-cb06f990-ccbd-4f39-bd4c-a7ae4faa93b3,1394658507622
12,0.00103093,0.113402,0.148454,0.216495,0.127835,0.392784,5,Bug-e3e950ad-21e6-4d33-a310-2c056a31aba4,1354592097977
13,0.0909091,0.0909091,0.181818,0.454545,0.0909091,0.0909091,3,Bug-23a2f432-89ed-4e49-9441-16c96ad0a962,1242251632783
14,0.00160772,0.371383,0.00803859,0.0144695,0.170418,0.434084,5,Bug-b3ba3235-3b6f-4d8c-a4fc-ec2989ee6598,1360831498389
15,0.00166113,0.0598007,0.405316,0.234219,0.237542,0.0614618,2,Bug-b8e4bcb4-d71f-4a82-994d-8aaa0ee9bd15,1336438953013
16,0.00348432,0.512195,0.0278746,0.00696864,0.30662,0.142857,1,Bug-6ed9a8e0-4b30-4fe1-a806-ec9d081ea271,1207249753962
17,0.00218341,0.41048,0.00655022,0.00655022,0.279476,0.29476,1,Bug-0eed0ce2-c17d-4097-9264-5a4ed2762c0e,1375150821191
18,0.00473934,0.345972,0.00473934,0.0473934,0.440758,0.156398,4,Bug-017dd2ff-7f93-49ff-9f7d-6de93de234d6,1397221062719
19,0.00374532,0.460674,0.00374532,0.0486891,0.11985,0.363296,1,Bug-96205fd2-5207-4371-9eaa-2c84b9b23235,1375128813217
20,0.0136426,0.173261,0.0354707,0.0750341,0.0436562,0.658936,5,Bug-98f12c51-ba40-4304-b968-d6d7c10b5ca2,1225754232558
21,0.714497,0.010355,0.00591716,0.0310651,0.0650888,0.173077,0,Bug-a023e6b2-8347-4b25-9487-338a5603a2af,1397737047736
22,0.0026455,0.550265,0.0238095,0.0396825,0.0026455,0.380952,1,Bug-cdb889ec-79e5-4050-bdef-e2ed02b023f2,1407929946986
23,0.1,0.1,0.3,0.3,0.1,0.1,2,Bug-6f818b1b-5184-4119-a326-73108e1c880a,1354019362797
24,0.24,0.04,0.16,0.48,0.04,0.04,3,Bug-33c86ce7-be47-40a3-953e-28e6f085cca5,1272438639776
25,0.09375,0.03125,0.40625,0.40625,0.03125,0.03125,2,Bug-4e87cfad-5a07-403b-8809-4a156d7db498,1247245780568
26,0.191257,0.131148,0.196721,0.469945,0.00546448,0.00546448,3,Bug-9eb90a2d-aef7-44ef-b1d6-f89bb0fbecc7,1404938840321
27,0.00126904,0.365482,0.0406091,0.0152284,0.0152284,0.562183,5,Bug-fd2179d0-838b-4bec-af6e-bb7cc668bd44,1390631775203
28,0.111111,0.111111,0.111111,0.444444,0.111111,0.111111,3,Bug-7c822727-27aa-4a3c-9351-97ed79b82ec2,1245229049159
29,0.0160944,0.286481,0.026824,0.0193133,0.183476,0.467811,5,Bug-71df3ce3-5145-4ecb-bc10-540dd497aa1b,1406757234320
30,0.0524476,0.468531,0.0034965,0.0034965,0.0384615,0.433566,1,Bug-f2680ce5-089a-4fcc-9341-97cc26d548d0,1407913111080
31,0.271028,0.186916,0.0747664,0.271028,0.00934579,0.186916,0,Bug-895dcd80-3542-411b-b564-fbc03551fe8f,1407118493807
32,0.00156986,0.284144,0.0188383,0.0125589,0.021978,0.660911,5,Bug-9269dbd6-b717-4a3e-a269-c74da006b568,1394151956133
33,0.00960879,0.175704,0.0363761,0.0851064,0.114619,0.578586,5,Bug-6f2d7655-4fec-410d-866a-e1058bd6bf04,1409349123717
34,0.0416667,0.25,0.25,0.375,0.0416667,0.0416667,3,Bug-ffc363bd-4602-47a2-aeac-fec9b2b995e0,1343280517287
35,0.0669746,0.228637,0.0715935,0.192841,0.00115473,0.438799,5,Bug-ed6d7169-ee6c-48cf-a48d-ad3b5684564f,1408451947978
36,0.128205,0.217949,0.269231,0.230769,0.141026,0.0128205,2,Bug-67a22d22-95cf-4fad-ad95-5297e303e88a,1378937472253
37,0.241176,0.0382353,0.279412,0.408824,0.00294118,0.0294118,3,Bug-5c5dd920-ff80-4262-b8fc-c7bcf697b5d6,1358536685702
38,0.00478469,0.00478469,0.449761,0.497608,0.0382775,0.00478469,3,Bug-50f515f2-a1cc-4e61-be6e-ed49e0c0abc2,1344009368576
39,0.000899281,0.390288,0.131295,0.139388,0.00719424,0.330935,1,Bug-c51e6248-6aba-4b9e-86cf-3592e1ad172c,1389367351283
40,0.0828221,0.429448,0.0368098,0.00306748,0.300613,0.147239,1,Bug-661a2734-7d84-4d6c-afb2-85e51b918111,1390332596560
41,0.00387597,0.523256,0.00775194,0.00387597,0.00387597,0.457364,1,Bug-68384451-b212-4bdb-aa3d-bb96d998bb6e,1397107366760
42,0.00364964,0.518248,0.0291971,0.00364964,0.00364964,0.441606,1,Bug-68de411b-557a-424b-b6df-79b36c8fa2fc,1391718828620
43,0.0217391,0.0217391,0.673913,0.217391,0.0434783,0.0217391,2,Bug-ae0da4bc-0ff4-4ecd-baaa-ac17ca8f30cb,1404415963526
44,0.181818,0.0909091,0.454545,0.0909091,0.0909091,0.0909091,2,Bug-480507c9-8f31-4812-8ce7-67437f1dcfca,1389240655339
45,0.0423779,0.175986,0.0735727,0.125956,0.387875,0.194232,4,Bug-67257536-4631-4bc4-a3eb-d5c82077d108,1406997045118
46,0.0308483,0.514139,0.0488432,0.066838,0.336761,0.00257069,1,Bug-36df4ca7-c3fe-4c4e-b62c-d066f60939c2,1390706321605
47,0.0555556,0.0555556,0.277778,0.5,0.0555556,0.0555556,3,Bug-8d164867-59a3-4fb6-88d2-cea25f714bc7,1390260619115
48,0.00176678,0.0759717,0.164311,0.109541,0.512367,0.136042,4,Bug-cc9b17d1-c0f9-4ef4-abf9-fcdf6d6279c7,1344504923031
49,0.0574324,0.472973,0.00675676,0.00337838,0.456081,0.00337838,1,Bug-98b07d27-5a41-446f-a175-3130cb1eb958,1276259287398
50,0.0909091,0.0909091,0.181818,0.454545,0.0909091,0.0909091,3,Bug-cc25b0b1-531f-430f-9c66-02ac29ee54f5,1401897682371
51,0.000892061,0.123996,0.0963426,0.246209,0.0044603,0.5281,5,Bug-f8d497d0-c920-4a8c-ae8f-6ce6d5bf5d06,1349868651430
52,0.0528233,0.276867,0.0418944,0.0983607,0.500911,0.0291439,4,Bug-70c1c0d5-e3c1-4d77-95da-853c8d9758ee,1408725985518
53,0.236111,0.00694444,0.222222,0.423611,0.104167,0.00694444,3,Bug-d6f8eb3e-605e-422e-aaca-6633ab3dd820,1309996230293
54,0.03125,0.03125,0.25,0.625,0.03125,0.03125,3,Bug-62a7a4a5-547b-4d84-90f8-f8ff554896a6,1349892404398
55,0.0365854,0.121951,0.280488,0.170732,0.378049,0.0121951,4,Bug-a2786b99-133e-4e97-8d87-3719c7d5d00e,1353518617342
56,0.0020202,0.442424,0.0020202,0.0444444,0.450505,0.0585859,4,Bug-d46b7b30-badd-4f42-a885-6305485deea4,1350034561542
57,0.0609756,0.121951,0.268293,0.52439,0.0121951,0.0121951,3,Bug-4383f6a2-e87f-4922-8c8a-3127fb0da5d1,1390504041828
58,0.156607,0.49429,0.125612,0.0179445,0.0440457,0.161501,1,Bug-cf83ab85-524e-41f0-8405-b82b555e4394,1403171956860
59,0.0255102,0.640306,0.107143,0.0357143,0.0867347,0.104592,1,Bug-f7557eab-7d88-4b49-a34d-3649e9c87805,1334884045144
60,0.102804,0.684112,0.00186916,0.0261682,0.181308,0.00373832,1,Bug-1b8af8a4-b46c-483e-8dc6-c2ed12d26550,1402609962469
61,0.00126582,0.373418,0.0126582,0.0379747,0.531646,0.043038,4,Bug-1f3ffa93-9d0a-47ba-a048-08a9d601ee49,1347442046223
62,0.0878378,0.810811,0.0337838,0.00675676,0.00675676,0.0540541,1,Bug-dfffc4f6-54ee-4795-b49f-3abd2324a18e,1377127314912
63,0.08,0.04,0.44,0.28,0.04,0.12,2,Bug-f8d4f204-4b7a-4a92-8a27-d7a8791e04e0,1398898227025
64,0.0555556,0.222222,0.555556,0.0555556,0.0555556,0.0555556,2,Bug-2aac1bc9-9b82-44d4-b0de-f985254d9de7,1263831725026
65,0.00254453,0.603053,0.00254453,0.0585242,0.272265,0.0610687,1,Bug-a9cf8fd6-a6ec-494b-961d-d478f43a80cc,1253220868894
66,0.166667,0.0138889,0.486111,0.25,0.0277778,0.0555556,2,Bug-5807602c-eb5e-47c4-8375-6e9ea8eb191e,1410616658996
67,0.00219298,0.392544,0.00219298,0.00219298,0.00219298,0.598684,5,Bug-159d3f4e-dd78-4ece-9579-0c09f32f8020,1377031022598
68,0.178307,0.337716,0.0928513,0.0805259,0.309778,0.000821693,1,Bug-e3c82075-e7bd-484b-9f96-fefbd9ec884d,1362870119023
69,0.00862069,0.00862069,0.396552,0.517241,0.0603448,0.00862069,3,Bug-acee1a21-a512-41c8-a4f7-9bc721f4c01e,1385022843570
70,0.0142857,0.0357143,0.35,0.478571,0.0142857,0.107143,3,Bug-05d7d96f-4357-4020-bb32-4657fe93ce96,1381206420994
71,0.0033557,0.0637584,0.0033557,0.0469799,0.687919,0.194631,4,Bug-cca14bf4-41bc-43d7-8e04-743604300882,1386376848437
72,0.00907716,0.393343,0.0605144,0.00151286,0.145234,0.390318,1,Bug-7a3d5fba-2117-447b-aa0a-b8d1a04f250a,1384371401233
73,0.0625,0.0208333,0.166667,0.708333,0.0208333,0.0208333,3,Bug-c526e47d-4874-4c68-9d2a-46824e29b35d,1390861146635
74,0.0714286,0.0714286,0.357143,0.285714,0.142857,0.0714286,2,Bug-3abbf642-4e1f-41f4-9563-189c8e596116,1379270191034
75,0.00927644,0.272727,0.0204082,0.0111317,0.00185529,0.684601,5,Bug-61a39fa4-2195-47b7-b05b-07110f324e5e,1389748435043
76,0.0333333,0.166667,0.4,0.3,0.0666667,0.0333333,2,Bug-1122d101-24b9-444d-a1f8-b45d76498493,1251220939340
77,0.048951,0.004662,0.172494,0.724942,0.011655,0.037296,3,Bug-32e66d1f-23ba-457c-a7f5-634209064641,1400208615625
78,0.224,0.04,0.4,0.272,0.056,0.008,2,Bug-ed9a2b09-45b6-479a-913f-f81a9fcc5979,1391055487159
79,0.05,0.05,0.3,0.5,0.05,0.05,3,Bug-c965acde-378e-4d46-836a-c1e0ae068ef3,1396291019305
80,0.00285714,0.52,0.0485714,0.0657143,0.00285714,0.36,1,Bug-8281fd5f-890b-4e2c-bb30-3023994270fc,1384826299373
81,0.00769231,0.0384615,0.00769231,0.00769231,0.523077,0.415385,4,Bug-cfd96261-e5da-4c28-9e59-5dab98853355,1406760759763
82,0.0208333,0.413462,0.088141,0.0176282,0.262821,0.197115,1,Bug-6c6872b8-f612-4baa-98ab-fcd57df32973,1409646624886
83,0.0618777,0.232575,0.128734,0.110242,0.184211,0.282361,5,Bug-750b0e3b-cbeb-47c3-8cc1-07653d82807a,1401990302642
84,0.00337838,0.547297,0.00337838,0.00337838,0.00337838,0.439189,1,Bug-34565128-6634-4520-9481-bbce0bb7e57c,1399613815650
85,0.0181818,0.236364,0.218182,0.490909,0.0181818,0.0181818,3,Bug-f2db9454-9c76-42e1-b347-783c0334b795,1224748362673
86,0.0679887,0.399433,0.0934844,0.0283286,0.407932,0.00283286,4,Bug-3ed601f6-6255-4687-a0ae-aa017c8d8581,1245299019427
87,0.016129,0.347507,0.0674487,0.00146628,0.565982,0.00146628,4,Bug-f1f770a8-4c82-4b4e-bddf-5692dd5b0fe8,1393365309856
88,0.00657895,0.0855263,0.0197368,0.0789474,0.269737,0.539474,5,Bug-27e31bf3-2a4e-4ea1-9915-4a4f3e70d7cd,1403566651591
89,0.0233333,0.09,0.00333333,0.0133333,0.09,0.78,5,Bug-8e3357cf-2d23-4d20-addc-3ae5781393c7,1409270883546
90,0.00344828,0.52069,0.00344828,0.00344828,0.448276,0.0206897,1,Bug-9a6ed47e-61ea-4b34-ab68-f9bb054b3e7b,1380573111695
91,0.111111,0.111111,0.111111,0.222222,0.111111,0.333333,5,Bug-823b0ce8-73e2-4d67-af1e-eca4c73c8437,1338388633389
92,0.0420792,0.388614,0.029703,0.118812,0.309406,0.111386,1,Bug-857825a5-c113-45b9-ab84-34fa3e5ad72a,1402426123414
93,0.142857,0.142857,0.285714,0.142857,0.142857,0.142857,2,Bug-9c32e2e7-d20e-4729-b8c3-805ad10fe2e7,1383940408997
94,0.0318182,0.528788,0.0939394,0.0606061,0.0121212,0.272727,1,Bug-d66bb3f4-e367-41d4-a5fb-b8a5b8ff250d,1401913553311
95,0.177419,0.198925,0.0516129,0.133333,0.00107527,0.437634,5,Bug-635a25e4-a55a-4081-8b23-7d360f984f25,1391039238532
96,0.169492,0.0169492,0.389831,0.389831,0.0169492,0.0169492,2,Bug-8136f7b0-011a-49a9-90e2-5e74f3b33116,1338341055840
97,0.0909091,0.0909091,0.0909091,0.454545,0.181818,0.0909091,3,Bug-8d7ab34e-3676-4ea6-9e1e-e50235f08d99,1363123695252
98,0.0909091,0.0909091,0.454545,0.181818,0.0909091,0.0909091,2,Bug-266b2bdc-0511-4c24-bede-fac0768fe32f,1403322353945
99,0.0232558,0.0232558,0.728682,0.209302,0.00775194,0.00775194,2,Bug-5788f760-e598-48d0-bbc0-db9f90f8042a,1255388939192
100,0.75,0.0178571,0.178571,0.0178571,0.0178571,0.0178571,0,Bug-c3e45440-fbd6-42ff-81b3-04138ab88d35,1275602238321
101,0.00294985,0.448378,0.0707965,0.079646,0.00294985,0.39528,1,Bug-68251f50-1f26-4a2d-9c4a-33fd0dfd49e3,1399587739353
102,0.171662,0.256131,0.147139,0.158038,0.19891,0.0681199,1,Bug-ecf11336-61d1-4a1b-ab7f-1c48aaa32b6d,1407362634690
103,0.028083,0.347985,0.04884,0.131868,0.416361,0.026862,4,Bug-f5070747-0ee8-471c-b161-d72ab94388b2,1395449069303
104,0.0384615,0.0384615,0.653846,0.192308,0.0384615,0.0384615,2,Bug-92740811-2312-4993-aa63-be660e08eac7,1408300175807
105,0.00506971,0.416984,0.158428,0.035488,0.373891,0.0101394,1,Bug-583b817f-05b5-415a-8d87-24444cefba97,1409352282347
106,0.00320513,0.464744,0.00320513,0.0673077,0.391026,0.0705128,1,Bug-e214864f-c1ae-4a15-a7ac-854cfc370fb8,1211541544393
107,0.0535373,0.0535373,0.0611855,0.332696,0.260038,0.239006,3,Bug-72fdfbd6-a7c8-46f8-9df1-a610378e0118,1321457877042
108,0.0292208,0.475649,0.00974026,0.0998377,0.00243506,0.383117,1,Bug-f3be3d7c-8512-47c9-9c6a-b51f5d55a846,1384295058448
109,0.0141129,0.578629,0.0262097,0.332661,0.00201613,0.046371,1,Bug-fca43e9b-a0c3-44cd-b931-33f0d779e4de,1386361507994
110,0.106667,0.0533333,0.0346667,0.0853333,0.634667,0.0853333,4,Bug-0eff3e29-8aba-4315-a176-548b7f4c67c2,1384807097605
111,0.00287356,0.514368,0.0517241,0.00287356,0.364943,0.0632184,1,Bug-763a48fe-77a9-4b5e-ba59-d2f653f4c46b,1384279569072
112,0.026178,0.421466,0.151832,0.0026178,0.0942408,0.303665,1,Bug-41310589-df9a-47f0-a6de-eba042fe8891,1389560953179
113,0.0231788,0.440397,0.00331126,0.0231788,0.344371,0.165563,1,Bug-59af3c37-e7bb-4f6e-a950-4367906869be,1388088658749
114,0.00687285,0.532646,0.0446735,0.00343643,0.00343643,0.408935,1,Bug-ceddb4da-77d7-419f-b891-7c30ea8f02cc,1371389163783
115,0.111111,0.111111,0.222222,0.333333,0.111111,0.111111,3,Bug-91bd4579-ed34-4aeb-8f9c-d301fa43c259,1215633784999
116,0.184211,0.131579,0.263158,0.315789,0.0789474,0.0263158,3,Bug-bca1cdf2-02dd-4cad-9bfd-98505aafe858,1378344295897
117,0.0792952,0.051395,0.265786,0.061674,0.00293686,0.538913,5,Bug-9364b036-b32f-49d6-a0e3-3ba1dc583f6a,1371234013756
118,0.00144509,0.0852601,0.119942,0.0780347,0.226879,0.488439,5,Bug-0544938a-3e02-4f29-acf8-185453130d13,1391119235618
119,0.000477555,0.905922,0.00573066,0.0191022,0.000477555,0.0682904,1,Bug-37057aae-e003-4e7f-8be0-ec371bf6dcab,1370097090464
120,0.0217822,0.330693,0.0376238,0.0514851,0.554455,0.0039604,4,Bug-6f783d51-7376-4116-914e-249a1f83e217,1339197778164
121,0.00465116,0.0697674,0.132558,0.223256,0.0186047,0.551163,5,Bug-700f61e2-391c-4353-920e-c1339105dfd5,1329583887107
122,0.0976492,0.0867993,0.21519,0.198915,0.180832,0.220615,5,Bug-98e2d073-f743-4f28-ab7e-713c09f1a8d3,1384209038762
123,0.0040783,0.372757,0.0163132,0.0236542,0.429038,0.15416,4,Bug-2c2607bf-7da9-4076-bfc1-09065a3fe8b2,1399565972837
124,0.0298507,0.211754,0.0960821,0.0625,0.068097,0.531716,5,Bug-e5766f64-030c-4e41-876d-a92c8facfea9,1368131478043
125,0.0147059,0.132353,0.647059,0.147059,0.0147059,0.0441176,2,Bug-1e353ab7-ba61-498b-8c3c-602de8af7d5e,1203133428484
126,0.00326797,0.0588235,0.101307,0.00326797,0.614379,0.218954,4,Bug-8c57bd7a-de41-4be8-be1b-5d28c3e99765,1397863075105
127,0.00337838,0.0608108,0.0506757,0.0439189,0.00337838,0.837838,5,Bug-d07d7050-3f62-4700-853c-0b54f0beaf48,1337875653781
128,0.00406504,0.0772358,0.00406504,0.00406504,0.00406504,0.906504,5,Bug-68c1adc6-47f1-43c7-9c8c-891459ad369c,1355770458109
129,0.00681431,0.28109,0.139693,0.076661,0.362862,0.132879,4,Bug-e4e50d8c-b1a9-4f52-859f-214b8274b8db,1338499538478
130,0.0603774,0.584906,0.169811,0.0339623,0.14717,0.00377358,1,Bug-e9601905-feb7-49e8-afeb-0f997b27f89c,1343096214796
131,0.042623,0.17377,0.229508,0.308197,0.0327869,0.213115,3,Bug-41c0772e-e0c3-40b1-9d6c-83747d203364,1394585920738
132,0.142857,0.142857,0.142857,0.142857,0.142857,0.285714,5,Bug-32f56400-92a3-4630-865d-b87f42cd4e39,1406924618962
133,0.268293,0.0304878,0.5,0.189024,0.00609756,0.00609756,2,Bug-6fdbf1d0-08d9-4159-b1cd-d2604a05325b,1399409868916
134,0.0443686,0.515358,0.00341297,0.00682594,0.426621,0.00341297,1,Bug-e0fa9cf9-c9c1-4e0e-8532-5cdb9db73408,1350933471878
135,0.012766,0.0680851,0.123404,0.225532,0.00425532,0.565957,5,Bug-6ee815b4-a879-4550-b7f7-0019425ea5f8,1273681480780
136,0.00258398,0.490956,0.0542636,0.0801034,0.00258398,0.369509,1,Bug-3b0d1d40-2f6b-48e7-9f34-bd636be51ebf,1381984592089
137,0.00221729,0.0665188,0.0443459,0.0133038,0.567627,0.305987,4,Bug-63ca46d1-ef85-4159-b127-98a148b6b436,1408619251971
138,0.042838,0.38822,0.147256,0.0187416,0.360107,0.042838,1,Bug-0f47a6d9-e6c4-4e67-879f-4cfee1cb7c0a,1360700149739
139,0.00322581,0.46129,0.00322581,0.0967742,0.00322581,0.432258,1,Bug-63cb091e-45bd-4e40-94c6-008200c69e29,1394585612378
140,0.0227273,0.0227273,0.181818,0.681818,0.0681818,0.0227273,3,Bug-b6fc1dff-c5ac-41bd-a772-074b047020ff,1391110170632
141,0.121099,0.531835,0.0149813,0.00749064,0.00124844,0.323346,1,Bug-fbc2c38e-bcf9-4e6e-a35b-d601c31364e4,1409909545372
142,0.00662252,0.0662252,0.0331126,0.0662252,0.695364,0.13245,4,Bug-3be88b7a-2085-44b0-a2b3-a745825ee70c,1376978093042
143,0.125,0.0208333,0.5,0.3125,0.0208333,0.0208333,2,Bug-8cfce757-231d-4a85-9d06-5e1de7c1abb6,1353644198160
144,0.00175439,0.310526,0.147368,0.0614035,0.303509,0.175439,1,Bug-968a7c55-e2ef-4d02-9b22-720caec6b957,1395177041592
145,0.0175439,0.0877193,0.263158,0.561404,0.0175439,0.0526316,3,Bug-a68c817c-07c9-4f15-be32-68db70282ca4,1334792727552
146,0.344729,0.031339,0.39886,0.188034,0.034188,0.002849,2,Bug-15eeb6b0-c1a8-4926-b018-eba80d3c9344,1407807143214
147,0.142857,0.142857,0.142857,0.285714,0.142857,0.142857,3,Bug-b8c8aa99-d4d2-41e2-8ad8-033626576c82,1343657771853
148,0.210526,0.0526316,0.315789,0.315789,0.0526316,0.0526316,2,Bug-aa87cb78-045b-43f6-a7c1-975ed0eba66a,1396918452439
149,0.00340136,0.506803,0.0442177,0.00340136,0.438776,0.00340136,1,Bug-96686a6c-2ccc-4ff6-bad2-49db50b678fa,1350670340252
150,0.00763359,0.0687023,0.0152672,0.00763359,0.671756,0.229008,4,Bug-5f8616c6-0272-4659-9136-7373bb7939fa,1409938133638
151,0.01875,0.11875,0.04375,0.00625,0.48125,0.33125,4,Bug-88a84d6e-348a-4275-a632-fd3b1c5e0b8f,1389162996214
152,0.00236967,0.398104,0.00236967,0.0260664,0.00236967,0.56872,5,Bug-45a4e06f-c519-4f6a-8788-4f0ec9699c62,1247269092877
153,0.111111,0.111111,0.111111,0.444444,0.111111,0.111111,3,Bug-b8abc1cd-405a-48fe-bef5-794c91414892,1364338428435
154,0.125,0.125,0.25,0.25,0.125,0.125,2,Bug-cb2c6c39-c57d-4ca2-b834-4364ce733ecc,1337978372439
155,0.00536913,0.273826,0.0939597,0.0765101,0.165101,0.385235,5,Bug-ef5fce7b-a1d3-4dd7-b603-c07ecc781a58,1354683286308
156,0.047619,0.047619,0.142857,0.666667,0.047619,0.047619,3,Bug-3908e7af-dce7-4b9a-a678-38aa64a1ccb7,1407428190584
157,0.00210084,0.489496,0.00210084,0.00210084,0.00210084,0.502101,5,Bug-9768733e-f1c3-490f-8ac9-a8f8ac1bf67d,1385487793800
158,0.0460123,0.300613,0.0720859,0.0184049,0.0996933,0.46319,5,Bug-2cc243ef-4a49-4d55-a78c-6cadfbf34403,1377761276198
159,0.0169133,0.319239,0.0824524,0.0465116,0.32981,0.205074,4,Bug-951a341e-0e7b-44e4-b77e-78293c231d49,1399560640944
160,0.010687,0.526718,0.0854962,0.0320611,0.0167939,0.328244,1,Bug-58cd880e-ce6b-4664-8435-baa560f5c990,1388790972379
161,0.1,0.1,0.1,0.5,0.1,0.1,3,Bug-2d13e459-1969-4997-8a2f-379520ef478a,1221779748930
162,0.00387597,0.53876,0.00387597,0.00387597,0.00387597,0.445736,1,Bug-3d3338e5-10a8-4243-ba6c-016be69ab300,1393950680773
163,0.0294118,0.568627,0.00326797,0.00326797,0.330065,0.0653595,1,Bug-47f20695-113b-4243-a804-9fea21bb506e,1208541018434
164,0.0208333,0.0625,0.0208333,0.625,0.25,0.0208333,3,Bug-3b2a54ec-66bf-4e99-8f96-a8566ff0681f,1389740291628
165,0.134694,0.106122,0.106122,0.102041,0.444898,0.106122,4,Bug-040116da-1ea3-4fc1-bf00-a28b52aaba03,1400006674711
166,0.263158,0.0526316,0.315789,0.263158,0.0526316,0.0526316,2,Bug-cc5a555b-448c-4d87-9ead-ed7d11745558,1404950985287
167,0.00226244,0.339367,0.0316742,0.0135747,0.536199,0.0769231,4,Bug-1b6b62ec-fec3-4834-8cd5-0e0f52e8f364,1375374664692
168,0.0833333,0.0833333,0.0833333,0.583333,0.0833333,0.0833333,3,Bug-aa3d59ad-3ff3-424f-9803-d5f6c8a89aea,1408997597064
169,0.394737,0.0789474,0.263158,0.236842,0.0131579,0.0131579,0,Bug-9e2036e4-ed01-4619-afc3-b16b0f1cfba0,1393287992152
170,0.116279,0.027907,0.551163,0.297674,0.00232558,0.00465116,2,Bug-17f64350-6df1-4084-9c41-0162f167fa67,1241113504250
171,0.00369004,0.516605,0.00369004,0.00369004,0.250923,0.221402,1,Bug-12a43113-9b90-483f-b3ab-6a318aca8e49,1358438724907
172,0.0670103,0.561856,0.0180412,0.00257732,0.347938,0.00257732,1,Bug-c056e45d-5024-4258-a5b1-9f279bfc7004,1345594359821
173,0.00344828,0.0586207,0.151724,0.206897,0.00344828,0.575862,5,Bug-1f7c6f34-f95a-4dc2-980b-3267f7822a00,1337487788524
174,0.00778816,0.227414,0.397196,0.26947,0.0778816,0.0202492,2,Bug-bed45b09-8854-4fb8-b77a-eb4a084f71e2,1370641001761
175,0.125,0.125,0.125,0.25,0.25,0.125,3,Bug-b4fddf22-26f2-467b-8086-6cee146c6ba4,1370539514720
176,0.193548,0.0537634,0.215054,0.430108,0.0107527,0.0967742,3,Bug-ea16c963-43b1-47f8-aba6-8716da4e25d5,1410388924035
177,0.0880829,0.297927,0.0751295,0.0829016,0.178756,0.277202,1,Bug-2e7be902-c4c4-4d0b-89f1-24d892e9c5c1,1219802424271
178,0.0840841,0.165165,0.214715,0.324324,0.0405405,0.171171,3,Bug-db57e489-18ab-40b4-98ff-2ea58a041d89,1389397783849
179,0.104962,0.312977,0.0114504,0.0419847,0.274809,0.253817,1,Bug-8685635a-be6d-403b-bf5d-d0b58ebffa02,1348072050975
180,0.125541,0.23088,0.219336,0.018759,0.165945,0.239538,5,Bug-552ebac0-2236-490a-8930-06ba98ca245d,1217526294723
181,0.00374532,0.0786517,0.00374532,0.00374532,0.685393,0.224719,4,Bug-9e36e91f-4d0d-4a5a-baab-dd5201e6d7fe,1409268802533
182,0.0120482,0.0120482,0.253012,0.698795,0.0120482,0.0120482,3,Bug-558b6ab4-55a7-4015-9ffd-5715cdd13e7c,1407417366130
183,0.00620347,0.00124069,0.145161,0.833747,0.00124069,0.0124069,3,Bug-4f9c1c9c-0e9d-4244-a91e-588be5d4c06c,1403980033323
184,0.00637755,0.0739796,0.0497449,0.122449,0.466837,0.280612,4,Bug-419c43b4-9a5a-40a0-872d-8e907c31c36a,1381908210419
185,0.105691,0.0758808,0.349593,0.428184,0.0162602,0.0243902,3,Bug-069a64d2-f9bd-4769-83b3-5f4104624dc9,1400172097362
186,0.00380228,0.0418251,0.00380228,0.00760456,0.695817,0.247148,4,Bug-8677dde6-b0d8-4f45-af3c-812dfc30742e,1350943041600
187,0.0089172,0.0764331,0.0229299,0.0535032,0.547771,0.290446,4,Bug-068547ab-0d0e-4e94-b4e9-286c7f244b83,1383320699707
188,0.0555556,0.0666667,0.288889,0.511111,0.0666667,0.0111111,3,Bug-32b79863-d11d-4a5f-911c-01136d1acd51,1379311510288
189,0.317495,0.345572,0.0237581,0.0194384,0.24622,0.0475162,1,Bug-3629f8c1-a098-4c4c-ba89-ee92b33c1f70,1391552613741
190,0.00641026,0.0929487,0.0641026,0.217949,0.525641,0.0929487,4,Bug-567051b5-3d88-4fad-9fd8-a68917b313e3,1405990814010
191,0.115284,0.0436681,0.165939,0.519651,0.127511,0.0279476,3,Bug-4bcc2cf5-61a9-4257-8fb7-20bfe97cefb0,1399500281082
192,0.0140845,0.0704225,0.394366,0.422535,0.084507,0.0140845,3,Bug-f6ca0c0d-6193-4858-b257-74f53593d620,1397165060006
193,0.00774443,0.365924,0.198451,0.0880929,0.0609874,0.2788,1,Bug-c6633547-92f0-4592-aeea-b937e02bd76e,1406050906211
194,0.111111,0.222222,0.111111,0.222222,0.111111,0.222222,1,Bug-f2b801e7-ec5f-4757-a672-f9ccf62b4275,1341535176460
195,0.0603448,0.0344828,0.543103,0.318966,0.0258621,0.0172414,2,Bug-ec854983-ba26-4f6f-bc96-fd06ae2edfb8,1406558156530
196,0.216216,0.603604,0.165165,0.00900901,0.003003,0.003003,1,Bug-1d2071d4-4e33-4661-a718-4d38ff1e20bd,1384387616297
197,0.0141176,0.261176,0.08,0.0470588,0.0317647,0.565882,5,Bug-70a6cd2f-4ae8-460d-ad80-cb7da62525fb,1383176251999
198,0.0873984,0.414634,0.174797,0.00203252,0.26626,0.054878,1,Bug-00c933a2-a8de-4fbc-99be-9f253dcde813,1385357249997
199,0.125,0.125,0.125,0.375,0.125,0.125,3,Bug-1b47525a-66d3-4d62-98c9-edc9ccd05fb2,1396524141478
200,0.0124378,0.0646766,0.0547264,0.00248756,0.00248756,0.863184,5,Bug-34c1dbb8-3716-46d9-aa5b-22549b5fce6f,1389897903844
201,0.00271003,0.636856,0.00271003,0.00542005,0.186992,0.165312,1,Bug-dfc5e9de-9e3e-4622-b820-edeaf1078ef7,1229049061527
202,0.181758,0.300066,0.0779907,0.138136,0.0423001,0.259749,1,Bug-9b0ab798-925e-4d7d-9859-db4f3c3fbaef,1406754658076
203,0.00140252,0.259467,0.0252454,0.0420757,0.0532959,0.618513,5,Bug-2ec853ad-ff5a-41f6-98fb-5c4e5fc65380,1409847895127
204,0.119048,0.122449,0.170068,0.180272,0.00340136,0.404762,5,Bug-9b83735a-02af-4641-abd7-50b2be9bf78d,1376078725508
205,0.0272109,0.506803,0.0238095,0.00340136,0.435374,0.00340136,1,Bug-6153f0af-7dc7-40c8-a7a0-e840b3b24b47,1380303491422
206,0.027027,0.216216,0.324324,0.378378,0.027027,0.027027,3,Bug-4c525ac5-f3b6-445d-ac60-272f34eadf7d,1375907157739
207,0.413793,0.0344828,0.344828,0.0344828,0.0344828,0.137931,0,Bug-faeda9ee-d5da-4609-b400-3afb9ca151ea,1380850174290
208,0.00323625,0.569579,0.00323625,0.00323625,0.375405,0.0453074,1,Bug-f4328cd5-e2fd-487c-abb8-9005b6944fc2,1362692031925
209,0.0506912,0.182028,0.0760369,0.105991,0.258065,0.327189,5,Bug-33bb06ed-1560-4bb6-b44f-60689708bd21,1235449754720
210,0.510638,0.0106383,0.358156,0.101064,0.00177305,0.0177305,0,Bug-6804107e-6bf3-4d3c-aea7-66df73dee0ca,1321628005406
211,0.00689655,0.062069,0.0551724,0.00689655,0.682759,0.186207,4,Bug-820b29d6-787e-47e2-a1a9-64e068caa80b,1400091874404
212,0.00285714,0.511429,0.0657143,0.00285714,0.405714,0.0114286,1,Bug-880f5c87-a2fd-4e71-80d1-b90cd59bdb70,1389060676180
213,0.207547,0.0566038,0.301887,0.396226,0.0188679,0.0188679,3,Bug-adafdcb6-039a-4029-a1ad-292a0358795c,1245230086261
214,0.011236,0.0617978,0.174157,0.0617978,0.264045,0.426966,5,Bug-5d90fd1a-5cfa-4895-867f-423c21399f39,1358265366256
215,0.111111,0.111111,0.222222,0.333333,0.111111,0.111111,3,Bug-47d8dfd7-1580-474c-945b-98399be2d40e,1279597367002
216,0.283654,0.0576923,0.490385,0.115385,0.0336538,0.0192308,2,Bug-d27403c2-d73b-4c07-b62f-347975f87fbd,1226448783843
217,0.0416667,0.0416667,0.625,0.166667,0.0416667,0.0833333,2,Bug-ee76d174-a82f-429e-ad9a-5a4a2545c2dc,1344250893906
218,0.0526316,0.0526316,0.105263,0.684211,0.0526316,0.0526316,3,Bug-803c3c99-7de4-4068-8019-6a43306f7780,1323097976179
219,0.03125,0.09375,0.53125,0.28125,0.03125,0.03125,2,Bug-4c5d44e1-d7fa-4cf1-b6e9-ad5a5af678f3,1407118231263
220,0.00315457,0.473186,0.00946372,0.0914826,0.22082,0.201893,1,Bug-e9697ce6-1a58-4e95-a028-19b775c001c5,1382733234919
221,0.0035461,0.507092,0.0035461,0.0035461,0.411348,0.070922,1,Bug-8bbc7aaa-d3f7-45b0-abf5-e9d280386f66,1403259114465
222,0.0925926,0.190058,0.0282651,0.0721248,0.47076,0.146199,4,Bug-9d4e1235-c38e-48e6-828a-1de7f41f6029,1376528287547
223,0.00238663,0.708831,0.00238663,0.00238663,0.143198,0.140811,1,Bug-13118ed5-69c3-4c6c-84d3-cf27b05072f3,1408987212600
224,0.0647249,0.482201,0.00323625,0.0161812,0.249191,0.184466,1,Bug-a7b96a24-b396-43de-ae43-236f841e4c4e,1375897783354
225,0.00229358,0.417431,0.00229358,0.00229358,0.194954,0.380734,1,Bug-54156684-a444-4bf2-916c-1e243f9378fe,1267463963481
226,0.00225734,0.408578,0.0586907,0.00225734,0.00225734,0.525959,5,Bug-bfa3304c-a9b2-41a2-a2d9-66765b4ff9e9,1388792082173
227,0.0243902,0.0650407,0.105691,0.162602,0.422764,0.219512,4,Bug-81735736-1e24-4cc4-84f4-dc5909f19faf,1410898657401
228,0.00166945,0.310518,0.0350584,0.0550918,0.00166945,0.595993,5,Bug-34cd785c-1625-4d29-9a59-5f4c05b3efc5,1403543942898
229,0.0833333,0.166667,0.333333,0.25,0.0833333,0.0833333,2,Bug-61fdecac-0ee9-48c4-87d2-e180fbf0f8ba,1410363703547
230,0.0584958,0.0696379,0.284123,0.139276,0.0529248,0.395543,5,Bug-29507e86-908c-4df4-b4fb-cac9e8b7e249,1364265926963
231,0.125,0.125,0.125,0.375,0.125,0.125,3,Bug-973162e1-4ded-4bf8-953e-b9b1a6fbafd1,1321373016931
232,0.1,0.2,0.1,0.1,0.4,0.1,4,Bug-b575de71-9fea-43e6-9a04-679c3211a082,1310756094441
233,0.04,0.08,0.68,0.12,0.04,0.04,2,Bug-b886034c-2cef-4d90-9e22-b5f775a0e764,1224049256665
234,0.030303,0.121212,0.424242,0.30303,0.0909091,0.030303,2,Bug-4e0a8226-63bb-48e4-91fa-7516b827e7af,1393378788771
235,0.111111,0.111111,0.111111,0.444444,0.111111,0.111111,3,Bug-a21d1794-98e7-4b27-bf5a-b21001ab48dc,1394598110447
236,0.08,0.421818,0.00727273,0.00363636,0.407273,0.08,1,Bug-3dfcfc6e-fa31-4161-b1c4-3357dd61006b,1331656337549
237,0.0454545,0.545455,0.0454545,0.272727,0.0454545,0.0454545,1,Bug-7fccff1f-31bd-41b2-86fb-e5bdeadbb3b7,1267827832980
238,0.0769231,0.0769231,0.307692,0.153846,0.307692,0.0769231,2,Bug-2bb7d1be-833f-4a6a-bc11-ad6fac040799,1213988644528
239,0.0125786,0.0880503,0.00628931,0.0125786,0.72327,0.157233,4,Bug-ba04df2a-708e-4f15-abe7-ce7928ef708e,1384842050377
240,0.0766284,0.0383142,0.195402,0.176245,0.494253,0.0191571,4,Bug-bb882e6d-f1af-450d-96fa-4cbea785f349,1381451153879
241,0.142857,0.142857,0.142857,0.285714,0.142857,0.142857,3,Bug-2e2ad0c6-0084-4d80-a991-29317c099f7a,1378222062195
242,0.00318471,0.509554,0.00318471,0.0286624,0.238854,0.216561,1,Bug-bfdea9eb-83bd-4abc-9059-60746976f780,1398693110482
243,0.0322581,0.0322581,0.193548,0.548387,0.0322581,0.16129,3,Bug-281f7ee6-32e0-42fd-8129-85a6353bc8d5,1304435920123
244,0.125,0.125,0.375,0.125,0.125,0.125,2,Bug-49448479-e854-458d-b4c1-5896c207f312,1230588257255
245,0.00321543,0.533762,0.0257235,0.0418006,0.00321543,0.392283,1,Bug-ffee6a07-3ab4-451c-8c54-d6b787609fbe,1258057733724
246,0.00687285,0.515464,0.00343643,0.024055,0.116838,0.333333,1,Bug-1beccdca-9dd2-4bbb-9910-514f716c61f1,1408662407281
247,0.013986,0.013986,0.230769,0.622378,0.111888,0.00699301,3,Bug-52a607a3-32d3-4e0c-99de-0a8dc6987f0a,1398333760312
248,0.264368,0.597701,0.0114943,0.091954,0.0114943,0.0229885,1,Bug-895d77c2-d895-40c8-a17f-840680ead1b6,1401456555121
249,0.0103093,0.0927835,0.268041,0.494845,0.0618557,0.0721649,3,Bug-629a7d70-e37e-4dae-aebd-d488b46816d9,1206744194508
250,0.375,0.078125,0.114583,0.0807292,0.213542,0.138021,0,Bug-a60c9a6b-21ff-453c-91ed-7d0d7237aa36,1370970100740
251,0.0037037,0.492593,0.0037037,0.0037037,0.492593,0.0037037,1,Bug-fbe970aa-5e89-44fa-b1e9-e2dc95c30447,1353438943044
252,0.0105932,0.40678,0.273305,0.243644,0.0317797,0.0338983,1,Bug-a8262a00-a4c2-4d18-a35a-365c78682202,1396995219840
253,0.276498,0.0506912,0.184332,0.373272,0.110599,0.00460829,3,Bug-cdbcafe9-75f5-4e5e-996c-90b455ef5376,1390867967571
254,0.00621118,0.068323,0.00621118,0.00621118,0.00621118,0.906832,5,Bug-e814cd82-1e54-435d-b557-a7787d3bd8df,1245891871308
255,0.0661157,0.115702,0.404959,0.206612,0.198347,0.00826446,2,Bug-908423e5-6bad-4f33-8fdd-8d6b560bc683,1226608582092
256,0.423004,0.212928,0.00095057,0.00095057,0.213878,0.148289,0,Bug-fdc25794-3f74-4dc2-bb47-94447d6f6fe5,1397401533132
257,0.00290698,0.456395,0.0755814,0.110465,0.0377907,0.31686,1,Bug-1c71751a-dd9a-43d5-9d67-4b787190666e,1397743053999
258,0.0012837,0.21181,0.071887,0.0436457,0.415918,0.255456,4,Bug-7eef120a-3550-47d9-9d21-b772809ac82b,1385543562825
259,0.0254545,0.512727,0.00181818,0.0181818,0.141818,0.3,1,Bug-03b546c6-8f0c-46eb-87e8-cf0bc9869596,1299578474882
260,0.00181159,0.134058,0.163043,0.202899,0.0217391,0.476449,5,Bug-0ab4b8e1-0455-4267-ab7e-948a843ad62c,1270151874582
261,0.00384615,0.0692308,0.00384615,0.00384615,0.00384615,0.915385,5,Bug-ec3e0e67-6755-4a75-bfdc-9eefe59a1b0c,1327346675639
262,0.0700219,0.0284464,0.0962801,0.177243,0.345733,0.282276,4,Bug-9ce8cf96-6e16-4b6f-a211-b1060b479885,1377630446392
263,0.0197869,0.310502,0.0502283,0.0106545,0.00152207,0.607306,5,Bug-a9778fd4-6b00-410a-a643-b412e17e966e,1226006489945
264,0.0357143,0.0714286,0.178571,0.642857,0.0357143,0.0357143,3,Bug-0ab4bb5f-fde5-4a97-a3c2-c58aad106e7a,1381189391821
265,0.00127714,0.38825,0.0561941,0.146871,0.0574713,0.349936,1,Bug-2e188f5b-458a-4e02-98eb-432879378432,1371565027333
266,0.11976,0.0658683,0.239521,0.562874,0.00598802,0.00598802,3,Bug-17ce8335-c883-4a70-92e4-a10fb130f86a,1393446367916
267,0.0296296,0.0148148,0.433333,0.514815,0.0037037,0.0037037,3,Bug-dac82029-0be5-4b56-ae98-31554af2271e,1392919760454
268,0.0019685,0.417323,0.100394,0.023622,0.0019685,0.454724,5,Bug-e2065833-9de3-4a7f-bd74-d593eff99371,1392068758965
269,0.032646,0.721649,0.0171821,0.0343643,0.190722,0.00343643,1,Bug-d3d51baa-3669-4d68-b9b9-111cbf8889d9,1406745666382
270,0.0106383,0.0531915,0.12766,0.0638298,0.531915,0.212766,4,Bug-9a5d7a66-23d9-4b1a-b4f9-2c17b10f3f33,1389743042300
271,0.003367,0.515152,0.003367,0.026936,0.003367,0.447811,1,Bug-8c71b585-f55e-46dc-bb16-de0afac912d1,1376606407202
272,0.0769231,0.0769231,0.153846,0.538462,0.0769231,0.0769231,3,Bug-c499dc83-8e03-46c9-8e2f-c12fefe7582c,1406012966194
273,0.304348,0.0289855,0.405797,0.0144928,0.0144928,0.231884,2,Bug-6c5fb8f9-63d2-4538-acd5-7c0bd95e3a03,1407749823634
274,0.0576441,0.598997,0.00250627,0.00250627,0.258145,0.0802005,1,Bug-802bb6d8-f1a5-48e0-a7d8-2cfa22b538bc,1338838940719
275,0.00581395,0.0523256,0.0639535,0.0290698,0.00581395,0.843023,5,Bug-9afde13e-f916-440b-8d0f-eacb7b4bb31c,1385584280712
276,0.0345912,0.0503145,0.18239,0.330189,0.0786164,0.323899,3,Bug-75e4b8d8-3227-4537-950d-1ed925f633f2,1366050336565
277,0.041958,0.034965,0.347319,0.312354,0.261072,0.002331,2,Bug-6ba61afe-475d-40a7-965c-de485982bb97,1390420849269
278,0.0550162,0.0517799,0.229773,0.220065,0.440129,0.00323625,4,Bug-e4892732-d3e6-4e91-8d00-d7e984d2351a,1343935658872
279,0.0167364,0.284519,0.0125523,0.0878661,0.376569,0.221757,4,Bug-877287af-42b7-4f2b-ae2e-7670c4a14936,1399049796317
280,0.00515464,0.621134,0.00257732,0.00257732,0.188144,0.180412,1,Bug-c7c8a338-a35c-4e94-be78-5e4fa89b9396,1391130846100
281,0.00116959,0.244444,0.0596491,0.0748538,0.00116959,0.618713,5,Bug-053f24f5-9569-42dd-804f-b714100a9f21,1360075575328
282,0.00188679,0.420755,0.00943396,0.0943396,0.207547,0.266038,1,Bug-4d8f31e5-97c7-4727-89f7-389041940f30,1358221315721
283,0.00323625,0.482201,0.0291262,0.0582524,0.423948,0.00323625,1,Bug-5242c842-384d-45a4-994a-9d797f47cc4c,1379448427767
284,0.0232558,0.0664452,0.0365449,0.0398671,0.461794,0.372093,4,Bug-50c22bea-2c45-47ad-9add-41f652b898d2,1394739238308
285,0.399803,0.157947,0.0157947,0.148075,0.210267,0.0681145,0,Bug-9d3858f2-0aa7-4d8c-ae83-038ef10eeef0,1379377334093
286,0.649573,0.0717949,0.0769231,0.164103,0.0239316,0.0136752,0,Bug-0770cd3f-54c5-4dc1-863b-bbc94c49db33,1199896451879
287,0.187082,0.222717,0.191537,0.032294,0.0155902,0.35078,5,Bug-5b40dede-1e1c-470a-962b-2f55bfc0e109,1211362453245
288,0.0011976,0.438323,0.0922156,0.0658683,0.401198,0.0011976,1,Bug-47cabb96-e1da-4a19-8f84-c8e356984cb8,1390679512909
289,0.0931677,0.28882,0.0015528,0.0512422,0.343168,0.22205,4,Bug-47ea5e97-dbfb-4aba-95b7-b11ed6d21c20,1402624689717
290,0.0070922,0.035461,0.0283688,0.0070922,0.659574,0.262411,4,Bug-cabac1fb-fbe3-4b0d-b76a-8e84199310ef,1372658918830
291,0.158103,0.0316206,0.337945,0.343874,0.0988142,0.0296443,3,Bug-cdc9d983-2c92-427a-80e7-102ff8c05368,1356674746627
292,0.142857,0.142857,0.142857,0.285714,0.142857,0.142857,3,Bug-abbc9925-e7ac-41a9-811a-3f3cfb1ab9af,1391542702182
293,0.0657895,0.0131579,0.539474,0.355263,0.0131579,0.0131579,2,Bug-9d85b746-43ad-40b7-8e1a-367f55539f06,1406062997077
294,0.0588235,0.235294,0.176471,0.411765,0.0588235,0.0588235,3,Bug-34ceb911-eb79-485f-8070-bd232771fdbf,1207039580783
295,0.147059,0.161765,0.0882353,0.514706,0.0735294,0.0147059,3,Bug-d471813a-c8d0-44f7-a527-a02aefc843db,1384897497643
296,0.00590372,0.210263,0.0663034,0.123524,0.0672116,0.526794,5,Bug-751a8ea7-95f2-4ec9-830e-6d633a3a61e3,1393380261205
297,0.0465306,0.123265,0.0808163,0.044898,0.00489796,0.699592,5,Bug-1567c8a3-beda-4b6b-bbf5-9130c1478adf,1228872464941
298,0.00323625,0.559871,0.00323625,0.00323625,0.229773,0.200647,1,Bug-cee6e664-240a-411c-94c4-2eb92eef776a,1375307183396
299,0.0769231,0.0769231,0.153846,0.538462,0.0769231,0.0769231,3,Bug-2bd459f7-f6a9-44ac-80a0-8be5598f3bea,1407873104809
300,0.0149254,0.0149254,0.716418,0.223881,0.0149254,0.0149254,2,Bug-b4f9abcc-9876-4036-aae4-b7645f4d6898,1388383082186
301,0.116523,0.23639,0.168577,0.118911,0.00859599,0.351003,5,Bug-eadd9054-ed4c-439a-9f01-fdca8fb2ad13,1236412933600
302,0.00405515,0.0296026,0.106245,0.723844,0.0770479,0.0592052,3,Bug-d2ac1b48-9655-48c2-b959-8300fc514996,1408529075310
303,0.310345,0.0114943,0.37931,0.264368,0.0229885,0.0114943,2,Bug-50ea195f-71b1-4a7b-ad99-240bdc47d998,1385428250264
304,0.0136054,0.0952381,0.353741,0.183673,0.00680272,0.346939,2,Bug-cbfd4a0f-c692-44cb-9479-40bf1adfd2f5,1403287247826
305,0.1,0.1,0.3,0.3,0.1,0.1,2,Bug-4a438600-100d-4d9e-9533-bed4eb610e28,1337471116706
306,0.0472973,0.0878378,0.0135135,0.0472973,0.00675676,0.797297,5,Bug-8f848f94-5a79-4abf-8a9d-5a781c97171a,1390335291060
307,0.00363636,0.505455,0.00363636,0.00363636,0.152727,0.330909,1,Bug-ace88d0a-027d-40fd-ba38-3fbdbb9d8860,1409756057438
308,0.438697,0.247126,0.0498084,0.00191571,0.0977011,0.164751,0,Bug-20dfec55-ece1-4efd-b240-2d1a2d15e0fc,1369329373856
309,0.0141988,0.0831643,0.0933063,0.117647,0.0020284,0.689655,5,Bug-5b301fd6-72ba-4cf3-a8c5-8957d8bab375,1405464383006
310,0.111111,0.0185185,0.518519,0.259259,0.0185185,0.0740741,2,Bug-45de0f90-96db-4958-86c7-fdc0073040b7,1390575258839
311,0.00813008,0.097561,0.00813008,0.0162602,0.00813008,0.861789,5,Bug-b93b3ada-5ddb-46a6-81fe-a6ed756a3434,1365303022044
312,0.00621118,0.186335,0.00621118,0.0993789,0.00621118,0.695652,5,Bug-c06f8a36-c679-4eb4-a83a-2251533510bd,1276708941765
313,0.0153846,0.0769231,0.153846,0.646154,0.0923077,0.0153846,3,Bug-d54cb57f-531a-498f-acec-48c3333a3655,1283422753856
314,0.00178571,0.4875,0.00714286,0.0482143,0.00178571,0.453571,1,Bug-3d27f8cc-c372-4030-b4b6-1ade60146021,1343892520743
315,0.0754098,0.459016,0.00327869,0.0196721,0.209836,0.232787,1,Bug-eac00954-6a2f-4b97-b30d-20f78f19ec07,1407056946906
316,0.0221729,0.0310421,0.31929,0.385809,0.235033,0.00665188,3,Bug-ff033e17-5b26-4ad5-8172-93e19df4ccdc,1383755800931
317,0.0075188,0.0300752,0.0075188,0.0075188,0.503759,0.443609,4,Bug-5329a1e5-26f6-40c3-bde6-789752949947,1366983925639
318,0.136704,0.402622,0.0449438,0.0486891,0.365169,0.00187266,1,Bug-0482d5ac-2a18-4bb1-8d72-996305f1bc09,1384301652949
319,0.0334347,0.452888,0.0699088,0.0182371,0.419453,0.00607903,1,Bug-dc012510-8ba0-41d2-a53a-0df8c62eabf2,1337938395829
320,0.056338,0.0211268,0.28169,0.422535,0.00704225,0.211268,3,Bug-6f18667a-62b0-4641-a4dc-c8fd724a652f,1405117755383
321,0.0151515,0.0606061,0.636364,0.227273,0.0151515,0.0454545,2,Bug-fe1cc5f5-457f-4c04-975d-71408721b858,1373255981873
322,0.00254453,0.361323,0.00254453,0.00254453,0.496183,0.13486,4,Bug-223df8d6-1a48-4076-bef2-5737787ef1ae,1408569341981
323,0.0340633,0.510949,0.0389294,0.0997567,0.0656934,0.250608,1,Bug-2d0b27f6-ec96-47d3-a1bc-b7e9fcc66ba6,1405538409717
324,0.05,0.05,0.35,0.45,0.05,0.05,3,Bug-9b5de241-9a1e-4f02-ab76-3eac1cd9a7b7,1396581863488
325,0.0909091,0.0909091,0.272727,0.363636,0.0909091,0.0909091,3,Bug-8cdd028e-ec60-4cf9-acd9-61c57a5816cc,1406843803840
326,0.00367647,0.0698529,0.0772059,0.0183824,0.00367647,0.827206,5,Bug-f2ed454d-94b6-4683-9b61-c531687266d6,1364322710160
327,0.00304878,0.536585,0.0304878,0.00304878,0.228659,0.198171,1,Bug-601ed5f0-85ce-4294-a6f6-2117d2c52f7d,1409340544325
328,0.00666667,0.0733333,0.0666667,0.0733333,0.126667,0.653333,5,Bug-5b6baba7-0d3c-4071-a373-d639ff8aab53,1374704063593
329,0.0061665,0.422405,0.0143885,0.124358,0.12333,0.309353,1,Bug-e89de84e-e773-49f0-b77d-385fe4acc51f,1396996856713
330,0.0740741,0.0185185,0.333333,0.537037,0.0185185,0.0185185,3,Bug-eb3ffe03-17b1-4887-8679-0c65556fb378,1362684424131
331,0.333333,0.166667,0.0555556,0.277778,0.0555556,0.111111,0,Bug-1ff1c322-a6d3-4a53-ad47-769a47b0fdef,1238994150197
332,0.0769231,0.0769231,0.461538,0.230769,0.0769231,0.0769231,2,Bug-7f8ad14e-2688-4742-aae9-1c6cfe31ad57,1404839601176
333,0.0165692,0.226121,0.255361,0.0594542,0.402534,0.039961,4,Bug-b6fd2c8e-6405-405a-8330-18f9f66d9dee,1323475615660
334,0.707692,0.0153846,0.0615385,0.107692,0.0153846,0.0923077,0,Bug-f90d4d62-1948-480b-814c-1852ba060735,1403081161564
335,0.030303,0.548822,0.003367,0.023569,0.003367,0.390572,1,Bug-cc8e4975-d4ca-4174-8a84-2c1ee3ddac4c,1395693255377
336,0.047619,0.047619,0.0952381,0.619048,0.142857,0.047619,3,Bug-544b8ece-a142-4ef1-9d56-58f3f0d93d2e,1262342022745
337,0.1,0.1,0.1,0.5,0.1,0.1,3,Bug-07825fac-d20b-4e85-96d5-96bf5a4639a5,1379108954715
338,0.105263,0.0175439,0.22807,0.614035,0.0175439,0.0175439,3,Bug-6ac04c95-cdbd-4e5f-83c7-181d4aa1013f,1310592139690
339,0.03125,0.1875,0.4375,0.28125,0.03125,0.03125,2,Bug-691b6890-769c-4d2a-86d5-be032e02c80c,1382375397338
340,0.00187617,0.350844,0.131332,0.0619137,0.00187617,0.452158,5,Bug-688ff6d6-bba4-46f2-877e-cef31a98670a,1399412420529
341,0.00143885,0.365468,0.00431655,0.0402878,0.220144,0.368345,5,Bug-5d33e779-48d0-40a6-bbda-1103506b83f4,1376424246068
342,0.00357143,0.535714,0.00357143,0.0178571,0.00357143,0.435714,1,Bug-c67b5e77-3f30-4564-9c20-c4cc41b92d9d,1252089720029
343,0.0106762,0.482206,0.0142349,0.0177936,0.133452,0.341637,1,Bug-92934753-76ab-4498-85ab-c31dd056ce5a,1409340945225
344,0.02,0.5575,0.045,0.0025,0.285,0.09,1,Bug-ca229d24-6826-492d-95eb-36c11e4cb8f2,1394146801714
345,0.00757576,0.0606061,0.00757576,0.00757576,0.44697,0.469697,5,Bug-30a996b4-8022-4627-98ed-018bc22fda5e,1362436829525
346,0.192389,0.378436,0.137421,0.0338266,0.164905,0.0930233,1,Bug-377afb41-9db0-4e63-a2ba-63a0d32dcfb7,1330357023549
347,0.0151261,0.0756303,0.0504202,0.0554622,0.0537815,0.74958,5,Bug-5aa2bed1-d133-4bfd-b478-a1b65bbdcf00,1388193261587
348,0.0350318,0.490446,0.00318471,0.0382166,0.328025,0.105096,1,Bug-3723d9f1-8cc3-4e04-92c1-61f39e383354,1379626758104
349,0.02,0.06,0.24,0.58,0.09,0.01,3,Bug-e2a72cbb-02e0-4ce8-b5d6-fcbb73b05230,1389988635806
350,0.00568182,0.25,0.342803,0.155303,0.0208333,0.225379,2,Bug-12bc346b-68d0-485b-9532-b08c87324881,1405622980133
351,0.05,0.15,0.35,0.35,0.05,0.05,2,Bug-99918ac2-e319-4dec-be23-73ee7444edc8,1399620218202
352,0.0135135,0.0135135,0.608108,0.337838,0.0135135,0.0135135,2,Bug-0040d2d2-3178-466f-8403-9177eae179a0,1378312849540
353,0.00277778,0.486111,0.0972222,0.0805556,0.00277778,0.330556,1,Bug-a5c4b8ad-abfc-4922-8137-27576b3ba7c8,1393301517276
354,0.000840336,0.184874,0.00840336,0.0184874,0.0092437,0.778151,5,Bug-206a9925-d1d4-4486-9852-75889511f6a5,1224176601562
355,0.398281,0.0401146,0.0487106,0.0200573,0.275072,0.217765,0,Bug-57ff09f1-2c6b-4cb5-a981-84df2dfd8cb7,1402864680691
356,0.0031348,0.583072,0.0031348,0.0031348,0.404389,0.0031348,1,Bug-7ef5568f-d240-4f44-b7e8-51893e113091,1359570122603
357,0.0950413,0.400826,0.0123967,0.00413223,0.0661157,0.421488,5,Bug-f0f72970-b801-4056-82dd-ecab533d37d3,1380657763630
358,0.0483871,0.0483871,0.419355,0.403226,0.0322581,0.0483871,2,Bug-b0946200-0ad0-49b4-b782-b5ad2651c024,1349892570133
359,0.0833333,0.0833333,0.25,0.416667,0.0833333,0.0833333,3,Bug-1769aa70-6cb8-46d8-a8e8-d38ad1746ccc,1408670515762
360,0.0666667,0.0666667,0.333333,0.266667,0.2,0.0666667,2,Bug-d0e06a80-7437-4ed6-9bb0-471974dc5bf6,1359722078587
361,0.0153846,0.0153846,0.461538,0.4,0.0153846,0.0923077,2,Bug-e2e74ebd-f285-4382-860b-44c14942246e,1391146253019
362,0.00229885,0.395402,0.0206897,0.00229885,0.00229885,0.577011,5,Bug-6d4c4f8c-5765-4828-a0df-dd39a1958dd2,1368133970142
363,0.00390625,0.464844,0.00390625,0.00390625,0.238281,0.285156,1,Bug-22eb3dab-e948-4e6a-939b-4ea2bc4aba2b,1407270583307
364,0.0152905,0.486239,0.0397554,0.0519878,0.296636,0.110092,1,Bug-91a44b82-7991-44a7-81a7-4659fc895a5d,1401385960356
365,0.25,0.0833333,0.25,0.25,0.0833333,0.0833333,0,Bug-8bc23585-ea74-48de-8ffd-ce2feb70bc70,1376401249580
366,0.0172043,0.498925,0.0666667,0.139785,0.00215054,0.275269,1,Bug-04a21601-e935-4f17-b28d-606ffa5fe5ac,1398612236511
367,0.00769231,0.0153846,0.646154,0.276923,0.0153846,0.0384615,2,Bug-c4e337c7-a302-473a-835b-a4ad5406824c,1272914362007
368,0.03125,0.09375,0.25,0.53125,0.03125,0.0625,3,Bug-eb3a4e16-51a7-4c16-9967-5ce7c6ee4650,1409110865690
369,0.0163934,0.0163934,0.442623,0.459016,0.0491803,0.0163934,3,Bug-b26e059d-10ed-4329-a5eb-7ee6f682b484,1398842795912
370,0.844291,0.00692042,0.121107,0.0207612,0.00346021,0.00346021,0,Bug-6524d266-b270-487a-8e22-99b0d7d2a84d,1403547779521
371,0.888889,0.086629,0.0160075,0.00659134,0.00094162,0.00094162,0,Bug-be6d7403-9f23-4ee5-8cb9-c63066a3a156,1404536571944
372,0.037702,0.29623,0.105925,0.0789946,0.382406,0.0987433,4,Bug-27c21342-326b-4cff-9b72-5312ece86dd1,1397647815650
373,0.00716846,0.401434,0.0525687,0.217443,0.121864,0.199522,1,Bug-6e62deea-9892-49a7-b49c-f0ba49d7283e,1402508502369
374,0.0888889,0.111111,0.111111,0.644444,0.0222222,0.0222222,3,Bug-402a35c2-1550-42e2-a12f-f26dea1b9478,1396430839042
375,0.00617284,0.969136,0.00617284,0.00617284,0.00617284,0.00617284,1,Bug-39536124-fd18-43ac-9941-0ac57f599d4b,1139032470000
376,0.527778,0.0555556,0.148148,0.212963,0.037037,0.0185185,0,Bug-240e225f-e6c6-49e2-8860-cf8de8a6de47,1387250294699
377,0.0972053,0.0850547,0.0170109,0.0230863,0.17497,0.602673,5,Bug-54348840-3ad8-4606-b7ba-a07efb55ca03,1361197999033
378,0.0181818,0.0787879,0.00606061,0.115152,0.00606061,0.775758,5,Bug-7fd7fdaa-8b42-4252-8893-7731fedea741,1262990934271
379,0.00671141,0.0939597,0.00671141,0.0268456,0.543624,0.322148,4,Bug-83253d29-62a4-4c0b-b83c-6dda2becda46,1244246480539
380,0.0714286,0.0714286,0.142857,0.571429,0.0714286,0.0714286,3,Bug-8f25911b-260f-43a0-9b95-2794303c261a,1235646773769
381,0.00689655,0.0896552,0.0275862,0.131034,0.496552,0.248276,4,Bug-bc25ad15-f122-4f7e-b0de-6cf4125bfe53,1405652947167
382,0.0484496,0.306202,0.0387597,0.0348837,0.525194,0.0465116,4,Bug-90e4409b-5e35-4397-92d8-bfd12df4239b,1346263488812
383,0.0078125,0.0703125,0.0078125,0.0390625,0.0078125,0.867188,5,Bug-c71059b3-2262-4ccb-b354-630bf679805a,1384923759959
384,0.0625,0.3125,0.0625,0.1875,0.25,0.125,1,Bug-e624c867-e5ee-43b7-95d3-120a51424b3a,1403011947632
385,0.0121212,0.00606061,0.290909,0.678788,0.00606061,0.00606061,3,Bug-98908d52-fd48-4d2e-8c91-62bd7cae7359,1390553636623
386,0.142857,0.142857,0.142857,0.285714,0.142857,0.142857,3,Bug-4373ca2c-f168-4125-a49c-eded97b48758,1211542127426
387,0.109215,0.349829,0.139932,0.168942,0.0699659,0.162116,1,Bug-13aa9ade-5068-43d6-b9e2-c4432a0bb501,1346111264624
388,0.0581395,0.0116279,0.55814,0.27907,0.0813953,0.0116279,2,Bug-61b19f45-5e76-4518-bbaa-4f36398ad78c,1251239356621
389,0.00636943,0.11465,0.0254777,0.127389,0.00636943,0.719745,5,Bug-c0bac5dd-101e-42f4-b89f-36d913b5d4f4,1223310451803
390,0.0055788,0.435146,0.110181,0.131102,0.0446304,0.273361,1,Bug-9ddc22ce-4120-4e20-ba85-ef98a25c8269,1363199769278
391,0.0714286,0.0357143,0.392857,0.357143,0.0119048,0.130952,2,Bug-24ae08cd-00de-4d44-a49c-7a29bb35adee,1391498190065
392,0.0117647,0.0470588,0.2,0.717647,0.0117647,0.0117647,3,Bug-85365395-eb0f-4885-a4c0-b838bf595c6d,1391191590910
393,0.0588235,0.0588235,0.294118,0.470588,0.0588235,0.0588235,3,Bug-52c35741-2841-4d9b-87b3-87e20e33c83c,1253561395578
394,0.0133333,0.0666667,0.233333,0.64,0.04,0.00666667,3,Bug-734e63fd-0acd-4d18-807e-b06c3c9af472,1362164009089
395,0.0245747,0.0604915,0.170132,0.185255,0.302457,0.257089,4,Bug-79aba632-9fe3-4d52-8bcc-0b248b6416c4,1397759638057
396,0.104478,0.0149254,0.522388,0.283582,0.0149254,0.0597015,2,Bug-4c7e14f4-50cd-4872-8ecf-3dded4a5126e,1407501169284
397,0.0833333,0.0833333,0.416667,0.25,0.0833333,0.0833333,2,Bug-072aa720-dac5-4037-a1f6-dd5066a6a0d0,1374529608300
398,0.002331,0.347319,0.00699301,0.002331,0.027972,0.613054,5,Bug-ce0bd543-1bae-404b-bd2b-b7e247a879b0,1389348727455
399,0.125,0.125,0.125,0.375,0.125,0.125,3,Bug-516a9a3a-11c1-4410-8766-5a0ad2e4be67,1348685769261
400,0.00227273,0.427273,0.00227273,0.00227273,0.209091,0.356818,1,Bug-47798425-9f78-4e6b-b3f4-395be26c4ea9,1400619995126
401,0.00598802,0.0658683,0.0658683,0.0958084,0.538922,0.227545,4,Bug-0ae45d44-fde0-4277-8563-b784560889c4,1405443635675
402,0.0526316,0.0526316,0.421053,0.210526,0.210526,0.0526316,2,Bug-4a0a76a4-13cc-4705-8ca1-2fcb83476b96,1403322047123
403,0.25,0.0576923,0.596154,0.0192308,0.0576923,0.0192308,2,Bug-52b8a8ab-018d-4fd4-951a-ce3aa7a0d7dd,1381492743787
404,0.0909091,0.272727,0.363636,0.0909091,0.0909091,0.0909091,2,Bug-71d9af08-89d8-477c-82e1-732538a5f4d1,1407333441544
405,0.111111,0.111111,0.333333,0.222222,0.111111,0.111111,2,Bug-001a2a84-715f-4484-94b1-69425abcbaf5,1379749818756
406,0.00892857,0.0386905,0.303571,0.321429,0.00297619,0.324405,5,Bug-d06bf5e2-d4b5-4e42-ab75-375495bd5bba,1236210058799
407,0.111111,0.111111,0.222222,0.333333,0.111111,0.111111,3,Bug-91ed99ab-716f-4496-ae53-b4630f8c1442,1379080645549
408,0.0337838,0.130835,0.143735,0.0921376,0.15602,0.443489,5,Bug-aa249b41-a240-4234-9b09-7bec61888e13,1284967075663
409,0.0245536,0.604911,0.200893,0.158482,0.00669643,0.00446429,1,Bug-7826b47e-7d75-4d9d-af4a-2e03e80585ef,1379455325906
410,0.00531915,0.0531915,0.143617,0.244681,0.00531915,0.547872,5,Bug-b0f0919a-33f7-4111-824d-2bb3b77109c5,1250876200299
411,0.036379,0.177665,0.218274,0.334179,0.0219966,0.211506,3,Bug-0ceebbc5-d17b-49f4-baf6-c27e3600a9e7,1387420373658
412,0.00105374,0.328767,0.142255,0.0495258,0.33509,0.143309,4,Bug-95d6d3ae-7121-465c-b860-20a2ae25f840,1402953976083
413,0.0819912,0.0688141,0.0717423,0.0761347,0.0234261,0.677892,5,Bug-654c13df-864d-449e-8cd5-aa0b659bd552,1379444345469
414,0.25,0.25,0.125,0.125,0.125,0.125,0,Bug-17843504-61ae-474e-87fc-62d9a3359925,1381159616761
415,0.047619,0.238095,0.047619,0.285714,0.0952381,0.285714,3,Bug-0a6f1fa1-5d13-4a81-bf3e-35637569b00f,1370636948309
416,0.117207,0.0448878,0.216958,0.246883,0.00249377,0.371571,5,Bug-cbb4d00d-6db7-4224-8db3-5947bbc9e73c,1374504881924
417,0.00111607,0.412946,0.152902,0.0758929,0.00111607,0.356027,1,Bug-e4203841-e3c1-49d8-bc29-422ad47b178a,1246262106069
418,0.00121065,0.33293,0.0581114,0.0205811,0.512107,0.0750605,4,Bug-07ccc315-40bf-4b8d-b3b8-01855a8e5360,1290916739286
419,0.0192308,0.0769231,0.307692,0.423077,0.153846,0.0192308,3,Bug-4a0aa473-49dd-415e-ad20-23ced1c43e24,1387568143119
420,0.00833333,0.0666667,0.00833333,0.00833333,0.00833333,0.9,5,Bug-af8d55f9-1e35-4149-8494-00c480b7c1a3,1217970688804
421,0.00826446,0.165289,0.0578512,0.140496,0.322314,0.305785,4,Bug-f02b390c-47b8-4b48-9fd3-1dbbe1d6e490,1402512854999
422,0.0070922,0.0638298,0.035461,0.0070922,0.702128,0.184397,4,Bug-5dc8aa6f-3952-46c0-aacb-52c0e59a1255,1406658515638
423,0.000476417,0.140543,0.11434,0.12768,0.0200095,0.596951,5,Bug-d78378be-8a33-4b3c-b84b-3619547bf65c,1391560950482
424,0.0037594,0.522556,0.0037594,0.0037594,0.0037594,0.462406,1,Bug-fc179e87-d264-4e54-8b29-5c885998235e,1391092063974
425,0.00175439,0.478947,0.0789474,0.0824561,0.17193,0.185965,1,Bug-3561d302-ac9d-40a7-b704-c4942328400c,1405722356744
426,0.0619658,0.314103,0.190171,0.147436,0.226496,0.0598291,1,Bug-49888efd-6613-4744-9bc2-ea14ac9592bb,1253034180332
427,0.047619,0.52381,0.190476,0.0952381,0.047619,0.0952381,1,Bug-cfc99fce-94c2-44b3-bef5-0e0905509aad,1394092569156
428,0.0070922,0.0567376,0.0070922,0.035461,0.496454,0.397163,4,Bug-c139f08c-000d-4dca-9aa8-1ba98213a78c,1329145160790
429,0.0606061,0.181818,0.181818,0.424242,0.121212,0.030303,3,Bug-7564334d-6561-4524-bb09-9af649f183bd,1379668593816
430,0.282609,0.0434783,0.391304,0.152174,0.0434783,0.0869565,2,Bug-1648a167-f39b-465e-bc47-0d985bd0d295,1387131794242
431,0.1,0.1,0.4,0.1,0.1,0.2,2,Bug-1cd4d817-5e50-4a4f-b336-e47c270fa500,1404819526911
432,0.113413,0.270447,0.0817884,0.0687023,0.375136,0.0905125,4,Bug-60c8a273-6162-4e6c-a575-e5496f8cad86,1251743741846
433,0.0034965,0.48951,0.0034965,0.0454545,0.0034965,0.454545,1,Bug-d8af5684-7c5c-451c-8b8e-07efa0855a7b,1401491842802
434,0.014881,0.464286,0.0119048,0.0535714,0.116071,0.339286,1,Bug-3484736b-bd78-44c9-8a67-ec7bf21d68cb,1203525487694
435,0.0769231,0.0769231,0.230769,0.461538,0.0769231,0.0769231,3,Bug-0acce6fe-706f-4d70-a839-a8b5879a0cca,1382048020841
436,0.0134953,0.00134953,0.699055,0.268556,0.0161943,0.00134953,2,Bug-3b96ae2a-2fdf-4dc8-a92d-d56275e2b807,1406845358431
437,0.90137,0.00273973,0.0493151,0.0356164,0.00273973,0.00821918,0,Bug-c406e96d-6b5c-4a7d-89ad-fecd75794214,1253317542616
438,0.111111,0.111111,0.444444,0.111111,0.111111,0.111111,2,Bug-c650216d-c53e-4747-aa55-3f19d11d055a,1402416105442
439,0.00621118,0.202899,0.275362,0.151829,0.115942,0.247757,2,Bug-cc5aa9ab-19bb-4b3a-ac41-e0691bc30e5c,1385167119228
440,0.0265252,0.559682,0.00265252,0.00265252,0.00265252,0.405836,1,Bug-b9ffd69b-32eb-44f9-bfe4-10a41ca61c4c,1388690556471
441,0.00151286,0.240545,0.155825,0.149773,0.311649,0.140696,4,Bug-7f9680cc-3938-4415-9688-38504e2b901a,1240418995413
442,0.00378788,0.526515,0.00378788,0.00378788,0.00378788,0.458333,1,Bug-f160a04b-d06f-45e8-acf0-49fe8483a6de,1379010327746
443,0.0166852,0.374861,0.0956618,0.14238,0.36485,0.00556174,1,Bug-9d141a48-4c2f-4b27-9e6b-8b109ab65015,1358161596858
444,0.125,0.125,0.125,0.375,0.125,0.125,3,Bug-997b4ec5-efe8-4b1a-9b21-9f558c5cbc33,1395861776111
445,0.161087,0.761323,0.0456873,0.0291453,0.00236314,0.000393856,1,Bug-001b9a2b-b345-4a60-855d-70b139f448ea,1279373458575
446,0.238095,0.142857,0.285714,0.238095,0.047619,0.047619,2,Bug-3d260e33-8d28-40da-b25c-4a56322d54a3,1242776326389
447,0.0178218,0.0653465,0.0415842,0.132673,0.669307,0.0732673,4,Bug-5ea22099-7d12-48fa-a138-a6ddd3786640,1376074544663
448,0.00680272,0.0952381,0.00680272,0.00680272,0.22449,0.659864,5,Bug-c1a3227b-f136-4ba7-8256-c270e13c4ace,1362025046882
449,0.043578,0.493119,0.0412844,0.135321,0.116972,0.169725,1,Bug-e0f9ae80-2b66-49a7-911e-a2ecf8d511e5,1410464980933
450,0.00826446,0.115702,0.264463,0.140496,0.231405,0.239669,2,Bug-872df6e1-a698-4c4e-8525-42eefd44fd15,1245795940466
451,0.0135501,0.0352304,0.372629,0.338753,0.132791,0.107046,2,Bug-6ae718a7-ccc6-4fa1-8462-8159a688162f,1382104719871
452,0.248218,0.352621,0.0125786,0.0251572,0.249057,0.112369,1,Bug-739c3268-00e8-4e71-9bb1-f8f0d4bd0ccc,1201051986806
453,0.0606061,0.0578512,0.134986,0.680441,0.0606061,0.00550964,3,Bug-cdd0976e-71eb-45dc-9366-63fed2f90a58,1372307917371
454,0.00145349,0.300872,0.00145349,0.0276163,0.116279,0.552326,5,Bug-3f0a7a5e-3e0c-42d5-831e-a402ee77ad16,1409533890611
455,0.233503,0.258883,0.467005,0.00507614,0.0304569,0.00507614,2,Bug-9899858b-43fe-4574-9b2f-e8bf28248b59,1395316369437
456,0.0329341,0.42515,0.134731,0.00299401,0.0329341,0.371257,1,Bug-b0ba33b2-b71a-406c-a74c-9c9cf44fd427,1395797719264
457,0.136364,0.0227273,0.113636,0.613636,0.0909091,0.0227273,3,Bug-da6331ad-04d5-49d0-b745-ed384bdd1f40,1401752239804
458,0.166667,0.0238095,0.214286,0.547619,0.0238095,0.0238095,3,Bug-9d704fad-c017-41da-97ad-d1c3e647f4de,1391733492140
459,0.0843373,0.060241,0.385542,0.433735,0.0240964,0.0120482,3,Bug-0688d06d-7746-48dd-88d4-e24f01d28851,1407470489120
460,0.0017331,0.445407,0.0121317,0.0138648,0.211438,0.315425,1,Bug-29cd7746-52cd-4601-b00e-9667353843cb,1405517114053
461,0.1,0.1,0.1,0.4,0.2,0.1,3,Bug-eb43bec5-c3a9-4a33-9616-e8f5303e192c,1407875973146
462,0.15,0.15,0.35,0.25,0.05,0.05,2,Bug-fe4aa8af-5b32-46ed-9337-f98b804c71f0,1279750096147
463,0.0761905,0.51746,0.0031746,0.0031746,0.0031746,0.396825,1,Bug-9c25fce6-4f3b-4018-bb25-60254a7be39e,1328208636090
464,0.0549242,0.359848,0.0189394,0.0965909,0.0625,0.407197,5,Bug-cab6b19c-46ad-4355-a776-99ca68ba900b,1381883096299
465,0.0571429,0.0857143,0.371429,0.428571,0.0285714,0.0285714,3,Bug-c2f81031-36d9-43f3-a474-30846fd086a6,1255887679717
466,0.111111,0.222222,0.111111,0.111111,0.111111,0.333333,5,Bug-fb1cfdab-d486-4d0e-90a1-573aa65ff332,1397397633268
467,0.0026178,0.065445,0.0235602,0.026178,0.0026178,0.879581,5,Bug-351c7fdf-883e-4f97-bb10-43d04af82499,1386805112657
468,0.0826772,0.185039,0.0314961,0.283465,0.251969,0.165354,3,Bug-ff513be6-3fc6-45b8-ab53-8e23a22eab23,1328819382303
469,0.0882353,0.835294,0.00588235,0.0588235,0.00588235,0.00588235,1,Bug-b41faed0-7587-4aa9-90aa-b7ecad22b678,1328570509770
470,0.142857,0.142857,0.142857,0.142857,0.142857,0.285714,5,Bug-e970a2d1-cd84-4ee5-88e6-c96da7334194,1409187232800
471,0.0161681,0.337914,0.0428456,0.047696,0.0816492,0.473727,5,Bug-bf19c278-e70e-42dc-9799-ec0886c741ce,1226039850443
472,0.169219,0.179173,0.12098,0.246554,0.0290965,0.254977,5,Bug-a78aa41c-06b8-4fdf-964d-8379860b8eb7,1186449165219
473,0.014218,0.0663507,0.07109,0.255924,0.00473934,0.587678,5,Bug-a12e4385-0d97-4150-9627-79f1dafba99a,1384822931560
474,0.230769,0.0769231,0.461538,0.153846,0.0384615,0.0384615,2,Bug-b4cfdcb2-8bb7-4acd-8b4b-2653af0f32c2,1204862088545
475,0.0185185,0.0555556,0.277778,0.555556,0.0185185,0.0740741,3,Bug-f15e3aab-ba3f-4daf-95be-c31a8f3e80c9,1399062251099
476,0.032967,0.010989,0.131868,0.758242,0.010989,0.0549451,3,Bug-bc3d4b35-e80c-443b-b02b-a7465b6d9357,1349741526590
477,0.0070922,0.0638298,0.0070922,0.0070922,0.503546,0.411348,4,Bug-41f8aabf-fe93-4d75-b1af-e735d1c692eb,1405273262654
478,0.0454545,0.0454545,0.772727,0.0454545,0.0454545,0.0454545,2,Bug-97195149-85df-433d-ae6e-71354543aff1,1380145400182
479,0.00287356,0.494253,0.045977,0.0488506,0.229885,0.178161,1,Bug-5aeebbcd-5bc3-4f58-9960-e60bd6e6542f,1393866097750
480,0.0622642,0.311321,0.0377358,0.254717,0.332075,0.00188679,4,Bug-150f2a22-10e6-4371-b86c-d3ef7fab9eac,1362585075212
481,0.111111,0.111111,0.111111,0.222222,0.333333,0.111111,4,Bug-5da572f4-cbe7-4379-b6bc-bb5380f6734d,1387261778585
482,0.0227273,0.0227273,0.431818,0.477273,0.0227273,0.0227273,3,Bug-37217dd5-4d5f-4811-94b1-05458d1437d9,1390477054613
483,0.00298507,0.591045,0.00298507,0.00298507,0.0208955,0.379104,1,Bug-62f42e0a-aaf5-47ba-9f2f-d79283544f7f,1384181312613
484,0.00968523,0.355932,0.0677966,0.0871671,0.377724,0.101695,4,Bug-3dffc802-4390-4dee-928e-5683a6e52424,1367272377590
485,0.324324,0.0810811,0.0135135,0.5,0.0675676,0.0135135,3,Bug-7ef27f52-b88b-45f7-8ef2-4bdf2a3a64d7,1403040953923
486,0.0689655,0.0689655,0.275862,0.310345,0.241379,0.0344828,3,Bug-1dcb38bd-275e-44a0-a163-76f58cd52076,1368209436637
487,0.142857,0.142857,0.142857,0.285714,0.142857,0.142857,3,Bug-efc5648f-52ee-442a-97db-c7b7f6c8f475,1278061390628
488,0.142857,0.142857,0.142857,0.285714,0.142857,0.142857,3,Bug-1b535012-5189-4cc8-9480-98225360fdbc,1392418522367
489,0.0243902,0.317073,0.317073,0.292683,0.0243902,0.0243902,1,Bug-b421d662-0178-4328-929a-9d69a0fa5cc0,1392998009928
490,0.0673575,0.129534,0.124352,0.264249,0.388601,0.0259067,4,Bug-f49f0fed-f51a-43e2-ac62-7c4ebfd1ea9b,1372546342953
491,0.0916667,0.616667,0.025,0.15,0.108333,0.00833333,1,Bug-09b38947-b367-4872-b49c-7e38a8e52ee6,1369419363905
492,0.1,0.1,0.4,0.2,0.1,0.1,2,Bug-81fcff37-57d7-49f8-9ef6-8a4e048c103b,1375420190498
493,0.00537634,0.801075,0.0806452,0.00537634,0.0752688,0.0322581,1,Bug-021d24e7-8e8b-489a-8d73-44243bc2a1b1,1261606252318
494,0.0078125,0.953125,0.0078125,0.0078125,0.0078125,0.015625,1,Bug-b572f57f-9ee5-4119-9f0a-12aad3997054,1393301204412
495,0.00118483,0.735782,0.00118483,0.00473934,0.00118483,0.255924,1,Bug-7098f065-c9fe-44db-aff5-bbe7d3b3f6aa,1160180314000
496,0.71875,0.015625,0.125,0.09375,0.015625,0.03125,0,Bug-57834d6a-dfc8-4db4-8482-2b918ef6bdbd,1240554870505
497,0.00766284,0.532567,0.0383142,0.00383142,0.00383142,0.413793,1,Bug-b45379a2-efcc-4d5a-91d2-48a4c32d7e64,1395704539843
498,0.142857,0.142857,0.285714,0.142857,0.142857,0.142857,2,Bug-7c00bf38-22de-4c86-a497-a379bd1c84d9,1403546453826
499,0.00746269,0.0597015,0.00746269,0.00746269,0.402985,0.514925,5,Bug-e69ead98-89e0-437a-8e09-9f63325b7ce4,1245783414330
500,0.037931,0.489655,0.00344828,0.00344828,0.462069,0.00344828,1,Bug-0475d690-cc39-41b5-b7f8-92b157196f02,1345501344055
501,0.103448,0.091954,0.37931,0.310345,0.0344828,0.0804598,2,Bug-b43f4df9-833f-4741-a726-78a64a45e59c,1222299624534
502,0.0669578,0.0378457,0.170306,0.157205,0.0218341,0.545852,5,Bug-524be325-5a7b-4947-87e4-a9ba83741901,1368852455137
503,0.0104167,0.135417,0.177083,0.0104167,0.0104167,0.65625,5,Bug-486969c6-80e4-4673-bcc6-1f77c0f54c24,1383939420447
504,0.1,0.0125,0.1125,0.6625,0.1,0.0125,3,Bug-752fba0a-27f0-477a-85e7-32019b51965d,1239818940416
505,0.0909091,0.0909091,0.0909091,0.454545,0.181818,0.0909091,3,Bug-8b2feb13-0c85-41f8-99ee-ba93e29a0e0b,1381448468440
506,0.142857,0.142857,0.142857,0.142857,0.142857,0.285714,5,Bug-a419202d-39b8-4a74-b419-3cebd0bc33fa,1347813108878
507,0.0243243,0.0486486,0.0027027,0.027027,0.840541,0.0567568,4,Bug-83e2bae5-152b-4885-86c1-83bac58bf337,1331444685616
508,0.40411,0.00684932,0.232877,0.315068,0.0205479,0.0205479,0,Bug-987b354e-46c9-4f16-acd7-d6302a604b77,1397858996161
509,0.0538827,0.275753,0.0602219,0.114105,0.0538827,0.442155,5,Bug-78538dd2-2284-4d1c-a8ab-ea2bb33a756b,1195829694210
510,0.0498812,0.356295,0.00712589,0.0023753,0.546318,0.0380048,4,Bug-d2e08481-3baa-4b51-89b7-ebc9db5026df,1387120041285
511,0.00543478,0.220109,0.126812,0.133152,0.000452899,0.51404,5,Bug-1cbc14b8-5e78-4069-9d9b-7e88a1f864d9,1388406719703
512,0.27023,0.523385,0.0155902,0.0445434,0.00074239,0.145509,1,Bug-35d180ce-fd83-4983-826a-06ff61508c75,1390392323089
513,0.105634,0.028169,0.422535,0.232394,0.147887,0.0633803,2,Bug-d55be1ed-c595-42bf-9443-684e420b072d,1406051079749
514,0.00155763,0.428349,0.185358,0.0794393,0.158879,0.146417,1,Bug-84e07215-0178-4b98-89d0-836ffc0bdad0,1404872833853
515,0.25,0.0673077,0.173077,0.365385,0.00961538,0.134615,3,Bug-61f6684c-40ee-4dec-8fd4-71f99e8cdfaf,1325702579843
516,0.199461,0.571429,0.0943396,0.0997305,0.032345,0.00269542,1,Bug-136a894d-e351-4c5c-b4d9-d1a80304913d,1389398558989
517,0.245283,0.0188679,0.132075,0.54717,0.0188679,0.0377358,3,Bug-e9ffb80f-0b67-4901-8011-32cc8f541dc6,1397406561176
518,0.0492958,0.295775,0.00234742,0.0117371,0.321596,0.319249,4,Bug-60c09063-901a-437b-a814-6357bc2364d0,1398734189695
519,0.190476,0.142857,0.285714,0.285714,0.047619,0.047619,2,Bug-b8c4f3ed-3a62-4e15-801d-17291e09f218,1409869762157
520,0.0577164,0.414053,0.0577164,0.18946,0.143036,0.138018,1,Bug-4e8b9555-24a2-40fb-9569-7d75c6d91e4e,1372861639398
521,0.0564516,0.641129,0.0322581,0.104839,0.16129,0.00403226,1,Bug-eb0689f4-a4c1-4dc0-b9a2-e3eeea85be65,1340835116108
522,0.019943,0.438746,0.034188,0.00854701,0.495726,0.002849,4,Bug-51fe347a-6c4b-467f-b254-c7c212e6ee71,1408297510735
523,0.142857,0.285714,0.142857,0.142857,0.142857,0.142857,1,Bug-ce202397-17ba-456b-8564-cbc0d7eecd7d,1351119979332
524,0.0623946,0.350759,0.0860034,0.0489039,0.0202361,0.431703,5,Bug-79d875f9-5652-4bff-90fb-27b8c1908a1e,1395449425768
525,0.109244,0.0336134,0.554622,0.285714,0.00840336,0.00840336,2,Bug-f6923fad-f1cc-4945-81fc-d3c0978037a0,1403632598205
526,0.0494297,0.307985,0.145754,0.141952,0.186312,0.168568,1,Bug-1a33dc8a-4562-44f4-9332-b12039032244,1233878359081
527,0.0612245,0.52551,0.00255102,0.0586735,0.318878,0.0331633,1,Bug-ec0f4a7a-10f3-4b5f-92b0-bbdd02352ece,1401228665699
528,0.0203562,0.414758,0.0610687,0.109415,0.0687023,0.3257,1,Bug-54ab0254-4448-4fd4-983f-d69357e26fe2,1406055383880
529,0.000992063,0.202381,0.0853175,0.106151,0.564484,0.0406746,4,Bug-68f79225-ba04-42fd-8c41-9f536746a0ae,1259787440383
530,0.0415094,0.0377358,0.289308,0.396226,0.142138,0.0930818,3,Bug-6a64281a-465b-4536-94f5-494166ac264a,1398196814874
531,0.00295858,0.579882,0.056213,0.0828402,0.00295858,0.275148,1,Bug-000cdf8d-457b-496a-a63c-623d408903f2,1198020044854
532,0.113208,0.0188679,0.528302,0.301887,0.0188679,0.0188679,2,Bug-27285db1-b197-4ba1-9101-08f6866d96b5,1409084508231
533,0.210526,0.0526316,0.421053,0.210526,0.0526316,0.0526316,2,Bug-6b134b4d-e8e2-4a1b-bfb9-8544f74a4ada,1229466608548
534,0.0025974,0.0779221,0.327273,0.101299,0.0025974,0.488312,5,Bug-e4ba0998-f5a3-4c9d-8674-21e6bf9169ca,1362143240826
535,0.00846024,0.568528,0.00338409,0.0338409,0.0203046,0.365482,1,Bug-e1ccd8f9-1367-4d46-afbd-040bd2c8da46,1393602864936
536,0.0769231,0.230769,0.0769231,0.461538,0.0769231,0.0769231,3,Bug-f297f906-21dc-47d8-a1e6-74bed4874aa9,1387295621252
537,0.00280899,0.0617978,0.233146,0.168539,0.179775,0.353933,5,Bug-3192402c-7f1a-46c0-81ab-b2b71829d972,1374097745827
538,0.0294118,0.0294118,0.117647,0.764706,0.0294118,0.0294118,3,Bug-46d353a5-1d07-4cbf-8b02-6f8b7167dd86,1272493403698
539,0.0219479,0.336077,0.104252,0.0603567,0.00137174,0.475995,5,Bug-73123b32-654c-4675-8fbd-b1820c410355,1349900406834
540,0.0075,0.365,0.19,0.0625,0.3725,0.0025,4,Bug-39344bde-5f36-4756-ba9c-21eda9d54b15,1404825721346
541,0.00297619,0.47619,0.0505952,0.0297619,0.190476,0.25,1,Bug-2c41467c-9f41-403a-ae1e-92e383240d5b,1407279159776
542,0.0555556,0.107639,0.121528,0.0520833,0.510417,0.152778,4,Bug-b68740fd-437f-42d8-82b8-6b847fdb079e,1404463426827
543,0.25,0.125,0.25,0.125,0.125,0.125,0,Bug-162a3739-fef6-4825-996c-46159b763db2,1264935953631
544,0.0150892,0.0864198,0.0919067,0.146776,0.0411523,0.618656,5,Bug-e9aaaec6-efca-46ed-912c-42574bf4d9c2,1395856148890
545,0.0429688,0.417969,0.0273438,0.00390625,0.425781,0.0820312,4,Bug-6d53dde7-4657-491f-a97e-21c6da7beb16,1379103270552
546,0.2,0.1,0.2,0.3,0.1,0.1,3,Bug-71e5d315-5446-4830-8749-7125e7fb402f,1181067405391
547,0.125,0.25,0.125,0.125,0.125,0.25,1,Bug-ded933c2-aa8a-4679-8bd2-5404e60a9857,1350588534440
548,0.197568,0.0121581,0.474164,0.306991,0.00607903,0.00303951,2,Bug-f07dc3fc-3021-4bd7-80eb-a4aa462c90a2,1402336873561
549,0.00369004,0.431734,0.00369004,0.0811808,0.0258303,0.453875,5,Bug-60459252-7a75-4275-bc68-e12875d4e35a,1396030849569
550,0.0182815,0.491773,0.00182815,0.0164534,0.182815,0.288848,1,Bug-0bc01aef-7307-4606-8693-69f92ae49124,1407935738005
551,0.00288184,0.475504,0.0345821,0.115274,0.00288184,0.368876,1,Bug-0a5658a0-285c-4a12-9a4c-804270bb4341,1359644864565
552,0.00714286,0.0785714,0.0142857,0.00714286,0.571429,0.321429,4,Bug-f20867d0-7b73-4c68-9ec7-44b8102e3b2f,1377712859362
553,0.173913,0.0434783,0.130435,0.565217,0.0434783,0.0434783,3,Bug-dcdef6d5-dfee-440b-af1f-50dd1674c876,1312544775331
554,0.56391,0.0526316,0.18797,0.105263,0.0827068,0.0075188,0,Bug-42a34116-f49a-4aea-91aa-adc72b63289c,1401491206480
555,0.0731707,0.217886,0.130081,0.110569,0.401626,0.0666667,4,Bug-f0f70d84-1804-4b6a-a44b-6a0581ac5ea9,1291150222974
556,0.25,0.05,0.15,0.35,0.15,0.05,3,Bug-eb233c31-42a1-4d38-9fec-092a2521e10b,1362510429422
557,0.00226757,0.421769,0.22449,0.0249433,0.00226757,0.324263,1,Bug-199b2cc3-6d15-4baa-8f1a-d885f7520e7b,1329514813273
558,0.00214133,0.379015,0.0663812,0.0192719,0.122056,0.411135,5,Bug-50a1fcc3-6c65-4f8e-8f85-36966dd686f8,1354199072957
559,0.0480591,0.118299,0.0665434,0.131238,0.00739372,0.628466,5,Bug-5bc903a0-1a25-4bff-8ce2-3f8f0be13d82,1409536084469
560,0.0188679,0.0188679,0.396226,0.528302,0.0188679,0.0188679,3,Bug-a764a120-bdb2-4b9c-ad05-6f492e0ab050,1392940877743
561,0.0015674,0.697492,0.039185,0.0846395,0.137931,0.039185,1,Bug-1595f693-c9d2-4301-a894-ca206436a0b9,1390429862476
562,0.000786782,0.0527144,0.108576,0.136113,0.211644,0.490165,5,Bug-41a3ad86-6d15-48fb-9ed9-b0fbd1a2e9e3,1407803801151
563,0.307087,0.0492126,0.566929,0.0629921,0.0019685,0.011811,2,Bug-3bd170a7-1c21-4d87-8146-c0a18e6315bf,1235688190432
564,0.047619,0.047619,0.047619,0.619048,0.190476,0.047619,3,Bug-97413ae3-e24e-495e-b2d6-525242a3a250,1340907276493
565,0.1,0.1,0.5,0.1,0.1,0.1,2,Bug-6dd0d5a5-f6d2-4149-90c5-3860a10866cd,1389222387541
566,0.0367578,0.817154,0.000942507,0.000942507,0.000942507,0.143261,1,Bug-a4428c56-b00d-4633-b1de-e3d2d8922343,1337936198978
567,0.0625,0.0625,0.375,0.25,0.1875,0.0625,2,Bug-b5dbba08-453d-44f6-8836-6d3c2ec4ce35,1410928113529
568,0.00641026,0.0448718,0.384615,0.115385,0.00641026,0.442308,5,Bug-3402234d-bf15-439d-91e9-3c6918cc4f3a,1342738481882
569,0.125,0.125,0.25,0.25,0.125,0.125,2,Bug-020b59ed-5663-4196-a6b4-a9c93c07474f,1381179707806
570,0.00169779,0.307301,0.0645161,0.0322581,0.0424448,0.551783,5,Bug-2b4c3b13-5dc4-4e7f-bbf8-02c711bafd84,1401769949425
571,0.125,0.125,0.375,0.125,0.125,0.125,2,Bug-32225770-61bd-4ee4-b2ba-7cb28781067d,1386264330372
572,0.0027248,0.569482,0.0490463,0.0463215,0.0027248,0.3297,1,Bug-fbb127fc-aecc-47e3-9b4a-f9c2b4750664,1352936412478
573,0.125,0.125,0.25,0.125,0.125,0.25,2,Bug-db85f35e-08e9-452a-9587-55e2a2979860,1397193247397
574,0.0526316,0.0526316,0.421053,0.368421,0.0526316,0.0526316,2,Bug-234cbd97-54ff-45fd-9a50-6c7fa6d71116,1232668030942
575,0.0139276,0.487465,0.0696379,0.0752089,0.00278552,0.350975,1,Bug-68759942-c88a-46f4-bac9-b934be1e2e17,1288757185213
576,0.0123457,0.0493827,0.299824,0.566138,0.0617284,0.010582,3,Bug-8ec12caa-980d-4ccf-bde4-ccc2edbe0878,1393306952929
577,0.0285714,0.0285714,0.657143,0.228571,0.0285714,0.0285714,2,Bug-d65f14fa-6dfd-4598-a89c-2bff9a8134e8,1336628641089
578,0.00337838,0.449324,0.0439189,0.0371622,0.00337838,0.462838,5,Bug-7f737428-6556-463d-b05d-81773d437474,1409681086530
579,0.0441176,0.517647,0.0205882,0.0147059,0.335294,0.0676471,1,Bug-ca557ac1-e544-4d84-a465-acffef07ce30,1397652929423
580,0.137255,0.0980392,0.19281,0.297386,0.160131,0.114379,3,Bug-60475d1f-8469-42c1-817c-539155cdc81e,1405443882191
581,0.312012,0.176287,0.0327613,0.049922,0.0218409,0.407176,5,Bug-953dbd9e-05d3-4782-9c9f-caa854a66399,1379717674246
582,0.0271116,0.213764,0.247132,0.10219,0.0260688,0.383733,5,Bug-14f8d02e-c32e-4c14-be02-3dec0aef2da1,1275392766514
583,0.00207469,0.319502,0.0622407,0.0518672,0.161826,0.40249,5,Bug-5a24c969-ef2f-4704-8c2e-f4a9492eb138,1406669762464
584,0.0662651,0.493976,0.0120482,0.0783133,0.00301205,0.346386,1,Bug-33390016-f0d7-4028-b6a7-6a4eb50ec6ce,1379709924096
585,0.000735835,0.188374,0.0927152,0.0691685,0.118469,0.530537,5,Bug-f245590a-52b2-4f6e-a4d0-0e3cd2235db9,1389749560652
586,0.00891266,0.308378,0.0552585,0.0730838,0.0106952,0.543672,5,Bug-cece13f3-1a70-435e-ae99-081f0528c035,1399065017380
587,0.0237154,0.252964,0.106719,0.0869565,0.268775,0.26087,4,Bug-3b8b1fcd-4c08-4646-98f9-88c9a4953c0b,1405408800817
588,0.00263158,0.221053,0.113158,0.0236842,0.00263158,0.636842,5,Bug-90473400-c87d-4241-aacb-97085ff98172,1372704750786
589,0.635922,0.038835,0.0873786,0.213592,0.0194175,0.00485437,0,Bug-450d423e-2844-4af7-8cea-926016646b17,1390976529916
590,0.00228311,0.431507,0.00228311,0.00228311,0.0707763,0.490868,5,Bug-b1ecf544-9df1-48ee-9aa7-7ec89bfd2b59,1408998636275
591,0.0471204,0.366492,0.249564,0.102967,0.225131,0.008726,1,Bug-af4f886a-15f7-4590-912b-18fc6b605bdd,1358522906034
592,0.0769231,0.0769231,0.230769,0.461538,0.0769231,0.0769231,3,Bug-7a04864d-c2df-4e3c-a22e-37adfe37c1f7,1407807054604
593,0.00578035,0.0404624,0.121387,0.0924855,0.734104,0.00578035,4,Bug-491e8733-ccb4-4891-ac59-bc7502cf86de,1380824859773
594,0.24,0.0666667,0.44,0.173333,0.0666667,0.0133333,2,Bug-6e8f4161-4d6c-4ace-91ad-2952c2e75a51,1402515418428
595,0.0864198,0.0444444,0.37284,0.476543,0.00246914,0.017284,3,Bug-7caf6a31-ef47-4a3c-8e11-19b7dedfacdd,1345908770445
596,0.101695,0.40678,0.00338983,0.00338983,0.352542,0.132203,1,Bug-61e523fe-d79f-4155-8aa2-8c453808f898,1369156668680
597,0.2,0.0333333,0.5,0.2,0.0333333,0.0333333,2,Bug-29aaaa4e-2add-4b80-9767-9eb2a5d90468,1406936607293
598,0.0271186,0.0915254,0.00338983,0.105085,0.00338983,0.769492,5,Bug-35c6a1ac-a9ab-4264-9d6e-d073285292e3,1397587682982
599,0.00625,0.0875,0.00625,0.00625,0.00625,0.8875,5,Bug-42c52f9b-513f-4770-8bbd-e144287f6b97,1370914325203
600,0.125,0.125,0.375,0.125,0.125,0.125,2,Bug-c067c6b4-7a08-4fd1-afd2-ff1416f4d98b,1374169075085
601,0.0971039,0.422487,0.107325,0.180579,0.153322,0.0391823,1,Bug-5d560ff7-474f-4aa8-9974-7c745cd98660,1402415601389
602,0.104126,0.0805501,0.0412574,0.277014,0.353635,0.143418,4,Bug-52c8a9c0-2a33-4794-ba76-8044e9d0cf6c,1396987949882
603,0.0925926,0.00925926,0.537037,0.259259,0.00925926,0.0925926,2,Bug-db3c811d-8d77-43e5-8f8c-60588ac7a5ca,1401750040181
604,0.00246914,0.365432,0.00246914,0.00246914,0.530864,0.0962963,4,Bug-72fe825c-d2e6-42b1-9cc7-9db59f775c8b,1234537524362
605,0.0884615,0.569231,0.219231,0.115385,0.00384615,0.00384615,1,Bug-75a440f0-1e47-4b69-850e-5321e1c9e268,1358955186401
606,0.0462963,0.0787037,0.0416667,0.203704,0.388889,0.240741,4,Bug-574583dc-fb5b-4c0f-a2b6-78bbca2c43ef,1377557537565
607,0.00316456,0.525316,0.0981013,0.00316456,0.00949367,0.360759,1,Bug-4a60f563-158f-422c-8077-aba4f08c2741,1377846546909
608,0.495536,0.102679,0.200893,0.191964,0.00446429,0.00446429,0,Bug-73fbdc46-5350-49f0-991f-855ffbfb3a99,1375042678868
609,0.0154867,0.39823,0.0353982,0.0176991,0.00221239,0.530973,5,Bug-b5d286a3-d5b8-465b-88a4-3a23031827f4,1145402209000
610,0.00174216,0.313589,0.0487805,0.0121951,0.0783972,0.545296,5,Bug-6633ce3e-5e5c-4eaf-b9ad-1da09df1173b,1409570278295
611,0.0803629,0.39663,0.095269,0.169799,0.0103694,0.24757,1,Bug-02550052-5c67-434d-94f8-08c3cb4abe4b,1376927603557
612,0.0178571,0.0178571,0.464286,0.464286,0.0178571,0.0178571,2,Bug-68d1c55f-a519-4f13-96d9-18e8ea8be6a5,1347600257353
613,0.00257732,0.0953608,0.0206186,0.0309278,0.252577,0.597938,5,Bug-0df19f9e-8b20-445e-8fc2-7eda533c7b5f,1248313987499
614,0.00653595,0.901961,0.0588235,0.00653595,0.0130719,0.0130719,1,Bug-786c96b3-a603-4bf7-80e0-1b773b71d784,1388697439266
615,0.033419,0.580977,0.00257069,0.00257069,0.177378,0.203085,1,Bug-aa87a2e6-f7a3-41b9-a1ed-4c38a32db817,1381334796658
616,0.525878,0.11183,0.160813,0.0462107,0.131238,0.0240296,0,Bug-add2699f-9607-40f4-87fe-14cff78fe9ff,1405538092028
617,0.00106045,0.159067,0.171792,0.0604454,0.00106045,0.606575,5,Bug-64742cee-758c-4394-b78a-26cc71a49d10,1357767954219
618,0.0013947,0.570432,0.0181311,0.0181311,0.0585774,0.333333,1,Bug-7aafcc4a-c807-4445-896f-b3d31251e6a9,1388105976389
619,0.0383142,0.0727969,0.0498084,0.0114943,0.00383142,0.823755,5,Bug-bc55ee71-f7ac-4e75-88c9-90e3006940b8,1394508114280
620,0.00463499,0.441483,0.247972,0.0289687,0.164542,0.112399,1,Bug-ec82bb25-1e25-467e-9b35-9c4b455715e7,1188445647734
621,0.00160256,0.334936,0.179487,0.0945513,0.00160256,0.387821,5,Bug-3416ea50-1208-4e49-9f93-d7d2c9eb658a,1376349778168
622,0.0588235,0.0588235,0.470588,0.294118,0.0588235,0.0588235,2,Bug-191c2e66-80c1-4990-9e89-ebbaaec4aec6,1249650387592
623,0.00138122,0.252762,0.111878,0.106354,0.0303867,0.497238,5,Bug-77511af2-70a2-4479-a671-1a3868ab0ff4,1405985035643
624,0.373247,0.469256,0.0409924,0.10356,0.00107875,0.0118662,1,Bug-f95f2dcb-0988-411e-916f-9d5a7d5c272d,1371767452156
625,0.0816568,0.115976,0.107692,0.095858,0.415385,0.183432,4,Bug-61801808-8803-4c18-945d-cdd46684a794,1410244154319
626,0.111111,0.111111,0.111111,0.444444,0.111111,0.111111,3,Bug-d9f29a1f-e4bd-47e4-8600-9c30c203eec6,1380362326462
627,0.37064,0.0508721,0.194767,0.0130814,0.00290698,0.367733,0,Bug-a0e165de-95e2-42fe-a093-9337f2289af9,1392651006651
628,0.00628931,0.106918,0.106918,0.0566038,0.00628931,0.716981,5,Bug-a1b91ee3-5e52-48bb-8c15-80549537c776,1369080484489
629,0.0833333,0.0833333,0.5,0.0833333,0.166667,0.0833333,2,Bug-2b093d27-500d-4516-8e08-6eab96f31069,1349734099256
630,0.106346,0.337907,0.108062,0.0360206,0.00171527,0.409949,5,Bug-0c711448-ad42-4d66-87bc-52167988db49,1381208165117
631,0.00166113,0.303987,0.0332226,0.00166113,0.16113,0.498339,5,Bug-1b764f75-24c9-414d-a5ab-890c6155f836,1257453764278
632,0.195122,0.0121951,0.292683,0.426829,0.0609756,0.0121951,3,Bug-59ad9793-cddd-4dcc-a492-945c2bf6d234,1377909016050
633,0.00217391,0.347826,0.0195652,0.0108696,0.00217391,0.617391,5,Bug-9bf6776d-a94c-4534-b374-8de2c9a19c33,1284007338275
634,0.0116279,0.906977,0.0116279,0.0116279,0.0465116,0.0116279,1,Bug-4b78274d-483b-4d91-a4cf-390436c3b590,1385587093482
635,0.0954545,0.322727,0.00454545,0.00454545,0.372727,0.2,4,Bug-eabc290e-90b3-44f6-94e7-66d55fc07a8b,1375313655564
636,0.113801,0.0308717,0.234867,0.322639,0.279661,0.0181598,3,Bug-579378ce-fcf5-4f1b-9aaa-ce210aafcf89,1409702178045
637,0.00377358,0.0716981,0.00377358,0.00377358,0.509434,0.407547,4,Bug-3e0d6bfb-54b8-4025-9fa8-2cf91c134fbb,1374801765104
638,0.0320856,0.0481283,0.026738,0.347594,0.433155,0.112299,4,Bug-001c2d10-4730-48a3-9188-3435fb31076d,1390944482142
639,0.0711462,0.624506,0.114625,0.162055,0.0237154,0.00395257,1,Bug-5b2802a9-ec42-465c-97a7-e2fc0fa0d128,1406139455301
640,0.0536913,0.033557,0.208054,0.624161,0.0469799,0.033557,3,Bug-b7b8cf90-e90e-46f0-8889-fcaf82972afd,1394072394262
641,0.00224215,0.484305,0.103139,0.127803,0.00224215,0.280269,1,Bug-ae678f95-e085-4635-a1f9-8e42318fda7c,1409253567294
642,0.0761905,0.0285714,0.32381,0.371429,0.0190476,0.180952,3,Bug-6cd76849-78f3-4b0a-9eec-690ed0c31e80,1391166688270
643,0.00729927,0.0875912,0.0145985,0.00729927,0.554745,0.328467,4,Bug-29100c33-edd2-4851-bded-fe022407b569,1380314255527
644,0.125,0.125,0.125,0.375,0.125,0.125,3,Bug-939005c2-ae44-4cb4-9e52-86ccb8abca16,1363799406474
645,0.111111,0.111111,0.111111,0.444444,0.111111,0.111111,3,Bug-c5cf5334-725c-411b-a655-55af5e8f8d68,1379946279257
646,0.262376,0.0148515,0.336634,0.376238,0.0049505,0.0049505,3,Bug-bcf036de-96f0-43d9-9f47-8ddf923b01f9,1405466282211
647,0.013567,0.256642,0.149802,0.110797,0.0819672,0.387224,5,Bug-725e68b7-2681-4279-9307-25a8753923e1,1383604899061
648,0.0625,0.0625,0.625,0.125,0.0625,0.0625,2,Bug-f859a132-234e-4ab5-9d3e-251583496ac6,1352283578845
649,0.0352423,0.0726872,0.286344,0.378855,0.151982,0.0748899,3,Bug-35436dcd-266f-4f75-9776-5427bd3fd155,1405457998819
650,0.0726744,0.398256,0.0755814,0.369186,0.0813953,0.00290698,1,Bug-949ab894-2b58-4d7b-9db6-fc5ab575cb5a,1394408638003
651,0.00101937,0.205912,0.00815494,0.0448522,0.00101937,0.739042,5,Bug-2b6887a6-5af1-4a4d-8152-2ee002da027a,1409947954278
652,0.00342466,0.0787671,0.0205479,0.00342466,0.356164,0.537671,5,Bug-71d8bce0-3fab-47e1-befd-2abf781b6607,1351289055994
653,0.0011655,0.210956,0.0128205,0.0198135,0.520979,0.234266,4,Bug-d92744eb-0cd9-4438-bbc9-cfdf758a6827,1401836002325
654,0.0588235,0.0588235,0.529412,0.117647,0.176471,0.0588235,2,Bug-ae34b46d-ff17-4336-85ec-bf3a97a074b7,1403093497499
655,0.013289,0.0664452,0.0863787,0.0730897,0.00332226,0.757475,5,Bug-b67b9521-c085-456a-bfd3-0bfe5ea966c9,1214232961170
656,0.0128617,0.5209,0.00321543,0.0128617,0.257235,0.192926,1,Bug-d07d1e0c-40b2-43d9-85b4-aea0466e32fe,1393306612845
657,0.0407332,0.0610998,0.130346,0.228106,0.409369,0.130346,4,Bug-56288d36-8417-4b17-9859-f0bd1dc91902,1377868293668
658,0.0128205,0.025641,0.0897436,0.730769,0.0128205,0.128205,3,Bug-52e0ba0e-6186-425d-87bc-f2edc7793818,1371847416029
659,0.0465632,0.0798226,0.210643,0.37694,0.283814,0.00221729,3,Bug-1f9fdd00-00c2-4e6c-b67f-927d24bfc631,1382665607769
660,0.00238095,0.32619,0.0380952,0.0214286,0.00238095,0.609524,5,Bug-a3170d4e-d393-4b7c-84dc-8457239da6e1,1359058848133
661,0.00740741,0.0888889,0.17037,0.159259,0.551852,0.0222222,4,Bug-bd96eeae-04d5-4b1a-9b67-b30361c44e07,1395704644427
662,0.0380048,0.453682,0.149644,0.0308789,0.213777,0.114014,1,Bug-e753242f-b6bd-4c85-91e0-d6627c59201e,1354058298689
663,0.03125,0.484375,0.110795,0.171875,0.109375,0.0923295,1,Bug-03c2d8bb-c692-44ca-b2ae-d326b05d6ba8,1366926811108
664,0.00229358,0.658257,0.016055,0.0229358,0.00229358,0.298165,1,Bug-c80a7d8e-573a-4b67-a44c-6e83b83749a7,1403832375145
665,0.05,0.5825,0.0225,0.055,0.0025,0.2875,1,Bug-17b87b87-96af-4a19-845e-eaf67f73420c,1359645546928
666,0.295758,0.253333,0.162424,0.12,0.10303,0.0654545,0,Bug-dd1bbafa-b128-4825-9ab4-ca1870a71cb4,1402610187983
667,0.0134409,0.350358,0.180108,0.139785,0.0188172,0.297491,1,Bug-d3dfaaa9-26b1-4d66-9b82-e1cd09f3ada2,1375718476720
668,0.00152905,0.058104,0.00152905,0.00152905,0.600917,0.336391,4,Bug-ed7affc0-fd31-49de-bf67-cc6f3e86a039,1367349357618
669,0.0155763,0.285047,0.0794393,0.247664,0.00155763,0.370717,5,Bug-b3231079-e393-43d2-a81d-8c0306f287e8,1405720815238
670,0.03,0.43,0.0533333,0.0466667,0.393333,0.0466667,1,Bug-f24933c1-4167-4a45-9318-36fe8d83956a,1394417494102
671,0.0714286,0.0714286,0.5,0.214286,0.0714286,0.0714286,2,Bug-68ebfbb2-6bab-4180-ab7f-703163cd5621,1234468572390
672,0.00268097,0.434316,0.158177,0.0321716,0.198391,0.174263,1,Bug-877f63c8-b989-4af3-9e58-1bf8045442c3,1379709941836
673,0.0937167,0.378062,0.112886,0.14803,0.248136,0.0191693,1,Bug-501a4393-949d-45ba-ba0e-4bd8bd15fbc7,1406899896300
674,0.30869,0.686122,0.00129702,0.00129702,0.00129702,0.00129702,1,Bug-3852d183-b915-4e75-8c9f-b24c1a857f0d,1229642917764
675,0.125,0.0416667,0.458333,0.208333,0.125,0.0416667,2,Bug-0bea22d3-6fac-42bc-9a48-f89dab50606e,1257881095514
676,0.0495868,0.0826446,0.256198,0.578512,0.0165289,0.0165289,3,Bug-7e41a8a1-34cc-4d78-a1a9-9265bc327105,1406930534784
677,0.0942792,0.6,0.017849,0.0494279,0.0187643,0.21968,1,Bug-09af2d8d-d896-4823-be44-967dc4e3fba5,1236578522558
678,0.1,0.1,0.5,0.1,0.1,0.1,2,Bug-961db75a-f1f6-4aa3-96c9-9edd8672e7c2,1390409007710
679,0.101655,0.326241,0.0189125,0.146572,0.404255,0.00236407,4,Bug-ec4666d5-0bcf-4117-ae3a-1a09f01388cc,1228411899748
680,0.0602837,0.432624,0.0283688,0.0177305,0.191489,0.269504,1,Bug-eb523258-8a2d-4688-9692-31fd7a8633ad,1343927606091
681,0.0162095,0.311721,0.0224439,0.0411471,0.00124688,0.607232,5,Bug-3013917d-8915-4bc5-a9b3-3e844fe4f5b0,1375402591805
682,0.0914454,0.522124,0.00294985,0.00589971,0.0265487,0.351032,1,Bug-3a0115d9-f804-4791-b11e-368ed33727cc,1405448877188
683,0.0755814,0.0891473,0.213178,0.0658915,0.405039,0.151163,4,Bug-713047b7-f1c2-4f5d-b61a-5fdfd938f480,1366919766726
684,0.142857,0.142857,0.285714,0.142857,0.142857,0.142857,2,Bug-36659f9d-c937-4842-98c6-0f8d49d45bc7,1400735888761
685,0.0111857,0.340045,0.0514541,0.12528,0.33557,0.136465,1,Bug-24dcf436-3aec-425f-afe8-9dc34d657877,1363134793978
686,0.281588,0.108303,0.180505,0.397112,0.0252708,0.00722022,3,Bug-289f7506-a7ef-42ee-9eeb-fe8574ce5568,1316670972283
687,0.00449775,0.0389805,0.206897,0.361319,0.0389805,0.349325,3,Bug-1455f5dc-7af2-44d8-ac55-a60be9ac4b74,1401389223107
688,0.00154083,0.305085,0.0107858,0.0955316,0.217257,0.3698,5,Bug-debe21fd-b794-468f-8884-0681c8487fa5,1377522805927
689,0.492611,0.192118,0.142857,0.118227,0.00492611,0.0492611,0,Bug-ebd7370f-f431-4983-a765-f8cb01ab9d2f,1344251308208
690,0.027027,0.0135135,0.662162,0.27027,0.0135135,0.0135135,2,Bug-92c28d7e-dbcf-4da8-825c-aa6bc56e1261,1384835194148
691,0.00289855,0.524638,0.00289855,0.00289855,0.457971,0.00869565,1,Bug-980cd93b-7c0c-4eae-8301-d9335b60d85d,1407959333368
692,0.00361664,0.0266727,0.327758,0.382007,0.127034,0.132911,3,Bug-b0b8f51c-d3c4-4d34-b81e-c59e56743cbc,1245136355851
693,0.0222222,0.111111,0.577778,0.133333,0.0666667,0.0888889,2,Bug-21300922-c082-4071-a7b1-3c8927d85c46,1353525780949
694,0.0842391,0.326087,0.1875,0.0163043,0.383152,0.00271739,4,Bug-933fab64-475c-46fe-90a1-be41681c0eee,1406140737989
695,0.792115,0.00358423,0.132616,0.0645161,0.00358423,0.00358423,0,Bug-2073742b-0cc9-487a-b874-c0a7e4d62395,1390526377803
696,0.111111,0.244444,0.253704,0.1,0.235185,0.0555556,2,Bug-1a0b6075-0392-4d1f-ad46-5d810af11315,1390417929093
697,0.0909091,0.0909091,0.272727,0.363636,0.0909091,0.0909091,3,Bug-3f5b785d-418e-4c46-a085-5f28d73ac3fe,1399921997486
698,0.138211,0.654472,0.097561,0.0894309,0.00406504,0.0162602,1,Bug-20664ed0-c44e-48e7-9def-6d82ff495917,1305229824286
699,0.047619,0.15873,0.619048,0.015873,0.015873,0.142857,2,Bug-44a37834-2e46-40e5-9fdf-6f2024125c0b,1400339888330
700,0.0052356,0.827225,0.0052356,0.13089,0.0052356,0.026178,1,Bug-3ef2f585-f28b-4ae9-9dd5-97111bc3f47a,1375132101788
701,0.030303,0.003367,0.299663,0.653199,0.00673401,0.00673401,3,Bug-cad7922c-715d-4838-82f7-e21f7cbe6c27,1390249367503
702,0.011257,0.260788,0.0825516,0.185741,0.000938086,0.458724,5,Bug-1fe65661-d24b-4654-b6e2-77fc33157444,1376591172557
703,0.00510204,0.27551,0.00510204,0.0357143,0.668367,0.0102041,4,Bug-3704eb5f-31f4-45cb-a672-fc55549170d2,1377843843014
704,0.208319,0.121131,0.191348,0.16772,0.0562396,0.255241,5,Bug-abbe91cc-f603-4c1f-b4dd-cdea0a9c4cde,1200355080549
705,0.00268097,0.0616622,0.00268097,0.00268097,0.00268097,0.927614,5,Bug-cbf64309-95cc-4c7c-ada1-49c40c532163,1392965054972
706,0.00769231,0.0615385,0.00769231,0.00769231,0.523077,0.392308,4,Bug-5f548b41-ec2d-4c37-839a-960a1088205b,1389624464930
707,0.166667,0.0833333,0.0833333,0.416667,0.166667,0.0833333,3,Bug-58239074-c33d-443c-a8e9-d6f427b7ef5e,1275380074195
708,0.00290698,0.0639535,0.0436047,0.0639535,0.223837,0.601744,5,Bug-c37e464d-df0e-4c6d-9d6e-bfb4f1289a1d,1386029490284
709,0.0159151,0.0981432,0.132626,0.0450928,0.00265252,0.70557,5,Bug-fc8f37fa-7294-449f-ad51-f9e56e3b0036,1407814394080
710,0.0294737,0.315789,0.176842,0.162105,0.284211,0.0315789,1,Bug-626c9b4e-f2de-49ef-95b0-fa3e277b4833,1400194587727
711,0.0018622,0.275605,0.027933,0.00372439,0.543762,0.147114,4,Bug-ec05c80a-e987-419f-afa3-b0e89ae301b0,1398184490491
712,0.00487805,0.0536585,0.185366,0.0682927,0.536585,0.15122,4,Bug-ec414f54-84e9-4832-b1fa-ca9bae864884,1373305614256
713,0.0176056,0.299296,0.0211268,0.0492958,0.126761,0.485915,5,Bug-160a7617-7410-46be-aed7-f0609f258291,1390976309580
714,0.105263,0.0526316,0.473684,0.263158,0.0526316,0.0526316,2,Bug-30659a35-8a4b-431a-beae-4fdb6db01801,1361382862038
715,0.0815085,0.261557,0.06691,0.0997567,0.485401,0.00486618,4,Bug-91d4d79f-ccac-45c1-9bb6-30780c8ed24b,1238527816725
716,0.568421,0.0105263,0.0842105,0.221053,0.0631579,0.0526316,0,Bug-dd980f39-b19c-4b67-ad54-92ab7a27502c,1348145922227
717,0.00234192,0.423888,0.00234192,0.00234192,0.00234192,0.566745,5,Bug-ec2d9e2c-a00f-456e-b79e-c04d1190dc41,1392170675969
718,0.0833333,0.0833333,0.25,0.333333,0.166667,0.0833333,3,Bug-0d0ce0b4-26d7-443c-aec8-7e0580ce2b83,1202144372179
719,0.00250627,0.0601504,0.00250627,0.0150376,0.629073,0.290727,4,Bug-d717fe16-418e-40d6-96d4-437e6df8d20f,1377804658962
720,0.0414747,0.410138,0.0322581,0.00460829,0.00460829,0.506912,5,Bug-0d4913f8-32bd-4abe-9a60-26e910b572e2,1404812614877
721,0.00363636,0.509091,0.00363636,0.0181818,0.305455,0.16,1,Bug-c57f7cee-5ca9-49d5-aa59-eba9894cb856,1348604868322
722,0.00355872,0.0676157,0.0106762,0.0284698,0.619217,0.270463,4,Bug-969b13df-9438-4ca9-aef1-995fd64a00d1,1366204059703
723,0.59375,0.1875,0.125,0.03125,0.03125,0.03125,0,Bug-5cab344b-f055-421d-9159-47c1c9be1938,1390858732483
724,0.0909091,0.0151515,0.621212,0.0909091,0.166667,0.0151515,2,Bug-67807ae7-40b5-405d-a465-48af70443176,1382540187896
725,0.2,0.0333333,0.2,0.3,0.233333,0.0333333,3,Bug-4ca75231-3549-45ec-b05f-c3e7f6eb3874,1278541536062
726,0.00194175,0.380583,0.0330097,0.0213592,0.0970874,0.466019,5,Bug-7c3e5bb9-8612-4a1c-8ae3-43279fce21b6,1397173366676
727,0.0388889,0.325926,0.0444444,0.0944444,0.37037,0.125926,4,Bug-a6d16252-fa02-4308-9c03-4a05bfd5f729,1405474279478
728,0.0588235,0.411765,0.0588235,0.0588235,0.235294,0.176471,1,Bug-2042f497-c597-431f-9658-216a4f44c586,1329516739021
729,0.00315457,0.44795,0.0347003,0.0157729,0.479495,0.0189274,4,Bug-43b0728d-724d-4026-9826-2d3274b14ab5,1366114092076
730,0.00740741,0.037037,0.00740741,0.00740741,0.785185,0.155556,4,Bug-c96bc199-e099-4dfc-bc7c-8313c0f0f8e5,1404719416502
731,0.142857,0.032967,0.395604,0.395604,0.010989,0.021978,2,Bug-4d5cf28c-b635-429c-9e9c-c0c9088e6e76,1392320717540
732,0.0333333,0.0333333,0.633333,0.233333,0.0333333,0.0333333,2,Bug-09fd3016-bd78-4d27-9672-d59c5cc00cb3,1347322567245
733,0.0671642,0.0447761,0.19403,0.395522,0.171642,0.126866,3,Bug-50ebd77f-4b8d-4edc-be9d-c9d95064e20c,1390599706752
734,0.045584,0.0683761,0.0712251,0.441595,0.356125,0.017094,3,Bug-d5035f97-b8f3-4a68-bdaa-c804b7d98499,1234583457973
735,0.123711,0.0412371,0.546392,0.206186,0.0103093,0.0721649,2,Bug-2edd112f-ba03-4a63-9507-ed0463b50b47,1377858291364
736,0.00515464,0.0412371,0.170103,0.226804,0.314433,0.242268,4,Bug-75ab1ff2-aeab-4133-b177-3b0638135042,1390066444964
737,0.015625,0.046875,0.28125,0.625,0.015625,0.015625,3,Bug-82a076c2-728d-4997-84d0-b055ed81a6a6,1391191069976
738,0.0804124,0.608247,0.00618557,0.00206186,0.270103,0.0329897,1,Bug-a9ab865f-7f31-4bdb-ab2f-68532876bb3d,1378370872568
739,0.00169779,0.310696,0.0458404,0.00848896,0.00169779,0.631579,5,Bug-e5975771-496d-4b2f-a2b2-3faaf786ddbb,1367065357545
740,0.0344828,0.0344828,0.655172,0.172414,0.0344828,0.0689655,2,Bug-2bb9bb8f-cfba-4181-af61-3aab51e795ee,1376425634704
741,0.0991736,0.0330579,0.214876,0.636364,0.00826446,0.00826446,3,Bug-e030fde4-aa28-42bc-a884-5f262f7b178c,1359063028859
742,0.265306,0.0204082,0.346939,0.183673,0.0204082,0.163265,2,Bug-296f863b-2bde-44d9-aa5a-35401c501926,1206728079321
743,0.045203,0.0857934,0.156827,0.321956,0.293358,0.0968635,3,Bug-46604c09-e6e2-491b-a1ce-b40f9fb7f8ac,1391721962908
744,0.0022779,0.341686,0.113895,0.0159453,0.0022779,0.523918,5,Bug-a624f1d2-85e8-481b-a530-7d7c0a64b6af,1384562484601
745,0.607843,0.027451,0.0352941,0.235294,0.054902,0.0392157,0,Bug-e804e24b-c0c9-4f5a-9060-44f70f0959e5,1395451780778
746,0.00826446,0.121212,0.00275482,0.0110193,0.482094,0.374656,4,Bug-49e1da0e-eb65-4bb8-95ae-cb28b6339f92,1243365471384
747,0.00687285,0.0618557,0.0206186,0.0171821,0.656357,0.237113,4,Bug-79d4a0b0-53c2-4739-8841-6fa0d76155df,1380927740919
748,0.0288462,0.163462,0.326923,0.403846,0.0673077,0.00961538,3,Bug-fc79f02d-c716-4464-bfa2-515a6c2137de,1376788238544
749,0.0188679,0.150943,0.358491,0.245283,0.207547,0.0188679,2,Bug-a59da10c-561f-4031-bdd0-eb62ea7792c1,1377643985360
750,0.0183486,0.0619266,0.00688073,0.043578,0.541284,0.327982,4,Bug-cba8f8fa-64cf-4128-b70a-b532621d0ec9,1396993416619
751,0.00233645,0.408879,0.00700935,0.00233645,0.00233645,0.577103,5,Bug-bbf4674d-2ee2-4df1-a2f3-77c91c21c732,1402818614617
752,0.013289,0.329734,0.0548173,0.0398671,0.0141196,0.548173,5,Bug-312825dd-61f4-4f61-8697-b2400c9b52e3,1399496469065
753,0.0277778,0.0555556,0.333333,0.5,0.0555556,0.0277778,3,Bug-4d3a6869-977c-430b-8065-0ac61b2537e0,1243023975134
754,0.00485437,0.786408,0.169903,0.0291262,0.00485437,0.00485437,1,Bug-b987d054-747d-4108-85a8-d55f1ddc9b2a,1394297450508
755,0.1,0.1,0.4,0.2,0.1,0.1,2,Bug-44163bd3-8842-494f-be12-b93c1ca451de,1398976728307
756,0.0286976,0.311258,0.0419426,0.0573951,0.00220751,0.558499,5,Bug-b6f8beb3-3d5b-4976-a0ee-4d8eabb13077,1359391218935
757,0.101562,0.0390625,0.460938,0.25,0.09375,0.0546875,2,Bug-3d602031-eb80-486f-8048-63016e51dc9d,1355272894302
758,0.507865,0.0988764,0.0966292,0.289888,0.00224719,0.00449438,0,Bug-96e2c7ce-566a-4243-b5f2-3f3d55226a23,1370737279060
759,0.1,0.1,0.3,0.3,0.1,0.1,2,Bug-b0341747-aceb-4c44-9841-98b47ecfed87,1394480665857
760,0.0021322,0.41791,0.0298507,0.0021322,0.183369,0.364606,1,Bug-93026d24-6161-4c3b-8ddb-9f7d9fc23798,1374833339129
761,0.137931,0.0344828,0.37931,0.37931,0.0344828,0.0344828,2,Bug-9e15b7d6-4096-4e87-a26a-c52c4bccb4fb,1382781495409
762,0.0607143,0.414286,0.00357143,0.05,0.467857,0.00357143,4,Bug-f11365bd-3f32-4b85-a108-34935b8d9cf3,1342049220104
763,0.00578035,0.0520231,0.121387,0.0462428,0.768786,0.00578035,4,Bug-296522fb-dc0c-440b-b951-cae2cc097b54,1377704067483
764,0.0804769,0.071535,0.247392,0.104322,0.412817,0.0834575,4,Bug-4acf6f82-a1c6-4eed-9c43-29b3a0013ae5,1233958147695
765,0.003663,0.435897,0.00732601,0.018315,0.443223,0.0915751,4,Bug-032796d6-28e6-49b5-8f04-56a283ec388b,1398117318992
766,0.00225734,0.444695,0.0361174,0.00902935,0.0293454,0.478555,5,Bug-50ac537d-f39e-4790-bb84-ee3469c41e67,1377206177611
767,0.000925069,0.334875,0.13691,0.0962072,0.000925069,0.430157,5,Bug-67e41aa2-5a7b-4f14-a981-97e148f32751,1398795792663
768,0.00131234,0.354331,0.124672,0.0787402,0.328084,0.112861,1,Bug-86a10aa5-8819-4e85-a069-d81a0b6b05c3,1376008018547
769,0.1,0.1,0.1,0.5,0.1,0.1,3,Bug-b5948b17-6c56-40c3-b175-2b5b01476177,1247095842037
770,0.03125,0.03125,0.75,0.03125,0.03125,0.125,2,Bug-6c11948e-49a1-472a-8aae-b92033753143,1278452987840
771,0.00384615,0.694872,0.0166667,0.0705128,0.00128205,0.212821,1,Bug-5982cda0-99f3-4041-bcd7-cdfd977f2ea1,1409052471605
772,0.0570342,0.224335,0.0646388,0.0570342,0.547529,0.0494297,4,Bug-eb9a9c37-6fc8-4d71-afdb-2a53ecc7279e,1375205875900
773,0.25,0.25,0.125,0.125,0.125,0.125,0,Bug-16979bd8-2499-4fc0-b464-88e42ca23798,1374534186331
774,0.0333333,0.0333333,0.3,0.4,0.2,0.0333333,3,Bug-26d6a2fe-b69b-4bbe-ab4c-26f3262a0943,1368131586267
775,0.00699301,0.048951,0.013986,0.00699301,0.461538,0.461538,4,Bug-508d0e1e-f972-44f6-99bb-b9626bb99941,1386052412013
776,0.164948,0.0206186,0.597938,0.0824742,0.0103093,0.123711,2,Bug-66fa3610-860b-496e-8a01-8138f46dac34,1325701384607
777,0.00319489,0.0702875,0.121406,0.00638978,0.0734824,0.72524,5,Bug-cc1b217e-143d-446f-8aeb-cc8d8fd0638d,1383253805987
778,0.0115607,0.529865,0.017341,0.00192678,0.017341,0.421965,1,Bug-8c49aa1d-40d7-4c6f-a432-dc26f08d76b8,1352433648319
779,0.0291611,0.265141,0.192463,0.08524,0.311799,0.116196,4,Bug-619ad34b-2a57-431c-8e5a-5e0dc1bc5826,1363539245296
780,0.00164204,0.444992,0.0640394,0.0574713,0.0788177,0.353038,1,Bug-787b697f-1847-4833-9602-3515fa2418be,1344561442599
781,0.00343643,0.556701,0.00343643,0.00343643,0.00343643,0.429553,1,Bug-bb73015f-e8b6-4627-aca4-29cea2520a86,1349449755269
782,0.278947,0.00526316,0.3,0.389474,0.0210526,0.00526316,3,Bug-90abe8da-7051-4756-aa1e-afb6f3145007,1347483625127
783,0.185185,0.232593,0.268148,0.0918519,0.00444444,0.217778,2,Bug-7f50a467-ace0-4f1d-9721-d98ae5f11884,1358189753490
784,0.00230415,0.412442,0.016129,0.00230415,0.0852535,0.481567,5,Bug-10465a89-6c6b-46cf-a36f-291d30d1cb21,1374007367807
785,0.0211082,0.28584,0.148637,0.208443,0.0105541,0.325418,5,Bug-7cb0a07b-f76f-44f3-b6d1-c7b0b9bfb5a6,1387481042916
786,0.00240385,0.0600962,0.0480769,0.0408654,0.00721154,0.841346,5,Bug-839c2ce6-534d-4d6a-b265-414df31d7b01,1345555300334
787,0.00135685,0.263229,0.0502035,0.0257802,0.00135685,0.658073,5,Bug-ed702ed5-acab-4ecd-86f2-0c3447be01f9,1244449577437
788,0.00684932,0.116438,0.349315,0.458904,0.00684932,0.0616438,3,Bug-8b9793a8-77d2-4dde-bd68-39eb1f18003b,1204945369459
789,0.0381679,0.0687023,0.557252,0.320611,0.00763359,0.00763359,2,Bug-494bdcea-af70-4777-b4a4-e9b151286c03,1404126245131
790,0.00163666,0.268412,0.0392799,0.0605565,0.494272,0.135843,4,Bug-bb2c0f2d-47b7-4f4e-ab11-23aebbce97bb,1394241226530
791,0.153846,0.0769231,0.0769231,0.384615,0.0769231,0.230769,3,Bug-39cbc641-7d90-418d-ba17-b7ab8fd1c3df,1409689954701
792,0.00367647,0.485294,0.00367647,0.00367647,0.5,0.00367647,4,Bug-db9d9e41-ada5-4f90-b401-0ecd160de1ce,1402821877789
793,0.05,0.0666667,0.366667,0.433333,0.0333333,0.05,3,Bug-e2b5c14d-a31c-4ad8-af2d-b5231cf978b7,1386174021651
794,0.888372,0.00465116,0.0930233,0.00465116,0.00465116,0.00465116,0,Bug-81cd85db-443a-467e-94af-c5b276e0aacc,1279773307807
795,0.00884956,0.495575,0.0619469,0.0973451,0.00884956,0.327434,1,Bug-ee8b9d97-35bf-4d09-bf51-0bd5a4264dea,1409095165840
796,0.00746269,0.0447761,0.00746269,0.00746269,0.5,0.432836,4,Bug-37f3e0eb-db80-4dbd-a96b-60e95c015beb,1398948334834
797,0.00211416,0.05074,0.0866808,0.270613,0.587738,0.00211416,4,Bug-148b0ea6-123e-4741-8ed8-ba0ea385189c,1347649347405
798,0.115942,0.0434783,0.0869565,0.652174,0.0869565,0.0144928,3,Bug-9b5e9ec4-3b28-4391-bbd4-b1a817c34d5f,1402822512664
799,0.0025,0.3475,0.21,0.075,0.0025,0.3625,5,Bug-090b2e21-44f7-4481-b878-72433f5f3cce,1406624552234
800,0.04,0.04,0.04,0.56,0.28,0.04,3,Bug-b61bb982-d775-492d-81c9-c19de5362d5b,1398621866200
801,0.0666667,0.0666667,0.0666667,0.666667,0.0666667,0.0666667,3,Bug-ca451a7d-47d6-46d1-ba11-33ffcf021542,1404456180244
802,0.00330033,0.610561,0.00330033,0.00330033,0.00330033,0.376238,1,Bug-3670c5c0-cad2-4738-b758-07bcc1b1d011,1367064944457
803,0.00762389,0.364676,0.177891,0.101652,0.0965693,0.251588,1,Bug-906966da-af83-4873-af71-2f247d8ff7c0,1374605829160
804,0.0666667,0.0666667,0.666667,0.0666667,0.0666667,0.0666667,2,Bug-f5955bd9-1d6d-4339-b574-68690ef1e2b6,1364454835883
805,0.0333333,0.0333333,0.433333,0.433333,0.0333333,0.0333333,2,Bug-7098a2fb-d1b2-4e78-972d-cf994a0b5137,1409338082526
806,0.0570919,0.64496,0.0205174,0.000892061,0.236396,0.0401427,1,Bug-257472ef-dd57-49c9-9197-385e6a7c2747,1409360328255
807,0.00286533,0.541547,0.00286533,0.025788,0.275072,0.151862,1,Bug-dd9dd189-f545-4369-af55-fcaa18927412,1379455914793
808,0.00696864,0.533101,0.00348432,0.0383275,0.00348432,0.414634,1,Bug-6e9dbe2f-40e2-4f99-9a26-af35afeadfe4,1387592955010
809,0.0537313,0.402985,0.0134328,0.10597,0.3,0.123881,1,Bug-991948c0-bae8-4ca9-81e4-5931ca50f065,1409689574954
810,0.00302115,0.634441,0.00302115,0.00302115,0.00302115,0.353474,1,Bug-ecc3243a-e185-4309-a959-2b29448e7fb6,1404324256357
811,0.0114943,0.0114943,0.333333,0.609195,0.0229885,0.0114943,3,Bug-95b68155-7dd7-4c92-98e7-553ebccd7044,1390842243770
812,0.109091,0.163636,0.381818,0.272727,0.0181818,0.0545455,2,Bug-202df236-0c05-4d02-8dc0-92cc8b8b8744,1357681742035
813,0.00081367,0.147274,0.0447518,0.0585842,0.572823,0.175753,4,Bug-36fc7069-7a43-4d8c-86e3-aa86ff59e7d6,1406814959436
814,0.0164512,0.419506,0.158637,0.0470035,0.105758,0.252644,1,Bug-e1feac3f-8555-42d2-baa8-b3733b931820,1408418470386
815,0.00419287,0.0461216,0.21174,0.199161,0.331237,0.207547,4,Bug-0bec5750-3307-431b-980c-2c4ee7fc5e6b,1307553498244
816,0.00361011,0.483755,0.0469314,0.00361011,0.429603,0.032491,1,Bug-5e09f36e-aedb-4fa5-ae27-2f56541ac9e1,1396403140738
817,0.160839,0.034965,0.58042,0.167832,0.048951,0.00699301,2,Bug-9491e5ea-c419-4f75-bb75-2fbbdbcd23f4,1375901919364
818,0.111111,0.111111,0.333333,0.111111,0.222222,0.111111,2,Bug-74fec500-88ee-4c37-a7d2-4145bf9896c8,1408885076191
819,0.027088,0.609481,0.0451467,0.00225734,0.160271,0.155756,1,Bug-1887794b-982c-4afb-b223-f031957bd342,1398612450858
820,0.00704225,0.0774648,0.0704225,0.00704225,0.140845,0.697183,5,Bug-c59f5525-7336-45b5-b57e-e6e79afd4812,1279230559616
821,0.000568828,0.489192,0.0790671,0.118885,0.0631399,0.249147,1,Bug-29c0b770-9198-4b2c-8cc2-1bad3f0708b7,1316547926504
822,0.2,0.1,0.1,0.4,0.1,0.1,3,Bug-85a14aa6-2252-4d3f-923c-a0aa475b4d58,1403979794793
823,0.0526316,0.0526316,0.157895,0.631579,0.0526316,0.0526316,3,Bug-449b2472-22a9-4b56-aed4-62e2f72413ac,1203975475677
824,0.0344828,0.0689655,0.0344828,0.551724,0.0344828,0.275862,3,Bug-2d0d8106-638d-406e-b785-10429d0ccfc4,1405443800926
825,0.1,0.1,0.2,0.4,0.1,0.1,3,Bug-01cf3ade-72dd-4328-bdfe-1fc9eb09e115,1406020512574
826,0.135922,0.038835,0.242718,0.543689,0.00970874,0.0291262,3,Bug-3474364e-7fab-443e-b143-d8a16a9d8e39,1338815223149
827,0.137931,0.0689655,0.103448,0.62069,0.0344828,0.0344828,3,Bug-6f37deab-4b3c-4008-bfe3-3d5a34599d47,1409061115552
828,0.757143,0.0142857,0.185714,0.0142857,0.0142857,0.0142857,0,Bug-a4406d3e-9199-4fa9-bf6c-7e9e9d8168a1,1327151510312
829,0.558233,0.0682731,0.0963855,0.232932,0.0321285,0.0120482,0,Bug-a8e8859f-efb9-4f7d-b45a-3070e0d42678,1378224584752
830,0.0015949,0.594896,0.0749601,0.0111643,0.288676,0.0287081,1,Bug-3d221ba2-10fc-4c6d-8dfe-333cabc7fd97,1410221618000
831,0.0392157,0.0490196,0.411765,0.45098,0.00980392,0.0392157,3,Bug-5b0f959a-9ec2-41f1-92d3-ef7e35927d5b,1408560411321
832,0.0779221,0.201798,0.024975,0.0589411,0.0709291,0.565435,5,Bug-622c95f4-85d9-405d-b528-6aa9d41ba1aa,1243373538757
833,0.0491803,0.0163934,0.0327869,0.868852,0.0163934,0.0163934,3,Bug-85e3a455-c5bd-4ab1-b998-2342c40bd0d3,1382580997088
834,0.00101937,0.229358,0.0224261,0.0203874,0.00101937,0.72579,5,Bug-78ee48ff-132d-441b-9107-04c0d1e704a9,1376508804906
835,0.125,0.125,0.25,0.25,0.125,0.125,2,Bug-9981b197-d190-4151-bb4e-54fe19d14953,1306878511707
836,0.0202703,0.540541,0.00337838,0.00675676,0.0878378,0.341216,1,Bug-ec6b47b6-081c-4aac-8b1d-173bf0b31ab0,1392050815642
837,0.00314465,0.946541,0.0408805,0.00314465,0.00314465,0.00314465,1,Bug-0907c114-6cc5-49e6-96fc-560cc2afe7e5,1401662172128
838,0.384615,0.153846,0.0769231,0.230769,0.0769231,0.0769231,0,Bug-2d67ffb7-6f8f-4661-9446-2af95846544a,1377012116704
839,0.0909091,0.0909091,0.272727,0.363636,0.0909091,0.0909091,3,Bug-061b6bda-ef4e-4638-aa11-fe38b84f357d,1235691789828
840,0.0692384,0.296736,0.128586,0.0474777,0.0187933,0.439169,5,Bug-29fc52de-00dd-4530-ba92-a45eb838858e,1372121341619
841,0.108159,0.0322581,0.565465,0.267552,0.0113852,0.0151803,2,Bug-2c824372-b60f-4560-bca0-ec8aae780f80,1273876982451
842,0.00970874,0.440129,0.100324,0.00323625,0.0226537,0.423948,1,Bug-b29c735e-390a-4d20-aed9-783dccd58393,1405150114251
843,0.00729927,0.0510949,0.0145985,0.00729927,0.532847,0.386861,4,Bug-3f37b6a8-29e0-4b5e-816f-de3f94a6974b,1406154978230
844,0.037037,0.037037,0.296296,0.037037,0.333333,0.259259,4,Bug-868c45ef-5ac6-4228-8443-a0f889c1e355,1297925194057
845,0.0769231,0.0307692,0.169231,0.676923,0.0153846,0.0307692,3,Bug-3e678cf8-12a5-4321-8063-22cb12e54ea6,1379663573093
846,0.00340136,0.0816327,0.037415,0.0544218,0.00340136,0.819728,5,Bug-c8d3393c-9edd-4328-b02c-9a7e16a7a1b0,1232048164561
847,0.00342466,0.530822,0.00342466,0.00342466,0.232877,0.226027,1,Bug-1057fcad-0741-41f4-ad03-8c07f7e3ef2e,1396389732039
848,0.0037037,0.122222,0.362963,0.148148,0.355556,0.00740741,2,Bug-932e4779-653c-479b-933e-6d0a8755867c,1382380742462
849,0.00315457,0.570978,0.0189274,0.0189274,0.00315457,0.384858,1,Bug-a420e6af-60e5-4b20-9e91-c9484dedca50,1409850812123
850,0.111111,0.111111,0.333333,0.111111,0.222222,0.111111,2,Bug-9135595d-ee6f-4e63-99f9-7ed29883a9e4,1392253959825
851,0.0896226,0.726415,0.0424528,0.127358,0.00943396,0.00471698,1,Bug-669e2eb0-0e17-4849-8474-11e32af418ae,1276770105156
852,0.517348,0.0269854,0.17579,0.189668,0.077872,0.0123362,0,Bug-ee7e28b9-89d5-4d90-b0c7-c5f554b0bc5a,1374800267462
853,0.316667,0.0166667,0.233333,0.4,0.0166667,0.0166667,3,Bug-5dab55a9-8f85-4cc1-b5d2-f39fc797b67d,1335983493835
854,0.004,0.1,0.032,0.18,0.064,0.62,5,Bug-937c9c07-6b16-48a9-b532-555f5ed41498,1372986821515
855,0.0344828,0.0517241,0.293103,0.586207,0.0172414,0.0172414,3,Bug-191bab2a-5b16-410d-9720-3e054616abf1,1351119480515
856,0.00209644,0.578616,0.0125786,0.12369,0.0607966,0.222222,1,Bug-0acc87f6-ffe0-4960-a610-bbc60b0784fb,1379709921860
857,0.0446927,0.269553,0.0684358,0.0810056,0.532123,0.00418994,4,Bug-a65c0583-9750-4056-a489-df8d5883f793,1380290336033
858,0.00115741,0.208333,0.127315,0.103009,0.00115741,0.559028,5,Bug-da80e4bd-d00d-444a-b508-770c4185db7d,1406138436540
859,0.0209974,0.511811,0.0761155,0.0367454,0.194226,0.160105,1,Bug-4f9394fd-effd-4187-a63f-4f4bc2783ab2,1397518594569
860,0.00347222,0.53125,0.0347222,0.0173611,0.309028,0.104167,1,Bug-279bb1a5-7628-4c63-8b86-f547b36cadd1,1344606597413
861,0.0740741,0.108932,0.0718954,0.0740741,0.248366,0.422658,5,Bug-d696aadf-5087-4f3d-ad98-8f8e30fd66fe,1395832914248
862,0.00177305,0.492908,0.037234,0.106383,0.00177305,0.359929,1,Bug-e4442737-b086-4b39-9c13-c1d1405365a3,1201038742624
863,0.0357853,0.652087,0.0139165,0.00198807,0.00198807,0.294235,1,Bug-ab7f92b8-d9b1-4b65-94a1-976244e0fb60,1392939081044
864,0.00099108,0.31219,0.0654113,0.100099,0.339941,0.181368,4,Bug-3d4c4f4b-b0cc-439b-aeba-fbdbf74b329a,1377236757480
865,0.0456491,0.507846,0.0627675,0.0385164,0.00713267,0.338088,1,Bug-cb109c19-5c34-43c8-9195-17c76b990584,1398275064877
866,0.00177305,0.446809,0.0319149,0.0230496,0.475177,0.0212766,4,Bug-200d387d-430f-407a-89fb-d4b8a0f0fca9,1405016061854
867,0.00581395,0.0523256,0.174419,0.697674,0.0232558,0.0465116,3,Bug-04b9847a-f555-44f1-bdce-68ea24a1309b,1374338329393
868,0.375,0.0208333,0.3125,0.208333,0.0625,0.0208333,0,Bug-f303f592-4f64-4d4c-800a-8624e627a4fd,1397594180052
869,0.125,0.25,0.125,0.125,0.125,0.25,1,Bug-a97537dc-a6f4-4057-b902-e2b55c4ceffa,1353989717172
870,0.00295858,0.659763,0.0236686,0.00295858,0.00295858,0.307692,1,Bug-215ae766-3474-4605-8630-e69b8c368107,1410210784252
871,0.00486224,0.421394,0.0551053,0.0858995,0.220421,0.212318,1,Bug-dba0f83b-2116-46dc-adf0-54a97cdab85e,1371702131826
872,0.117647,0.0588235,0.529412,0.176471,0.0588235,0.0588235,2,Bug-c815c76b-ba35-4b1b-bdb3-f5854f619c89,1222267632206
873,0.00323625,0.0647249,0.0744337,0.0291262,0.614887,0.213592,4,Bug-0e896bbe-12d5-45c0-b75d-5e86c54a0426,1410905311023
874,0.0285714,0.0285714,0.6,0.285714,0.0285714,0.0285714,2,Bug-f049a478-8f4e-48c8-a3da-ed55aa8bb12a,1315427053068
875,0.462882,0.333333,0.0014556,0.0014556,0.0713246,0.129549,0,Bug-3dfaa1e6-e29d-45ce-bafc-cbc5fecb977d,1407187375676
876,0.00623053,0.563863,0.00311526,0.0498442,0.330218,0.046729,1,Bug-cda9055e-f50d-456a-9ae0-9d56811541ba,1286857709544
877,0.169811,0.342318,0.0566038,0.0242588,0.374663,0.032345,4,Bug-ef921332-81e2-4d48-99a0-b6d35a7ea1e2,1407846571482
878,0.142857,0.142857,0.285714,0.142857,0.142857,0.142857,2,Bug-a3f65291-cf06-4b85-a3fe-16a21aa5c9d3,1389561577356
879,0.0078125,0.046875,0.0078125,0.0078125,0.664062,0.265625,4,Bug-dcebd98e-4d18-4047-8d5a-3a12673abfe8,1385586762252
880,0.0560345,0.362069,0.0301724,0.00431034,0.00431034,0.543103,5,Bug-07ed8b85-c2de-4b26-a150-82627c4f0e8e,1409345345243
881,0.00262467,0.660542,0.0699913,0.111986,0.0927384,0.0621172,1,Bug-5bc6411e-9b30-4f90-8cc8-36fb9251a95b,1399617838749
882,0.015919,0.335745,0.0709117,0.0607815,0.13314,0.383502,5,Bug-e72dd046-b53c-49ea-9767-9111762666e4,1378739299853
883,0.0769231,0.0384615,0.384615,0.423077,0.0384615,0.0384615,3,Bug-5238da8c-92e3-456e-bb8e-8c176dd7eb3d,1390680304208
884,0.0021645,0.443723,0.0021645,0.0194805,0.0151515,0.517316,5,Bug-d49bf37c-b001-456f-befc-985328d606f3,1410383653016
885,0.0341753,0.0460624,0.257058,0.350669,0.0742942,0.237741,3,Bug-cbad2fb5-ccf0-4962-85b6-b1322b16a9ab,1402686873675
886,0.00220751,0.578366,0.125828,0.169978,0.00883002,0.11479,1,Bug-2f4277c6-c620-4fa4-b39b-59bff28cf6d4,1397091316698
887,0.1,0.2,0.3,0.3,0.05,0.05,2,Bug-552ed7c5-f655-412b-9e95-8f49c5f26129,1393356324420
888,0.0621762,0.0414508,0.409326,0.19171,0.290155,0.00518135,2,Bug-a5f8f6b3-b885-43d2-b729-f1847571f4d8,1397508015166
889,0.0245499,0.322422,0.0932897,0.11293,0.315876,0.130933,1,Bug-bb14d566-7dbb-4946-a9e2-58b7c2b718f0,1409410405662
890,0.008,0.04,0.016,0.008,0.024,0.904,5,Bug-e6539d2c-bb1b-47ad-a2ff-3e983b388275,1218089758468
891,0.00228833,0.537757,0.0160183,0.155606,0.00915332,0.279176,1,Bug-7797145f-9332-46b0-868e-c1ec5140282f,1361289004557
892,0.362963,0.00740741,0.296296,0.318519,0.00740741,0.00740741,0,Bug-7cf0abf2-06f2-4f4e-8f25-5e6e7463c58b,1229350783005
893,0.116279,0.0232558,0.209302,0.604651,0.0232558,0.0232558,3,Bug-9adc351e-ce22-4f8e-8872-6d10e296a4c1,1390530044535
894,0.0506512,0.0607815,0.0260492,0.0144718,0.182344,0.665702,5,Bug-fb6b2206-1aa4-4130-aecf-4b4b80288fbe,1385492380964
895,0.00934579,0.0373832,0.635514,0.299065,0.00934579,0.00934579,2,Bug-d700fe1b-af3a-4800-9f53-ee7207ce9910,1244547451643
896,0.0357143,0.142857,0.321429,0.357143,0.0714286,0.0714286,3,Bug-15ac5e30-5875-4809-a0e0-02db7be9c1ce,1274444023548
897,0.05,0.05,0.15,0.65,0.05,0.05,3,Bug-4982393b-c708-44ad-9cf2-91cd84cbf3be,1351541231430
898,0.125,0.125,0.25,0.25,0.125,0.125,2,Bug-3d089b9b-1ecd-4944-831e-334c121504cb,1389667126563
899,0.2,0.1,0.2,0.3,0.1,0.1,3,Bug-78997ecf-9576-4c21-b880-3f3ac069c6b3,1410913693216
900,0.14553,0.4158,0.0706861,0.0686071,0.232848,0.0665281,1,Bug-716b5a14-3322-4410-9402-e6e939eeb2ab,1395773113865
901,0.00561798,0.214505,0.0546476,0.194076,0.0597549,0.471399,5,Bug-1151d37c-5095-4322-ad05-0999858ee09f,1331164228973
902,0.0720721,0.873874,0.0405405,0.0045045,0.0045045,0.0045045,1,Bug-e5ee9d57-b885-4963-aee9-3210bbe0cf44,1367443717557
903,0.0833333,0.0625,0.4375,0.375,0.0208333,0.0208333,2,Bug-9c2959f9-d04c-445a-ad71-059a8df11b34,1390341502006
904,0.0816327,0.576531,0.0357143,0.0459184,0.00510204,0.255102,1,Bug-0a8535be-38c1-484d-9a96-d844eefe4067,1349378471485
905,0.0817814,0.225911,0.0987854,0.311741,0.259109,0.0226721,3,Bug-ce81ae81-caed-4665-9540-415464007425,1253220620459
906,0.00251889,0.609572,0.0302267,0.0554156,0.00251889,0.299748,1,Bug-3a588540-253a-4d4f-a275-6e0016802d9b,1402962594754
907,0.0155642,0.786548,0.00500278,0.00944969,0.000555864,0.182879,1,Bug-41cc44a2-5150-468c-bfc9-76a8b063ae08,1330968407137
908,0.011378,0.447535,0.164349,0.0391909,0.00126422,0.336283,1,Bug-21919312-7af9-4b84-8f05-7940181c14ec,1405466241390
909,0.037037,0.037037,0.407407,0.296296,0.037037,0.185185,2,Bug-97406d95-dec7-4830-a71b-4cd1676ba2ff,1339081164422
