1451
1947
1532
943
1451
774
1734
1296
1929
1527
943
1451
774
943
1962
13
510
1025
1126
2100
1929
667
943
2100
1265
774
1265
943
677
711
1007
526
310
988
816
13
943
677
711
1007
526
310
988
2080
2040
13
943
677
711
1007
526
310
13
943
677
711
1007
526
310
407
13
943
1480
1301
1302
510
124
943
677
711
1007
526
310
407
988
816
13
943
677
711
1007
526
310
13
943
677
711
1007
526
310
988
816
13
943
677
711
1007
526
310
1897
988
816
13
943
677
711
1007
526
310
1897
13
1220
816
13
526
568
13
180
271
574
1807
1970
1766
510
124
1451
777
1167
1451
774
1451
1803
777
777
1734
714
1929
1451
1451
777
1991
1734
714
1929
600
777
943
777
896
1493
879
801
1451
1023
777
1451
777
777
1451
777
774
1451
1167
1451
1451
1534
935
1434
777
1451
1023
1451
1451
1023
1451
1308
349
1334
668
1250
104
1659
1235
1334
347
1741
1126
469
1301
1301
1326
347
1450
1434
1451
1023
777
1451
1451
1023
777
1947
1532
943
1451
774
1734
1296
1929
1527
943
1451
774
943
563
910
2042
260
1902
1126
2100
1929
667
943
2100
1265
774
1265
943
1480
1301
669
1451
777
1451
777
801
777
1532
1451
1023
1991
1734
714
1929
1451
1023
777
777
777
1451
568
777
943
846
721
1932
150
978
1529
1838
477
1480
978
738
1806
294
698
2069
290
1034
1806
2098
523
1984
1034
1806
1213
1753
1321
2098
1074
1904
938
648
2098
150
1672
920
602
1685
1806
1637
2098
602
667
243
249
111
602
943
602
943
943
943
2054
994
1052
943
943
2054
994
1052
1451
1023
1734
714
1929
1451
1167
1451
1451
777
1451
1451
1023
1451
714
1929
1451
777
1451
1311
568
777
1196
452
1261
1120
2038
1043
731
777
831
1929
1980
1864
1207
1948
249
2098
1723
1866
376
590
728
218
376
376
677
368
1181
1781
376
1521
1781
376
218
1398
179
841
742
218
1434
1323
1313
1091
1961
758
560
42
2002
376
145
1284
376
1624
1309
672
1351
465
1009
1853
1579
447
2054
1432
490
758
1083
1300
223
460
186
590
1808
564
1300
1309
672
223
2094
564
376
1690
1330
1807
777
1407
1451
249
944
1153
777
777
1849
777
1849
418
777
1451
1907
1480
1690
2054
564
1300
1339
1391
536
2110
376
209
1251
1352
1892
1805
2054
672
965
1249
590
777
1451
777
1532
1451
1023
351
777
418
777
1560
1783
510
1009
696
1480
1690
777
95
1532
943
1451
774
1734
1296
1929
1527
943
1451
774
943
1808
368
648
1894
124
1234
510
1126
2100
1929
667
943
2100
1265
774
1265
943
677
711
1929
943
677
939
943
677
586
1929
943
677
939
1451
1451
95
1532
943
1451
774
1734
1296
1929
1527
943
1451
774
943
943
1480
1011
1434
1118
1126
2100
1929
667
943
2100
1265
774
1265
943
1480
1301
1241
816
249
777
777
1451
1023
1451
1023
1451
1451
95
1532
943
1451
774
1734
1296
1929
1527
943
1451
774
943
1692
906
349
73
349
1556
721
249
299
1126
2100
1929
667
943
2100
1265
774
1265
943
1480
1301
1241
711
1692
777
1487
766
1562
1809
777
1451
1023
1451
1451
1451
1288
943
1052
1927
249
879
1464
1052
777
1451
1451
1023
777
1451
777
1451
1947
1532
943
1451
774
1734
1296
1929
1527
943
1451
774
943
1678
1126
2100
1929
667
943
2100
1265
774
1265
943
1480
1301
2054
2040
769
943
1480
1301
2054
2040
769
1451
777
1803
777
1451
1451
777
1766
1505
943
677
711
1007
943
2066
1991
573
1766
2087
774
1451
367
1510
1303
685
691
1808
1955
777
2041
347
63
501
1741
2014
772
101
402
308
1808
1583
1014
943
452
1567
2013
1741
1505
85
1932
944
1086
1583
988
1741
594
402
1948
1298
1510
528
1006
1182
1583
1247
1816
1615
943
1006
1938
1510
624
1025
528
1510
490
1583
1247
1822
943
691
947
1510
943
1583
1247
1303
925
323
943
677
943
1885
943
1270
1583
1841
1822
602
12
1298
1027
1510
461
361
879
135
809
2013
1303
943
1037
747
2009
1911
741
432
1298
772
602
879
2013
1116
1911
772
1645
943
719
951
2014
747
1680
1299
25
993
1157
943
993
513
1010
150
1852
1339
685
323
2040
1049
2072
1703
1196
1196
2094
802
1999
685
925
323
943
846
1304
526
310
2013
1538
2013
1690
2094
150
2043
685
925
323
943
846
1304
526
310
2013
1538
2013
1690
2094
2013
1378
1690
685
925
323
943
846
1304
526
310
2013
1538
2013
2094
2013
1162
1162
685
323
2040
1049
2072
1703
2080
913
2094
2043
1351
685
323
2040
1049
2072
1703
2080
1162
2094
1351
2043
1351
648
2072
648
685
323
2040
1049
2072
1703
2080
1162
2094
1351
648
108
648
685
323
2040
1049
2072
1703
2080
1199
2094
648
1351
201
1664
931
753
1717
1885
323
943
846
772
612
1126
1007
1299
1299
64
1819
801
376
376
376
1884
7
1819
25
772
1865
64
993
290
96
908
976
1741
325
1724
1808
1583
925
1613
1322
943
236
772
560
651
1162
685
1613
1126
1583
1199
1971
993
1177
150
1303
1809
931
753
723
772
943
586
939
612
1126
943
586
939
1007
2070
723
2070
64
1717
909
2094
1530
1591
1324
1717
909
2094
125
993
1530
685
1809
1023
1451
1505
772
576
1808
1583
1026
1583
1510
1025
685
1583
1451
1023
943
1734
1434
1929
1465
943
120
111
619
1695
406
111
494
1364
1615
111
1162
507
494
1351
111
420
1162
1556
508
111
508
602
150
943
677
267
1298
1556
508
943
677
406
719
111
732
1464
502
111
1162
731
1580
580
494
1298
71
111
508
1562
376
586
704
947
1126
1583
1734
1583
1808
1583
1027
1613
111
508
777
568
1451
1191
1228
652
1009
1003
347
1243
777
1110
1003
1037
1120
1819
1351
1819
1806
1819
1078
1023
1451
1110
1451
1023
1025
619
943
1451
945
943
1567
1451
2038
1954
988
1381
1303
943
1829
1959
1527
1493
1493
2046
1967
595
353
1527
688
738
595
353
1527
1739
738
1716
1493
1301
1580
2072
747
988
1766
1907
719
249
1451
1451
1451
1451
777
2098
1125
861
1991
777
1125
675
1741
1981
2025
777
1283
1451
1152
1954
777
1741
2013
254
495
705
368
254
861
400
1932
759
2013
1807
1766
1451
686
454
1451
284
1647
1556
2019
254
101
254
1632
1451
777
1310
1362
1808
120
1808
777
777
1451
1981
1653
815
777
136
510
1189
913
1228
1451
1451
1451
777
1451
777
777
1451
1451
1451
1023
1451
777
1451
1451
777
251
1043
1196
400
547
1003
101
1018
2040
769
685
1343
1003
101
769
1751
1985
947
1209
1073
1110
547
1451
777
777
1451
1311
568
1451
1451
1807
1451
1947
1532
943
1451
774
1734
1296
1929
1527
943
1451
774
943
691
604
2013
1126
2100
1929
667
943
2100
1265
774
1265
943
677
711
1929
943
677
1043
1451
1451
777
1451
1451
284
1434
1152
1451
1451
1741
952
1026
506
1231
1393
1451
1023
777
1311
568
1451
777
418
777
1724
1499
1173
487
1251
1391
2087
1803
1580
705
487
2098
1866
297
1724
877
249
1378
225
836
1466
249
1378
943
2085
280
1126
256
1199
1996
1678
1704
1522
1735
1556
2098
1859
1611
1704
1025
563
101
943
367
150
2098
1720
917
1704
563
1192
1209
1735
33
249
1378
1803
1941
249
944
101
249
1378
1580
917
1704
777
777
1451
1451
1451
777
600
777
568
1311
1451
1023
1451
1023
1451
1023
777
1451
1451
777
1451
1451
1451
777
1451
1023
777
1451
1023
801
1451
1991
1734
714
1929
1451
95
1532
943
1451
774
1734
1296
1929
1527
943
1451
774
943
1766
510
1126
2100
1929
667
943
2100
1265
774
1265
943
677
711
1007
526
667
13
1451
1451
777
777
1451
1766
1807
1293
1344
1844
1303
677
1766
1194
1344
1844
1991
1734
714
1929
1451
418
1451
1451
777
1451
1734
714
1929
777
1451
777
568
777
1451
777
1505
1451
1451
769
447
1403
769
505
943
943
1480
1301
2054
1190
1403
769
816
769
124
1174
1110
1184
993
816
1184
1766
1361
1556
38
1110
1184
1173
145
39
993
816
145
1184
351
1009
447
1378
562
1585
447
1556
2098
861
400
1932
652
951
799
1391
84
607
769
1242
1766
1890
1003
2098
861
1110
1932
1724
1023
1451
777
600
600
1451
1808
719
1789
1707
777
777
1532
1451
1981
140
140
1153
290
943
677
406
140
1028
584
711
1902
1028
943
677
406
140
1028
344
711
499
1510
584
711
1902
1028
943
846
406
140
1028
2117
677
584
1270
1010
1717
925
323
943
846
1304
526
310
407
1538
407
677
925
323
943
846
2054
675
1010
925
323
943
846
1304
526
310
407
925
323
943
846
2054
1327
675
584
39
406
685
2025
584
39
406
1028
943
846
406
140
1028
584
2117
677
584
1760
2117
1735
1333
1010
842
1696
814
216
1696
406
1028
639
1361
1361
1505
1681
574
2098
189
7
943
677
721
943
846
721
925
406
943
677
943
677
406
925
406
943
846
943
846
1451
105
677
1175
1472
1650
40
660
677
1383
1828
1451
777
1451
1451
1451
1023
1451
1451
777
568
777
1532
943
1451
774
1734
1296
1929
1527
943
1451
774
943
2031
1010
310
1126
2100
1929
667
943
2100
1265
774
1265
943
1480
1301
341
883
941
1451
1110
310
1394
310
349
247
2049
1110
249
879
1110
677
1465
719
1110
20
1110
1394
677
1529
84
993
118
923
124
978
368
1220
943
1110
677
678
879
1532
943
1451
774
1734
1296
1929
1527
943
1451
774
943
655
586
1078
1126
2100
1929
667
943
2100
1265
774
1265
943
846
586
655
2072
1703
777
1451
2098
864
1734
714
1929
1451
1451
1023
777
1821
1761
1357
1308
1690
879
1712
2098
2066
777
2098
368
1991
494
584
494
1734
1929
1484
943
584
1087
61
1147
232
456
1451
1451
1451
1451
1451
1947
1532
943
1451
774
1734
1296
1929
1527
943
1451
774
943
310
447
510
1919
1126
2100
1929
667
943
2100
1265
774
1265
943
677
711
1007
526
310
13
943
677
711
1007
526
310
2013
13
943
677
711
1007
526
31
1010
1451
1734
714
1929
1451
801
1451
1991
1734
714
1929
1451
777
1451
1451
898
1959
105
1953
648
1035
105
2066
885
749
1953
1110
1953
1972
648
1035
13
2087
89
616
275
1681
648
1035
777
1532
1451
777
358
1803
777
1362
1652
351
777
777
777
1532
1451
1451
1451
777
1451
777
1741
2044
1665
1809
393
993
1725
1224
1451
1451
1734
714
1929
777
1505
34
774
861
1351
502
586
605
777
1910
1451
100
586
1651
2098
760
1741
290
993
1685
995
279
766
1162
1741
1809
993
716
1299
943
677
1007
83
995
1875
943
677
1809
1734
714
1929
290
760
1567
777
1866
163
1362
586
1070
759
1168
817
611
1401
1270
1270
506
1153
492
777
1451
2098
864
774
2056
349
777
777
1153
2098
777
1010
993
586
1705
1852
1339
685
111
943
943
943
892
586
655
1263
1263
2094
1319
685
111
943
943
943
677
586
655
2094
586
1705
943
677
1705
685
111
943
943
943
677
711
655
943
677
2094
1705
201
1214
10
1533
1705
1428
1037
1120
978
1806
978
1120
993
586
1705
1852
1339
685
111
943
943
943
892
586
655
1263
1263
2094
1319
685
111
943
943
943
677
586
655
2094
586
1705
943
677
1705
685
111
943
943
943
677
711
655
943
677
2094
1705
201
1214
10
1533
1705
1428
1819
1351
1819
1806
1819
1078
993
943
1613
1303
943
677
249
403
249
1832
1985
1207
1884
1832
1985
249
403
249
1832
1985
1207
1884
1832
1985
1647
2098
943
769
685
1970
1052
80
1247
2109
510
1052
290
561
2109
2109
510
1052
1927
2109
510
1052
1927
561
2109
1993
83
1902
993
716
1299
943
677
1007
83
995
1875
943
677
586
1993
83
1902
1378
467
1110
1735
1993
83
1902
584
586
1157
584
584
1993
83
1902
584
586
1157
584
584
1993
83
1902
616
719
861
150
624
677
1743
48
692
83
1902
1308
43
1743
48
1743
48
692
83
1902
719
691
72
1743
48
624
83
1902
624
83
586
624
624
959
624
83
1902
624
83
586
624
624
2006
406
584
584
898
584
584
943
711
95
584
1929
943
850
285
95
584
943
1480
95
584
943
1692
95
584
943
1357
95
584
943
677
1947
584
943
846
1140
584
943
1690
1140
584
943
655
1690
1140
584
943
270
1690
1140
584
943
1124
1140
584
943
655
1124
1140
584
943
270
1124
1140
584
584
506
1947
584
584
1819
376
584
977
584
353
584
993
978
802
1998
1325
1131
973
1340
1131
655
586
850
943
677
1010
753
978
494
646
993
1198
1003
2038
993
993
510
996
1806
1866
1351
973
993
1866
1351
973
1303
917
496
2010
993
993
1806
859
861
1249
633
993
2038
1126
1929
1484
973
766
1397
345
1962
1724
777
1713
400
233
2098
774
777
777
1803
675
1954
777
297
777
477
1991
477
557
1220
1367
1339
1391
1211
1962
2098
1283
1522
1367
1339
885
1391
297
777
1630
1919
777
685
1803
1712
1220
770
1220
1866
878
494
1391
423
442
1962
1705
494
278
4
766
1397
639
1687
1451
777
777
568
568
1451
1451
1451
1451
568
777
1451
801
1991
1494
1991
1734
714
1929
1451
774
1451
777
774
1947
1532
943
1451
774
1734
1296
1929
1527
943
1451
774
943
2013
1687
2013
1690
644
1497
1126
2100
1929
667
943
2100
1265
774
1265
943
677
586
655
526
2013
586
2013
943
677
586
655
526
2013
586
2013
1690
943
677
586
655
526
2013
586
2013
1690
943
677
711
1007
526
310
2013
1538
2013
943
677
586
655
526
2013
586
2013
943
677
586
655
526
2013
586
2013
943
677
586
655
526
2013
586
2013
677
943
677
586
655
526
2013
586
2013
677
943
677
711
1007
526
310
2013
1538
2013
1451
1451
1023
714
1929
777
1451
1023
1451
1451
586
586
610
1808
824
369
944
1584
586
610
665
249
769
685
1217
886
685
516
777
418
1694
951
1809
440
83
1451
483
943
1480
1301
818
552
1454
1126
1300
933
933
529
742
1043
1052
739
1560
510
1052
739
510
1378
510
1052
1126
1300
933
1832
1985
510
1378
510
1052
1126
1300
933
913
1126
1471
359
913
1126
1471
359
394
84
739
1832
1985
1471
1735
1471
1378
510
1378
510
1052
1126
1300
933
1832
1985
510
1378
510
1052
1126
1300
933
913
1126
1471
359
913
1126
1471
359
394
84
739
1832
1985
1471
1735
1471
1378
510
1378
510
1052
1126
1300
933
1832
1985
510
1378
510
1052
1126
1300
933
913
1126
1471
359
913
1126
1471
359
394
84
739
1832
1985
1471
1735
1471
1378
510
1378
510
1052
1126
1300
933
1832
1985
510
1378
510
1052
1126
1300
933
913
1126
1471
359
913
1126
1471
359
394
84
739
1832
1985
1471
1735
1471
1378
510
1378
510
1052
1126
1300
933
1832
1985
510
1378
510
1052
1126
1300
933
913
1126
1471
359
913
1126
1471
359
394
84
739
1832
1985
1471
1735
1471
1378
510
1378
510
1052
1126
1300
933
1832
1985
510
1378
510
1052
1126
1300
933
913
1126
1471
359
913
1126
1471
359
394
84
739
1832
1985
1471
1735
1471
1378
510
1378
510
1052
1126
1300
933
1832
1985
510
1378
510
1052
1126
1300
933
913
1126
1471
359
913
1126
1471
359
394
84
739
1832
1985
1471
1735
1471
1378
510
1378
510
1052
1126
1300
933
1832
1985
510
1378
510
1052
1126
1300
2117
1505
2098
861
1766
1052
705
1741
509
1052
40
902
568
345
101
1143
947
677
2098
836
1875
666
943
677
329
1471
1143
1806
2098
861
83
995
1247
947
29
1959
574
677
510
1809
1126
943
677
1300
933
1379
933
1809
861
864
27
1809
1126
943
677
1300
933
1809
27
1184
861
83
1872
1007
510
1052
1471
1735
574
1613
1294
1809
1126
1300
933
1832
1985
510
1378
510
1052
1126
1300
933
913
1126
1471
359
913
1126
1471
359
394
84
739
1832
1985
1471
1735
1471
1378
510
1378
510
1052
1809
359
1712
351
1694
1954
861
83
490
2024
2087
1301
1301
1678
124
943
1480
1301
2054
310
490
861
496
1999
1981
995
717
531
1629
1741
943
943
677
711
1007
526
46
1351
563
1715
510
1983
1471
1243
510
1378
510
1378
351
667
1183
1896
13
685
401
1832
1985
1471
1126
1471
359
1471
1378
510
1879
563
910
963
586
1724
124
1339
1126
677
1300
933
1379
63
660
1267
84
310
1138
310
943
677
711
1007
526
124
516
933
717
111
1945
473
943
943
677
711
1007
526
111
1171
111
111
1770
1819
111
1118
111
1118
111
1118
13
111
1118
667
111
1118
310
111
310
111
310
2065
2013
1839
195
111
310
111
310
111
310
111
988
13
111
2104
13
13
1052
49
1929
1980
1798
588
613
685
1193
600
1172
1341
56
685
1929
1798
1052
1798
685
809
2118
1798
459
2028
1798
1126
1929
56
1798
823
383
1255
206
1075
946
1980
1193
1798
1193
210
1923
303
1798
1283
1639
503
918
521
1798
1556
111
1556
908
916
685
1199
908
1052
1052
814
57
1378
1690
1378
2120
1690
2120
57
814
111
510
1976
908
423
1866
263
1003
1621
510
1809
1832
1985
1471
1126
1471
359
1471
1832
1809
705
1543
1766
347
705
731
989
101
1984
1143
2098
713
1865
526
1983
290
510
639
1670
84
310
1869
1809
1126
677
1300
933
1379
1809
861
83
124
1057
1576
1616
2039
310
943
677
711
1007
526
310
1057
2046
13
685
2098
310
1962
943
677
711
1007
526
1724
1723
124
1735
861
124
1378
351
124
367
1954
553
510
310
717
351
943
677
711
1007
526
667
13
1126
1300
933
1379
276
1126
1300
933
2065
233
2065
1193
914
1199
820
1036
75
406
2054
1674
1504
2054
1903
124
1378
2065
124
1052
510
1378
510
1052
1556
1378
111
1126
1300
933
1839
233
1839
1063
862
1199
124
1378
1839
124
1052
510
1378
510
1052
1556
1378
111
1126
1300
933
233
916
685
1199
124
1378
124
1052
510
1378
510
1052
1556
1378
111
1126
1300
933
233
1193
1533
1504
124
988
1703
124
1378
124
1052
510
1378
510
1052
1556
1378
1126
1300
933
233
908
124
124
1378
124
1052
510
1378
510
1052
1556
1378
111
1126
1300
933
233
1929
1193
685
1199
124
1378
124
1052
510
1378
510
1052
1556
1378
111
1126
1300
933
2013
233
2054
1199
1575
541
54
19
1763
1815
1703
124
124
1378
2013
124
1052
510
1378
510
1052
1556
1378
111
1126
1300
933
233
1556
1749
343
379
1929
124
1378
124
1052
510
1378
510
1052
1556
1378
111
1126
1300
933
233
1929
1193
807
181
124
1378
124
1052
510
1378
510
1052
1556
1378
1126
1300
933
233
1315
1199
124
1378
124
1052
510
1378
510
1052
1556
1378
111
1126
1300
933
233
1199
753
1929
1619
728
944
16
1480
1829
488
150
1413
596
1126
683
1798
1757
124
1378
124
1052
510
1378
510
1052
1556
1378
111
1126
1300
933
195
233
222
994
1564
124
1378
195
124
1052
510
1378
510
1052
1556
1378
111
1126
1300
933
233
1259
603
156
2054
1929
1327
2054
1215
524
124
1378
124
1052
510
1378
510
1052
1556
1378
111
1126
1300
933
233
908
124
124
1378
124
1052
510
1378
510
1052
1556
1378
111
1126
1300
933
233
1504
124
109
1825
914
1193
124
1378
124
1052
510
1378
510
1052
1556
1378
111
1712
175
527
910
310
910
574
1766
1451
1023
777
1532
943
1451
774
1734
1296
1929
1527
943
1451
774
943
1808
124
943
846
536
124
846
1126
2100
1929
667
943
2100
1265
774
1265
943
846
285
1451
1451
777
777
1451
1023
1023
1803
1451
777
1157
915
124
2054
658
2098
1466
777
777
1451
1023
1451
777
1451
1451
1451
714
1929
777
1532
1451
351
777
1336
665
124
411
1803
777
2051
1567
777
1613
2037
124
777
777
1532
1451
1023
1734
714
1929
1023
1451
1451
1451
1167
1451
777
1947
1532
943
1451
774
1734
1296
1929
1527
943
1451
774
943
993
662
406
1357
1126
2100
1929
667
943
2100
1265
774
1265
943
677
586
1929
943
677
2099
1726
943
677
711
655
943
677
943
677
711
1929
943
677
988
988
943
677
586
655
943
677
711
1929
943
677
2099
1726
584
584
898
584
584
943
711
95
584
1929
943
850
285
95
584
943
1480
95
584
943
1692
95
584
943
1357
95
584
943
677
95
584
943
846
95
584
943
1690
95
584
943
655
1690
95
584
943
270
1690
95
584
943
1124
95
584
943
655
1124
95
584
943
270
1124
95
584
584
506
95
584
584
1819
376
584
977
584
353
584
777
777
1451
1451
777
568
351
777
1991
1734
714
1929
1451
1451
1734
714
1929
1451
1023
777
1451
1451
586
1362
1120
1351
1078
1806
1140
1037
1120
584
584
506
95
584
584
1819
376
584
977
584
353
584
777
233
1261
586
1816
1690
886
586
368
124
1050
1690
1866
150
691
814
1383
1383
1527
777
691
400
1261
586
1766
1543
1261
586
2098
3
2044
1929
943
677
2098
1351
1261
1120
1303
973
586
1413
502
586
568
777
1567
568
1261
586
1981
502
586
586
1891
996
111
219
19
943
311
568
777
1567
1242
586
1404
2100
777
109
1567
1741
1391
1724
1369
225
1686
1315
943
1991
233
570
225
1550
882
943
1953
1686
1315
1531
1331
1025
943
698
1517
1835
90
1315
310
1724
2081
943
626
1315
1606
1118
811
1315
1606
373
814
1591
1884
225
137
943
1686
1315
1025
698
566
1197
1315
1606
725
1118
2008
1251
1118
1623
626
1315
1606
1197
207
310
515
1197
1703
1355
1686
22
1305
2098
1550
1197
626
1315
1199
755
555
943
943
677
1088
626
1315
1606
66
225
1884
943
1686
1315
225
943
1686
1315
1315
713
1812
2109
943
1886
310
1264
1118
1110
2109
626
1315
1199
2098
149
426
1568
1686
1315
2098
626
943
1686
1315
1804
568
225
943
862
1197
16
1136
943
1686
1315
943
1531
1686
1315
2098
1936
16
124
1884
105
376
2098
225
2038
1152
1580
1698
225
1809
149
1283
1959
360
1790
455
437
959
373
2071
510
814
124
1035
943
862
691
693
249
399
426
1998
105
376
714
1929
347
2013
124
83
931
510
600
600
1451
777
568
1451
1947
1532
943
1451
774
1734
1296
1929
1527
943
1451
774
943
910
73
510
20
1394
1808
310
1126
2100
1929
667
943
2100
1265
774
1265
943
677
711
1007
526
310
1493
13
943
1480
1301
1241
563
943
1480
1301
1241
563
943
677
711
1007
526
310
1897
13
943
1480
1301
1241
563
403
1288
1741
1388
1329
1897
814
57
510
893
292
1809
910
1787
1329
754
200
1003
1166
861
947
1991
777
1741
1884
228
1959
910
73
510
20
1394
1394
376
667
310
73
993
1188
57
739
684
443
124
777
1451
63
568
1970
777
1060
1764
1451
777
1451
777
568
1451
777
777
1808
1451
1451
1947
1532
943
1451
774
1734
1296
1929
1527
943
1451
774
943
1692
1423
1357
1774
1800
1565
1126
2100
1929
667
943
2100
1265
774
1265
943
1480
1301
274
1286
943
1480
1301
1692
711
1692
1932
943
1480
1301
2060
56
613
943
1480
1326
1538
1774
795
1340
777
777
568
1724
1493
62
124
1903
1929
1493
677
62
717
801
1451
1741
1378
1954
1809
1929
1493
677
993
1871
229
229
229
1929
1493
677
290
1929
988
988
1929
1493
677
1929
1493
677
1929
124
1929
1493
677
1929
1493
677
711
952
229
229
1929
1493
677
290
1929
988
988
1929
988
988
952
229
1929
1493
677
290
1929
988
988
1929
988
988
1809
1991
1734
714
1929
1712
1052
943
1303
1809
943
677
1052
1809
1126
256
943
943
1678
943
517
1052
943
1052
510
1303
1766
1003
1493
62
124
1903
1303
1493
62
124
1903
1929
1493
677
62
1303
1493
62
124
1903
1929
1493
677
62
494
901
777
943
1567
1451
1959
408
245
752
777
70
1741
1180
510
1025
943
777
1959
777
777
510
1959
1959
1547
1766
2013
800
1959
1451
777
418
777
472
1959
777
510
510
777
1532
1451
367
1741
2066
249
1110
688
1739
1134
719
1741
1168
879
1388
1493
945
993
1493
752
84
310
1808
776
719
1378
719
814
1378
677
1378
1378
719
814
1378
677
1378
1690
1378
1690
1378
1378
1378
719
814
1378
677
1378
1690
1378
1690
1378
1378
586
510
1378
510
1052
777
1803
600
600
777
1697
1532
943
1451
774
1734
1296
1929
1527
943
1451
774
943
1027
443
719
180
407
769
1213
1126
2100
1929
667
943
2100
1265
774
1265
943
677
586
1929
943
677
939
943
677
711
1929
943
677
939
423
1696
777
1147
2041
908
1074
1741
943
568
777
1741
1518
766
943
1014
1613
1300
1339
777
1178
1348
993
1567
943
1808
1339
1300
2099
563
1903
1556
2099
349
1875
1300
1339
548
1339
777
1451
777
777
1451
1023
777
1451
1023
777
1505
1451
1451
777
777
1451
777
1660
777
1505
777
1911
943
777
1451
1451
777
568
1947
1532
943
1451
774
1734
1296
1929
1527
943
1451
774
943
1808
550
904
310
349
1126
2100
1929
667
943
2100
1265
774
1265
943
1480
1301
1692
563
1089
1357
943
1480
1301
1692
892
310
1451
777
1451
1023
1981
249
150
563
1110
719
563
717
1808
993
777
1060
1529
256
279
1959
1954
655
655
1097
1985
2038
1172
1272
1798
772
1983
1852
1339
685
2094
800
668
2119
1981
655
894
1954
256
2098
1321
2066
27
477
2098
1283
705
2066
249
1110
105
719
249
1766
1407
655
347
777
798
251
233
2100
943
1690
655
1690
711
655
943
1690
2080
1126
1690
943
1690
655
1745
943
1690
655
1690
711
655
943
1690
2080
1126
1690
943
1690
655
1690
711
655
943
1690
2080
1126
1690
27
2043
143
2043
1850
386
1461
1970
941
749
2043
1983
2043
2043
2043
1102
406
496
1720
1613
1126
1999
1724
34
774
1367
943
1451
777
1451
777
861
34
774
1879
1741
1451
777
1451
774
1451
1451
777
1803
1451
1451
1451
1532
943
1451
774
1734
1296
1929
1527
943
1451
774
943
723
1138
1126
2100
1929
667
943
2100
1265
774
1265
943
677
711
1007
526
1332
1538
943
677
586
655
526
1332
150
586
150
943
677
586
655
526
2013
586
2013
677
943
677
586
655
526
1332
150
586
150
943
677
586
655
526
1332
586
943
677
586
655
526
2013
586
2013
677
943
677
586
655
526
2013
586
2013
943
677
711
1007
616
275
83
719
943
677
586
655
943
677
586
655
526
2013
586
2013
943
677
711
1007
526
310
2013
1538
943
677
711
1007
526
1332
150
1538
943
677
711
1007
526
310
2013
1538
943
677
711
1007
526
1332
150
1538
943
677
586
655
526
2013
586
2013
943
677
586
655
526
1332
586
943
677
711
1007
526
1332
1538
2090
1898
1189
163
2084
163
1355
951
1953
537
1706
1415
1953
1556
689
1607
1716
1575
1953
1930
1126
1898
1473
529
1138
154
1205
1539
741
609
109
1205
1676
545
829
1690
1815
892
1714
339
1205
2050
1556
1706
1654
1575
798
249
1706
1815
1706
1864
1055
1706
736
426
1052
2022
1953
84
2050
347
1221
1994
1443
1594
1840
249
1860
879
943
86
249
1864
625
1935
249
1864
1614
600
2050
225
1919
622
988
249
629
2050
537
1415
124
1813
1886
1860
371
1148
2033
880
1860
2022
409
1598
282
1171
508
1703
1434
1130
1158
376
1724
233
1024
233
233
1028
1953
8
1836
1706
182
249
624
1706
17
1132
1727
8
2050
702
545
249
1706
38
1118
8
1575
2050
1088
249
249
1088
8
1815
1606
33
1706
1028
691
1209
691
1365
409
118
1575
2050
1026
1836
537
182
727
1060
375
943
1953
112
1110
396
1028
214
1490
1860
1443
1989
837
713
8
2085
38
1884
1594
1273
1860
249
1795
1132
829
1706
549
2098
474
1890
400
866
1028
1866
1249
280
613
1741
711
1872
1886
1860
687
1836
537
1132
1860
1860
1860
529
1138
639
1687
1721
1028
987
861
1937
1886
1860
1510
1935
987
1028
1443
1724
225
1028
1637
1132
1813
1322
466
249
1860
292
466
292
1836
1706
1132
486
1132
829
466
943
362
1886
292
1028
157
1860
1886
1813
310
466
943
1840
943
2066
1813
292
1210
2085
1474
767
494
1026
1205
1028
400
1556
940
1247
1856
1556
400
1607
752
1028
1580
1556
1110
2055
988
2054
685
1321
1556
1548
1205
350
1724
380
1953
943
2003
1900
687
826
1860
943
2003
1900
826
1860
1132
90
1860
943
2003
1900
826
1860
1132
90
529
1138
1714
2092
2121
943
626
529
1138
1424
79
79
1765
943
626
826
1860
1142
1269
292
170
1591
233
1569
1784
932
1205
1714
908
767
79
896
1886
943
582
939
1860
896
629
2098
1490
626
1860
529
1138
400
1340
897
1953
1132
90
325
1132
1860
943
1613
167
1207
1860
2098
1558
901
1957
42
626
1977
1991
233
1953
8
1836
1706
182
249
624
1706
17
1132
1727
8
2050
702
545
249
1706
38
1118
8
1575
2050
1088
249
249
1088
8
1815
1606
33
1706
214
1490
1860
1443
1989
837
713
8
2085
38
1884
1594
1273
1860
249
1795
1132
829
1706
549
2098
474
1890
400
866
249
696
1860
249
1499
702
696
84
2050
702
1132
254
249
1860
1886
545
696
84
2050
545
1132
254
249
1860
1886
987
861
1937
1886
1860
1510
1935
987
1637
1132
1813
1322
466
249
1860
292
466
292
1836
1706
1132
486
1132
829
466
943
362
1886
292
400
1556
940
1247
1856
1556
400
1607
752
2040
1049
943
2003
846
1942
323
943
846
355
1644
1613
1966
1556
549
599
1019
993
1500
137
885
1086
81
752
81
323
2040
1049
655
323
2040
1049
943
846
1895
680
1118
1451
1023
1451
943
1567
769
505
510
900
1480
1877
867
2098
1954
1025
71
1184
1451
1451
777
1451
777
777
1451
777
1451
1849
1334
1451
766
1766
2100
943
1690
655
1690
711
655
943
1690
1733
719
943
1690
655
1690
1745
943
1690
655
1690
711
655
943
1690
1733
719
943
1690
655
1690
711
655
943
1690
1733
719
1308
111
2072
1308
84
1890
1308
84
84
719
180
27
76
1890
1635
298
1308
1308
84
76
1890
1308
1308
84
111
2072
1102
869
516
76
1678
1985
1286
675
675
2066
1733
675
675
111
2072
1808
1890
1724
34
774
999
1383
1117
1334
1766
1451
1451
1451
1451
1023
1451
1451
1724
1451
2014
1414
1560
83
98
550
1613
777
777
568
777
568
1451
777
885
1879
506
1296
63
1505
506
1947
952
1304
428
1642
1734
1296
1929
1527
943
1451
774
1829
1734
1296
1929
1527
943
1451
774
1829
931
766
943
586
1078
864
1734
1296
1929
1527
943
1451
774
1734
1296
1929
1527
943
1451
774
1734
1296
1929
1527
943
1451
774
1734
1296
1929
1527
943
1451
774
1184
57
2072
2120
482
762
942
1690
2098
1939
762
814
1809
1300
896
814
2120
762
1809
2098
1939
762
814
719
57
1824
1063
1809
1300
896
814
2120
762
1379
719
814
719
814
719
814
1063
1809
1087
233
1472
1164
642
482
771
896
896
1875
1001
2098
647
1758
1472
128
1221
1809
777
1563
1660
929
647
536
511
1110
1103
408
549
1364
1001
1370
502
426
225
64
1293
1383
1735
36
1303
1999
717
834
1901
864
1184
871
1569
1500
1758
660
1151
1362
1120
1351
1078
1806
1140
777
777
568
1451
1451
1023
777
1803
1451
777
1451
1451
777
367
71
1147
1959
777
1451
861
1991
586
777
568
943
777
777
1567
376
691
2108
586
861
586
605
1567
1505
961
105
608
1362
1120
1351
1078
1806
1140
1580
1972
777
1488
1505
608
105
284
1862
1947
586
1334
1543
1460
1120
351
1153
1362
978
1120
1929
943
677
1310
1947
304
774
861
105
608
777
1147
777
1741
7
1064
25
777
1803
1803
777
1631
1970
1311
1707
215
876
608
1460
1120
777
861
1991
586
777
1006
1120
610
777
777
1270
1929
943
677
1120
1351
1078
1806
1140
376
1817
1602
1362
1120
1351
1078
1806
1140
585
327
681
943
677
502
586
1270
1929
943
677
1120
1351
1078
1806
1140
376
1817
1602
1362
1120
1351
1078
1806
1140
777
608
1460
1120
861
1866
917
1120
462
777
1505
801
1991
1494
777
1991
1734
714
1929
1451
777
1451
777
1167
1451
1451
1023
777
777
351
777
351
839
1686
546
1206
349
879
249
777
1981
864
1451
947
777
943
777
1981
1444
100
777
1301
1052
1690
677
1052
1025
1300
993
1157
1206
349
837
349
604
1206
349
38
2098
34
2066
249
677
1690
933
2110
1451
777
1451
1451
1023
777
1451
1451
777
1023
1451
777
777
1532
1451
777
195
606
135
195
769
1480
1690
2089
751
1010
1480
1690
1468
1842
195
769
195
1978
83
520
1381
71
482
195
1978
83
520
1381
1027
351
1184
685
2078
1480
1690
1451
777
1451
568
1451
1451
777
1957
349
604
1384
1690
1256
677
1256
1303
2048
443
200
2048
1384
100
777
1792
1207
1256
692
750
1981
763
1484
1961
719
1932
1505
777
1451
777
777
1451
1023
777
1451
1451
95
1532
943
1451
774
1734
1296
1929
1527
943
1451
774
943
320
1357
1917
1301
1049
991
2092
466
284
1126
2100
1929
667
943
2100
1265
774
1265
1692
320
711
1929
943
1357
320
1692
320
711
1007
1301
274
1286
1991
1734
714
1929
95
1532
943
1451
774
1734
1296
1929
1527
943
1451
774
943
320
1357
1917
1301
1049
991
2092
466
1126
2100
1929
667
943
2100
1265
774
1265
1692
320
285
13
1692
320
711
1007
1301
1302
320
1301
1692
320
711
1929
943
1357
320
1451
1451
1451
777
1451
1451
777
568
777
1451
777
1451
1451
1724
1451
1451
1451
1451
1947
1532
943
1451
774
1734
1296
1929
1527
943
1451
774
943
320
1357
1671
1357
351
1126
2100
1929
667
943
2100
1265
774
1265
1692
320
711
1929
943
1357
320
1692
320
285
13
1734
714
1929
886
1567
1021
997
429
2090
1106
351
843
1551
1690
1169
42
1543
1993
223
1169
39
1318
1619
1270
1666
1809
111
943
1704
2054
376
1556
496
612
884
536
931
1929
1929
843
2120
1249
1346
1597
1929
677
1704
1929
677
1929
677
1929
677
1929
677
1809
376
1809
1257
1556
1809
777
162
1207
1106
466
376
333
858
83
1106
1207
685
813
1666
1318
1724
233
83
1106
2042
83
466
1110
1106
2042
519
466
523
272
1150
1118
1118
83
1010
742
1118
1118
466
1110
1523
1106
685
1903
1118
864
1118
691
87
1031
1547
466
83
1106
802
1451
1023
2098
1110
1391
715
1764
865
777
1505
175
523
272
1150
1118
1118
1118
466
83
1010
742
1118
1118
466
1110
1523
1106
685
1903
1118
864
1118
1016
777
1679
1806
376
777
48
1741
2094
186
1451
1451
1308
405
1184
517
1308
2043
1941
1448
1721
1747
405
1184
1520
755
1633
975
1567
1273
405
1184
719
27
779
1613
351
777
351
777
1451
1451
1451
1167
1451
1023
777
777
568
1451
1451
1451
777
1451
1023
777
1803
1451
1023
1451
1451
1451
1167
1451
1451
777
1451
1734
714
1929
1451
1451
777
568
1451
777
1311
568
1451
1451
777
1451
777
774
1451
1958
1261
586
1110
1261
586
292
1451
777
568
777
777
1451
777
1451
777
568
1451
777
1451
93
1451
714
1929
777
777
1023
777
1532
1451
777
777
568
1451
1451
1451
1734
714
1929
714
1929
1451
777
777
1451
1023
1991
1734
714
1929
801
1451
777
1451
777
568
1451
568
777
1532
943
1451
774
1734
1296
1929
1527
943
1451
774
943
2098
146
1839
722
1126
2100
1929
667
943
2100
1265
774
1265
943
1480
1301
1241
563
1451
777
345
719
675
677
672
719
57
675
351
1592
1502
1351
677
359
719
675
523
39
586
962
187
376
719
57
675
885
719
675
885
2090
890
836
675
858
568
1285
948
934
776
447
1285
1585
230
1236
719
675
1010
1876
1451
1451
777
351
777
951
1567
1236
510
777
777
1532
1451
1023
1167
1451
1451
777
1532
1451
777
1451
1451
1270
1929
943
677
1120
1351
1078
1806
1140
376
1817
1602
1362
1120
1351
1078
1806
1140
586
2031
1690
586
1493
1690
777
1505
1023
1451
95
1532
943
1451
774
1734
1296
1929
1527
943
1451
774
943
1026
2014
1456
1828
1041
690
1025
1126
2100
1929
667
943
2100
1265
774
1265
943
1480
1301
1241
711
124
584
777
1451
777
1451
777
777
1532
943
1451
774
1734
1296
1929
1527
943
1451
774
943
310
349
1363
1962
1126
2100
1929
667
943
2100
1265
774
1265
943
1480
1301
1241
711
124
584
943
1480
1301
1241
563
943
1480
586
1241
711
124
584
586
943
1480
1301
892
310
1451
1451
95
1532
943
1451
774
1734
1296
1929
1527
943
1451
774
943
943
276
1126
2100
1929
667
943
2100
1265
774
1265
943
677
711
1929
943
677
1300
310
943
677
943
769
943
677
586
1929
943
677
939
943
677
711
1929
943
677
939
943
677
586
655
943
677
711
1929
943
677
1300
310
943
677
711
655
943
677
711
1929
943
677
988
988
1451
95
1532
943
1451
774
1734
1296
1929
1527
943
1451
774
943
249
943
2066
249
685
1126
2100
1929
667
943
2100
1265
774
1265
943
677
711
1929
943
677
1451
777
568
1451
774
1330
1959
61
861
1910
699
598
1991
943
777
777
1110
943
1144
1959
1631
1283
1809
1451
777
1947
1532
943
1451
774
1734
1296
1929
1527
943
1451
774
943
2072
1126
2100
1929
667
943
2100
1265
774
1265
943
677
586
1929
943
677
943
677
711
1929
943
677
1451
1023
777
1532
1451
777
418
943
777
1225
1556
1378
1378
482
816
1174
777
1407
1704
814
70
116
1741
2006
1704
1705
418
777
383
1959
1451
777
1451
1451
1451
777
568
777
952
1303
2070
685
1009
1717
1808
614
2014
1567
79
947
1451
777
1532
1451
1023
777
777
1451
1023
1451
777
2101
2098
1631
777
568
568
1451
801
777
1734
714
1929
1451
2090
1981
1954
2114
66
124
368
286
931
957
1334
943
677
655
1052
836
777
1741
1717
1705
124
1442
1303
1705
943
677
511
336
352
777
1220
1288
1741
777
475
528
728
943
1480
506
945
943
677
1249
943
1480
1445
1540
528
1480
1604
943
1480
506
945
943
677
1249
943
1480
943
1480
1978
516
1678
325
468
691
7
777
677
1538
1567
1741
774
1791
2048
943
858
1766
1025
777
1705
1533
295
943
677
943
677
351
777
367
491
1488
490
1421
1970
908
774
2098
861
586
1724
1981
1533
1705
2053
1533
643
491
821
700
777
642
1451
1451
774
1991
1734
714
1929
777
1451
777
777
777
568
1451
777
1451
1616
1063
777
1451
1451
1167
1451
777
1451
1087
284
777
284
1741
777
1505
1451
507
943
1480
1301
604
490
943
677
1270
414
223
1270
943
677
719
2098
124
1058
1734
714
1929
1451
586
1723
1894
819
1334
586
1351
1010
931
2052
1078
502
586
1734
1434
1929
1465
1734
1434
1929
1465
816
816
1381
777
1130
933
777
351
943
677
1120
1351
677
846
655
1120
506
150
402
933
1613
943
1052
502
150
943
1052
655
943
677
2028
943
677
1413
943
677
943
677
677
111
1875
602
150
943
677
943
698
2101
586
2028
943
846
1413
943
846
943
846
2101
111
1875
602
150
943
846
586
74
73
943
249
1136
510
1052
910
310
83
1716
1381
2061
816
23
1003
816
23
1744
1785
1003
73
1247
2061
502
1304
1271
349
1766
1003
1108
944
1902
83
2040
13
816
23
1003
816
23
1744
1785
1003
944
1766
1381
162
1959
2031
83
2040
13
816
23
1003
816
23
1744
1785
1003
74
73
943
249
1136
510
1052
910
310
83
1716
1381
2061
816
1003
816
1003
73
1247
2061
502
1304
1271
349
1766
1003
1108
944
1902
83
2040
13
816
1003
816
1003
944
1766
1381
162
1959
2031
83
2040
13
816
23
1003
816
23
1744
1785
1003
1723
502
586
777
1451
1723
586
777
943
1723
586
586
506
2098
1102
502
586
1723
777
721
1167
1451
705
1274
301
711
1999
1339
1794
725
976
2029
287
1168
1074
1809
297
571
867
597
213
229
758
1788
99
1983
494
1778
867
229
758
229
1999
229
1875
229
1351
1788
99
1983
758
229
758
473
939
1103
473
939
1103
473
939
1103
473
939
473
939
473
939
473
939
473
54
473
54
473
54
802
473
54
802
473
54
802
473
939
392
473
939
392
473
939
392
473
939
168
473
939
168
473
939
1788
473
939
473
939
473
939
168
473
939
1788
473
939
473
473
1788
473
473
473
473
1929
943
677
249
1929
943
677
846
1929
943
677
846
1929
943
677
846
1351
229
758
1351
758
1788
99
1983
27
160
229
758
597
27
620
229
27
160
1999
597
229
27
229
27
160
27
1929
943
677
1351
1788
229
27
229
758
1351
758
1788
99
1983
27
160
229
758
597
27
620
229
27
160
1999
597
229
27
160
27
1788
1351
1788
99
1983
127
939
867
27
160
229
758
597
27
620
229
27
160
1999
597
229
1099
650
229
1099
105
1788
229
1099
650
229
1099
105
127
939
1351
1788
99
1983
416
353
867
229
758
1788
99
1983
867
229
758
1788
99
1983
867
597
213
229
758
1788
99
1983
583
867
229
758
1788
99
1983
1399
758
867
597
213
229
758
1788
99
1983
867
27
160
229
758
597
27
620
229
27
160
1999
597
229
1099
650
229
1099
105
1788
229
1099
650
229
1099
105
229
1099
1351
1788
99
1983
968
1843
867
27
160
661
792
738
1685
643
1809
1715
738
738
239
1809
1721
584
1168
295
943
677
368
836
878
943
677
494
943
677
675
557
677
1270
644
685
249
295
2098
1351
376
1315
494
1036
2094
333
1315
494
249
295
1949
943
777
1567
1741
1315
494
249
295
705
1351
376
1803
777
109
953
1741
1060
111
1410
1331
1673
1031
1389
852
1854
111
219
2098
740
1196
943
1636
740
1322
279
1957
1351
740
1527
1903
1527
721
740
1619
1116
1741
777
1451
777
1505
777
1261
1120
418
777
1261
586
1147
1580
943
356
290
944
993
1301
62
677
1894
777
334
1580
901
777
945
150
931
1451
674
1527
318
2018
290
993
1243
1126
1300
738
1265
1491
1265
1265
1265
1126
1300
738
1491
1265
1265
1265
1991
1734
714
1929
1724
1693
1911
1741
1572
2082
634
1175
943
801
1991
1494
777
1451
1947
1532
943
1451
774
1734
1296
1929
1527
943
1451
774
943
1619
943
1126
2100
1929
667
943
2100
1265
774
1265
943
677
711
1007
526
1332
368
1538
943
677
586
655
526
1332
368
586
368
1451
1451
262
677
534
677
777
696
769
534
777
801
1451
1451
777
1451
1451
1023
1311
1451
777
1947
1532
943
1451
774
1734
1296
1929
1527
943
1451
774
943
1729
1556
705
1206
1126
2100
1929
667
943
2100
1265
774
1265
943
677
711
1929
943
677
2099
1726
943
1480
1301
669
943
677
711
1929
943
677
2099
1726
943
677
586
1929
943
677
2099
1726
943
1480
1301
2059
943
677
586
1929
943
677
2099
1726
943
1480
1301
1241
1206
1451
1451
1439
406
1789
496
1451
777
1451
777
1532
943
1451
774
1734
1296
1929
1527
943
1451
774
943
943
1704
563
2098
887
1126
2100
1929
667
943
2100
1265
774
1265
943
1480
1301
711
943
1480
1301
1241
711
124
1446
943
1480
1301
669
943
1480
1301
1241
711
777
1451
777
1451
777
568
1451
777
1556
1910
477
1734
1929
943
1910
943
1567
973
1281
285
13
2087
1303
1184
1017
443
1184
1017
2098
258
1910
477
2100
1984
1270
2100
1910
1734
943
285
284
2098
1991
901
1959
777
1734
1929
943
1910
777
1074
1910
477
774
762
1451
1023
774
1157
1905
774
1791
2048
943
1567
973
1281
285
13
2087
1303
1184
1017
443
1184
1017
568
777
1734
1929
943
1910
477
1734
1929
943
1910
2098
1866
1385
2112
777
1991
494
584
1734
1929
1484
943
1556
1914
1910
477
1734
1929
943
1910
1451
1451
777
1451
777
777
1451
1741
731
1715
510
310
349
910
1715
510
310
349
1288
1911
579
1380
563
1808
124
777
1866
563
1461
1301
1678
1911
304
1448
1301
1631
1780
1956
1733
1301
455
200
2059
1168
431
519
1733
1799
519
999
1245
1903
1741
1803
777
749
519
1799
1903
431
519
1301
1733
777
1451
1367
943
1220
2080
2040
13
1493
124
510
1220
1556
1184
13
910
74
910
993
424
1580
1962
510
988
1184
2080
2040
988
2040
466
2067
1300
536
1629
2098
861
976
1300
1339
1460
2117
2098
995
2061
1653
1259
1188
1340
490
675
993
2098
1915
1724
988
685
1904
745
124
660
2080
2040
1493
988
1734
2100
1929
667
943
1471
943
2100
468
943
677
711
1007
526
310
1493
988
612
1816
510
95
1532
943
1451
774
1734
1296
1929
1527
943
1451
774
943
74
510
1806
1929
943
677
939
1199
304
988
2067
959
2080
2040
111
1126
2100
1929
667
943
2100
1265
774
1265
943
677
711
1007
526
310
1493
988
2080
2040
13
943
677
711
1007
526
310
988
13
639
1670
1188
1300
993
739
1985
13
1301
2094
600
584
1301
1188
310
200
124
124
27
1811
124
200
1985
925
1985
13
1678
1985
1985
925
1184
1735
2040
1184
1378
1678
1985
1985
1751
1678
943
677
406
993
993
1236
118
310
1907
1300
477
1346
1052
466
584
801
477
586
477
586
739
291
739
1308
584
492
988
2067
249
586
584
492
988
2067
249
586
993
301
2072
1929
943
677
988
2067
959
2080
2040
1929
943
677
1929
943
677
1734
714
1929
1451
1734
714
1929
1451
801
1991
1494
777
1451
777
1991
1734
714
1929
1451
1451
1023
1451
1288
993
1962
1704
1655
2080
2040
13
568
461
1902
766
510
1766
1043
1434
708
896
991
1043
943
38
367
670
1043
1434
777
777
568
1451
1451
1023
777
1451
777
777
568
777
1451
446
1741
943
456
943
846
2031
375
1567
863
1486
494
2079
1902
943
1052
1724
1052
943
776
2098
1613
619
1052
861
34
400
777
1712
329
1567
943
846
2031
1864
378
1864
971
309
1690
1174
719
31
668
1724
1567
1741
1451
777
801
1766
1023
1451
943
1451
1991
1494
1451
1023
1362
1120
1351
1078
1806
1140
777
777
1981
418
777
1451
388
1811
777
777
1451
777
1451
777
1451
1532
943
1451
774
1734
1296
1929
1527
943
1451
774
943
677
1475
1126
2100
1929
667
943
2100
1265
774
1265
943
677
711
1007
526
310
988
2080
2040
1420
1261
1120
525
1451
1734
714
1929
1451
1451
1451
777
1532
1451
1023
777
777
861
1110
1261
1120
1919
568
83
101
516
1138
568
777
1803
1069
1191
38
111
943
677
1705
2099
1303
655
1717
2099
1705
386
1136
386
917
1734
943
677
917
1734
1839
124
917
1734
124
293
198
1222
943
769
685
1705
943
1205
988
388
436
1026
943
1205
988
1875
874
2026
388
943
677
1205
486
1378
943
38
388
516
943
677
1205
486
668
516
861
400
1344
685
516
388
516
943
677
1205
486
668
516
861
400
1344
685
516
388
516
943
677
1205
486
668
516
861
400
1344
685
516
388
516
943
677
1205
486
2099
943
677
2099
1314
111
1451
1023
714
1929
1451
1532
943
1451
774
1734
1296
1929
1527
943
1451
774
943
1441
563
1611
1704
1126
2100
1929
667
943
2100
1265
774
1265
943
1480
1301
2058
282
2058
943
1480
1301
1241
711
563
1451
1451
777
1697
1451
777
1451
777
1947
1532
943
1451
774
1734
1296
1929
1527
943
1451
774
943
510
1542
816
1025
111
1126
2100
1929
667
943
2100
1265
774
1265
943
677
711
1007
526
310
13
943
677
711
1007
526
310
1493
1538
943
677
711
1007
526
310
407
1538
675
943
677
711
1007
526
310
1493
988
1493
13
943
677
711
1007
526
310
407
13
943
677
711
1007
526
310
1538
943
677
711
1007
526
310
1493
988
816
13
943
677
711
1007
526
310
407
988
407
13
943
677
711
1007
526
310
988
13
943
677
711
1007
526
310
13
943
677
711
1007
526
310
1897
988
1897
13
943
677
711
1007
526
310
1897
13
943
1480
1301
2054
2040
769
943
677
711
1007
526
310
407
1538
943
677
711
1007
526
310
988
2080
2040
13
943
677
711
1007
526
310
1897
1538
943
677
711
1007
526
310
1897
1538
675
943
1480
1301
1302
510
124
943
677
711
1007
526
310
1493
13
943
677
711
1007
526
310
13
943
677
711
1007
526
310
988
13
943
1480
1301
2054
2040
769
943
677
711
1007
526
310
1493
1538
675
777
1542
428
357
272
1744
1057
1920
777
1378
1488
777
943
777
1378
7
1333
1476
1786
1856
150
124
124
57
1308
38
150
719
150
1226
762
814
1840
979
921
1052
777
1462
1462
310
982
777
252
1919
510
1052
1055
616
124
1035
1141
1855
510
310
2102
1010
893
467
798
1856
188
245
782
666
1556
665
262
1594
13
1959
467
688
1055
167
1052
665
1003
858
616
310
688
1055
1010
1679
665
753
858
616
310
1752
1429
688
1055
665
1003
762
858
616
310
688
1055
1985
665
1003
655
858
616
310
688
1055
1057
665
1003
858
616
310
1003
846
705
1781
124
677
1907
124
1057
1614
2087
118
310
688
1055
463
1378
665
688
1055
16
1471
584
665
1984
84
616
310
665
1055
1797
719
1832
688
1055
84
665
84
1049
616
310
665
1055
1797
719
1832
777
1055
346
284
1803
2087
400
1621
865
13
685
761
1768
858
655
1196
1906
59
628
905
1828
893
616
858
1919
1538
150
368
13
761
343
1538
79
858
2098
1919
1702
999
688
1775
1499
84
129
769
2039
269
167
16
16
1100
1103
1999
302
1092
84
2087
466
1751
1413
1057
1095
1341
1373
710
2054
2098
903
1224
2098
1932
1840
1991
1161
482
1452
1277
2054
124
966
1101
1418
124
57
966
13
310
568
777
929
1699
761
777
136
1959
864
717
124
1959
777
1919
943
677
711
1007
526
310
13
685
761
616
124
1809
943
677
711
1007
526
310
988
816
13
44
13
2040
13
13
1538
1690
762
57
1196
2087
124
1196
685
1809
777
577
916
1959
510
1035
753
1010
467
1293
1707
580
1010
1872
1985
1809
777
1540
600
1379
616
310
225
670
584
1379
1379
1552
1379
1511
907
1772
225
521
616
310
1953
1984
1025
510
1056
408
1929
943
677
1300
1929
943
677
1300
279
1919
124
1984
279
262
1919
685
13
851
124
1057
376
677
1959
79
279
1919
279
1919
57
719
84
1445
1884
2109
83
1959
753
1010
467
688
1055
616
665
742
753
1010
1442
616
124
688
1010
1679
665
753
858
616
310
1752
1429
1911
568
688
463
1735
665
568
688
16
616
1471
584
665
1984
84
616
310
568
688
16
1832
1985
665
124
83
1010
616
648
1865
1505
921
233
2098
1273
124
83
1010
616
1010
124
966
616
1010
1163
124
966
761
2098
89
574
966
2098
1110
616
1010
89
1300
144
616
1010
2109
616
1010
2098
943
1599
777
2098
258
438
913
1809
2066
616
648
89
467
1761
400
1984
959
510
667
1832
1128
567
667
124
412
1573
667
124
412
616
1471
913
163
966
1211
723
846
1196
2055
1138
531
1762
2070
2089
2098
1249
943
858
275
13
175
2098
12
428
175
467
1203
1840
376
777
1378
943
1741
1573
233
510
510
1093
1809
1919
1999
767
1261
1191
2098
1273
124
83
1010
616
1010
124
966
124
83
2111
586
466
670
685
365
1959
1734
256
280
1859
233
1471
170
1789
1957
1617
124
1789
877
1573
310
793
1471
1789
310
310
580
1471
286
616
2022
310
1471
1192
1471
124
966
1580
272
1057
1677
1057
207
988
279
1672
448
943
777
24
1884
1451
1055
1342
2087
600
31
284
124
345
1985
124
83
1667
31
1010
2054
1803
777
24
1884
1451
1981
1191
1538
310
777
347
568
1261
1120
2102
1786
777
1505
1055
1959
677
1809
383
616
275
1012
1765
1953
13
761
2084
13
131
715
812
13
13
1953
13
1953
1462
310
362
1955
2068
422
846
13
685
1787
810
1797
1010
1381
677
418
943
777
24
1884
1451
1191
943
347
777
1981
1462
1538
777
1697
943
694
1959
1261
1120
1191
616
310
429
1500
1547
1538
655
1538
988
1948
140
1039
1222
1593
1303
1207
445
1583
1816
510
510
1547
465
465
1183
474
510
944
1538
655
798
1547
465
1547
2001
1451
777
1505
1451
1451
777
1451
1023
777
777
1532
1451
1023
1451
1451
777
1451
1451
777
777
777
1451
1023
1451
1451
1724
892
124
1035
1981
1591
1580
663
1051
1736
1937
188
1567
1567
1577
1741
71
7
233
124
1035
1044
729
1724
87
1932
1699
414
1668
1455
1337
1943
1740
1721
1626
1110
1526
280
1625
717
215
364
1509
885
1133
280
782
1954
2092
913
892
310
349
913
892
310
1724
1154
1920
1724
224
836
1911
1443
2105
943
860
176
691
2028
526
502
943
433
892
310
510
124
1035
1075
943
2098
510
452
943
1416
510
510
632
510
1035
510
892
310
373
943
2098
1542
124
1035
510
892
310
943
526
2098
632
892
310
861
137
1774
926
1170
454
292
1175
124
1035
1339
892
310
376
1175
124
893
1339
892
310
1288
777
124
893
1052
1567
864
1339
892
310
892
310
892
310
818
1012
2098
632
510
1326
510
658
1488
1733
350
510
131
1416
510
691
856
1959
943
1224
2112
1733
1382
892
310
1733
1919
892
310
1733
433
2098
160
892
310
1733
134
943
1836
1326
510
1733
251
2098
2106
1919
1797
1934
280
233
892
124
1035
1981
1591
188
1567
349
1138
468
913
892
310
913
892
310
233
124
1035
1044
933
310
1740
933
124
1035
454
292
1175
124
1035
1339
376
1175
124
893
1339
1288
777
124
893
1052
1567
864
1339
1796
649
1052
124
1035
892
310
2038
1707
1326
510
2098
1544
1796
44
1052
124
1035
2098
279
141
1650
933
310
2098
892
310
2098
892
310
141
1650
1311
1823
124
893
1052
124
893
892
310
1052
124
893
892
310
103
1052
211
1545
1326
241
1291
1937
1477
1740
1529
1455
892
310
124
1052
1052
124
893
1052
892
310
933
892
310
933
892
310
933
2000
531
1249
124
1052
1576
1707
939
1052
1190
124
124
893
933
851
13
2087
1060
1400
2098
1558
1105
73
2023
2076
137
1544
1724
1147
1585
265
1721
1495
1052
204
536
118
933
124
124
1052
978
691
2038
38
1028
892
310
933
892
310
933
892
310
933
1028
1321
1364
1052
1028
892
310
892
310
1028
535
1321
536
535
553
1613
933
1365
292
1175
124
1035
632
376
1155
1911
124
893
1113
1433
680
1052
1867
1567
1052
124
1035
1155
124
1035
617
462
41
979
1052
1957
922
526
489
1920
1532
943
1451
774
1734
1296
1929
1527
943
1451
774
943
1619
150
1126
2100
1929
667
943
2100
1265
774
1265
943
677
586
655
526
1332
368
586
368
943
677
711
1007
526
1332
368
1538
1991
1734
714
1929
1451
777
123
898
1751
510
777
1567
898
665
596
2061
1213
1023
777
1532
943
1451
774
1734
1296
1929
1527
943
1451
774
943
1184
1529
1032
2013
2040
13
1126
2100
1929
667
943
2100
1265
774
1265
943
677
586
1929
943
677
1300
943
677
711
1929
943
677
939
943
677
711
1929
943
677
1300
943
677
586
1929
943
677
939
943
677
586
1007
526
310
13
943
677
586
1007
526
310
777
777
1451
1451
777
1451
1451
777
1451
1451
777
777
1451
351
347
1261
1120
943
2075
600
1741
2098
2115
1936
266
677
1809
1120
846
1771
1944
1606
1567
818
1542
432
345
943
892
968
1809
943
677
943
846
1707
390
1981
449
1434
655
1052
823
1043
1981
1634
1809
1085
508
1734
1434
1929
1465
943
1959
1741
25
1616
1647
196
1809
1434
432
1647
574
1606
1389
535
2098
1732
1351
1373
1010
586
39
1199
1303
1389
2098
1733
1738
943
677
1705
691
106
1496
118
196
151
818
1647
357
71
1556
1665
1980
1562
1647
639
2066
342
1175
1090
1556
150
256
691
1741
1368
1647
1118
1595
432
1434
1980
691
1895
777
1451
586
1451
432
858
568
1389
1194
1981
2098
1500
885
124
1010
277
691
1605
84
1346
310
1968
1010
491
1488
1451
1831
82
1505
1741
2098
1912
266
351
777
1451
2090
1261
586
1772
95
1532
943
1451
774
1734
1296
1929
1527
943
1451
774
943
2013
2098
368
510
1126
2100
1929
667
943
2100
1265
774
1265
943
677
586
655
526
2013
586
2013
943
677
586
655
526
2013
586
2013
1690
943
677
711
1007
526
310
2013
1538
943
677
586
655
526
2013
586
2013
677
943
677
711
1007
526
310
2013
1538
2013
943
677
711
1007
526
310
2013
1538
943
677
586
655
526
2013
586
2013
1451
1451
777
1947
1532
943
1451
774
1734
1296
1929
1527
943
1451
774
943
1760
654
1126
2100
1929
667
943
2100
1265
774
1265
943
1480
1301
1451
1947
1532
943
1451
774
1734
1296
1929
1527
943
1451
774
943
1488
1872
2072
1939
477
2072
1126
2100
1929
667
943
2100
1265
774
1265
943
677
711
1929
943
677
1300
1007
777
568
1451
777
1451
777
1532
943
1451
774
1734
1296
1929
1527
943
1451
774
943
1032
1781
1690
2087
2013
1885
685
2013
1885
1126
2100
1929
667
943
2100
1265
774
1265
943
677
711
1007
526
310
2013
988
2013
13
943
677
586
655
526
874
943
677
586
655
526
2013
586
2013
677
943
677
586
655
526
1690
943
677
586
655
526
2013
586
2013
943
677
586
655
526
2013
586
2013
943
677
586
655
526
2013
586
2013
943
677
586
655
526
874
1690
943
677
711
1007
526
310
2013
1538
943
677
586
655
526
2013
586
2013
1690
943
677
586
655
526
2013
586
2013
677
943
677
586
655
526
874
943
677
586
655
526
943
677
586
655
526
1690
943
677
586
655
526
874
1690
943
677
586
655
526
943
677
711
1007
526
310
2013
1538
2013
943
677
586
655
526
874
943
677
586
655
526
943
677
711
1007
526
310
2013
988
2013
13
943
677
586
655
526
2013
586
2013
1690
943
677
711
1007
526
310
2013
1538
943
677
711
1007
526
310
2013
1538
2013
1167
1451
1023
1451
777
1451
777
568
777
1451
1451
1023
70
1261
586
586
124
83
1460
1189
1766
586
1567
777
1451
1023
1451
777
818
150
731
1616
860
150
1690
2098
1251
858
740
740
858
323
2040
1049
943
1690
83
740
655
2038
943
1690
1010
943
1690
150
858
2100
1165
1734
1929
943
2100
943
943
1690
502
150
943
1690
674
83
150
655
2038
943
1690
1010
943
1690
655
1829
368
1303
1690
655
943
1690
943
1300
1866
506
1010
963
608
1724
111
943
943
1690
1413
943
1690
943
1690
323
2040
1049
943
1690
323
2040
1049
943
1690
323
2040
1049
943
1690
323
2040
1049
943
1690
943
1300
323
2040
1049
943
1690
943
1300
323
2040
1049
943
1690
2080
323
2040
1049
943
1690
2080
323
2040
1049
943
1690
2080
323
2040
1049
943
1690
2080
323
2040
1049
943
1690
2080
1806
323
2040
1049
943
1690
2080
1806
323
2040
1049
943
1690
2080
1126
1690
323
2040
1049
943
1690
2080
1126
1690
323
2040
1049
943
1690
2080
1126
323
2040
1049
943
1690
2080
1126
323
2040
1049
943
1690
2080
1541
2072
323
2040
1049
943
1690
2080
1541
2072
323
2040
1049
943
1690
1733
323
2040
1049
943
1690
1733
323
2040
1049
943
1690
1733
323
2040
1049
943
1690
1733
913
1733
323
2040
1049
943
1690
1733
913
1733
323
2040
1049
943
1690
1733
249
323
2040
1049
943
1690
1733
249
323
2040
1049
943
1690
1733
57
323
2040
1049
943
1690
1733
57
323
2040
1049
943
1690
1733
988
323
2040
1049
943
1690
1733
988
323
2040
1049
943
1690
1733
719
323
2040
1049
943
1690
1733
719
323
2040
1049
943
1690
1733
869
323
2040
1049
943
1690
1733
869
323
2040
1049
943
1690
1733
124
323
2040
1049
943
1690
1733
124
323
2040
1049
943
1690
1733
510
323
2040
1049
943
1690
1733
510
323
2040
1049
943
1690
1733
675
323
2040
1049
943
1690
1733
675
323
2040
1049
943
1690
1733
323
2040
1049
943
1690
1733
323
2040
1049
943
1690
1007
323
2040
1049
943
1690
1007
323
2040
1049
943
1690
1007
323
2040
1049
943
1690
1007
896
323
2040
1049
943
1690
1007
896
323
2040
1049
943
1690
1007
1308
323
2040
1049
943
1690
1007
1308
323
2040
1049
943
1690
1007
526
323
2040
1049
943
1690
1007
526
2098
861
864
1724
128
864
1110
731
1734
1929
1484
943
943
655
1690
1451
885
1672
128
1285
368
1236
1063
67
379
1270
1693
1669
1826
465
1083
943
1669
1826
294
1074
1110
1493
1787
837
2110
990
359
2054
2085
1345
1741
1907
1342
1493
1839
988
1919
18
1252
1222
1493
1533
750
1063
366
1063
1063
1063
1063
1556
560
1126
1300
896
310
1493
814
1379
719
814
1063
1493
943
1061
1003
18
1244
2098
465
1300
2117
351
1183
1300
2117
376
574
506
1920
376
2021
1585
249
1183
1270
2111
1120
1270
1126
1300
896
586
310
1493
814
1379
719
814
1063
1493
359
777
307
368
376
435
1455
465
1176
1009
1467
456
1176
1724
885
452
943
1884
1451
1330
943
2091
711
219
1911
1922
988
1839
1613
1000
435
1529
482
145
18
1244
1055
1772
1418
2054
1244
1026
1003
465
750
777
1803
1991
1741
1278
1443
1291
1036
1741
1839
2054
885
376
927
461
1451
2077
1451
714
1929
1451
1451
1451
777
1261
586
347
1451
777
1505
777
1037
1120
584
584
506
95
584
584
1819
376
584
977
584
353
584
777
1451
347
943
1197
1991
494
861
864
1734
1929
1484
943
1734
714
1929
943
1451
691
861
1991
777
801
1451
1991
1734
714
1929
1451
225
280
1451
1451
777
777
568
777
777
1451
777
1451
1451
1451
1451
777
568
777
1734
714
1929
777
1451
1532
943
1451
774
1734
1296
1929
1527
943
1451
774
943
1616
1527
1735
1527
1349
1421
690
1025
1126
2100
1929
667
943
2100
1265
774
1265
943
1480
1301
274
777
777
584
1045
83
898
2087
413
1104
11
1512
584
584
898
584
584
943
711
95
584
1929
943
850
285
95
584
943
1480
95
584
943
1692
95
584
943
677
95
584
943
846
95
584
943
1690
95
584
584
506
95
584
584
1819
376
584
977
584
353
584
1451
777
692
861
774
1809
1786
1451
1451
1023
1451
1023
1451
95
1532
943
1451
774
1734
1296
1929
1527
943
1451
774
943
933
1488
482
812
1126
2100
1929
667
943
2100
1265
774
1265
943
1480
1301
943
1480
1301
1692
892
470
144
943
1480
1301
1241
711
124
584
1451
777
777
1451
1451
777
1505
1947
1532
943
1451
774
1734
1296
1929
1527
943
1451
774
943
1919
685
249
1283
769
1126
2100
1929
667
943
2100
1265
774
1265
943
677
711
1929
943
677
943
677
711
1929
943
677
1300
1007
943
677
586
1929
943
677
1300
943
677
711
1929
943
677
943
677
711
1007
526
988
249
13
943
677
586
1929
943
677
939
943
677
711
1929
943
677
1300
1007
943
677
711
1929
943
677
939
943
677
711
1929
943
677
1300
310
943
677
711
1007
1890
769
943
677
586
1929
943
677
939
943
677
586
1929
943
677
1300
1939
943
677
711
1007
526
988
249
13
943
677
711
1929
943
677
943
677
711
1929
943
677
939
943
677
711
1929
943
677
939
943
677
711
1929
943
677
943
677
711
1929
943
677
1300
1939
943
677
711
1929
943
677
943
677
711
1929
943
677
1300
943
677
711
1929
943
677
1300
1007
943
677
711
1929
943
677
943
677
711
1007
769
943
677
711
1929
943
677
2072
943
677
711
1929
943
677
1300
310
943
677
711
1929
943
677
1451
568
1451
777
351
777
1808
24
1451
2098
94
1724
777
1451
71
1014
2013
1556
1451
1023
777
1451
1023
543
1052
1052
2094
1678
1493
1493
1018
27
766
1184
1378
1678
1947
1532
943
1451
774
1734
1296
1929
1527
943
1451
774
943
543
1678
1493
1493
1126
2100
1929
667
943
2100
1265
774
1265
943
1480
1301
1241
711
124
584
777
777
1505
774
1807
777
777
1803
71
1567
347
943
1451
1023
1451
777
568
777
1451
777
1167
1451
1451
1303
1529
482
658
2109
488
482
1899
539
1808
947
798
1451
777
1451
777
777
1981
1653
815
717
1451
1023
1493
1864
1898
406
584
124
124
1929
1493
677
978
219
229
269
1383
229
269
1383
229
229
229
1929
988
988
1929
1493
677
1929
124
1929
124
1929
1493
677
1929
124
1929
1493
677
1929
1493
677
711
1451
777
1167
777
1371
586
586
347
861
1866
917
586
1371
1334
586
1451
1023
1947
1532
943
1451
774
1734
1296
1929
1527
943
1451
774
943
152
1757
516
1721
735
1126
2100
1929
667
943
2100
1265
774
1265
943
677
711
1007
526
310
988
2040
13
943
677
711
1007
526
310
1493
988
2040
13
1451
1451
777
777
1451
1451
1451
1451
1734
714
1929
1613
111
1451
1947
1532
943
1451
774
1734
1296
1929
1527
943
1451
774
943
1043
943
404
1236
677
1533
1378
1184
943
769
1126
2100
1929
667
943
2100
1265
774
1265
943
677
711
655
943
677
943
677
711
1929
943
677
988
988
943
677
586
655
43
774
1451
1451
1451
347
1451
351
777
188
787
777
351
777
2098
1542
652
985
1301
467
1999
1901
658
542
1496
1160
1924
1981
777
351
777
777
1451
777
1991
1734
714
1929
1451
351
777
652
985
1224
551
200
1103
685
1451
1451
1734
714
1929
801
777
1451
777
1803
1451
1734
714
1929
1451
1167
1451
777
777
600
777
1451
777
1451
801
1451
1991
1734
714
1929
777
568
1451
777
1451
1803
1567
1261
586
1959
347
1451
777
1451
1451
1023
777
777
777
1451
1023
1451
777
777
1451
2087
1093
1057
766
568
1436
1045
83
1532
943
1451
774
1734
1296
1929
1527
943
1451
774
943
943
538
1944
1126
2100
1929
667
943
2100
1265
774
1265
943
892
711
655
256
450
943
892
711
655
943
256
1745
943
892
711
655
943
2008
748
1745
943
892
711
655
943
943
943
892
711
655
943
943
943
892
711
655
943
943
943
892
711
655
943
943
1112
1334
943
892
711
655
943
892
711
655
943
943
114
943
892
711
655
943
256
943
892
711
655
943
892
711
655
943
2008
748
905
943
892
711
655
471
943
892
711
655
943
256
1462
943
892
711
655
2008
217
586
943
892
711
655
1033
1033
943
892
711
655
943
943
629
943
892
711
655
464
943
892
711
655
2008
748
905
943
892
711
655
943
2008
1745
943
892
711
655
2008
748
1745
943
892
711
655
1279
943
892
711
655
943
892
711
655
2072
1703
2080
325
943
892
711
655
943
256
1304
940
943
892
711
655
943
2008
217
1334
943
892
711
655
943
892
711
655
806
943
892
711
655
943
256
943
892
711
655
2008
1702
943
892
711
655
943
496
943
892
711
655
256
943
892
711
655
943
892
711
655
2008
943
892
711
655
2008
847
943
892
711
655
943
943
943
892
711
655
2088
943
892
711
655
943
1033
1033
943
892
711
655
943
943
943
892
711
655
2008
217
1334
943
846
586
655
2072
1703
943
892
711
655
943
943
943
892
711
655
943
256
1008
943
892
711
655
943
943
534
943
892
711
655
943
943
1112
943
892
711
655
1112
586
943
892
711
655
256
943
892
711
655
943
892
711
655
943
943
1122
943
892
711
655
1162
943
892
711
655
943
892
711
655
943
943
2080
532
943
892
711
655
943
2008
217
569
943
892
711
655
1033
1033
943
892
711
655
943
256
1056
943
892
711
655
943
943
1300
943
892
711
655
1705
943
892
711
655
943
1745
943
892
711
655
943
943
1762
943
892
711
655
2008
217
943
892
711
655
943
943
892
711
655
943
2008
269
665
943
892
711
655
2080
532
943
892
711
655
2008
217
569
943
892
711
655
1112
943
892
711
655
1798
943
892
711
655
943
892
711
655
2008
847
943
892
711
655
943
943
806
943
892
711
655
943
892
711
655
1538
943
892
711
655
256
812
943
892
711
655
943
892
711
655
2008
905
943
892
711
655
256
1008
943
892
711
655
943
2008
217
943
892
711
655
943
892
711
655
256
943
892
711
655
1762
943
892
711
655
943
943
892
711
655
256
905
943
892
711
655
943
943
892
711
655
943
2008
217
586
855
2037
943
892
711
655
114
943
892
711
655
891
943
892
711
655
616
1750
1567
1334
943
892
711
655
629
943
892
711
655
1973
943
892
711
655
943
943
892
711
655
943
892
711
655
2008
217
586
855
2037
943
892
711
655
943
2008
217
586
943
892
711
655
1112
586
943
677
285
13
943
892
711
655
943
256
905
943
892
711
655
943
943
1973
943
892
711
655
943
1203
943
677
586
655
943
892
711
655
943
892
711
655
616
1750
1567
943
892
711
655
496
943
892
711
655
943
943
1112
586
943
892
711
655
943
943
1120
943
892
711
655
943
943
1973
943
892
711
655
943
943
1921
943
892
711
655
256
943
892
711
655
905
943
892
711
655
943
943
1120
943
892
711
655
616
1750
1567
1254
943
892
711
655
943
943
943
892
711
655
256
1300
943
892
711
655
943
892
711
655
943
892
711
655
943
777
1153
586
1647
1929
1094
1184
1126
1938
13
769
9
584
1045
83
898
2087
413
1104
11
1512
584
584
898
584
584
943
711
1947
584
1929
943
850
285
1140
584
943
1480
1140
584
943
1692
1140
584
943
1357
1140
584
943
677
1140
584
943
846
1140
584
943
1690
1140
584
943
655
1690
1140
584
943
270
1690
1140
584
943
1124
1140
584
943
655
1124
1140
584
943
270
1124
1140
584
584
506
1947
584
584
1819
376
584
977
584
353
584
993
978
802
1998
1929
1045
1929
1045
1340
83
850
943
2087
1798
1045
1771
1118
1918
943
1918
943
2100
1413
1045
2038
993
993
510
996
1806
1866
1351
973
993
1866
1351
973
1303
917
496
2010
993
993
1806
859
861
1249
633
1947
1532
943
1451
774
1734
1296
1929
1527
943
1451
774
208
943
943
538
1944
1126
2100
1929
667
943
2100
1265
774
1265
943
892
711
655
943
1538
943
892
711
655
943
1959
943
892
711
655
943
892
711
655
943
256
13
943
892
711
655
943
256
943
892
711
655
943
943
237
943
892
711
655
1203
943
892
711
655
943
943
1112
586
943
892
711
655
943
943
1921
943
892
711
655
256
1008
943
892
711
655
943
943
806
943
892
711
655
114
943
892
711
655
2088
943
892
711
655
943
943
1112
586
943
892
711
655
943
2008
528
943
892
711
655
1120
943
892
711
655
943
471
943
892
711
655
943
943
943
892
711
655
943
943
1762
943
892
711
655
943
256
943
892
711
655
943
2008
217
569
943
892
711
655
2008
217
586
855
2037
943
892
711
655
943
2008
847
943
892
711
655
2008
1702
943
892
711
655
2008
972
943
892
711
655
256
450
943
892
711
655
943
892
711
655
943
256
1008
943
892
711
655
943
943
2088
943
892
711
655
1921
943
892
711
655
943
943
892
711
655
943
892
711
655
256
943
892
711
655
943
943
114
943
892
711
655
1122
943
892
711
655
943
2008
217
586
855
2037
943
892
711
655
943
256
450
943
892
711
655
616
1750
1567
1254
943
892
711
655
943
2008
217
586
943
892
711
655
256
349
943
892
711
655
943
943
943
892
711
655
2008
269
665
943
892
711
655
2080
532
943
892
711
655
943
943
892
711
655
256
1300
943
892
711
655
943
256
349
943
892
711
655
256
943
892
711
655
943
1033
1033
943
892
711
655
943
943
1120
943
892
711
655
943
943
943
892
711
655
256
1745
943
892
711
655
943
1745
943
892
711
655
943
943
943
892
711
655
943
2008
217
943
892
711
655
943
892
711
655
943
943
943
892
711
655
806
943
892
711
655
943
892
711
655
496
943
892
711
655
616
1750
1567
1334
943
892
711
655
1705
943
892
711
655
1745
943
892
711
655
943
2008
972
943
892
711
655
943
943
496
943
892
711
655
2008
905
943
892
711
655
1120
943
892
711
655
2008
748
1745
943
892
711
655
943
1033
1033
943
892
711
655
943
943
464
943
892
711
655
943
892
711
655
943
943
2099
943
892
711
655
1973
943
892
711
655
496
943
892
711
655
2008
1745
943
892
711
655
943
943
943
892
711
655
943
2008
217
586
2037
943
892
711
655
1112
1334
943
892
711
655
2008
217
586
2037
943
892
711
655
943
943
943
892
711
655
943
256
943
892
711
655
943
943
1120
943
892
711
655
1112
943
892
711
655
943
2008
748
847
943
892
711
655
2008
847
943
892
711
655
943
2008
943
892
711
655
2008
217
1334
943
892
711
655
943
892
711
655
943
616
1750
1567
1334
943
892
711
655
943
943
943
892
711
655
943
892
711
655
943
256
943
892
711
655
943
256
1300
943
892
711
655
2008
943
892
711
655
943
2008
943
892
711
655
943
943
943
892
711
655
943
892
711
655
2008
217
1755
943
892
711
655
943
2008
905
943
892
711
655
2008
748
847
943
892
711
655
943
256
905
943
892
711
655
256
943
892
711
655
2008
1745
943
892
711
655
943
943
943
892
711
655
2008
217
586
943
892
711
655
943
943
943
892
711
655
943
256
237
943
892
711
655
2008
217
943
892
711
655
943
943
1973
943
892
711
655
943
2008
217
943
892
711
655
943
892
711
1947
1532
943
1451
774
1734
1296
1929
1527
943
1451
774
943
943
538
1944
1126
2100
1929
667
943
2100
1265
774
1265
943
892
711
655
1279
943
892
711
655
943
2008
1702
943
892
711
655
943
892
711
655
1973
943
892
711
655
943
2008
972
943
892
711
655
943
943
943
892
711
655
2008
905
943
892
711
655
943
256
1300
943
892
711
655
2008
1745
943
892
711
655
943
892
711
655
1120
943
892
711
655
496
943
892
711
655
256
1056
943
892
711
655
2008
748
1745
943
892
711
655
256
943
892
711
655
943
943
496
943
892
711
655
943
38
943
892
711
655
256
608
943
892
711
655
534
943
892
711
655
943
256
154
943
892
711
655
943
943
943
892
711
655
943
943
1122
943
892
711
655
256
905
943
892
711
655
943
1279
943
892
711
655
256
1605
943
892
711
655
943
2008
217
943
892
711
655
2008
972
943
892
711
655
943
2008
1745
943
892
711
655
256
1300
943
892
711
655
943
256
943
892
711
655
943
1959
943
892
711
655
256
237
943
892
711
655
2008
748
905
943
892
711
655
256
943
892
711
655
2008
217
1755
943
892
711
655
943
943
1921
943
892
711
655
943
943
943
892
711
655
2008
905
943
892
711
655
1122
943
892
711
655
943
943
943
892
711
655
943
892
711
655
943
892
711
655
1120
943
892
711
655
943
1656
943
892
711
655
943
943
892
711
655
943
616
1750
1567
1334
943
892
711
655
943
892
711
655
943
943
1120
943
892
711
655
943
905
943
892
711
655
616
1750
1567
943
892
711
655
1112
943
892
711
655
943
943
464
943
892
711
655
1798
943
892
711
655
114
943
892
711
655
943
892
711
655
1033
1033
943
892
711
655
943
2008
905
943
892
711
655
943
2008
943
892
711
655
2008
943
892
711
655
943
2008
217
586
2037
943
846
586
655
2072
1703
943
892
711
655
943
2008
528
943
892
711
655
1745
943
892
711
655
943
943
1300
943
892
711
655
1959
943
892
711
655
256
349
943
892
711
655
943
1203
943
892
711
655
806
943
892
711
655
943
892
711
655
943
256
812
943
892
711
655
943
943
1973
943
892
711
655
256
812
943
892
711
655
943
2008
217
943
892
711
655
943
256
237
943
892
711
655
943
943
1112
586
943
892
711
655
943
2008
905
943
892
711
655
256
1462
943
892
711
655
943
943
943
892
711
655
943
2008
1745
285
13
943
892
711
655
943
943
2088
943
892
711
655
1112
1334
943
892
711
655
943
616
1750
1567
943
892
711
655
943
1705
943
892
711
655
616
1750
1567
1254
943
892
711
655
2008
217
943
892
711
655
943
943
892
711
655
256
1304
940
943
892
711
655
943
943
943
892
711
655
943
943
534
943
892
711
655
2008
905
943
892
711
655
256
943
892
711
655
943
2008
847
943
892
711
655
1112
586
943
892
711
655
943
943
943
892
711
655
943
1745
943
892
711
655
943
943
943
892
711
655
943
2008
748
847
943
892
711
655
943
256
1745
943
892
711
655
943
256
943
892
711
655
943
943
2080
532
943
892
711
655
943
892
711
655
943
943
943
892
711
655
2099
943
892
711
655
943
2008
217
586
855
2037
943
892
711
655
1762
943
892
711
655
256
1008
943
892
711
655
943
892
711
655
943
256
943
892
711
655
2008
217
586
855
2037
943
892
711
655
1973
943
892
711
655
943
892
711
655
616
1750
943
892
711
655
943
496
7
1451
1451
777
1947
1532
943
1451
774
1734
1296
1929
1527
943
1451
774
943
1692
272
707
1357
244
876
707
959
1126
2100
1929
667
943
2100
1265
774
1265
943
677
586
1929
943
677
939
943
677
711
1929
943
677
1357
943
677
711
1929
943
677
939
777
1451
1532
943
1451
774
1734
1296
1929
1527
943
1451
774
943
1715
310
349
310
1759
1391
1126
2100
1929
667
943
2100
1265
774
1265
943
677
711
1007
526
310
13
943
677
711
1007
526
310
13
943
677
711
1929
943
677
1300
943
677
711
1007
526
310
13
943
677
711
1007
526
310
13
943
677
711
1007
526
310
2013
13
943
677
711
1007
526
310
13
943
677
711
1007
526
310
2013
13
943
677
711
1007
526
310
13
943
677
711
1007
526
310
13
943
677
711
1007
526
310
13
943
677
711
1007
526
310
2013
13
943
677
711
1007
526
310
13
943
677
711
1007
526
310
13
943
677
711
1007
526
310
13
943
677
711
1007
526
310
13
943
677
711
1007
526
310
13
943
677
711
1007
526
310
1493
13
943
677
711
1007
526
310
195
13
943
677
711
1007
526
310
13
943
677
711
1007
526
310
1897
13
943
677
711
1007
526
310
13
943
677
711
1007
526
310
13
943
677
711
1007
526
310
13
943
677
711
1007
526
310
2065
13
943
677
711
1007
526
310
13
943
677
711
1007
526
310
1493
13
943
677
711
1007
526
310
407
13
943
677
711
1007
526
310
195
13
943
677
711
1007
526
310
1493
13
943
677
711
1007
526
310
13
943
677
711
1007
526
310
2013
13
943
677
711
1007
526
310
2065
13
943
677
711
1007
526
310
195
13
943
677
711
1007
526
310
2098
760
1043
1864
1864
1052
1052
1304
1109
72
1741
1724
376
691
760
1451
1016
1741
90
667
1457
2098
849
452
943
850
1303
1864
1052
1052
1451
777
1451
1489
861
2043
418
1311
1734
1929
1484
943
774
777
1954
1567
1052
1567
1175
1532
943
1451
774
1734
1296
1929
1527
943
1451
774
943
1692
1600
170
1556
1692
906
349
1357
1126
2100
1929
667
943
2100
1265
774
1265
943
1480
1301
1692
711
697
777
1451
943
70
1451
1505
777
901
327
2098
861
1268
777
777
1505
1947
1532
943
1451
774
1734
1296
1929
1527
943
1451
774
943
1126
2100
1929
667
943
2100
1265
774
1265
943
1480
1301
1692
711
124
1446
777
777
1451
1451
777
1451
1451
1023
777
1451
1451
861
1991
777
1221
777
1451
1947
1532
943
1451
774
1734
1296
1929
1527
943
1451
774
943
1493
124
893
17
1126
2100
1929
667
943
2100
1265
774
1265
943
677
711
1007
526
310
1493
13
1451
1451
1167
1451
1451
1023
1685
1184
816
1645
383
510
1035
2005
510
893
1734
1929
943
2083
1451
943
677
711
1007
526
310
988
816
13
526
561
2005
73
482
1174
1126
943
1929
1300
526
933
1174
1184
1378
124
1378
510
1378
510
1052
1126
943
1929
1300
526
933
1174
1556
1184
1378
1556
124
1378
510
1378
510
1052
1126
943
1929
1300
526
933
1174
1480
1206
1184
1378
1480
1206
124
1378
510
1378
510
1052
1741
959
988
1184
816
816
1480
254
383
510
893
1451
1023
777
1981
1653
815
777
568
1774
133
1421
1451
1451
777
1947
1532
943
1451
774
1734
1296
1929
1527
943
1451
774
943
1357
249
2042
1089
864
1721
1974
1126
2100
1929
667
943
2100
1265
774
1265
943
711
1007
1480
1301
1692
1451
568
1451
1023
1451
1025
1734
714
1929
777
568
1451
777
777
777
1451
777
568
777
568
1451
1451
1959
2098
1509
1152
1251
1809
2043
2043
1983
1983
2087
2087
1278
1174
1317
29
1809
1809
1809
711
525
1000
1127
913
1945
516
624
391
762
1052
624
1162
685
614
111
111
1678
1751
685
685
614
111
111
1678
1351
1809
1809
2087
1978
1196
1809
1451
777
568
1451
1167
1451
1451
1451
1202
943
2100
1471
1808
1245
1674
71
1147
1741
1580
1741
1303
793
943
1303
1809
1451
1580
1024
943
1303
1086
1734
1929
1484
943
943
2068
402
704
150
502
402
704
1580
1816
2013
943
510
1955
2021
1809
1485
1770
1819
111
111
111
111
111
111
1176
1485
1770
1819
111
111
1885
769
2040
13
1485
1052
1690
506
1052
1809
45
502
1864
602
150
1126
256
1816
461
1390
1678
1809
1485
1770
1819
111
111
111
111
111
111
111
111
1485
1770
1819
111
111
111
111
111
111
648
111
111
111
111
13
111
111
13
111
111
1885
111
111
769
111
111
2040
13
1809
2021
1809
1138
124
124
2011
742
614
1556
1556
550
614
742
1809
1339
660
272
1138
1547
2112
23
861
710
830
885
691
1741
879
1025
943
1912
574
1547
1809
483
1339
711
1547
1942
1809
1138
124
124
2011
742
614
1556
1556
550
614
742
1809
1861
893
711
1547
1942
1809
1273
1138
614
1556
1234
1937
1138
2011
124
1270
550
614
1696
124
2054
742
685
1378
1937
1032
614
614
1234
1234
2011
2011
124
550
614
742
685
1378
1937
614
614
1234
1234
2011
2011
685
1378
1937
1234
1234
2011
2011
1809
893
1937
1937
1138
1003
1937
1000
1138
1381
443
73
1138
1981
348
1500
1547
685
1809
685
1937
2011
742
1234
614
1809
1902
1025
1010
1809
81
516
323
943
846
323
764
1717
516
81
323
943
846
323
323
323
943
846
323
1547
323
323
943
846
323
1547
1717
1547
901
925
323
943
846
1547
1418
1809
2094
777
578
2094
1610
1451
1831
1741
578
2100
1984
1165
63
777
2098
861
400
1932
1741
691
1303
667
1126
256
1303
943
1390
1678
943
944
429
402
1864
1902
171
1123
406
1614
944
2087
1809
111
1819
648
13
13
1885
769
2040
13
111
1770
648
1819
111
111
2013
13
1809
1832
1471
1303
236
150
1864
1864
626
1321
1978
63
357
777
284
1138
2112
1009
73
1138
777
777
1451
1451
1023
777
1451
1451
777
568
1451
777
777
1505
188
233
1070
1991
1494
1451
851
200
1809
1935
13
467
988
685
1451
777
1532
943
1451
774
1734
1296
1929
1527
943
1451
774
943
150
978
1126
2100
1929
667
943
2100
1265
774
1265
943
677
711
1007
526
310
2013
1538
677
943
677
711
1007
526
310
2013
1538
2013
1690
943
677
711
1007
526
310
2013
1538
2013
677
943
677
711
1007
526
310
2013
1538
943
677
711
1007
526
310
2013
1538
2013
1591
1685
1809
1741
1616
177
381
2032
1741
1189
1616
381
1389
408
207
419
419
1192
1866
185
1195
1789
1907
1638
408
1808
1616
1429
2098
219
1434
121
78
1011
1233
177
668
2054
1009
930
426
1434
365
1685
1809
726
1937
71
428
1429
1746
1904
1773
1627
280
466
1389
2112
777
777
1451
1451
777
1451
1451
777
1451
777
1451
1451
777
777
1532
1451
1023
1451
1451
777
777
1451
777
568
1451
1567
596
1991
1231
596
1991
1231
510
347
861
613
1652
1803
1704
349
777
100
1394
917
1704
1962
1363
911
1451
600
777
347
600
777
1451
1532
943
1451
774
1734
1296
1929
1527
943
1451
774
943
1303
1993
943
2013
1153
229
1126
2100
1929
667
943
2100
1265
774
1265
943
677
711
1007
526
310
2013
1538
2013
124
943
677
586
655
526
2013
586
2013
677
943
677
586
655
943
677
586
655
526
2013
586
2013
677
943
677
586
655
943
677
586
655
526
2013
586
2013
943
677
711
1007
526
310
1538
124
943
677
711
1007
616
275
83
719
943
677
711
1007
526
310
2013
1538
2013
124
943
677
586
655
526
2013
586
2013
943
677
586
655
526
2013
586
2013
943
677
586
1007
2002
139
510
2013
1538
2013
124
943
677
711
1007
526
310
1538
124
1386
1097
346
1386
1362
1191
487
1126
1434
1929
328
487
943
777
1451
980
1386
1097
777
1386
170
1789
1451
1334
1829
1723
1734
1296
1929
1527
943
1451
586
777
1829
1157
1322
1104
1386
1097
346
1386
1362
1191
487
1126
1434
1929
328
487
943
777
1451
980
1386
1097
777
1386
170
1789
1451
1334
1829
1723
1734
1296
1929
1527
943
1451
586
777
1829
1157
1322
1104
1386
1097
346
1386
1362
1191
487
1126
1434
1929
328
487
943
777
1451
980
1386
1097
777
1386
170
1789
1451
1334
1829
1723
1734
1296
1929
1527
943
1451
586
777
1829
1157
1322
1104
777
43
1741
1386
1097
346
1386
1362
1191
487
1126
1434
1929
328
487
943
777
1451
980
1386
1406
1791
1386
777
1614
1791
532
1386
1097
1120
752
1386
777
837
951
1242
1120
861
1992
1808
1120
777
861
84
1069
731
429
947
777
1386
1406
1386
100
777
1545
1819
114
1281
1386
1406
1386
1808
1647
669
1386
1406
1175
1887
1386
100
777
1545
1819
1175
1887
1281
1386
1406
2080
1120
1386
777
610
1261
1120
943
677
586
1362
1734
1296
1929
1527
943
1451
586
777
1829
1723
1734
1296
1929
1527
943
1451
586
777
1829
1157
1322
1104
777
2021
284
1741
1488
580
973
1471
473
1386
1097
346
1386
1362
1191
487
1126
1434
1929
328
487
943
777
1451
980
1386
1097
777
1386
170
1789
1451
1334
1829
1723
1734
1296
1929
1527
943
1451
586
777
1829
1157
1322
1104
63
1698
376
506
943
660
848
1471
1386
1097
346
1386
1362
1191
487
1126
1434
1929
328
487
943
777
1451
980
1386
1097
777
1386
170
1789
1451
1334
1829
1723
1734
1296
1929
1527
943
1451
586
777
1829
1157
1322
1104
446
993
2098
1859
943
850
285
13
782
1052
845
993
505
1296
973
1396
351
1852
1175
1451
1168
376
506
943
502
150
2098
105
1207
1471
1809
1984
473
502
150
1809
175
943
677
285
13
420
943
850
285
13
1471
1026
2098
1991
777
55
1024
1451
777
568
777
1451
1451
777
777
568
777
777
1451
1451
777
1734
714
1929
1451
1451
1451
1451
1451
777
1803
1451
1947
1532
943
1451
774
1734
1296
1929
1527
943
1451
774
943
296
404
1206
1206
833
1206
1126
2100
1929
667
943
2100
1265
774
1265
943
1480
1301
2058
711
943
1480
1301
2059
777
1451
1532
943
1451
774
1734
1296
1929
1527
943
1451
774
943
2066
510
510
1126
2100
1929
667
943
2100
1265
774
1265
943
677
711
1007
526
310
13
943
677
711
1007
526
310
13
943
677
711
1007
526
310
13
943
677
711
1007
526
310
2065
13
943
677
711
1007
526
310
2013
13
943
677
711
1007
526
310
13
943
677
711
1007
526
31
1010
943
677
711
1007
526
310
1493
13
943
677
711
1007
526
310
195
13
943
677
711
1007
526
13
943
677
711
1007
526
310
13
943
677
711
1007
526
310
1897
13
943
677
711
1007
526
310
13
943
677
711
1007
526
310
407
13
943
677
711
1007
526
310
13
943
677
711
1007
526
310
13
943
677
711
1007
526
667
1451
1451
1451
1451
777
1451
777
1451
777
1451
777
1505
945
368
931
1803
516
936
1002
1959
1789
225
670
233
1092
260
580
1932
642
1724
269
7
670
1932
1404
1959
801
1451
1991
1734
714
1929
1167
1451
777
568
777
777
1451
777
1451
777
1451
1167
1451
1451
1957
112
1603
1301
827
399
447
777
2098
1451
717
1837
1525
170
1566
682
170
1301
827
1954
112
1603
777
717
482
1493
1301
1580
895
777
1505
1947
1532
943
1451
774
1734
1296
1929
1527
943
1451
774
943
310
510
1362
1926
111
1126
2100
1929
667
943
2100
1265
774
1265
943
677
711
1007
526
310
13
568
510
39
754
510
383
124
1110
510
124
586
910
310
1808
1197
1964
1450
910
1451
777
568
777
1451
777
568
1451
1451
1023
777
777
1947
1532
943
1451
774
1734
1296
1929
1527
943
1451
774
943
1692
978
2066
1357
707
1126
2100
1929
667
943
2100
1265
774
1265
943
677
711
1929
943
677
703
1451
476
1308
1451
1451
1451
777
777
1803
892
1357
1420
2037
2037
2015
742
2099
1611
563
1224
568
509
2037
2037
2015
777
777
568
1451
1451
777
1451
777
777
568
1451
1451
1023
777
418
1444
124
349
428
452
1640
1808
1470
1444
115
71
347
774
1532
943
1451
774
1734
1296
1929
1527
943
1451
774
943
917
2099
1153
1303
1126
2100
1929
667
943
2100
1265
774
1265
943
1480
1301
2054
328
769
1451
777
568
1451
777
1451
1023
801
1451
1991
1734
714
1929
1451
1311
568
777
1451
777
1991
1734
714
1929
95
1532
943
1451
774
1734
1296
1929
1527
943
1451
774
943
2098
1357
320
707
1300
766
1126
2100
1929
667
943
2100
1265
774
1265
1692
320
711
1929
943
1357
320
1692
320
711
1007
1301
1241
320
1692
320
711
1007
1301
847
1692
320
711
1929
943
1357
320
1692
320
285
13
1300
1553
1300
1692
320
933
2092
1169
123
2072
554
1153
766
1962
1381
1808
1978
1567
83
1381
1613
1892
347
1969
320
846
2070
567
652
2063
1863
743
1451
1451
1430
492
777
1023
1803
777
93
1430
685
1430
685
916
1803
777
1451
777
95
1532
943
1451
774
1734
1296
1929
1527
943
1451
774
943
1692
943
677
1644
1946
1692
1126
2100
1929
667
943
2100
1265
774
1265
943
677
586
1929
943
677
1357
988
943
677
711
1929
943
677
1357
943
677
586
1929
943
677
1357
943
677
711
655
943
677
1451
1451
1023
777
1288
1487
335
124
275
2031
1413
814
1696
38
814
644
383
2031
20
124
275
2031
1884
1073
814
71
1073
814
715
124
275
2031
1413
814
1696
742
17
777
568
1532
943
1451
774
1734
1296
1929
1527
943
1451
774
943
993
1058
310
1444
349
1126
2100
1929
667
943
2100
1265
774
1265
943
1480
1301
1692
711
1444
164
193
318
1470
1451
777
1991
1532
1451
1023
1451
777
1451
1451
777
1451
777
777
1451
158
777
685
1110
1717
909
2014
2094
2098
864
777
351
1766
510
1451
777
1451
1023
943
777
969
1434
1391
789
777
943
777
2051
1434
1391
777
1451
714
1929
1451
777
568
1451
1023
1311
777
568
777
1451
777
777
1451
1947
1532
943
1451
774
1734
1296
1929
1527
943
1451
774
943
1619
1357
1459
1491
1126
2100
1929
667
943
2100
1265
774
1265
1692
1619
711
1007
1301
274
711
1451
777
1451
1023
1451
1451
777
777
1451
1451
1451
1451
777
1451
777
1724
955
740
2098
861
885
586
1723
1855
1261
1120
1451
1724
1809
77
1832
1985
83
1196
323
2040
1049
943
677
1832
1985
83
1885
719
943
1929
1270
1832
1985
83
249
403
1832
1985
1207
1832
1985
1993
943
1929
1914
1010
753
977
719
943
1929
1873
478
10
719
1993
943
1929
1914
1010
753
977
719
943
1929
77
1471
685
1057
602
667
943
1471
719
943
1929
1036
685
1471
1993
943
1929
1914
1010
753
977
719
943
1929
77
1705
1196
685
323
2040
1049
943
677
719
943
1929
1270
1705
846
1196
943
846
1306
655
1052
352
1303
655
1717
943
846
1270
1808
290
925
1351
943
846
943
846
1306
655
1052
352
1303
655
1717
1873
1270
943
846
1871
943
846
1306
943
846
494
675
943
846
1902
846
925
1351
943
846
943
846
846
925
406
943
846
943
846
846
406
925
406
943
846
943
846
406
584
272
719
83
685
925
323
943
846
2054
39
584
1808
858
2078
677
584
711
2010
584
584
1760
2117
1735
1333
1010
842
1696
814
216
1696
584
1808
858
2078
677
584
711
2010
584
584
2054
740
758
1902
993
711
943
846
704
943
1929
2110
1310
943
677
935
861
83
1308
685
1908
1705
574
584
711
2010
584
584
2054
740
758
1902
584
1123
571
1902
1123
584
2054
740
1902
584
2054
740
977
584
711
677
1734
943
1929
584
496
536
42
677
1734
943
1929
584
1734
943
1929
584
1083
801
584
719
83
1771
925
323
943
846
2054
39
584
660
719
83
685
925
323
943
846
2054
39
584
272
719
83
685
925
323
943
846
2054
39
1983
1993
943
1929
1914
1010
753
977
719
943
1929
324
677
324
677
1809
586
1110
1493
586
1171
586
749
586
1700
769
586
150
1493
586
1808
1647
329
1561
2054
1278
2054
1647
329
1561
738
730
1278
730
1647
329
1561
1278
1647
329
1561
145
1278
145
1647
329
1561
1199
1278
1199
1647
329
1561
1378
1278
1378
586
628
586
2042
769
586
162
584
1456
1985
2040
2067
584
1456
1985
2040
2067
584
329
459
1985
2040
584
1456
1985
2080
2040
2067
584
329
459
1985
2040
584
1456
1985
816
2067
584
1456
1985
2040
2067
584
329
459
1985
2013
2040
586
162
1190
586
532
587
586
885
586
885
1907
586
885
635
586
885
635
586
586
586
586
846
1705
1010
850
1052
586
711
584
111
1378
1866
1110
1110
1110
1110
1110
1110
1110
1110
1110
1110
1110
1110
1110
1110
1110
1110
1735
584
111
1378
1866
1110
1110
1110
1110
1110
1110
1110
1110
1110
1110
1110
1110
1110
1110
1110
1110
1735
586
586
586
586
586
586
586
586
586
586
586
586
586
586
586
586
586
586
719
406
586
586
586
1351
586
586
586
1351
1705
846
1010
850
1052
586
802
586
1667
1138
918
586
586
83
943
1556
586
83
1533
1378
1184
586
83
1270
586
83
1270
586
83
2012
586
83
586
83
586
1533
254
586
1533
254
586
1507
254
586
1832
1247
586
1118
586
1556
586
586
586
2028
685
1118
518
943
943
677
711
655
943
677
1157
655
918
830
1801
967
467
685
1157
586
2066
616
1556
586
124
1378
2098
1614
1632
586
586
1781
1118
518
943
943
677
711
655
943
677
1157
655
685
1157
586
802
10
1196
586
586
769
685
586
1935
1682
1383
586
624
586
269
586
943
586
943
1232
586
943
769
586
584
586
586
586
525
685
516
586
675
586
1212
1232
586
998
1383
269
586
1890
586
1890
648
586
1890
73
254
586
1890
1616
254
586
150
1118
518
943
943
677
711
655
943
677
568
269
1263
351
1709
1261
1120
1631
1873
368
452
1705
1451
1023
777
1451
1023
1451
1451
1023
777
1451
1023
777
777
568
1451
777
777
777
1451
777
1451
1023
777
801
777
1451
1023
1991
1734
714
1929
1532
943
1451
774
1734
1296
1929
1527
943
1451
774
943
1357
1692
1300
877
1875
1357
1118
1126
2100
1929
667
943
2100
1265
774
1265
943
677
586
1929
943
677
703
943
677
711
1929
943
677
2099
1726
943
677
711
1929
943
677
1300
943
677
711
1929
943
677
703
943
677
711
1929
943
677
2099
943
677
711
1929
943
677
943
677
711
1929
943
677
943
677
711
1929
943
677
943
677
711
1929
943
677
1947
1532
943
1451
774
1734
1296
1929
1527
943
1451
774
943
943
1953
249
1126
2100
1929
667
943
2100
1265
774
1265
943
1480
1301
1241
711
2099
1110
943
677
711
1007
526
310
1493
1538
124
943
677
586
655
526
1493
586
943
677
586
655
526
1493
586
943
677
711
1007
526
310
1493
1538
675
943
677
711
1007
526
310
1493
13
943
677
586
655
526
1493
586
943
1480
1301
2058
1110
2099
943
1480
1301
1692
711
2099
1110
943
1480
1301
1241
711
2099
1110
943
1480
1301
711
2099
1110
943
1480
1301
2054
328
769
943
1480
1301
2054
328
1190
943
1480
1301
1301
943
1480
1301
2054
328
943
1480
1301
1241
711
2099
1110
943
677
586
655
526
1493
586
943
1480
586
1241
711
2099
1110
586
943
677
711
1007
526
310
1493
1538
943
677
711
1007
526
310
1493
1538
1286
62
677
943
677
711
1007
526
310
1493
1538
943
677
586
655
526
874
943
1480
1301
669
943
1480
1301
1241
711
2099
1110
347
774
1451
1866
1110
1631
719
249
111
219
1408
213
190
431
719
719
749
836
1556
671
749
1964
640
1866
1110
719
249
843
1153
1866
1110
719
249
719
733
305
1556
993
719
959
1058
846
719
2031
677
1110
719
249
2031
677
368
846
719
777
351
943
39
519
568
777
1647
1652
351
777
1447
1803
1533
1529
722
83
943
1303
1533
943
677
2013
1533
719
1647
20
1556
1556
2098
608
1647
777
1532
1451
777
1766
743
1692
249
1692
1357
2092
1012
1439
1556
1724
777
1447
777
351
351
1808
1692
652
1808
1692
1692
711
349
711
349
1387
786
421
1692
1600
170
1566
1487
1808
1692
1808
1692
84
1692
1692
349
1387
1724
885
2098
105
1462
1904
274
685
1462
493
25
7
943
1357
1057
943
1480
1451
1354
747
1533
2098
1969
602
1010
1270
623
1440
846
677
1049
879
846
1270
602
84
879
2098
376
943
1169
522
1486
597
376
1115
1913
1707
169
281
1010
1679
1913
522
1486
977
1913
943
1169
112
1486
1533
1969
2098
1270
1809
925
323
602
1809
313
105
2038
990
1451
1991
1734
714
1929
801
1991
1494
777
1451
1451
600
777
1451
95
1532
943
1451
774
1734
1296
1929
1527
943
1451
774
943
1507
1370
2096
1434
1118
1126
2100
1929
667
943
2100
1265
774
1265
943
677
711
1929
943
677
2099
1726
943
677
711
1929
943
677
943
677
586
1929
943
677
2099
1507
943
677
711
1929
943
677
943
677
711
1929
943
677
2099
1507
943
677
711
1929
943
677
2099
1507
943
677
711
1929
943
677
943
677
711
1929
943
677
988
988
943
677
711
1929
943
677
2099
1726
1118
943
677
711
1929
943
677
2099
1507
943
677
711
1007
806
13
943
677
711
1929
943
677
2099
1507
943
677
711
1929
943
677
703
943
677
711
1929
943
677
2099
1507
943
677
711
1929
943
677
943
677
711
1929
943
677
703
943
677
711
1929
943
677
939
943
677
711
1929
943
677
943
677
711
655
943
677
943
677
711
1929
943
677
943
677
711
1929
943
677
943
677
711
1929
943
677
2099
1726
1556
943
677
711
1929
943
677
2099
1507
943
677
586
1929
943
677
2099
1507
943
677
711
1929
943
677
703
943
677
711
1929
943
677
943
677
586
1929
943
677
2099
1726
777
1451
1451
777
1991
1734
714
1929
801
1451
1451
1167
1451
1451
1023
777
1451
777
1947
1532
943
1451
774
1734
1296
1929
1527
943
1451
774
943
329
1859
254
1891
1379
910
2013
1126
2100
1929
667
943
2100
1265
774
1265
943
1480
1301
1692
892
310
539
1741
1741
2098
1985
40
1163
133
665
2069
1321
1022
676
619
526
255
1911
1283
510
2109
1451
1505
1616
507
2095
1734
714
1929
347
2095
418
777
24
1884
1451
1451
1803
777
1451
777
568
777
568
1734
714
1929
1451
1451
1451
1451
777
568
777
777
1451
1451
1493
773
1451
1023
1803
777
1052
284
774
1451
1451
1451
1023
777
1505
1963
766
777
655
1757
1803
777
306
772
1068
1010
48
1741
777
1532
1451
777
777
1505
2098
586
402
1451
777
568
777
1451
777
284
1741
1451
1023
777
1505
1451
1023
777
714
1929
1451
1451
1451
1451
1023
777
777
347
1741
523
1308
349
1087
570
1580
943
2098
1556
2072
968
568
1734
1929
943
2083
1451
943
677
256
1300
1745
1734
1929
943
2083
1451
943
677
711
1929
943
677
1300
310
1118
1118
1118
1907
1556
1102
1118
475
1556
1102
1118
475
1556
1118
359
1283
1556
749
1118
1596
1556
968
685
1451
777
777
568
1451
568
908
213
1809
213
1742
563
144
1809
861
908
618
1224
1999
777
777
1532
1451
1734
1434
1929
1465
943
1323
2113
347
1249
943
846
1542
943
846
711
655
943
846
711
1810
1809
1953
1807
777
1911
888
1079
208
1766
1407
347
1700
2087
943
846
878
1644
1339
2098
636
1434
1810
1809
1953
1884
1591
1096
2087
180
1810
233
1591
1809
1334
1451
1023
777
1803
1225
73
1057
299
1809
1807
1451
1451
1724
1451
777
777
1451
777
777
1451
1023
1451
777
1451
777
1505
777
777
1451
1028
447
1043
1184
993
1275
383
1028
1184
2006
349
1043
1184
568
1025
1885
1196
1809
925
323
943
677
1007
1538
1885
1613
816
1809
1043
173
626
249
816
447
1043
1184
993
1275
383
1451
1451
1023
777
1167
1451
1451
1511
1511
529
529
1567
1408
213
1060
175
382
1300
1339
1888
741
1866
1925
1690
653
1189
843
710
1323
462
1288
279
367
1240
929
1300
177
1300
2045
347
1741
43
943
885
843
1297
225
507
1888
2098
1375
941
965
160
1320
1741
941
1876
1288
1999
31
936
1010
1932
1451
777
777
1451
777
1947
1532
943
1451
774
1734
1296
1929
1527
943
1451
774
943
2098
2061
604
1201
1126
2100
1929
667
943
2100
1265
774
1265
943
677
586
1929
943
677
1043
943
677
711
1929
943
677
1043
1451
1451
1451
1451
777
1451
1023
777
1451
1023
777
351
1451
777
777
568
1451
1451
1023
777
1532
1451
1023
777
777
1451
777
1954
742
777
885
1696
1529
1542
1303
1529
190
117
1019
118
560
2098
2066
116
1238
956
1809
143
1303
1529
777
1954
1696
777
1991
777
876
1451
777
1580
1567
943
225
877
310
943
1351
2054
2098
1703
310
1451
1023
777
1451
1023
777
219
2112
993
27
27
1808
1999
1661
600
1311
568
1451
1451
1451
777
600
777
1023
1451
600
714
1929
600
777
1451
1023
777
1451
1451
777
777
1451
777
1167
1451
777
1786
390
2004
2077
1167
1023
1451
691
861
1991
777
777
1451
1991
1734
714
1929
1451
1734
714
1929
1451
1451
777
777
1451
1724
777
1451
1451
777
777
1451
1023
777
1451
1023
359
777
568
777
600
1451
1311
1451
1311
568
777
1311
1451
777
568
1167
586
1362
1120
1351
1078
1806
1140
777
1884
2109
1681
1063
350
1063
999
718
1884
2109
576
376
1839
820
2054
774
1451
2090
49
1118
622
1167
1451
1451
777
1451
651
952
677
1993
1288
39
846
668
1009
2117
882
38
273
1207
376
1247
846
677
1850
712
846
746
1209
677
993
807
1901
658
1469
677
721
300
1741
2090
1449
1514
128
698
1881
1866
2021
993
1605
264
1599
1451
1451
1023
1311
1451
1451
777
777
568
777
777
1451
568
1451
1724
1885
1107
1993
525
772
1339
947
746
1712
982
1240
861
864
1734
1434
1929
1465
943
1734
1929
943
2083
1451
943
677
711
1007
1538
1885
1724
1023
1451
1147
2097
1772
626
510
2109
1884
1856
1737
1193
913
1403
2087
1588
632
2028
913
685
1403
135
685
861
71
1488
1073
1455
124
940
1189
626
510
940
163
1989
310
1880
248
124
101
1403
124
1366
913
124
400
1378
124
913
752
1403
124
1403
124
728
988
769
1519
913
124
1403
124
258
310
913
1262
1808
2028
1137
913
124
1403
124
951
1366
1803
426
1856
2034
2109
759
1189
124
2054
1287
451
1772
526
626
163
71
1580
1488
777
1803
2098
297
777
1991
1494
1734
714
1929
777
1451
777
1451
714
1929
1451
1451
1947
1532
943
1451
774
1734
1296
1929
1527
943
1451
774
943
105
510
1025
13
111
1126
2100
1929
667
943
2100
1265
774
1265
943
677
711
1007
526
310
1493
13
943
677
711
1007
526
310
13
943
677
711
1007
526
310
2065
13
351
13
118
310
1493
2065
510
1139
124
399
510
1451
1023
1451
777
1451
1451
1451
1947
1532
943
1451
774
1734
1296
1929
1527
943
1451
774
943
320
1357
1357
626
1381
1613
1126
2100
1929
667
943
2100
1265
774
1265
1692
320
711
1007
1301
1084
1692
320
711
1007
1301
847
1692
320
711
1007
1301
1528
1286
675
1692
320
711
1007
1301
1241
320
1692
320
711
1007
1301
2060
2054
2072
320
769
1692
320
711
1007
1301
1241
320
777
568
1451
1023
1023
777
777
1451
1451
777
1451
777
1110
670
943
1321
347
777
506
777
610
586
777
1532
1451
777
1981
1567
943
991
1911
1025
943
774
777
1451
1023
1451
801
1991
1494
777
1734
714
1929
1567
124
2031
368
814
475
941
368
814
885
678
333
644
1690
719
814
359
644
1690
719
814
124
124
2031
1058
814
475
477
1058
814
1870
644
1690
719
814
124
719
2031
368
814
475
941
368
814
885
678
333
644
1690
719
814
359
644
1690
719
814
719
719
477
1058
814
475
477
1058
814
1870
644
1690
719
814
719
777
777
1451
1451
777
95
1532
943
1451
774
1734
1296
1929
1527
943
1451
774
943
1616
675
1126
2100
1929
667
943
2100
1265
774
1265
943
1480
1301
1241
711
719
1932
777
1288
467
1339
1058
368
814
351
1110
997
1789
1766
1451
600
777
1451
1023
1311
1451
1451
1023
1451
777
1451
1023
777
1451
777
568
1451
1954
1003
1184
1630
537
38
38
2056
349
1451
1451
777
1487
1911
961
1466
300
2013
722
993
777
1807
943
2051
1741
563
1110
124
563
347
510
942
1308
1663
1317
2006
510
1947
1532
943
1451
774
1734
1296
1929
1527
943
1451
774
943
310
1871
1611
2099
1126
2100
1929
667
943
2100
1265
774
1265
943
677
711
1007
526
1332
368
1538
813
295
943
677
586
655
526
1332
368
586
368
943
677
711
1007
526
1332
368
1538
813
295
943
677
586
655
526
1332
368
586
368
1451
1451
1451
777
1451
777
568
1451
1311
777
1734
714
1929
777
1451
777
1451
1023
1947
1532
943
1451
774
1734
1296
1929
1527
943
1451
774
943
1567
1261
1120
1126
2100
1929
667
943
2100
1265
774
1265
943
1480
586
2048
586
943
1480
586
1241
711
1444
470
586
943
1480
586
1692
892
470
144
586
943
1480
586
1301
586
1947
1532
943
1451
774
1734
1296
1929
1527
943
1451
774
943
1567
1261
1120
1126
2100
1929
667
943
2100
1265
774
1265
943
1480
586
1241
563
586
943
1480
586
1302
510
124
586
943
1480
586
1241
563
586
943
1480
586
1241
563
586
943
1480
1301
1241
563
943
1480
586
1241
563
586
943
1480
586
1241
711
1444
470
586
568
1451
1947
1532
943
1451
774
1734
1296
1929
1527
943
1451
774
943
1616
1073
2061
1126
2100
1929
667
943
2100
1265
774
1265
943
1480
1301
2058
711
943
1480
1301
1528
124
1052
220
943
1480
1301
1692
711
124
697
777
1451
1734
714
1929
1311
568
777
1451
1451
777
1734
714
1929
1451
1734
714
1929
1947
1532
943
1451
774
1734
1296
1929
1527
943
1451
774
943
1110
124
563
400
1884
719
905
573
1126
2100
1929
667
943
2100
1265
774
1265
943
1480
1301
1241
943
1480
1301
943
1480
1301
1241
563
943
1480
1301
892
943
1480
1301
2058
943
1480
1301
2058
1110
124
2058
943
1480
1301
943
1480
1301
1241
563
1451
777
1451
1451
1947
1532
943
1451
774
1734
1296
1929
1527
943
1451
774
943
2098
1902
1126
2100
1929
667
943
2100
1265
774
1265
943
677
711
1007
526
310
1897
988
1897
13
1451
1451
1505
777
568
777
1451
1451
1451
1451
1991
1734
714
1929
1532
943
1451
774
1734
1296
1929
1527
943
1451
774
943
320
1357
2103
1300
1339
1562
477
1126
2100
1929
667
943
2100
1265
774
1265
1692
320
711
1929
943
1357
320
1541
1690
1342
1692
320
711
1929
943
1357
320
1692
320
711
1929
943
1357
320
1692
320
711
1929
943
1357
320
1541
801
1451
1848
1243
1678
1034
804
2016
1527
1808
309
842
1398
1243
965
1243
1567
1243
1502
1357
1991
1734
714
1929
1451
1734
714
1929
1451
1451
1451
777
1451
777
95
1532
943
1451
774
1734
1296
1929
1527
943
1451
774
943
1692
749
1357
707
945
1774
1777
1126
2100
1929
667
943
2100
1265
774
1265
943
677
711
1929
943
677
1451
1023
1981
777
440
1243
124
349
1444
349
351
1322
777
1451
943
777
1451
1451
777
1451
1451
777
1451
1451
1451
1023
777
1451
1451
1734
714
1929
1451
777
568
777
1451
777
568
1451
777
1451
568
777
1451
1451
1023
777
1451
1451
777
1451
1451
1451
777
1451
1451
1807
777
861
1991
943
777
777
943
777
1766
1534
368
931
1451
1023
1451
777
1451
1808
280
1338
707
1874
1207
1948
1279
665
294
655
943
677
1376
1601
1243
1303
163
1741
2098
2082
670
1613
1012
1338
1026
616
507
1509
616
1665
1884
670
1613
1809
1451
1261
586
777
345
1308
675
1078
1831
2098
1110
1261
586
982
1110
1261
586
777
1505
1724
777
1451
1451
1451
1724
777
568
777
1451
1697
777
418
351
777
798
1991
1532
943
1451
774
1734
1296
1929
1527
943
1451
774
943
284
249
2066
1126
2100
1929
667
943
2100
1265
774
1265
943
677
586
1929
943
677
939
943
677
711
1929
943
677
939
943
677
711
1929
943
677
939
943
677
711
1929
943
677
939
418
777
1567
1911
1902
1991
477
1734
714
1929
1685
1852
1959
249
2072
108
1809
1613
310
1475
2008
407
2013
726
1189
510
996
505
1911
2073
1012
1567
1218
2098
279
580
1962
310
310
383
249
580
407
677
719
2011
407
1079
1707
1567
2102
1385
777
777
943
1985
777
777
1451
1451
1023
1311
1451
580
510
310
1220
1043
1852
777
1451
1023
1451
1023
1451
777
1451
1451
777
1451
777
1451
1451
1451
777
777
568
1451
777
1451
777
952
1911
943
1161
368
1058
1538
1937
494
1894
1451
1023
290
1685
1894
1153
1809
1808
650
685
290
1198
1198
1809
124
1058
1362
1868
1486
1429
1486
1486
1220
124
505
1894
494
1492
1486
1010
978
756
2098
1351
1535
1274
644
2054
675
818
1073
766
494
330
118
756
1270
1959
1027
675
658
1168
494
1741
67
925
1351
925
1351
925
1351
1505
1830
1500
1766
685
1451
1023
777
1451
477
1734
714
1929
300
624
1978
943
677
516
2006
777
1803
777
1451
777
1947
1532
943
1451
774
1734
1296
1929
1527
943
1451
774
943
165
943
1126
2100
1929
667
943
2100
1265
774
1265
943
1480
1301
2059
1451
1912
943
1451
1023
777
777
2087
1451
777
1451
777
1451
777
777
1451
1451
777
777
568
1567
1308
84
1023
1451
1023
1451
1451
777
777
1849
1451
777
705
297
777
1451
1167
1451
1451
1023
777
1451
1451
777
777
1451
1451
1451
777
568
777
1362
1120
1351
1078
1806
1140
1451
1023
1434
1505
1184
1954
1741
108
1873
794
477
608
1009
1557
376
1609
794
1362
1839
2041
1705
57
1007
525
739
1184
2098
1869
57
2072
1787
1451
1023
777
1451
1451
777
1451
1911
1063
604
1063
1510
2080
1104
1063
1613
814
1685
814
719
1063
1567
943
1225
1063
294
124
210
1009
67
719
1063
719
1724
777
1466
1043
1741
777
482
1505
323
1897
1897
323
1299
112
734
219
1043
1434
1209
253
2073
116
943
1741
116
1029
1513
235
1025
510
893
1451
777
1803
777
284
1741
1991
1494
1311
1583
993
536
7
766
1288
861
1991
777
1120
655
1538
347
347
777
1451
1451
777
777
568
777
777
777
1532
1451
777
1451
777
777
568
1451
1451
1023
1451
1451
1451
1451
1451
777
568
1451
714
1929
1451
1023
1451
777
1451
777
1451
777
1023
1451
1451
777
568
367
1367
943
1505
943
777
1937
1613
2080
2040
13
1451
777
568
777
1947
1532
943
1451
774
1734
1296
1929
1527
943
1451
774
943
563
910
20
1741
1126
2100
1929
667
943
2100
1265
774
1265
943
1480
1301
892
310
943
1480
1301
1241
563
1451
1947
1532
943
1451
774
1734
1296
1929
1527
943
1451
774
943
1761
2037
1954
769
1126
2100
1929
667
943
2100
1265
774
1265
943
1480
1301
669
943
1480
1301
1241
711
124
584
1451
777
1451
777
568
777
418
777
1043
1167
1451
1311
568
600
1311
1451
777
1451
600
1311
568
777
1947
1532
943
1451
774
1734
1296
1929
1527
943
1451
774
943
1194
1043
124
933
1025
1126
2100
1929
667
943
2100
1265
774
1265
943
677
711
1929
943
677
943
677
711
1007
943
2066
943
677
711
1929
943
677
1043
943
677
711
1007
943
2066
943
677
711
1929
943
677
939
943
677
711
1929
943
677
1300
310
943
677
711
1007
943
1938
2066
943
677
711
1929
943
677
703
943
677
711
1929
943
677
943
677
711
1929
943
677
249
943
677
711
1007
943
551
2066
943
677
711
1929
943
677
1451
777
1947
1532
943
1451
774
1734
1296
1929
1527
943
1451
774
943
1126
2100
1929
667
943
2100
1265
774
1265
943
1480
1301
1692
892
470
144
943
1480
1301
892
470
144
943
1480
1301
274
1286
943
1480
1301
669
943
1480
1301
1241
563
777
1505
1451
1451
777
1451
568
1451
1451
1261
1120
610
1809
584
584
898
584
584
943
711
95
584
1929
943
850
285
95
584
943
1480
95
584
943
677
95
584
943
846
95
584
584
506
95
584
584
1819
376
584
977
584
353
1809
568
777
1451
777
777
1451
1451
777
1451
777
777
351
767
1721
2098
510
933
249
1378
1480
1123
1451
1023
777
1505
1451
1023
1023
1362
1120
1351
1078
1806
1140
1451
1451
347
1451
1451
777
1451
1451
1567
1644
1712
777
1009
912
777
421
1385
777
1786
1866
1613
777
1712
172
1808
1055
1547
1196
1954
2098
1959
655
798
1538
1451
1724
1451
1451
1567
777
1911
600
1451
1947
1532
943
1451
774
1734
1296
1929
1527
943
1451
774
943
600
1567
486
1378
1184
1018
1499
1010
685
1153
1025
1126
2100
1929
667
943
2100
1265
774
1265
943
1480
1301
2054
328
769
760
731
150
943
249
1493
1839
2099
349
1188
1653
569
1766
1556
486
665
660
1249
1613
1003
486
1378
38
162
685
677
1741
858
1809
1149
719
486
84
1149
1107
1890
1107
1890
925
323
943
677
1007
1538
1205
1705
1885
925
323
943
677
1007
1538
2099
1885
1205
1705
1885
719
486
84
1107
1890
1809
947
1813
466
1809
1207
38
2099
372
1378
685
2099
372
1333
486
38
38
38
38
38
38
1809
421
901
1394
563
119
677
2087
1110
2094
482
1499
925
323
943
677
1007
526
310
988
2080
2040
13
925
323
943
846
1304
526
310
988
2080
2040
13
1809
889
1809
1184
129
2099
1207
20
901
2031
310
931
1052
1911
2094
1809
2086
1234
467
1556
1234
1809
1009
1809
2086
1234
467
1556
1234
1809
308
1787
677
1183
2031
310
1769
148
1766
1003
486
1378
1184
1270
1809
925
323
943
677
1007
1538
1885
1613
518
816
486
1378
1809
1937
1184
1018
1126
677
943
1929
1300
896
249
1174
1985
816
1126
943
1929
1300
896
518
1174
1985
816
1265
2067
1873
1003
486
1378
1184
2090
943
486
1378
1184
1954
1222
816
586
1567
310
879
1947
1532
943
1451
774
1734
1296
1929
1527
943
1451
774
943
600
1567
486
1378
1184
1018
1499
1010
685
1153
510
1025
1126
2100
1929
667
943
2100
1265
774
1265
943
1480
1301
2054
328
769
1947
1532
943
1451
774
1734
1296
1929
1527
943
1451
774
943
943
1153
368
310
1169
1556
486
1378
1025
1126
2100
1929
667
943
2100
1265
774
1265
943
677
711
1007
526
310
2013
1538
124
83
943
677
711
1007
526
310
1538
943
677
711
1007
526
310
407
1538
943
677
586
655
526
874
943
677
711
1007
526
310
2013
1538
150
1232
943
677
711
1007
526
310
1538
943
677
711
1007
526
310
1538
943
677
586
655
526
2013
586
2013
124
83
943
677
711
1007
526
310
1493
1538
943
677
711
1007
526
310
1538
943
677
711
1007
526
310
2013
1538
124
83
943
677
711
1007
526
310
1538
943
677
711
1007
526
310
1538
943
677
711
1007
526
310
2013
1538
943
677
711
1007
526
310
1538
943
677
586
655
526
2013
586
2013
124
83
943
677
711
1007
526
310
1538
943
677
711
1007
526
310
407
1538
943
677
586
655
526
874
943
677
711
1007
526
310
195
1538
943
677
711
1007
526
310
1538
943
677
711
1007
526
310
1538
943
677
711
1007
526
310
1538
943
677
711
1007
526
310
1493
1538
943
677
711
1007
526
310
2013
1538
943
892
711
655
2072
1703
1138
943
677
586
655
526
874
943
677
711
1007
526
310
1538
600
777
1451
1741
1263
1858
943
325
516
943
943
892
586
655
1263
933
1613
674
502
150
674
655
1351
199
150
943
1690
586
1351
1025
973
1010
586
150
943
1690
506
325
1809
933
1613
674
502
150
674
655
943
1690
399
2098
1110
1538
402
602
885
577
655
506
1812
1580
199
1953
1959
655
1427
1025
199
424
1762
892
1049
180
384
1524
1120
1562
1714
384
238
424
879
1690
1955
2098
2105
943
1496
1087
1067
1724
580
642
1451
777
1451
777
1451
943
777
943
284
993
1271
1741
2099
563
349
309
1206
943
777
2051
1741
1697
1991
1766
1734
714
1929
1947
1532
943
1451
774
1734
1296
1929
1527
943
1451
774
943
1690
399
1690
124
991
1126
2100
1929
667
943
2100
1265
774
1265
943
677
711
1929
943
677
939
943
677
586
1929
943
677
939
1802
2095
1991
1494
752
1023
1451
568
1953
1189
1959
498
691
1322
1110
626
1174
988
1057
399
84
1451
1167
1451
818
1493
742
272
1138
1451
777
777
1489
1110
1932
1451
777
1451
1451
1451
1741
1451
777
943
777
1451
1023
1311
1451
1023
777
777
1025
1734
714
1929
347
774
1295
1543
943
1549
600
1567
1809
1505
1809
1852
1339
685
111
1918
1120
1120
2094
800
711
685
111
1918
1120
1120
2094
711
1351
685
323
2040
1049
2072
1703
1162
2094
1351
2043
1351
648
2072
648
685
323
2040
1049
2072
1703
1162
2094
1351
648
108
648
685
323
2040
1049
2072
1703
124
2094
648
368
2043
1131
368
685
323
2040
1049
2072
1703
124
2094
1131
2043
1010
2043
2072
124
1378
1111
2072
1703
931
124
1010
368
124
978
1809
1809
2098
737
1124
858
777
1482
1979
2119
1809
802
586
1809
1023
1451
1981
1110
719
563
777
777
1451
777
1451
777
777
777
1505
714
1929
1451
777
1959
2099
563
1567
777
1532
1451
1451
1023
1451
1724
1947
1532
943
1451
774
1734
1296
1929
1527
943
1451
774
943
304
431
1126
2100
1929
667
943
2100
1265
774
1265
943
677
586
1929
943
677
1300
314
943
677
711
1929
943
677
249
943
677
711
1929
943
677
1300
314
1451
95
1532
943
1451
774
1734
1296
1929
1527
943
1451
774
943
1741
1919
941
1871
124
130
1126
2100
1929
667
943
2100
1265
774
1265
943
1480
1301
341
883
941
943
1480
1301
1241
711
124
1446
1451
777
1311
1451
1023
1451
777
1224
11
563
1271
1451
600
777
1532
943
1451
774
1734
1296
1929
1527
943
1451
774
943
1363
2099
349
1611
2099
563
1126
2100
1929
667
943
2100
1265
774
1265
943
1480
1301
1241
711
2099
943
1480
1301
1241
711
2099
1110
1451
777
1532
943
1451
774
1734
1296
1929
1527
943
1451
774
943
1363
2099
349
1611
2099
563
1126
2100
1929
667
943
2100
1265
774
1265
943
1480
1301
1241
711
2099
1110
943
1480
1301
1241
711
2099
1110
1451
1532
943
1451
774
1734
1296
1929
1527
943
1451
774
943
2037
1767
945
1126
2100
1929
667
943
2100
1265
774
1265
943
1480
586
1692
892
2037
530
586
943
1480
1301
2060
586
1120
943
1480
1301
1692
892
2037
530
777
568
1451
1167
1451
1023
1505
766
1852
1766
1339
1809
1700
1809
1346
655
1766
1809
1700
1809
461
1981
402
655
1220
1601
1052
1991
1734
714
1929
1451
1451
777
777
1451
1991
1734
714
1929
1451
1764
516
1973
124
57
1308
1283
1308
777
1901
1809
1959
1540
1120
777
1505
777
584
943
711
95
584
1929
943
850
285
95
584
943
1480
95
584
943
677
95
584
943
846
95
584
943
1690
95
1451
1451
777
1451
777
1451
1451
1023
1255
2042
630
719
814
1451
1857
777
1451
1451
777
777
568
1712
347
1542
1093
1734
1434
1929
1465
943
349
1340
1199
351
943
366
1954
1567
1052
1543
1157
1929
2078
709
943
1567
1734
1434
1929
1465
943
349
1340
1199
908
1265
908
943
1093
1157
2078
894
1766
1532
943
1451
774
1734
1296
1929
1527
943
1451
774
943
691
368
1043
766
290
1126
2100
1929
667
943
2100
1265
774
1265
943
677
586
1929
943
677
1043
943
677
711
1929
943
677
1043
1451
777
1451
1023
777
1451
1451
1451
1167
1451
1734
714
1929
1451
1451
1532
943
1451
774
1734
1296
1929
1527
943
1451
774
943
1616
988
1897
943
1126
2100
1929
667
943
2100
1265
774
1265
943
1480
1301
1241
563
1451
774
1451
1451
1451
777
1981
1141
1871
777
1451
1023
777
1451
1023
714
1929
1073
71
1970
835
350
1929
1929
1808
2110
2110
1808
2110
2110
951
1454
1451
1451
347
777
1311
1451
1023
777
568
1947
1532
943
1451
774
1734
1296
1929
1527
943
1451
774
943
320
1357
1357
1378
1683
1357
769
1126
2100
1929
667
943
2100
1265
774
1265
1692
320
711
1007
1301
1084
1692
320
711
1007
1301
1286
1692
320
711
1007
1301
1528
1286
675
1692
320
711
1007
1301
1692
1286
1357
1692
320
711
1007
1301
320
601
1692
320
711
1007
1301
1241
320
1692
320
711
1007
1301
274
1286
1692
320
711
1007
1301
1451
1532
943
1451
774
1734
1296
1929
1527
943
1451
774
943
320
1357
1357
1378
1683
1357
769
284
1126
2100
1929
667
943
2100
1265
774
1265
1692
320
711
1007
1301
1241
320
1451
1451
777
943
1532
943
1451
774
1734
1296
1929
1527
943
1451
774
943
470
1628
1884
1156
1126
2100
1929
667
943
2100
1265
774
1265
943
1480
1301
1241
711
124
584
943
1480
1301
943
1480
1301
1241
711
1444
470
943
1480
1301
1528
124
1052
220
943
1480
1301
1692
892
470
144
777
1451
1451
777
70
952
943
1451
1023
1451
1451
1451
1532
943
1451
774
1734
1296
1929
1527
943
1451
774
943
329
604
910
1110
124
563
690
1025
1126
2100
1929
667
943
2100
1265
774
1265
943
1480
1301
1528
510
124
220
777
1451
477
627
675
351
798
1924
83
695
959
1527
83
695
959
788
1221
283
912
675
1314
1451
777
1451
777
1451
1451
1451
777
1451
1451
568
777
1451
777
1451
777
1270
512
1493
512
1493
512
1493
1209
347
1831
2098
691
1587
1690
57
150
563
1012
1690
629
150
1493
1690
629
2107
1196
333
1493
719
910
1710
391
678
57
762
762
2054
1782
1690
801
1991
1494
777
1532
1991
1734
714
1929
1336
150
1902
71
629
1510
368
1402
629
629
1270
629
1981
835
1351
1010
1308
105
310
1644
84
512
1493
512
1493
512
1493
512
1451
1803
777
1532
943
1451
774
1734
1296
1929
1527
943
1451
774
943
879
677
1126
2100
1929
667
943
2100
1265
774
1265
943
677
285
13
943
846
711
846
1885
943
677
150
1103
1885
943
677
711
677
1885
943
846
150
1103
1885
943
846
285
1451
1451
568
801
1451
1991
1734
714
1929
1451
801
1991
1494
777
1451
1991
1734
714
1929
1567
777
110
1766
1110
124
563
917
2099
563
1271
490
1227
315
1373
910
1556
563
1914
39
1652
1803
1451
777
1947
1532
943
1451
774
1734
1296
1929
1527
943
1451
774
943
1600
722
722
1126
2100
1929
667
943
2100
1265
774
1265
943
1480
1301
274
1286
1451
1451
568
777
1962
685
1970
777
1451
1311
387
1721
1741
290
1168
988
943
510
1493
2020
562
1580
2072
485
1493
2020
562
379
1493
2020
111
1095
1975
1493
2020
111
2020
1493
2020
111
1095
1619
1493
2020
111
1095
1385
1619
1493
2020
111
2020
1493
2020
111
562
2020
1493
2020
111
1270
1493
2020
111
1556
1785
1401
1493
2020
111
1975
1493
2020
111
60
2020
136
1493
2020
111
1095
1619
1493
2020
111
1095
1619
1310
136
1493
2020
111
1095
1619
1030
1003
1871
1358
967
585
1168
1480
1690
200
925
13
1184
983
1003
2105
1026
1168
1451
1451
1451
777
568
1451
1451
777
510
1451
1734
714
1929
1451
1451
1991
1734
714
1929
1451
1451
1023
1311
1451
1505
2098
105
908
777
466
1556
2048
376
1766
1751
685
1247
685
358
1803
1073
1683
799
1585
949
1963
726
1556
1036
1356
1231
1340
752
777
1947
1532
943
1451
774
1734
1296
1929
1527
943
1451
774
943
1683
1818
1585
1126
2100
1929
667
943
2100
1265
774
1265
943
1480
1301
274
1286
943
1480
1326
1538
943
1480
1301
1692
892
470
144
351
777
777
777
1451
1451
1451
568
1500
368
2094
83
43
402
1724
641
943
1413
1175
1451
1734
714
1929
1451
777
1023
1451
777
351
188
652
1451
777
1451
1023
777
1451
1451
1167
1451
1451
1451
1451
777
1367
1451
1023
777
777
1451
351
188
1577
1000
16
1808
254
2056
865
1741
347
1734
1434
1929
1465
943
777
1741
347
592
777
1451
777
1451
1023
777
1734
714
1929
1451
1451
1532
943
1451
774
1734
1296
1929
1527
943
1451
774
943
1227
1488
1073
1081
421
1394
1126
2100
1929
667
943
2100
1265
774
1265
943
1480
1301
1241
563
1451
777
568
1451
777
801
1023
1734
714
1929
1451
1023
1311
1451
568
1947
1532
943
1451
774
1734
1296
1929
1527
943
1451
774
943
320
1357
2103
648
1270
1301
1556
269
1818
1126
2100
1929
667
943
2100
1265
774
1265
1692
320
711
1007
1301
1692
320
711
1007
1301
320
1301
2103
1692
320
711
1007
1301
2060
2054
1692
320
711
1007
1301
274
1286
1692
320
711
1007
1301
1241
320
1301
1692
320
711
1007
1301
1528
320
220
1451
777
568
777
1451
777
1451
1451
777
777
1947
1532
943
1451
774
1734
1296
1929
1527
943
1451
774
943
289
898
349
1126
2100
1929
667
943
2100
1265
774
1265
943
1480
1301
2058
711
1451
1724
1995
777
1157
149
1157
1157
1010
2010
1321
1809
802
1118
1574
1118
80
802
1118
1574
766
685
1118
614
970
970
1748
802
1929
685
1010
614
970
970
802
368
516
1207
1717
1717
1866
368
802
1058
802
1292
802
368
1809
507
2010
1789
584
1451
1451
1311
568
777
1451
1947
1532
943
1451
774
1734
1296
1929
1527
943
1451
774
943
470
1763
85
1073
1126
2100
1929
667
943
2100
1265
774
1265
943
1480
1301
1692
711
1444
470
1357
943
1480
1301
1241
711
1444
470
943
1480
1301
892
1763
677
777
1451
777
777
568
1451
1023
777
1451
1023
777
510
816
510
494
1721
1954
527
593
2098
1950
1962
570
1251
910
20
2061
1367
1014
2080
2040
13
2040
769
1499
1827
1827
1827
1827
124
1954
2109
1110
616
2080
2040
1499
1110
1184
2061
910
1102
944
1183
2112
2008
310
1498
124
798
2080
2040
13
1716
798
13
2007
1168
510
349
1153
1276
968
993
1809
1734
2100
1929
667
943
1471
943
2100
2083
943
1480
1301
1302
124
1288
1911
691
1036
816
2087
943
1643
510
84
769
816
13
685
510
719
1308
1028
910
20
2061
1367
1184
2080
2040
13
2040
769
1499
1028
1884
506
1715
349
747
596
1376
300
861
7
777
2098
864
1028
124
1954
2109
1110
616
2080
2040
1499
1110
1184
2061
910
1102
944
1183
2112
2008
310
1498
124
798
2080
2040
13
1716
798
13
1028
262
124
2116
1716
616
1499
2087
1779
2116
616
1499
1288
2021
616
1499
685
2080
2040
1716
616
1499
1911
2098
2082
2080
2040
986
1809
1734
2100
1929
667
943
1471
943
2100
2083
943
1480
1301
1302
510
124
1809
1194
1160
1220
943
43
1322
1567
1741
2098
1110
1230
2080
2040
95
1532
943
1451
774
1734
1296
1929
1527
943
1451
774
943
1357
993
431
1357
1613
621
1556
1126
2100
1929
667
943
2100
1265
774
1265
943
677
711
1929
943
677
1357
943
677
586
1929
943
677
1357
777
1451
1451
1660
1505
943
284
1741
777
777
1451
1451
801
1991
1494
777
1451
777
1991
1734
714
1929
1451
1451
1023
1451
1451
777
568
777
777
777
1532
1451
1730
1904
2082
943
774
801
777
1532
1451
1991
1734
714
1929
1451
777
1451
1023
347
943
1724
774
777
777
1451
766
1532
943
1451
774
1734
1296
1929
1527
943
1451
774
943
943
2013
2040
13
66
105
1126
2100
1929
667
943
2100
1265
774
1265
943
677
711
1007
526
310
2013
1885
943
677
711
1007
526
310
2013
988
2013
2040
13
943
677
711
1007
526
310
2013
988
2013
2040
13
943
677
711
1007
526
310
2013
988
2013
2040
13
943
677
711
1007
526
310
2013
988
2013
2040
13
208
943
943
2013
2040
13
66
105
1126
2100
1929
667
943
2100
1265
774
1265
943
677
711
1007
526
310
2013
988
2013
2040
13
943
677
711
1007
526
310
2013
988
2013
2040
13
943
677
711
1007
526
310
2013
988
2013
2040
13
943
677
711
1007
526
310
2013
1885
943
677
711
1007
526
310
2013
988
2013
2040
1451
1451
1697
1451
1451
777
506
777
1981
1027
1803
777
1451
1367
943
1803
568
1712
2098
1391
1527
1357
1619
1357
124
1724
1451
1012
1619
943
1480
2080
1809
1009
1357
2055
1357
1357
1809
1040
1734
714
1929
1451
1451
1023
1451
1023
777
1954
2109
382
272
1160
889
798
1383
1378
1021
335
2098
219
777
777
1451
1766
1895
1705
943
677
1705
1809
111
1948
943
677
1705
1303
655
1717
1622
1705
943
677
1873
675
1475
1234
679
1516
130
1647
1613
984
1234
1516
1328
1556
508
943
677
867
857
943
677
918
1341
1873
1647
1270
1908
943
1877
29
1419
943
1577
1932
1877
1873
959
1303
925
323
943
677
1007
1717
1816
879
716
44
469
1126
1471
723
44
924
925
323
943
677
1007
44
924
1781
44
2087
1863
1798
1989
290
1126
1938
1989
1798
1745
39
1806
1615
1205
2099
1863
1938
153
1809
1798
1042
1372
44
469
925
323
943
677
1007
44
924
1705
1615
1533
388
1716
1533
988
769
1166
1303
497
1533
1873
1270
1285
368
1615
1207
1533
1533
640
993
455
1198
1809
2066
1533
1909
1533
943
31
1594
1594
31
1763
1763
1763
1763
1763
1763
1763
1763
1763
1763
1763
1763
1763
1763
1763
1763
1763
1763
1763
1763
1763
1763
1763
1763
1763
1763
1763
1763
1763
1763
1763
1763
1763
1763
1763
1763
1763
1763
1763
1763
1763
1763
1763
1763
1763
1763
1763
1763
1763
1763
1763
1763
1763
1763
1763
1763
1763
1763
1763
1763
1763
1763
1763
1763
1763
1763
1533
1909
1533
31
1763
1763
1763
1763
1763
1763
1763
925
323
943
677
1007
943
2066
993
31
943
2006
925
323
943
677
1007
943
2066
613
2066
1763
403
1890
2066
1467
1745
896
1763
896
925
323
943
677
1007
943
2066
613
2066
1763
2066
1467
1745
896
249
1378
1890
1763
896
925
323
943
677
1007
943
2066
613
2066
1763
403
1890
2066
1467
1745
1763
925
323
943
677
1007
943
2066
613
2066
1763
403
1890
2066
1467
1745
1763
925
323
943
677
1007
943
2066
613
2066
1763
403
1890
2066
1467
1745
1763
925
323
943
677
1007
943
2066
613
2066
1763
403
1890
2066
1467
1745
1763
925
323
943
677
1809
347
777
1803
1451
861
83
402
1685
1734
1434
1929
1465
777
1947
1532
943
1451
774
1734
1296
1929
1527
943
1451
774
943
320
1357
2042
275
1058
368
1126
2100
1929
667
943
2100
1265
774
1265
1692
320
711
1007
1301
1241
320
1301
1451
1451
1023
777
1451
466
1991
312
7
1451
1023
1451
777
1451
777
568
1451
777
1451
777
777
568
1451
1947
1532
943
1451
774
1734
1296
1929
1527
943
1451
774
943
1394
1475
654
1806
1126
2100
1929
667
943
2100
1265
774
1265
943
1480
1301
892
943
1480
1301
1241
711
124
584
1947
1532
943
1451
774
1734
1296
1929
1527
943
1451
774
943
1394
1475
654
1806
1025
1126
2100
1929
667
943
2100
1265
774
1265
943
1480
1301
892
600
777
1532
943
1451
774
1734
1296
1929
1527
943
1451
774
943
1394
1475
654
1806
1025
1126
2100
1929
667
943
2100
1265
774
1265
943
1480
1301
892
1557
1806
71
1451
1947
1532
943
1451
774
1734
1296
1929
1527
943
1451
774
208
943
1394
1475
654
1806
1025
1126
2100
1929
667
943
2100
1265
774
1265
943
1480
1301
892
1741
870
1806
447
1806
447
1806
1097
1761
1809
1184
1613
1446
1157
1184
1613
993
742
1184
1613
1446
1157
1184
1613
344
742
1809
777
568
777
1451
777
1023
1451
1947
1532
943
1451
774
1734
1296
1929
1527
943
1451
774
943
2013
769
1043
510
1025
1126
2100
1929
667
943
2100
1265
774
1265
943
1480
1301
2054
2040
769
943
1480
1301
1451
777
777
1451
777
1451
714
1929
1451
1023
777
908
861
1991
777
568
1451
945
1741
1872
1007
208
943
1739
941
53
51
980
777
1505
1807
774
1451
980
980
1120
980
777
952
1567
1110
1261
1120
980
1807
774
980
777
1505
1191
717
1586
1334
1451
1451
1451
1023
777
1451
1451
777
1451
1451
777
1451
777
1451
777
714
1929
1451
777
1991
1734
714
1929
801
1023
1451
1451
1451
1023
777
1724
440
777
1451
777
1947
1532
943
1451
774
1734
1296
1929
1527
943
1451
774
943
510
124
580
124
510
404
1414
1332
1057
1126
2100
1929
667
943
2100
1265
774
1265
943
677
586
655
526
1332
150
586
150
943
677
586
655
526
943
677
586
655
526
1332
150
586
150
943
677
586
655
526
1947
1532
943
1451
774
1734
1296
1929
1527
943
1451
774
943
510
124
580
124
510
404
1414
1332
1057
1126
2100
1929
667
943
2100
1265
774
1265
943
677
711
1007
526
310
1897
988
1897
13
943
677
711
1929
943
677
943
677
711
1007
526
1332
150
1538
943
677
711
1007
526
310
988
2040
13
943
677
711
1007
526
310
988
13
943
677
711
1007
526
310
988
13
943
677
711
1007
526
310
1493
988
13
943
677
711
1007
526
310
988
13
943
677
586
1929
943
677
703
943
677
586
1007
526
310
2013
988
2013
2040
13
943
677
711
1929
943
677
943
677
711
1929
943
677
943
677
711
1007
526
310
988
13
943
677
711
1929
943
677
939
943
677
711
1007
526
310
988
13
943
677
711
1007
526
310
988
13
943
677
711
1007
526
310
2013
988
2013
2040
13
943
677
711
1007
526
310
2013
988
2013
2040
13
943
677
711
1007
526
988
249
13
943
677
711
1007
526
1332
150
1538
813
295
943
677
711
1007
526
310
988
13
943
677
711
1007
526
310
407
988
407
13
943
677
586
1929
943
677
939
943
677
586
1929
943
677
1300
943
677
711
1007
526
310
988
13
943
677
711
1007
526
310
2013
988
2013
13
943
677
711
1007
526
310
988
13
943
677
711
1929
943
677
943
677
711
1007
526
310
1538
943
677
711
1929
943
677
846
943
677
711
1007
526
310
2013
988
2013
2040
13
943
677
711
1929
943
677
939
943
677
711
1929
943
677
943
677
711
1007
526
1332
150
1538
943
677
711
1007
526
310
1839
988
1839
13
943
677
711
1929
943
677
939
943
677
711
1007
526
310
2065
988
2065
13
943
677
711
1007
526
310
988
2040
13
943
677
711
1007
526
310
988
13
943
677
711
1007
526
310
988
13
943
677
711
1929
943
677
939
943
677
711
1007
526
310
1538
943
677
711
1007
526
310
1493
988
1493
13
943
677
711
1007
769
943
677
586
1929
943
677
1300
310
943
677
711
1007
526
310
988
13
943
677
711
1007
526
310
2013
988
2013
13
943
677
711
1007
526
310
988
13
943
677
711
1929
943
677
939
943
677
711
1007
526
310
1839
988
1839
13
943
677
711
1007
526
310
988
13
943
677
711
1007
526
310
2013
988
2013
2040
13
943
677
711
1007
526
1332
150
1538
813
295
943
677
711
1007
526
310
1493
988
1493
13
943
677
711
1929
943
677
703
943
677
711
1007
526
988
249
13
1451
1451
777
1451
777
568
1451
777
568
777
777
777
1451
1451
1724
777
1451
1023
1741
959
777
100
1451
1023
943
777
777
1947
1532
943
1451
774
1734
1296
1929
1527
943
1451
774
943
1444
164
1036
1126
2100
1929
667
943
2100
1265
774
1265
943
1480
1301
711
1444
164
193
318
943
1480
1301
711
1444
164
249
1063
943
1480
1301
711
1444
164
1243
943
1480
1301
1692
711
1444
1470
943
1480
1301
711
1444
164
91
943
1480
1301
711
1444
164
1243
943
1480
1301
711
1444
164
1500
652
943
1480
1301
1692
711
1444
164
943
1480
1301
711
1444
164
763
943
1480
1301
711
1444
164
1243
1451
777
1532
943
1451
774
1734
1296
1929
1527
943
1451
774
943
1357
885
906
349
1678
1126
2100
1929
667
943
2100
1265
774
1265
943
711
1007
1480
1301
274
711
943
711
1007
1480
1301
1692
711
943
711
1007
1480
1301
1538
1241
777
861
2090
988
1184
1959
383
943
677
582
1850
1475
1126
1480
943
677
943
769
1273
482
1811
1850
516
1850
254
1850
1985
1981
482
1811
1850
516
943
677
1850
254
1850
1985
1820
805
1480
554
777
1567
1741
1451
63
462
1911
43
943
1074
1741
88
1451
943
320
777
1451
1991
1734
714
1929
1451
1451
1451
1023
347
358
1803
519
347
462
371
1478
388
1395
1394
1328
162
1395
1394
1209
194
1818
1110
388
648
194
1818
1560
1006
815
1653
777
1451
777
1451
777
1505
2042
777
1303
477
1809
772
1126
943
1929
1300
896
896
1808
1304
1675
1126
943
1929
2054
1378
1391
988
466
2067
1308
719
1378
943
1929
291
1985
2040
2067
1916
1809
1807
777
1532
943
1451
774
1734
1296
1929
1527
943
1451
774
943
2042
719
1596
1126
2100
1929
667
943
2100
1265
774
1265
943
677
711
1929
943
677
939
943
677
586
1929
943
677
939
1947
1532
943
1451
774
1734
1296
1929
1527
943
1451
774
208
943
2042
719
1596
1126
2100
1929
667
943
2100
1265
774
1265
943
677
711
1929
943
677
939
943
677
586
1929
943
677
939
1451
777
777
1023
777
1451
1451
368
978
1191
1803
777
777
1505
801
1451
1991
1734
714
1929
2098
1884
1451
777
1451
1451
1451
1451
1451
777
568
777
777
568
777
1451
777
777
1532
1451
1451
1023
677
711
1007
526
1764
351
777
1451
777
777
1451
777
1451
1023
1451
777
1451
1451
777
1947
1532
943
1451
774
1734
1296
1929
1527
943
1451
774
943
1184
1126
48
2014
742
1372
2040
13
1704
249
1126
2100
1929
667
943
2100
1265
774
1265
943
1480
1301
943
1480
1301
1241
711
842
943
1480
1301
2060
586
1120
943
1480
586
1241
711
842
586
1451
952
205
1475
993
1501
1124
1196
1121
706
246
1234
931
1184
1493
988
1184
1378
1556
1378
1003
1003
1391
1556
1391
1184
944
568
816
988
1499
777
1451
1451
1451
777
568
777
568
1451
1451
1023
1311
1023
1451
777
1947
1532
943
1451
774
1734
1296
1929
1527
943
1451
774
943
1812
797
1012
722
1126
2100
1929
667
943
2100
1265
774
1265
943
1480
1301
1692
892
470
144
1451
777
1451
777
1451
777
777
1532
1451
1451
95
1532
943
1451
774
1734
1296
1929
1527
943
1451
774
943
105
943
892
711
655
943
1656
943
1126
2100
1929
667
943
2100
1265
774
1265
943
892
711
655
943
1656
1451
777
955
225
715
150
738
1314
54
719
1308
1847
249
719
919
1237
249
150
978
2090
249
27
1222
490
1073
1189
1168
150
477
738
294
978
1243
1970
731
1475
1394
349
1328
1556
2098
1772
563
291
1556
2098
105
719
249
1573
150
477
1153
719
1166
919
1484
1157
719
1386
1097
919
719
1386
421
1157
719
288
1484
993
1157
861
1803
674
715
993
1157
447
974
349
1386
1097
943
846
1270
1166
1308
1386
1386
59
1932
1386
861
1803
674
715
421
1386
59
1932
1386
288
688
719
814
719
861
1803
674
715
1808
719
919
1964
1612
150
310
477
1808
413
150
978
777
1451
777
1451
1023
777
1451
1023
777
1451
1451
1451
777
801
1451
1023
1991
1734
714
1929
1828
83
1308
959
1451
1451
1023
1451
1959
837
526
1451
1023
347
351
777
1567
1261
1120
1451
1451
777
568
1451
777
1451
777
1023
1451
1947
1532
943
1451
774
1734
1296
1929
1527
943
1451
774
943
421
1041
722
1126
2100
1929
667
943
2100
1265
774
1265
943
1480
1301
2058
711
943
1480
1301
711
1444
470
943
1480
1301
1692
892
470
144
943
1480
1301
1241
711
124
584
943
1480
1301
1302
124
1052
1451
568
568
1451
1451
777
777
1532
1451
777
347
943
1161
1839
1303
943
1058
1839
124
719
1839
677
991
1859
685
925
323
943
846
1547
1942
1839
2087
1885
1803
777
1996
368
1839
677
1063
2066
2087
1063
1204
159
685
2098
749
2087
925
323
1839
2087
2044
1985
816
2067
840
249
1184
1378
913
1839
1629
2087
333
1433
798
1801
967
495
1959
368
1839
124
777
1734
714
1929
1451
1451
777
1225
1378
2066
1196
1451
1451
1451
1023
777
777
1451
1451
1451
1451
1023
777
1451
1451
777
777
1532
943
1451
774
1734
1296
1929
1527
943
1451
774
943
162
1
1425
144
71
1126
2100
1929
667
943
2100
1265
774
1265
943
1480
1301
1241
711
124
584
943
1480
1301
1302
124
943
1480
1301
892
470
144
943
1480
1301
1692
892
470
144
943
1480
1301
892
162
988
1451
1037
1120
1819
1351
1819
1806
1819
1078
943
1613
1303
943
677
406
406
290
406
584
584
584
1024
943
846
674
584
584
1451
777
777
1947
1532
943
1451
774
1734
1296
1929
1527
943
1451
774
943
440
1243
510
1126
2100
1929
667
943
2100
1265
774
1265
943
1480
586
1692
892
440
2095
1357
586
943
1480
1301
1692
892
440
1357
2095
1357
1451
1451
777
568
1023
777
777
1451
1451
777
1451
1451
777
1741
1168
506
430
550
988
1818
1715
2066
1715
1529
2066
988
446
162
988
1818
1082
1741
861
586
335
249
162
988
1818
162
430
777
568
777
1803
1451
719
1999
1173
766
1999
1576
284
1451
777
777
777
1451
1451
1023
1451
777
568
1451
777
777
1451
777
568
777
568
777
1451
1451
1167
1451
1451
777
1167
1451
777
568
1451
777
1451
1362
1652
1991
349
667
1991
349
667
568
777
1451
1451
1451
1451
1451
733
1063
1324
1488
272
1481
1184
1735
1616
2120
299
408
1135
1303
1055
2030
1324
457
1680
1063
477
1434
1493
1808
1063
1378
262
2030
1498
1657
1463
747
801
1991
1494
777
1451
777
1991
1734
714
1929
777
777
1451
1023
1567
677
954
1744
1480
2098
2110
2117
766
719
872
1441
677
1636
1809
477
1308
1378
1556
111
2117
1378
675
1270
406
1809
1451
1157
1766
943
777
777
1451
1724
1940
1157
1672
1721
1451
1023
1803
777
344
1556
1712
507
1510
943
677
943
677
769
1613
1690
1300
1123
943
677
1123
2098
1351
494
1004
2098
864
925
406
943
677
943
677
406
943
677
677
978
368
1167
1451
600
1806
1879
1562
477
1126
1300
526
933
573
573
993
1809
1562
477
1301
2094
1102
1126
1300
526
933
573
1562
477
1326
2094
993
510
415
1010
573
573
719
200
719
1591
675
1741
711
1741
1509
1970
1891
1251
1891
425
2090
2064
1283
510
510
279
803
1434
901
43
1741
1220
510
124
13
910
349
1276
73
510
722
1114
2098
400
993
510
2098
290
2018
490
1361
932
219
1741
414
783
619
1715
762
349
1710
391
678
349
1738
1480
310
1718
1146
719
905
619
1235
1260
2081
1718
1146
719
905
1724
1114
1712
1147
1911
136
642
1766
1525
2098
1275
722
1310
233
747
1741
197
722
510
910
1231
1710
391
596
943
347
857
1224
510
124
1580
2021
1189
1710
37
1231
596
1184
1962
1189
1567
943
1724
415
1300
565
1451
1991
1734
714
1929
1947
1532
943
1451
774
1734
1296
1929
1527
943
1451
774
943
510
415
565
310
631
1126
2100
1929
667
943
2100
1265
774
1265
943
677
586
655
943
677
711
1007
526
310
510
415
943
677
711
1007
526
310
510
415
943
677
711
1007
526
310
510
415
943
677
711
1007
526
510
415
943
677
711
1007
526
310
510
415
943
677
711
1007
526
310
510
415
943
677
711
1007
1538
510
415
943
677
586
655
526
892
586
510
415
1451
777
777
1451
1167
1451
1451
1451
777
418
1451
1023
359
943
63
515
175
1119
346
1866
225
943
1953
1451
1023
1451
1451
774
777
1789
1738
648
893
1110
1953
1273
648
1300
1953
1959
655
1196
1751
1381
761
39
842
1771
1953
1110
1538
943
677
925
323
943
677
1007
616
275
943
846
925
323
943
846
616
275
275
2098
568
398
183
943
677
2031
802
648
1110
1953
513
275
1300
1953
598
648
753
1959
513
275
1843
1959
1194
648
753
1771
846
1959
802
275
655
753
1693
95
1947
648
753
842
1771
2010
1953
648
753
1953
1350
616
648
371
648
753
39
1110
1953
648
753
39
1300
648
753
39
1308
39
1308
2037
798
648
1378
719
368
376
376
39
648
893
1372
943
677
1316
648
893
1538
1222
677
2072
648
893
1372
846
1273
1738
1932
1
1738
1932
343
616
275
798
1556
1138
299
674
1351
162
309
368
1058
225
280
1997
1997
1754
580
1953
1613
336
262
616
275
981
943
648
893
1300
257
1809
772
1126
943
1929
1300
648
1035
1126
943
1929
1300
648
1035
276
1126
943
1929
1300
648
1035
117
648
1378
117
772
1126
943
1929
1300
648
1035
117
1126
943
1929
1300
648
1035
117
648
1378
117
648
1985
1199
1679
1391
117
1092
739
1413
57
1413
719
1413
124
1809
1594
1959
643
943
648
893
943
648
943
719
648
1043
1953
1938
648
2109
1538
360
1751
893
275
752
648
1538
925
323
943
846
616
275
879
846
648
753
1953
2066
648
753
1939
529
1772
275
275
1641
84
142
368
1058
2066
749
586
1205
1026
422
1953
648
1035
648
1196
1751
1451
660
599
1953
836
453
1480
1690
2036
481
426
1539
715
1098
2066
599
1808
426
477
383
1614
1682
1735
1026
1729
1679
1003
392
392
466
1960
1541
560
1776
574
219
113
1098
2099
1098
272
599
1735
477
1073
1098
2066
392
2098
26
113
392
466
1541
392
660
599
1953
71
436
846
111
1510
392
1221
1985
1539
1733
404
392
1613
1431
113
1239
392
1947
1532
943
1451
774
1734
1296
1929
1527
943
1451
774
943
943
677
1541
1300
353
1126
2100
1929
667
943
2100
1265
774
1265
943
677
711
1929
943
677
943
677
711
1929
943
677
988
988
943
677
943
769
95
1532
943
1451
774
1734
1296
1929
1527
943
1451
774
943
1110
1933
124
943
1126
2100
1929
667
943
2100
1265
774
1265
943
677
711
1007
526
310
2013
988
2013
2040
13
943
677
711
1007
526
310
2013
988
2013
2040
13
943
1480
1301
2054
2040
769
943
677
711
1007
526
310
2013
988
2013
2040
13
943
1480
1301
2054
2040
769
943
677
711
1007
526
310
2013
988
2013
2040
13
1451
1451
777
777
1505
1451
1451
1451
777
1451
777
777
1532
1451
1023
1451
885
1197
1074
1197
351
1197
1513
1480
1451
777
1451
1451
1694
1959
1110
1300
1953
1953
1772
1196
912
1951
677
2092
1907
2092
1951
677
2098
146
798
1953
1451
1052
943
2098
1509
1741
944
1303
1234
1140
249
769
665
83
1647
1157
777
506
777
610
586
777
1947
1532
943
1451
774
1734
1296
1929
1527
943
1451
774
943
470
1766
1628
1378
1052
1300
1126
2100
1929
667
943
2100
1265
774
1265
943
1480
1301
1241
711
124
584
943
1480
1301
943
1480
1301
1241
711
1444
470
943
1480
1301
1528
124
1052
220
943
1480
1301
1692
892
470
144
777
1803
1300
1126
943
1929
1300
896
1174
124
933
124
1378
1265
1310
1300
1339
1126
943
1929
1300
896
1174
124
933
124
1378
1265
124
1052
5
777
347
777
1803
1451
1947
1532
943
1451
774
1734
1296
1929
1527
943
1451
774
943
1205
2099
563
993
1794
431
719
57
1126
2100
1929
667
943
2100
1265
774
1265
943
1480
1301
1241
711
2099
1110
943
1480
1301
1241
711
2099
2099
842
777
1451
1023
777
1451
568
1919
407
2040
407
1644
2040
877
407
328
1234
1500
1205
2098
1110
616
769
777
1191
407
333
1205
1234
1351
407
1052
1539
1947
1300
1789
1331
1789
668
2052
2098
1890
1065
1985
316
1234
1536
1929
2099
1539
1690
1947
1300
1789
1331
1789
668
2052
2098
1890
1065
1985
316
1234
1536
1929
2099
1539
677
32
1929
2099
1539
677
1929
407
2099
113
113
1194
113
2099
1194
113
1194
113
1843
1194
113
1194
113
1843
1194
113
677
1194
677
113
113
113
113
113
1194
113
1719
1993
1351
758
1351
952
1947
1300
1789
1331
1789
668
2052
2098
1890
1065
1985
316
1234
1536
1878
2099
1878
2099
1878
2099
1878
2099
1312
1878
2099
1312
1878
2099
1878
2099
1929
2099
1539
677
1351
1929
2099
1539
677
1351
2099
1999
2099
709
709
1929
2099
1539
677
32
952
668
2052
2098
1890
1065
1985
316
1234
1536
1878
2099
32
1878
2099
1878
2099
1878
2099
777
1981
1966
874
1234
777
1451
777
1319
568
1451
1451
777
568
777
777
777
1451
777
1451
73
536
996
1809
943
1480
1301
2060
2054
526
124
814
1962
510
1189
1007
526
1808
968
286
641
2035
1712
1981
777
1310
1724
777
1554
1741
943
1480
68
719
1816
1690
1710
391
678
349
1224
719
1059
1816
1690
1450
1710
391
678
349
719
197
83
879
83
719
1220
1417
1911
149
1766
1224
719
1059
1816
1690
1715
762
57
1225
124
922
1224
777
1532
1451
777
943
774
1175
1052
943
777
1532
943
1451
774
1734
1296
1929
1527
943
1451
774
943
320
1357
1301
898
1932
447
943
124
898
1126
2100
1929
667
943
2100
1265
774
1265
1692
320
711
1007
1301
320
1301
898
1692
320
711
1007
1301
1692
320
1301
898
1357
1692
320
711
1007
1301
274
1286
777
568
1451
777
568
1947
1532
943
1451
774
1734
1296
1929
1527
943
1451
774
943
320
1357
1301
898
1932
447
943
124
898
1126
2100
1929
667
943
2100
1265
774
1265
1692
320
711
1007
1301
1302
320
1301
57
1692
320
711
1007
1301
274
1286
1692
320
711
1007
1301
320
1301
898
1167
1451
1451
777
1451
777
568
777
95
1532
943
1451
774
1734
1296
1929
1527
943
1451
774
943
1798
1630
1488
613
1025
1126
2100
1929
667
943
2100
1265
774
1265
943
1480
1301
2060
56
613
97
1658
1527
1902
1451
1451
777
1451
1023
1451
568
1451
1023
1451
777
1451
1451
777
777
1023
1451
1167
1451
1505
1451
1734
1929
943
774
777
1734
714
1929
1451
1451
777
1451
1451
777
568
777
568
777
1451
1451
1451
1451
777
777
1451
777
1567
777
1981
402
717
1803
777
284
1741
1451
1451
1023
777
1451
777
777
1532
1451
1451
1023
777
1991
1734
714
1929
777
1451
1023
1451
1947
1532
943
1451
774
1734
1296
1929
1527
943
1451
774
943
329
1527
1932
690
1025
1126
2100
1929
667
943
2100
1265
774
1265
943
1480
1301
1528
777
1451
155
128
368
406
1644
426
1644
944
406
1913
1809
584
711
677
1644
1644
1871
1644
719
1644
2013
2013
406
685
406
2013
406
925
1945
406
2013
1644
1052
1644
323
323
1644
506
2100
925
1945
1918
1471
506
2013
506
2013
107
1878
584
711
2013
536
42
825
584
711
2013
1909
584
711
599
368
1808
599
383
2013
753
1146
584
711
124
753
758
1046
23
584
711
124
753
160
2047
23
584
711
124
753
758
376
584
711
124
124
584
711
124
124
584
711
124
124
584
711
124
124
584
711
124
124
584
711
124
368
124
1902
584
711
124
368
124
1902
584
711
124
368
124
1902
584
711
2013
536
42
825
584
711
2013
1909
584
711
124
368
124
1902
584
711
124
368
124
1902
584
758
825
1351
1004
1809
128
368
1580
2021
1741
128
2021
1741
1741
2013
83
1196
160
1460
1809
586
1438
2013
677
1909
1123
685
1885
1678
1885
1748
802
624
1945
1885
2
742
516
1207
1717
1717
1169
1556
943
1071
1809
124
83
597
455
1766
159
1003
1550
1011
899
2101
777
1451
1947
1532
943
1451
774
1734
1296
1929
1527
943
1451
774
943
162
1328
1126
2100
1929
667
943
2100
1265
774
1265
943
1480
1301
1241
711
124
584
943
1480
1301
1302
124
777
685
660
226
1426
943
966
2087
1691
777
242
2065
1678
1678
1573
1959
2120
1329
1556
1735
1716
1766
1025
943
774
1716
1493
777
1981
580
2065
698
2065
124
777
777
1451
777
1167
1451
1451
777
1451
1451
777
1505
1451
1451
1451
568
777
1451
1451
777
1023
714
1929
1451
1991
1734
714
1929
801
1451
1023
777
1451
1451
1023
1451
1023
1947
1532
943
1451
774
1734
1296
1929
1527
943
1451
774
943
550
105
234
2061
690
1025
1126
2100
1929
667
943
2100
1265
774
1265
943
1480
1301
1692
892
1357
943
1480
1301
1692
892
310
1451
777
1451
1947
1532
943
1451
774
1734
1296
1929
1527
943
1451
774
943
214
2010
150
1947
1126
2100
1929
667
943
2100
1265
774
1265
943
892
711
655
2072
1703
2080
1307
943
846
586
655
2072
1703
1451
777
1532
1451
777
1947
1532
943
1451
774
1734
1296
1929
1527
943
1451
774
943
1715
310
349
124
399
1403
510
1300
1126
2100
1929
667
943
2100
1265
774
1265
943
1480
1301
1528
510
124
220
943
1480
586
124
814
943
1480
586
1241
563
586
943
1480
1301
1302
510
124
943
1480
1301
1241
563
777
1991
1734
714
1929
1991
1494
777
1451
1451
1451
1451
777
1451
1167
1451
1023
1451
1766
777
1567
993
777
1451
1037
1120
584
584
898
584
584
943
711
95
584
1929
943
850
285
95
584
943
1480
95
584
943
1692
95
584
943
677
95
584
943
846
95
584
943
1690
95
584
510
1809
931
753
1299
64
1234
2110
1310
1472
1809
1991
1734
714
1929
1451
1451
1451
1451
801
777
1532
1734
714
1929
2098
143
1391
1310
1073
777
1451
1724
777
1451
1991
1734
714
1929
777
1451
777
777
1451
1451
777
777
1451
721
1809
111
943
925
323
943
846
2054
925
323
943
846
2054
1723
802
1717
323
943
846
1299
1212
1299
1929
943
677
2013
742
2013
1200
516
1207
1717
1717
1717
925
323
943
846
2054
1723
802
909
1885
2013
516
1207
1717
1717
1717
1169
1071
925
323
943
846
2054
1723
802
1717
323
943
846
1299
1212
1299
1929
943
677
2013
742
2013
1200
516
1207
1717
1717
1717
925
323
943
846
2054
1723
802
909
1885
2013
742
516
1207
1717
1717
1717
1169
1071
925
323
943
846
2054
1723
802
1118
1118
925
323
943
846
2054
1723
802
1118
1118
925
323
943
846
2054
1723
80
802
1118
766
1809
1451
1451
1547
943
351
777
777
1023
1023
1451
777
1766
738
153
1766
1003
777
1532
1451
1023
777
641
943
777
1451
149
1342
1470
1130
1344
353
2047
1493
1344
2020
2098
225
2093
1342
1470
1493
898
349
1189
943
353
1826
1009
1826
1826
347
1809
1809
943
1480
417
590
1793
1983
1063
1493
2072
1898
1499
1493
2072
1898
1344
2020
353
1819
2020
1344
2020
1344
2020
1344
2020
539
353
2047
988
1344
690
2020
988
562
1003
1344
2020
2098
690
2020
1826
2047
1212
249
2072
1826
2047
1063
2047
1212
249
2072
405
249
2072
2047
1344
2020
71
1826
1826
427
1764
1828
1987
1344
2020
1344
2020
175
2047
353
227
1342
2098
1987
424
2047
353
1344
2020
658
943
1118
1493
1344
2020
2071
2047
353
2047
637
539
2020
757
1826
1826
1808
71
2020
836
943
347
1741
176
1970
908
1072
1175
1741
137
1826
1826
2047
1826
2072
250
2020
1342
38
2047
1344
2020
1344
690
2020
1819
1493
353
1344
2020
1344
2020
1344
2020
1344
2020
2090
1493
2072
1898
1480
1012
2047
353
1608
1927
2047
1927
1927
2098
1975
1266
1785
38
2047
2020
216
71
824
2020
1151
1567
136
381
2020
2020
928
2094
912
912
822
1688
1270
604
1429
1434
1012
1616
824
1429
2047
943
1074
793
1567
1616
482
1429
2098
864
824
1151
1321
1359
193
318
564
1931
1479
943
1175
864
1959
639
69
801
1988
1734
714
1929
1147
1882
801
777
1451
2084
1483
861
1419
487
1289
1406
814
310
59
154
1608
231
2054
144
1932
943
1063
985
1839
1063
1126
1929
256
1300
1929
943
1063
124
985
1179
946
1972
2054
2117
1339
1009
89
1506
2004
1063
124
768
1207
1890
1003
1903
1815
124
412
143
2098
1535
2004
10
549
1815
19
715
124
1303
129
202
494
967
33
191
10
1815
124
108
1310
400
1299
685
2109
813
1080
1063
1257
376
591
877
1556
1582
645
2055
1063
1815
943
1063
124
1300
412
109
1875
1222
1342
2054
547
1939
1989
717
1411
1063
2054
1934
549
1815
2098
2055
1342
1815
804
719
1063
867
985
1270
1308
719
1789
1063
1801
1689
1839
620
867
705
1866
2093
2004
1063
943
1063
124
549
1998
1866
143
2066
2055
35
796
1739
995
203
377
1435
2078
89
1739
756
1270
719
1315
1216
1704
495
943
1063
124
762
867
497
1704
1953
1221
943
1063
2098
942
374
249
705
74
118
2092
124
1437
798
1308
249
39
1672
340
943
1866
1296
814
510
28
112
1290
325
850
1321
1982
1839
1051
458
616
1332
1839
1145
832
1856
147
1839
933
626
1559
2062
2038
414
867
734
655
1580
976
2054
1274
846
2098
1328
2098
1063
655
1048
21
175
147
1189
1839
1839
1060
1443
951
1374
677
1276
2054
929
1957
943
46
814
510
1483
1063
38
500
943
691
1804
626
1063
373
1910
1961
1787
714
1929
1451
1451
568
347
197
835
1451
1451
1451
1023
777
777
777
1451
1451
1927
532
610
1308
1018
1451
777
777
1451
777
2090
1110
719
563
71
1003
1678
1308
52
879
1308
568
1308
1741
1177
353
1003
1678
1308
428
1003
1003
71
1271
1678
1308
1014
1741
1168
943
774
1026
1678
1308
27
879
1308
249
1110
1357
1003
351
71
1003
550
677
2054
353
1003
351
116
1741
2098
249
1162
297
777
777
1451
777
777
777
1451
1023
777
1451
1023
777
568
1451
777
1451
1023
777
1451
1063
1954
1063
1493
1063
1493
39
1451
1023
777
1724
777
1451
777
1981
284
943
774
1451
777
777
568
777
1451
1451
777
1451
777
777
568
1451
777
367
290
112
734
1809
1809
363
363
1985
57
17
17
17
57
1493
57
777
1532
1451
1023
2098
1605
947
112
734
1378
1724
777
1451
777
1451
1023
568
1554
1766
1628
1824
1003
1451
1023
777
1981
482
574
1947
1532
943
1451
774
1734
1296
1929
1527
943
1451
774
943
1808
1647
272
816
1126
2100
1929
667
943
2100
1265
774
1265
943
677
711
1929
943
677
939
943
677
586
1929
943
677
939
943
677
586
1929
943
677
939
943
677
711
1929
943
677
943
677
711
1929
943
677
939
1451
1451
1023
1451
1947
1532
943
1451
774
1734
1296
1929
1527
943
1451
774
943
719
2042
1818
1647
604
1126
2100
1929
667
943
2100
1265
774
1265
943
1480
1301
1241
711
124
371
777
1426
2087
1933
1834
1947
1532
943
1451
774
1734
1296
1929
1527
943
1451
774
943
1692
1619
1357
1953
626
1126
2100
1929
667
943
2100
1265
774
1265
1692
1619
711
1007
1357
13
1692
1619
711
1007
1301
1538
1241
1619
1692
1619
711
1007
1301
1538
1301
1692
1619
711
1007
1301
1538
847
1692
1619
711
1007
1301
1538
1241
1527
1692
1619
711
1007
1301
1538
1528
1286
675
220
1692
1619
711
1007
1301
1538
847
1619
777
1451
568
777
777
1451
777
1023
1451
1023
777
943
777
877
1357
168
1947
1532
943
1451
774
1734
1296
1929
1527
943
1451
774
943
320
1357
320
1357
1622
766
1000
1391
1126
2100
1929
667
943
2100
1265
774
1265
1692
320
711
1007
1357
13
1451
1023
568
777
777
1451
777
777
777
1451
1451
95
1532
943
1451
774
1734
1296
1929
1527
943
1451
774
943
943
2095
345
1184
1850
1475
1025
1126
2100
1929
667
943
2100
1265
774
1265
943
677
711
1007
526
310
988
2080
2040
13
943
1480
1301
1692
892
440
1357
2095
1357
943
677
711
1007
526
310
988
2080
2040
13
1311
95
1532
943
1451
774
1734
1296
1929
1527
943
1451
774
943
943
2095
345
1184
1850
1475
600
516
1025
1126
2100
1929
667
943
2100
1265
774
1265
943
1480
1301
1692
892
440
1357
2095
1357
1451
1451
1451
1451
801
777
1451
1167
1451
1023
777
568
1451
1043
1224
1488
769
383
510
943
1594
1043
1009
510
1043
1447
1803
1191
1647
546
777
1505
2098
1766
601
162
988
1959
1018
317
1487
777
351
1451
1023
777
1110
510
893
777
1451
777
777
777
1451
1342
777
777
568
1451
777
105
1308
349
529
1451
777
945
1741
1451
2054
1912
958
903
1150
777
951
1567
457
1741
766
416
612
587
272
1150
1451
1451
1532
943
1451
774
1734
1296
1929
1527
943
1451
774
943
1110
769
769
1781
1126
2100
1929
667
943
2100
1265
774
1265
943
677
711
1007
526
310
1538
1690
943
677
711
1007
526
1332
368
1538
943
677
711
1007
526
310
1538
943
677
586
655
526
586
1690
943
677
586
655
526
943
677
711
1007
526
310
1538
1690
943
677
711
1007
526
310
1538
943
677
711
1007
526
310
988
13
943
677
586
655
526
586
1690
943
892
711
655
2072
1703
1196
1196
1451
1451
1023
777
1451
777
568
777
1451
1023
1174
604
719
814
1308
1339
1330
1285
1959
604
719
814
534
1991
1734
714
1929
777
1487
943
1314
1451
1023
777
1803
1451
1734
1434
1929
1465
943
777
923
1290
1647
574
118
1606
1451
777
568
1451
777
1451
777
423
1023
1970
1451
777
818
1599
249
943
677
879
249
1591
1884
719
84
249
1308
943
677
879
249
290
84
1745
945
775
846
774
452
1023
691
861
400
777
1023
777
1991
1734
714
1929
1892
284
1509
1391
777
1901
1110
124
563
333
310
722
1110
124
563
1009
1871
310
879
197
1874
1894
310
249
1110
124
568
310
1894
124
1902
563
801
777
1532
1451
1023
1167
1451
1023
777
955
233
777
777
1532
1451
1532
943
1451
774
1734
1296
1929
1527
943
1451
774
943
1184
2014
742
1372
2080
2040
13
1018
1696
1126
2100
1929
667
943
2100
1265
774
1265
943
1480
1301
1241
711
2099
2099
842
1451
1023
777
1451
777
777
1451
1023
1451
1023
600
1311
1311
1451
1023
1311
1451
1023
1451
777
1308
719
898
648
354
777
1451
1451
1451
777
1451
1023
1451
1532
943
1451
774
1734
1296
1929
1527
943
1451
774
943
543
1884
1
162
1126
2100
1929
667
943
2100
1265
774
1265
943
1480
1301
892
470
144
777
1451
777
1451
777
1451
777
1451
1451
1532
943
1451
774
1734
1296
1929
1527
943
1451
774
943
1300
2073
1484
1378
739
1690
1126
2100
1929
667
943
2100
1265
774
1265
943
677
711
1007
526
310
1947
1532
943
1451
774
1734
1296
1929
1527
943
1451
774
943
84
310
510
1126
2100
1929
667
943
2100
1265
774
1265
943
1480
1301
943
1480
586
1301
586
943
1480
1301
943
1480
586
1241
563
586
943
1480
1301
1241
711
943
1480
1301
1692
711
943
1480
1301
1301
801
777
1451
777
1991
1734
714
1929
861
1110
1959
170
1789
861
864
1229
1789
613
1798
1451
1451
777
1451
777
1451
774
1025
616
275
1458
1743
48
692
1005
383
83
648
83
719
1731
83
719
1381
83
802
84
719
83
1308
943
1929
943
1929
943
1929
964
941
2072
1973
1308
943
1929
943
1929
2117
290
1327
738
477
1327
1890
1003
370
1865
616
275
648
1890
1003
370
1327
2117
719
83
1078
1985
692
1005
719
219
1016
1947
1378
1985
692
1005
719
219
1016
1947
1378
978
587
587
1198
1809
719
691
72
1743
48
1028
523
1556
430
612
1028
523
477
719
814
879
801
777
1451
292
447
523
1556
430
612
777
1958
1991
1734
714
1929
418
777
943
777
777
1901
346
842
1566
1097
1986
1157
368
310
1300
1339
978
124
368
1339
1947
1451
777
1451
1023
714
1929
777
1167
1451
777
1947
1532
943
1451
774
1734
1296
1929
1527
943
1451
774
943
1357
1556
431
1126
2100
1929
667
943
2100
1265
774
1265
943
677
711
1929
943
677
943
677
711
1929
943
677
1803
777
567
1054
2054
1578
1808
1120
1451
777
1451
1451
777
777
1451
777
777
1451
1451
568
261
412
719
1378
580
719
719
1378
988
261
1253
1026
644
2014
1255
310
586
1261
586
1809
568
626
586
1037
586
1207
249
124
837
644
580
719
626
988
1809
1173
854
1110
719
207
249
1705
376
613
1766
1073
1809
536
778
1893
137
457
1221
41
766
310
1073
777
657
1451
1023
1451
1451
1451
1451
1023
130
2014
1516
1025
777
943
777
777
1451
777
1543
777
943
777
917
2014
83
501
1532
943
1451
774
1734
1296
1929
1527
943
1451
774
943
1110
124
563
1760
568
124
1126
2100
1929
667
943
2100
1265
774
1265
943
1480
1301
943
1480
586
586
943
1480
1301
892
943
1480
1301
1302
510
124
777
777
1451
1023
1120
605
777
100
1023
777
777
1451
1023
801
1991
1734
714
1929
777
1451
1023
1451
1451
777
1451
777
1451
1023
1451
1451
351
777
600
1959
943
677
586
1929
943
677
1043
777
777
1451
1023
777
1451
777
777
1023
1803
777
1451
777
1451
836
24
1023
1451
2098
1629
777
1451
1451
1947
1532
943
1451
774
1734
1296
1929
1527
943
1451
774
943
1610
1884
2090
1616
1126
2100
1929
667
943
2100
1265
774
1265
943
1480
1301
892
470
144
943
1480
1301
1692
892
470
144
777
777
1311
568
1451
95
1532
943
1451
774
1734
1296
1929
1527
943
1451
774
943
83
1153
685
959
1126
2100
1929
667
943
2100
1265
774
1265
943
677
711
1007
526
310
1538
124
83
943
677
586
655
526
586
124
83
943
677
586
655
526
586
124
83
943
677
711
1007
526
310
1538
124
83
1451
1451
777
777
1451
1023
777
1451
1451
777
1451
777
1023
1451
1451
1451
1451
1311
568
777
1724
1693
2066
777
774
95
1532
943
1451
774
1734
1296
1929
1527
943
1451
774
943
1947
1126
2100
1929
667
943
2100
1265
774
1265
943
1480
1301
1241
563
777
1741
952
1032
1102
477
1000
1308
1451
1451
777
1451
777
1451
1023
1288
124
349
1444
349
604
604
1243
73
376
1808
1683
2095
310
349
1243
668
20
2095
1308
349
1451
774
777
1451
1023
1532
943
1451
774
1734
1296
1929
1527
943
1451
774
943
943
1126
2100
1929
667
943
2100
1265
774
1265
943
677
711
1007
526
310
1538
943
677
586
655
526
586
762
943
677
711
1007
526
310
1538
943
677
711
1007
526
310
1538
943
677
711
1007
526
310
1538
943
1480
1301
1241
711
719
1932
943
677
586
655
526
586
762
1451
1451
777
568
777
1451
777
568
1451
777
568
777
1451
777
1532
943
1451
774
1734
1296
1929
1527
943
1451
774
943
320
1357
2066
1301
563
1007
349
1092
351
1959
1220
1126
2100
1929
667
943
2100
1265
774
1265
1692
320
711
1007
1301
1241
1692
320
711
1007
1301
1302
320
1301
1985
1451
1959
214
444
324
719
495
1866
1570
43
1808
1003
1613
801
1023
1451
1724
1412
1901
658
1808
1934
1418
1577
1613
1207
1471
1189
1577
943
850
1077
1361
951
1577
1207
544
1984
1613
1308
249
1875
875
1308
1875
875
1808
1613
1207
1471
510
943
2003
208
943
1567
1377
943
1741
943
677
2089
44
846
44
685
846
1809
1646
44
2078
677
2099
1475
1809
902
568
1809
1093
1705
200
150
368
813
295
777
777
321
873
568
943
777
1532
1451
1451
1724
580
1261
586
777
1451
1803
777
1261
1120
777
1734
714
1929
1947
1532
943
1451
774
1734
1296
1929
1527
943
1451
774
943
1718
654
1614
739
2072
1126
2100
1929
667
943
2100
1265
774
1265
943
677
711
1929
943
677
1300
310
573
943
677
586
1929
943
677
939
943
677
711
1929
943
677
1300
310
943
677
711
1929
943
677
1300
310
858
943
677
711
1929
943
677
1300
310
943
677
586
1929
943
677
939
943
677
711
1929
943
677
939
943
677
711
1929
943
677
939
943
677
586
1929
943
677
1300
310
858
1451
1043
1938
1533
1052
1866
1705
943
677
993
88
677
2098
368
1712
879
1052
402
704
101
624
1000
943
677
1705
494
1938
1533
1052
1228
1200
1301
1938
172
323
1299
1212
1183
1110
1251
81
1832
978
368
943
677
993
81
1029
558
1189
1741
1580
2102
1043
1938
1533
83
993
1451
1451
1194
2087
484
40
1378
1222
685
1734
1434
1929
1465
943
759
224
118
1434
1220
1220
1809
1911
691
861
1074
1724
1451
777
1311
568
1451
1451
777
1451
1451
1451
1023
1451
1023
777
1451
1451
777
1451
1023
1734
714
1929
1451
1451
1023
777
1451
1023
777
1704
563
1334
1043
2010
2010
258
1582
1126
1300
1582
777
1751
1110
822
1766
1009
2098
2066
1907
1751
1582
1451
1023
351
777
418
943
777
1954
2109
1697
376
1910
1207
1815
2054
677
1809
1840
1290
822
1468
1339
1301
1550
1543
777
1451
568
1451
1451
1451
777
568
1451
568
1451
777
510
1052
943
1451
916
510
1023
947
1567
376
861
901
1766
1771
1189
801
777
1451
2098
861
901
1803
777
510
1493
310
2038
1306
777
2051
1741
574
1947
1532
943
1451
774
1734
1296
1929
1527
943
1451
774
943
1616
1342
477
510
1052
1126
2100
1929
667
943
2100
1265
774
1265
943
1480
1301
1241
816
885
943
1480
586
1301
586
943
1480
1301
1301
943
1480
1301
1241
711
943
1480
586
1241
711
586
943
1480
1301
1692
711
124
1446
943
677
711
1007
526
310
1493
13
943
677
711
1007
526
310
1493
13
777
1991
1734
714
1929
1451
1023
777
1451
1734
714
1929
1451
568
1451
1516
506
1741
122
766
800
1619
1357
1303
777
1225
1707
943
777
1451
1505
383
881
2098
1808
777
881
1009
1662
150
2074
2090
404
1259
506
704
402
2098
602
150
1947
1532
943
1451
774
1734
1296
1929
1527
943
1451
774
943
1884
1451
1963
506
1126
2100
1929
667
943
2100
1265
774
1265
1692
1619
711
1007
777
1947
1532
943
1451
774
1734
1296
1929
1527
943
1451
774
943
1884
1451
1963
506
1126
2100
1929
667
943
2100
1265
774
1265
1692
1619
711
1007
943
711
1007
1480
943
711
1007
1480
1692
1619
711
1007
1451
1947
1532
943
1451
774
1734
1296
1929
1527
943
1451
774
943
1884
1451
1963
506
1126
2100
1929
667
943
2100
1265
774
1265
943
711
1007
1480
568
777
777
1741
1872
1007
2098
1814
580
1567
600
586
1965
777
284
1741
766
1970
1505
626
1120
525
1362
1120
1351
1078
1806
1140
1451
943
996
1951
677
1806
1451
1724
1451
1532
943
1451
774
1734
1296
1929
1527
943
1451
774
943
470
1161
1812
2048
376
1303
1176
467
1344
2048
376
799
1974
1126
2100
1929
667
943
2100
1265
774
1265
943
1480
1301
1302
124
1052
943
1480
1301
711
1444
470
943
1480
1326
1538
943
1480
1301
892
470
144
943
1480
1301
274
1286
777
777
568
1947
1532
943
1451
774
1734
1296
1929
1527
943
1451
774
943
371
943
1444
129
411
1126
2100
1929
667
943
2100
1265
774
1265
943
1480
1301
1286
943
711
1007
1480
1301
1692
1451
1023
284
15
1741
1532
943
1451
774
1734
1296
1929
1527
943
1451
774
943
543
2071
2005
142
1678
1126
2100
1929
667
943
2100
1265
774
1265
943
1480
1301
1241
711
124
584
1451
777
1451
1023
777
1451
1023
1451
1167
1451
1451
714
1929
777
1451
1451
1023
777
1505
376
1734
2100
1929
667
943
2100
2083
2063
943
677
711
1007
526
310
1839
2087
1550
310
1839
2032
1766
1175
1175
1859
685
943
677
925
323
943
677
1007
526
310
1839
943
677
1797
383
1839
310
2031
943
677
2031
1839
677
1025
943
2054
325
736
310
879
1839
1225
1806
925
406
669
1809
2054
325
92
2054
325
92
2054
325
92
2054
325
92
2054
325
92
2054
325
92
2054
325
92
2054
325
92
2054
325
92
2054
325
92
2054
325
92
2054
325
92
2054
325
92
2054
325
92
1809
777
1362
1652
1803
1704
529
1597
584
71
777
1451
1734
714
1929
1451
1167
1451
1023
801
1991
1494
777
1734
714
1929
1451
1451
1023
1451
1724
685
466
1488
1138
600
777
284
1505
685
1962
777
17
1241
711
1692
1932
568
1808
685
568
777
861
1908
72
777
1451
1451
777
777
786
777
777
1451
1901
1508
777
1451
1023
1451
1023
777
1023
1451
1981
118
717
1807
219
1741
943
1807
777
1451
1573
1567
943
777
551
1451
600
1451
1451
1023
1451
1451
1023
777
1451
1451
777
1803
1451
777
1451
1023
1809
584
584
898
584
584
943
1692
95
584
2087
95
584
195
95
584
584
506
95
584
1809
777
777
1451
1803
777
780
526
284
1451
1451
1023
777
1451
777
777
1532
1451
1023
1451
1698
777
1014
739
2055
1959
284
861
1735
1066
200
1488
788
480
993
777
777
1451
1756
1613
102
482
229
1014
691
861
1212
102
759
1613
111
102
777
1006
943
249
1451
1023
510
1959
1505
1451
1451
1451
1451
1023
1167
1451
1167
1451
1451
1724
1451
777
568
777
1532
943
1451
774
1734
1296
1929
1527
943
1451
774
943
162
1394
580
1184
1328
1126
2100
1929
667
943
2100
1265
774
1265
943
1480
1301
1241
711
124
584
943
1480
1301
1302
124
1451
801
1451
1991
1734
714
1929
1451
1532
943
1451
774
1734
1296
1929
1527
943
1451
774
943
320
1357
2066
1301
563
1007
349
652
797
1126
2100
1929
667
943
2100
1265
774
1265
1692
320
711
1007
1301
274
1286
777
1451
777
777
1451
1451
1451
1023
777
1947
1532
943
1451
774
1734
1296
1929
1527
943
1451
774
943
1819
967
928
1342
510
1126
2100
1929
667
943
2100
1265
774
1265
943
677
711
1007
1839
769
1451
777
1451
1451
1532
943
1451
774
1734
1296
1929
1527
943
1451
774
943
942
1690
654
1806
447
1818
690
1025
1126
2100
1929
667
943
2100
1265
774
1265
943
1480
1301
563
943
1480
1301
563
1434
943
1480
1301
274
1286
943
1480
1301
669
943
1480
1301
1241
563
943
1480
1301
563
1451
1947
1532
943
1451
774
1734
1296
1929
1527
943
1451
774
943
2031
1025
1126
2100
1929
667
943
2100
1265
774
1265
943
677
711
1929
943
677
2099
1726
939
777
885
885
777
1567
279
1741
1430
1970
1445
1741
943
101
163
943
1451
1451
777
1451
1451
777
1451
1138
1220
1781
1614
1811
685
837
2095
1118
83
138
347
1434
1954
1781
2095
394
1220
835
1883
1143
1781
1243
1929
1591
983
1138
1811
685
1093
1138
2098
1220
861
1734
1929
667
1175
943
1734
1929
667
1175
943
1451
777
418
1532
943
1451
774
1734
1296
1929
1527
943
1451
774
943
470
1884
1052
1025
1126
2100
1929
667
943
2100
1265
774
1265
943
677
711
1929
943
677
943
677
711
1929
943
677
249
943
677
711
1929
943
677
249
943
677
711
1929
943
677
943
677
711
1929
943
677
939
943
677
711
1007
769
943
677
711
1929
943
677
939
943
677
586
1929
943
677
249
943
677
711
1929
943
677
1300
1007
943
677
711
1929
943
677
943
677
711
1929
943
677
943
677
711
1929
943
677
943
677
711
1929
943
677
943
677
711
1929
943
677
943
677
711
1929
943
677
939
777
568
1451
777
1451
777
1451
851
1999
1808
610
1023
777
1734
714
1929
1451
1451
1451
1451
777
1734
714
1929
347
1063
572
1839
769
1391
1342
180
1959
769
1391
769
1391
777
728
1261
1120
83
777
1660
1451
777
568
600
740
284
1023
320
1451
320
1451
1023
777
1724
777
188
434
660
790
908
200
983
1207
1014
1378
777
1451
1884
1052
510
991
1300
1126
943
677
1300
896
249
1378
1003
896
1052
519
1003
719
943
677
2057
1058
943
677
943
677
1058
443
685
925
323
943
677
1007
1043
943
1043
510
1803
685
1043
510
1052
1339
943
677
510
1378
1159
197
943
677
368
943
677
943
677
368
777
1741
943
677
1351
885
1884
510
1052
1003
840
249
885
249
988
249
885
477
943
810
249
885
477
249
1052
626
249
1052
1339
510
1043
1451
1023
777
1451
777
1532
1451
777
1451
1451
777
777
1532
1451
1023
1697
1451
1023
1451
1451
1451
777
1451
1023
1451
777
568
1451
1129
1724
993
1613
1567
1052
249
1953
1712
1724
908
838
1889
1336
1405
1990
688
1953
896
1073
1959
1052
553
30
1413
1175
2048
943
1361
1711
2102
1175
2048
1724
1712
1175
1090
349
1446
1158
1175
2090
861
1419
1243
1734
1434
1929
328
1265
1052
1734
1434
1929
1465
943
1580
1154
1154
1672
376
1991
276
1175
2090
1208
290
513
1010
2098
1949
772
1865
943
1102
249
1884
675
1556
1126
943
677
1743
1300
1129
249
1953
1072
2098
2098
71
1355
505
1734
1929
1235
648
1413
1175
1129
367
249
1631
249
1884
675
97
1631
943
677
1461
1480
1833
533
1556
1884
1073
1480
1073
351
1457
1889
2022
943
1968
289
1953
395
1234
943
2022
786
1808
896
943
1118
2098
406
371
1118
1692
132
2066
249
1025
943
260
1023
1451
777
1981
719
1932
349
156
386
1308
349
777
150
1864
249
2046
1493
83
1126
943
1300
896
249
1378
310
1493
814
477
84
719
814
675
1902
697
1308
1308
1864
1898
1308
828
1715
697
1446
719
83
1493
1648
685
685
84
1308
719
828
1715
697
749
697
1446
83
1126
943
1300
896
249
1378
310
1493
814
719
1631
83
1493
1648
685
1631
719
57
910
1308
879
83
1126
943
1300
896
249
1378
310
1493
814
1308
719
814
84
675
124
83
1493
1648
719
685
73
1451
1451
777
777
1451
1451
777
1991
1734
714
1929
1991
777
943
777
1734
714
1929
801
1766
1451
1023
1959
1981
1816
1708
249
124
345
1979
351
482
1102
150
654
669
1003
1224
1809
925
688
353
688
353
1739
353
1493
562
1967
2013
1774
638
1736
23
1013
2013
1029
677
1246
742
2013
1423
23
1809
777
1991
1734
714
1929
1532
943
1451
774
1734
1296
1929
1527
943
1451
774
943
1944
2013
1126
2100
1929
667
943
2100
1265
774
1265
943
1480
1301
1241
563
801
777
1451
1451
777
1451
714
1929
1451
1451
715
1556
1985
2009
1003
638
2017
2017
1939
677
38
1556
388
525
1939
2037
1308
353
38
1556
388
525
1939
2037
1308
353
1884
1073
1308
1039
1308
349
1985
1678
1308
1985
1678
1308
1985
1678
1308
1985
1678
1308
1985
1678
1308
1985
1678
1308
1985
1678
1451
1023
777
777
777
1532
1451
1023
777
1023
1075
1679
1502
1240
668
2117
777
351
351
777
160
1502
460
446
677
1805
560
561
2117
2054
1451
1439
1710
2095
540
1845
514
1712
1185
2102
2098
1710
1360
1613
1385
777
2066
1991
1494
861
349
1932
784
1734
1929
1484
943
1185
568
84
2098
1360
540
943
63
1710
2095
1712
1968
1710
621
2098
636
1890
1052
2098
510
1052
626
1451
1451
777
861
34
774
1451
1023
1451
1023
777
1981
681
1734
1434
1929
1465
943
150
563
1110
719
563
200
1734
1434
1929
1465
943
1362
1652
1803
731
178
300
1110
719
563
1110
719
1058
943
846
1908
1308
910
150
586
368
910
1110
1180
568
719
563
962
150
978
1803
376
1949
919
368
943
846
20
1866
20
1308
1932
349
1866
150
57
777
1451
1167
1451
1451
1807
1959
476
846
1052
839
777
1451
1311
568
1311
1451
1451
1451
777
1451
777
1451
1451
777
568
777
1451
777
1451
1023
1451
777
118
1447
1809
1184
1378
1493
62
124
48
1378
1003
1003
1184
1809
1954
879
54
1532
943
1451
774
1734
1296
1929
1527
943
1451
774
943
129
195
943
510
1126
2100
1929
667
943
2100
1265
774
1265
943
677
711
1007
526
310
777
1288
2054
1484
376
1187
376
1620
1871
875
1540
1953
1219
386
1381
2048
408
1009
1451
1023
777
1451
1451
1580
1681
1270
1261
1120
1028
584
584
973
502
1340
502
502
943
1690
584
584
1131
973
1340
1131
655
586
943
1690
1852
1339
685
2094
800
711
685
2094
711
58
1120
58
685
2094
1120
58
58
1120
84
685
1199
1757
655
181
933
323
2094
337
2043
1378
800
1378
180
685
1199
1757
655
181
933
323
2094
800
1736
2028
685
1118
1918
943
1918
943
2100
943
1690
586
655
2094
800
943
1690
943
1300
685
1118
1918
943
1918
943
2100
943
1690
711
655
943
1690
943
1300
2094
800
943
1690
2080
1126
1690
685
1118
1918
943
1918
943
2100
943
1690
711
655
943
1690
2080
1126
1690
2094
800
1808
800
129
584
584
898
584
584
943
711
95
584
1929
943
850
285
95
584
943
1480
95
584
943
677
95
584
943
846
95
584
943
1690
1947
584
1028
2098
1567
861
1270
586
1321
1952
400
279
323
879
704
836
383
1270
1120
560
2098
1949
960
1263
861
864
777
1981
502
150
502
150
655
717
1451
861
506
858
502
150
502
150
655
717
1690
2098
466
1010
777
1505
1263
809
1263
1263
1263
1270
367
1505
1003
937
943
1101
219
1809
323
2040
1049
943
846
655
1852
1339
685
2094
800
389
389
685
323
2040
1049
943
846
389
2094
800
685
323
2040
1049
943
846
2094
800
892
6
1808
800
129
892
6
1809
1809
323
2040
1049
943
846
655
1852
1339
685
2094
800
892
6
1808
800
129
892
6
1809
691
2051
1741
943
1932
111
219
1741
1409
1685
943
347
1451
1067
1176
424
837
943
701
402
225
1741
346
432
345
39
432
345
574
798
1832
1985
1511
347
1367
2098
1866
1816
655
1236
580
892
6
655
1757
1741
1420
879
879
200
742
943
846
711
655
943
846
1809
2043
742
202
1088
269
1863
692
1863
1723
1863
1983
1696
809
525
1809
1451
777
777
568
777
1180
1110
1999
83
568
1631
310
1667
164
943
1728
568
1631
310
1556
1206
1444
71
164
2098
1303
999
408
1055
1009
1335
1324
1009
1335
1186
1126
1300
1389
1448
999
1043
494
300
1631
1493
568
1543
1224
164
1808
2006
1493
2006
749
164
1110
1493
164
1488
71
1224
164
1444
1808
2006
749
164
1493
2006
1110
1493
164
1724
351
777
351
777
1451
1959
1221
968
777
608
1970
908
1269
1224
1889
1003
1533
1362
1444
83
1889
1003
428
310
879
1043
1110
749
124
1487
749
1110
1685
164
1444
777
1959
943
777
1451
1451
1451
1532
943
1451
774
1734
1296
1929
1527
943
1451
774
943
1471
1143
1590
1126
2100
1929
667
943
2100
1265
774
1265
943
677
711
1007
526
667
660
793
1451
1724
1451
943
506
2043
893
249
925
323
943
1007
526
310
143
368
1538
655
988
2027
1469
2056
368
63
2038
1147
1488
116
1451
777
568
777
777
1451
1023
367
1451
1023
568
816
13
510
893
1110
816
769
837
1556
441
1378
1283
1978
988
777
1828
338
816
1000
118
310
1277
1609
765
349
1018
1981
777
1955
249
2003
1303
452
1174
864
717
1006
310
1334
2013
777
307
943
1480
1301
2054
816
769
188
1766
1558
1110
1184
124
1009
660
2098
1125
861
1908
2102
777
224
1073
349
816
34
774
777
886
1110
816
124
816
13
510
893
262
816
769
482
837
2080
2040
367
1724
1248
105
1110
1901
658
63
774
1451
61
1176
769
447
534
1097
797
1803
562
1585
562
1859
406
23
510
245
1741
1808
1884
1451
943
1175
1643
2084
696
769
510
1009
696
517
510
1052
2098
861
769
38
240
765
1809
510
2098
947
1451
1809
2098
1451
1052
1451
347
188
1567
777
462
615
1154
1451
777
568
1451
1451
1451
777
188
777
1397
1180
568
405
1184
1809
1406
742
1696
1809
2098
1809
1406
1809
1892
1451
1451
1567
1766
1963
916
367
717
691
1567
1451
656
1741
1567
212
1052
793
1567
642
656
1741
1839
2101
95
1532
943
1451
774
1734
1296
1929
1527
943
1451
774
943
931
1184
1025
1126
2100
1929
667
943
2100
1265
774
1265
943
1690
270
1690
711
1007
1907
1864
1493
943
1690
270
1690
711
1007
943
677
711
1007
526
943
677
711
1007
526
943
677
711
1007
526
943
1690
270
1690
711
1007
439
943
677
711
1007
526
943
1690
270
1690
711
1007
1851
1483
943
1690
270
1690
711
1007
1864
1493
943
1690
270
1690
711
1007
1451
1724
777
816
1954
925
323
943
677
1007
526
916
1184
1378
1803
777
284
1741
1451
600
1184
407
1539
1985
1613
1205
1611
2099
777
1451
777
418
777
1540
1962
1184
407
1539
1985
1970
777
789
777
1532
1451
1451
777
777
777
1451
1451
777
1451
777
774
1451
777
568
777
1451
777
777
769
328
1190
685
1766
184
2099
563
184
685
328
1190
1451
1023
1451
1023
1981
717
777
1451
1451
1023
777
1451
1947
1532
943
1451
774
1734
1296
1929
1527
943
1451
774
943
720
916
1766
1126
2100
1929
667
943
2100
1265
774
1265
943
677
711
1007
526
310
988
2040
13
1451
1451
1023
715
176
1363
1366
142
1231
322
1308
1927
1168
766
410
659
1308
20
1715
1308
1927
1715
1308
1927
287
600
777
777
1451
1023
1451
1451
1451
1023
1991
1734
714
1929
1220
510
1807
1451
1451
1167
1023
777
1023
1451
1803
777
1880
2010
777
1505
774
1451
1991
1734
714
1929
1451
777
1023
777
1451
1023
777
777
1023
1803
568
1451
1451
945
1897
124
83
931
1852
1339
685
925
323
943
846
1304
526
310
1897
1538
124
83
2094
800
802
685
323
2040
1049
2072
1703
1196
1196
2094
802
1999
685
925
323
943
846
1304
526
310
1897
1538
124
83
2094
124
83
1678
1299
685
323
2040
1049
2072
1703
2080
913
2094
2043
1351
685
323
2040
1049
2072
1703
2080
1162
2094
1351
2043
1351
648
2072
648
685
323
2040
1049
2072
1703
2080
1162
2094
1351
648
108
648
685
323
2040
1049
2072
1703
2080
1199
2094
648
2066
143
1678
1635
735
192
744
319
2017
685
1299
1678
1299
946
685
1299
2006
1635
666
1934
2087
219
143
153
2087
1451
95
1532
943
1451
774
1734
1296
1929
1527
943
1451
774
943
1567
1261
1120
1301
1126
2100
1929
667
943
2100
1265
774
1265
943
1480
586
1301
586
943
1480
1301
1301
943
1480
586
1241
711
719
1932
586
777
1451
714
1929
1451
777
677
1828
807
941
943
1741
1422
664
243
376
1545
1422
1826
1907
268
174
1545
604
1451
1451
1023
777
1947
1532
943
1451
774
1734
1296
1929
1527
943
1451
774
943
711
697
1357
349
309
1126
2100
1929
667
943
2100
1265
774
1265
943
1480
1301
2058
711
943
1480
1301
2059
943
1480
1301
2058
1692
943
1480
1301
1692
711
697
943
1480
1301
1692
711
1692
1357
777
568
1451
1532
943
1451
774
1734
1296
1929
1527
943
1451
774
943
711
697
1357
349
309
1126
2100
1929
667
943
2100
1265
774
1265
943
1480
1301
1692
711
697
943
1480
1301
1286
943
1480
1301
2058
711
943
1480
1301
2059
943
1480
1301
1241
1286
943
1480
1301
1241
816
249
777
568
1451
1023
777
777
568
1451
347
1451
777
1023
777
568
777
1451
284
1741
1952
1546
279
1901
658
635
516
959
1532
943
1451
774
1734
1296
1929
1527
943
1451
774
943
1247
1885
1126
2100
1929
667
943
2100
1265
774
1265
943
1480
1301
2054
2040
769
943
677
711
1929
943
677
1043
943
677
711
1007
526
1332
150
1538
943
1480
1301
2054
2040
769
943
677
711
1007
526
310
988
13
943
677
711
1007
526
310
1538
943
677
711
1007
526
1332
150
1538
943
677
586
1929
943
677
1043
943
677
711
1007
526
310
1538
943
677
711
1007
526
310
988
13
943
677
711
1007
526
310
988
13
943
677
711
1007
526
310
988
1451
777
568
777
1451
1734
1434
1929
1465
943
347
777
1451
777
95
1532
943
1451
774
1734
1296
1929
1527
943
1451
774
943
1959
719
1456
1090
1126
2100
1929
667
943
2100
1265
774
1265
943
1480
1301
1241
711
124
584
1451
777
774
1451
777
777
1451
1023
1451
1451
777
1803
1567
777
777
1532
1451
1525
943
1999
221
1631
777
1451
1991
1734
714
1929
1451
801
1991
1494
1451
777
777
1451
1311
1451
1023
1451
777
568
1451
777
1947
1532
943
1451
774
1734
1296
1929
1527
943
1451
774
943
126
1090
470
1763
1126
2100
1929
667
943
2100
1265
774
1265
943
1480
1301
711
1444
470
943
1480
1301
1241
711
1444
470
943
1480
1301
1692
711
1444
470
1357
943
1480
1301
1302
124
1052
943
1480
1301
892
470
144
943
1480
1301
274
1286
1451
777
777
1761
525
769
777
72
769
800
1443
943
1503
137
1953
861
777
1240
1741
1613
769
943
1123
48
943
1123
610
719
1808
479
1249
1808
479
376
43
482
506
1339
1339
939
943
2072
108
1991
1734
714
1929
1991
1494
777
1532
1451
1991
1734
714
1929
1947
1532
943
1451
774
1734
1296
1929
1527
943
1451
774
943
1718
1300
1091
1616
719
1126
2100
1929
667
943
2100
1265
774
1265
943
677
711
1929
943
677
1300
310
858
943
677
586
1929
943
677
1300
310
858
1451
1803
864
38
1052
167
249
769
1052
1052
1167
1451
1451
777
777
568
1451
568
1451
777
777
1532
1451
1451
1487
466
1308
1789
1818
2014
1927
466
997
1789
777
801
777
1451
1991
1734
714
1929
777
777
1803
777
1567
1261
586
777
1532
1451
1741
1003
1184
568
777
1383
1110
1261
586
1937
1282
769
505
328
1190
1451
777
777
568
777
1451
777
1451
1451
1724
1147
978
777
502
586
502
777
1947
1532
943
1451
774
1734
1296
1929
1527
943
1451
774
943
943
1451
774
506
1153
766
1025
1126
2100
1929
667
943
2100
1265
774
1265
943
677
711
1929
943
677
943
677
586
1929
943
677
502
383
1567
1527
1460
766
327
1087
586
1078
1162
1684
1580
705
1183
943
677
1138
502
150
586
586
431
1984
943
677
1060
1060
249
1197
1014
1734
1929
943
2083
1451
943
677
711
1929
943
677
1822
1875
1177
290
581
586
962
1535
2098
400
1162
1618
704
1052
1938
1505
1741
959
1451
777
600
777
598
600
777
1764
345
1181
1550
1959
777
1451
1023
777
1451
1023
1451
1451
2080
1720
494
1303
724
494
473
2068
836
1162
1581
943
1501
290
1567
1341
1451
1741
1734
1877
568
777
1505
1685
1809
1003
1003
1003
1003
1809
1451
1451
1311
568
777
600
777
777
568
1451
777
777
1451
777
777
1451
1023
1624
1538
1803
943
1938
1043
510
1413
1728
510
1052
943
1938
1043
510
1303
1413
1728
510
1052
777
568
1451
777
568
777
1451
1451
777
568
1451
1451
1451
1451
347
1451
777
1451
1451
777
1451
1311
568
777
1451
777
568
1451
777
1451
777
777
1991
1734
714
1929
1451
1451
1451
1451
777
1466
407
1184
853
34
774
943
777
347
2013
769
1451
1803
777
777
1981
1451
777
568
777
1505
1451
1451
774
1362
586
1249
73
586
1249
143
586
1249
143
57
1037
1120
1451
1023
777
777
568
1712
709
2094
150
510
1808
1451
1082
1686
404
722
1303
273
691
510
124
1052
1828
200
1301
195
2013
2013
1493
195
2013
1493
407
2013
1451
945
527
1301
195
2013
2013
2013
1493
2065
1493
195
2013
1493
407
105
1017
1741
2074
1120
586
1443
1194
685
1606
950
1481
1724
2098
2038
72
1288
272
738
124
510
1258
112
734
688
943
1480
1809
908
902
1076
116
943
1225
112
734
688
1480
1809
510
383
124
310
1012
510
1880
510
893
1809
1734
2100
1929
667
943
1471
943
2100
2083
943
677
711
1007
526
13
39
526
98
510
1300
1126
1300
526
933
310
1379
1061
310
1493
2065
383
310
1329
1003
715
510
124
13
1560
510
827
550
383
310
1329
124
13
1451
43
510
943
774
568
13
1451
777
1451
1023
777
1451
1023
1311
777
1532
777
1613
742
1280
1131
1738
777
1540
385
1864
1942
1138
973
502
1997
1808
644
2054
943
1480
850
753
502
1010
1505
777
945
1296
931
502
1153
2087
2006
2098
1110
1529
2011
1571
584
973
1340
1351
331
943
1480
584
513
1738
943
1480
331
1131
344
943
1808
2054
1131
584
107
2087
2087
1228
1131
1026
943
1052
1131
1301
959
1131
1326
959
1131
1301
959
584
584
898
584
584
943
711
95
584
1929
943
850
285
95
584
943
1480
1947
584
943
1692
1140
584
943
677
1140
584
943
846
1140
584
943
1690
1140
584
943
655
1690
1140
584
943
270
1690
1140
584
943
1124
1140
584
584
506
1947
584
584
1819
376
584
977
584
353
584
993
978
802
1998
1929
973
973
1340
1351
331
850
943
1480
1280
1131
64
993
1280
1131
1118
943
1149
943
943
1480
556
742
1118
943
1149
943
943
1480
1413
506
943
1480
331
13
993
2038
993
993
510
996
1806
1866
1351
973
993
1866
1351
973
1303
917
496
2010
993
993
1806
859
861
1249
633
993
2038
1126
1929
1484
973
993
993
1537
2098
47
506
1010
993
796
943
1480
777
777
1532
1451
70
1911
774
224
2014
1468
1511
742
506
931
1928
1198
1809
1932
1280
670
1734
1280
1929
1069
1738
1131
1724
1803
777
1540
2014
1010
502
1207
704
1174
383
879
1028
1052
1929
973
1864
1052
1028
39
1809
584
584
898
584
584
943
711
95
584
1929
943
850
285
95
584
943
1480
95
584
943
1692
95
584
943
677
95
584
943
846
95
584
943
1690
95
584
943
655
1690
95
584
943
270
1690
95
584
943
1124
95
584
584
506
95
584
584
1819
376
584
977
584
353
584
1809
116
710
105
2014
858
973
1010
1876
943
850
111
1138
931
1864
879
704
2014
1613
742
1288
1724
1236
777
777
861
2098
1991
777
1053
1736
777
1959
586
506
150
402
933
1613
943
1052
502
150
943
1052
655
943
677
2028
943
677
1413
943
677
943
677
677
111
1875
602
150
943
677
943
678
2101
586
2028
943
846
1413
943
846
943
846
2101
111
1875
602
150
943
846
586
74
73
943
249
910
310
83
1381
2061
690
1003
844
1003
1766
1003
1108
944
1902
1589
83
1381
944
1766
1381
162
1959
2031
1589
83
1381
1723
502
586
777
685
943
586
1723
762
586
1723
762
1391
562
1003
2046
1824
23
1529
1391
1003
105
1152
769
1347
13
2087
690
2094
635
1003
74
1025
523
690
525
200
1047
586
506
2098
1102
502
586
1723
777
502
586
2100
943
677
711
1929
943
677
939
943
677
711
1929
943
677
939
1745
943
677
711
1929
943
677
939
943
677
711
1929
943
677
939
762
690
2100
943
677
711
1007
526
310
988
816
13
943
677
711
1007
526
310
988
816
13
1745
943
677
711
1007
526
310
988
816
13
943
677
711
1007
526
310
988
816
13
1391
1824
23
1391
1184
1184
1378
690
1378
1003
1003
1391
562
1003
2046
1824
23
1391
1184
1184
1378
844
1378
1003
1003
1391
2046
1824
23
690
1824
23
1391
1184
1184
1378
762
1378
1003
1003
1391
762
1824
23
1391
2100
943
677
711
1007
526
310
1538
943
677
711
1007
526
310
1538
1745
943
677
711
1007
526
310
1538
943
677
711
1007
526
310
1538
406
1174
816
406
762
1174
816
762
1174
816
23
690
1174
816
690
485
1174
816
844
23
485
690
675
1174
2040
2100
943
677
711
1007
526
310
988
816
13
943
677
711
1007
526
310
988
816
13
1745
943
677
711
1007
526
310
988
816
13
943
677
711
1007
526
310
988
816
13
1391
1824
23
1391
1184
1184
1378
690
1378
1003
1003
1391
562
1003
2046
1824
23
1391
1184
1184
1378
844
1378
1003
1003
1391
2046
1824
23
690
1824
23
1391
1184
1184
1378
762
1378
1003
1003
1391
762
1824
23
1391
2100
943
677
711
1007
526
310
1538
943
677
711
1007
526
310
1538
1745
943
677
711
1007
526
310
1538
943
677
711
1007
526
310
1538
406
1174
816
406
762
1174
816
762
1174
816
23
690
1174
816
690
485
1174
816
844
23
485
690
675
1174
2040
2100
943
677
586
655
526
943
677
586
655
526
1745
943
677
586
655
526
943
677
586
655
526
913
925
323
1839
925
1351
690
844
406
925
406
2100
943
677
586
655
526
943
677
586
655
526
1745
943
677
586
655
526
943
677
586
655
526
1839
1480
516
925
1839
925
1351
690
844
406
925
406
2100
943
677
586
655
526
719
943
677
586
655
526
719
1745
943
677
586
655
526
719
943
677
586
655
526
719
913
925
323
1839
925
1351
690
844
406
925
406
2100
943
677
586
655
526
874
943
677
586
655
526
874
1745
943
677
586
655
526
1451
1741
1493
128
508
777
1451
777
1451
1451
714
1929
1451
1660
864
955
1760
762
942
1844
2117
1153
1808
249
719
675
719
719
597
719
675
359
919
719
675
675
719
326
631
719
57
413
1686
762
587
1819
762
814
719
37
115
115
762
814
719
942
587
1819
942
814
719
391
115
115
942
814
719
1809
719
919
719
675
413
762
587
37
115
942
587
391
115
719
675
762
587
37
115
762
587
719
675
719
675
1686
1809
1660
83
1153
249
739
777
1451
1451
1311
568
777
1451
1947
1532
943
1451
774
1734
1296
1929
1527
943
1451
774
943
73
1052
1126
2100
1929
667
943
2100
1265
774
1265
943
1480
1301
1692
892
470
144
568
1451
777
861
586
605
774
1451
1451
777
1451
1451
1803
1451
1023
777
1451
1439
1043
579
1043
470
943
1505
1954
424
913
1613
1741
1970
1722
1398
1613
1991
1734
714
1929
2117
1126
1300
1692
320
933
2092
320
1809
1126
1300
1692
320
933
2092
320
276
1126
1300
1692
320
933
2092
320
1735
707
1378
320
1052
1357
1378
320
1126
1300
1692
320
933
2092
320
1735
707
1378
320
1052
1357
1378
320
1126
1300
1692
320
933
2092
320
1897
1735
1897
707
1378
320
1052
1357
1378
320
1809
801
1451
1023
1451
1959
1161
397
1937
943
846
677
333
332
1058
1110
1774
368
1102
150
150
376
105
1774
368
336
105
1043
1110
1953
1774
368
1556
2055
1705
1595
1774
368
1468
1774
368
2098
280
1110
1953
1774
368
626
136
1157
2031
376
1451
777
1451
1023
320
156
1766
855
1954
777
1451
777
777
568
777
1451
1451
691
1339
913
1007
1774
188
1224
1240
705
156
1451
1023
1991
1734
714
1929
1451
1451
1451
777
568
777
1451
777
1567
1036
777
475
2087
685
785
721
1451
777
1023
777
50
534
2080
2040
1493
2040
2040
917
988
1120
586
978
777
1153
777
1362
978
1120
1929
943
677
1310
1929
943
677
1310
1120
1351
1078
1806
1140
584
584
898
584
584
943
711
95
584
1929
943
850
285
95
584
943
1480
95
584
943
677
1947
584
943
846
1140
584
943
1690
1140
584
584
506
1947
584
584
1819
376
584
977
584
353
584
993
978
802
1998
1929
777
777
901
1023
1500
1766
2098
861
7
1283
777
1023
1451
777
876
492
1038
83
1451
1947
1532
943
1451
774
1734
1296
1929
1527
943
1451
774
943
993
1157
150
1043
1126
2100
1929
667
943
2100
1265
774
1265
943
677
711
1929
943
677
939
943
677
586
1929
943
677
939
943
677
586
1929
943
677
939
1451
1451
1451
1947
1532
943
1451
774
1734
1296
1929
1527
943
1451
774
943
1357
309
1126
2100
1929
667
943
2100
1265
774
1265
943
1480
1301
2059
943
1480
1301
1301
943
1480
1301
1286
777
1451
777
1451
777
777
568
777
1451
1451
777
219
978
477
864
777
347
777
1451
1947
1532
943
1451
774
1734
1296
1929
1527
943
1451
774
943
470
1613
1090
1025
1884
648
1126
2100
1929
667
943
2100
1265
774
1265
943
1480
1301
669
943
1480
1301
1692
892
470
144
1652
1803
1556
2098
162
1
1425
1959
1808
1090
1766
2090
466
124
1052
1018
1451
777
777
568
777
1451
1451
777
1451
1451
1451
777
568
1451
1023
400
57
2031
766
677
777
1540
1069
1010
1069
910
563
1225
1058
1010
910
1282
943
777
1532
1451
777
1451
1451
777
1697
1451
680
1120
347
1451
1451
1023
777
568
777
1451
777
1803
1451
1451
1451
1451
1023
777
777
1451
1023
1451
1991
1734
714
1929
1451
777
1451
1451
95
1532
943
1451
774
1734
1296
1929
1527
943
1451
774
943
943
885
1704
1655
1184
2080
2040
13
685
2101
1510
1025
943
1126
2100
1929
667
943
2100
1265
774
1265
943
1480
1301
1241
711
719
1932
1451
777
568
777
1023
777
1167
1451
2042
1556
1556
101
105
1884
1556
1000
1110
1392
869
1538
1619
675
1150
101
1731
2042
1556
1556
1692
320
711
1007
1301
274
1286
1962
1798
801
1451
1697
1451
1023
39
105
1173
118
223
1799
118
383
198
719
988
1985
1451
777
568
351
777
279
1766
1156
1308
1179
1499
1808
1255
1704
777
1532
1451
1023
1505
1065
1567
136
1156
1567
1935
886
988
2040
407
1451
1311
568
777
1451
1023
1451
1451
777
777
1451
1809
1493
2040
158
999
781
1493
48
925
323
943
846
1547
1942
1864
943
1929
1809
1451
1451
351
510
1797
526
1451
568
1451
1451
943
943
150
1864
249
2046
1493
83
1126
943
1300
896
249
1378
310
1493
814
477
84
719
814
675
1902
697
1308
1308
1864
1898
1308
828
1715
697
1446
719
83
1493
1648
685
685
84
1308
719
828
1715
697
749
697
1446
83
1126
943
1300
896
249
1378
310
1493
814
719
1631
83
1493
1648
685
1631
719
57
910
1308
879
83
1126
943
1300
896
249
1378
310
1493
814
1308
719
814
84
675
124
83
1493
1648
719
685
73
1110
1308
368
1351
2111
1120
291
39
1902
2111
586
610
777
1023
777
1451
1023
1451
1451
777
1505
1451
1023
1724
777
568
1451
1451
1451
1451
777
1981
815
1073
1649
1421
259
388
695
1394
403
1394
259
1074
1649
1421
1808
166
1356
133
1981
815
777
861
34
774
1451
586
1981
815
943
1953
477
2071
1738
1300
1953
568
477
738
1007
912
1
1865
742
1608
477
738
675
1428
1887
406
2098
1245
941
1738
1594
1242
951
1
1865
477
738
2098
1701
353
14
575
877
267
1015
1314
2006
738
1420
738
1958
738
2098
1525
1221
1015
1322
1428
738
1846
809
698
738
1846
2089
1
1010
1
1738
943
2090
738
691
559
846
2047
677
2089
846
846
2047
1783
753
294
677
842
1408
213
846
1
1010
738
738
738
842
846
1230
1
1010
868
738
842
2089
1
1010
846
1221
1110
547
868
513
1738
346
1
1953
131
357
705
1
1738
1902
753
846
20
1870
2022
1
1738
1958
677
1
1738
1958
1846
157
846
1
1846
1738
1012
513
1167
1451
777
777
1451
777
1947
1532
943
1451
774
1734
1296
1929
1527
943
1451
774
943
1357
1808
2095
707
2066
1156
1025
1300
1126
2100
1929
667
943
2100
1265
774
1265
943
711
1007
1480
1301
1538
310
1357
943
711
1007
1480
1301
1692
1451
1451
1451
1023
1451
1023
418
777
777
1451
774
1451
1532
943
1451
774
1734
1296
1929
1527
943
1451
774
943
1616
1073
580
1444
164
690
1025
1126
2100
1929
667
943
2100
1265
774
1265
943
1480
1301
1692
711
1444
164
943
1480
1301
711
1444
1795
1394
2037
1451
423
347
116
1959
1154
1153
473
1929
943
677
1043
1929
943
677
1043
1878
782
1999
1878
782
1720
1878
782
1720
1453
1733
939
1453
1733
1351
1453
1733
939
1453
992
673
939
1453
992
673
939
1453
992
673
1453
1453
1453
1453
1351
1453
627
1453
1453
1875
1453
673
1453
1351
791
1351
753
753
711
1878
782
1999
1878
782
1720
753
1286
711
1451
624
1184
1809
1126
943
677
719
1300
310
943
814
943
677
1809
504
1741
777
568
1451
777
777
1505
1451
777
777
1532
1451
1451
1451
777
1451
777
1296
584
898
584
584
943
1692
95
584
2087
95
584
195
95
584
584
506
95
584
584
1819
376
584
977
584
353
1981
777
249
1692
1475
1803
1580
789
777
48
1741
1970
777
801
1991
1494
1734
714
1929
1741
2087
1357
1299
752
943
1692
1299
789
777
1451
1023
777
1451
1023
777
1991
1734
714
1929
116
728
110
1766
1110
124
563
1710
391
678
349
1140
722
310
942
57
774
777
1710
391
678
349
1140
722
310
762
814
38
801
1991
1494
777
1451
777
568
1451
777
777
568
777
1451
1451
777
777
568
1947
1532
943
1451
774
1734
1296
1929
1527
943
1451
774
943
1110
1261
1120
124
1357
1126
2100
1929
667
943
2100
1265
774
1265
943
1480
586
1241
711
124
586
943
1480
1301
1241
711
124
943
1480
1301
1692
711
124
1451
1451
777
1712
910
2098
568
1690
1547
1279
124
808
2021
1741
1251
1806
1647
559
124
1131
1131
323
1212
1556
1556
1212
1223
1131
1131
323
1212
1556
1556
1212
80
978
399
1806
1057
1556
1556
1808
1057
1556
1212
1556
1212
993
918
978
705
368
677
1505
1138
1556
2006
1631
2066
1120
525
909
1556
1712
1183
310
1871
677
368
251
1705
1466
328
1705
2098
1871
1868
475
2098
1110
1932
292
380
864
2098
65
1881
323
1212
1556
1556
1212
1929
2099
621
1555
1556
1875
802
1929
2099
621
1555
1556
1875
802
993
802
1010
1864
677
879
1150
2066
1556
909
1351
858
1451
777
568
777
1451
777
1451
1451
1451
777
1532
1451
1023
777
777
1981
777
150
1611
2099
717
1451
1023
1451
1023
777
777
408
1173
376
1809
510
1378
510
1052
510
1378
510
1052
1809
1009
1173
118
223
1809
510
1378
510
1052
1809
2072
108
161
769
837
1613
705
1953
610
531
1567
83
526
1685
2072
351
777
526
1451
1803
777
1959
951
1567
2072
705
1595
1569
1154
1353
118
1685
2072
408
1613
1194
118
477
1020
610
1393
2117
1020
1962
1890
383
705
1710
1362
71
2072
1911
919
1560
1890
54
1549
1789
1872
1007
188
740
1062
408
1803
777
310
1300
1567
568
1451
1451
1451
93
777
1023
1451
777
568
1242
285
13
943
846
1104
1449
90
655
1009
77
2087
1787
655
2098
290
1346
1832
1126
1246
1605
1939
655
1110
655
1009
77
1787
2087
777
574
284
879
1451
777
1451
1451
221
1991
777
48
1991
233
1311
1311
1451
1336
1696
1529
1339
2098
1766
1696
1303
1696
1562
945
490
1515
589
777
