1,1359412595786,2013-01-28 17:36:35 UTC,2013-01-28
2,1390256779883,2014-01-20 17:26:19 UTC,2014-01-20
3,1380943187168,2013-10-04 23:19:47 UTC,2013-10-04
4,1406084554628,2014-07-22 23:02:34 UTC,2014-07-22
5,1386117218355,2013-12-03 19:33:38 UTC,2013-12-03
6,1403498165119,2014-06-23 00:36:05 UTC,2014-06-23
7,1390809400172,2014-01-27 02:56:40 UTC,2014-01-27
8,1395424075640,2014-03-21 13:47:55 UTC,2014-03-21
9,1409797100449,2014-09-03 22:18:20 UTC,2014-09-03
10,1402515460931,2014-06-11 15:37:40 UTC,2014-06-11
11,1403032578960,2014-06-17 15:16:18 UTC,2014-06-17
12,1397174993483,2014-04-10 20:09:53 UTC,2014-04-10
13,1364571802621,2013-03-29 11:43:22 UTC,2013-03-29
14,1339007696363,2012-06-06 14:34:56 UTC,2012-06-06
15,1391565722647,2014-02-04 21:02:02 UTC,2014-02-04
16,1390256902587,2014-01-20 17:28:22 UTC,2014-01-20
17,1372873636795,2013-07-03 13:47:16 UTC,2013-07-03
18,1406597093931,2014-07-28 21:24:53 UTC,2014-07-28
19,1368238158349,2013-05-10 22:09:18 UTC,2013-05-10
20,1397252305465,2014-04-11 17:38:25 UTC,2014-04-11
21,1383152297641,2013-10-30 12:58:17 UTC,2013-10-30
22,1361568006318,2013-02-22 16:20:06 UTC,2013-02-22
23,1399494984899,2014-05-07 16:36:24 UTC,2014-05-07
24,1396299479474,2014-03-31 16:57:59 UTC,2014-03-31
25,1383859483707,2013-11-07 16:24:43 UTC,2013-11-07
26,1395770062358,2014-03-25 13:54:22 UTC,2014-03-25
27,1396430874794,2014-04-02 05:27:54 UTC,2014-04-02
28,1393963505404,2014-03-04 15:05:05 UTC,2014-03-04
29,1344279141616,2012-08-06 14:52:21 UTC,2012-08-06
30,1387998606426,2013-12-25 14:10:06 UTC,2013-12-25
31,1403270092575,2014-06-20 09:14:52 UTC,2014-06-20
32,1274584217724,2010-05-22 23:10:17 UTC,2010-05-22
33,1410221615134,2014-09-08 20:13:35 UTC,2014-09-08
34,1369727641277,2013-05-28 03:54:01 UTC,2013-05-28
35,1409128952662,2014-08-27 04:42:32 UTC,2014-08-27
36,1388776594304,2014-01-03 14:16:34 UTC,2014-01-03
37,1297202900529,2011-02-08 17:08:20 UTC,2011-02-08
38,1408485875594,2014-08-19 18:04:35 UTC,2014-08-19
39,1371074099225,2013-06-12 17:54:59 UTC,2013-06-12
40,1376227503985,2013-08-11 09:25:03 UTC,2013-08-11
41,1354061707042,2012-11-27 19:15:07 UTC,2012-11-27
42,1392019901180,2014-02-10 03:11:41 UTC,2014-02-10
43,1379597938065,2013-09-19 09:38:58 UTC,2013-09-19
44,1408354509770,2014-08-18 05:35:09 UTC,2014-08-18
45,1375674831356,2013-08-04 23:53:51 UTC,2013-08-04
46,1372453755429,2013-06-28 17:09:15 UTC,2013-06-28
47,1398472272580,2014-04-25 20:31:12 UTC,2014-04-25
48,1403644522461,2014-06-24 17:15:22 UTC,2014-06-24
49,1394235527687,2014-03-07 18:38:47 UTC,2014-03-07
50,1363218455818,2013-03-13 19:47:35 UTC,2013-03-13
51,1380928311444,2013-10-04 19:11:51 UTC,2013-10-04
52,1376028971753,2013-08-09 02:16:11 UTC,2013-08-09
53,1382751349440,2013-10-25 21:35:49 UTC,2013-10-25
54,1375629744686,2013-08-04 11:22:24 UTC,2013-08-04
55,1393873064403,2014-03-03 13:57:44 UTC,2014-03-03
56,1371081533701,2013-06-12 19:58:53 UTC,2013-06-12
57,1379618484600,2013-09-19 15:21:24 UTC,2013-09-19
58,1409788381496,2014-09-03 19:53:01 UTC,2014-09-03
59,1394476919783,2014-03-10 14:41:59 UTC,2014-03-10
60,1380725529431,2013-10-02 10:52:09 UTC,2013-10-02
61,1383963945992,2013-11-08 21:25:45 UTC,2013-11-08
62,1404855314422,2014-07-08 17:35:14 UTC,2014-07-08
63,1382750706162,2013-10-25 21:25:06 UTC,2013-10-25
64,1403151763557,2014-06-19 00:22:43 UTC,2014-06-19
65,1383939571543,2013-11-08 14:39:31 UTC,2013-11-08
66,1395786400744,2014-03-25 18:26:40 UTC,2014-03-25
67,1398831865545,2014-04-30 00:24:25 UTC,2014-04-30
68,1399678797133,2014-05-09 19:39:57 UTC,2014-05-09
69,1361518193218,2013-02-22 02:29:53 UTC,2013-02-22
70,1400814704276,2014-05-22 23:11:44 UTC,2014-05-22
71,1339100048573,2012-06-07 16:14:08 UTC,2012-06-07
72,1405466675790,2014-07-15 19:24:35 UTC,2014-07-15
73,1395886496937,2014-03-26 22:14:56 UTC,2014-03-26
74,1390449931871,2014-01-22 23:05:31 UTC,2014-01-22
75,1372115592130,2013-06-24 19:13:12 UTC,2013-06-24
76,1406835647681,2014-07-31 15:40:47 UTC,2014-07-31
77,1381989123300,2013-10-17 01:52:03 UTC,2013-10-17
78,1391543304898,2014-02-04 14:48:24 UTC,2014-02-04
79,1389872016924,2014-01-16 06:33:36 UTC,2014-01-16
80,1387507925862,2013-12-19 21:52:05 UTC,2013-12-19
81,1367025547633,2013-04-26 21:19:07 UTC,2013-04-26
82,1364501188580,2013-03-28 16:06:28 UTC,2013-03-28
83,1387832599169,2013-12-23 16:03:19 UTC,2013-12-23
84,1365783240213,2013-04-12 12:14:00 UTC,2013-04-12
85,1376434596328,2013-08-13 18:56:36 UTC,2013-08-13
86,1379728284150,2013-09-20 21:51:24 UTC,2013-09-20
87,1362434537124,2013-03-04 17:02:17 UTC,2013-03-04
88,1407730466273,2014-08-11 00:14:26 UTC,2014-08-11
89,1394690031579,2014-03-13 01:53:51 UTC,2014-03-13
90,1402004812561,2014-06-05 17:46:52 UTC,2014-06-05
91,1389038721114,2014-01-06 15:05:21 UTC,2014-01-06
92,1364428488549,2013-03-27 19:54:48 UTC,2013-03-27
93,1410161465582,2014-09-08 03:31:05 UTC,2014-09-08
94,1384392848670,2013-11-13 20:34:08 UTC,2013-11-13
95,1384236878030,2013-11-12 01:14:38 UTC,2013-11-12
96,1398201270731,2014-04-22 17:14:30 UTC,2014-04-22
97,1391768881855,2014-02-07 05:28:01 UTC,2014-02-07
98,1387507634033,2013-12-19 21:47:14 UTC,2013-12-19
99,1358865154837,2013-01-22 09:32:34 UTC,2013-01-22
100,1394047835227,2014-03-05 14:30:35 UTC,2014-03-05
101,1381278416261,2013-10-08 20:26:56 UTC,2013-10-08
102,1408007031077,2014-08-14 05:03:51 UTC,2014-08-14
103,1391751902039,2014-02-07 00:45:02 UTC,2014-02-07
104,1368642669165,2013-05-15 14:31:09 UTC,2013-05-15
105,1396324208827,2014-03-31 23:50:08 UTC,2014-03-31
106,1395277740352,2014-03-19 21:09:00 UTC,2014-03-19
107,1355659806950,2012-12-16 07:10:06 UTC,2012-12-16
108,1403891137538,2014-06-27 13:45:37 UTC,2014-06-27
109,1405450795919,2014-07-15 14:59:55 UTC,2014-07-15
110,1386171060432,2013-12-04 10:31:00 UTC,2013-12-04
111,1389128742361,2014-01-07 16:05:42 UTC,2014-01-07
112,1390618459815,2014-01-24 21:54:19 UTC,2014-01-24
113,1386198232258,2013-12-04 18:03:52 UTC,2013-12-04
114,1374001410413,2013-07-16 15:03:30 UTC,2013-07-16
115,1381268751002,2013-10-08 17:45:51 UTC,2013-10-08
116,1409260149398,2014-08-28 17:09:09 UTC,2014-08-28
117,1358837515890,2013-01-22 01:51:55 UTC,2013-01-22
118,1376603159693,2013-08-15 17:45:59 UTC,2013-08-15
119,1402880962134,2014-06-15 21:09:22 UTC,2014-06-15
120,1406840960380,2014-07-31 17:09:20 UTC,2014-07-31
121,1354212696173,2012-11-29 13:11:36 UTC,2012-11-29
122,1377063502121,2013-08-21 01:38:22 UTC,2013-08-21
123,1410557529341,2014-09-12 17:32:09 UTC,2014-09-12
124,1394818311863,2014-03-14 13:31:51 UTC,2014-03-14
125,1382949903328,2013-10-28 04:45:03 UTC,2013-10-28
126,1395703109583,2014-03-24 19:18:29 UTC,2014-03-24
127,1337262932395,2012-05-17 09:55:32 UTC,2012-05-17
128,1397681894363,2014-04-16 16:58:14 UTC,2014-04-16
129,1407405534041,2014-08-07 05:58:54 UTC,2014-08-07
130,1396501459890,2014-04-03 01:04:19 UTC,2014-04-03
131,1373999593386,2013-07-16 14:33:13 UTC,2013-07-16
132,1363272914658,2013-03-14 10:55:14 UTC,2013-03-14
133,1399472999211,2014-05-07 10:29:59 UTC,2014-05-07
134,1394172965478,2014-03-07 01:16:05 UTC,2014-03-07
135,1397155120316,2014-04-10 14:38:40 UTC,2014-04-10
136,1403050182983,2014-06-17 20:09:42 UTC,2014-06-17
137,1386024012348,2013-12-02 17:40:12 UTC,2013-12-02
138,1393724955933,2014-03-01 20:49:15 UTC,2014-03-01
139,1379019504603,2013-09-12 16:58:24 UTC,2013-09-12
140,1380134108439,2013-09-25 14:35:08 UTC,2013-09-25
141,1393724219871,2014-03-01 20:36:59 UTC,2014-03-01
142,1393876357024,2014-03-03 14:52:37 UTC,2014-03-03
143,1406834488256,2014-07-31 15:21:28 UTC,2014-07-31
144,1381181444795,2013-10-07 17:30:44 UTC,2013-10-07
145,1407372256279,2014-08-06 20:44:16 UTC,2014-08-06
146,1364282919457,2013-03-26 03:28:39 UTC,2013-03-26
147,1375248634846,2013-07-31 01:30:34 UTC,2013-07-31
148,1396128398423,2014-03-29 17:26:38 UTC,2014-03-29
149,1294176741944,2011-01-04 16:32:21 UTC,2011-01-04
150,1375775446263,2013-08-06 03:50:46 UTC,2013-08-06
151,1400477294071,2014-05-19 01:28:14 UTC,2014-05-19
152,1407283107452,2014-08-05 19:58:27 UTC,2014-08-05
153,1386627267441,2013-12-09 17:14:27 UTC,2013-12-09
154,1381187523578,2013-10-07 19:12:03 UTC,2013-10-07
155,1394824400238,2014-03-14 15:13:20 UTC,2014-03-14
156,1404748853052,2014-07-07 12:00:53 UTC,2014-07-07
157,1400542885822,2014-05-19 19:41:25 UTC,2014-05-19
158,1391837672374,2014-02-08 00:34:32 UTC,2014-02-08
159,1403892194826,2014-06-27 14:03:14 UTC,2014-06-27
160,1381797259067,2013-10-14 20:34:19 UTC,2013-10-14
161,1394849395738,2014-03-14 22:09:55 UTC,2014-03-14
162,1410489065547,2014-09-11 22:31:05 UTC,2014-09-11
163,1368210808871,2013-05-10 14:33:28 UTC,2013-05-10
164,1395433477539,2014-03-21 16:24:37 UTC,2014-03-21
165,1386124690635,2013-12-03 21:38:10 UTC,2013-12-03
166,1408416236135,2014-08-18 22:43:56 UTC,2014-08-18
167,1387493854303,2013-12-19 17:57:34 UTC,2013-12-19
168,1382512157067,2013-10-23 03:09:17 UTC,2013-10-23
169,1398985303431,2014-05-01 19:01:43 UTC,2014-05-01
170,1385478834808,2013-11-26 10:13:54 UTC,2013-11-26
171,1380269219551,2013-09-27 04:06:59 UTC,2013-09-27
172,1380312582579,2013-09-27 16:09:42 UTC,2013-09-27
173,1394488336911,2014-03-10 17:52:16 UTC,2014-03-10
174,1331837582813,2012-03-15 14:53:02 UTC,2012-03-15
175,1400607753452,2014-05-20 13:42:33 UTC,2014-05-20
176,1399284656767,2014-05-05 06:10:56 UTC,2014-05-05
177,1397102948024,2014-04-10 00:09:08 UTC,2014-04-10
178,1300199561644,2011-03-15 10:32:41 UTC,2011-03-15
179,1409097251780,2014-08-26 19:54:11 UTC,2014-08-26
180,1398970620356,2014-05-01 14:57:00 UTC,2014-05-01
181,1387207342649,2013-12-16 10:22:22 UTC,2013-12-16
182,1358209567982,2013-01-14 19:26:07 UTC,2013-01-14
183,1389834178858,2014-01-15 20:02:58 UTC,2014-01-15
184,1375329104853,2013-07-31 23:51:44 UTC,2013-07-31
185,1380232356670,2013-09-26 17:52:36 UTC,2013-09-26
186,1404415098152,2014-07-03 15:18:18 UTC,2014-07-03
187,1403286856820,2014-06-20 13:54:16 UTC,2014-06-20
188,1394750065159,2014-03-13 18:34:25 UTC,2014-03-13
189,1366601218831,2013-04-21 23:26:58 UTC,2013-04-21
190,1394231215614,2014-03-07 17:26:55 UTC,2014-03-07
191,1394834606295,2014-03-14 18:03:26 UTC,2014-03-14
192,1407803226143,2014-08-11 20:27:06 UTC,2014-08-11
193,1389223961682,2014-01-08 18:32:41 UTC,2014-01-08
194,1365701353861,2013-04-11 13:29:13 UTC,2013-04-11
195,1409239953382,2014-08-28 11:32:33 UTC,2014-08-28
196,1394874613781,2014-03-15 05:10:13 UTC,2014-03-15
197,1408481705627,2014-08-19 16:55:05 UTC,2014-08-19
198,1389763130904,2014-01-15 00:18:50 UTC,2014-01-15
199,1388687817111,2014-01-02 13:36:57 UTC,2014-01-02
200,1408565677294,2014-08-20 16:14:37 UTC,2014-08-20
201,1382678191449,2013-10-25 01:16:31 UTC,2013-10-25
202,1386568768261,2013-12-09 00:59:28 UTC,2013-12-09
203,1390256591044,2014-01-20 17:23:11 UTC,2014-01-20
204,1224714383553,2008-10-22 18:26:23 UTC,2008-10-22
205,1369439236560,2013-05-24 19:47:16 UTC,2013-05-24
206,1410547652955,2014-09-12 14:47:32 UTC,2014-09-12
207,1395799165117,2014-03-25 21:59:25 UTC,2014-03-25
208,1385165917488,2013-11-22 19:18:37 UTC,2013-11-22
209,1390493420708,2014-01-23 11:10:20 UTC,2014-01-23
210,1406160267809,2014-07-23 20:04:27 UTC,2014-07-23
211,1347489605891,2012-09-12 18:40:05 UTC,2012-09-12
212,1384383705654,2013-11-13 18:01:45 UTC,2013-11-13
213,1390908853511,2014-01-28 06:34:13 UTC,2014-01-28
214,1362857517762,2013-03-09 14:31:57 UTC,2013-03-09
215,1376354176630,2013-08-12 20:36:16 UTC,2013-08-12
216,1409569363409,2014-09-01 07:02:43 UTC,2014-09-01
217,1408072333426,2014-08-14 23:12:13 UTC,2014-08-14
218,1357872259869,2013-01-10 21:44:19 UTC,2013-01-10
219,1407787371663,2014-08-11 16:02:51 UTC,2014-08-11
220,1395804051692,2014-03-25 23:20:51 UTC,2014-03-25
221,1402536079023,2014-06-11 21:21:19 UTC,2014-06-11
222,1397150209821,2014-04-10 13:16:49 UTC,2014-04-10
223,1401732816010,2014-06-02 14:13:36 UTC,2014-06-02
224,1371002832738,2013-06-11 22:07:12 UTC,2013-06-11
225,1404857546612,2014-07-08 18:12:26 UTC,2014-07-08
226,1398291932923,2014-04-23 18:25:32 UTC,2014-04-23
227,1410582771882,2014-09-13 00:32:51 UTC,2014-09-13
228,1375137016564,2013-07-29 18:30:16 UTC,2013-07-29
229,1395775753037,2014-03-25 15:29:13 UTC,2014-03-25
230,1376530607534,2013-08-14 21:36:47 UTC,2013-08-14
231,1407778487450,2014-08-11 13:34:47 UTC,2014-08-11
232,1384816061691,2013-11-18 18:07:41 UTC,2013-11-18
233,1398726523413,2014-04-28 19:08:43 UTC,2014-04-28
234,1375729300614,2013-08-05 15:01:40 UTC,2013-08-05
235,1409095403184,2014-08-26 19:23:23 UTC,2014-08-26
236,1373580243481,2013-07-11 18:04:03 UTC,2013-07-11
237,1367589318769,2013-05-03 09:55:18 UTC,2013-05-03
238,1396475970929,2014-04-02 17:59:30 UTC,2014-04-02
239,1400568466143,2014-05-20 02:47:46 UTC,2014-05-20
240,1393281440763,2014-02-24 17:37:20 UTC,2014-02-24
241,1370756844292,2013-06-09 01:47:24 UTC,2013-06-09
242,1351850729103,2012-11-02 06:05:29 UTC,2012-11-02
243,1373480291830,2013-07-10 14:18:11 UTC,2013-07-10
244,1375489022679,2013-08-02 20:17:02 UTC,2013-08-02
245,1409694828736,2014-09-02 17:53:48 UTC,2014-09-02
246,1386857570893,2013-12-12 09:12:50 UTC,2013-12-12
247,1393450416669,2014-02-26 16:33:36 UTC,2014-02-26
248,1393492162612,2014-02-27 04:09:22 UTC,2014-02-27
249,1363239766363,2013-03-14 01:42:46 UTC,2013-03-14
250,1393989376141,2014-03-04 22:16:16 UTC,2014-03-04
251,1402096307402,2014-06-06 19:11:47 UTC,2014-06-06
252,1409888169805,2014-09-04 23:36:09 UTC,2014-09-04
253,1323140273343,2011-12-05 21:57:53 UTC,2011-12-05
254,1374711320895,2013-07-24 20:15:20 UTC,2013-07-24
255,1385592475285,2013-11-27 17:47:55 UTC,2013-11-27
256,1391517460098,2014-02-04 07:37:40 UTC,2014-02-04
257,1373759834213,2013-07-13 19:57:14 UTC,2013-07-13
258,1391471187782,2014-02-03 18:46:27 UTC,2014-02-03
259,1385428757416,2013-11-25 20:19:17 UTC,2013-11-25
260,1400183526401,2014-05-15 15:52:06 UTC,2014-05-15
261,1348506767161,2012-09-24 13:12:47 UTC,2012-09-24
262,1401499730236,2014-05-30 21:28:50 UTC,2014-05-30
263,1382574754289,2013-10-23 20:32:34 UTC,2013-10-23
264,1379995928376,2013-09-24 00:12:08 UTC,2013-09-24
265,1382939555404,2013-10-28 01:52:35 UTC,2013-10-28
266,1402444132297,2014-06-10 19:48:52 UTC,2014-06-10
267,1399368534977,2014-05-06 05:28:54 UTC,2014-05-06
268,1382044095321,2013-10-17 17:08:15 UTC,2013-10-17
269,1320713845039,2011-11-07 19:57:25 UTC,2011-11-07
270,1376493989591,2013-08-14 11:26:29 UTC,2013-08-14
271,1402357111731,2014-06-09 19:38:31 UTC,2014-06-09
272,1402078063659,2014-06-06 14:07:43 UTC,2014-06-06
273,1381828803787,2013-10-15 05:20:03 UTC,2013-10-15
274,1386647171922,2013-12-09 22:46:11 UTC,2013-12-09
275,1399108849466,2014-05-03 05:20:49 UTC,2014-05-03
276,1394646212908,2014-03-12 13:43:32 UTC,2014-03-12
277,1383804823911,2013-11-07 01:13:43 UTC,2013-11-07
278,1360012314236,2013-02-04 16:11:54 UTC,2013-02-04
279,1225751981642,2008-11-03 17:39:41 UTC,2008-11-03
280,1409568310606,2014-09-01 06:45:10 UTC,2014-09-01
281,1378608288650,2013-09-07 22:44:48 UTC,2013-09-07
282,1396293138842,2014-03-31 15:12:18 UTC,2014-03-31
283,1371601669269,2013-06-18 20:27:49 UTC,2013-06-18
284,1405048459091,2014-07-10 23:14:19 UTC,2014-07-10
285,1379572874697,2013-09-19 02:41:14 UTC,2013-09-19
286,1410845640914,2014-09-16 01:34:00 UTC,2014-09-16
287,1382982401013,2013-10-28 13:46:41 UTC,2013-10-28
288,1397175146648,2014-04-10 20:12:26 UTC,2014-04-10
289,1383819095368,2013-11-07 05:11:35 UTC,2013-11-07
290,1367981552922,2013-05-07 22:52:32 UTC,2013-05-07
291,1376441406070,2013-08-13 20:50:06 UTC,2013-08-13
292,1406532463278,2014-07-28 03:27:43 UTC,2014-07-28
293,1379907474679,2013-09-22 23:37:54 UTC,2013-09-22
294,1383680495682,2013-11-05 14:41:35 UTC,2013-11-05
295,1380325361457,2013-09-27 19:42:41 UTC,2013-09-27
296,1409292158418,2014-08-29 02:02:38 UTC,2014-08-29
297,1391571980311,2014-02-04 22:46:20 UTC,2014-02-04
298,1393018284130,2014-02-21 16:31:24 UTC,2014-02-21
299,1367627147979,2013-05-03 20:25:47 UTC,2013-05-03
300,1372824767752,2013-07-03 00:12:47 UTC,2013-07-03
301,1381097327610,2013-10-06 18:08:47 UTC,2013-10-06
302,1380692425042,2013-10-02 01:40:25 UTC,2013-10-02
303,1375294845966,2013-07-31 14:20:45 UTC,2013-07-31
304,1373654174664,2013-07-12 14:36:14 UTC,2013-07-12
305,1399080809540,2014-05-02 21:33:29 UTC,2014-05-02
306,1367090862120,2013-04-27 15:27:42 UTC,2013-04-27
307,1313140054113,2011-08-12 05:07:34 UTC,2011-08-12
308,1395949895983,2014-03-27 15:51:35 UTC,2014-03-27
309,1369100645412,2013-05-20 21:44:05 UTC,2013-05-20
310,1379398565008,2013-09-17 02:16:05 UTC,2013-09-17
311,1365797867410,2013-04-12 16:17:47 UTC,2013-04-12
312,1366739157445,2013-04-23 13:45:57 UTC,2013-04-23
313,1392081651994,2014-02-10 20:20:51 UTC,2014-02-10
314,1394570311151,2014-03-11 16:38:31 UTC,2014-03-11
315,1374544183601,2013-07-22 21:49:43 UTC,2013-07-22
316,1409733391023,2014-09-03 04:36:31 UTC,2014-09-03
317,1393375965233,2014-02-25 19:52:45 UTC,2014-02-25
318,1220562975596,2008-09-04 17:16:15 UTC,2008-09-04
319,1336499491898,2012-05-08 13:51:31 UTC,2012-05-08
320,1402090455590,2014-06-06 17:34:15 UTC,2014-06-06
321,1396995943714,2014-04-08 18:25:43 UTC,2014-04-08
322,1401987401825,2014-06-05 12:56:41 UTC,2014-06-05
323,1370931640797,2013-06-11 02:20:40 UTC,2013-06-11
324,1373412106166,2013-07-09 19:21:46 UTC,2013-07-09
325,1392291718449,2014-02-13 06:41:58 UTC,2014-02-13
326,1386628556586,2013-12-09 17:35:56 UTC,2013-12-09
327,1304163033677,2011-04-30 07:30:33 UTC,2011-04-30
328,1409665192796,2014-09-02 09:39:52 UTC,2014-09-02
329,1335516931311,2012-04-27 04:55:31 UTC,2012-04-27
330,1394735949496,2014-03-13 14:39:09 UTC,2014-03-13
331,1366835740762,2013-04-24 16:35:40 UTC,2013-04-24
332,1393525125372,2014-02-27 13:18:45 UTC,2014-02-27
333,1409347140637,2014-08-29 17:19:00 UTC,2014-08-29
334,1406241044139,2014-07-24 18:30:44 UTC,2014-07-24
335,1385496224528,2013-11-26 15:03:44 UTC,2013-11-26
336,1403899630767,2014-06-27 16:07:10 UTC,2014-06-27
337,1367589901158,2013-05-03 10:05:01 UTC,2013-05-03
338,1405144119990,2014-07-12 01:48:39 UTC,2014-07-12
339,1399918909368,2014-05-12 14:21:49 UTC,2014-05-12
340,1386809034227,2013-12-11 19:43:54 UTC,2013-12-11
341,1378174967946,2013-09-02 22:22:47 UTC,2013-09-02
342,1387802376454,2013-12-23 07:39:36 UTC,2013-12-23
343,1396495418207,2014-04-02 23:23:38 UTC,2014-04-02
344,1394074426389,2014-03-05 21:53:46 UTC,2014-03-05
345,1394495974985,2014-03-10 19:59:34 UTC,2014-03-10
346,1384816486289,2013-11-18 18:14:46 UTC,2013-11-18
347,1350443887183,2012-10-16 23:18:07 UTC,2012-10-16
348,1395271095293,2014-03-19 19:18:15 UTC,2014-03-19
349,1381202323843,2013-10-07 23:18:43 UTC,2013-10-07
350,1386190381631,2013-12-04 15:53:01 UTC,2013-12-04
351,1353962272678,2012-11-26 15:37:52 UTC,2012-11-26
352,1385665571193,2013-11-28 14:06:11 UTC,2013-11-28
353,1386746519615,2013-12-11 02:21:59 UTC,2013-12-11
354,1366755958856,2013-04-23 18:25:58 UTC,2013-04-23
355,1398361725809,2014-04-24 13:48:45 UTC,2014-04-24
356,1398815343439,2014-04-29 19:49:03 UTC,2014-04-29
357,1376152505267,2013-08-10 12:35:05 UTC,2013-08-10
358,1402889074785,2014-06-15 23:24:34 UTC,2014-06-15
359,1363899204262,2013-03-21 16:53:24 UTC,2013-03-21
360,1394489083701,2014-03-10 18:04:43 UTC,2014-03-10
361,1408755518594,2014-08-22 20:58:38 UTC,2014-08-22
362,1398209225280,2014-04-22 19:27:05 UTC,2014-04-22
363,1368478125529,2013-05-13 16:48:45 UTC,2013-05-13
364,1405465269623,2014-07-15 19:01:09 UTC,2014-07-15
365,1364515532613,2013-03-28 20:05:32 UTC,2013-03-28
366,1371752093825,2013-06-20 14:14:53 UTC,2013-06-20
367,1393631990503,2014-02-28 18:59:50 UTC,2014-02-28
368,1391587698356,2014-02-05 03:08:18 UTC,2014-02-05
369,1383333828263,2013-11-01 15:23:48 UTC,2013-11-01
370,1395910534373,2014-03-27 04:55:34 UTC,2014-03-27
371,1382996752958,2013-10-28 17:45:52 UTC,2013-10-28
372,1398210473148,2014-04-22 19:47:53 UTC,2014-04-22
373,1400026892377,2014-05-13 20:21:32 UTC,2014-05-13
374,1379724100087,2013-09-20 20:41:40 UTC,2013-09-20
375,1398378820317,2014-04-24 18:33:40 UTC,2014-04-24
376,1408574107439,2014-08-20 18:35:07 UTC,2014-08-20
377,1396460976484,2014-04-02 13:49:36 UTC,2014-04-02
378,1380844631641,2013-10-03 19:57:11 UTC,2013-10-03
379,1405469284142,2014-07-15 20:08:04 UTC,2014-07-15
380,1372810691190,2013-07-02 20:18:11 UTC,2013-07-02
381,1396515721566,2014-04-03 05:02:01 UTC,2014-04-03
382,1370430361275,2013-06-05 07:06:01 UTC,2013-06-05
383,1376445150960,2013-08-13 21:52:30 UTC,2013-08-13
384,1381859112928,2013-10-15 13:45:12 UTC,2013-10-15
385,1395430007244,2014-03-21 15:26:47 UTC,2014-03-21
386,1381855852307,2013-10-15 12:50:52 UTC,2013-10-15
387,1381355236277,2013-10-09 17:47:16 UTC,2013-10-09
388,1410567620758,2014-09-12 20:20:20 UTC,2014-09-12
389,1392364802072,2014-02-14 03:00:02 UTC,2014-02-14
390,1388630813259,2014-01-01 21:46:53 UTC,2014-01-01
391,1380739895728,2013-10-02 14:51:35 UTC,2013-10-02
392,1387334267844,2013-12-17 21:37:47 UTC,2013-12-17
393,1408429556630,2014-08-19 02:25:56 UTC,2014-08-19
394,1336775111145,2012-05-11 18:25:11 UTC,2012-05-11
395,1379651789581,2013-09-20 00:36:29 UTC,2013-09-20
396,1403835916171,2014-06-26 22:25:16 UTC,2014-06-26
397,1381357304111,2013-10-09 18:21:44 UTC,2013-10-09
398,1394776707265,2014-03-14 01:58:27 UTC,2014-03-14
399,1407727910061,2014-08-10 23:31:50 UTC,2014-08-10
400,1394657953521,2014-03-12 16:59:13 UTC,2014-03-12
401,1375174045073,2013-07-30 04:47:25 UTC,2013-07-30
402,1390449982933,2014-01-22 23:06:22 UTC,2014-01-22
403,1391638448507,2014-02-05 17:14:08 UTC,2014-02-05
404,1394431733294,2014-03-10 02:08:53 UTC,2014-03-10
405,1390376604721,2014-01-22 02:43:24 UTC,2014-01-22
406,1385495761636,2013-11-26 14:56:01 UTC,2013-11-26
407,1368597476353,2013-05-15 01:57:56 UTC,2013-05-15
408,1392624114088,2014-02-17 03:01:54 UTC,2014-02-17
409,1400185546847,2014-05-15 16:25:46 UTC,2014-05-15
410,1410263273347,2014-09-09 07:47:53 UTC,2014-09-09
411,1409619996483,2014-09-01 21:06:36 UTC,2014-09-01
412,1378457021449,2013-09-06 04:43:41 UTC,2013-09-06
413,1377043642634,2013-08-20 20:07:22 UTC,2013-08-20
414,1378882127277,2013-09-11 02:48:47 UTC,2013-09-11
415,1386028300793,2013-12-02 18:51:40 UTC,2013-12-02
416,1371459723128,2013-06-17 05:02:03 UTC,2013-06-17
417,1375337340304,2013-08-01 02:09:00 UTC,2013-08-01
418,1396924240944,2014-04-07 22:30:40 UTC,2014-04-07
419,1399405010665,2014-05-06 15:36:50 UTC,2014-05-06
420,1327480207629,2012-01-25 03:30:07 UTC,2012-01-25
421,1407117192660,2014-08-03 21:53:12 UTC,2014-08-03
422,1396472064650,2014-04-02 16:54:24 UTC,2014-04-02
423,1383085049286,2013-10-29 18:17:29 UTC,2013-10-29
424,1396470986528,2014-04-02 16:36:26 UTC,2014-04-02
425,1365187751375,2013-04-05 14:49:11 UTC,2013-04-05
426,1381708187919,2013-10-13 19:49:47 UTC,2013-10-13
427,1364803409786,2013-04-01 04:03:29 UTC,2013-04-01
428,1350202251856,2012-10-14 04:10:51 UTC,2012-10-14
429,1382503261316,2013-10-23 00:41:01 UTC,2013-10-23
430,1368809781166,2013-05-17 12:56:21 UTC,2013-05-17
431,1352357966901,2012-11-08 01:59:26 UTC,2012-11-08
432,1397592390073,2014-04-15 16:06:30 UTC,2014-04-15
433,1401382158390,2014-05-29 12:49:18 UTC,2014-05-29
434,1403286567246,2014-06-20 13:49:27 UTC,2014-06-20
435,1405330938302,2014-07-14 05:42:18 UTC,2014-07-14
436,1408687451799,2014-08-22 02:04:11 UTC,2014-08-22
437,1410382123603,2014-09-10 16:48:43 UTC,2014-09-10
438,1382575278522,2013-10-23 20:41:18 UTC,2013-10-23
439,1404254530806,2014-07-01 18:42:10 UTC,2014-07-01
440,1394284970044,2014-03-08 08:22:50 UTC,2014-03-08
441,1394073658649,2014-03-05 21:40:58 UTC,2014-03-05
442,1395336029534,2014-03-20 13:20:29 UTC,2014-03-20
443,1370752611106,2013-06-09 00:36:51 UTC,2013-06-09
444,1401258679819,2014-05-28 02:31:19 UTC,2014-05-28
445,1386641309660,2013-12-09 21:08:29 UTC,2013-12-09
446,1373753856510,2013-07-13 18:17:36 UTC,2013-07-13
447,1384850563449,2013-11-19 03:42:43 UTC,2013-11-19
448,1388993422003,2014-01-06 02:30:22 UTC,2014-01-06
449,1372224835910,2013-06-26 01:33:55 UTC,2013-06-26
450,1410292224602,2014-09-09 15:50:24 UTC,2014-09-09
451,1394647247859,2014-03-12 14:00:47 UTC,2014-03-12
452,1374251829699,2013-07-19 12:37:09 UTC,2013-07-19
453,1400977842117,2014-05-24 20:30:42 UTC,2014-05-24
454,1408591589661,2014-08-20 23:26:29 UTC,2014-08-20
455,1363249005319,2013-03-14 04:16:45 UTC,2013-03-14
456,1379021172954,2013-09-12 17:26:12 UTC,2013-09-12
457,1387577912424,2013-12-20 17:18:32 UTC,2013-12-20
458,1367623686146,2013-05-03 19:28:06 UTC,2013-05-03
459,1366922899616,2013-04-25 16:48:19 UTC,2013-04-25
460,1408766842354,2014-08-23 00:07:22 UTC,2014-08-23
461,1389307756091,2014-01-09 17:49:16 UTC,2014-01-09
462,1408161301846,2014-08-15 23:55:01 UTC,2014-08-15
463,1393977527366,2014-03-04 18:58:47 UTC,2014-03-04
464,1400546214774,2014-05-19 20:36:54 UTC,2014-05-19
465,1373946591888,2013-07-15 23:49:51 UTC,2013-07-15
466,1397517550237,2014-04-14 19:19:10 UTC,2014-04-14
467,1368581150958,2013-05-14 21:25:50 UTC,2013-05-14
468,1396486212360,2014-04-02 20:50:12 UTC,2014-04-02
469,1381460205565,2013-10-10 22:56:45 UTC,2013-10-10
470,1383553990544,2013-11-04 03:33:10 UTC,2013-11-04
471,1393574161512,2014-02-28 02:56:01 UTC,2014-02-28
472,1318932504547,2011-10-18 06:08:24 UTC,2011-10-18
473,1378800550987,2013-09-10 04:09:10 UTC,2013-09-10
474,1407378114989,2014-08-06 22:21:54 UTC,2014-08-06
475,1402673470737,2014-06-13 11:31:10 UTC,2014-06-13
476,1390993512250,2014-01-29 06:05:12 UTC,2014-01-29
477,1375487227384,2013-08-02 19:47:07 UTC,2013-08-02
478,1375604797529,2013-08-04 04:26:37 UTC,2013-08-04
479,1401557979069,2014-05-31 13:39:39 UTC,2014-05-31
480,1380771344074,2013-10-02 23:35:44 UTC,2013-10-02
481,1380988005016,2013-10-05 11:46:45 UTC,2013-10-05
482,1408407715613,2014-08-18 20:21:55 UTC,2014-08-18
483,1396650129234,2014-04-04 18:22:09 UTC,2014-04-04
484,1381953721123,2013-10-16 16:02:01 UTC,2013-10-16
485,1401492062586,2014-05-30 19:21:02 UTC,2014-05-30
486,1407988726333,2014-08-13 23:58:46 UTC,2014-08-13
487,1384365866919,2013-11-13 13:04:26 UTC,2013-11-13
488,1300454649398,2011-03-18 09:24:09 UTC,2011-03-18
489,1394499791897,2014-03-10 21:03:11 UTC,2014-03-10
490,1392143152546,2014-02-11 13:25:52 UTC,2014-02-11
491,1410558277987,2014-09-12 17:44:37 UTC,2014-09-12
492,1372220443432,2013-06-26 00:20:43 UTC,2013-06-26
493,1380233421742,2013-09-26 18:10:21 UTC,2013-09-26
494,1380689961053,2013-10-02 00:59:21 UTC,2013-10-02
495,1394036903462,2014-03-05 11:28:23 UTC,2014-03-05
496,1345094430000,2012-08-16 01:20:30 UTC,2012-08-16
497,1405446777927,2014-07-15 13:52:57 UTC,2014-07-15
498,1396893334135,2014-04-07 13:55:34 UTC,2014-04-07
499,1410387083669,2014-09-10 18:11:23 UTC,2014-09-10
500,1367549953455,2013-05-02 22:59:13 UTC,2013-05-02
501,1371234437122,2013-06-14 14:27:17 UTC,2013-06-14
502,1390870389994,2014-01-27 19:53:09 UTC,2014-01-27
503,1387306648643,2013-12-17 13:57:28 UTC,2013-12-17
504,1388792857965,2014-01-03 18:47:37 UTC,2014-01-03
505,1370537670032,2013-06-06 12:54:30 UTC,2013-06-06
506,1390518737061,2014-01-23 18:12:17 UTC,2014-01-23
507,1384469612714,2013-11-14 17:53:32 UTC,2013-11-14
508,1366400581985,2013-04-19 15:43:01 UTC,2013-04-19
509,1407269422087,2014-08-05 16:10:22 UTC,2014-08-05
510,1389390068068,2014-01-10 16:41:08 UTC,2014-01-10
511,1378398688063,2013-09-05 12:31:28 UTC,2013-09-05
512,1379963410656,2013-09-23 15:10:10 UTC,2013-09-23
513,1387282360333,2013-12-17 07:12:40 UTC,2013-12-17
514,1385520519478,2013-11-26 21:48:39 UTC,2013-11-26
515,1398733436579,2014-04-28 21:03:56 UTC,2014-04-28
516,1368984097528,2013-05-19 13:21:37 UTC,2013-05-19
517,1383177803599,2013-10-30 20:03:23 UTC,2013-10-30
518,1376774701812,2013-08-17 17:25:01 UTC,2013-08-17
519,1409844216113,2014-09-04 11:23:36 UTC,2014-09-04
520,1406577853874,2014-07-28 16:04:13 UTC,2014-07-28
521,1380692986526,2013-10-02 01:49:46 UTC,2013-10-02
522,1365731533813,2013-04-11 21:52:13 UTC,2013-04-11
523,1373999694100,2013-07-16 14:34:54 UTC,2013-07-16
524,1407294117023,2014-08-05 23:01:57 UTC,2014-08-05
525,1369767404641,2013-05-28 14:56:44 UTC,2013-05-28
526,1402490933650,2014-06-11 08:48:53 UTC,2014-06-11
527,1394668239301,2014-03-12 19:50:39 UTC,2014-03-12
528,1410376707363,2014-09-10 15:18:27 UTC,2014-09-10
529,1395089530094,2014-03-17 16:52:10 UTC,2014-03-17
530,1390376264825,2014-01-22 02:37:44 UTC,2014-01-22
531,1400105567923,2014-05-14 18:12:47 UTC,2014-05-14
532,1367447959177,2013-05-01 18:39:19 UTC,2013-05-01
533,1409759748035,2014-09-03 11:55:48 UTC,2014-09-03
534,1397173049557,2014-04-10 19:37:29 UTC,2014-04-10
535,1378330614621,2013-09-04 17:36:54 UTC,2013-09-04
536,1382994416341,2013-10-28 17:06:56 UTC,2013-10-28
537,1380231591174,2013-09-26 17:39:51 UTC,2013-09-26
538,1297658691927,2011-02-13 23:44:51 UTC,2011-02-13
539,1379701823614,2013-09-20 14:30:23 UTC,2013-09-20
540,1407834742321,2014-08-12 05:12:22 UTC,2014-08-12
541,1410829875968,2014-09-15 21:11:15 UTC,2014-09-15
542,1403560345682,2014-06-23 17:52:25 UTC,2014-06-23
543,1343194264187,2012-07-25 01:31:04 UTC,2012-07-25
544,1384912884461,2013-11-19 21:01:24 UTC,2013-11-19
545,1366269712708,2013-04-18 03:21:52 UTC,2013-04-18
546,1397040994553,2014-04-09 06:56:34 UTC,2014-04-09
547,1397094681949,2014-04-09 21:51:21 UTC,2014-04-09
548,1359681049521,2013-01-31 20:10:49 UTC,2013-01-31
549,1395090988921,2014-03-17 17:16:28 UTC,2014-03-17
550,1407542709525,2014-08-08 20:05:09 UTC,2014-08-08
551,1354691619373,2012-12-05 02:13:39 UTC,2012-12-05
552,1385448175641,2013-11-26 01:42:55 UTC,2013-11-26
553,1397540287673,2014-04-15 01:38:07 UTC,2014-04-15
554,1382555464472,2013-10-23 15:11:04 UTC,2013-10-23
555,1384963897518,2013-11-20 11:11:37 UTC,2013-11-20
556,1370909925990,2013-06-10 20:18:45 UTC,2013-06-10
557,1383744917847,2013-11-06 08:35:17 UTC,2013-11-06
558,1330040297570,2012-02-23 18:38:17 UTC,2012-02-23
559,1383053031175,2013-10-29 09:23:51 UTC,2013-10-29
560,1390450417835,2014-01-22 23:13:37 UTC,2014-01-22
561,1406078718160,2014-07-22 21:25:18 UTC,2014-07-22
562,1405728509073,2014-07-18 20:08:29 UTC,2014-07-18
563,1369272072887,2013-05-22 21:21:12 UTC,2013-05-22
564,1406747458840,2014-07-30 15:10:58 UTC,2014-07-30
565,1381513944067,2013-10-11 13:52:24 UTC,2013-10-11
566,1383333577343,2013-11-01 15:19:37 UTC,2013-11-01
567,1397261839707,2014-04-11 20:17:19 UTC,2014-04-11
568,1373406847151,2013-07-09 17:54:07 UTC,2013-07-09
569,1396742307234,2014-04-05 19:58:27 UTC,2014-04-05
570,1410472538621,2014-09-11 17:55:38 UTC,2014-09-11
571,1398720597505,2014-04-28 17:29:57 UTC,2014-04-28
572,1381804015266,2013-10-14 22:26:55 UTC,2013-10-14
573,1380989829712,2013-10-05 12:17:09 UTC,2013-10-05
574,1391481726145,2014-02-03 21:42:06 UTC,2014-02-03
575,1405638519654,2014-07-17 19:08:39 UTC,2014-07-17
576,1390848261439,2014-01-27 13:44:21 UTC,2014-01-27
577,1378857084698,2013-09-10 19:51:24 UTC,2013-09-10
578,1376084632449,2013-08-09 17:43:52 UTC,2013-08-09
579,1356741209739,2012-12-28 19:33:29 UTC,2012-12-28
580,1402930882800,2014-06-16 11:01:22 UTC,2014-06-16
581,1398800801582,2014-04-29 15:46:41 UTC,2014-04-29
582,1403892556502,2014-06-27 14:09:16 UTC,2014-06-27
583,1374771287468,2013-07-25 12:54:47 UTC,2013-07-25
584,1381269530693,2013-10-08 17:58:50 UTC,2013-10-08
585,1406243907596,2014-07-24 19:18:27 UTC,2014-07-24
586,1366006971112,2013-04-15 02:22:51 UTC,2013-04-15
587,1378342311825,2013-09-04 20:51:51 UTC,2013-09-04
588,1380747123724,2013-10-02 16:52:03 UTC,2013-10-02
589,1398282699884,2014-04-23 15:51:39 UTC,2014-04-23
590,1410810549700,2014-09-15 15:49:09 UTC,2014-09-15
591,1364482582555,2013-03-28 10:56:22 UTC,2013-03-28
592,1394147363810,2014-03-06 18:09:23 UTC,2014-03-06
593,1409838764282,2014-09-04 09:52:44 UTC,2014-09-04
594,1374518079332,2013-07-22 14:34:39 UTC,2013-07-22
595,1395308121828,2014-03-20 05:35:21 UTC,2014-03-20
596,1377542992385,2013-08-26 14:49:52 UTC,2013-08-26
597,1390343676137,2014-01-21 17:34:36 UTC,2014-01-21
598,1391418617574,2014-02-03 04:10:17 UTC,2014-02-03
599,1368506274476,2013-05-14 00:37:54 UTC,2013-05-14
600,1399327513996,2014-05-05 18:05:13 UTC,2014-05-05
601,1394688449190,2014-03-13 01:27:29 UTC,2014-03-13
602,1375133800935,2013-07-29 17:36:40 UTC,2013-07-29
603,1369295081216,2013-05-23 03:44:41 UTC,2013-05-23
604,1355801696440,2012-12-17 22:34:56 UTC,2012-12-17
605,1381907281061,2013-10-16 03:08:01 UTC,2013-10-16
606,1394156946664,2014-03-06 20:49:06 UTC,2014-03-06
607,1390450423240,2014-01-22 23:13:43 UTC,2014-01-22
608,1385498037054,2013-11-26 15:33:57 UTC,2013-11-26
609,1382133668075,2013-10-18 18:01:08 UTC,2013-10-18
610,1398860222590,2014-04-30 08:17:02 UTC,2014-04-30
611,1395966765522,2014-03-27 20:32:45 UTC,2014-03-27
612,1409963523890,2014-09-05 20:32:03 UTC,2014-09-05
613,1340551981174,2012-06-24 11:33:01 UTC,2012-06-24
614,1379007894103,2013-09-12 13:44:54 UTC,2013-09-12
615,1383076971554,2013-10-29 16:02:51 UTC,2013-10-29
616,1387277468457,2013-12-17 05:51:08 UTC,2013-12-17
617,1390522447805,2014-01-23 19:14:07 UTC,2014-01-23
618,1369382873113,2013-05-24 04:07:53 UTC,2013-05-24
619,1396487639468,2014-04-02 21:13:59 UTC,2014-04-02
620,1378952112945,2013-09-11 22:15:12 UTC,2013-09-11
621,1385824756036,2013-11-30 10:19:16 UTC,2013-11-30
622,1403302085850,2014-06-20 18:08:05 UTC,2014-06-20
623,1404348637062,2014-07-02 20:50:37 UTC,2014-07-02
624,1403134132351,2014-06-18 19:28:52 UTC,2014-06-18
625,1370392202463,2013-06-04 20:30:02 UTC,2013-06-04
626,1395710568231,2014-03-24 21:22:48 UTC,2014-03-24
627,1396050022873,2014-03-28 19:40:22 UTC,2014-03-28
628,1389929873280,2014-01-16 22:37:53 UTC,2014-01-16
629,1405305018631,2014-07-13 22:30:18 UTC,2014-07-13
630,1401899245665,2014-06-04 12:27:25 UTC,2014-06-04
631,1384306743559,2013-11-12 20:39:03 UTC,2013-11-12
632,1387316737223,2013-12-17 16:45:37 UTC,2013-12-17
633,1394780847942,2014-03-14 03:07:27 UTC,2014-03-14
634,1293508520684,2010-12-27 22:55:20 UTC,2010-12-27
635,1377640879643,2013-08-27 18:01:19 UTC,2013-08-27
636,1394493624938,2014-03-10 19:20:24 UTC,2014-03-10
637,1395786288607,2014-03-25 18:24:48 UTC,2014-03-25
638,1337264389098,2012-05-17 10:19:49 UTC,2012-05-17
639,1402445510084,2014-06-10 20:11:50 UTC,2014-06-10
640,1378504802718,2013-09-06 18:00:02 UTC,2013-09-06
641,1392943119788,2014-02-20 19:38:39 UTC,2014-02-20
642,1387577280920,2013-12-20 17:08:00 UTC,2013-12-20
643,1406067856771,2014-07-22 18:24:16 UTC,2014-07-22
644,1392651603943,2014-02-17 10:40:03 UTC,2014-02-17
645,1383076792159,2013-10-29 15:59:52 UTC,2013-10-29
646,1403113520876,2014-06-18 13:45:20 UTC,2014-06-18
647,1394329942072,2014-03-08 20:52:22 UTC,2014-03-08
648,1407738834556,2014-08-11 02:33:54 UTC,2014-08-11
649,1376095219478,2013-08-09 20:40:19 UTC,2013-08-09
650,1396911666307,2014-04-07 19:01:06 UTC,2014-04-07
651,1384873952866,2013-11-19 10:12:32 UTC,2013-11-19
652,1399063824820,2014-05-02 16:50:24 UTC,2014-05-02
653,1387507994900,2013-12-19 21:53:14 UTC,2013-12-19
654,1385057255562,2013-11-21 13:07:35 UTC,2013-11-21
655,1377467937322,2013-08-25 17:58:57 UTC,2013-08-25
656,1394825493798,2014-03-14 15:31:33 UTC,2014-03-14
657,1388081593038,2013-12-26 13:13:13 UTC,2013-12-26
658,1376524365086,2013-08-14 19:52:45 UTC,2013-08-14
659,1374738921608,2013-07-25 03:55:21 UTC,2013-07-25
660,1386301372558,2013-12-05 22:42:52 UTC,2013-12-05
661,1396404454087,2014-04-01 22:07:34 UTC,2014-04-01
662,1398272724685,2014-04-23 13:05:24 UTC,2014-04-23
663,1342672971886,2012-07-19 00:42:51 UTC,2012-07-19
664,1392769077359,2014-02-18 19:17:57 UTC,2014-02-18
665,1377896163507,2013-08-30 16:56:03 UTC,2013-08-30
666,1400475976436,2014-05-19 01:06:16 UTC,2014-05-19
667,1379986864296,2013-09-23 21:41:04 UTC,2013-09-23
668,1410376443554,2014-09-10 15:14:03 UTC,2014-09-10
669,1407309543738,2014-08-06 03:19:03 UTC,2014-08-06
670,1378288888521,2013-09-04 06:01:28 UTC,2013-09-04
671,1389912455554,2014-01-16 17:47:35 UTC,2014-01-16
672,1400114857641,2014-05-14 20:47:37 UTC,2014-05-14
673,1274718773557,2010-05-24 12:32:53 UTC,2010-05-24
674,1389862150461,2014-01-16 03:49:10 UTC,2014-01-16
675,1361558478754,2013-02-22 13:41:18 UTC,2013-02-22
676,1392246484946,2014-02-12 18:08:04 UTC,2014-02-12
677,1402088167547,2014-06-06 16:56:07 UTC,2014-06-06
678,1390527738647,2014-01-23 20:42:18 UTC,2014-01-23
679,1360789266787,2013-02-13 16:01:06 UTC,2013-02-13
680,1365791368739,2013-04-12 14:29:28 UTC,2013-04-12
681,1370484300442,2013-06-05 22:05:00 UTC,2013-06-05
682,1375250624669,2013-07-31 02:03:44 UTC,2013-07-31
683,1381886563513,2013-10-15 21:22:43 UTC,2013-10-15
684,1319488944713,2011-10-24 16:42:24 UTC,2011-10-24
685,1370483044758,2013-06-05 21:44:04 UTC,2013-06-05
686,1388777229757,2014-01-03 14:27:09 UTC,2014-01-03
687,1396399698201,2014-04-01 20:48:18 UTC,2014-04-01
688,1383267836563,2013-10-31 21:03:56 UTC,2013-10-31
689,1386012332663,2013-12-02 14:25:32 UTC,2013-12-02
690,1383866443740,2013-11-07 18:20:43 UTC,2013-11-07
691,1398898374384,2014-04-30 18:52:54 UTC,2014-04-30
692,1393376407757,2014-02-25 20:00:07 UTC,2014-02-25
693,1406702883650,2014-07-30 02:48:03 UTC,2014-07-30
694,1391378971316,2014-02-02 17:09:31 UTC,2014-02-02
695,1405964783461,2014-07-21 13:46:23 UTC,2014-07-21
696,1393980147293,2014-03-04 19:42:27 UTC,2014-03-04
697,1394740464212,2014-03-13 15:54:24 UTC,2014-03-13
698,1404918705487,2014-07-09 11:11:45 UTC,2014-07-09
699,1369111785523,2013-05-21 00:49:45 UTC,2013-05-21
700,1399347914859,2014-05-05 23:45:14 UTC,2014-05-05
701,1394204459043,2014-03-07 10:00:59 UTC,2014-03-07
702,1406106358895,2014-07-23 05:05:58 UTC,2014-07-23
703,1394734419331,2014-03-13 14:13:39 UTC,2014-03-13
704,1380639714628,2013-10-01 11:01:54 UTC,2013-10-01
705,1393618460503,2014-02-28 15:14:20 UTC,2014-02-28
706,1400272838531,2014-05-16 16:40:38 UTC,2014-05-16
707,1409865709543,2014-09-04 17:21:49 UTC,2014-09-04
708,1382581482769,2013-10-23 22:24:42 UTC,2013-10-23
709,1407292401930,2014-08-05 22:33:21 UTC,2014-08-05
710,1378937777730,2013-09-11 18:16:17 UTC,2013-09-11
711,1370024709178,2013-05-31 14:25:09 UTC,2013-05-31
712,1375745245002,2013-08-05 19:27:25 UTC,2013-08-05
713,1367970415421,2013-05-07 19:46:55 UTC,2013-05-07
714,1300825963258,2011-03-22 16:32:43 UTC,2011-03-22
715,1282782956435,2010-08-25 20:35:56 UTC,2010-08-25
716,1406599414322,2014-07-28 22:03:34 UTC,2014-07-28
717,1386633317432,2013-12-09 18:55:17 UTC,2013-12-09
718,1406749947913,2014-07-30 15:52:27 UTC,2014-07-30
719,1369248275347,2013-05-22 14:44:35 UTC,2013-05-22
720,1374033357741,2013-07-16 23:55:57 UTC,2013-07-16
721,1345155731334,2012-08-16 18:22:11 UTC,2012-08-16
722,1397162601635,2014-04-10 16:43:21 UTC,2014-04-10
723,1375387735818,2013-08-01 16:08:55 UTC,2013-08-01
724,1405142052661,2014-07-12 01:14:12 UTC,2014-07-12
725,1409959024562,2014-09-05 19:17:04 UTC,2014-09-05
726,1369665809762,2013-05-27 10:43:29 UTC,2013-05-27
727,1366839153892,2013-04-24 17:32:33 UTC,2013-04-24
728,1327577385864,2012-01-26 06:29:45 UTC,2012-01-26
729,1409038627448,2014-08-26 03:37:07 UTC,2014-08-26
730,1408635862020,2014-08-21 11:44:22 UTC,2014-08-21
731,1378363913749,2013-09-05 02:51:53 UTC,2013-09-05
732,1397707425524,2014-04-17 00:03:45 UTC,2014-04-17
733,1397593215011,2014-04-15 16:20:15 UTC,2014-04-15
734,1400735084521,2014-05-22 01:04:44 UTC,2014-05-22
735,1368168204100,2013-05-10 02:43:24 UTC,2013-05-10
736,1396661331282,2014-04-04 21:28:51 UTC,2014-04-04
737,1376287981508,2013-08-12 02:13:01 UTC,2013-08-12
738,1408592025444,2014-08-20 23:33:45 UTC,2014-08-20
739,1364081135680,2013-03-23 19:25:35 UTC,2013-03-23
740,1392661922434,2014-02-17 13:32:02 UTC,2014-02-17
741,1378517270693,2013-09-06 21:27:50 UTC,2013-09-06
742,1381367810143,2013-10-09 21:16:50 UTC,2013-10-09
743,1409326576443,2014-08-29 11:36:16 UTC,2014-08-29
744,1381083530062,2013-10-06 14:18:50 UTC,2013-10-06
745,1399513294412,2014-05-07 21:41:34 UTC,2014-05-07
746,1400265240152,2014-05-16 14:34:00 UTC,2014-05-16
747,1394143648583,2014-03-06 17:07:28 UTC,2014-03-06
748,1397864214155,2014-04-18 19:36:54 UTC,2014-04-18
749,1408469702462,2014-08-19 13:35:02 UTC,2014-08-19
750,1399946218827,2014-05-12 21:56:58 UTC,2014-05-12
751,1332736503347,2012-03-26 00:35:03 UTC,2012-03-26
752,1266630401200,2010-02-19 20:46:41 UTC,2010-02-19
753,1387827978214,2013-12-23 14:46:18 UTC,2013-12-23
754,1378238234177,2013-09-03 15:57:14 UTC,2013-09-03
755,1391675151105,2014-02-06 03:25:51 UTC,2014-02-06
756,1405994147494,2014-07-21 21:55:47 UTC,2014-07-21
757,1381805116841,2013-10-14 22:45:16 UTC,2013-10-14
758,1381183045100,2013-10-07 17:57:25 UTC,2013-10-07
759,1391497752700,2014-02-04 02:09:12 UTC,2014-02-04
760,1393012468041,2014-02-21 14:54:28 UTC,2014-02-21
761,1408527921161,2014-08-20 05:45:21 UTC,2014-08-20
762,1401689679041,2014-06-02 02:14:39 UTC,2014-06-02
763,1392865265226,2014-02-19 22:01:05 UTC,2014-02-19
764,1376416572730,2013-08-13 13:56:12 UTC,2013-08-13
765,1393086821947,2014-02-22 11:33:41 UTC,2014-02-22
766,1394654791444,2014-03-12 16:06:31 UTC,2014-03-12
767,1382046125358,2013-10-17 17:42:05 UTC,2013-10-17
768,1396342459427,2014-04-01 04:54:19 UTC,2014-04-01
769,1409076704809,2014-08-26 14:11:44 UTC,2014-08-26
770,1297179286624,2011-02-08 10:34:46 UTC,2011-02-08
771,1376943532752,2013-08-19 16:18:52 UTC,2013-08-19
772,1370907086704,2013-06-10 19:31:26 UTC,2013-06-10
773,1396038122491,2014-03-28 16:22:02 UTC,2014-03-28
774,1406535135110,2014-07-28 04:12:15 UTC,2014-07-28
775,1396901408634,2014-04-07 16:10:08 UTC,2014-04-07
776,1390261462855,2014-01-20 18:44:22 UTC,2014-01-20
777,1406628849900,2014-07-29 06:14:09 UTC,2014-07-29
778,1389044934025,2014-01-06 16:48:54 UTC,2014-01-06
779,1380067624761,2013-09-24 20:07:04 UTC,2013-09-24
780,1383126384000,2013-10-30 05:46:24 UTC,2013-10-30
781,1382660585670,2013-10-24 20:23:05 UTC,2013-10-24
782,1376528407326,2013-08-14 21:00:07 UTC,2013-08-14
783,1366968084436,2013-04-26 05:21:24 UTC,2013-04-26
784,1406390113626,2014-07-26 11:55:13 UTC,2014-07-26
785,1410468066477,2014-09-11 16:41:06 UTC,2014-09-11
786,1395306617669,2014-03-20 05:10:17 UTC,2014-03-20
787,1384476341073,2013-11-14 19:45:41 UTC,2013-11-14
788,1385572304318,2013-11-27 12:11:44 UTC,2013-11-27
789,1394092619133,2014-03-06 02:56:59 UTC,2014-03-06
790,1374027616485,2013-07-16 22:20:16 UTC,2013-07-16
791,1407860734710,2014-08-12 12:25:34 UTC,2014-08-12
792,1376606747188,2013-08-15 18:45:47 UTC,2013-08-15
793,1391451212025,2014-02-03 13:13:32 UTC,2014-02-03
794,1406866717515,2014-08-01 00:18:37 UTC,2014-08-01
795,1391390860216,2014-02-02 20:27:40 UTC,2014-02-02
796,1397233662086,2014-04-11 12:27:42 UTC,2014-04-11
797,1383813974628,2013-11-07 03:46:14 UTC,2013-11-07
798,1401585321711,2014-05-31 21:15:21 UTC,2014-05-31
799,1390938236059,2014-01-28 14:43:56 UTC,2014-01-28
800,1372725511154,2013-07-01 20:38:31 UTC,2013-07-01
801,1401666345889,2014-06-01 19:45:45 UTC,2014-06-01
802,1394063337779,2014-03-05 18:48:57 UTC,2014-03-05
803,1398992782441,2014-05-01 21:06:22 UTC,2014-05-01
804,1378935896622,2013-09-11 17:44:56 UTC,2013-09-11
805,1407437485752,2014-08-07 14:51:25 UTC,2014-08-07
806,1373743528465,2013-07-13 15:25:28 UTC,2013-07-13
807,1386573057967,2013-12-09 02:10:57 UTC,2013-12-09
808,1404778610529,2014-07-07 20:16:50 UTC,2014-07-07
809,1397955639781,2014-04-19 21:00:39 UTC,2014-04-19
810,1394497388500,2014-03-10 20:23:08 UTC,2014-03-10
811,1383085209211,2013-10-29 18:20:09 UTC,2013-10-29
812,1367923467158,2013-05-07 06:44:27 UTC,2013-05-07
813,1390110822846,2014-01-19 00:53:42 UTC,2014-01-19
814,1390839298788,2014-01-27 11:14:58 UTC,2014-01-27
815,1379545896322,2013-09-18 19:11:36 UTC,2013-09-18
816,1364542145896,2013-03-29 03:29:05 UTC,2013-03-29
817,1362438774978,2013-03-04 18:12:54 UTC,2013-03-04
818,1386820178141,2013-12-11 22:49:38 UTC,2013-12-11
819,1398116507311,2014-04-21 17:41:47 UTC,2014-04-21
820,1408406997065,2014-08-18 20:09:57 UTC,2014-08-18
821,1405072930283,2014-07-11 06:02:10 UTC,2014-07-11
822,1398896149913,2014-04-30 18:15:49 UTC,2014-04-30
823,1364544315510,2013-03-29 04:05:15 UTC,2013-03-29
824,1383121210014,2013-10-30 04:20:10 UTC,2013-10-30
825,1383947755597,2013-11-08 16:55:55 UTC,2013-11-08
826,1393667151364,2014-03-01 04:45:51 UTC,2014-03-01
827,1394564565236,2014-03-11 15:02:45 UTC,2014-03-11
828,1410822672559,2014-09-15 19:11:12 UTC,2014-09-15
829,1386643084921,2013-12-09 21:38:04 UTC,2013-12-09
830,1408599898268,2014-08-21 01:44:58 UTC,2014-08-21
831,1375916887140,2013-08-07 19:08:07 UTC,2013-08-07
832,1392308383588,2014-02-13 11:19:43 UTC,2014-02-13
833,1398789970170,2014-04-29 12:46:10 UTC,2014-04-29
834,1394676056177,2014-03-12 22:00:56 UTC,2014-03-12
835,1298974744785,2011-03-01 05:19:04 UTC,2011-03-01
836,1405667900866,2014-07-18 03:18:20 UTC,2014-07-18
837,1402694321328,2014-06-13 17:18:41 UTC,2014-06-13
838,1334037064379,2012-04-10 01:51:04 UTC,2012-04-10
839,1398877890572,2014-04-30 13:11:30 UTC,2014-04-30
840,1381204460617,2013-10-07 23:54:20 UTC,2013-10-07
841,1380735328555,2013-10-02 13:35:28 UTC,2013-10-02
842,1405728399077,2014-07-18 20:06:39 UTC,2014-07-18
843,1389732359241,2014-01-14 15:45:59 UTC,2014-01-14
844,1389216572376,2014-01-08 16:29:32 UTC,2014-01-08
845,1402343195374,2014-06-09 15:46:35 UTC,2014-06-09
846,1383862781201,2013-11-07 17:19:41 UTC,2013-11-07
847,1390449919185,2014-01-22 23:05:19 UTC,2014-01-22
848,1386633586773,2013-12-09 18:59:46 UTC,2013-12-09
849,1376506368031,2013-08-14 14:52:48 UTC,2013-08-14
850,1394817763262,2014-03-14 13:22:43 UTC,2014-03-14
851,1401518911102,2014-05-31 02:48:31 UTC,2014-05-31
852,1381450556352,2013-10-10 20:15:56 UTC,2013-10-10
853,1401408222219,2014-05-29 20:03:42 UTC,2014-05-29
854,1410828424577,2014-09-15 20:47:04 UTC,2014-09-15
855,1399371128238,2014-05-06 06:12:08 UTC,2014-05-06
856,1393545451283,2014-02-27 18:57:31 UTC,2014-02-27
857,1382745309836,2013-10-25 19:55:09 UTC,2013-10-25
858,1399506055983,2014-05-07 19:40:55 UTC,2014-05-07
859,1405716425955,2014-07-18 16:47:05 UTC,2014-07-18
860,1334232431089,2012-04-12 08:07:11 UTC,2012-04-12
861,1375605353837,2013-08-04 04:35:53 UTC,2013-08-04
862,1409697042073,2014-09-02 18:30:42 UTC,2014-09-02
863,1392851053042,2014-02-19 18:04:13 UTC,2014-02-19
864,1381349900214,2013-10-09 16:18:20 UTC,2013-10-09
865,1408574375065,2014-08-20 18:39:35 UTC,2014-08-20
866,1314728704832,2011-08-30 14:25:04 UTC,2011-08-30
867,1372199981226,2013-06-25 18:39:41 UTC,2013-06-25
868,1364973370046,2013-04-03 03:16:10 UTC,2013-04-03
869,1376451931130,2013-08-13 23:45:31 UTC,2013-08-13
870,1381184868227,2013-10-07 18:27:48 UTC,2013-10-07
871,1409299512986,2014-08-29 04:05:12 UTC,2014-08-29
872,1371674232988,2013-06-19 16:37:12 UTC,2013-06-19
873,1400664647857,2014-05-21 05:30:47 UTC,2014-05-21
874,1401576209136,2014-05-31 18:43:29 UTC,2014-05-31
875,1380138828962,2013-09-25 15:53:48 UTC,2013-09-25
876,1395296015221,2014-03-20 02:13:35 UTC,2014-03-20
877,1367389759747,2013-05-01 02:29:19 UTC,2013-05-01
878,1405635031433,2014-07-17 18:10:31 UTC,2014-07-17
879,1378251467979,2013-09-03 19:37:47 UTC,2013-09-03
880,1361496339816,2013-02-21 20:25:39 UTC,2013-02-21
881,1389157233988,2014-01-08 00:00:33 UTC,2014-01-08
882,1394562513667,2014-03-11 14:28:33 UTC,2014-03-11
883,1393616168380,2014-02-28 14:36:08 UTC,2014-02-28
884,1389261195917,2014-01-09 04:53:15 UTC,2014-01-09
885,1376434784889,2013-08-13 18:59:44 UTC,2013-08-13
886,1296675642955,2011-02-02 14:40:42 UTC,2011-02-02
887,1400724852697,2014-05-21 22:14:12 UTC,2014-05-21
888,1410396672485,2014-09-10 20:51:12 UTC,2014-09-10
889,1386112629774,2013-12-03 18:17:09 UTC,2013-12-03
890,1381290848884,2013-10-08 23:54:08 UTC,2013-10-08
891,1396051293136,2014-03-28 20:01:33 UTC,2014-03-28
892,1402495934499,2014-06-11 10:12:14 UTC,2014-06-11
893,1381442056952,2013-10-10 17:54:16 UTC,2013-10-10
894,1385220240763,2013-11-23 10:24:00 UTC,2013-11-23
895,1360882913616,2013-02-14 18:01:53 UTC,2013-02-14
896,1383154104945,2013-10-30 13:28:24 UTC,2013-10-30
897,1408634255774,2014-08-21 11:17:35 UTC,2014-08-21
898,1393373807581,2014-02-25 19:16:47 UTC,2014-02-25
899,1383243273266,2013-10-31 14:14:33 UTC,2013-10-31
900,1405406745135,2014-07-15 02:45:45 UTC,2014-07-15
901,1381796663245,2013-10-14 20:24:23 UTC,2013-10-14
902,1390516925290,2014-01-23 17:42:05 UTC,2014-01-23
903,1396591204890,2014-04-04 02:00:04 UTC,2014-04-04
904,1396593505787,2014-04-04 02:38:25 UTC,2014-04-04
905,1370429702627,2013-06-05 06:55:02 UTC,2013-06-05
906,1410573183394,2014-09-12 21:53:03 UTC,2014-09-12
907,1250738057975,2009-08-19 23:14:17 UTC,2009-08-19
908,1392447558294,2014-02-15 01:59:18 UTC,2014-02-15
909,1396535127299,2014-04-03 10:25:27 UTC,2014-04-03
910,1383537769390,2013-11-03 23:02:49 UTC,2013-11-03
911,1377062936088,2013-08-21 01:28:56 UTC,2013-08-21
912,1382491794210,2013-10-22 21:29:54 UTC,2013-10-22
913,1380161788931,2013-09-25 22:16:28 UTC,2013-09-25
914,1377278149096,2013-08-23 13:15:49 UTC,2013-08-23
915,1367088734763,2013-04-27 14:52:14 UTC,2013-04-27
916,1368344827406,2013-05-12 03:47:07 UTC,2013-05-12
917,1389848844660,2014-01-16 00:07:24 UTC,2014-01-16
918,1397556665925,2014-04-15 06:11:05 UTC,2014-04-15
919,1380233125194,2013-09-26 18:05:25 UTC,2013-09-26
920,1407609104913,2014-08-09 14:31:44 UTC,2014-08-09
921,1383765645924,2013-11-06 14:20:45 UTC,2013-11-06
922,1340539499573,2012-06-24 08:04:59 UTC,2012-06-24
923,1387392661826,2013-12-18 13:51:01 UTC,2013-12-18
924,1394040178638,2014-03-05 12:22:58 UTC,2014-03-05
925,1386807679586,2013-12-11 19:21:19 UTC,2013-12-11
926,1394818621743,2014-03-14 13:37:01 UTC,2014-03-14
927,1407934250357,2014-08-13 08:50:50 UTC,2014-08-13
928,1365550126078,2013-04-09 19:28:46 UTC,2013-04-09
929,1396034154091,2014-03-28 15:15:54 UTC,2014-03-28
930,1394757177849,2014-03-13 20:32:57 UTC,2014-03-13
931,1248307483367,2009-07-22 20:04:43 UTC,2009-07-22
932,1394239307287,2014-03-07 19:41:47 UTC,2014-03-07
933,1395985576872,2014-03-28 01:46:16 UTC,2014-03-28
934,1368570807737,2013-05-14 18:33:27 UTC,2013-05-14
935,1395967370240,2014-03-27 20:42:50 UTC,2014-03-27
936,1393645168456,2014-02-28 22:39:28 UTC,2014-02-28
937,1384854477163,2013-11-19 04:47:57 UTC,2013-11-19
938,1396048828683,2014-03-28 19:20:28 UTC,2014-03-28
939,1348524703367,2012-09-24 18:11:43 UTC,2012-09-24
940,1409178300146,2014-08-27 18:25:00 UTC,2014-08-27
941,1391195014576,2014-01-31 14:03:34 UTC,2014-01-31
942,1391204077906,2014-01-31 16:34:37 UTC,2014-01-31
943,1377159811033,2013-08-22 04:23:31 UTC,2013-08-22
944,1382061180705,2013-10-17 21:53:00 UTC,2013-10-17
945,1396060352664,2014-03-28 22:32:32 UTC,2014-03-28
946,1347938655794,2012-09-17 23:24:15 UTC,2012-09-17
947,1382479407623,2013-10-22 18:03:27 UTC,2013-10-22
948,1390450425856,2014-01-22 23:13:45 UTC,2014-01-22
949,1409709648078,2014-09-02 22:00:48 UTC,2014-09-02
950,1401759852976,2014-06-02 21:44:12 UTC,2014-06-02
951,1403199655488,2014-06-19 13:40:55 UTC,2014-06-19
952,1394645210269,2014-03-12 13:26:50 UTC,2014-03-12
953,1376341264483,2013-08-12 17:01:04 UTC,2013-08-12
954,1388709926448,2014-01-02 19:45:26 UTC,2014-01-02
955,1407116367894,2014-08-03 21:39:27 UTC,2014-08-03
956,1408152006291,2014-08-15 21:20:06 UTC,2014-08-15
957,1400087718874,2014-05-14 13:15:18 UTC,2014-05-14
958,1386423131365,2013-12-07 08:32:11 UTC,2013-12-07
959,1297720897502,2011-02-14 17:01:37 UTC,2011-02-14
960,1372719280672,2013-07-01 18:54:40 UTC,2013-07-01
961,1367028298350,2013-04-26 22:04:58 UTC,2013-04-26
962,1387831859761,2013-12-23 15:50:59 UTC,2013-12-23
963,1397847805165,2014-04-18 15:03:25 UTC,2014-04-18
964,1381354503049,2013-10-09 17:35:03 UTC,2013-10-09
965,1330041350212,2012-02-23 18:55:50 UTC,2012-02-23
966,1380925992668,2013-10-04 18:33:12 UTC,2013-10-04
967,1390246498625,2014-01-20 14:34:58 UTC,2014-01-20
968,1407893553658,2014-08-12 21:32:33 UTC,2014-08-12
969,1393271878838,2014-02-24 14:57:58 UTC,2014-02-24
970,1380246324423,2013-09-26 21:45:24 UTC,2013-09-26
971,1376972830215,2013-08-20 00:27:10 UTC,2013-08-20
972,1381342705291,2013-10-09 14:18:25 UTC,2013-10-09
973,1394571368717,2014-03-11 16:56:08 UTC,2014-03-11
974,1398117967150,2014-04-21 18:06:07 UTC,2014-04-21
975,1384817316959,2013-11-18 18:28:36 UTC,2013-11-18
976,1395098053677,2014-03-17 19:14:13 UTC,2014-03-17
977,1351489274785,2012-10-29 01:41:14 UTC,2012-10-29
978,1377304643647,2013-08-23 20:37:23 UTC,2013-08-23
979,1400103881939,2014-05-14 17:44:41 UTC,2014-05-14
980,1392684861232,2014-02-17 19:54:21 UTC,2014-02-17
981,1395817960384,2014-03-26 03:12:40 UTC,2014-03-26
982,1404357668977,2014-07-02 23:21:08 UTC,2014-07-02
983,1403835676504,2014-06-26 22:21:16 UTC,2014-06-26
984,1408994563620,2014-08-25 15:22:43 UTC,2014-08-25
985,1395723375327,2014-03-25 00:56:15 UTC,2014-03-25
986,1342640326804,2012-07-18 15:38:46 UTC,2012-07-18
987,1375942980338,2013-08-08 02:23:00 UTC,2013-08-08
988,1383146926794,2013-10-30 11:28:46 UTC,2013-10-30
989,1379586726654,2013-09-19 06:32:06 UTC,2013-09-19
990,1382028545358,2013-10-17 12:49:05 UTC,2013-10-17
991,1380678365054,2013-10-01 21:46:05 UTC,2013-10-01
992,1400806020863,2014-05-22 20:47:00 UTC,2014-05-22
993,1376503113022,2013-08-14 13:58:33 UTC,2013-08-14
994,1367945470539,2013-05-07 12:51:10 UTC,2013-05-07
995,1386366847917,2013-12-06 16:54:07 UTC,2013-12-06
996,1397168416430,2014-04-10 18:20:16 UTC,2014-04-10
997,1403414539182,2014-06-22 01:22:19 UTC,2014-06-22
998,1379298412110,2013-09-15 22:26:52 UTC,2013-09-15
999,1382753693487,2013-10-25 22:14:53 UTC,2013-10-25
1000,1410424259282,2014-09-11 04:30:59 UTC,2014-09-11
1001,1386703344960,2013-12-10 14:22:24 UTC,2013-12-10
1002,1386283686637,2013-12-05 17:48:06 UTC,2013-12-05
1003,1372096392838,2013-06-24 13:53:12 UTC,2013-06-24
1004,1387788772263,2013-12-23 03:52:52 UTC,2013-12-23
1005,1389047189680,2014-01-06 17:26:29 UTC,2014-01-06
1006,1375775189306,2013-08-06 03:46:29 UTC,2013-08-06
1007,1379654031933,2013-09-20 01:13:51 UTC,2013-09-20
1008,1397052199617,2014-04-09 10:03:19 UTC,2014-04-09
1009,1400275788437,2014-05-16 17:29:48 UTC,2014-05-16
1010,1397594842103,2014-04-15 16:47:22 UTC,2014-04-15
1011,1409342319851,2014-08-29 15:58:39 UTC,2014-08-29
1012,1407787424086,2014-08-11 16:03:44 UTC,2014-08-11
1013,1397180373190,2014-04-10 21:39:33 UTC,2014-04-10
1014,1389046125362,2014-01-06 17:08:45 UTC,2014-01-06
1015,1397576322969,2014-04-15 11:38:42 UTC,2014-04-15
1016,1383859431025,2013-11-07 16:23:51 UTC,2013-11-07
1017,1387490231762,2013-12-19 16:57:11 UTC,2013-12-19
1018,1311718318673,2011-07-26 18:11:58 UTC,2011-07-26
1019,1350432166726,2012-10-16 20:02:46 UTC,2012-10-16
1020,1390763755477,2014-01-26 14:15:55 UTC,2014-01-26
1021,1402953472685,2014-06-16 17:17:52 UTC,2014-06-16
1022,1380923436784,2013-10-04 17:50:36 UTC,2013-10-04
1023,1408989165184,2014-08-25 13:52:45 UTC,2014-08-25
1024,1386039839762,2013-12-02 22:03:59 UTC,2013-12-02
1025,1387855456908,2013-12-23 22:24:16 UTC,2013-12-23
1026,1380589428095,2013-09-30 21:03:48 UTC,2013-09-30
1027,1399678926601,2014-05-09 19:42:06 UTC,2014-05-09
1028,1367202644373,2013-04-28 22:30:44 UTC,2013-04-28
1029,1374854732242,2013-07-26 12:05:32 UTC,2013-07-26
1030,1394720996551,2014-03-13 10:29:56 UTC,2014-03-13
1031,1382009027194,2013-10-17 07:23:47 UTC,2013-10-17
1032,1380066328745,2013-09-24 19:45:28 UTC,2013-09-24
1033,1393399843284,2014-02-26 02:30:43 UTC,2014-02-26
1034,1397086882126,2014-04-09 19:41:22 UTC,2014-04-09
1035,1408550363993,2014-08-20 11:59:23 UTC,2014-08-20
1036,1400553177316,2014-05-19 22:32:57 UTC,2014-05-19
1037,1383522156346,2013-11-03 18:42:36 UTC,2013-11-03
1038,1381611191853,2013-10-12 16:53:11 UTC,2013-10-12
1039,1393085957670,2014-02-22 11:19:17 UTC,2014-02-22
1040,1390013939582,2014-01-17 21:58:59 UTC,2014-01-17
1041,1362505304792,2013-03-05 12:41:44 UTC,2013-03-05
1042,1396227883815,2014-03-30 21:04:43 UTC,2014-03-30
1043,1386724710935,2013-12-10 20:18:30 UTC,2013-12-10
1044,1400227812504,2014-05-16 04:10:12 UTC,2014-05-16
1045,1401243385623,2014-05-27 22:16:25 UTC,2014-05-27
1046,1405469548052,2014-07-15 20:12:28 UTC,2014-07-15
1047,1390450425514,2014-01-22 23:13:45 UTC,2014-01-22
1048,1402594359472,2014-06-12 13:32:39 UTC,2014-06-12
1049,1371076760009,2013-06-12 18:39:20 UTC,2013-06-12
1050,1381880456457,2013-10-15 19:40:56 UTC,2013-10-15
1051,1410678442056,2014-09-14 03:07:22 UTC,2014-09-14
1052,1406161811219,2014-07-23 20:30:11 UTC,2014-07-23
1053,1395182903375,2014-03-18 18:48:23 UTC,2014-03-18
1054,1397764811685,2014-04-17 16:00:11 UTC,2014-04-17
1055,1405639527800,2014-07-17 19:25:27 UTC,2014-07-17
1056,1390377333004,2014-01-22 02:55:33 UTC,2014-01-22
1057,1368602682442,2013-05-15 03:24:42 UTC,2013-05-15
1058,1407116593122,2014-08-03 21:43:13 UTC,2014-08-03
1059,1393544837904,2014-02-27 18:47:17 UTC,2014-02-27
1060,1298705622935,2011-02-26 02:33:42 UTC,2011-02-26
1061,1396916948497,2014-04-07 20:29:08 UTC,2014-04-07
1062,1380306288977,2013-09-27 14:24:48 UTC,2013-09-27
1063,1406852268003,2014-07-31 20:17:48 UTC,2014-07-31
1064,1381943408910,2013-10-16 13:10:08 UTC,2013-10-16
1065,1380746770327,2013-10-02 16:46:10 UTC,2013-10-02
1066,1408755757668,2014-08-22 21:02:37 UTC,2014-08-22
1067,1392854762015,2014-02-19 19:06:02 UTC,2014-02-19
1068,1394226615238,2014-03-07 16:10:15 UTC,2014-03-07
1069,1380554646792,2013-09-30 11:24:06 UTC,2013-09-30
1070,1388772478050,2014-01-03 13:07:58 UTC,2014-01-03
1071,1347490162817,2012-09-12 18:49:22 UTC,2012-09-12
1072,1398268574508,2014-04-23 11:56:14 UTC,2014-04-23
1073,1380845538425,2013-10-03 20:12:18 UTC,2013-10-03
1074,1391652241122,2014-02-05 21:04:01 UTC,2014-02-05
1075,1394646465755,2014-03-12 13:47:45 UTC,2014-03-12
1076,1403636519292,2014-06-24 15:01:59 UTC,2014-06-24
1077,1393308981899,2014-02-25 01:16:21 UTC,2014-02-25
1078,1409090818113,2014-08-26 18:06:58 UTC,2014-08-26
1079,1361997922108,2013-02-27 15:45:22 UTC,2013-02-27
1080,1389193161850,2014-01-08 09:59:21 UTC,2014-01-08
1081,1367013126852,2013-04-26 17:52:06 UTC,2013-04-26
1082,1381181810094,2013-10-07 17:36:50 UTC,2013-10-07
1083,1367024934812,2013-04-26 21:08:54 UTC,2013-04-26
1084,1394782438877,2014-03-14 03:33:58 UTC,2014-03-14
1085,1331606644400,2012-03-12 22:44:04 UTC,2012-03-12
1086,1407881868097,2014-08-12 18:17:48 UTC,2014-08-12
1087,1405464985586,2014-07-15 18:56:25 UTC,2014-07-15
1088,1407441132911,2014-08-07 15:52:12 UTC,2014-08-07
1089,1342099590233,2012-07-12 09:26:30 UTC,2012-07-12
1090,1380792050733,2013-10-03 05:20:50 UTC,2013-10-03
1091,1378921706048,2013-09-11 13:48:26 UTC,2013-09-11
1092,1407266759603,2014-08-05 15:25:59 UTC,2014-08-05
1093,1394034902150,2014-03-05 10:55:02 UTC,2014-03-05
1094,1380236547371,2013-09-26 19:02:27 UTC,2013-09-26
1095,1394639718031,2014-03-12 11:55:18 UTC,2014-03-12
1096,1374244853979,2013-07-19 10:40:53 UTC,2013-07-19
1097,1390450053073,2014-01-22 23:07:33 UTC,2014-01-22
1098,1376084584180,2013-08-09 17:43:04 UTC,2013-08-09
1099,1379702252398,2013-09-20 14:37:32 UTC,2013-09-20
1100,1355869583639,2012-12-18 17:26:23 UTC,2012-12-18
1101,1310007774569,2011-07-06 23:02:54 UTC,2011-07-06
1102,1406236559402,2014-07-24 17:15:59 UTC,2014-07-24
1103,1384984714632,2013-11-20 16:58:34 UTC,2013-11-20
1104,1387398676550,2013-12-18 15:31:16 UTC,2013-12-18
1105,1401483409045,2014-05-30 16:56:49 UTC,2014-05-30
1106,1390602099418,2014-01-24 17:21:39 UTC,2014-01-24
1107,1409689956565,2014-09-02 16:32:36 UTC,2014-09-02
1108,1394662508588,2014-03-12 18:15:08 UTC,2014-03-12
1109,1389820040552,2014-01-15 16:07:20 UTC,2014-01-15
1110,1369205489714,2013-05-22 02:51:29 UTC,2013-05-22
1111,1402944477456,2014-06-16 14:47:57 UTC,2014-06-16
1112,1406745365520,2014-07-30 14:36:05 UTC,2014-07-30
1113,1386250341575,2013-12-05 08:32:21 UTC,2013-12-05
1114,1382665342963,2013-10-24 21:42:22 UTC,2013-10-24
1115,1381446527139,2013-10-10 19:08:47 UTC,2013-10-10
1116,1350587804786,2012-10-18 15:16:44 UTC,2012-10-18
1117,1391390799994,2014-02-02 20:26:39 UTC,2014-02-02
1118,1402953645587,2014-06-16 17:20:45 UTC,2014-06-16
1119,1403242452030,2014-06-20 01:34:12 UTC,2014-06-20
1120,1397500357855,2014-04-14 14:32:37 UTC,2014-04-14
1121,1300978129032,2011-03-24 10:48:49 UTC,2011-03-24
1122,1367452391768,2013-05-01 19:53:11 UTC,2013-05-01
1123,1357723500735,2013-01-09 04:25:00 UTC,2013-01-09
1124,1394127402875,2014-03-06 12:36:42 UTC,2014-03-06
1125,1394831566406,2014-03-14 17:12:46 UTC,2014-03-14
1126,1410461598019,2014-09-11 14:53:18 UTC,2014-09-11
1127,1392223856153,2014-02-12 11:50:56 UTC,2014-02-12
1128,1396420113712,2014-04-02 02:28:33 UTC,2014-04-02
1129,1386890405567,2013-12-12 18:20:05 UTC,2013-12-12
1130,1405541110223,2014-07-16 16:05:10 UTC,2014-07-16
1131,1403882623428,2014-06-27 11:23:43 UTC,2014-06-27
1132,1388173584812,2013-12-27 14:46:24 UTC,2013-12-27
1133,1375390917083,2013-08-01 17:01:57 UTC,2013-08-01
1134,1369638653854,2013-05-27 03:10:53 UTC,2013-05-27
1135,1409551493501,2014-09-01 02:04:53 UTC,2014-09-01
1136,1376449788485,2013-08-13 23:09:48 UTC,2013-08-13
1137,1393580859488,2014-02-28 04:47:39 UTC,2014-02-28
1138,1409694484165,2014-09-02 17:48:04 UTC,2014-09-02
1139,1380319650657,2013-09-27 18:07:30 UTC,2013-09-27
1140,1362478903704,2013-03-05 05:21:43 UTC,2013-03-05
1141,1367592958955,2013-05-03 10:55:58 UTC,2013-05-03
1142,1381070622552,2013-10-06 10:43:42 UTC,2013-10-06
1143,1262101120898,2009-12-29 10:38:40 UTC,2009-12-29
1144,1381608388992,2013-10-12 16:06:28 UTC,2013-10-12
1145,1365050155193,2013-04-04 00:35:55 UTC,2013-04-04
1146,1403046011773,2014-06-17 19:00:11 UTC,2014-06-17
1147,1396053547839,2014-03-28 20:39:07 UTC,2014-03-28
1148,1359034346656,2013-01-24 08:32:26 UTC,2013-01-24
1149,1402890523393,2014-06-15 23:48:43 UTC,2014-06-15
1150,1390377043361,2014-01-22 02:50:43 UTC,2014-01-22
1151,1386191107592,2013-12-04 16:05:07 UTC,2013-12-04
1152,1355814489756,2012-12-18 02:08:09 UTC,2012-12-18
1153,1390963978440,2014-01-28 21:52:58 UTC,2014-01-28
1154,1366261766923,2013-04-18 01:09:26 UTC,2013-04-18
1155,1394155433056,2014-03-06 20:23:53 UTC,2014-03-06
1156,1367877055698,2013-05-06 17:50:55 UTC,2013-05-06
1157,1404752192868,2014-07-07 12:56:32 UTC,2014-07-07
1158,1381879875149,2013-10-15 19:31:15 UTC,2013-10-15
1159,1360734686409,2013-02-13 00:51:26 UTC,2013-02-13
1160,1380090452451,2013-09-25 02:27:32 UTC,2013-09-25
1161,1381344417247,2013-10-09 14:46:57 UTC,2013-10-09
1162,1392067967757,2014-02-10 16:32:47 UTC,2014-02-10
1163,1381813609295,2013-10-15 01:06:49 UTC,2013-10-15
1164,1406078617551,2014-07-22 21:23:37 UTC,2014-07-22
1165,1372368723764,2013-06-27 17:32:03 UTC,2013-06-27
1166,1377819725401,2013-08-29 19:42:05 UTC,2013-08-29
1167,1396544945612,2014-04-03 13:09:05 UTC,2014-04-03
1168,1364027870749,2013-03-23 04:37:50 UTC,2013-03-23
1169,1395792153272,2014-03-25 20:02:33 UTC,2014-03-25
1170,1390450425124,2014-01-22 23:13:45 UTC,2014-01-22
1171,1382415341589,2013-10-22 00:15:41 UTC,2013-10-22
1172,1369181046321,2013-05-21 20:04:06 UTC,2013-05-21
1173,1380325664954,2013-09-27 19:47:44 UTC,2013-09-27
1174,1402592211176,2014-06-12 12:56:51 UTC,2014-06-12
1175,1406748312111,2014-07-30 15:25:12 UTC,2014-07-30
1176,1386314158344,2013-12-06 02:15:58 UTC,2013-12-06
1177,1392624018062,2014-02-17 03:00:18 UTC,2014-02-17
1178,1388711456826,2014-01-02 20:10:56 UTC,2014-01-02
1179,1317428407333,2011-09-30 20:20:07 UTC,2011-09-30
1180,1377595152062,2013-08-27 05:19:12 UTC,2013-08-27
1181,1390257849438,2014-01-20 17:44:09 UTC,2014-01-20
1182,1395366236597,2014-03-20 21:43:56 UTC,2014-03-20
1183,1386233187049,2013-12-05 03:46:27 UTC,2013-12-05
1184,1409708368434,2014-09-02 21:39:28 UTC,2014-09-02
1185,1409888332429,2014-09-04 23:38:52 UTC,2014-09-04
1186,1371148606917,2013-06-13 14:36:46 UTC,2013-06-13
1187,1376451739849,2013-08-13 23:42:19 UTC,2013-08-13
1188,1312334169711,2011-08-02 21:16:09 UTC,2011-08-02
1189,1379007317657,2013-09-12 13:35:17 UTC,2013-09-12
1190,1409278165439,2014-08-28 22:09:25 UTC,2014-08-28
1191,1407486402852,2014-08-08 04:26:42 UTC,2014-08-08
1192,1396886067703,2014-04-07 11:54:27 UTC,2014-04-07
1193,1404165375730,2014-06-30 17:56:15 UTC,2014-06-30
1194,1409097345002,2014-08-26 19:55:45 UTC,2014-08-26
1195,1394148075240,2014-03-06 18:21:15 UTC,2014-03-06
1196,1390479859318,2014-01-23 07:24:19 UTC,2014-01-23
1197,1393622976816,2014-02-28 16:29:36 UTC,2014-02-28
1198,1390611729570,2014-01-24 20:02:09 UTC,2014-01-24
1199,1402070295122,2014-06-06 11:58:15 UTC,2014-06-06
1200,1409826343366,2014-09-04 06:25:43 UTC,2014-09-04
1201,1395864202132,2014-03-26 16:03:22 UTC,2014-03-26
1202,1363394402831,2013-03-15 20:40:02 UTC,2013-03-15
1203,1395830921484,2014-03-26 06:48:41 UTC,2014-03-26
1204,1373222308696,2013-07-07 14:38:28 UTC,2013-07-07
1205,1398123099486,2014-04-21 19:31:39 UTC,2014-04-21
1206,1396118905546,2014-03-29 14:48:25 UTC,2014-03-29
1207,1410840730206,2014-09-16 00:12:10 UTC,2014-09-16
1208,1394734175898,2014-03-13 14:09:35 UTC,2014-03-13
1209,1374775607794,2013-07-25 14:06:47 UTC,2013-07-25
1210,1401396941162,2014-05-29 16:55:41 UTC,2014-05-29
1211,1398300101106,2014-04-23 20:41:41 UTC,2014-04-23
1212,1397098502089,2014-04-09 22:55:02 UTC,2014-04-09
1213,1385454439884,2013-11-26 03:27:19 UTC,2013-11-26
1214,1410568341346,2014-09-12 20:32:21 UTC,2014-09-12
1215,1397094996785,2014-04-09 21:56:36 UTC,2014-04-09
1216,1393875501997,2014-03-03 14:38:21 UTC,2014-03-03
1217,1300963271344,2011-03-24 06:41:11 UTC,2011-03-24
1218,1395689421271,2014-03-24 15:30:21 UTC,2014-03-24
1219,1398159764187,2014-04-22 05:42:44 UTC,2014-04-22
1220,1389811160321,2014-01-15 13:39:20 UTC,2014-01-15
1221,1395426663287,2014-03-21 14:31:03 UTC,2014-03-21
1222,1410803886533,2014-09-15 13:58:06 UTC,2014-09-15
1223,1378922093559,2013-09-11 13:54:53 UTC,2013-09-11
1224,1393963767130,2014-03-04 15:09:27 UTC,2014-03-04
1225,1370920952352,2013-06-10 23:22:32 UTC,2013-06-10
1226,1383977426287,2013-11-09 01:10:26 UTC,2013-11-09
1227,1403644985132,2014-06-24 17:23:05 UTC,2014-06-24
1228,1396518091592,2014-04-03 05:41:31 UTC,2014-04-03
1229,1381849619847,2013-10-15 11:06:59 UTC,2013-10-15
1230,1376123608027,2013-08-10 04:33:28 UTC,2013-08-10
1231,1380609719779,2013-10-01 02:41:59 UTC,2013-10-01
1232,1340551283505,2012-06-24 11:21:23 UTC,2012-06-24
1233,1392937900525,2014-02-20 18:11:40 UTC,2014-02-20
1234,1374274595515,2013-07-19 18:56:35 UTC,2013-07-19
1235,1377806578916,2013-08-29 16:02:58 UTC,2013-08-29
1236,1397505876512,2014-04-14 16:04:36 UTC,2014-04-14
1237,1361864899118,2013-02-26 02:48:19 UTC,2013-02-26
1238,1386519849213,2013-12-08 11:24:09 UTC,2013-12-08
1239,1395340785086,2014-03-20 14:39:45 UTC,2014-03-20
1240,1396055123006,2014-03-28 21:05:23 UTC,2014-03-28
1241,1380603476602,2013-10-01 00:57:56 UTC,2013-10-01
1242,1394148206782,2014-03-06 18:23:26 UTC,2014-03-06
1243,1409256990839,2014-08-28 16:16:30 UTC,2014-08-28
1244,1402330736756,2014-06-09 12:18:56 UTC,2014-06-09
1245,1389600078769,2014-01-13 03:01:18 UTC,2014-01-13
1246,1409846073968,2014-09-04 11:54:33 UTC,2014-09-04
1247,1358151882102,2013-01-14 03:24:42 UTC,2013-01-14
1248,1367255071027,2013-04-29 13:04:31 UTC,2013-04-29
1249,1390417993826,2014-01-22 14:13:13 UTC,2014-01-22
1250,1396936426463,2014-04-08 01:53:46 UTC,2014-04-08
1251,1368062133124,2013-05-08 21:15:33 UTC,2013-05-08
1252,1376612856885,2013-08-15 20:27:36 UTC,2013-08-15
1253,1409699988828,2014-09-02 19:19:48 UTC,2014-09-02
1254,1400880878275,2014-05-23 17:34:38 UTC,2014-05-23
1255,1389138708024,2014-01-07 18:51:48 UTC,2014-01-07
1256,1383795750952,2013-11-06 22:42:30 UTC,2013-11-06
1257,1407889372530,2014-08-12 20:22:52 UTC,2014-08-12
1258,1390445562070,2014-01-22 21:52:42 UTC,2014-01-22
1259,1288392934744,2010-10-29 18:55:34 UTC,2010-10-29
1260,1344877758714,2012-08-13 13:09:18 UTC,2012-08-13
1261,1389898933320,2014-01-16 14:02:13 UTC,2014-01-16
1262,1405464857639,2014-07-15 18:54:17 UTC,2014-07-15
1263,1406280567845,2014-07-25 05:29:27 UTC,2014-07-25
1264,1387305894837,2013-12-17 13:44:54 UTC,2013-12-17
1265,1395793898057,2014-03-25 20:31:38 UTC,2014-03-25
1266,1375458708701,2013-08-02 11:51:48 UTC,2013-08-02
1267,1364302940550,2013-03-26 09:02:20 UTC,2013-03-26
1268,1409016310701,2014-08-25 21:25:10 UTC,2014-08-25
1269,1387550446669,2013-12-20 09:40:46 UTC,2013-12-20
1270,1380857497859,2013-10-03 23:31:37 UTC,2013-10-03
1271,1375915403629,2013-08-07 18:43:23 UTC,2013-08-07
1272,1340331794142,2012-06-21 22:23:14 UTC,2012-06-21
1273,1367351078842,2013-04-30 15:44:38 UTC,2013-04-30
1274,1383093222791,2013-10-29 20:33:42 UTC,2013-10-29
1275,1376092276823,2013-08-09 19:51:16 UTC,2013-08-09
1276,1396948230073,2014-04-08 05:10:30 UTC,2014-04-08
1277,1396313457055,2014-03-31 20:50:57 UTC,2014-03-31
1278,1381183590899,2013-10-07 18:06:30 UTC,2013-10-07
1279,1378866243343,2013-09-10 22:24:03 UTC,2013-09-10
1280,1396024097671,2014-03-28 12:28:17 UTC,2014-03-28
1281,1380663634165,2013-10-01 17:40:34 UTC,2013-10-01
1282,1400797249085,2014-05-22 18:20:49 UTC,2014-05-22
1283,1375734040446,2013-08-05 16:20:40 UTC,2013-08-05
1284,1410832784698,2014-09-15 21:59:44 UTC,2014-09-15
1285,1383781823007,2013-11-06 18:50:23 UTC,2013-11-06
1286,1384382353133,2013-11-13 17:39:13 UTC,2013-11-13
1287,1380684991344,2013-10-01 23:36:31 UTC,2013-10-01
1288,1381876696071,2013-10-15 18:38:16 UTC,2013-10-15
1289,1395727658907,2014-03-25 02:07:38 UTC,2014-03-25
1290,1397523357498,2014-04-14 20:55:57 UTC,2014-04-14
1291,1352304177495,2012-11-07 11:02:57 UTC,2012-11-07
1292,1386309611226,2013-12-06 01:00:11 UTC,2013-12-06
1293,1307172786225,2011-06-04 03:33:06 UTC,2011-06-04
1294,1404246817127,2014-07-01 16:33:37 UTC,2014-07-01
1295,1381353455672,2013-10-09 17:17:35 UTC,2013-10-09
1296,1359231286740,2013-01-26 15:14:46 UTC,2013-01-26
1297,1397085221644,2014-04-09 19:13:41 UTC,2014-04-09
1298,1359770331449,2013-02-01 20:58:51 UTC,2013-02-01
1299,1395688148978,2014-03-24 15:09:08 UTC,2014-03-24
1300,1395283047259,2014-03-19 22:37:27 UTC,2014-03-19
1301,1401755654588,2014-06-02 20:34:14 UTC,2014-06-02
1302,1349902120158,2012-10-10 16:48:40 UTC,2012-10-10
1303,1380639953709,2013-10-01 11:05:53 UTC,2013-10-01
1304,1394094254643,2014-03-06 03:24:14 UTC,2014-03-06
1305,1408151333302,2014-08-15 21:08:53 UTC,2014-08-15
1306,1386440106602,2013-12-07 13:15:06 UTC,2013-12-07
1307,1406197939788,2014-07-24 06:32:19 UTC,2014-07-24
1308,1405450426361,2014-07-15 14:53:46 UTC,2014-07-15
1309,1377812217377,2013-08-29 17:36:57 UTC,2013-08-29
1310,1384813839066,2013-11-18 17:30:39 UTC,2013-11-18
1311,1402088919619,2014-06-06 17:08:39 UTC,2014-06-06
1312,1380574863146,2013-09-30 17:01:03 UTC,2013-09-30
1313,1366998407762,2013-04-26 13:46:47 UTC,2013-04-26
1314,1397075819950,2014-04-09 16:36:59 UTC,2014-04-09
1315,1390450003124,2014-01-22 23:06:43 UTC,2014-01-22
1316,1397179530476,2014-04-10 21:25:30 UTC,2014-04-10
1317,1396070133400,2014-03-29 01:15:33 UTC,2014-03-29
1318,1406152926575,2014-07-23 18:02:06 UTC,2014-07-23
1319,1375318748236,2013-07-31 20:59:08 UTC,2013-07-31
1320,1386063218076,2013-12-03 04:33:38 UTC,2013-12-03
1321,1384563554458,2013-11-15 19:59:14 UTC,2013-11-15
1322,1408561861400,2014-08-20 15:11:01 UTC,2014-08-20
1323,1396290361158,2014-03-31 14:26:01 UTC,2014-03-31
1324,1396642163735,2014-04-04 16:09:23 UTC,2014-04-04
1325,1368435422784,2013-05-13 04:57:02 UTC,2013-05-13
1326,1399437628467,2014-05-07 00:40:28 UTC,2014-05-07
1327,1409882065266,2014-09-04 21:54:25 UTC,2014-09-04
1328,1395367236357,2014-03-20 22:00:36 UTC,2014-03-20
1329,1403410332816,2014-06-22 00:12:12 UTC,2014-06-22
1330,1406926946486,2014-08-01 17:02:26 UTC,2014-08-01
1331,1395300263913,2014-03-20 03:24:23 UTC,2014-03-20
1332,1389303068030,2014-01-09 16:31:08 UTC,2014-01-09
1333,1393651372803,2014-03-01 00:22:52 UTC,2014-03-01
1334,1387330123230,2013-12-17 20:28:43 UTC,2013-12-17
1335,1395264679525,2014-03-19 17:31:19 UTC,2014-03-19
1336,1386891364744,2013-12-12 18:36:04 UTC,2013-12-12
1337,1379339170737,2013-09-16 09:46:10 UTC,2013-09-16
1338,1386299982291,2013-12-05 22:19:42 UTC,2013-12-05
1339,1398137838391,2014-04-21 23:37:18 UTC,2014-04-21
1340,1367202227374,2013-04-28 22:23:47 UTC,2013-04-28
1341,1389056872374,2014-01-06 20:07:52 UTC,2014-01-06
1342,1397153751718,2014-04-10 14:15:51 UTC,2014-04-10
1343,1375826758982,2013-08-06 18:05:58 UTC,2013-08-06
1344,1396934164857,2014-04-08 01:16:04 UTC,2014-04-08
1345,1381524060086,2013-10-11 16:41:00 UTC,2013-10-11
1346,1387558243848,2013-12-20 11:50:43 UTC,2013-12-20
1347,1373312967114,2013-07-08 15:49:27 UTC,2013-07-08
1348,1394557701979,2014-03-11 13:08:21 UTC,2014-03-11
1349,1408042101099,2014-08-14 14:48:21 UTC,2014-08-14
1350,1283280777735,2010-08-31 14:52:57 UTC,2010-08-31
1351,1359072605410,2013-01-24 19:10:05 UTC,2013-01-24
1352,1394749833425,2014-03-13 18:30:33 UTC,2014-03-13
1353,1407546433881,2014-08-08 21:07:13 UTC,2014-08-08
1354,1369173639110,2013-05-21 18:00:39 UTC,2013-05-21
1355,1394999711516,2014-03-16 15:55:11 UTC,2014-03-16
1356,1389157127438,2014-01-07 23:58:47 UTC,2014-01-07
1357,1381542395933,2013-10-11 21:46:35 UTC,2013-10-11
1358,1367607553130,2013-05-03 14:59:13 UTC,2013-05-03
1359,1378375903398,2013-09-05 06:11:43 UTC,2013-09-05
1360,1373398173554,2013-07-09 15:29:33 UTC,2013-07-09
1361,1398369240059,2014-04-24 15:54:00 UTC,2014-04-24
1362,1396934938760,2014-04-08 01:28:58 UTC,2014-04-08
1363,1384309582146,2013-11-12 21:26:22 UTC,2013-11-12
1364,1368770672145,2013-05-17 02:04:32 UTC,2013-05-17
1365,1371069475395,2013-06-12 16:37:55 UTC,2013-06-12
1366,1370553754323,2013-06-06 17:22:34 UTC,2013-06-06
1367,1392632191177,2014-02-17 05:16:31 UTC,2014-02-17
1368,1376613458269,2013-08-15 20:37:38 UTC,2013-08-15
1369,1395101995098,2014-03-17 20:19:55 UTC,2014-03-17
1370,1399674793187,2014-05-09 18:33:13 UTC,2014-05-09
1371,1365124105180,2013-04-04 21:08:25 UTC,2013-04-04
1372,1395850255095,2014-03-26 12:10:55 UTC,2014-03-26
1373,1382032209229,2013-10-17 13:50:09 UTC,2013-10-17
1374,1375232444599,2013-07-30 21:00:44 UTC,2013-07-30
1375,1402009414804,2014-06-05 19:03:34 UTC,2014-06-05
1376,1375374098436,2013-08-01 12:21:38 UTC,2013-08-01
1377,1395900994996,2014-03-27 02:16:34 UTC,2014-03-27
1378,1399436483842,2014-05-07 00:21:23 UTC,2014-05-07
1379,1402340957571,2014-06-09 15:09:17 UTC,2014-06-09
1380,1381985250009,2013-10-17 00:47:30 UTC,2013-10-17
1381,1401713185897,2014-06-02 08:46:25 UTC,2014-06-02
1382,1387568504118,2013-12-20 14:41:44 UTC,2013-12-20
1383,1365484006300,2013-04-09 01:06:46 UTC,2013-04-09
1384,1384716099031,2013-11-17 14:21:39 UTC,2013-11-17
1385,1381302329458,2013-10-09 03:05:29 UTC,2013-10-09
1386,1410217625604,2014-09-08 19:07:05 UTC,2014-09-08
1387,1375914258087,2013-08-07 18:24:18 UTC,2013-08-07
1388,1397269848233,2014-04-11 22:30:48 UTC,2014-04-11
1389,1406153531954,2014-07-23 18:12:11 UTC,2014-07-23
1390,1395080140338,2014-03-17 14:15:40 UTC,2014-03-17
1391,1365540877489,2013-04-09 16:54:37 UTC,2013-04-09
1392,1393310602296,2014-02-25 01:43:22 UTC,2014-02-25
1393,1380678148725,2013-10-01 21:42:28 UTC,2013-10-01
1394,1390501132942,2014-01-23 13:18:52 UTC,2014-01-23
1395,1375248230551,2013-07-31 01:23:50 UTC,2013-07-31
1396,1407440453973,2014-08-07 15:40:53 UTC,2014-08-07
1397,1397016245907,2014-04-09 00:04:05 UTC,2014-04-09
1398,1390852582922,2014-01-27 14:56:22 UTC,2014-01-27
1399,1379407301943,2013-09-17 04:41:41 UTC,2013-09-17
1400,1408411496449,2014-08-18 21:24:56 UTC,2014-08-18
1401,1389236357329,2014-01-08 21:59:17 UTC,2014-01-08
1402,1397153988636,2014-04-10 14:19:48 UTC,2014-04-10
1403,1390443926428,2014-01-22 21:25:26 UTC,2014-01-22
1404,1390327562243,2014-01-21 13:06:02 UTC,2014-01-21
1405,1383324133929,2013-11-01 12:42:13 UTC,2013-11-01
1406,1381248282304,2013-10-08 12:04:42 UTC,2013-10-08
1407,1398220541308,2014-04-22 22:35:41 UTC,2014-04-22
1408,1384486732381,2013-11-14 22:38:52 UTC,2013-11-14
1409,1381778145025,2013-10-14 15:15:45 UTC,2013-10-14
1410,1386732781828,2013-12-10 22:33:01 UTC,2013-12-10
1411,1360142320423,2013-02-06 04:18:40 UTC,2013-02-06
1412,1397784238786,2014-04-17 21:23:58 UTC,2014-04-17
1413,1381195633677,2013-10-07 21:27:13 UTC,2013-10-07
1414,1403754562305,2014-06-25 23:49:22 UTC,2014-06-25
1415,1380906993080,2013-10-04 13:16:33 UTC,2013-10-04
1416,1380870699234,2013-10-04 03:11:39 UTC,2013-10-04
1417,1384994693493,2013-11-20 19:44:53 UTC,2013-11-20
1418,1379450683266,2013-09-17 16:44:43 UTC,2013-09-17
1419,1376334316710,2013-08-12 15:05:16 UTC,2013-08-12
1420,1404772271065,2014-07-07 18:31:11 UTC,2014-07-07
1421,1382649536821,2013-10-24 17:18:56 UTC,2013-10-24
1422,1406341302055,2014-07-25 22:21:42 UTC,2014-07-25
1423,1374343656386,2013-07-20 14:07:36 UTC,2013-07-20
1424,1406845707024,2014-07-31 18:28:27 UTC,2014-07-31
1425,1408744992815,2014-08-22 18:03:12 UTC,2014-08-22
1426,1383965275301,2013-11-08 21:47:55 UTC,2013-11-08
1427,1366803789170,2013-04-24 07:43:09 UTC,2013-04-24
1428,1381728878516,2013-10-14 01:34:38 UTC,2013-10-14
1429,1391660395438,2014-02-05 23:19:55 UTC,2014-02-05
1430,1405569658177,2014-07-17 00:00:58 UTC,2014-07-17
1431,1382495940631,2013-10-22 22:39:00 UTC,2013-10-22
1432,1373427831611,2013-07-09 23:43:51 UTC,2013-07-09
1433,1389346494264,2014-01-10 04:34:54 UTC,2014-01-10
1434,1378720097636,2013-09-09 05:48:17 UTC,2013-09-09
1435,1372825216200,2013-07-03 00:20:16 UTC,2013-07-03
1436,1370750269376,2013-06-08 23:57:49 UTC,2013-06-08
1437,1368383256173,2013-05-12 14:27:36 UTC,2013-05-12
1438,1384910495720,2013-11-19 20:21:35 UTC,2013-11-19
1439,1375861926125,2013-08-07 03:52:06 UTC,2013-08-07
1440,1379537271631,2013-09-18 16:47:51 UTC,2013-09-18
1441,1408345550965,2014-08-18 03:05:50 UTC,2014-08-18
1442,1393996130564,2014-03-05 00:08:50 UTC,2014-03-05
1443,1406066987447,2014-07-22 18:09:47 UTC,2014-07-22
1444,1371859490407,2013-06-21 20:04:50 UTC,2013-06-21
1445,1344934491469,2012-08-14 04:54:51 UTC,2012-08-14
1446,1373490106490,2013-07-10 17:01:46 UTC,2013-07-10
1447,1397786800443,2014-04-17 22:06:40 UTC,2014-04-17
1448,1367814231624,2013-05-06 00:23:51 UTC,2013-05-06
1449,1398127497067,2014-04-21 20:44:57 UTC,2014-04-21
1450,1382035173659,2013-10-17 14:39:33 UTC,2013-10-17
1451,1402654080917,2014-06-13 06:08:00 UTC,2014-06-13
1452,1366138071442,2013-04-16 14:47:51 UTC,2013-04-16
1453,1386997211537,2013-12-14 00:00:11 UTC,2013-12-14
1454,1383394663688,2013-11-02 08:17:43 UTC,2013-11-02
1455,1383542970695,2013-11-04 00:29:30 UTC,2013-11-04
1456,1381987731230,2013-10-17 01:28:51 UTC,2013-10-17
1457,1385499548149,2013-11-26 15:59:08 UTC,2013-11-26
1458,1392162765628,2014-02-11 18:52:45 UTC,2014-02-11
1459,1321646787997,2011-11-18 15:06:27 UTC,2011-11-18
1460,1367285006897,2013-04-29 21:23:26 UTC,2013-04-29
1461,1403732450299,2014-06-25 17:40:50 UTC,2014-06-25
1462,1381203883380,2013-10-07 23:44:43 UTC,2013-10-07
1463,1391640704220,2014-02-05 17:51:44 UTC,2014-02-05
1464,1394697712244,2014-03-13 04:01:52 UTC,2014-03-13
1465,1369247538367,2013-05-22 14:32:18 UTC,2013-05-22
1466,1390340768456,2014-01-21 16:46:08 UTC,2014-01-21
1467,1399952620916,2014-05-12 23:43:40 UTC,2014-05-12
1468,1393891770976,2014-03-03 19:09:30 UTC,2014-03-03
1469,1393110626808,2014-02-22 18:10:26 UTC,2014-02-22
1470,1405726689421,2014-07-18 19:38:09 UTC,2014-07-18
1471,1398465115026,2014-04-25 18:31:55 UTC,2014-04-25
1472,1381092740826,2013-10-06 16:52:20 UTC,2013-10-06
1473,1338524570181,2012-06-01 00:22:50 UTC,2012-06-01
1474,1382404539740,2013-10-21 21:15:39 UTC,2013-10-21
1475,1387502090942,2013-12-19 20:14:50 UTC,2013-12-19
1476,1398247384741,2014-04-23 06:03:04 UTC,2014-04-23
1477,1389213225875,2014-01-08 15:33:45 UTC,2014-01-08
1478,1410481766708,2014-09-11 20:29:26 UTC,2014-09-11
1479,1383597014684,2013-11-04 15:30:14 UTC,2013-11-04
1480,1396059954443,2014-03-28 22:25:54 UTC,2014-03-28
1481,1400695358816,2014-05-21 14:02:38 UTC,2014-05-21
1482,1375310953793,2013-07-31 18:49:13 UTC,2013-07-31
1483,1404939148882,2014-07-09 16:52:28 UTC,2014-07-09
1484,1401261527523,2014-05-28 03:18:47 UTC,2014-05-28
1485,1372108458791,2013-06-24 17:14:18 UTC,2013-06-24
1486,1388128020165,2013-12-27 02:07:00 UTC,2013-12-27
1487,1407448132131,2014-08-07 17:48:52 UTC,2014-08-07
1488,1401474319761,2014-05-30 14:25:19 UTC,2014-05-30
1489,1407788057177,2014-08-11 16:14:17 UTC,2014-08-11
1490,1405949407041,2014-07-21 09:30:07 UTC,2014-07-21
1491,1376130528196,2013-08-10 06:28:48 UTC,2013-08-10
1492,1408705320139,2014-08-22 07:02:00 UTC,2014-08-22
1493,1377052126522,2013-08-20 22:28:46 UTC,2013-08-20
1494,1389123941684,2014-01-07 14:45:41 UTC,2014-01-07
1495,1365187779958,2013-04-05 14:49:39 UTC,2013-04-05
1496,1384435377077,2013-11-14 08:22:57 UTC,2013-11-14
1497,1404374797083,2014-07-03 04:06:37 UTC,2014-07-03
1498,1408468114576,2014-08-19 13:08:34 UTC,2014-08-19
1499,1405010727668,2014-07-10 12:45:27 UTC,2014-07-10
1500,1410466371747,2014-09-11 16:12:51 UTC,2014-09-11
1501,1365732153853,2013-04-11 22:02:33 UTC,2013-04-11
1502,1399946184521,2014-05-12 21:56:24 UTC,2014-05-12
1503,1395079954561,2014-03-17 14:12:34 UTC,2014-03-17
1504,1371454346713,2013-06-17 03:32:26 UTC,2013-06-17
1505,1395256322142,2014-03-19 15:12:02 UTC,2014-03-19
1506,1404336146343,2014-07-02 17:22:26 UTC,2014-07-02
1507,1381430173239,2013-10-10 14:36:13 UTC,2013-10-10
1508,1369031074870,2013-05-20 02:24:34 UTC,2013-05-20
1509,1402732251809,2014-06-14 03:50:51 UTC,2014-06-14
1510,1366509847979,2013-04-20 22:04:07 UTC,2013-04-20
1511,1379097488439,2013-09-13 14:38:08 UTC,2013-09-13
1512,1392085987345,2014-02-10 21:33:07 UTC,2014-02-10
1513,1384391573852,2013-11-13 20:12:53 UTC,2013-11-13
1514,1380142451293,2013-09-25 16:54:11 UTC,2013-09-25
1515,1392826023469,2014-02-19 11:07:03 UTC,2014-02-19
1516,1396544742158,2014-04-03 13:05:42 UTC,2014-04-03
1517,1394140724057,2014-03-06 16:18:44 UTC,2014-03-06
1518,1393032371124,2014-02-21 20:26:11 UTC,2014-02-21
1519,1400770689246,2014-05-22 10:58:09 UTC,2014-05-22
1520,1397602916166,2014-04-15 19:01:56 UTC,2014-04-15
1521,1401397977521,2014-05-29 17:12:57 UTC,2014-05-29
1522,1409708704419,2014-09-02 21:45:04 UTC,2014-09-02
1523,1396897666860,2014-04-07 15:07:46 UTC,2014-04-07
1524,1406153479445,2014-07-23 18:11:19 UTC,2014-07-23
1525,1367482754152,2013-05-02 04:19:14 UTC,2013-05-02
1526,1406236599809,2014-07-24 17:16:39 UTC,2014-07-24
1527,1382555954383,2013-10-23 15:19:14 UTC,2013-10-23
1528,1380587663108,2013-09-30 20:34:23 UTC,2013-09-30
1529,1380702749348,2013-10-02 04:32:29 UTC,2013-10-02
1530,1393369446923,2014-02-25 18:04:06 UTC,2014-02-25
1531,1374732322280,2013-07-25 02:05:22 UTC,2013-07-25
1532,1394285734501,2014-03-08 08:35:34 UTC,2014-03-08
1533,1386807073042,2013-12-11 19:11:13 UTC,2013-12-11
1534,1406873540099,2014-08-01 02:12:20 UTC,2014-08-01
1535,1405379715013,2014-07-14 19:15:15 UTC,2014-07-14
1536,1334640701923,2012-04-17 01:31:41 UTC,2012-04-17
1537,1410803382714,2014-09-15 13:49:42 UTC,2014-09-15
1538,1395719969473,2014-03-24 23:59:29 UTC,2014-03-24
1539,1397621719909,2014-04-16 00:15:19 UTC,2014-04-16
1540,1383765580346,2013-11-06 14:19:40 UTC,2013-11-06
1541,1397112683993,2014-04-10 02:51:23 UTC,2014-04-10
1542,1380307418849,2013-09-27 14:43:38 UTC,2013-09-27
1543,1366299382300,2013-04-18 11:36:22 UTC,2013-04-18
1544,1304543239154,2011-05-04 17:07:19 UTC,2011-05-04
1545,1382430685769,2013-10-22 04:31:25 UTC,2013-10-22
1546,1378253058604,2013-09-03 20:04:18 UTC,2013-09-03
1547,1390943985358,2014-01-28 16:19:45 UTC,2014-01-28
1548,1380878121530,2013-10-04 05:15:21 UTC,2013-10-04
1549,1377702403198,2013-08-28 11:06:43 UTC,2013-08-28
1550,1395444674332,2014-03-21 19:31:14 UTC,2014-03-21
1551,1367883542075,2013-05-06 19:39:02 UTC,2013-05-06
1552,1394758165243,2014-03-13 20:49:25 UTC,2014-03-13
1553,1409958011841,2014-09-05 19:00:11 UTC,2014-09-05
1554,1383886305393,2013-11-07 23:51:45 UTC,2013-11-07
1555,1406057720079,2014-07-22 15:35:20 UTC,2014-07-22
1556,1386822826897,2013-12-11 23:33:46 UTC,2013-12-11
1557,1383527628558,2013-11-03 20:13:48 UTC,2013-11-03
1558,1404763849877,2014-07-07 16:10:49 UTC,2014-07-07
1559,1381354708851,2013-10-09 17:38:28 UTC,2013-10-09
1560,1394438469341,2014-03-10 04:01:09 UTC,2014-03-10
1561,1317850811856,2011-10-05 17:40:11 UTC,2011-10-05
1562,1371515301609,2013-06-17 20:28:21 UTC,2013-06-17
1563,1389783523050,2014-01-15 05:58:43 UTC,2014-01-15
1564,1410561447505,2014-09-12 18:37:27 UTC,2014-09-12
1565,1399494741113,2014-05-07 16:32:21 UTC,2014-05-07
1566,1381632070121,2013-10-12 22:41:10 UTC,2013-10-12
1567,1339523426777,2012-06-12 13:50:26 UTC,2012-06-12
1568,1403652276918,2014-06-24 19:24:36 UTC,2014-06-24
1569,1409839282824,2014-09-04 10:01:22 UTC,2014-09-04
1570,1406056318467,2014-07-22 15:11:58 UTC,2014-07-22
1571,1396059368439,2014-03-28 22:16:08 UTC,2014-03-28
1572,1396938047497,2014-04-08 02:20:47 UTC,2014-04-08
1573,1375201746540,2013-07-30 12:29:06 UTC,2013-07-30
1574,1405886904655,2014-07-20 16:08:24 UTC,2014-07-20
1575,1387566423605,2013-12-20 14:07:03 UTC,2013-12-20
1576,1399852189763,2014-05-11 19:49:49 UTC,2014-05-11
1577,1385417303705,2013-11-25 17:08:23 UTC,2013-11-25
1578,1379630884271,2013-09-19 18:48:04 UTC,2013-09-19
1579,1410375452299,2014-09-10 14:57:32 UTC,2014-09-10
1580,1399931208299,2014-05-12 17:46:48 UTC,2014-05-12
1581,1383179841520,2013-10-30 20:37:21 UTC,2013-10-30
1582,1383781377955,2013-11-06 18:42:57 UTC,2013-11-06
1583,1386847842214,2013-12-12 06:30:42 UTC,2013-12-12
1584,1381194539737,2013-10-07 21:08:59 UTC,2013-10-07
1585,1384905857506,2013-11-19 19:04:17 UTC,2013-11-19
1586,1373475770403,2013-07-10 13:02:50 UTC,2013-07-10
1587,1380258132710,2013-09-27 01:02:12 UTC,2013-09-27
1588,1351151139467,2012-10-25 03:45:39 UTC,2012-10-25
1589,1384463539950,2013-11-14 16:12:19 UTC,2013-11-14
1590,1320168748650,2011-11-01 13:32:28 UTC,2011-11-01
1591,1407518280099,2014-08-08 13:18:00 UTC,2014-08-08
1592,1378488370966,2013-09-06 13:26:10 UTC,2013-09-06
1593,1392205974095,2014-02-12 06:52:54 UTC,2014-02-12
1594,1388791625822,2014-01-03 18:27:05 UTC,2014-01-03
1595,1402527898885,2014-06-11 19:04:58 UTC,2014-06-11
1596,1409962360764,2014-09-05 20:12:40 UTC,2014-09-05
1597,1401843346580,2014-06-03 20:55:46 UTC,2014-06-03
1598,1380987350722,2013-10-05 11:35:50 UTC,2013-10-05
1599,1378414056232,2013-09-05 16:47:36 UTC,2013-09-05
1600,1386026816516,2013-12-02 18:26:56 UTC,2013-12-02
1601,1378292902539,2013-09-04 07:08:22 UTC,2013-09-04
1602,1365787693314,2013-04-12 13:28:13 UTC,2013-04-12
1603,1376980295539,2013-08-20 02:31:35 UTC,2013-08-20
1604,1396519568449,2014-04-03 06:06:08 UTC,2014-04-03
1605,1410823278366,2014-09-15 19:21:18 UTC,2014-09-15
1606,1382345718294,2013-10-21 04:55:18 UTC,2013-10-21
1607,1408670348580,2014-08-21 21:19:08 UTC,2014-08-21
1608,1385091260365,2013-11-21 22:34:20 UTC,2013-11-21
1609,1381779524762,2013-10-14 15:38:44 UTC,2013-10-14
1610,1403760652130,2014-06-26 01:30:52 UTC,2014-06-26
1611,1343745127465,2012-07-31 10:32:07 UTC,2012-07-31
1612,1370311791372,2013-06-03 22:09:51 UTC,2013-06-03
1613,1390450424347,2014-01-22 23:13:44 UTC,2014-01-22
1614,1404920346003,2014-07-09 11:39:06 UTC,2014-07-09
1615,1313628639410,2011-08-17 20:50:39 UTC,2011-08-17
1616,1389239013157,2014-01-08 22:43:33 UTC,2014-01-08
1617,1297887662816,2011-02-16 15:21:02 UTC,2011-02-16
1618,1396486338422,2014-04-02 20:52:18 UTC,2014-04-02
1619,1396992645436,2014-04-08 17:30:45 UTC,2014-04-08
1620,1382630261086,2013-10-24 11:57:41 UTC,2013-10-24
1621,1381097141909,2013-10-06 18:05:41 UTC,2013-10-06
1622,1407927053435,2014-08-13 06:50:53 UTC,2014-08-13
1623,1376507765390,2013-08-14 15:16:05 UTC,2013-08-14
1624,1354513099034,2012-12-03 00:38:19 UTC,2012-12-03
1625,1338389089120,2012-05-30 10:44:49 UTC,2012-05-30
1626,1404338355171,2014-07-02 17:59:15 UTC,2014-07-02
1627,1408665246631,2014-08-21 19:54:06 UTC,2014-08-21
1628,1384982253090,2013-11-20 16:17:33 UTC,2013-11-20
1629,1387502358463,2013-12-19 20:19:18 UTC,2013-12-19
1630,1401760351817,2014-06-02 21:52:31 UTC,2014-06-02
1631,1401298272180,2014-05-28 13:31:12 UTC,2014-05-28
1632,1398170253479,2014-04-22 08:37:33 UTC,2014-04-22
1633,1326179880616,2012-01-10 02:18:00 UTC,2012-01-10
1634,1376430850976,2013-08-13 17:54:10 UTC,2013-08-13
1635,1382560371462,2013-10-23 16:32:51 UTC,2013-10-23
1636,1385460645376,2013-11-26 05:10:45 UTC,2013-11-26
1637,1341836222953,2012-07-09 08:17:02 UTC,2012-07-09
1638,1401326982588,2014-05-28 21:29:42 UTC,2014-05-28
1639,1392095377853,2014-02-11 00:09:37 UTC,2014-02-11
1640,1393542995042,2014-02-27 18:16:35 UTC,2014-02-27
1641,1405034621135,2014-07-10 19:23:41 UTC,2014-07-10
1642,1407390126159,2014-08-07 01:42:06 UTC,2014-08-07
1643,1407396298284,2014-08-07 03:24:58 UTC,2014-08-07
1644,1382545476785,2013-10-23 12:24:36 UTC,2013-10-23
1645,1382054115239,2013-10-17 19:55:15 UTC,2013-10-17
1646,1369088144459,2013-05-20 18:15:44 UTC,2013-05-20
1647,1402596999051,2014-06-12 14:16:39 UTC,2014-06-12
1648,1371768002186,2013-06-20 18:40:02 UTC,2013-06-20
1649,1384909974676,2013-11-19 20:12:54 UTC,2013-11-19
1650,1390253691918,2014-01-20 16:34:51 UTC,2014-01-20
1651,1390274688060,2014-01-20 22:24:48 UTC,2014-01-20
1652,1410822233472,2014-09-15 19:03:53 UTC,2014-09-15
1653,1322613865692,2011-11-29 19:44:25 UTC,2011-11-29
1654,1374096980468,2013-07-17 17:36:20 UTC,2013-07-17
1655,1379365254946,2013-09-16 17:00:54 UTC,2013-09-16
1656,1409183059351,2014-08-27 19:44:19 UTC,2014-08-27
1657,1398991605060,2014-05-01 20:46:45 UTC,2014-05-01
1658,1377808575663,2013-08-29 16:36:15 UTC,2013-08-29
1659,1409116992032,2014-08-27 01:23:12 UTC,2014-08-27
1660,1408750801986,2014-08-22 19:40:01 UTC,2014-08-22
1661,1400103734781,2014-05-14 17:42:14 UTC,2014-05-14
1662,1401467234913,2014-05-30 12:27:14 UTC,2014-05-30
1663,1410020422012,2014-09-06 12:20:22 UTC,2014-09-06
1664,1374771042927,2013-07-25 12:50:42 UTC,2013-07-25
1665,1396589861844,2014-04-04 01:37:41 UTC,2014-04-04
1666,1394140077675,2014-03-06 16:07:57 UTC,2014-03-06
1667,1381863553430,2013-10-15 14:59:13 UTC,2013-10-15
1668,1410217488502,2014-09-08 19:04:48 UTC,2014-09-08
1669,1342151470807,2012-07-12 23:51:10 UTC,2012-07-12
1670,1377127756764,2013-08-21 19:29:16 UTC,2013-08-21
1671,1373962544381,2013-07-16 04:15:44 UTC,2013-07-16
1672,1372749758115,2013-07-02 03:22:38 UTC,2013-07-02
1673,1365600359119,2013-04-10 09:25:59 UTC,2013-04-10
1674,1392072707166,2014-02-10 17:51:47 UTC,2014-02-10
1675,1384326643036,2013-11-13 02:10:43 UTC,2013-11-13
1676,1400221776646,2014-05-16 02:29:36 UTC,2014-05-16
1677,1359443107427,2013-01-29 02:05:07 UTC,2013-01-29
1678,1386631540423,2013-12-09 18:25:40 UTC,2013-12-09
1679,1375809541707,2013-08-06 13:19:01 UTC,2013-08-06
1680,1381017266650,2013-10-05 19:54:26 UTC,2013-10-05
1681,1385417092220,2013-11-25 17:04:52 UTC,2013-11-25
1682,1400029818613,2014-05-13 21:10:18 UTC,2014-05-13
1683,1368434685666,2013-05-13 04:44:45 UTC,2013-05-13
1684,1392624219746,2014-02-17 03:03:39 UTC,2014-02-17
1685,1398192191325,2014-04-22 14:43:11 UTC,2014-04-22
1686,1397024461074,2014-04-09 02:21:01 UTC,2014-04-09
1687,1408661023350,2014-08-21 18:43:43 UTC,2014-08-21
1688,1378775301972,2013-09-09 21:08:21 UTC,2013-09-09
1689,1387231213740,2013-12-16 17:00:13 UTC,2013-12-16
1690,1402352554776,2014-06-09 18:22:34 UTC,2014-06-09
1691,1396560995536,2014-04-03 17:36:35 UTC,2014-04-03
1692,1248743095774,2009-07-27 21:04:55 UTC,2009-07-27
1693,1373399201211,2013-07-09 15:46:41 UTC,2013-07-09
1694,1397764062773,2014-04-17 15:47:42 UTC,2014-04-17
1695,1406018840248,2014-07-22 04:47:20 UTC,2014-07-22
1696,1407873991695,2014-08-12 16:06:31 UTC,2014-08-12
1697,1382676274538,2013-10-25 00:44:34 UTC,2013-10-25
1698,1386557490363,2013-12-08 21:51:30 UTC,2013-12-08
1699,1365784584266,2013-04-12 12:36:24 UTC,2013-04-12
1700,1410504501813,2014-09-12 02:48:21 UTC,2014-09-12
1701,1394454872499,2014-03-10 08:34:32 UTC,2014-03-10
1702,1398205676251,2014-04-22 18:27:56 UTC,2014-04-22
1703,1393241433163,2014-02-24 06:30:33 UTC,2014-02-24
1704,1367819315334,2013-05-06 01:48:35 UTC,2013-05-06
1705,1394675853755,2014-03-12 21:57:33 UTC,2014-03-12
1706,1389398094996,2014-01-10 18:54:54 UTC,2014-01-10
1707,1400481103172,2014-05-19 02:31:43 UTC,2014-05-19
1708,1373375275440,2013-07-09 09:07:55 UTC,2013-07-09
1709,1397510580016,2014-04-14 17:23:00 UTC,2014-04-14
1710,1398115220476,2014-04-21 17:20:20 UTC,2014-04-21
1711,1409351384123,2014-08-29 18:29:44 UTC,2014-08-29
1712,1394219517323,2014-03-07 14:11:57 UTC,2014-03-07
1713,1339609940136,2012-06-13 13:52:20 UTC,2012-06-13
1714,1372438336530,2013-06-28 12:52:16 UTC,2013-06-28
1715,1407350860368,2014-08-06 14:47:40 UTC,2014-08-06
1716,1398981248634,2014-05-01 17:54:08 UTC,2014-05-01
1717,1394197801443,2014-03-07 08:10:01 UTC,2014-03-07
1718,1396588385802,2014-04-04 01:13:05 UTC,2014-04-04
1719,1394094540295,2014-03-06 03:29:00 UTC,2014-03-06
1720,1375819557545,2013-08-06 16:05:57 UTC,2013-08-06
1721,1399950144671,2014-05-12 23:02:24 UTC,2014-05-12
1722,1406679954140,2014-07-29 20:25:54 UTC,2014-07-29
1723,1410560252314,2014-09-12 18:17:32 UTC,2014-09-12
1724,1381707309442,2013-10-13 19:35:09 UTC,2013-10-13
1725,1405581751766,2014-07-17 03:22:31 UTC,2014-07-17
1726,1407533108065,2014-08-08 17:25:08 UTC,2014-08-08
1727,1391728907296,2014-02-06 18:21:47 UTC,2014-02-06
1728,1410419443104,2014-09-11 03:10:43 UTC,2014-09-11
1729,1380935053466,2013-10-04 21:04:13 UTC,2013-10-04
1730,1399580370052,2014-05-08 16:19:30 UTC,2014-05-08
1731,1396308527737,2014-03-31 19:28:47 UTC,2014-03-31
1732,1406044605651,2014-07-22 11:56:45 UTC,2014-07-22
1733,1268349833335,2010-03-11 18:23:53 UTC,2010-03-11
1734,1397593402237,2014-04-15 16:23:22 UTC,2014-04-15
1735,1392634493566,2014-02-17 05:54:53 UTC,2014-02-17
1736,1382932229098,2013-10-27 23:50:29 UTC,2013-10-27
1737,1406066793223,2014-07-22 18:06:33 UTC,2014-07-22
1738,1402459579823,2014-06-11 00:06:19 UTC,2014-06-11
1739,1369846707295,2013-05-29 12:58:27 UTC,2013-05-29
1740,1332650620926,2012-03-25 00:43:40 UTC,2012-03-25
1741,1391203829918,2014-01-31 16:30:29 UTC,2014-01-31
1742,1402088043906,2014-06-06 16:54:03 UTC,2014-06-06
1743,1360345143892,2013-02-08 12:39:03 UTC,2013-02-08
1744,1387507793827,2013-12-19 21:49:53 UTC,2013-12-19
1745,1392279442651,2014-02-13 03:17:22 UTC,2014-02-13
1746,1383015550479,2013-10-28 22:59:10 UTC,2013-10-28
1747,1374223856915,2013-07-19 04:50:56 UTC,2013-07-19
1748,1391611425775,2014-02-05 09:43:45 UTC,2014-02-05
1749,1396304203741,2014-03-31 18:16:43 UTC,2014-03-31
1750,1404770795418,2014-07-07 18:06:35 UTC,2014-07-07
1751,1384504318879,2013-11-15 03:31:58 UTC,2013-11-15
1752,1382467384051,2013-10-22 14:43:04 UTC,2013-10-22
1753,1393960632105,2014-03-04 14:17:12 UTC,2014-03-04
1754,1405469593204,2014-07-15 20:13:13 UTC,2014-07-15
1755,1390509343875,2014-01-23 15:35:43 UTC,2014-01-23
1756,1401781630710,2014-06-03 03:47:10 UTC,2014-06-03
1757,1394342290390,2014-03-09 00:18:10 UTC,2014-03-09
1758,1378926737278,2013-09-11 15:12:17 UTC,2013-09-11
1759,1407869648555,2014-08-12 14:54:08 UTC,2014-08-12
1760,1367825257356,2013-05-06 03:27:37 UTC,2013-05-06
1761,1374700100104,2013-07-24 17:08:20 UTC,2013-07-24
1762,1405563922107,2014-07-16 22:25:22 UTC,2014-07-16
1763,1391106942758,2014-01-30 13:35:42 UTC,2014-01-30
1764,1403285910899,2014-06-20 13:38:30 UTC,2014-06-20
1765,1389227347988,2014-01-08 19:29:07 UTC,2014-01-08
1766,1396655794826,2014-04-04 19:56:34 UTC,2014-04-04
1767,1396069242071,2014-03-29 01:00:42 UTC,2014-03-29
1768,1378744596934,2013-09-09 12:36:36 UTC,2013-09-09
1769,1396653371614,2014-04-04 19:16:11 UTC,2014-04-04
1770,1407483288149,2014-08-08 03:34:48 UTC,2014-08-08
1771,1408153971146,2014-08-15 21:52:51 UTC,2014-08-15
1772,1367259945331,2013-04-29 14:25:45 UTC,2013-04-29
1773,1389236072395,2014-01-08 21:54:32 UTC,2014-01-08
1774,1400518478262,2014-05-19 12:54:38 UTC,2014-05-19
1775,1396789275390,2014-04-06 09:01:15 UTC,2014-04-06
1776,1386118377133,2013-12-03 19:52:57 UTC,2013-12-03
1777,1370894455801,2013-06-10 16:00:55 UTC,2013-06-10
1778,1384007894568,2013-11-09 09:38:14 UTC,2013-11-09
1779,1331647605215,2012-03-13 10:06:45 UTC,2012-03-13
1780,1403299685456,2014-06-20 17:28:05 UTC,2014-06-20
1781,1390449930171,2014-01-22 23:05:30 UTC,2014-01-22
1782,1375908407672,2013-08-07 16:46:47 UTC,2013-08-07
1783,1281713760221,2010-08-13 11:36:00 UTC,2010-08-13
1784,1380646334135,2013-10-01 12:52:14 UTC,2013-10-01
1785,1386806616640,2013-12-11 19:03:36 UTC,2013-12-11
1786,1365167653903,2013-04-05 09:14:13 UTC,2013-04-05
1787,1376285033223,2013-08-12 01:23:53 UTC,2013-08-12
1788,1408676436152,2014-08-21 23:00:36 UTC,2014-08-21
1789,1359072521497,2013-01-24 19:08:41 UTC,2013-01-24
1790,1405716693378,2014-07-18 16:51:33 UTC,2014-07-18
1791,1409027344625,2014-08-26 00:29:04 UTC,2014-08-26
1792,1369986314519,2013-05-31 03:45:14 UTC,2013-05-31
1793,1363690436659,2013-03-19 06:53:56 UTC,2013-03-19
1794,1377049561747,2013-08-20 21:46:01 UTC,2013-08-20
1795,1410792304677,2014-09-15 10:45:04 UTC,2014-09-15
1796,1388955921808,2014-01-05 16:05:21 UTC,2014-01-05
1797,1390934450429,2014-01-28 13:40:50 UTC,2014-01-28
1798,1390756228583,2014-01-26 12:10:28 UTC,2014-01-26
1799,1394661038277,2014-03-12 17:50:38 UTC,2014-03-12
1800,1380702680802,2013-10-02 04:31:20 UTC,2013-10-02
1801,1339610555824,2012-06-13 14:02:35 UTC,2012-06-13
1802,1384459413629,2013-11-14 15:03:33 UTC,2013-11-14
1803,1346979660530,2012-09-06 21:01:00 UTC,2012-09-06
1804,1380318433588,2013-09-27 17:47:13 UTC,2013-09-27
1805,1382129502389,2013-10-18 16:51:42 UTC,2013-10-18
1806,1409871123860,2014-09-04 18:52:03 UTC,2014-09-04
1807,1356719214796,2012-12-28 13:26:54 UTC,2012-12-28
1808,1409135047505,2014-08-27 06:24:07 UTC,2014-08-27
1809,1380822823469,2013-10-03 13:53:43 UTC,2013-10-03
1810,1408160686911,2014-08-15 23:44:46 UTC,2014-08-15
1811,1397068080744,2014-04-09 14:28:00 UTC,2014-04-09
1812,1402404213464,2014-06-10 08:43:33 UTC,2014-06-10
1813,1378976415203,2013-09-12 05:00:15 UTC,2013-09-12
1814,1405469936340,2014-07-15 20:18:56 UTC,2014-07-15
1815,1398146990161,2014-04-22 02:09:50 UTC,2014-04-22
1816,1400812523968,2014-05-22 22:35:23 UTC,2014-05-22
1817,1386711724316,2013-12-10 16:42:04 UTC,2013-12-10
1818,1382364619916,2013-10-21 10:10:19 UTC,2013-10-21
1819,1387839999707,2013-12-23 18:06:39 UTC,2013-12-23
1820,1298966384959,2011-03-01 02:59:44 UTC,2011-03-01
1821,1385969714723,2013-12-02 02:35:14 UTC,2013-12-02
1822,1388711353206,2014-01-02 20:09:13 UTC,2014-01-02
1823,1388011409860,2013-12-25 17:43:29 UTC,2013-12-25
1824,1380873364243,2013-10-04 03:56:04 UTC,2013-10-04
1825,1379976802392,2013-09-23 18:53:22 UTC,2013-09-23
1826,1382568518734,2013-10-23 18:48:38 UTC,2013-10-23
1827,1383252807029,2013-10-31 16:53:27 UTC,2013-10-31
1828,1396896915678,2014-04-07 14:55:15 UTC,2014-04-07
1829,1390450212888,2014-01-22 23:10:12 UTC,2014-01-22
1830,1398201867225,2014-04-22 17:24:27 UTC,2014-04-22
1831,1409789133514,2014-09-03 20:05:33 UTC,2014-09-03
1832,1400103216211,2014-05-14 17:33:36 UTC,2014-05-14
1833,1389997100316,2014-01-17 17:18:20 UTC,2014-01-17
1834,1410743884456,2014-09-14 21:18:04 UTC,2014-09-14
1835,1380177599344,2013-09-26 02:39:59 UTC,2013-09-26
1836,1353364125979,2012-11-19 17:28:45 UTC,2012-11-19
1837,1408310009076,2014-08-17 17:13:29 UTC,2014-08-17
1838,1391736812393,2014-02-06 20:33:32 UTC,2014-02-06
1839,1368479342841,2013-05-13 17:09:02 UTC,2013-05-13
1840,1400177409347,2014-05-15 14:10:09 UTC,2014-05-15
1841,1382663199429,2013-10-24 21:06:39 UTC,2013-10-24
1842,1410557000898,2014-09-12 17:23:20 UTC,2014-09-12
1843,1386804938006,2013-12-11 18:35:38 UTC,2013-12-11
1844,1410199488000,2014-09-08 14:04:48 UTC,2014-09-08
1845,1373322153633,2013-07-08 18:22:33 UTC,2013-07-08
1846,1380319595194,2013-09-27 18:06:35 UTC,2013-09-27
1847,1390450625998,2014-01-22 23:17:05 UTC,2014-01-22
1848,1406797075168,2014-07-31 04:57:55 UTC,2014-07-31
1849,1395293174739,2014-03-20 01:26:14 UTC,2014-03-20
1850,1390450224489,2014-01-22 23:10:24 UTC,2014-01-22
1851,1394570910394,2014-03-11 16:48:30 UTC,2014-03-11
1852,1388129216475,2013-12-27 02:26:56 UTC,2013-12-27
1853,1391626001027,2014-02-05 13:46:41 UTC,2014-02-05
1854,1394674900964,2014-03-12 21:41:40 UTC,2014-03-12
1855,1371657954905,2013-06-19 12:05:54 UTC,2013-06-19
1856,1398204669521,2014-04-22 18:11:09 UTC,2014-04-22
1857,1395424764064,2014-03-21 13:59:24 UTC,2014-03-21
1858,1393668292696,2014-03-01 05:04:52 UTC,2014-03-01
1859,1351125483993,2012-10-24 20:38:03 UTC,2012-10-24
1860,1374709955554,2013-07-24 19:52:35 UTC,2013-07-24
1861,1401751880407,2014-06-02 19:31:20 UTC,2014-06-02
1862,1385417165164,2013-11-25 17:06:05 UTC,2013-11-25
1863,1389771255610,2014-01-15 02:34:15 UTC,2014-01-15
1864,1281593113420,2010-08-12 02:05:13 UTC,2010-08-12
1865,1383844715377,2013-11-07 12:18:35 UTC,2013-11-07
1866,1406767560709,2014-07-30 20:46:00 UTC,2014-07-30
1867,1313451928532,2011-08-15 19:45:28 UTC,2011-08-15
1868,1390370594123,2014-01-22 01:03:14 UTC,2014-01-22
1869,1405741745843,2014-07-18 23:49:05 UTC,2014-07-18
1870,1396474696854,2014-04-02 17:38:16 UTC,2014-04-02
1871,1403219565391,2014-06-19 19:12:45 UTC,2014-06-19
1872,1381584152753,2013-10-12 09:22:32 UTC,2013-10-12
1873,1376006831295,2013-08-08 20:07:11 UTC,2013-08-08
1874,1377727076541,2013-08-28 17:57:56 UTC,2013-08-28
1875,1394059059838,2014-03-05 17:37:39 UTC,2014-03-05
1876,1367255434754,2013-04-29 13:10:34 UTC,2013-04-29
1877,1402516225696,2014-06-11 15:50:25 UTC,2014-06-11
1878,1396483487002,2014-04-02 20:04:47 UTC,2014-04-02
1879,1404352522808,2014-07-02 21:55:22 UTC,2014-07-02
1880,1404186740772,2014-06-30 23:52:20 UTC,2014-06-30
1881,1389159363319,2014-01-08 00:36:03 UTC,2014-01-08
1882,1395080004622,2014-03-17 14:13:24 UTC,2014-03-17
1883,1394573838184,2014-03-11 17:37:18 UTC,2014-03-11
1884,1348106749972,2012-09-19 22:05:49 UTC,2012-09-19
1885,1363326194339,2013-03-15 01:43:14 UTC,2013-03-15
1886,1396645460762,2014-04-04 17:04:20 UTC,2014-04-04
1887,1382469996894,2013-10-22 15:26:36 UTC,2013-10-22
1888,1368726937075,2013-05-16 13:55:37 UTC,2013-05-16
1889,1407981374957,2014-08-13 21:56:14 UTC,2014-08-13
1890,1381009764581,2013-10-05 17:49:24 UTC,2013-10-05
1891,1405579674843,2014-07-17 02:47:54 UTC,2014-07-17
1892,1391414655208,2014-02-03 03:04:15 UTC,2014-02-03
1893,1387318989793,2013-12-17 17:23:09 UTC,2013-12-17
1894,1390788483243,2014-01-26 21:08:03 UTC,2014-01-26
1895,1383093322446,2013-10-29 20:35:22 UTC,2013-10-29
1896,1387457033068,2013-12-19 07:43:53 UTC,2013-12-19
1897,1403045385779,2014-06-17 18:49:45 UTC,2014-06-17
1898,1398106510406,2014-04-21 14:55:10 UTC,2014-04-21
1899,1367983939745,2013-05-07 23:32:19 UTC,2013-05-07
1900,1394450972123,2014-03-10 07:29:32 UTC,2014-03-10
1901,1406548748998,2014-07-28 07:59:08 UTC,2014-07-28
1902,1373756938926,2013-07-13 19:08:58 UTC,2013-07-13
1903,1379524543822,2013-09-18 13:15:43 UTC,2013-09-18
1904,1376078065500,2013-08-09 15:54:25 UTC,2013-08-09
1905,1404117616992,2014-06-30 04:40:16 UTC,2014-06-30
1906,1399903696828,2014-05-12 10:08:16 UTC,2014-05-12
1907,1377063622024,2013-08-21 01:40:22 UTC,2013-08-21
1908,1399064415176,2014-05-02 17:00:15 UTC,2014-05-02
1909,1394010116572,2014-03-05 04:01:56 UTC,2014-03-05
1910,1390449932749,2014-01-22 23:05:32 UTC,2014-01-22
1911,1385999485049,2013-12-02 10:51:25 UTC,2013-12-02
1912,1398159750552,2014-04-22 05:42:30 UTC,2014-04-22
1913,1394780623388,2014-03-14 03:03:43 UTC,2014-03-14
1914,1401701861089,2014-06-02 05:37:41 UTC,2014-06-02
1915,1377480943244,2013-08-25 21:35:43 UTC,2013-08-25
1916,1381885049169,2013-10-15 20:57:29 UTC,2013-10-15
1917,1376085587956,2013-08-09 17:59:47 UTC,2013-08-09
1918,1407926792407,2014-08-13 06:46:32 UTC,2014-08-13
1919,1407350361272,2014-08-06 14:39:21 UTC,2014-08-06
1920,1403495035793,2014-06-22 23:43:55 UTC,2014-06-22
1921,1382336519705,2013-10-21 02:21:59 UTC,2013-10-21
1922,1406222409409,2014-07-24 13:20:09 UTC,2014-07-24
1923,1311765868713,2011-07-27 07:24:28 UTC,2011-07-27
1924,1367203755479,2013-04-28 22:49:15 UTC,2013-04-28
1925,1400108720195,2014-05-14 19:05:20 UTC,2014-05-14
1926,1383638666689,2013-11-05 03:04:26 UTC,2013-11-05
1927,1407288773577,2014-08-05 21:32:53 UTC,2014-08-05
1928,1381954084660,2013-10-16 16:08:04 UTC,2013-10-16
1929,1408356047646,2014-08-18 06:00:47 UTC,2014-08-18
1930,1386976501286,2013-12-13 18:15:01 UTC,2013-12-13
1931,1381528572457,2013-10-11 17:56:12 UTC,2013-10-11
1932,1386977275902,2013-12-13 18:27:55 UTC,2013-12-13
1933,1379788060373,2013-09-21 14:27:40 UTC,2013-09-21
1934,1408735169038,2014-08-22 15:19:29 UTC,2014-08-22
1935,1372825627821,2013-07-03 00:27:07 UTC,2013-07-03
1936,1386210715888,2013-12-04 21:31:55 UTC,2013-12-04
1937,1384222508197,2013-11-11 21:15:08 UTC,2013-11-11
1938,1404921735889,2014-07-09 12:02:15 UTC,2014-07-09
1939,1382390811969,2013-10-21 17:26:51 UTC,2013-10-21
1940,1382945034392,2013-10-28 03:23:54 UTC,2013-10-28
1941,1389999631824,2014-01-17 18:00:31 UTC,2014-01-17
1942,1410802226046,2014-09-15 13:30:26 UTC,2014-09-15
1943,1380741304642,2013-10-02 15:15:04 UTC,2013-10-02
1944,1405119770002,2014-07-11 19:02:50 UTC,2014-07-11
1945,1362190254331,2013-03-01 21:10:54 UTC,2013-03-01
1946,1402012295996,2014-06-05 19:51:35 UTC,2014-06-05
1947,1336500575231,2012-05-08 14:09:35 UTC,2012-05-08
1948,1402972022432,2014-06-16 22:27:02 UTC,2014-06-16
1949,1385455552832,2013-11-26 03:45:52 UTC,2013-11-26
1950,1380584504187,2013-09-30 19:41:44 UTC,2013-09-30
1951,1394485323140,2014-03-10 17:02:03 UTC,2014-03-10
1952,1363892205064,2013-03-21 14:56:45 UTC,2013-03-21
1953,1400633112167,2014-05-20 20:45:12 UTC,2014-05-20
1954,1379622597113,2013-09-19 16:29:57 UTC,2013-09-19
1955,1407401729413,2014-08-07 04:55:29 UTC,2014-08-07
1956,1407885217456,2014-08-12 19:13:37 UTC,2014-08-12
1957,1370586330350,2013-06-07 02:25:30 UTC,2013-06-07
1958,1398986554419,2014-05-01 19:22:34 UTC,2014-05-01
1959,1410377597674,2014-09-10 15:33:17 UTC,2014-09-10
1960,1374178904417,2013-07-18 16:21:44 UTC,2013-07-18
1961,1342550758797,2012-07-17 14:45:58 UTC,2012-07-17
1962,1395091616557,2014-03-17 17:26:56 UTC,2014-03-17
1963,1380590951845,2013-09-30 21:29:11 UTC,2013-09-30
1964,1399341605210,2014-05-05 22:00:05 UTC,2014-05-05
1965,1389190345884,2014-01-08 09:12:25 UTC,2014-01-08
1966,1378240829764,2013-09-03 16:40:29 UTC,2013-09-03
1967,1381184718897,2013-10-07 18:25:18 UTC,2013-10-07
1968,1389843418407,2014-01-15 22:36:58 UTC,2014-01-15
1969,1366086203666,2013-04-16 00:23:23 UTC,2013-04-16
1970,1403773440052,2014-06-26 05:04:00 UTC,2014-06-26
1971,1405123322917,2014-07-11 20:02:02 UTC,2014-07-11
1972,1407446661749,2014-08-07 17:24:21 UTC,2014-08-07
1973,1394734100591,2014-03-13 14:08:20 UTC,2014-03-13
1974,1295521835935,2011-01-20 06:10:35 UTC,2011-01-20
1975,1371171836771,2013-06-13 21:03:56 UTC,2013-06-13
1976,1398356045694,2014-04-24 12:14:05 UTC,2014-04-24
1977,1390344963173,2014-01-21 17:56:03 UTC,2014-01-21
1978,1389747084665,2014-01-14 19:51:24 UTC,2014-01-14
1979,1358156224798,2013-01-14 04:37:04 UTC,2013-01-14
1980,1398446989381,2014-04-25 13:29:49 UTC,2014-04-25
1981,1372790903944,2013-07-02 14:48:23 UTC,2013-07-02
1982,1248198925498,2009-07-21 13:55:25 UTC,2009-07-21
1983,1394069101666,2014-03-05 20:25:01 UTC,2014-03-05
1984,1409671954656,2014-09-02 11:32:34 UTC,2014-09-02
1985,1349845960621,2012-10-10 01:12:40 UTC,2012-10-10
1986,1366081071033,2013-04-15 22:57:51 UTC,2013-04-15
1987,1353570835638,2012-11-22 02:53:55 UTC,2012-11-22
1988,1410813613208,2014-09-15 16:40:13 UTC,2014-09-15
1989,1377889436641,2013-08-30 15:03:56 UTC,2013-08-30
1990,1376980046389,2013-08-20 02:27:26 UTC,2013-08-20
1991,1381797199537,2013-10-14 20:33:19 UTC,2013-10-14
1992,1394646805582,2014-03-12 13:53:25 UTC,2014-03-12
1993,1400695937460,2014-05-21 14:12:17 UTC,2014-05-21
1994,1388797442982,2014-01-03 20:04:02 UTC,2014-01-03
1995,1407446371920,2014-08-07 17:19:31 UTC,2014-08-07
1996,1367379445052,2013-04-30 23:37:25 UTC,2013-04-30
