1,Bug-e181507e-c4b3-4d77-a18b-12fd288c6abe,1359412595786
1,Bug-3497b5b5-6739-4521-b1f9-62053eb7170b,1390256779883
1,Bug-78d96e21-4b7c-4026-ab36-af8b5404060a,1380943187168
1,Bug-1cd10189-2442-403c-b10d-0448e5ea98e6,1406084554628
2,Bug-15c23e1f-2461-4346-82b3-ab41c604ed0a,1386117218355
1,Bug-2e631173-65cd-4c2f-aab0-305e5d8f1c9b,1403498165119
1,Bug-bd0e3f1b-5a9a-4d00-b2ce-572c7edd7ca5,1390809400172
2,Bug-a874cb0c-a04e-4e86-a29a-d4df60e2c9c7,1395424075640
1,Bug-97f1d1d5-3a3d-4348-a2c2-50bc5c5cdb3c,1409797100449
2,Bug-e97dfbf9-bff9-4790-be24-1baa097aaa06,1402515460931
4,Bug-df37d9bd-9d87-4577-aad2-ab2a1599dff1,1403032578960
1,Bug-0c4f5470-5644-4718-b15f-9de09cf2f82b,1397174993483
2,Bug-be134c56-72c0-4cc4-8292-ed4f29722067,1364571802621
1,Bug-bafbcd31-57b6-4575-b198-e106cf6be84a,1339007696363
1,Bug-42b9bec1-d320-495c-95a5-e531a952661d,1391565722647
0,Bug-c101861f-1cf6-4cbb-b0a9-3a62ca2ee013,1390256902587
1,Bug-7efcbd1d-0340-4a9c-8bf2-8f1fa4f3eca2,1372873636795
1,Bug-900f7cc2-6887-4e91-b647-8a5377594e3f,1406597093931
1,Bug-d346041e-50cc-4be1-a7a8-6087d6069868,1368238158349
2,Bug-fef3d198-89a8-4d3c-b590-4033d66bc190,1397252305465
1,Bug-618fea53-cea2-4689-acad-6ccb0510e9ce,1383152297641
1,Bug-4bc563d5-7983-4423-9d56-b4dfe6e76571,1361568006318
4,Bug-c32e1521-fdeb-4d33-9bde-e26395d23f07,1399494984899
2,Bug-5b917dd3-165b-4d43-869c-b732b590a478,1396299479474
2,Bug-fab4d3d2-54ad-485f-a09a-b8098210cced,1383859483707
1,Bug-7acf0db6-d20a-4fd7-b70e-2e23e921692c,1395770062358
1,Bug-29f97345-3de5-4fad-80d7-7f0ac1d08bbe,1396430874794
1,Bug-b6867b9e-9755-40b5-a7d9-823e43b5aa62,1393963505404
2,Bug-dd501a2a-bc5a-4d12-ab27-3daaf7fbbc32,1344279141616
1,Bug-d5df2601-2fd5-4361-983f-23e033eb58fe,1387998606426
2,Bug-291c3c0f-e6a7-4333-8fac-f0401b4988a6,1403270092575
4,Bug-4ac543ea-ff57-485d-bebf-9b25b05221d3,1274584217724
1,Bug-4b6b54fb-7ff3-4071-bc9a-7807e15a7b5f,1410221615134
1,Bug-eea7263f-4323-4533-a018-045b57073e3c,1369727641277
1,Bug-f305b4e4-cf89-4448-98fb-d97b446837e5,1409128952662
1,Bug-cf81b8c1-7a66-4e16-b6fb-ef4a1a0791e1,1388776594304
1,Bug-54a3ed4c-eda6-4b9d-b306-fd606ef072a8,1297202900529
2,Bug-771f6aba-a307-4bde-8258-955a63bbb302,1408485875594
1,Bug-d6fec04a-d715-4342-8287-82404f758409,1371074099225
2,Bug-c7c35ec1-48f7-4d92-862f-1e7eb01c9a64,1376227503985
4,Bug-cade071a-2b32-4462-88f7-2a1e811ce8a5,1354061707042
2,Bug-977e0680-888f-4b86-a742-19d95cbf271a,1392019901180
1,Bug-5bac4f18-a792-4953-8012-420581a70eaa,1379597938065
1,Bug-164b18ae-6b8e-4497-b6f5-8c491698dcfa,1408354509770
1,Bug-008a980d-f1e9-4a1c-8a1d-1b9f5c4048d7,1375674831356
4,Bug-1bd2b81e-ab5b-4369-b8f2-4ce59d6e0d23,1372453755429
2,Bug-7b6c1fb5-8d93-4118-a281-c122f4547426,1398472272580
2,Bug-9a772550-3b5a-4f23-aae6-cd0420a15011,1403644522461
1,Bug-9fa0f384-2a30-44df-9844-4238b562fc7f,1394235527687
2,Bug-41b5e24b-e19a-4459-90d5-f48b78e7b27f,1363218455818
1,Bug-4355e130-e646-4337-a44c-2a1cc997e2d3,1380928311444
2,Bug-748b0f9d-2f5a-4376-bf78-14984696eda9,1376028971753
2,Bug-f4f45271-7c57-40ad-af4d-343c369cf995,1382751349440
0,Bug-01c9f2f6-3492-47bf-9ffa-39fa3ec1aaa9,1375629744686
1,Bug-5310863e-4a68-4e42-bbd5-85fc831a61e4,1393873064403
2,Bug-904b3ebf-c1d9-4315-b72a-ae38b28acf7a,1371081533701
4,Bug-0f4d4407-3625-4163-8266-fc96f64e657d,1379618484600
2,Bug-8d4487ae-7a10-4a18-9e32-853843586d1f,1409788381496
1,Bug-b990f2c1-016b-47ea-a997-28e9fbe70b3a,1394476919783
1,Bug-2395c262-a820-4500-844c-2a59c16f9fa3,1380725529431
2,Bug-3cb3afbf-64f0-497e-bfaa-08bcc9e5d6f9,1383963945992
2,Bug-a2239c85-fe0d-4b1a-a177-a577043a07af,1404855314422
1,Bug-9fa5ef28-dcd4-4968-8c7d-c7ebaab6c4cb,1382750706162
3,Bug-dd5f8c7a-616c-4d4c-9ab4-c14edec094cc,1403151763557
2,Bug-3c829ecb-9a50-48a1-beef-1e3db7d8fab5,1383939571543
1,Bug-44c951ea-5228-4993-a628-0e16f30ab901,1395786400744
2,Bug-d3edc391-50c7-490a-90aa-56525dc71443,1398831865545
1,Bug-3cbecd10-216e-4a99-8722-5f50d7f2a090,1399678797133
1,Bug-aac94992-3146-406d-ab14-9d5f638d57ff,1361518193218
2,Bug-36e85f73-5f3c-4c52-8000-6b1470725293,1400814704276
2,Bug-609663af-7d0f-4310-8db4-fb3d85a1338d,1339100048573
2,Bug-39164674-e6d3-471c-9808-bfba3b536057,1405466675790
1,Bug-c9117a9a-c0ec-4365-943e-7549acbcd229,1395886496937
4,Bug-02d00cfa-ddab-4ca5-93f5-cfb567362c58,1390449931871
1,Bug-65f67481-2132-4856-b03f-bdecae585d41,1372115592130
2,Bug-112928bd-65c1-4345-ae42-b2122a2e4dbb,1406835647681
2,Bug-7d93972f-9241-47b1-9fa3-7d56c89f7e90,1381989123300
4,Bug-aa210372-81bd-4989-b5a6-b549f767d7b1,1391543304898
0,Bug-ae03d4e2-c9ef-4dc6-b9c2-fbe464e289e9,1389872016924
2,Bug-a61364c4-001b-43f6-8a22-7a55e7140b8b,1387507925862
1,Bug-695acdec-4d62-45ae-8648-bf4b2b681615,1367025547633
2,Bug-dccf02f8-b126-4d6f-a683-be2fde9c897d,1364501188580
4,Bug-30e17940-426a-4595-a9d6-9c9420442340,1387832599169
0,Bug-4983a820-d4ab-49af-b7b4-fb4ad59a077a,1365783240213
2,Bug-a46e28e2-2fa1-47fb-9332-577c006b7d13,1376434596328
1,Bug-a2e61a34-06d7-4714-8f06-24382aeb9b5d,1379728284150
2,Bug-41a61d77-6721-415e-ae6c-037d39322c68,1362434537124
1,Bug-dbd112ef-3ccf-4cf6-a3e2-b52aae98a214,1407730466273
4,Bug-683c42be-7dbd-4ece-bca1-1d03959cdc98,1394690031579
1,Bug-3c540f32-9ac5-4681-a057-423ab7b81fc9,1402004812561
1,Bug-dd4d7352-2b1e-4481-83db-991f7b6c5fea,1389038721114
1,Bug-92d58ea5-9415-436e-b2cb-7214215a3a72,1364428488549
4,Bug-18b9428f-777c-4f96-9c2f-8658668289c1,1410161465582
4,Bug-6957abf1-9772-4002-bd8f-8796b50e2e92,1384392848670
1,Bug-3c1d09fc-055e-4f70-99e4-e1db85bb2d73,1384236878030
1,Bug-d45cd87a-1d1a-4675-9fb9-bb1031df945e,1398201270731
4,Bug-d468d423-57b9-4af4-9b9e-b3ce0999affe,1391768881855
1,Bug-8e532075-c0b2-491f-b673-38fc4e228173,1387507634033
2,Bug-2b2bd5b6-d944-41af-8ad8-30334de79ca3,1358865154837
1,Bug-255f8e12-85c8-43cb-b1c9-31fa3c04dd47,1394047835227
3,Bug-c5b34d90-6910-4c72-9faa-56cbb1595fee,1381278416261
2,Bug-e3ac87b7-4e81-4ba0-abb7-3e92a71aa853,1408007031077
1,Bug-398ee5c0-e723-4b29-954d-be5b09ef2508,1391751902039
2,Bug-023f5c8a-e708-40c3-bf52-fcf9f895ee64,1368642669165
1,Bug-3988db42-d559-418d-a3b5-518f64255b65,1396324208827
4,Bug-4c1c4667-e45f-4bf6-a27d-521ec4d651ba,1395277740352
4,Bug-8ac0d47b-0957-4c7e-a584-c975d74abeb2,1355659806950
4,Bug-ebe88e64-8b1d-4747-a454-d42ff53c6320,1403891137538
4,Bug-63da1188-d60f-4344-9ba3-1d9eb4cfa30a,1405450795919
1,Bug-258a87e6-2fe6-43c6-8870-66755f0c4388,1386171060432
2,Bug-4469dec1-1801-4ddc-9c04-c9c12145056c,1389128742361
1,Bug-e589f1ac-9e83-4578-addd-4fb64bd91424,1390618459815
2,Bug-2a140870-0f37-480f-8d7f-834c24b857eb,1386198232258
1,Bug-4565e183-6f7a-46fa-a2e0-6af478e556fd,1374001410413
2,Bug-aa5745a9-bc0e-4920-af20-727b8f618ca6,1381268751002
2,Bug-687a92e8-06a2-4445-b0dc-ad4d64d8c583,1409260149398
2,Bug-e881d890-4d13-4bc2-990e-60354e8a0542,1358837515890
1,Bug-9f15670c-3471-4fe8-bf59-e42316e4db88,1376603159693
2,Bug-58627216-2636-4300-8f4d-d7ef114ac092,1402880962134
1,Bug-a7a17e34-d023-4aae-a4a6-78e70181b0fa,1406840960380
2,Bug-23011296-148a-4389-9e40-53293d8b2902,1354212696173
4,Bug-361fae31-41a8-411f-886b-bbc74167c432,1377063502121
2,Bug-4615261a-0aa2-4a91-b6ad-19f4ea6069da,1410557529341
1,Bug-c4f63aba-ff3e-4ff9-abbb-9125a5ab4131,1394818311863
2,Bug-4e118dd0-35ef-44dc-b5fb-c4ac6cd5bcc0,1382949903328
5,Bug-153f980b-cf75-4486-823f-9aa6f250fbe0,1395703109583
2,Bug-0542ce3f-ec4f-4c69-9920-0932105023b7,1337262932395
2,Bug-dd537c2f-0930-46a0-8c61-8785d171532f,1397681894363
1,Bug-4afaf06f-9389-4607-9fa0-dfecff8523de,1407405534041
2,Bug-9cac8758-6b30-426c-bb9f-93e1605c9a62,1396501459890
1,Bug-1bcf2bac-1f96-4ddb-adc4-e3a31eb5b7f9,1373999593386
2,Bug-b3a0a801-3aed-47d3-8feb-fe994c1092fe,1363272914658
3,Bug-211ba62e-06c7-4603-a43d-84fef54245de,1399472999211
1,Bug-801d0438-33aa-484b-9836-76e76e2632a6,1394172965478
2,Bug-0d491a76-617a-4b51-b452-f42bb682aa34,1397155120316
1,Bug-5bdb09da-75e0-422e-b59c-10f02b7b90c8,1403050182983
2,Bug-aba830d2-7b89-4fa4-9acd-587f464f44a5,1386024012348
1,Bug-77411eea-4c1b-46a0-be74-27d6066e3373,1393724955933
1,Bug-3c5122ba-8857-4395-a3aa-2b55e53e5a68,1379019504603
1,Bug-4b0f8064-f82a-4db9-b33c-e973d5f2e6c0,1380134108439
2,Bug-4d7cc946-60c0-4e8d-abbf-9c39f0bf92b2,1393724219871
1,Bug-8f47fd3e-36d0-4f63-a9e6-58cdcd7d3c51,1393876357024
4,Bug-6ade092a-bcfd-4df0-863b-7517103d629b,1406834488256
2,Bug-cfddd445-9ee8-4b1e-98f0-4295ba523dc0,1381181444795
1,Bug-5a73289a-c4a6-4a07-9162-b9be994c36bc,1407372256279
2,Bug-b27b3572-3d0b-4ce2-a3e2-88ce7953fa20,1364282919457
2,Bug-768d68d8-2a4d-4d5a-a290-8d8f73453d62,1375248634846
4,Bug-f79df45e-ca6b-47ed-99ac-6b12f6b4746c,1396128398423
2,Bug-582ffa7e-549e-47f9-8662-17a43a0422d4,1294176741944
2,Bug-d8f2786d-3f14-4930-aaf3-8eec61ac043e,1375775446263
4,Bug-143e4919-7970-4d82-8a1b-5d027faf47e1,1400477294071
4,Bug-18ef75d6-ba60-462c-ae6b-59fa5b0c8cb0,1407283107452
0,Bug-0b806ac7-854d-4d14-af23-e04cc1c5e86f,1386627267441
1,Bug-b61933eb-d1e0-40fd-a781-b225e0f1b2c5,1381187523578
4,Bug-8fa9dab0-89f7-4f1a-8140-9f1e01723510,1394824400238
2,Bug-9aeb765e-269c-4486-9541-2eb48ebf8acb,1404748853052
4,Bug-402f1566-0862-4875-9b88-9ced7e08104c,1400542885822
4,Bug-c70ea6e6-9c28-4639-a5a0-879e7af26437,1391837672374
4,Bug-957098a4-ddd5-4fd0-9365-1dcb3da9e3fe,1403892194826
1,Bug-87166302-a7e6-4763-89bb-0db95e2671af,1381797259067
1,Bug-99c6d351-2cf3-43bb-bed1-6ffcaf4b6034,1394849395738
1,Bug-de25ffb5-dfc0-4bc9-b2a3-726229d92221,1410489065547
1,Bug-fdb2b80a-4a4b-4a51-9d4f-8d2aca178f39,1368210808871
4,Bug-d2cc3307-1e30-46c7-a3ad-2b8f2dcaa67f,1395433477539
1,Bug-e8b0c161-ddf7-482f-b76a-a34430794925,1386124690635
1,Bug-086e70c8-bdb4-4561-8542-ca4bc418ac75,1408416236135
3,Bug-08872c05-f462-478b-bfc1-cb17ec1b17e9,1387493854303
2,Bug-924f6997-29e5-4683-8e69-0a63c20ff6ee,1382512157067
0,Bug-0c78cb4d-a428-4994-b2c3-67eed9a4e28d,1398985303431
2,Bug-96c5f0b4-04af-464c-a0fc-75bd7bf2fed2,1385478834808
2,Bug-456f9757-180c-4268-991f-3735e07651d8,1380269219551
2,Bug-8bc4544c-bc11-4ab5-8393-f6175cdc224d,1380312582579
2,Bug-06d26ffa-350b-4fd0-a101-6a7880dc5ab6,1394488336911
2,Bug-49332fb5-beac-4bef-a9f0-a5063f5e15fa,1331837582813
2,Bug-7fcad857-ce0d-4e25-98eb-7423ff6a1c0e,1400607753452
2,Bug-5d7dd976-5c37-483e-a55a-3dfdd2456138,1399284656767
1,Bug-15483881-c497-406b-8fb7-98996821bd00,1397102948024
1,Bug-bec595d6-39f2-4586-871c-cb495e7bcdde,1300199561644
4,Bug-58c3ae4c-2d4e-48ad-a552-edfea4f0e0b3,1409097251780
5,Bug-a67f8024-d438-41c3-a0a7-4820c1db1501,1398970620356
1,Bug-8515a795-8e71-4255-bdfb-5af17837eb73,1387207342649
2,Bug-2b5346e0-2094-421d-8f9b-245b3e2757c6,1358209567982
4,Bug-89669004-2974-4e3e-b71a-c13ddaf215f0,1389834178858
2,Bug-ff0b74e9-ea44-4ed2-ad58-ba367e1b6581,1375329104853
2,Bug-357ff341-d708-4eb1-b78a-dd726fe0287d,1380232356670
4,Bug-4e6a6fe3-e5ae-433d-b620-36695bb71f8c,1404415098152
2,Bug-6f5dc9f5-304f-41e7-af26-671511975299,1403286856820
1,Bug-86437544-4def-4e7b-ab29-9e4e79577874,1394750065159
2,Bug-3d6005df-c355-4701-8d9d-5150a461e260,1366601218831
2,Bug-a7639c6c-1a39-4090-9b4e-dd7c45d537bc,1394231215614
2,Bug-523f3f58-a412-4309-87dd-cb2edcba06de,1394834606295
5,Bug-55a07717-12ce-4e0a-892f-dd91bf6787a2,1407803226143
2,Bug-4802ab34-1ff3-4366-9303-bc16266b874d,1389223961682
1,Bug-bec6c977-fe89-40bc-a82a-d09ad4306067,1365701353861
2,Bug-aa83f8f4-9242-4808-a6ac-0ada11dc04d8,1409239953382
4,Bug-05b5d387-ea93-433a-928c-d60a8207ca44,1394874613781
1,Bug-1058803b-b1a5-44f5-b8a5-79baa5f958a0,1408481705627
1,Bug-b3b79a00-bd27-4ab4-ab61-a91e56ffb120,1389763130904
4,Bug-7f066a65-97ea-4ec9-8208-524c43401d6d,1388687817111
1,Bug-652586db-4fdb-4165-b782-2d866eaade8f,1408565677294
2,Bug-8ff69680-7544-4e85-bc68-34b4df1033c4,1382678191449
4,Bug-4abe0403-0335-4745-b12b-5b671aaaeb44,1386568768261
2,Bug-b38b95a6-12e1-4c65-aba9-45428fbaac1d,1390256591044
5,Bug-f1bfbd80-5a78-4c8e-ba9b-dd0c266cd8b7,1224714383553
2,Bug-4369e2f4-2fb9-4142-ae2e-8e62e5846347,1369439236560
2,Bug-a639ec01-f23c-45ac-8733-07ba76c48581,1410547652955
1,Bug-27ac0f5d-c3a8-4233-ba22-29a0d2578a5b,1395799165117
2,Bug-8d51a565-a101-4c29-a134-2ca3aa39a161,1385165917488
1,Bug-c75d9c2e-e565-4628-bcf1-87385d539762,1390493420708
2,Bug-6f4c2898-9fb0-488d-902b-c41b9c6842d1,1406160267809
4,Bug-351613ad-d8fc-4cc2-a234-472d69b8dca1,1347489605891
2,Bug-78669e9f-a8eb-4bc2-9f37-0b7187ccc886,1384383705654
2,Bug-22d02ee9-1404-4640-a448-9185d66e5f0a,1390908853511
1,Bug-bab853b3-75c7-4694-b579-ac0df7c9b2df,1362857517762
1,Bug-013d8957-332c-46ad-93b0-de1663d968b4,1376354176630
2,Bug-35fd9b29-9bc2-4e31-aa5c-83a1e2625f61,1409569363409
3,Bug-23a110e2-834d-4234-8557-0d7d918359af,1408072333426
2,Bug-21ee94b2-4bdf-465f-8b2f-b1b68aac3c77,1357872259869
2,Bug-aed89c46-38aa-4ac0-a72b-32d882b2127a,1407787371663
3,Bug-bf4f6ccc-c116-4440-9606-d9d6d1029f44,1395804051692
2,Bug-1a39b53c-84d4-47df-9d5a-504a659d1852,1402536079023
1,Bug-d8167751-824b-4f63-a3c4-3b5c47e5b8ab,1397150209821
1,Bug-51690a2d-edcd-4e32-afa8-f11e6175de75,1401732816010
2,Bug-61b92270-a939-4a4d-a521-71ee4fa07e53,1371002832738
1,Bug-07d22a9c-0453-4ef6-a3cf-441cc1185cae,1404857546612
2,Bug-473bad40-69f9-496d-829e-6c231c6d85e2,1398291932923
2,Bug-b33979d7-6448-4d56-9e69-73cbb5caf94f,1410582771882
1,Bug-c9b466c7-9ae2-41b2-ba96-f379722c780e,1375137016564
4,Bug-20c3a0f5-cbbf-4b80-baec-24c6129765ab,1395775753037
1,Bug-72df3e4c-8cdd-4e06-bbd2-265b50577db8,1376530607534
1,Bug-57099bda-71bd-482f-9f3e-69caaa056966,1407778487450
2,Bug-cd08c52f-6cc8-4918-af5b-8ebbbca68bdf,1384816061691
4,Bug-1db0fbf0-fb3f-4cd2-9efc-aed4cfa12b4c,1398726523413
1,Bug-57ad0f82-6c42-4814-96d9-4041290aacd0,1375729300614
1,Bug-941d5ca3-0dd9-4434-b938-3a5ba26432b4,1409095403184
2,Bug-5def4c5e-6bb3-4b26-892a-e6d595cde1b8,1373580243481
1,Bug-12f4dcd4-dd61-4281-9e15-2db6a01243be,1367589318769
2,Bug-43de47fc-7d77-49f7-a4d3-f676eaa176cd,1396475970929
3,Bug-2e77c9b4-16d7-40b4-b1a9-3a6bd6628164,1400568466143
0,Bug-6310f416-5b05-4ec4-abe7-2c982c8fca79,1393281440763
1,Bug-ec100e4f-1ad3-4a0e-9422-3a0602175276,1370756844292
2,Bug-ae810794-a496-420f-918e-4e32e7771e8f,1351850729103
1,Bug-c5a92e20-6a3f-4e51-8090-e46cc6839564,1373480291830
5,Bug-dc7c29be-bfe0-45ec-9792-59fceaf363f3,1375489022679
1,Bug-79c22203-d0b2-4f38-8c29-5e05d96a4c15,1409694828736
2,Bug-4f4d04ba-f2b1-4b61-a091-3ce4ae66d658,1386857570893
2,Bug-0371bb98-12d4-443f-b7d9-c94c5937f08a,1393450416669
1,Bug-d7b9209c-4032-45b4-9735-ea19beeea617,1393492162612
1,Bug-1e5f06e4-7373-4d1d-955e-754b0bd7f46b,1363239766363
1,Bug-9a96e0a5-f68a-4347-ac85-0dee29ff3ad2,1393989376141
1,Bug-f1273edc-7e6f-492d-9829-c1597096dbc8,1402096307402
4,Bug-273b041a-2e4b-495e-9ff4-57515a4823c3,1409888169805
4,Bug-f3fe8ac7-e76f-4902-870b-93d6c224045a,1323140273343
1,Bug-8e800d34-37e9-4628-9de5-0aa88d00889d,1374711320895
1,Bug-22d585c3-8f4e-453d-a588-91331cc0e1af,1385592475285
1,Bug-b576c44b-4428-4fb4-9d4c-2fda128c5622,1391517460098
1,Bug-abab37b3-949a-42ab-8cc9-55fe9f9f72c6,1373759834213
1,Bug-2923a47f-ceb5-4167-8faa-00266b46d546,1391471187782
2,Bug-d80d6263-45ae-4ff8-91d2-b0ff2d926803,1385428757416
1,Bug-3b4013df-6834-46f6-b4ea-fabe549c3227,1400183526401
1,Bug-c5922af3-40e4-4db6-a9d8-9bd45f30e4ed,1348506767161
1,Bug-2b14242d-5de7-4aa5-a847-95466b8be57c,1401499730236
2,Bug-b861156d-fc8f-4ed1-8668-9b4d9cbc3d99,1382574754289
4,Bug-eb94fc1e-0bf6-4bad-8151-43eea4792d61,1379995928376
2,Bug-08530ea8-1fe3-445d-bf07-3179ef9c482c,1382939555404
2,Bug-0e1a5aac-2b86-46b7-8aff-0ea7b9f1c8bf,1402444132297
4,Bug-91cb0b7e-f26c-4b2a-a1a7-01aadcf3100d,1399368534977
1,Bug-36e6c07e-6b58-4ce6-bb60-0a911fd6eaf7,1382044095321
2,Bug-7a8617a6-dcfa-4b65-8d16-d0ba668ac59a,1320713845039
4,Bug-a56894fb-9452-41c4-bc38-965da15214ee,1376493989591
2,Bug-14eaee7f-53e9-4945-a267-0c31a352dd2f,1402357111731
1,Bug-a5505c40-a5f2-4a94-b7d5-cc19f4e90658,1402078063659
1,Bug-79c3b0f1-363e-41bd-ba89-d6d312951648,1381828803787
1,Bug-91ce1184-efb7-42af-849d-ec1c2c9930aa,1386647171922
4,Bug-51fb6949-8e8d-43a9-85d9-95bd67889af5,1399108849466
1,Bug-8c3b42e6-36e6-464a-b89d-5f04783fb657,1394646212908
4,Bug-b7e2de7c-16ec-46fc-9e8f-d98d3092b652,1383804823911
2,Bug-14e090da-3dab-44aa-a44f-2705213f7394,1360012314236
1,Bug-6cf72e49-b9f4-483c-b73b-4c3edc0df6c5,1225751981642
1,Bug-3dc687df-9c8b-4e4a-9d91-7bb4f75b60c6,1409568310606
2,Bug-3ccd8327-59e9-43e8-b526-6c30ea3ee0c6,1378608288650
2,Bug-f98f1003-8a78-43a2-bdcc-cf23b722b842,1396293138842
2,Bug-fbebbc16-1839-42af-a323-6ea76c6247da,1371601669269
1,Bug-9186b6a8-26fc-4476-9ec0-e51f4f3976c5,1405048459091
2,Bug-98ebf037-f6fd-4f63-b3a6-8cf79906f280,1379572874697
1,Bug-d31d66c2-2c19-4288-8242-cc7cf7221986,1410845640914
1,Bug-e8f5664b-f2e7-49a8-8d5c-21d124fffde9,1382982401013
2,Bug-a70dd55a-9a82-41dc-8414-534bdb62755b,1397175146648
1,Bug-0b581584-a5d4-468d-bd4e-91da295422e1,1383819095368
1,Bug-7fe8f8a1-cc28-4731-b39a-f0f713e6700a,1367981552922
1,Bug-bfe2c313-35fb-4729-a70b-4c987efea6a8,1376441406070
4,Bug-80bb78a1-5710-48dc-84df-0497a20e9ce1,1406532463278
2,Bug-97f97262-f801-490f-b0c4-2083b3e856cc,1379907474679
4,Bug-1133b775-006a-4049-9b84-796ac386e0ea,1383680495682
1,Bug-b651f9a1-0f58-411b-90ec-8a707b22d2c0,1380325361457
1,Bug-0f4c8298-374d-4eea-ae3d-7b88182300e9,1409292158418
2,Bug-010d9d26-8ad5-4593-9ace-4674b4dcf952,1391571980311
5,Bug-09008b6e-2bb8-4b21-b824-f81919e35094,1393018284130
4,Bug-2001b71a-51a8-4474-b643-6ab37773fdcd,1367627147979
1,Bug-333eba42-8675-4cba-b502-df3a72ab261d,1372824767752
4,Bug-8627a5dc-9e39-4d05-827d-ef2168f9b4ab,1381097327610
1,Bug-17947393-ca8e-40b2-988a-00b69242ec21,1380692425042
4,Bug-a6850815-1785-495c-aa4e-ffd43c0211c9,1375294845966
2,Bug-94efa3c0-9e0a-4659-8188-b0c268ab3a9b,1373654174664
2,Bug-882cfbd0-f152-42ee-81a3-f02c6b8a83d6,1399080809540
2,Bug-1e8f2ce1-f94f-4f75-bdcd-12b819b97a03,1367090862120
4,Bug-7e2f27fb-3588-4469-9fa7-09ccf3757a4b,1313140054113
4,Bug-91d827c2-1e7c-424a-bdfb-50d83dca9a60,1395949895983
2,Bug-0c9401ef-e7e0-4a47-8fc7-071aa9328152,1369100645412
2,Bug-2797203d-8643-4542-b6df-aef84895c473,1379398565008
4,Bug-a1431b83-087f-46ee-a0ea-462232fb5d49,1365797867410
2,Bug-0fe28765-2f31-447d-97f4-6efa862b3a26,1366739157445
2,Bug-8748ed60-7df1-4eaf-8efb-5e6f68dde7d7,1392081651994
2,Bug-a2892b68-7aa8-4503-97f7-49a45b71c5af,1394570311151
1,Bug-7af6046c-c673-4260-b528-3cbc2b9c7172,1374544183601
3,Bug-158b0087-b981-44b0-a847-4848235e6f7a,1409733391023
1,Bug-ca49c17e-4eb8-4d0e-8cc1-971a075381a5,1393375965233
2,Bug-566d2099-8517-4c3c-b94f-60ce3d6ea830,1220562975596
4,Bug-578b2352-76c8-4044-8f96-2a80edb3bcda,1336499491898
1,Bug-a1f04293-32c9-44b2-96e6-06083792e7fe,1402090455590
2,Bug-1fe4ddad-3c9c-46c4-af27-71d8fca6966d,1396995943714
4,Bug-ff1d1d05-7550-4c66-b102-80b7b88c6ed8,1401987401825
1,Bug-b6986818-7981-470a-8f61-49812039503f,1370931640797
4,Bug-69eeb353-6518-4dfd-b58a-4f90a365539a,1373412106166
4,Bug-474e922c-eaa0-4a05-b5ac-2121092271ab,1392291718449
4,Bug-dad4d35b-a512-4706-abfe-e4d0f93f029c,1386628556586
2,Bug-ab67d019-8ecc-4c21-b078-2b8c53f2fdc1,1304163033677
2,Bug-db339b26-08f6-409d-8466-7e8d610a7ee2,1409665192796
2,Bug-f30aebef-1b45-4218-b278-a304416f2f9c,1335516931311
1,Bug-17b9c617-6f19-44fb-8aff-d326106a6522,1394735949496
2,Bug-d0ff3536-c48a-4896-bf5d-1bb2e5dfeaf8,1366835740762
1,Bug-7b09b3b4-ea57-4310-bb53-84609311dff2,1393525125372
0,Bug-7de66863-98a4-49b5-888f-411b591c7a1a,1409347140637
1,Bug-ba26f1a4-0f65-4b9e-9c07-3f91896e3c10,1406241044139
2,Bug-6517be54-d2bc-4cc5-8093-e8967094d236,1385496224528
2,Bug-9ea02e59-ef3d-4ebd-a2c9-5e165ae45241,1403899630767
1,Bug-2f6d8175-760f-47f5-b86f-e8309ff7f0f4,1367589901158
4,Bug-ffae6c0c-f848-4069-9466-117b5a539fed,1405144119990
1,Bug-b473d59f-4c15-4867-962e-357a4815d83c,1399918909368
1,Bug-a3bcf06b-8c69-48f8-bb15-8120cd3d8595,1386809034227
1,Bug-4a6e02d5-9e2d-42fd-9d0d-306f5dd2afa8,1378174967946
2,Bug-5eff3283-4334-4d5b-88fb-d5ab72736abe,1387802376454
2,Bug-8edd47d2-0fb3-4ffe-a9a6-bc51eae352cb,1396495418207
1,Bug-af23b06b-f58a-4673-b8dd-b6d3e05d265f,1394074426389
4,Bug-a858a415-1398-4c7a-9446-0ff04b5ec5b0,1394495974985
1,Bug-a11ce7ee-a0b1-4162-8b4e-75d0cbfc0e6d,1384816486289
2,Bug-eac06483-e0a3-464d-b617-e6f198af700f,1350443887183
1,Bug-50d11ab5-29bd-4ce2-8802-d8830e6a8ebf,1395271095293
0,Bug-b05aee3d-a8f3-463b-85e2-662b42b6736e,1381202323843
2,Bug-8709f19f-ed11-4be2-87bf-680a172c2bbe,1386190381631
2,Bug-074643a3-4257-4762-8682-bd5eded8a890,1353962272678
2,Bug-6b7adcc2-e994-46a0-ac03-139cb55f872a,1385665571193
1,Bug-ab1d8bfe-a98e-4da2-832d-b2d23b3330d8,1386746519615
1,Bug-b373e2cb-2d2a-446a-a2a3-bb1e7cbd79dd,1366755958856
4,Bug-413baec3-69c5-4a8a-a33a-7ecd6966beef,1398361725809
2,Bug-e71ce6b3-702a-46b4-9eec-ee97cb666f5a,1398815343439
3,Bug-0b92fe99-7589-45ef-a981-c2dea305c356,1376152505267
1,Bug-2232a53b-3c84-490f-a6cd-82a998389e28,1402889074785
2,Bug-adacdc33-ff4d-4ab4-8237-4953070d14a0,1363899204262
1,Bug-0fe60aca-90e1-48f1-bb31-982db23a3e8d,1394489083701
2,Bug-98ff4d08-e14e-4891-8472-39d82ef53c2b,1408755518594
2,Bug-d99ee615-97b2-4c3e-add7-5a71f17cb480,1398209225280
1,Bug-1149ac66-fe34-40aa-9296-8323997fe008,1368478125529
1,Bug-29f64d25-36ca-4af0-a8d5-1776ad6d2502,1405465269623
1,Bug-48b250e0-8efd-4e00-888b-013496b7b9ce,1364515532613
4,Bug-d9a2439c-7b95-4a8b-8c18-c3254eaa822a,1371752093825
4,Bug-125feaa6-9e57-45f0-864e-93af31e1419c,1393631990503
0,Bug-0b5d4cba-8659-48aa-bdd4-9d72a901b7fd,1391587698356
1,Bug-364e7d02-f8bf-4881-904e-1cf298c5c420,1383333828263
2,Bug-1729a28d-728d-4263-9515-a0302c81975a,1395910534373
2,Bug-b7e166e1-9464-4cb6-a23f-9a01f1303cbf,1382996752958
5,Bug-8e5ce13d-dc9d-49ac-92c3-7a4ba4b6590e,1398210473148
2,Bug-76e2276c-0c21-4648-b5bc-1e6c3d7c8ba3,1400026892377
1,Bug-31f53179-8848-494d-914b-a11f459dc72e,1379724100087
1,Bug-897ae3b0-7120-4c3a-8700-176733bf78d9,1398378820317
1,Bug-7a07f208-a68e-4eee-afc9-39ac3d69084a,1408574107439
0,Bug-b6fa1ab6-0a33-490c-9ddb-d908f1a28082,1396460976484
1,Bug-8ace1c80-35cc-4f2d-b33c-0a098bc6a230,1380844631641
2,Bug-8b7f5542-b1f3-4497-a9ea-a1e218d58e68,1405469284142
1,Bug-fb4f0c93-87f3-4a2c-b806-525e17e10713,1372810691190
0,Bug-15917cda-4841-4ef7-9f8f-1dfebfa7542f,1396515721566
2,Bug-61ad8112-c3f9-4ecd-a996-1cd599212f0b,1370430361275
4,Bug-4a85d354-d77f-4af0-a261-6313b6dd56d1,1376445150960
1,Bug-71301980-e2b5-422d-b0f4-3071a7c3104e,1381859112928
5,Bug-2b0c0efc-4e35-4c95-8fc6-e8bea7977d84,1395430007244
2,Bug-72e7b6e7-053c-49b4-8cf7-4938e9cc11d6,1381855852307
3,Bug-63c92001-2019-4b23-904a-eed64cc3f73d,1381355236277
1,Bug-b1fdb0f2-8d55-4c08-b81d-239a2b737ea2,1410567620758
4,Bug-b88c938f-91f5-432c-bd41-82b28d9b0124,1392364802072
2,Bug-78617785-39f6-4819-a38d-207786f9bda8,1388630813259
3,Bug-c3b4bce7-c0a0-4712-a4c1-b35a50297bac,1380739895728
3,Bug-d3ca9f74-f147-4c00-9056-a231d48d11ee,1387334267844
1,Bug-5f0a3182-f87a-4781-ba19-300b6185d3d3,1408429556630
1,Bug-817de60f-77db-4c59-9783-dafbedbc2e0e,1336775111145
1,Bug-2816cb00-daae-4b9a-ad18-dbb28a8c2d28,1379651789581
0,Bug-d83e39a6-91df-4af5-b746-b02d9b1ed4a8,1403835916171
1,Bug-547bdc3f-ef5c-44a2-9ca3-fe1898ff9540,1381357304111
4,Bug-50623519-6f77-4800-848f-6f5a94ee039f,1394776707265
2,Bug-57c043ac-ae27-41f0-ab2a-a5f7658db09e,1407727910061
1,Bug-b8cd30b9-51a7-4286-a050-f3a1cff25f6e,1394657953521
2,Bug-18f4b691-7176-45a6-b78c-a763ee52dd69,1375174045073
2,Bug-b640e7cc-2168-4339-aad7-9c0ad5d5f6e2,1390449982933
1,Bug-6bbf0ee5-dea7-4e86-9785-175f47d3970f,1391638448507
2,Bug-22c49106-96bb-4750-ba44-93a73aa0f694,1394431733294
2,Bug-d732a876-1bac-46d3-83d4-76c6ea357dc6,1390376604721
1,Bug-e9e36488-d185-46af-9760-902f2f3cdca6,1385495761636
2,Bug-f63cb75a-3674-4c04-8ce1-78a9ee2abae8,1368597476353
1,Bug-52382ff0-2de8-4c52-9631-ed69330d65bf,1392624114088
1,Bug-a9d5ce67-886f-4a13-b58b-eb06066cbed9,1400185546847
4,Bug-26f88a31-e8ca-4ccf-9990-0a972ab3170d,1410263273347
1,Bug-8454ab0e-6ce0-425e-a61f-7f512ee504ca,1409619996483
1,Bug-625156d6-985e-41ec-9ad3-fa9caa45c917,1378457021449
2,Bug-660e68b2-ca51-4c8b-8930-8272de3565de,1377043642634
4,Bug-b758604a-c1f2-4e23-bd5e-bfb4ba563016,1378882127277
1,Bug-4986ace7-21c4-4d76-a1ef-8829e9b8193d,1386028300793
2,Bug-63df6c46-9799-4ab1-8b11-5ff61d4b5efa,1371459723128
1,Bug-cf618e00-c301-44ca-b8a4-702729270236,1375337340304
2,Bug-be68ad4a-b137-41a4-b4e5-9d1f8734197a,1396924240944
1,Bug-b4b2bb91-debe-412d-8b40-195ecab1a97a,1399405010665
2,Bug-e7d484e5-2658-4d1f-b4c9-37550f5a07c8,1327480207629
2,Bug-e9e13f60-282f-46ba-80f3-7868ccc9781e,1407117192660
1,Bug-937d4bdd-0069-455d-8a48-50975a96a2ce,1396472064650
1,Bug-8c892956-0728-4a48-a916-fa000849e44b,1383085049286
1,Bug-329eafa7-a640-48b0-893c-da43e3ec68ae,1396470986528
1,Bug-551f4cf3-777d-4678-b609-c62c4603b2ee,1365187751375
4,Bug-546f8f86-8ff9-4243-907a-e4f421f28bfc,1381708187919
2,Bug-ada33cab-61bf-4d5f-bfbf-6ee79b10820b,1364803409786
2,Bug-2b919a7f-c6a2-4e66-a026-884041a557a1,1350202251856
2,Bug-4fb7453f-89bf-4b69-bd37-64418644d977,1382503261316
5,Bug-25f31181-98ac-46d5-87ea-af68b1558b7d,1368809781166
3,Bug-a52958a4-9395-460a-88e3-1554ae10d3ec,1352357966901
5,Bug-0bd3a7e9-9d18-4268-985d-5fcb947fcf66,1397592390073
2,Bug-371540d4-3836-404f-aa9c-4a1d83018017,1401382158390
1,Bug-178c37f2-3162-4340-854b-049fa16d9d4c,1403286567246
2,Bug-71a4867f-2918-405b-9399-6cff49925d43,1405330938302
3,Bug-c14c30e0-971a-412a-b59b-a4b621abc4a2,1408687451799
1,Bug-806bb150-c6fa-4bf4-9bdb-1039142fdf37,1410382123603
1,Bug-e6607cdb-8f3f-4920-9df1-2055d8b6877b,1382575278522
1,Bug-d956e915-6728-49ae-803d-7641f94218a1,1404254530806
2,Bug-7a3817c3-6583-4661-977e-f9bf1ff2faba,1394284970044
1,Bug-314fb5b7-08c7-4b70-a62a-dc6ba114cc4c,1394073658649
4,Bug-f982abbb-ec18-4b32-9183-e704bbb6bc49,1395336029534
1,Bug-b8a4c216-c051-4e3b-9867-0583e2dcff6a,1370752611106
4,Bug-52744416-c10f-4a85-ae2f-ed29fe93cea7,1401258679819
5,Bug-26c3e9af-388e-4442-9ed9-8968050714f9,1386641309660
4,Bug-d388ce22-ed1f-4f45-80ba-746bc6ea60aa,1373753856510
2,Bug-2f0ec494-7218-42e8-824c-67a2addde0e5,1384850563449
4,Bug-c16e10df-4a4f-486a-b502-5c5df324b7c3,1388993422003
4,Bug-12faf538-d713-4807-a14f-0e48cf755531,1372224835910
2,Bug-6130795a-b210-46a7-b808-b4667d395629,1410292224602
4,Bug-88b39967-dd8b-4959-bf24-c0da8f04c659,1394647247859
4,Bug-e711d276-7e40-4195-997d-38416b33a31a,1374251829699
2,Bug-14725939-a0a4-4ee4-aa29-9b0c07523efd,1400977842117
3,Bug-92b493b5-e496-4484-bcd9-5ca8768ba17e,1408591589661
2,Bug-50676ac8-3918-47b8-bcda-45bb9e7d0252,1363249005319
2,Bug-c2331578-115a-4257-b28b-980bebc7f24f,1379021172954
2,Bug-c83829e7-f975-42fa-b730-f2e1e823e7c9,1387577912424
1,Bug-0157e5a9-ba3a-485c-9c87-83acb7120f51,1367623686146
4,Bug-ffbc67c4-ca4c-454c-90a3-ae472e001d37,1366922899616
1,Bug-facf2f1f-b622-4f10-ac37-afed3049cb66,1408766842354
2,Bug-f28d398d-dd4c-45bd-a1a8-1c2abbe8685d,1389307756091
2,Bug-fb305422-1196-4c35-8a54-5c07a3ef555e,1408161301846
4,Bug-7e0a3662-c012-4129-9a8d-628c91517f9d,1393977527366
1,Bug-b75570b4-74e6-471e-ab13-fe2ff21bd0f5,1400546214774
0,Bug-fbd14651-2e60-4c5d-ae22-23c954a4a827,1373946591888
0,Bug-03b3fa7a-5971-4e3c-a85a-85298d8742d1,1397517550237
2,Bug-22955689-a45c-45ad-a1c4-df6c03a6199d,1368581150958
5,Bug-9a386b51-bd1a-406e-ba2b-0465e8969180,1396486212360
5,Bug-add81615-cb4f-49ac-b1f7-32a6609ce2c9,1381460205565
2,Bug-b89e2cdd-889a-42bf-8e04-96b5ce86fc86,1383553990544
1,Bug-e4434342-3400-452c-80eb-972be9791228,1393574161512
2,Bug-c6bee06a-c337-4010-81da-242cd99ae542,1318932504547
2,Bug-6078fa3c-680f-47e2-89c2-b4275ff76834,1378800550987
4,Bug-10edaac2-baad-4c90-b4c9-17f5adc1d632,1407378114989
2,Bug-1494c6df-516c-48bf-a3e1-bd3cb74037e9,1402673470737
3,Bug-e11f68c0-21f7-47de-a503-3941fb04c516,1390993512250
1,Bug-195422e1-2bfc-4134-b0ac-76ca7ac6d6f0,1375487227384
2,Bug-43998e50-413e-4cf8-a765-9a7299acaec3,1375604797529
2,Bug-6459f767-95da-4d56-bde4-d8cd0dcd8340,1401557979069
2,Bug-30986607-934b-43be-96df-99439576bd80,1380771344074
0,Bug-a2066313-f51f-4cbf-90c5-29be8a04c8e9,1380988005016
1,Bug-56c19f89-5ddb-47c8-b819-710f753f5bd0,1408407715613
2,Bug-b4fd8865-f594-49ba-87b7-fd56ed1c3ef3,1396650129234
4,Bug-734c4712-a80e-4516-bcf1-a49270708758,1381953721123
2,Bug-a813c001-b1fe-489d-8fc6-a15ef88a4798,1401492062586
5,Bug-c9f61c8c-74c9-4a5e-aaea-79c007376d77,1407988726333
1,Bug-60c6d7d9-98e9-44a4-a6ae-c52b5f548d67,1384365866919
2,Bug-b92f1e24-835f-4802-a1ff-90894be066b3,1300454649398
0,Bug-55b4716a-92db-4e65-8c2e-be9a0ed43e22,1394499791897
5,Bug-61976db0-c9c4-4301-9ca3-e8072ac38851,1392143152546
0,Bug-e45ac300-060a-4b1f-84bd-ab858a32a678,1410558277987
1,Bug-17bd6087-90a2-4c64-b2f7-fcf7d89eb6a7,1372220443432
1,Bug-ea74f867-d7f5-4a78-816c-59f1886953af,1380233421742
1,Bug-210b0389-5621-4d2f-8669-0679f65ec162,1380689961053
1,Bug-a0f5fb23-c929-4c33-a17a-8d25837a666c,1394036903462
4,Bug-13c87f2c-6517-40aa-ae78-06bbbfbe9641,1345094430000
2,Bug-dd46d66e-1da7-49ba-870d-84bc8992cf4c,1405446777927
2,Bug-9f25c1d7-1590-4910-8d5a-2c26445ee45a,1396893334135
1,Bug-8934edd9-da02-4903-a21f-1f64dd5c1542,1410387083669
5,Bug-9d36e932-34e6-423e-bcc5-044212286f4f,1367549953455
2,Bug-7f258d79-0ce8-41c4-a416-919ec5fcd941,1371234437122
2,Bug-e107230b-74ca-4003-91fe-1e11dd608d53,1390870389994
2,Bug-24d91518-8d66-4520-8e8f-f4d25502c658,1387306648643
1,Bug-e6ae9a74-c1e2-45dc-88ae-f3cbcdd5a4c5,1388792857965
1,Bug-cfcdea35-a046-4c33-b4a3-840a3dee7af7,1370537670032
1,Bug-beab1697-8625-43ee-955c-6eb17d0bd3b3,1390518737061
1,Bug-1238e6f2-cd74-45d1-87b3-c7fadcd18939,1384469612714
2,Bug-78ea1f4c-53b1-469e-a919-b5ad49547c21,1366400581985
2,Bug-ba9fcdc9-2939-498d-abc4-058e7dc97896,1407269422087
2,Bug-8adaa4c3-7f34-4f19-bf3e-4c3af0680e9b,1389390068068
2,Bug-9e6b57ff-5ca3-4991-8b43-bd60ee220bd6,1378398688063
4,Bug-7d11f334-ec1c-4604-8df3-f0ba9dcced80,1379963410656
1,Bug-d588d62d-df5a-4cb6-9b32-0c762422a0b5,1387282360333
1,Bug-e9e8219a-c25a-43ee-a176-b59c7b114da7,1385520519478
2,Bug-b39c527e-6bda-4764-825c-d5f2efb49884,1398733436579
2,Bug-0cb1c419-db63-4dc6-9ffd-e2c20a4956c8,1368984097528
3,Bug-67d35f3a-14d5-40aa-9c0a-e257d41ec823,1383177803599
1,Bug-aee2f5d5-b624-4080-8556-e601b15e848e,1376774701812
2,Bug-b3b0cc9d-8ff8-4579-9ee3-bafe936991c7,1409844216113
2,Bug-f8ba396c-e384-4d48-acf3-7c0d38edbdf2,1406577853874
0,Bug-fd009170-2e21-4a2d-92dc-2008e441b735,1380692986526
2,Bug-c6f166d0-3401-4a18-9789-8d5ff25af7a4,1365731533813
4,Bug-03e853e4-f587-4891-803c-fb71306f9b2f,1373999694100
1,Bug-98cfcdb0-e745-4d56-97a8-3b995f7f1608,1407294117023
4,Bug-86a94b8d-c2b4-4efd-8c63-84426a7df40e,1369767404641
3,Bug-6a382a83-a332-427c-a4e0-92dca935ad08,1402490933650
1,Bug-b5e2d8cf-3349-48cb-adee-26745050c25a,1394668239301
1,Bug-393bbacb-5395-452f-a1e7-e54b326e7eea,1410376707363
1,Bug-50a4dcb1-daac-46eb-b661-1b32f1fe0355,1395089530094
2,Bug-99211f8f-bf57-4940-91a2-f07ae9505f2b,1390376264825
5,Bug-31abb8d8-fb06-452e-ab13-bfc0d34677e8,1400105567923
1,Bug-18b92410-ff01-4e91-aa6b-8b0cfd7d2a8a,1367447959177
1,Bug-47981b8e-2f9b-4dbd-89eb-210b168c5aff,1409759748035
1,Bug-d5f885de-d106-4efd-91d0-30206ba76c05,1397173049557
2,Bug-769a53de-f849-4e29-af88-963f7ef10e1b,1378330614621
2,Bug-2496a97b-02d7-418f-ae9f-dc7340fed3f7,1382994416341
2,Bug-7375808d-5b10-488b-87e7-03b4c1cbbd5a,1380231591174
2,Bug-02c56453-f236-4ee9-b968-82959cf7fafd,1297658691927
1,Bug-6b783855-6136-4137-baa5-06dccfabf4db,1379701823614
4,Bug-75d5fd34-49ac-4592-9125-5c66eb2bcde9,1407834742321
1,Bug-e9b95459-d346-4d90-ad6b-0dd661d419f4,1410829875968
3,Bug-211ac96d-95c3-4db1-be9c-8d50f74f1c93,1403560345682
2,Bug-260a3c8b-ca85-42cc-9632-ad171ecf0ee5,1343194264187
4,Bug-f141afb6-264e-4f65-8191-d8333ff8d0da,1384912884461
1,Bug-41929161-a016-437c-9a1f-5607ac3ab8bc,1366269712708
1,Bug-acd2669a-a5f5-4be8-b474-fee5f3ae8b49,1397040994553
4,Bug-f82568d4-ff70-4a05-b57e-a60bf1e68329,1397094681949
2,Bug-7148727a-3f27-447a-bc9a-9b61a6fd5fde,1359681049521
1,Bug-60d65a63-94ba-429c-99f5-888ae368671d,1395090988921
2,Bug-117389d3-09ec-442c-8b02-d3c990d9407e,1407542709525
2,Bug-09a3cbc5-819d-4d1d-9aa4-197955a9c751,1354691619373
2,Bug-79c2bf64-f223-4e54-befc-a9ccba87b856,1385448175641
2,Bug-de26d5bb-65f6-4bd8-a6be-a900a9040abc,1397540287673
1,Bug-e0e63372-b64d-4516-b11d-4ce7a3d39dd3,1382555464472
1,Bug-06dadbc9-004e-4d65-8306-88a451b63213,1384963897518
4,Bug-f4e5c6ad-eb4c-4cca-8814-e232184577a5,1370909925990
1,Bug-2acdb77c-05f5-4a72-a95b-758100831b8b,1383744917847
1,Bug-50e02a5c-bfc0-4048-b570-6477dc312b20,1330040297570
1,Bug-47458ed9-61b5-4199-b981-b0747a1d0185,1383053031175
0,Bug-a4cbadcb-da69-465a-9937-5c61f438fded,1390450417835
5,Bug-12553647-e065-4a04-8e9a-bea9a41d813d,1406078718160
4,Bug-2b7c292b-65d4-4654-bdfc-20537e4b6d0c,1405728509073
4,Bug-fe095bf3-9698-4fb3-86c8-dc4933fb026f,1369272072887
3,Bug-fc14ce5f-b71f-430c-8ca7-0e7453a493ab,1406747458840
2,Bug-27b2d8f4-0522-446f-92dd-46cbdcb119b1,1381513944067
2,Bug-0a2ebbab-225c-403e-a74d-3259e1ab8019,1383333577343
2,Bug-0360b208-dfe7-4301-9501-a4555f76a2b8,1397261839707
1,Bug-8bfe960f-af21-4851-a23f-60b1d9b62fa7,1373406847151
1,Bug-0a6acab5-0d9d-45b4-a0d9-542da1edd5c5,1396742307234
2,Bug-f8af2533-c614-47e8-87e0-47b5eb820788,1410472538621
4,Bug-d5229bab-b878-4ba8-b4b0-833fc1e72622,1398720597505
1,Bug-b19ebcff-971d-413f-b9a0-095f32d25247,1381804015266
2,Bug-105f8bfd-b75b-4960-b81e-0b53eb371b4d,1380989829712
1,Bug-013a2282-a537-4384-bd2e-ac773ba6cf07,1391481726145
1,Bug-bb81f93f-0b90-41a3-9396-85c3d9333b7e,1405638519654
5,Bug-cc351c2d-f140-494b-885c-a462f2ff9c8b,1390848261439
1,Bug-e75dd7cc-99ef-41dd-8720-65d50259fe64,1378857084698
5,Bug-57e8e345-1f1f-43d5-80de-b32bd64f91ac,1376084632449
3,Bug-cca496d1-83c2-47e5-93c0-72870b75bb2b,1356741209739
1,Bug-38a86c27-8263-422b-a350-c0399be9296e,1402930882800
2,Bug-ddef9369-3752-477d-9507-cf091adcf9c7,1398800801582
1,Bug-6f832438-80ca-497a-add0-2bd39d0a02dd,1403892556502
2,Bug-f84bca16-958b-46f9-8f51-091fa8392cbe,1374771287468
2,Bug-74dbc3d6-71a2-4e20-b486-c0ab72d87611,1381269530693
5,Bug-4ee3ca97-4325-42ee-9200-439871f95646,1406243907596
3,Bug-2ee6360d-12cf-415c-a37d-392dfcab8c2a,1366006971112
5,Bug-1f99a22c-9a43-49a5-971f-24debb4234be,1378342311825
3,Bug-b17df112-1188-4d3b-a1ce-bde74e1ba105,1380747123724
1,Bug-705a182e-364e-45b3-b943-d1da0fc517bb,1398282699884
2,Bug-6dee0ed5-2a52-4163-add0-263d6bba1e62,1410810549700
2,Bug-2eae1aa0-bd27-447a-995a-33a1a526c21a,1364482582555
1,Bug-89258577-9a12-4537-a849-550d9877dbc6,1394147363810
1,Bug-47e12e1e-c8c7-4b47-9b96-26660eba0d3c,1409838764282
1,Bug-676ab100-5290-43e8-af97-863fb1da50b4,1374518079332
1,Bug-88a3ffc4-e488-45cc-8dff-f45c8cdea619,1395308121828
1,Bug-740b84d7-049d-40ba-92d7-3f4ebf5b4d50,1377542992385
2,Bug-5bd60594-3a7a-486e-b6de-408248d19aff,1390343676137
2,Bug-9f2ba530-51bf-4c9b-9df6-d83b063331f3,1391418617574
0,Bug-c4e539e4-415d-4a6a-9f8e-ee1eee4a0650,1368506274476
2,Bug-b211b6e5-e431-4a5c-9005-6f7090251c42,1399327513996
2,Bug-0674d535-981f-4fd5-a7cd-190e40c22b83,1394688449190
1,Bug-4e395351-2f70-4991-b87d-30267140063a,1375133800935
4,Bug-dc8b993d-8abe-4cf1-b42a-ceb4a274ed56,1369295081216
1,Bug-d99559ae-b2d7-43e3-8b1e-0fba6aee27eb,1355801696440
1,Bug-3d6d587c-c46c-4635-a26f-0dbdf9179340,1381907281061
4,Bug-f25f3df1-f225-458c-999f-cf539372079b,1394156946664
4,Bug-c1b4d3e9-3e63-48e8-a866-a1c26de18fd9,1390450423240
3,Bug-d6a1bac8-9120-4a45-9894-dedba8a98cff,1385498037054
2,Bug-da2311e1-6431-4838-8c80-36255e8d096f,1382133668075
2,Bug-0ddf3ce8-da7b-4ddd-b92f-4875f34c78e7,1398860222590
2,Bug-15160b34-1cef-4836-a8cc-852c1844db48,1395966765522
4,Bug-eb9e602d-6f53-4988-bc41-d378303e467c,1409963523890
2,Bug-5a9fc010-29de-4ca9-ac0f-932e43dfc48b,1340551981174
2,Bug-107b5222-6a2d-4c12-8562-ea9f004528e8,1379007894103
1,Bug-6fd8b33b-e8b3-4527-acec-7e7cd7220d61,1383076971554
1,Bug-85220a57-da66-4ea4-b1c1-eaf4e262a213,1387277468457
1,Bug-db32683d-4287-45c5-8a28-e83deb6ad695,1390522447805
2,Bug-2f5ee3c1-0c79-4e82-8738-46aeebfb4c06,1369382873113
2,Bug-bbc178ec-0015-4f54-8507-599cf1c78944,1396487639468
4,Bug-5563053d-82a0-48c7-a34c-7c3c5bd13ab2,1378952112945
1,Bug-8b49d4e1-cd90-44e2-8f63-ca10ec6fb35c,1385824756036
2,Bug-365c962c-e1b4-442e-a5fb-d760f4a25db9,1403302085850
4,Bug-72d191ce-7332-4a5c-8ac3-37b1a3545057,1404348637062
1,Bug-e967bf50-22e5-4b11-8319-c915b425be72,1403134132351
2,Bug-004cd7ad-df35-48ce-bab2-ca9154568f92,1370392202463
2,Bug-70ab8e09-60f7-40ef-b9ce-b4d7a59f4941,1395710568231
1,Bug-1163c869-bc33-4f24-bf44-88dd0b9af15c,1396050022873
1,Bug-0d226b8e-7b1a-43b8-a829-422dab45032d,1389929873280
4,Bug-8a27eaf9-dfc7-4027-a05b-1097f79ee180,1405305018631
4,Bug-5aaf2cb8-393f-4911-b90a-7f5e70877c00,1401899245665
4,Bug-183ae8f4-f92e-4ecc-9f22-561a575c56c8,1384306743559
1,Bug-2cd2aa08-e2de-4c87-a5c3-a44a5b78ec89,1387316737223
1,Bug-3c39ed67-11fa-4f7b-a55a-b8419d12b3fb,1394780847942
4,Bug-770b95cf-50d9-491d-b621-5246fb1e3f9b,1293508520684
2,Bug-c7d0fe72-e756-4558-8548-95597999e9c8,1377640879643
1,Bug-40701ec9-e5f7-49cb-b93f-3ca89011d9dc,1394493624938
1,Bug-21e3b08c-6b49-4135-b2a9-a375760699b7,1395786288607
4,Bug-664fd8dc-13eb-429f-853a-d97fdade0ff5,1337264389098
0,Bug-cfded125-75e0-46b2-aec0-657318c7bd10,1402445510084
2,Bug-95c3acf7-4c5f-47a0-92c6-778bd0932490,1378504802718
1,Bug-378744a6-1470-427e-bec6-c7023e05d3fa,1392943119788
2,Bug-362435de-e443-4655-aca6-a5cb667585a8,1387577280920
5,Bug-6b39c555-fdf5-447c-bad0-f844f582e58a,1406067856771
2,Bug-e84f34b1-1a05-4672-9946-88765642e20e,1392651603943
4,Bug-8c4b494c-5564-4cd4-ba7c-6a54d451e086,1383076792159
2,Bug-58b7ba01-1026-4943-beef-48a3a0c76f10,1403113520876
2,Bug-1e56c91c-93d5-4d34-bb5b-de79ccc912d1,1394329942072
2,Bug-5c355d95-d746-406f-8266-acb44c3579e8,1407738834556
1,Bug-2d1f7f6a-7692-40b7-8fbe-8b918d36c0e5,1376095219478
2,Bug-8daf160b-015d-4b5e-85f6-cc7e54f1af6a,1396911666307
2,Bug-3b9eb3b7-9bd6-41d6-a2cb-bbaa001a1c65,1384873952866
1,Bug-82d86078-634f-478a-bbee-eebeb8d31663,1399063824820
1,Bug-b5b01507-8bc1-4a8d-9a6b-b26318b2b888,1387507994900
4,Bug-150f7a1d-6776-4865-9e55-5f8b5aefd342,1385057255562
1,Bug-0bff8641-5202-42b6-a87e-64ba4d5dc368,1377467937322
2,Bug-12aca604-8831-479f-89f2-3318368423f2,1394825493798
1,Bug-25f06c79-69f0-400a-8db3-4b337eada7c9,1388081593038
1,Bug-4c9e2aa0-1ec4-4712-8426-1282f2e2ac48,1376524365086
2,Bug-1fd4411c-b422-49a2-83fc-3d8763bee019,1374738921608
1,Bug-08618591-2cdd-4710-8023-016a1fc16d59,1386301372558
4,Bug-294dfd49-5b3a-4962-ba9a-78c102886019,1396404454087
2,Bug-e2d34e27-08ba-4bbb-9ba1-2ceaafa8b5da,1398272724685
2,Bug-adcd4af5-8155-4e52-af7a-a025298a67c9,1342672971886
4,Bug-8891fde1-a48e-42af-a36e-6bc41a7ec948,1392769077359
2,Bug-fb56031b-d942-4f2c-8bc3-e8f4043e1052,1377896163507
1,Bug-6bc133b9-474b-4377-8e38-bef835f784a1,1400475976436
1,Bug-5f1dc9d9-0767-4828-bd6b-8b9f5822c5ec,1379986864296
1,Bug-6ab15af8-7045-4589-9350-cf8c8c5d6a96,1410376443554
3,Bug-898cdeb8-1e78-47c9-98d3-b79dadd0b140,1407309543738
3,Bug-4e1dc3cc-cfc7-4cc5-8458-9d4e8c263a99,1378288888521
2,Bug-eb124ee5-c9ed-4e5e-b2d7-84dbaaa15ff5,1389912455554
2,Bug-e37e6422-70a2-4766-b781-9a5744dc98b4,1400114857641
2,Bug-d4b1e460-52af-477e-8178-bd411b619da4,1274718773557
2,Bug-39a65ce5-cca9-4a63-953d-59d6697e6d15,1389862150461
2,Bug-7b9a12c5-dbd7-4314-ba03-3f48bac0d0e6,1361558478754
1,Bug-eaf8ea66-c556-4f51-bf55-18b59abbcbef,1392246484946
1,Bug-2bd95dcf-05f6-4b5d-a308-ebd7f65200f9,1402088167547
2,Bug-d4fcfdce-a44d-41b0-88b7-8d3b5195f8d8,1390527738647
1,Bug-0cfd1bf4-ec57-4d4c-bf0d-d1d7a6f63c9a,1360789266787
2,Bug-849062c2-5c25-4391-8887-07ac9a975983,1365791368739
1,Bug-2ce8e0f3-dde2-49ce-8415-4ae28f1954a8,1370484300442
2,Bug-8b2f76ea-9a10-40cf-827a-3a0b7caa663a,1375250624669
1,Bug-a1c071ba-d4f2-4cf0-b1b5-8fb2f965fead,1381886563513
2,Bug-f245c8e8-6045-48ca-b5b0-736f3f28e650,1319488944713
1,Bug-6b9c7851-0e8f-47d8-b53f-b577a94b007c,1370483044758
1,Bug-f87a924a-28d3-4bce-9584-a6d721ef2668,1388777229757
2,Bug-94086a82-9107-4994-bc63-3374104d1863,1396399698201
5,Bug-c2eb2e9f-315b-4429-a2c1-ad326fd48e5b,1383267836563
2,Bug-107362d6-6b09-457c-b9f7-9fed48e9b917,1386012332663
1,Bug-efa2c672-d318-4bc5-b404-412819776320,1383866443740
2,Bug-8d552857-04ad-4084-9beb-969ec3ec15c7,1398898374384
1,Bug-7fae014a-8789-4113-8c45-e49c2b480f5d,1393376407757
1,Bug-ec82cbd9-5125-4daa-80c6-5fbdf681d86a,1406702883650
0,Bug-1b700ea4-a590-4574-91d0-f27d73babeea,1391378971316
2,Bug-d94520f2-a259-421a-a5c9-cd4868bae3b6,1405964783461
1,Bug-1b2eedc1-a8aa-48ec-8753-60e5f1110500,1393980147293
2,Bug-7926fdbe-891d-40e6-9328-c94c46e1116d,1394740464212
2,Bug-b80ee0e3-dffb-45b2-b4dd-a01b7aba7964,1404918705487
2,Bug-42e63212-22d7-4029-a202-3068689f6772,1369111785523
4,Bug-8f562143-5aba-4c28-b9e6-eb1c98565c57,1399347914859
4,Bug-8f23ad2a-8bf2-4f57-b2fb-45eb63a37933,1394204459043
2,Bug-bdb5c6c0-9e3f-4389-9dee-c4fd0ebce14c,1406106358895
4,Bug-6280512f-ead1-4d29-bab8-17bdd6966043,1394734419331
2,Bug-4814df05-2e8b-4377-bf2c-02172f9f1046,1380639714628
0,Bug-f2765126-bd80-4aa6-89e1-291cf837f6b5,1393618460503
1,Bug-f4ae2114-1e3b-4a4d-b96e-80eb4a00a92d,1400272838531
1,Bug-fd8f2692-607e-4f2f-a667-16c16560d8f5,1409865709543
1,Bug-654c624f-c5b8-4cb9-8017-094f1b0d19ae,1382581482769
4,Bug-5d77c1e6-be19-4e46-b45b-ecfc1929a629,1407292401930
1,Bug-4afc416b-9119-455e-9edd-089d25d37013,1378937777730
2,Bug-a10faf9e-5198-4124-b76d-d451c41c61b7,1370024709178
3,Bug-b0949832-63f6-4a9e-ac16-d14344f377ad,1375745245002
4,Bug-3c9cd23c-68b6-4a15-be05-60994100a984,1367970415421
1,Bug-0330c9e0-0e25-4524-98ea-40cc63eb5444,1300825963258
2,Bug-9db79fe0-1ffc-40f7-a8f1-97d04da16271,1282782956435
1,Bug-3374462f-57d2-4878-8e08-90ac9a4e3745,1406599414322
2,Bug-05f3a535-b826-42a7-b54c-35ba2c43fa03,1386633317432
1,Bug-98db1db2-b044-42a2-99bd-c68c74c5602e,1406749947913
2,Bug-01ac471b-f5db-4db5-8e2a-0bf260ad3a97,1369248275347
1,Bug-c6193d3f-bd26-495f-baf6-e34df06bc5e3,1374033357741
2,Bug-25b2eea2-5a2c-4d7b-ae5e-981c4b2c7505,1345155731334
4,Bug-47187e44-4596-4363-8d4c-a08a85a8818b,1397162601635
2,Bug-1f915b78-c47c-4026-ac83-89f52770ee6e,1375387735818
5,Bug-31de3284-9070-4862-9794-d50fae9ffe12,1405142052661
2,Bug-9312d99c-966d-42b2-8fa9-1c38ce6ec752,1409959024562
5,Bug-6084cd7f-c90c-4ee7-a0cf-cceb26481ef4,1369665809762
1,Bug-1e3ff836-2b7f-422d-b01e-d8de0e4774e7,1366839153892
1,Bug-eb29af5c-f60c-461a-8479-c52f39a08a39,1327577385864
4,Bug-184e065a-daef-4b9e-bcb6-eecfe01d1e59,1409038627448
4,Bug-8f91433d-f33d-44c0-b6ca-275c2524f62f,1408635862020
1,Bug-0a05e8e5-634a-400a-aa9b-084dc004d1df,1378363913749
2,Bug-72906e32-2d9c-437e-8779-7840dc93f7fe,1397707425524
3,Bug-a2e1cb19-6a2a-4efe-b967-e059308c45b7,1397593215011
2,Bug-cb4c6abf-37f7-4f0e-81bb-4843a5d180d0,1400735084521
1,Bug-37c87a80-d053-4dec-a4d4-45727a4c704c,1368168204100
2,Bug-6aa4c146-4b69-49b2-ad77-07b15c9bced2,1396661331282
1,Bug-503b4552-eebe-4b4d-a737-f035f22286b8,1376287981508
2,Bug-aa048622-b90f-486e-9e3b-aa9993ea6159,1408592025444
0,Bug-38214398-8170-4d9b-8905-71ff40b2d04d,1364081135680
2,Bug-f72cc3bb-0e51-469e-acd6-ae899daf2e0a,1392661922434
2,Bug-fbfc2c20-2b39-40aa-bfd9-8b40f043df0a,1378517270693
1,Bug-a6fa4e74-6674-4023-968e-89b7793ba928,1381367810143
2,Bug-6cc43eb3-e4db-4b97-99e7-500808a3b88e,1409326576443
2,Bug-97ef552b-59e2-490f-8cd4-79ddf069cb16,1381083530062
4,Bug-8fde17ed-c77a-42a0-bcde-c3f8d866a6df,1399513294412
2,Bug-e983b366-aa17-40b1-9860-a3b26744f1c4,1400265240152
1,Bug-79e96aa2-43ca-49c8-b0ff-5738263fbc1c,1394143648583
2,Bug-6017d738-f4b3-4f0b-aff2-d2f00cb4f042,1397864214155
2,Bug-dc512eb5-3adf-40f6-b17a-8bc8a1c070d9,1408469702462
1,Bug-9accf0ab-b1d3-4696-be48-41992bcc9233,1399946218827
2,Bug-ebc63e77-51a9-4fff-b1e4-ad6e04f1b79c,1332736503347
2,Bug-01ddeae8-6472-4475-9090-cc9db72b1998,1266630401200
1,Bug-6caa65f0-b190-4e52-b8a7-43999d4a461b,1387827978214
1,Bug-8f9fb6a1-c2b3-47bf-a248-e27d15fba5f3,1378238234177
2,Bug-a2fd1379-e731-4246-af08-c172dce96de5,1391675151105
2,Bug-e0e19a0c-c5ef-43dd-8369-57e7634915e5,1405994147494
1,Bug-086ed2ca-f7b7-405f-bc58-74b9c62858ba,1381805116841
2,Bug-123997a6-fb47-47c6-9994-f5f2078dad71,1381183045100
1,Bug-92d92651-50ff-4a0a-9f93-853945aa5e6a,1391497752700
1,Bug-dd5f0bcd-43c3-49be-8f5b-7a494c8e9534,1393012468041
2,Bug-449f8ba9-ec01-4a11-9c0a-f064a78a60d1,1408527921161
2,Bug-85a6975b-f7a6-44d3-85aa-d1ac15164ca4,1401689679041
4,Bug-f774ff48-0595-4bb7-8b87-ce86048bf8de,1392865265226
1,Bug-c23fbae4-9672-4391-b7a9-eedb91ba34b4,1376416572730
1,Bug-0d04757d-4c02-4d9b-946b-20634f4dcc4f,1393086821947
1,Bug-3d8bf4af-d67c-4267-a2d4-e1b7256c2f62,1394654791444
2,Bug-97a28487-c26b-4780-b0fb-cad99c2a19a8,1382046125358
4,Bug-0da6d24f-247f-473f-8d24-edd6fc6eb4f3,1396342459427
4,Bug-eaa57a54-e792-473c-9583-df6c7d4bc080,1409076704809
2,Bug-20a303aa-c5f4-45fd-bad6-67a0a7d70ae5,1297179286624
1,Bug-651a7999-67c5-4be3-adb0-c5edb72ddc3a,1376943532752
2,Bug-c9d9ae4f-fbfb-4459-8d0b-99918dca8fd5,1370907086704
2,Bug-79bf4957-e3a5-4259-ace6-445b2f75a588,1396038122491
4,Bug-b86d0939-2521-49d9-b656-4b2dc1e3aa9c,1406535135110
1,Bug-6dc0cb54-1da7-416a-bb6a-2edf8710d223,1396901408634
1,Bug-8a9b9d61-5ad4-4cc8-a5ec-fd3b76ea1640,1390261462855
1,Bug-7e9d7d76-2ddf-44a9-91a5-ca656feab4c1,1406628849900
2,Bug-48e7f3d0-63e6-45b7-819c-05909f50428e,1389044934025
1,Bug-b849f0a7-a8ef-4de1-9af7-d3709994f9bc,1380067624761
1,Bug-f8076bb3-8a9e-4dc9-80a3-252781595924,1383126384000
1,Bug-052e4ee3-e0b9-46a8-8bb9-da39bafd5924,1382660585670
1,Bug-b7e56823-565b-4e41-bef5-8ea720b8d886,1376528407326
1,Bug-31292982-3186-4e03-ab98-f3a67e9f4d1d,1366968084436
4,Bug-4507b32f-273f-4368-8f70-9c093584f5c1,1406390113626
5,Bug-2b7a62f5-a9da-4307-acf9-3343422adf29,1410468066477
2,Bug-2f9e53a7-323b-46f4-8b9c-736e5d098728,1395306617669
2,Bug-283c1fd4-41b2-40e4-8417-60f6f381cdfe,1384476341073
2,Bug-861d0635-e66d-4b99-b193-1234ff08b1c3,1385572304318
4,Bug-fa858427-3550-4f22-8648-e39f5f49c711,1394092619133
1,Bug-290a3b39-a413-49e2-8649-6b252c07824c,1374027616485
1,Bug-7389bdf0-a2c5-4e6e-ac6a-a99979b1f990,1407860734710
4,Bug-b0addb87-bd2a-43b4-829e-d2b4ea26aac7,1376606747188
2,Bug-c89e6e3a-9310-412d-94f9-9dfd86f9ac5d,1391451212025
2,Bug-4e2c182b-cb45-4c56-8c54-da8169c7963a,1406866717515
1,Bug-91c167ce-4b97-42eb-95a2-6434954af001,1391390860216
2,Bug-0eb1903f-a005-4e26-b97f-3a756de86554,1397233662086
4,Bug-61fe4169-d031-4b03-be4f-553298216bd4,1383813974628
3,Bug-f2bcea2b-336a-45a3-94fd-fe557d075842,1401585321711
2,Bug-9f2c969b-5100-415e-876e-c05b5b1a6fec,1390938236059
2,Bug-504dc520-4f10-4afd-9b11-a44a4b1bf473,1372725511154
4,Bug-0c27f7c5-1956-4e9a-8646-a28451040005,1401666345889
1,Bug-9bdc28e2-6c1a-437c-a6ad-892d2971cada,1394063337779
1,Bug-7c9791dd-9df2-40fc-99d6-5bc49434bab2,1398992782441
2,Bug-876083b3-7720-4028-a290-af1776e16739,1378935896622
1,Bug-828a6223-1538-4716-84d0-9dfbb964bcff,1407437485752
5,Bug-ab84cbd4-7b38-4df1-a308-5ff7c31d814c,1373743528465
1,Bug-e417b223-660a-4683-90f6-923c50ed2774,1386573057967
1,Bug-e35e7c1d-0db9-4712-a419-b5f8118d3f99,1404778610529
1,Bug-81037ed7-aa88-4953-8b83-22675a797646,1397955639781
2,Bug-26edc815-3bb0-49cc-b2b0-d9c1a1d5eb97,1394497388500
1,Bug-18199d91-a8e5-46be-b2ae-015fc833e8cc,1383085209211
4,Bug-5796bd32-26cb-49e9-b590-49163e2e9244,1367923467158
1,Bug-efafdd87-2481-42ca-a644-12ebd114a3be,1390110822846
1,Bug-a03c84ae-6213-4f23-8e0a-141400e7d276,1390839298788
4,Bug-c448a772-f482-48d6-9c75-3a8073107b52,1379545896322
1,Bug-4dfbf35d-1501-4e38-80d0-3937c833c259,1364542145896
2,Bug-e4f86270-af6a-459e-85d2-69b68376505d,1362438774978
3,Bug-d8970e02-9a42-4ed0-989a-790b82db886f,1386820178141
2,Bug-48e46dc0-3265-42e5-8c56-d40f9b46576d,1398116507311
1,Bug-f1d4dd06-cde8-45c7-83e5-b5bc83fe3f8f,1408406997065
2,Bug-7bad26ef-08ec-490f-a59d-9c1f85e039dd,1405072930283
1,Bug-47f7bd86-60b7-458e-85d3-13cb0853f208,1398896149913
0,Bug-0895c33d-bc3c-4be2-a614-030db063abde,1364544315510
4,Bug-16ab3c74-3e4e-4b5c-b520-2687f65dbb74,1383121210014
3,Bug-ea73afb8-eaa8-4c17-9e30-349c52eb7904,1383947755597
1,Bug-6360fc01-c73b-4cc2-8dda-f249c9b63a3a,1393667151364
1,Bug-0b3b32d1-1949-4506-aa1d-6c2ab34eeda3,1394564565236
2,Bug-91a49e9f-ead3-43e9-bdba-cba4c2dd7dba,1410822672559
2,Bug-67713945-4a3e-43a5-bf6d-6964b40a176b,1386643084921
1,Bug-4a72a6a0-41c3-456a-bbe1-6bc4401aeba9,1408599898268
1,Bug-61485fd5-4f23-4f86-8be3-34a573fa6543,1375916887140
5,Bug-c2a39974-fc8a-43f3-92bc-228b48339081,1392308383588
1,Bug-afbb4fb1-4646-4bf4-a5be-6502b65cb3a9,1398789970170
1,Bug-6fb0304e-d507-4c6a-a21f-d9c16e366ec1,1394676056177
4,Bug-8801014f-1777-4169-9daa-2516218659ff,1298974744785
2,Bug-6ab68ae9-5b6e-47d8-b246-6956b9c98490,1405667900866
4,Bug-b8758a75-0203-4050-af1c-2a36118fc264,1402694321328
1,Bug-c1a0ae9c-6e34-4dba-b8ad-c0b1c5d13bdf,1334037064379
4,Bug-c91f20f3-6f30-4419-9f7c-b456b42199b1,1398877890572
0,Bug-5568a951-2c14-4978-82f2-1954e72c4e78,1381204460617
1,Bug-7bd270c6-27cc-4643-9203-b9ab352a1b62,1380735328555
2,Bug-01249869-38de-41d1-820c-703c6079c90d,1405728399077
2,Bug-2360c0e0-9ee7-4b78-8ee4-f4eedd9b3586,1389732359241
4,Bug-314cbaf9-8d95-44e8-a7b4-b5d117cf50f4,1389216572376
2,Bug-c7013f0a-cece-45af-8058-7e6e3c107c8b,1402343195374
4,Bug-fc0df8e2-c2d7-4aa6-95cd-a3d53f8ed249,1383862781201
1,Bug-9038320b-67ad-4f33-8853-d9a1a33a850e,1390449919185
2,Bug-4b9cfa91-18d7-4afd-83f1-59c9e8e0e780,1386633586773
4,Bug-b4f97737-e820-4b90-b8a1-c59e6ad3d3c9,1376506368031
4,Bug-b528ad5e-b7d9-4496-acfa-201555c5cf22,1394817763262
2,Bug-66a9ddd6-a314-4efe-bc4b-d5d27421caca,1401518911102
1,Bug-31548100-db9c-4ed7-82f1-9e70b1cca337,1381450556352
2,Bug-b28b1419-1afc-4507-8e1b-9c9de998607b,1401408222219
2,Bug-2da704cb-7548-4618-9780-91a9f798d942,1410828424577
2,Bug-759ecf11-dffe-46e3-b847-740f23cf7a6c,1399371128238
1,Bug-140a1142-3cdc-465e-a47d-b18e69966c9d,1393545451283
1,Bug-791b35ee-ea96-4811-9141-96a0c23bfda7,1382745309836
2,Bug-0f04b268-c762-4cd5-99b0-bfd7c6ced09f,1399506055983
2,Bug-3c82f3c7-5f3e-4748-b012-3508ff43be9f,1405716425955
1,Bug-7d729abd-7d25-4f78-b1b4-e93fee6a7861,1334232431089
2,Bug-1af4a2b3-c787-4195-bb54-da05099d3524,1375605353837
0,Bug-d6f83476-a5b9-44bf-81e0-09bef23a9913,1409697042073
1,Bug-096709c2-4265-4be5-8d27-eb88e2052d92,1392851053042
1,Bug-4e5e45e1-d955-41cb-9ab6-8e17d41a3b88,1381349900214
1,Bug-d85ff305-6096-4b6d-afe6-0e21c982dc24,1408574375065
1,Bug-b3fb50bd-941e-4134-b4c2-fefe5d894f70,1314728704832
1,Bug-f2e5b27c-4478-4917-a2b9-9dcf7a650d8e,1372199981226
4,Bug-9b96ba06-ec87-4cc1-a895-8aa24c5d3b7e,1364973370046
2,Bug-34221512-bb91-41b4-adc7-d51a0f47e8ab,1376451931130
4,Bug-e2b17f85-cae6-44b1-a281-5fd4e66a4908,1381184868227
2,Bug-6758e7e3-1717-4b45-987d-29e24523f845,1409299512986
0,Bug-b12a3750-737b-49e6-a794-a3a80815fd7a,1371674232988
2,Bug-e4727f80-1956-420a-a40d-b615b4259cc4,1400664647857
3,Bug-c0f630f7-59f2-479e-8e59-c338c943fad7,1401576209136
1,Bug-e83b0837-cb7a-4803-a74d-78780e020f74,1380138828962
3,Bug-7ab87adb-d7a5-41ed-ad50-943491bd1367,1395296015221
1,Bug-3b87ed00-7085-4d14-9bb9-e1d7cc605163,1367389759747
4,Bug-2f79e239-58b6-4ce9-90d4-54c5ed1b17c6,1405635031433
2,Bug-6776d5c6-c02e-466a-9126-af0f69be9a72,1378251467979
1,Bug-1e558128-7ecd-4775-a68d-caf70a03d2b4,1361496339816
0,Bug-2fc82099-9687-4e2c-8a97-16fa0ebc977f,1389157233988
2,Bug-76e0a225-16ae-432a-bda1-e0bf15b2b239,1394562513667
1,Bug-45f9fcda-c94f-4c27-a8cf-1a2e406e08d1,1393616168380
2,Bug-4b2692e2-fb6d-4713-b8f5-ed18f3fc50bd,1389261195917
3,Bug-578f12fd-0214-4abf-a36a-f709de02febc,1376434784889
4,Bug-f41d39d4-aec6-426d-be5a-ef42ec659672,1296675642955
2,Bug-68658d74-8820-4552-ae73-92a43cd2de0e,1400724852697
2,Bug-9f94d4dd-cfa7-43b9-b3cb-e6bef5fd487a,1410396672485
1,Bug-4db2f6db-9a96-4fc5-b821-f9ba987ed4ff,1386112629774
0,Bug-94d48329-963b-4df2-9a3c-58f49768e245,1381290848884
4,Bug-48b900f4-2291-4267-afde-0e94c30109ef,1396051293136
2,Bug-040e4358-bf34-4db5-91c4-65d9ecafa0e8,1402495934499
5,Bug-1b0f402d-a953-46f4-bff7-2670e9e1a665,1381442056952
4,Bug-4bcd45f9-d178-434c-b3e8-764831133e67,1385220240763
4,Bug-2f612f97-04a0-4afc-bb93-2ed5863ed176,1360882913616
4,Bug-41f8c28e-18ba-4888-b0c8-280f675598b7,1383154104945
4,Bug-cce96da2-cecf-4a3b-806c-9932df1c7db3,1408634255774
2,Bug-df6a1dd4-89b7-48fc-9e6c-e6528998a9ee,1393373807581
2,Bug-3fc5513e-5e18-4cf8-863b-5e7d52fcebff,1383243273266
2,Bug-dd3cea2c-5d6b-4836-8025-da26680c7d13,1405406745135
2,Bug-4c9414ba-b2d7-4af1-b7de-1dbc101ddbcd,1381796663245
1,Bug-86a23df6-f6d1-4cf1-bdb2-97010930d1c7,1390516925290
1,Bug-db8ba6de-7a97-48f1-bb0a-241a5bd161db,1396591204890
1,Bug-53f7fc6f-b80a-4795-a6f8-5281c21a6126,1396593505787
5,Bug-6957dea9-0fa0-4132-9fbe-ce93ac9f1bba,1370429702627
1,Bug-1bef1841-d7c7-48c6-bbbf-f46f2f793440,1410573183394
4,Bug-e55b3444-fe4a-47ea-ac87-90d97e5f4b5c,1250738057975
2,Bug-90176967-76d0-47b0-8a4d-0b612fa92932,1392447558294
1,Bug-2204b783-077b-4f72-9094-8be9869d4542,1396535127299
1,Bug-2b223fca-b795-4eac-ac75-29af23824224,1383537769390
2,Bug-5ecbeb35-3c07-4f5d-a403-dbdc0ee71636,1377062936088
4,Bug-32026f28-18c4-41e3-8c85-6615f408c75f,1382491794210
4,Bug-95e0a3fc-8513-44e2-9412-1e8d937b2858,1380161788931
2,Bug-b651670b-86bd-4ef6-9286-c6f9294286b8,1377278149096
2,Bug-039343c6-daaa-43a0-85be-74ad4bab8ccc,1367088734763
2,Bug-1f1d58b7-8d7f-4906-a89c-ea8a6ed7df5e,1368344827406
1,Bug-dbd51248-48a9-4a38-9e45-f3d9996aee90,1389848844660
4,Bug-18d6106a-a696-40c8-a3f2-2eff68fee9d3,1397556665925
1,Bug-9276ec1f-ee90-40b8-a58e-6aa2dbc57b28,1380233125194
4,Bug-1d5362f0-73ce-46b5-9f51-a405b9e3daf1,1407609104913
2,Bug-27259e14-f169-4260-9858-9b05b2b5f953,1383765645924
1,Bug-d724d46d-3ae1-4acb-88b3-cc2fc84ce21c,1340539499573
1,Bug-a27942b2-931c-460a-baf1-40bffa1244ef,1387392661826
2,Bug-bc8ae606-1846-4ec7-96f5-ace84221d1eb,1394040178638
2,Bug-e31fa698-f0d0-45f4-b9ef-c9f27cf09cb2,1386807679586
4,Bug-10a55ac5-1279-4533-a438-dab66692629d,1394818621743
1,Bug-6ca90961-ee26-4d0a-8d21-68fd41f6e8dc,1407934250357
1,Bug-171a0079-0c77-4f7a-879f-37016e3c6616,1365550126078
1,Bug-8cfec4f2-952e-4f38-acd4-c28eb2740920,1396034154091
0,Bug-aa0ec5ba-4cfd-4ca9-9a73-44fc6e263daa,1394757177849
1,Bug-cc46016f-05ae-45c9-88f6-2b44f1176016,1248307483367
2,Bug-b5563483-4e38-4769-afa8-f18249be6d2c,1394239307287
5,Bug-1091570d-dd70-4b4b-b736-9d7218a9a888,1395985576872
4,Bug-3cd7a06f-c7d2-448c-af61-a50058d45972,1368570807737
3,Bug-88597a37-35ab-4a35-b949-e9bdd20f00bd,1395967370240
4,Bug-9719b7d9-e054-43f0-bca8-9da6a39834ff,1393645168456
5,Bug-82607f96-bde9-431d-8206-e8e98ff4bf20,1384854477163
2,Bug-a993e4d3-c3eb-4526-b649-cb658034ebfb,1396048828683
1,Bug-d05c3d26-eb86-4edc-9de6-dab259f00964,1348524703367
3,Bug-b572a412-7674-4bdb-9d93-83d0b445548d,1409178300146
1,Bug-52b655a0-cabf-42e9-87d3-37f3c90958fb,1391195014576
2,Bug-ef7b0a9e-73ee-488f-97cc-c0146f465f69,1391204077906
1,Bug-43695c7b-6482-43f7-8fdc-4541fcd3dc4e,1377159811033
3,Bug-54bbef09-d2df-4e4f-80a7-f984285e3840,1382061180705
4,Bug-a224bf47-069a-471c-80bb-d53efd48c81e,1396060352664
1,Bug-13bb3f8a-e9f3-450f-8ac1-11f37871d50a,1347938655794
4,Bug-4abc40eb-9862-4c65-8c88-d8b04818866a,1382479407623
1,Bug-b39c99f7-89d6-4adc-af37-690cef2a7444,1390450425856
1,Bug-a1658aa5-2442-4946-ae0e-a0737aa5aa4d,1409709648078
2,Bug-e70d2ffb-779a-4cd1-ae9c-976630d0c123,1401759852976
2,Bug-fd94eb4d-6ded-4b4f-95e6-10994425714c,1403199655488
4,Bug-552cdfe1-fdee-4e53-b8b3-50f14b6f8f68,1394645210269
1,Bug-758c8f4f-69bf-4610-936d-36be584d6198,1376341264483
2,Bug-b4edc657-f62a-479a-9761-b45a7fe82d33,1388709926448
1,Bug-ef8295d0-125a-4f41-b466-c701fce54d11,1407116367894
4,Bug-5f7e37a5-d7a9-48cd-aeb0-b644f60a5f12,1408152006291
1,Bug-1a9f9034-7906-4f7b-bb71-ee5dd43213a0,1400087718874
2,Bug-72c1cb1e-880a-40ac-9bcd-76b9c8fdcbff,1386423131365
2,Bug-59e274bd-155e-4a17-8392-efea476119b5,1297720897502
5,Bug-4564a851-8d1b-4e48-8972-1bca176d5d36,1372719280672
2,Bug-27a5c133-1ffb-4e79-918c-b058852ac4e6,1367028298350
2,Bug-9105bd86-79cc-4ea0-a200-bda41d879bc8,1387831859761
2,Bug-0de8cb02-85a1-408b-b039-50650a452ecc,1397847805165
1,Bug-fce90412-2938-4b5e-b9fa-ef6df90397ae,1381354503049
1,Bug-728f60a8-f9ce-4c0a-b427-ac89b37aa340,1330041350212
1,Bug-38140bb8-f528-49d0-ab31-7b26e91eee6c,1380925992668
4,Bug-9e953b9d-7c69-42c6-be2e-c22de049ce79,1390246498625
2,Bug-a9c1fe1c-a534-4619-8e08-95f5e4a6a054,1407893553658
3,Bug-77d628b4-09c0-44ef-b1a4-b859a568d7fd,1393271878838
1,Bug-bdbbab51-d173-4916-af15-972d8eea4629,1380246324423
2,Bug-c442b35b-8fcf-4bd9-8f02-a40b01587c7f,1376972830215
2,Bug-ca3d12aa-7066-4143-9307-d67c52f47668,1381342705291
2,Bug-51ca1403-1746-49e5-bab6-f16a06591492,1394571368717
5,Bug-e9903136-78fe-4f64-9da6-3fef49362ece,1398117967150
1,Bug-7a7cf69e-6fac-4d8c-9bb1-d2b92430e27b,1384817316959
2,Bug-4444fbc7-777f-479d-8f7d-01d1dbaa166b,1395098053677
1,Bug-294598c6-a6b9-452a-96d6-c290392fa8ac,1351489274785
1,Bug-d765e925-1ba6-41e1-9daf-f2672ac5d271,1377304643647
1,Bug-2f456d02-641c-4687-b521-aca703789c5f,1400103881939
4,Bug-53d2b85d-599e-4e85-af6b-8481ffa52ebd,1392684861232
1,Bug-43508c95-6d46-438a-bf29-a803474c832a,1395817960384
1,Bug-658f1e96-838b-41bc-87b3-177232d7ae5a,1404357668977
1,Bug-f64ac8b1-3678-4eb5-9dbb-36d8e9b2006f,1403835676504
4,Bug-59b15842-c057-413f-b3e7-46aacf7b9785,1408994563620
1,Bug-871e0273-c200-43b9-98a8-ee94169b6ad1,1395723375327
1,Bug-0d0195d7-b5e1-4919-9176-92bac180c107,1342640326804
1,Bug-12bf71be-2043-4d45-95f9-edb1267577ab,1375942980338
4,Bug-ea28e58c-428f-47a7-9b81-b3f930e564ab,1383146926794
4,Bug-59aca119-2019-4d92-8f2d-c122be99a2b1,1379586726654
2,Bug-f7a4c4ef-e883-4d1a-b524-692be4f7f6d8,1382028545358
1,Bug-6650e24e-a9c5-4df4-a370-e4d5e287ee47,1380678365054
2,Bug-8a535dd1-8492-44ec-b6c2-89371978d5b8,1400806020863
2,Bug-59c3e3e8-de87-4f6a-a93d-50edece2a1f0,1376503113022
3,Bug-030f2c66-2624-402f-9688-b0f35c94966e,1367945470539
2,Bug-69eb5985-deab-48c5-8834-34273d8ba4e2,1386366847917
2,Bug-7f88d035-2d7c-4469-af6d-e025ca4cf46c,1397168416430
1,Bug-5c2b0c74-464c-4c49-bd24-907737501bbd,1403414539182
2,Bug-031e81bb-8edf-431a-b974-221549f634d4,1379298412110
1,Bug-fb25c5c0-24c6-486d-a59b-541fc2999f38,1382753693487
4,Bug-989be673-94dd-432b-9d25-6e0b3dbb54e1,1410424259282
1,Bug-a6e7e826-eb99-4534-b394-acaddb36bc4d,1386703344960
1,Bug-6c9756be-e0ea-492c-a273-6af258ba318f,1386283686637
2,Bug-907806d0-80b2-463f-a858-0373d1634170,1372096392838
1,Bug-ea6d6a55-ee03-42bb-966a-6324fceceeb3,1387788772263
2,Bug-11c2ac45-409a-4b8d-8d3f-f3e0ef2fec6f,1389047189680
1,Bug-ea71ce46-e3de-4e8a-a20f-4631338e6ff4,1375775189306
2,Bug-b7697aa7-7b9d-40a6-8e44-b62a90f40db4,1379654031933
1,Bug-cf101701-c4a6-4496-bd92-84ecd4970343,1397052199617
1,Bug-56302da8-6576-4d7a-8bcd-c6512b71a776,1400275788437
1,Bug-7e59da63-5ffc-43ec-94ab-3b5bc9f03021,1397594842103
2,Bug-876c3d6f-1d04-421a-b54a-b71b2a0d989b,1409342319851
2,Bug-e5a7530e-58da-4a06-9cfc-2811fbc5d257,1407787424086
1,Bug-e350a6c6-1db4-4990-85d5-a246fe2da04f,1397180373190
2,Bug-e8f24b50-255b-47e2-a842-022f9070b4cc,1389046125362
2,Bug-22ea63c6-2f84-4b3f-b253-7f5fb657b728,1397576322969
4,Bug-2518bbdd-331c-42ce-990b-82dd9dbfddfb,1383859431025
2,Bug-ceeb78f3-a441-4c97-a093-0fb4d1602fd5,1387490231762
2,Bug-0741ce63-3f9f-4007-ad25-e771805d3c0c,1311718318673
2,Bug-d6fe017d-290d-46f7-9478-3c84a4f66e15,1350432166726
1,Bug-ca334db5-84c0-4f85-9fa8-5eef14ab24eb,1390763755477
2,Bug-83bce59e-87a9-4051-8ca5-ce97c2ed9dcc,1402953472685
1,Bug-fa339ae6-564e-46dd-b8fb-ac2ab7ddffc8,1380923436784
1,Bug-8359ec46-bad9-4092-a90c-3537f525f725,1408989165184
2,Bug-7aafd73a-f390-406d-8192-061878eed345,1386039839762
2,Bug-296abf2d-051d-4507-8de2-c7a3c211dafe,1387855456908
1,Bug-10e342a7-da1a-4e72-8079-861ecbb377f5,1380589428095
3,Bug-64875e51-830d-471e-85f6-186177a4a87c,1399678926601
4,Bug-641b6a10-7870-4237-9f29-e155f24dd1c4,1367202644373
4,Bug-80c8932a-52e5-4c26-b64e-9e5eec3542d4,1374854732242
4,Bug-9a1ede7e-cad8-4352-b24e-fb4a78eedc4b,1394720996551
2,Bug-6b6a98e3-6545-47fc-95d4-36eb01a832b7,1382009027194
4,Bug-08a0a471-4660-4da1-94a5-2a3a1ed35062,1380066328745
2,Bug-c97a9955-6ca1-44db-acef-dccce702f3f7,1393399843284
1,Bug-87fd1881-60ef-4c22-968f-169665ddb30f,1397086882126
2,Bug-a6afda27-123d-46fb-9e86-95da7e06bd65,1408550363993
1,Bug-b4514a7f-95b2-4f17-a6a5-6ba94d49930b,1400553177316
2,Bug-a715204f-caf0-4f8d-9663-b832b11c1a50,1383522156346
4,Bug-3c9e6b80-674b-41fb-8e49-41a07f99c9f6,1381611191853
1,Bug-88b7aae7-88df-46b2-b88e-a63f71d7ba74,1393085957670
1,Bug-57c4637b-719e-4fe3-bbfb-3b8c53847ff4,1390013939582
2,Bug-e08c3bdb-d212-4795-940f-03714f7ab35c,1362505304792
2,Bug-439c7702-4615-48ab-9787-0f70a9ef91d4,1396227883815
1,Bug-66531039-d4d9-45fa-86d1-6f3ac5f733db,1386724710935
4,Bug-e3c9add8-48ad-4abb-8f25-6596146715f5,1400227812504
2,Bug-6276e71d-7370-4669-8e55-4b25d06719d5,1401243385623
2,Bug-d807a987-c175-4a79-b5c4-4f50b312463c,1405469548052
2,Bug-f3d8354d-07e0-4823-9f4b-e24da05fa395,1390450425514
1,Bug-3b708763-7d0e-4692-b17d-c5b8766fa85e,1402594359472
2,Bug-da4b130f-21bb-4bca-b41e-0e0a8507e96c,1371076760009
1,Bug-e2e1ba6c-bf67-4373-b1ac-c50e1ebba782,1381880456457
1,Bug-0b152b1e-8b24-4c9b-904f-37203d36befb,1410678442056
1,Bug-dc47fece-dd61-4d8e-ad4d-b5c8475d2101,1406161811219
4,Bug-fccfa589-e293-4efb-ac44-300642fbd61b,1395182903375
2,Bug-9b217c3f-b4b1-47d5-b39f-606b00d97e22,1397764811685
1,Bug-561e7027-9faa-4a23-b01a-99a8e33855d5,1405639527800
5,Bug-c38ae224-d7e3-4a5e-a40d-db2e18379abc,1390377333004
2,Bug-76e65f0f-ad17-4108-9e11-24a4ff6eef28,1368602682442
2,Bug-40da9efa-2aea-47fa-b95e-004fc22f1228,1407116593122
1,Bug-8f82213f-9a22-4944-8d9c-724992f5467d,1393544837904
2,Bug-be903e11-eb6a-499b-94a3-92d67273ba4b,1298705622935
1,Bug-c665d231-2659-49a7-85a6-06e44e7b1b62,1396916948497
2,Bug-739f4f06-ade1-4927-9b1c-9ea17e5f2baf,1380306288977
4,Bug-3e6ba08e-a575-496b-a606-f0fcaf26edd0,1406852268003
1,Bug-eb532e41-c380-4371-bc42-f945684b6d9b,1381943408910
2,Bug-0012e553-5267-47d9-b5c6-3d526af4ca30,1380746770327
2,Bug-9b90a8ed-c334-4479-bf37-46d839d1261e,1408755757668
1,Bug-3bf5c5d5-76b1-4a3f-8189-00c1df161781,1392854762015
4,Bug-7512c29e-c999-423f-8ee0-2b669d7aa539,1394226615238
2,Bug-41d94c70-9406-4a43-8e27-586134366d53,1380554646792
1,Bug-7ea2e011-bb2b-4d8a-b13e-bc147ac3a684,1388772478050
1,Bug-ab455cd7-1e5e-4779-8cdf-de23356c4dbd,1347490162817
2,Bug-de284f11-8a35-4820-9707-474f6fa8b097,1398268574508
1,Bug-6464b715-264c-4937-abb4-bec2fef31ed1,1380845538425
2,Bug-e962c1fe-b75e-4b9c-ba52-7ff73e48a43f,1391652241122
1,Bug-924d3f41-4e0c-4418-9a1a-ca40a1bfb420,1394646465755
4,Bug-aba00a62-32a9-4768-9b46-a484816a5f6d,1403636519292
4,Bug-fe8d4ec0-95e5-4502-ae34-80a333f3116b,1393308981899
1,Bug-4022283a-3584-48fb-b339-8ce7a480a907,1409090818113
1,Bug-b28a35ef-ee63-49b2-8f22-56cad2d534a5,1361997922108
4,Bug-6c70ba01-29a2-438d-a130-a32184ecf2b0,1389193161850
3,Bug-934bc047-5be4-4dcd-a2c9-d9c064c780be,1367013126852
1,Bug-8c7aa920-9c91-4be9-8162-c4fe941579e0,1381181810094
4,Bug-fc73a36e-76df-46c0-83d8-14793297327c,1367024934812
1,Bug-112fda32-0973-49f4-b1b9-b55278011663,1394782438877
1,Bug-4c7445cb-06e5-4772-8ebd-8205b30bbd1d,1331606644400
1,Bug-95e395ec-f4ee-4dc6-ac25-c52bb5ec4108,1407881868097
1,Bug-c42f96ac-0714-4e5d-b665-a9505c66050e,1405464985586
1,Bug-43aa9ab0-3349-43e4-86c3-3a62cf4846a4,1407441132911
1,Bug-bc02df3e-0ff5-4f89-9cd9-7a17dae5f7aa,1342099590233
0,Bug-23410498-409a-47d9-8819-cc17099f33a0,1380792050733
2,Bug-4f615692-0707-41d5-9f03-c9452e33877b,1378921706048
1,Bug-0909bc11-c5e6-4639-a18c-cb80f13486b0,1407266759603
1,Bug-3020f769-f86d-4f18-8cc5-b6c1b794ea5b,1394034902150
1,Bug-a665ba34-8754-462d-827f-7e7278c2fd87,1380236547371
1,Bug-0eb845b0-b322-40af-9538-a2b073524404,1394639718031
0,Bug-2aa63dcd-b12d-430e-bba8-6b07cc8b98a7,1374244853979
1,Bug-1449ae84-8003-423c-a999-28c157cea334,1390450053073
1,Bug-26766213-3a06-48f9-88b3-b3f529a883bf,1376084584180
1,Bug-7d033c1f-f7ea-4433-8c8c-a14d6b423ab2,1379702252398
5,Bug-c83341a3-9cc1-479c-a61d-8d6ccdd355e9,1355869583639
1,Bug-5cb4d7d8-1a95-4aa8-bdaf-8d1aff1292f7,1310007774569
2,Bug-bdfb2da6-ae8e-4502-bffe-4b02b59081c3,1406236559402
4,Bug-c83d2d48-bfa1-4a4c-903e-26af7d63609d,1384984714632
2,Bug-3096b787-732a-40f6-87df-e6f05ebb162a,1387398676550
1,Bug-0f1d2bcf-f557-4e71-a75d-8ca051e1199e,1401483409045
2,Bug-05619b14-bf44-4325-8bb2-09c652ac55ea,1390602099418
1,Bug-03225cb1-3ed3-4fa0-8e79-bc61ee7c003d,1409689956565
1,Bug-aad5db47-414c-45e7-91fa-482360b2e071,1394662508588
1,Bug-c78e5034-767c-4ece-86c1-95de47062ee5,1389820040552
2,Bug-eb1416e6-3793-437e-974b-a904ff2e4342,1369205489714
2,Bug-1fe8ed2a-aa75-45b7-909f-fa7e23c705fa,1402944477456
2,Bug-3bb8eaa4-884f-45f7-941d-000e25faf026,1406745365520
1,Bug-7527f6a3-e742-4e1b-b227-d01b642c268f,1386250341575
1,Bug-81823172-11f1-418d-917f-fc7b576fa004,1382665342963
4,Bug-e2b192c4-3146-49f6-8447-6e93d457b1e2,1381446527139
1,Bug-d5e36a43-70f7-4a27-b465-01e8aa6b0982,1350587804786
3,Bug-badc6f09-97b1-4e7e-9e0e-0698f477098d,1391390799994
1,Bug-62e1ce15-231c-47ef-b86b-fb58f51c43b1,1402953645587
5,Bug-7d27f2af-02c4-4950-922a-9bcde8b8544d,1403242452030
4,Bug-79b8a0ef-0640-453b-8bed-e992fd2cdfb0,1397500357855
2,Bug-cc1f6a63-686a-462a-a05a-41d968596aa3,1300978129032
2,Bug-42c6437f-f2ce-406d-84e0-8079353b7ddf,1367452391768
1,Bug-a2222d78-6178-4ee6-bf15-6b80bc3f93bd,1357723500735
1,Bug-d14ce92b-033e-49cf-bb02-4a941f854398,1394127402875
3,Bug-31054d1b-9eba-4823-a608-af632ff353dd,1394831566406
2,Bug-59858cc1-5f16-4bb6-8937-26093381d33c,1410461598019
4,Bug-70e98ec5-1dd4-4dea-b232-21f736784da3,1392223856153
4,Bug-a44f00af-c93f-4c52-b447-d429033b334c,1396420113712
1,Bug-e3540737-5b53-4d33-aa16-07c685a9be4b,1386890405567
1,Bug-6cc13f6b-a514-4d25-becf-388c60027888,1405541110223
2,Bug-d780203b-b43f-4f5e-91d2-bc70acd0e741,1403882623428
2,Bug-bfe33e91-df74-4c2e-a3e4-140aa7b15abd,1388173584812
2,Bug-843e3ae0-8bdd-40a2-ae26-d9796dbf2fc0,1375390917083
4,Bug-ec3e80ba-34cb-4d5e-beba-4a0a2a3a1c2f,1369638653854
4,Bug-1179cc54-ca95-4bfa-a1fd-1a7f7814898e,1409551493501
2,Bug-d40178f2-e408-459c-933f-a82272343ec7,1376449788485
1,Bug-78776456-c4d2-4571-bfe5-7ec11ab295a8,1393580859488
1,Bug-3b8c3659-7ac6-49dd-812d-7cc591a3aa22,1409694484165
1,Bug-ca6efda4-101e-411f-9017-524b9c16fcef,1380319650657
2,Bug-c6ccb3cc-2c00-45fb-aca6-dfe8d79c58c7,1362478903704
2,Bug-23546b8d-80a2-4775-b018-a49a33276d7f,1367592958955
4,Bug-74d3d350-fe6b-435f-b036-a6c4e37f9523,1381070622552
2,Bug-b3644601-e5eb-4bcf-8221-d499cb7d8dd8,1262101120898
2,Bug-97800d43-c586-4270-99de-f8d465696577,1381608388992
2,Bug-41e09547-f904-4d41-a17a-63af4e67c814,1365050155193
1,Bug-764dc842-1d84-4b68-87dd-27dc33119c68,1403046011773
1,Bug-6c3a4bf7-f630-4068-9b78-080da89c05b3,1396053547839
4,Bug-8a44af14-cf99-4145-a8f3-b0ca3a73c472,1359034346656
4,Bug-bad20c51-b2f7-4b0c-a8ff-6a48c4999a46,1402890523393
2,Bug-b358f63e-6601-4239-9a6f-f1bea0dd3d55,1390377043361
5,Bug-351feb63-fed8-40ae-96d6-976a92f66495,1386191107592
2,Bug-42456200-3be7-462d-b831-4278efe70ce9,1355814489756
0,Bug-88fed018-e649-443e-8cf1-8929f1a80903,1390963978440
1,Bug-ed68ec25-d31d-4a2b-b61e-730e00058c22,1366261766923
1,Bug-a769871e-13c0-4fda-a751-1bb618d28626,1394155433056
1,Bug-f2f1b97f-1485-4834-b7ff-ef1e740dfad6,1367877055698
1,Bug-e5676005-7e4e-4a82-83cc-a48bc86d9a2b,1404752192868
4,Bug-7d00b8fe-2817-444a-9969-a06c274e1389,1381879875149
0,Bug-4e911669-4919-4cf1-8600-6703c6628441,1360734686409
0,Bug-229640ce-c770-4e11-b567-a1568c030a0f,1380090452451
1,Bug-a8d43b5e-5698-4272-9c05-3bef0ee4bf49,1381344417247
4,Bug-3b8cba0b-b53b-43e6-b6fc-05ad2a8e4019,1392067967757
1,Bug-c5ef7ab6-5be2-484e-bde2-1e75dc871245,1381813609295
4,Bug-20fae646-bebc-4fb6-bce9-9874eded3e11,1406078617551
4,Bug-5f9eb8b1-8bae-4630-9423-fd5217498fdf,1372368723764
2,Bug-5b35a73d-77ee-4157-9ec4-3d5a3f8a4f1c,1377819725401
1,Bug-d6da4ab9-ca97-4d9f-919e-523255384943,1396544945612
1,Bug-a53eb2fd-94a4-482c-9f9a-38479aecf3d1,1364027870749
3,Bug-285ecb02-28ce-4735-b562-ca2cca0535e0,1395792153272
1,Bug-e82d7f9e-fc13-49d4-9e8f-27ee4d11734b,1390450425124
1,Bug-94916e4a-e287-4062-b3d1-4fbfbc131839,1382415341589
3,Bug-5ac3619e-2fea-4cf2-a873-0fb4e6a8234e,1369181046321
2,Bug-5b8bbdef-ac4c-4433-8de4-868041c6f74a,1380325664954
2,Bug-7793aae7-ae46-4dcc-8b4b-7209e635746c,1402592211176
0,Bug-e8da188e-fbf0-4739-b322-3c3a376ffc98,1406748312111
2,Bug-df30cc51-f1fd-4314-8d46-5aecee12bce3,1386314158344
2,Bug-451e1e26-885e-4e96-a197-3dc0fd1eabec,1392624018062
2,Bug-31d4f0f0-f222-4377-a586-03ede30488a4,1388711456826
1,Bug-8d4a6710-e7d5-469f-abb4-766f51e53040,1317428407333
2,Bug-1fac47fd-f0cf-4511-8cbc-eca8d89b3545,1377595152062
1,Bug-3ca09328-be2d-4f52-a508-14b64bdc91f9,1390257849438
1,Bug-096d3cf4-5b2f-4675-8694-0481b2e25ae8,1395366236597
4,Bug-a5ca89d1-cc67-4420-8239-18f5e13b60f7,1386233187049
1,Bug-9829029e-3bac-43ab-9350-6c93f352a72e,1409708368434
2,Bug-e57d0ff1-761d-4939-a605-37964a199136,1409888332429
2,Bug-6a72c24d-0247-4766-831d-63678fe4da3d,1371148606917
2,Bug-2e2bef61-afa8-4026-874f-4e8bae4c20d5,1376451739849
4,Bug-4ee96a3c-d89c-4c63-af06-09bab28a3697,1312334169711
4,Bug-695c6630-25a9-4520-bf90-5b2993adc670,1379007317657
4,Bug-589e000d-e84e-4fe8-a8eb-cba504489a2f,1409278165439
2,Bug-5fb0b333-c58f-434c-ba72-2445fb92a0f1,1407486402852
1,Bug-853ebbcd-4fe7-4ac1-a0fd-6d970daae69d,1396886067703
1,Bug-db9f271a-2ad7-434a-aeaa-a8b5751afba1,1404165375730
1,Bug-72155af5-ae8d-4212-866e-164712998a7d,1409097345002
2,Bug-32145e08-3da0-4fbd-b772-6bdc883ca5cf,1394148075240
2,Bug-6068691c-d71c-4906-ab15-6ec648f7f90a,1390479859318
2,Bug-7e9ad866-8aa4-4c20-a393-211a57f34f2a,1393622976816
4,Bug-b6c5f22a-8d2b-4f5e-91f4-d10cec34ecd1,1390611729570
2,Bug-f15a5a27-911e-4ee6-85be-71b0c68fb2fb,1402070295122
0,Bug-bf818211-a4bb-4cca-afe2-0e41261c73ea,1409826343366
2,Bug-a9032a36-e4cf-46bb-9146-1b32a24938d8,1395864202132
4,Bug-bbed27a3-6844-44b7-8f89-b4b8447e63b0,1363394402831
4,Bug-fc5a777f-b066-405e-b9e1-0b9416d70c50,1395830921484
4,Bug-7930eebb-9343-44d6-b6d8-dc95ee850d47,1373222308696
4,Bug-8dbe3b09-3007-4aa3-a1c2-81178ed9daa3,1398123099486
1,Bug-88f7ef15-0e2b-4968-879b-382f561e9f37,1396118905546
2,Bug-0a563b4a-e9d1-48a3-8f46-87d91c143542,1410840730206
4,Bug-18e41c56-33c8-4b5d-95c2-7efdc33a1754,1394734175898
5,Bug-17acc08e-daca-4641-93ae-a2a6c1f48ddf,1374775607794
2,Bug-1d3f6e58-93ec-4c59-85b1-6cefb21fb6e2,1401396941162
2,Bug-642aff5f-20ea-430a-bebd-b2d16ea78553,1398300101106
2,Bug-358104f8-a38a-45b2-9a69-427d9ee9d362,1397098502089
2,Bug-bf997e0e-b32d-4061-9c61-75a06426921e,1385454439884
2,Bug-db7ca3a7-19ce-4f97-ab65-948f9464425a,1410568341346
2,Bug-6f715030-7fcc-43c8-bc36-0507c13332ca,1397094996785
1,Bug-97e6f0ae-6c1f-4b72-b0e6-8e9594345318,1393875501997
1,Bug-9a84b52a-729a-4e59-84d6-ae4a581f59fe,1300963271344
2,Bug-45a7ceb9-4b15-4121-9dd0-973e647c1a4b,1395689421271
5,Bug-8bb9e741-e826-4ddf-8015-c1eee054513d,1398159764187
1,Bug-195edc61-ae67-45ff-97e1-053443252525,1389811160321
1,Bug-6be0d65c-c879-4bfc-b0d4-a49f7e5fce4a,1395426663287
2,Bug-276e70be-cdfd-4479-a6a4-c7343ca8fd78,1410803886533
2,Bug-5209e07f-507f-4884-81ef-fb5c5505c5db,1378922093559
1,Bug-04c8bd05-74ed-42cd-86d3-fcd07be071a5,1393963767130
2,Bug-020bebe4-9165-458b-9c48-af03769e5688,1370920952352
1,Bug-3b002ee6-f6cf-4421-a12a-64ce82cf6311,1383977426287
4,Bug-976891ec-0546-4f74-b30d-fdba641ebaf2,1403644985132
4,Bug-a7cd7099-0d91-4d3e-9f5c-a4ef833c9b12,1396518091592
4,Bug-1d9fca7c-b71c-428d-bca5-8ed3c3ecd743,1381849619847
1,Bug-2fe084c3-a26b-424e-b9db-e21d786f56c3,1376123608027
4,Bug-924698b1-edef-4f00-b835-60a6abf361af,1380609719779
1,Bug-53c2712f-d99a-4213-806e-47878a6cdced,1340551283505
1,Bug-46a1ef60-fe64-459d-b656-e28b4e3a5f1c,1392937900525
2,Bug-0d106450-03c9-4177-af7c-067da2156548,1374274595515
1,Bug-f1c1d21f-71ff-4e14-a2fa-72bb7c68647c,1377806578916
2,Bug-356ca345-65cd-48e0-bdb3-024c4008ea8e,1397505876512
0,Bug-1aad1904-0b85-4a0c-a82b-10b0ff8426ce,1361864899118
2,Bug-0ebe05ac-6fdd-4e05-87f3-2dc880321b62,1386519849213
4,Bug-b1bfca51-3cd9-41c6-afd9-d90fca66b0fb,1395340785086
1,Bug-3ab62835-1496-4d85-a8b2-d8d098a65a0b,1396055123006
0,Bug-bd95f04c-f56a-44f7-a405-233b40237d2d,1380603476602
2,Bug-d54b7054-3aae-4229-8050-81c4b42b5e2f,1394148206782
1,Bug-8e3a6106-0869-4df2-8e70-ead7ba5ccfb4,1409256990839
2,Bug-0458908b-104e-460d-bdc1-4680d0127c01,1402330736756
1,Bug-89919837-0b02-4814-b25d-0b67ba48b41a,1389600078769
1,Bug-a97a0d93-1487-4e64-a920-0bc6081e885e,1409846073968
5,Bug-e124c4ba-5da3-4fbf-8c0b-02df2c6cf7ec,1358151882102
2,Bug-2d4ea70c-7a13-4d63-9231-ac27250eac63,1367255071027
2,Bug-b7c3b29a-1c2f-430b-aa9d-fdd503015da1,1390417993826
1,Bug-d668af11-4040-4cc0-972a-821470f37e8e,1396936426463
4,Bug-e0304074-84f1-4753-b02b-6759338ee8a5,1368062133124
2,Bug-43b8fb41-c13f-409c-a7c8-3e3641cd566a,1376612856885
4,Bug-710ebe4e-1379-4253-b953-cc9e7fe04311,1409699988828
1,Bug-26e7c4f2-4d56-42b9-b97d-cf4cc4f17c09,1400880878275
2,Bug-46759dbb-323d-42c8-8142-51dea3d822eb,1389138708024
5,Bug-a5a62dc6-5d04-4fec-8abf-97d7c6f08d83,1383795750952
5,Bug-fb95c4c5-7d2a-413a-9020-5abab2df911c,1407889372530
1,Bug-cfb603eb-77a1-414d-b0e5-26835d60b864,1390445562070
1,Bug-9abb4415-73c3-4249-bac3-94472b846776,1288392934744
1,Bug-b870feab-1083-4d1e-9238-4dcaf9bdb16f,1344877758714
1,Bug-6581fb17-b582-42fa-960d-47c5e8a3ac0a,1389898933320
2,Bug-55643ebe-3001-41de-bad4-46a3b353869b,1405464857639
1,Bug-f76edba0-c442-4138-9d51-6b24f3aff365,1406280567845
2,Bug-b4184e88-cb7c-405d-8edf-5d0fa4acac8c,1387305894837
2,Bug-410f32d8-df56-40ee-ab0c-973d97b40782,1395793898057
2,Bug-d08abfa7-9064-4fe6-bb8f-2bba52d2f5a3,1375458708701
5,Bug-fe3f6990-a63f-45a9-ba03-db32c2e84837,1364302940550
2,Bug-8512ef23-fe44-408f-880c-5f77ec771111,1409016310701
2,Bug-732bf24c-4834-4fa3-9a6e-4ac1ba534a5c,1387550446669
1,Bug-c03a0dbf-7b0f-40de-ab24-b6d9471ca5e9,1380857497859
1,Bug-21e0a4e6-ec5c-4aa5-aec1-c723ba79d673,1375915403629
2,Bug-3d432188-111c-46b5-a37e-854bf01940a9,1340331794142
2,Bug-8756456e-9521-449c-8803-4dbe8c344b15,1367351078842
2,Bug-a0f14c9f-4c9a-4b3e-876f-f1f86a2d6df6,1383093222791
2,Bug-fee2e228-47e5-42c4-9e70-ae0657c6aa37,1376092276823
2,Bug-6399391e-0393-4795-8c74-62a69132625d,1396948230073
1,Bug-0e36b5be-536f-4e87-8225-a02933d8fd41,1396313457055
1,Bug-b013ca3b-23d3-4dfa-aebe-4621f80b8f28,1381183590899
2,Bug-b2d4a663-9e33-47ba-938c-c416e8309374,1378866243343
0,Bug-474da1ab-f6cb-4f8b-b0b7-0d9db61cd186,1396024097671
2,Bug-5d4c275c-3aac-441a-b0c7-7e13661dbea7,1380663634165
2,Bug-8a6b9c5b-39f2-4c6d-9015-5dfa28cfa194,1400797249085
1,Bug-59f1be4a-5e51-4f78-b82d-d6234d7dc6e3,1375734040446
1,Bug-b291cfb1-3d92-4f01-9951-f0095d86d1b0,1410832784698
2,Bug-49f2a328-8138-4c17-9229-fa7a7727fc4a,1383781823007
1,Bug-7f475145-d373-4af3-8b34-0dec14d3f210,1384382353133
1,Bug-4cbf759e-e545-434e-8c25-2cdea9a63135,1380684991344
4,Bug-729ab6ee-f286-4cf2-98b1-0fa0a09d5333,1381876696071
4,Bug-9f5abbaa-2d86-48a8-8d15-e4fffc0a8164,1395727658907
1,Bug-edf281c4-7704-429c-aaf2-e61325c76a46,1397523357498
2,Bug-47accf42-a102-44ba-8826-79103d4ca891,1352304177495
5,Bug-893ce151-726e-4075-9951-ece995896299,1386309611226
3,Bug-c3eebe14-c1e1-438e-b7de-9dce6d03038c,1307172786225
1,Bug-994cb436-4899-414a-a0b9-4fa5ee33cd7c,1404246817127
4,Bug-eb27c704-ad01-4862-8de1-ab46552cc03f,1381353455672
1,Bug-4a80f60d-d461-41fe-b7be-7df0cb4b01d2,1359231286740
3,Bug-50fcb359-ca6b-4e9f-85e3-e89804e5ab54,1397085221644
1,Bug-03b5a6ec-db51-49d3-9c09-84960f137f0d,1359770331449
4,Bug-e59b0ed7-d282-4107-bb61-f672816b7b80,1395688148978
1,Bug-7a5023cc-7539-4c7a-a588-7d55d36883e7,1395283047259
3,Bug-b07f4d7a-86c0-4824-bf31-16cfa4629900,1401755654588
1,Bug-700fd158-1a7c-45c6-820f-72a395ab259e,1349902120158
4,Bug-f3c53ed2-9a97-45d1-9f1b-2d853435f944,1380639953709
2,Bug-7a870491-e1f4-4f77-a3b7-4d00c884ccb4,1394094254643
0,Bug-752fd512-9c4f-4198-a148-4921500a3182,1408151333302
2,Bug-ab79eb91-d68e-4ee5-ab05-feb859e0ce96,1386440106602
2,Bug-f8127d95-e3c9-4d90-ac17-3b8cdc860816,1406197939788
2,Bug-32e3be3e-870d-4b3c-b6c4-c6f4731d8115,1405450426361
1,Bug-5cde6361-030b-4093-be9b-c4d973ebd6bb,1377812217377
1,Bug-0059be2a-a5b0-4bc1-8e93-893f712a554a,1384813839066
1,Bug-c8e5e41d-ec66-436e-a5f1-5be0c8ff6f40,1402088919619
2,Bug-9cb63199-eddb-4ac5-920f-1e14424895d3,1380574863146
2,Bug-e490ac40-4e06-424b-a646-fc4d0d4b1a9e,1366998407762
0,Bug-2aa4d71d-19e9-46b2-aa89-da6786bf4ec4,1397075819950
2,Bug-d134dd64-4170-4f8e-8fad-952ede6ac561,1390450003124
1,Bug-83b6cba1-ecb2-42bb-b403-cebfaf7961a6,1397179530476
1,Bug-802dd077-f67c-4e33-b4dd-835d6993b870,1396070133400
2,Bug-64066bc8-3041-46eb-8e3a-6f9f14af6067,1406152926575
4,Bug-a83fea8d-ed46-4c74-b492-abfbeb0c47eb,1375318748236
2,Bug-b67a26b2-32df-4380-a1b3-b0bc38d3e701,1386063218076
2,Bug-fa5e6ee9-32f4-4423-ba0f-28dc36d489f3,1384563554458
1,Bug-675c35d7-2160-4c3c-bb9b-e0783d6463c8,1408561861400
1,Bug-46843863-44f0-484c-9d8a-d5961343c172,1396290361158
4,Bug-e20b00e0-cbb8-433d-a860-4f89730ab5c5,1396642163735
2,Bug-5dd686ff-0506-422a-a533-2835c0384588,1368435422784
1,Bug-eaf905da-5e4b-4ae0-86f9-704d421978d0,1399437628467
1,Bug-38c9a68d-2596-436f-84a7-f14c9589066c,1409882065266
3,Bug-8883eb73-1b72-435a-86d9-4bce42bd148a,1395367236357
2,Bug-c6cf7391-34db-4a2f-946f-a27041bb7711,1403410332816
2,Bug-4fc204a5-a091-4c72-8cea-4f942705698c,1406926946486
2,Bug-aca0e2fc-e0c6-475f-95ae-ec6f740bfa83,1395300263913
1,Bug-4d8543bd-ade8-48bf-a44b-0806427ad363,1389303068030
1,Bug-ba28858c-7d52-4f66-8681-bf480402f09e,1393651372803
3,Bug-c64a1569-9b7b-442b-81c8-56dfcf7657da,1387330123230
5,Bug-d1b91c2c-b30f-41d5-9795-fa7748c0a790,1395264679525
4,Bug-24586dbf-6463-432c-a756-f4082504ab6b,1386891364744
4,Bug-0b0cfea3-9f0e-4d0a-b1fc-2fd27fa4e894,1379339170737
4,Bug-5ba9d478-2518-49f2-b68c-8abf6dcd924a,1386299982291
0,Bug-40e933bc-e27d-4654-a833-d6feb8ca271d,1398137838391
1,Bug-fb6981a6-2e99-4b5c-9e47-ae6e72e99bd1,1367202227374
2,Bug-5a8c2fff-5854-4e4c-8f6c-312aaa5faaf1,1389056872374
1,Bug-258e75ad-92e8-4c62-867c-896ff24948c1,1397153751718
2,Bug-e67cd8e7-a46c-407a-bc16-538b4420357b,1375826758982
4,Bug-ce5316b2-381d-4447-9a25-57a9dc5cd5b9,1396934164857
2,Bug-104cac8b-6ce3-4c43-b168-7c068e6c2acc,1381524060086
1,Bug-a388b48e-854b-46b2-a37a-67bd787a52ef,1387558243848
2,Bug-4740e733-fe84-406d-a61f-4adeedd0e470,1373312967114
1,Bug-9cfe8fa6-701f-469c-83fb-c4938a73b062,1394557701979
1,Bug-0f4f3bd1-b7aa-4b8c-8380-cb0145d64404,1408042101099
1,Bug-322aca84-dfde-4005-ab2c-583002e13d73,1283280777735
4,Bug-1d97c991-2005-41b3-8ae6-a3f14a77eef0,1359072605410
1,Bug-e3858a6c-0242-4ec5-9877-c62148cafd6f,1394749833425
2,Bug-b50fb49f-554a-4dad-b298-60711ecb44c8,1407546433881
2,Bug-d23f8d32-2632-4fe5-9346-a88968782bd5,1369173639110
2,Bug-495434c1-4069-4102-b882-a357bb09027e,1394999711516
1,Bug-00b789bd-edb9-41a2-8871-3f25f57763de,1389157127438
2,Bug-0724f3af-0dfa-4dd9-a784-c924767ca97d,1381542395933
2,Bug-ec8d5816-11c9-4bb1-a0c3-28438b060cf0,1367607553130
1,Bug-329535d4-6ffe-4de8-9cc5-3a61952b610f,1378375903398
1,Bug-37529566-a090-45e6-b471-f11f856613e0,1373398173554
1,Bug-b2efca0a-b6e0-4295-89d6-4e88cd0f266b,1398369240059
2,Bug-ff376f4e-aa28-4832-83e7-724024888cb0,1396934938760
1,Bug-0940ee27-2777-4c94-9784-f78b375b7370,1384309582146
1,Bug-38cacfb4-12fb-410e-a24a-d06fab553739,1368770672145
5,Bug-d115d61f-461b-4ecd-957f-af81cf2ba331,1371069475395
2,Bug-6fae53f1-de44-41f5-b245-7036891d1668,1370553754323
1,Bug-a5b1616a-f101-4769-a694-80effd06a9cd,1392632191177
2,Bug-8b12dac5-0075-45ae-95d3-5712998b5450,1376613458269
1,Bug-3bc661e0-f0f9-4832-a4f9-ac542378ac8f,1395101995098
4,Bug-22d09924-90aa-46c1-ad08-418bee2a5c33,1399674793187
0,Bug-03642f88-a9c1-43c5-8bad-03bbf3049d40,1365124105180
2,Bug-d579101d-729b-46eb-b867-5349f430d0e6,1395850255095
1,Bug-041cdb03-50b2-41c8-974c-21842bfc11d0,1382032209229
1,Bug-8d8f31fa-2c0f-4c17-9bf9-bba87f5691ce,1375232444599
4,Bug-0451c348-1ea0-4697-8da4-d3497b99d5ef,1402009414804
3,Bug-212574b1-5129-4ecf-b67b-8cf96a2bbc4b,1375374098436
2,Bug-bc482e53-3fec-4798-908d-c8ceaee7951d,1395900994996
1,Bug-01cd8f5c-3674-4595-827b-e539ec283500,1399436483842
1,Bug-db47b638-b3cf-49fc-9cfa-073275aa16d3,1402340957571
2,Bug-fd444565-ed13-4cd7-8e93-46ca46e167e5,1381985250009
4,Bug-399d79ed-25a7-4959-9c1d-7d83db3b7b3c,1401713185897
1,Bug-031ca53e-764e-44e1-9f49-da5fab9e0426,1387568504118
1,Bug-7e8bcc3d-3b70-4222-8318-680aecefe9ee,1365484006300
3,Bug-2b214869-bdae-4e85-be06-e45109e74588,1384716099031
1,Bug-37f567bb-d4d5-4476-84d6-c882d5a933ef,1381302329458
1,Bug-8278c2df-3d49-4d23-bebb-00700fa087ef,1410217625604
2,Bug-2ab38367-f745-4e35-b817-1ea3ef28f599,1375914258087
4,Bug-2107fea1-883f-45d3-94b3-e7f78d590648,1397269848233
1,Bug-3b2d6530-ff6b-4c38-ab8b-5d2c7b878f45,1406153531954
1,Bug-39da0676-e943-47e2-bc86-304b88b3e154,1395080140338
1,Bug-c2f2d5f8-3fab-4e30-a72c-9d7734831986,1365540877489
2,Bug-f30f10b0-3541-4f2b-82f1-7767c4b38c4c,1393310602296
2,Bug-7321440d-601f-4565-88c3-d7fdaac042ac,1380678148725
3,Bug-43f28f70-b629-47eb-a268-9fa079d6604c,1390501132942
4,Bug-5609f569-9084-4705-b10b-1af3fa7174ea,1375248230551
1,Bug-7b59c596-03ca-43cf-91a7-b90b06874677,1407440453973
2,Bug-c2d34f25-790c-4477-85d7-a8c945c9f354,1397016245907
2,Bug-2b1ad9c5-64e0-4b0b-bbf2-082789d7ca05,1390852582922
1,Bug-ce28ca35-f140-4882-9185-94484bb1dd5e,1379407301943
1,Bug-c7d9c25e-e808-4edf-8c7a-4510f1e1eb0b,1408411496449
4,Bug-9a98e624-b880-4200-83c0-dc7efd2d1677,1389236357329
4,Bug-9ce8749b-4d2c-417f-958f-457b73a44df4,1397153988636
1,Bug-79ae9699-2ead-42bb-85c4-f2382eb077da,1390443926428
1,Bug-2654f243-aa07-4b68-afe0-fff6732988f0,1390327562243
2,Bug-8a3b0a20-476d-4776-81a4-767bc264102b,1383324133929
2,Bug-5164a9f6-4a02-4e4b-ab95-131a56a6c62d,1381248282304
2,Bug-6a98a90d-cf66-4d72-8761-97b766932dc3,1398220541308
4,Bug-b9054688-18d1-4984-85fe-82b39b4cf6eb,1384486732381
4,Bug-29f6a612-343a-41e2-86f8-053648b4c6a9,1381778145025
1,Bug-fe518529-3a70-4788-94a2-bef77ec7ac5b,1386732781828
1,Bug-48e575e3-778a-468e-9f49-c918bbc89bf7,1360142320423
1,Bug-2365901b-b20d-4932-b039-4257472cdfda,1397784238786
2,Bug-8d220164-4332-4e2b-a821-27a7e7bcbd10,1381195633677
4,Bug-8283b83c-05ce-430f-b947-97bc3afba079,1403754562305
1,Bug-db6013d4-aa10-43c5-98c9-74e5e3a6223d,1380906993080
0,Bug-88695018-e501-40fe-86c4-dfec7df47981,1380870699234
2,Bug-20f3adac-49c2-46f5-8f7a-45b44c521b9c,1384994693493
3,Bug-118f9330-8e49-4fac-9609-efc418c2ab17,1379450683266
2,Bug-5876b955-f2ec-4cd0-8643-245cc30c42cb,1376334316710
1,Bug-44a1a9d7-9214-4712-8acc-4ead308d4aad,1404772271065
1,Bug-5a2e30e3-14f7-46d4-acea-19ad223cdd76,1382649536821
2,Bug-3b3702b9-3604-4fed-b85b-803a8624a3de,1406341302055
2,Bug-64c98983-d62f-4681-b502-fced066ccdb2,1374343656386
4,Bug-71f201d8-4778-4481-89b9-7763408ed274,1406845707024
1,Bug-cc993b17-1c5f-4c6b-b321-5e13a3ca2d77,1408744992815
5,Bug-1392c85a-c50e-4c99-b85d-816065082585,1383965275301
1,Bug-7799b9b3-1e67-4bd0-85a0-d566bf118795,1366803789170
2,Bug-30f91d8b-be7d-4c1a-bc83-f2487836a224,1381728878516
1,Bug-b8fc6f78-ed85-4042-b479-df129c21fd0b,1391660395438
2,Bug-65655195-db21-4633-8fe9-864f1f71f72b,1405569658177
1,Bug-80b98eaa-2cad-4bfb-825b-fb31899401eb,1382495940631
2,Bug-dca70fd9-69f0-45cf-9962-42d7f0a70073,1373427831611
1,Bug-66d98243-8544-478c-a06c-66b7f7311dd3,1389346494264
1,Bug-e7321bcb-fd5f-45f1-9658-465d4d670b02,1378720097636
4,Bug-b9a48774-3ae5-473d-a41d-70714dd479ef,1372825216200
2,Bug-5f219f4a-92c6-4301-915d-e28fb3ed3372,1370750269376
2,Bug-b7b45540-bc3d-44d2-843f-3f607286a95b,1368383256173
2,Bug-e5e4900d-cc2e-4218-a796-3ac6e050c7ae,1384910495720
4,Bug-eb074c0c-d8f8-47cb-81f7-b16b5db0b063,1375861926125
1,Bug-216d8057-c846-43d8-9292-3fe5b10ec443,1379537271631
1,Bug-a232302b-88d4-4dca-a3b2-465504666fdd,1408345550965
4,Bug-4ba9cbc5-d10b-4551-aeca-958f565d717e,1393996130564
2,Bug-b275d074-dded-4994-ad53-34dc6cb197d0,1406066987447
1,Bug-536cd930-7180-4ee3-8782-9bc9eae5dc52,1371859490407
1,Bug-b362fc41-074f-4dc9-9c5f-90f486d2fe1e,1344934491469
4,Bug-c9e645ac-a2c7-44d1-9f4c-2e450da5e488,1373490106490
1,Bug-ac59b3fb-a1b6-4293-a6ec-cc9839fedd48,1397786800443
1,Bug-e15d9164-4562-4f9a-a171-8f820183f5cd,1367814231624
2,Bug-e93dab91-f8fd-4f02-bd47-c86abb4e0f02,1398127497067
1,Bug-99e7a633-73d4-4022-9a74-363c1ecb54ff,1382035173659
2,Bug-ecdfa07a-03d4-4e22-9723-5f632513f7e0,1402654080917
2,Bug-ba4032f2-9484-42f9-b85e-ae7fa2ce99ab,1366138071442
1,Bug-9325d86d-1ff4-444f-b2d0-c39e42641a25,1386997211537
4,Bug-c9950b8e-3397-410c-a0d5-47366b5486fc,1383394663688
2,Bug-cc356ada-c012-4305-9d29-f91c154f3950,1383542970695
1,Bug-8893495c-5359-4c08-8989-0ffab2565fc8,1381987731230
2,Bug-6e6b971d-94d5-4442-af77-9a7a69437712,1385499548149
2,Bug-a6f23c81-acc3-4668-bd1d-fbe290777b46,1392162765628
4,Bug-75bc3226-706d-42af-8144-3d29759697c8,1321646787997
1,Bug-a8a9a9ac-a55d-4035-8eda-3224a407064e,1367285006897
2,Bug-defa9740-23c9-4dd6-8cf3-6945146602f7,1403732450299
4,Bug-f47b4f31-b75d-4198-83b9-27ad71edd0a2,1381203883380
1,Bug-f274b40a-d53c-4ed0-9625-0a013ac0dd87,1391640704220
1,Bug-e0b81e60-1cee-43c6-9371-27311f259e87,1394697712244
4,Bug-94567cc5-b5b5-4c7c-8ff1-a5cb73c78fa0,1369247538367
1,Bug-10814a7b-be88-43cb-be5b-368a4c65c377,1390340768456
3,Bug-cefadd2c-d0b3-4209-9302-7e07e531eb10,1399952620916
2,Bug-d3993bd5-2d59-4321-9151-1a59626d8fc5,1393891770976
2,Bug-d3524d2a-28bc-489d-87c9-232c3fcc9c46,1393110626808
1,Bug-b1fd5fd5-2685-4af7-b456-2cdc59a454a7,1405726689421
3,Bug-ff454311-88e0-419a-b3b1-f81a4a1854b5,1398465115026
2,Bug-a2c40e00-c496-4c8d-abe9-fc2c67e2b483,1381092740826
1,Bug-5b57964b-47b0-4717-93e2-64f60c122ca2,1338524570181
2,Bug-74ecc2ed-1169-49dc-9576-96e27e32ef59,1382404539740
1,Bug-2bce7dff-31ec-4c5b-916d-393c7e79db09,1387502090942
1,Bug-9171ba02-10b2-4008-91ea-ac4ba28ffdb2,1398247384741
1,Bug-7b2c5cd6-30e7-4595-95f4-98a5d1b02b4b,1389213225875
1,Bug-2da5274c-6df5-426c-b001-978f929321a6,1410481766708
2,Bug-3de2d16a-b52e-4505-a114-4dec1babc961,1383597014684
2,Bug-a3db5484-6f3a-461e-98da-8d06fdb1113d,1396059954443
5,Bug-c79a380a-d313-46d4-99a7-aca374181968,1400695358816
4,Bug-d893ee75-d4c4-4cef-a4f3-1d7921d42bf1,1375310953793
2,Bug-1c17f516-1d9f-4b13-a7d8-18cf4699cc27,1404939148882
1,Bug-4ed8bcf4-aa1c-4fdd-89f8-b6c6db734a4c,1401261527523
5,Bug-d443cca1-c44e-4845-9afa-b842d2fe73c0,1372108458791
1,Bug-b261b63f-6250-4846-afba-ffeb3a4c3884,1388128020165
2,Bug-42b2e4ca-d520-4d04-81fe-0eff9ba9ccd1,1407448132131
1,Bug-e6569193-3bd4-4923-ac77-fb177a8a167f,1401474319761
2,Bug-c1db8ea5-2e00-488b-8be2-eabd786e5a8f,1407788057177
5,Bug-84c53795-4040-401a-a52c-df2e4523b301,1405949407041
2,Bug-53f57283-ee7d-4f03-a4f9-9f32bf522088,1376130528196
1,Bug-11db1519-f072-49a8-927e-49877079bec0,1408705320139
1,Bug-708d2bbe-1b2c-42f0-b7aa-fd87d41df026,1377052126522
2,Bug-7e7313f4-532a-4f61-b17c-5e75bef1fcfa,1389123941684
3,Bug-cd2d3f6e-d1b9-4070-a1d7-754298a6a9f6,1365187779958
1,Bug-44680181-1a28-401e-bcf8-9c2044823892,1384435377077
2,Bug-1c6d6cca-f666-433a-add6-2b271337b6be,1404374797083
2,Bug-ce31a102-1ca9-4625-8dea-d25a89a21c15,1408468114576
1,Bug-17c7522d-3e3a-44df-99aa-3bb5dc8daefa,1405010727668
4,Bug-965c38a9-4ffd-49e6-ad9c-41c0193dc004,1410466371747
1,Bug-36ff7b5f-ad07-460f-a25b-5821186ad921,1365732153853
1,Bug-b6ad76d9-26ab-43fc-8feb-0c2767845138,1399946184521
2,Bug-cf23cdd2-0137-4e6f-9da1-874a59c4ef5b,1395079954561
2,Bug-1ea64b9b-1ba3-4835-b5fb-2bdb590f1ab0,1371454346713
3,Bug-8c8e5932-f99b-4bba-b5c4-a29cbe1da09e,1395256322142
2,Bug-0b93be7c-4bc6-4f64-ae95-1f5c8fb4cd41,1404336146343
2,Bug-1db6043d-036d-49cd-a7e5-9d39fc3f1288,1381430173239
2,Bug-258601ba-1bf8-47cc-bf6b-bd3308b6663b,1369031074870
3,Bug-dfb8c47c-ca2f-4dd9-b506-555085167811,1402732251809
2,Bug-8d79ecf8-64b1-48e4-90d2-a5a77973ccf5,1366509847979
0,Bug-fb12c649-fb0c-4970-aba5-4ab6a51d7bcf,1379097488439
2,Bug-8cbe0ce1-c1da-4147-85b8-d23feac6df69,1392085987345
4,Bug-22799123-e0f5-4aeb-939b-a42dbdbff1ab,1384391573852
1,Bug-33a0de97-5360-4b3c-b41f-2049f1bd1fc8,1380142451293
1,Bug-83d4409a-cc18-4431-881b-969ddfde2231,1392826023469
4,Bug-2119e595-1650-4f6e-9c63-4a9894c3d030,1396544742158
0,Bug-36b94fb5-3289-43aa-8eb1-1580b6e05c95,1394140724057
1,Bug-ff689796-b04b-4494-a639-3313ab824031,1393032371124
1,Bug-7e56e11f-79f6-4543-b94a-ca43ddb145bc,1400770689246
4,Bug-ef77be02-24aa-4e20-bf48-ec8157966fb6,1397602916166
0,Bug-00074bc7-cea5-4894-a3e0-3b0cd47b999e,1401397977521
1,Bug-0460fe81-af30-4975-857c-1d5a2d009cc8,1409708704419
1,Bug-04f4fd22-067e-44a3-94ac-d83055e8dd0f,1396897666860
0,Bug-67caa489-0fe4-4cb3-a7f7-c5fab3b1a13b,1406153479445
3,Bug-cea6d9a5-0a9b-4629-8f17-023c78490e7a,1367482754152
1,Bug-3e3bf362-6c1d-4293-917e-fabb0846bd6a,1406236599809
4,Bug-287ba713-84a4-465c-91b8-e8c2aa506092,1382555954383
4,Bug-dbac95ff-f502-431f-aa91-f518640e12c7,1380587663108
1,Bug-f7ea5889-beed-450d-9f2f-9c0ba52f6e42,1380702749348
1,Bug-9b70b3b6-c78d-49fd-b307-654fa17d3e64,1393369446923
1,Bug-10e29cd0-4b91-409f-ab52-87311be74bfd,1374732322280
0,Bug-19514805-face-4962-b170-a0ab2b7d0927,1394285734501
2,Bug-e414adc9-8288-42cd-8a2e-666e98acc90a,1386807073042
1,Bug-122d57a9-e00c-4dd6-a6ff-29c34b10e14d,1406873540099
2,Bug-4470ccb1-f16d-4ed6-abce-efe0dda8685f,1405379715013
1,Bug-9e18b1a4-c21f-4bc2-a723-6e1574f7a194,1334640701923
4,Bug-3308db72-58fe-4316-99f7-d07a48b67c31,1410803382714
1,Bug-d7805448-43c6-43cd-9cf4-d8b6aaa7a719,1395719969473
4,Bug-43df9cb9-ecdb-408c-923d-69a7e843f078,1397621719909
4,Bug-68a6312b-967b-4a2c-933f-c7dabe7c8056,1383765580346
4,Bug-08c67ecd-d41c-4ed7-bf2e-95efb8f115bc,1397112683993
1,Bug-a138cf29-9958-4c66-8294-4c1aa546340f,1380307418849
4,Bug-b9503fcf-f63d-4050-88a9-d2b8878c0709,1366299382300
2,Bug-fb204339-9a2b-4e0f-8c00-10a17b485d52,1304543239154
2,Bug-8ba3bed6-b657-48ee-b460-97867f5c8ff3,1382430685769
1,Bug-bbc269e7-65a6-4c43-a0f0-7545f6fed212,1378253058604
2,Bug-016162d6-accd-4c47-b7e2-b7e466fd7478,1390943985358
1,Bug-fc22f6e6-10f1-490b-8aeb-257aea9d86af,1380878121530
2,Bug-50fd933e-4c83-4aff-bb59-b546ae4c7e24,1377702403198
4,Bug-612dbc2b-e159-4710-8e18-210fead65936,1395444674332
1,Bug-4ff5308d-0e6a-44e7-8497-812f01635dc7,1367883542075
2,Bug-f1e78076-080c-4b43-9fdd-e09d98c1c526,1394758165243
3,Bug-481c48c9-13a4-4b55-8483-3f6942ba96ed,1409958011841
1,Bug-57307242-5388-4b84-8eac-33381ead3aa4,1383886305393
1,Bug-b309b5d5-7e2d-495d-a971-09fe56eef44b,1406057720079
2,Bug-eb9decae-44e5-49ca-9232-4f4d0a490a99,1386822826897
1,Bug-0f234a87-5367-4d1e-ac2f-d92920f0efa5,1383527628558
1,Bug-d6cc50c6-997b-498e-a463-418667cd2b7a,1404763849877
1,Bug-4bb2d073-0f7d-4391-9f56-b1a5dad14790,1381354708851
5,Bug-36650f64-e1c9-442d-900a-30c8465a2835,1394438469341
2,Bug-9a67cf61-ba35-4193-a7e3-1eccc778537a,1317850811856
2,Bug-5b75bf78-a743-41f0-b5a7-5e830b7a2bcb,1371515301609
2,Bug-44285eaa-0eb6-4eb5-b335-15ce59e055ae,1389783523050
1,Bug-b02d52b4-8c94-46aa-9a3f-a2994aa22067,1410561447505
3,Bug-01abc6af-6403-4a97-bd36-8c90acc084d2,1399494741113
1,Bug-8e0fb34f-b49c-47f7-ab53-ffa5d93f51b3,1381632070121
2,Bug-eb30116a-ec5a-419a-8a30-d71b1536a8fa,1339523426777
1,Bug-85cb08cd-9c81-4b44-9ee4-c36d3c19d99e,1403652276918
0,Bug-e471a6ff-4984-4806-9f5c-f5137ec2f3f6,1409839282824
2,Bug-5e1ee793-ec51-4a65-9964-b3a2344cd3de,1406056318467
4,Bug-7ff83ada-d837-43c5-a91d-a31b3473101e,1396059368439
1,Bug-1279d5a3-5ea0-4949-9e37-2ab6f50c69fb,1396938047497
1,Bug-25c6e477-13fa-4901-9d30-04993b8823a9,1375201746540
1,Bug-45db36ec-7f4f-4f59-98cb-285191e5baa3,1405886904655
3,Bug-b496e7a8-06af-466b-90c6-488d5cdf0cf6,1387566423605
1,Bug-debc5d11-ff30-45af-a5ea-b07581ae08c5,1399852189763
4,Bug-b138cd04-fc2c-437a-8867-8f81d9673372,1385417303705
2,Bug-e5c2d791-ddb4-402d-83a4-71d3a0dcfb93,1379630884271
0,Bug-3cfc0bd0-35ed-4755-9dc5-28149d2aeec0,1410375452299
0,Bug-c455cdc3-e6f5-45f5-ad20-9f9e5c43ecd8,1399931208299
1,Bug-574a359f-f648-428f-8127-ab2f4ba5311d,1383179841520
1,Bug-2bc36b1c-3bf2-4ea6-ad46-dfd7b9030912,1383781377955
1,Bug-bd6e7ea0-5083-4c17-8482-a868bca56f52,1386847842214
1,Bug-94e97cd3-f9fb-4997-9078-d1fcffbcc8da,1381194539737
2,Bug-ea779a00-fd1c-43a4-afff-a7aa1946f5e2,1384905857506
3,Bug-f2f8fec5-a23f-4f8d-b4d8-d85436dfbfce,1373475770403
2,Bug-4bc69f6e-da1b-4736-b9b3-a97686c089c5,1380258132710
3,Bug-d162dec1-f7a3-458e-8d46-7386bdffd151,1351151139467
2,Bug-65a775f0-0330-4937-b37e-c83d9a5dcd79,1384463539950
2,Bug-81f95442-4a25-4309-b1ed-3d82b37ea17c,1320168748650
1,Bug-7cee88d3-4416-494c-a7cd-0a5086fcad80,1407518280099
2,Bug-a34f4264-68f7-444d-a636-a5fd640df11d,1378488370966
2,Bug-20d01217-720d-4591-b1a3-74838c7e794b,1392205974095
2,Bug-99898406-462d-48ce-8981-7f0a47e7e2b9,1388791625822
1,Bug-da34d535-5188-42e0-8ec8-b7779657d7e8,1402527898885
2,Bug-0dc7c651-136c-4abb-bc78-c6257194bfbd,1409962360764
2,Bug-35e376a8-b0aa-4d00-9b03-3df50e4c7a5e,1401843346580
2,Bug-7141c33d-1af4-4cb1-8d26-a598d7b8288a,1380987350722
4,Bug-7a4f669e-4b2d-4d29-813a-2bf83a5d809c,1378414056232
3,Bug-ce8e672a-e2d9-482e-ac7d-294875da302e,1386026816516
2,Bug-fa14a545-c9ea-46af-9169-c3d8ee5e7d87,1378292902539
2,Bug-00ffe256-c299-4f3b-8a17-99c2e32adf6e,1365787693314
4,Bug-1d199e81-6bc0-4dce-b970-09688f2add3f,1376980295539
1,Bug-8b060935-3402-4619-a1c2-588cc68aba7f,1396519568449
1,Bug-ba571aa9-c8d9-48df-af46-3397753e4b5c,1410823278366
4,Bug-27d88980-935c-487b-b7a2-5106e72c177e,1382345718294
1,Bug-c24c631e-a3a2-4ee8-bee3-9cedceaa2bb1,1408670348580
1,Bug-f5e8805f-9e67-4fbf-8a18-9a8fe58131e4,1385091260365
1,Bug-8f15f7c1-8889-4741-b9e7-84f06c037b1c,1381779524762
1,Bug-aa9b69b9-005b-448c-80e5-c9c25a5f1e70,1403760652130
2,Bug-3e19394e-5d8b-4d8d-b05d-ae0041cacd7c,1343745127465
4,Bug-01a1cf08-aa65-4953-9535-dbca5100d314,1370311791372
2,Bug-8ee6b5bd-2790-4e08-a9a1-94e6d998c09f,1390450424347
2,Bug-b1e61b8c-f6a1-42c1-8ced-08fa91d209f2,1404920346003
1,Bug-64aa49e7-8954-443f-b3e3-cb04cb188ff3,1313628639410
2,Bug-914e53d5-0a5a-4b80-968e-049459598240,1389239013157
2,Bug-0597552a-f7ef-4db3-a641-26a3bff82fa8,1297887662816
1,Bug-296bcf85-9153-46a8-9ca3-1650e4f7ce4d,1396486338422
3,Bug-1fc91051-ac86-4e90-b7e0-59a6a94ca9ca,1396992645436
2,Bug-4a552a02-86f9-4f7b-9dec-f0f7e46bf7ba,1382630261086
1,Bug-fc01cfe3-fb56-4a8d-887f-c95015491a59,1381097141909
1,Bug-903b649d-cb70-49bc-96a4-0d2e84308402,1407927053435
2,Bug-a220cdf5-db69-4ac6-a56b-c53314e9b861,1376507765390
2,Bug-6131cc9e-1b18-46d1-a789-2d54cb8c84c4,1354513099034
2,Bug-d07c5e67-c262-4c03-b653-ceefde99b4b9,1338389089120
1,Bug-9c767629-118e-4946-8fc5-73bf008f4d8f,1404338355171
2,Bug-4d9e403b-9d89-47d1-9f6f-74917af37549,1408665246631
4,Bug-169a1caf-03e1-4fda-b364-ce9e70ff63f5,1384982253090
3,Bug-d3220b92-e5f7-408f-b136-d8d1f6dcd277,1387502358463
5,Bug-e6ad0ce4-67e1-410a-8dba-4b88eb2a555d,1401760351817
4,Bug-d7f27cb3-e574-49ee-9f40-c7579aea28ce,1401298272180
2,Bug-1d75735a-8715-466d-a6db-d8e38ed3a6f7,1398170253479
4,Bug-6daa1cce-864e-440c-8c55-60afde0f381e,1326179880616
1,Bug-962be0e2-ea52-40ae-ae06-34eda1192d4e,1376430850976
0,Bug-aeb3ef23-2066-4ccf-9ccb-5b7995018c65,1382560371462
3,Bug-e83b7b43-1c33-491a-9978-a381e01e4fa3,1385460645376
1,Bug-2853f573-9354-411a-8de9-7b581a17e320,1341836222953
2,Bug-840f58e8-ae3c-45eb-b6d2-769750da2bcd,1401326982588
2,Bug-d3b6596b-0425-4df8-896f-b64c39e4ca9e,1392095377853
4,Bug-049dedd9-4d70-4b3d-b0b7-b43cbf98b948,1393542995042
4,Bug-0c16ad35-3f67-4f21-9744-b2040f098660,1405034621135
5,Bug-f9f156ee-9788-45f1-a69d-fb0f1efd442a,1407390126159
2,Bug-3c34c033-a3df-483d-91c0-67af42af4927,1407396298284
2,Bug-4a107442-5554-4da9-92ca-e96b0c976011,1382545476785
4,Bug-37715b4c-096b-4b09-9abf-7e65104e8b9f,1382054115239
2,Bug-22ca4d7a-cfc9-45ae-87c0-9a84f421444d,1369088144459
1,Bug-12bc4f34-1e71-4508-90eb-c1fda59a2be6,1402596999051
4,Bug-401212b2-7462-4514-b237-ff22b10ac77a,1371768002186
2,Bug-8066c5db-16dd-4bcd-afd5-95995cfc84af,1384909974676
2,Bug-e5749950-9c32-4d55-8528-861d8d7eb85b,1390253691918
1,Bug-1f2ebd45-c46c-47c1-a455-3818571df509,1390274688060
1,Bug-b2131720-f4c3-4a5d-8b26-4716497e3a09,1410822233472
2,Bug-d871874c-9fb5-440f-b481-f6c2c94fae2a,1322613865692
1,Bug-73f14927-bd5b-4fce-a36d-871e489e87f8,1374096980468
2,Bug-c05062ef-8fdf-459c-9c3c-0d2fe09c10fb,1379365254946
1,Bug-0d364261-e707-4124-9465-17633c931c3a,1409183059351
1,Bug-145b26a6-f999-43d8-a361-10322a0f04fc,1398991605060
5,Bug-224d47de-e004-4b0c-b60c-30449084db39,1377808575663
1,Bug-fd203e27-3252-4b00-9d87-bdc831427702,1409116992032
4,Bug-91afb2ba-2b69-441b-9191-89a5e4b15934,1408750801986
2,Bug-cbfee29a-5520-4752-b4db-88b5f724380a,1400103734781
1,Bug-1ced9764-e029-4a94-9e9a-f022b200d4a2,1401467234913
4,Bug-c925496b-d046-4d71-a025-3ca13d8d644b,1410020422012
1,Bug-7b1914d3-9acf-49ce-bad2-bfbd6f640c54,1374771042927
4,Bug-a465f724-3c88-4770-a41c-c2c0915dcd2a,1396589861844
1,Bug-8ca7eb79-3b6c-4367-86e1-2f7dcb1951dc,1394140077675
2,Bug-b778dcd8-4452-4c83-8028-076642f40660,1381863553430
1,Bug-33a79a56-bfd5-451f-a5a4-87389d3644be,1410217488502
1,Bug-eb4a0da3-8881-4845-9e87-5a11d962331a,1342151470807
2,Bug-8a526c43-8e82-4167-aa84-530c99e26201,1377127756764
1,Bug-2506b966-e405-490a-ba73-a1982343bbdd,1373962544381
2,Bug-59fbde54-33da-4a8c-aae8-fafd2a4d0458,1372749758115
1,Bug-75d59522-976f-4e81-9b20-957ee811b702,1365600359119
4,Bug-a4660d8e-d3b9-49fd-b66d-c6e1482be79b,1392072707166
2,Bug-7d6e53a9-d757-457b-a7ef-0f4c37f38144,1384326643036
1,Bug-9a301427-6ca3-41e1-ae17-0674d7a19dff,1400221776646
4,Bug-00554826-aeda-44a6-91b5-0cb704eadcca,1359443107427
2,Bug-cba4d13e-5b0e-4ab0-8924-338d6ee38acb,1386631540423
4,Bug-ed52344f-1fb4-480d-b470-7dac6fc8e5bf,1375809541707
1,Bug-2a729e37-5326-448f-bc78-3083e87b5402,1381017266650
1,Bug-88981acf-3c97-493d-ad56-66699c42f3a6,1385417092220
2,Bug-9d325115-7da5-4e11-b3af-133a464e53c9,1400029818613
1,Bug-397e3f15-ecf8-49ce-8264-0604f20cfe39,1368434685666
4,Bug-3ad8fa88-1122-40fb-87c4-a4147b1d4f55,1392624219746
5,Bug-4c8c363f-50c0-437f-ad09-091d5ed6c16c,1398192191325
5,Bug-f6aaf975-3bb5-442b-9182-b9d8449a11dd,1397024461074
2,Bug-20e20e14-deba-4373-b8fc-9cce67f86baf,1408661023350
1,Bug-d1b38983-ea98-416e-bb02-9c44f408ee7a,1378775301972
1,Bug-e914006d-5342-429f-a11b-c9824da80088,1387231213740
1,Bug-69fc7755-0bd1-4f5f-b27c-e8b01d268918,1402352554776
1,Bug-a2ac8087-8128-4f96-8b0a-3da724a178c3,1396560995536
2,Bug-accef1b9-fe86-4ac9-891f-f494558fa1bc,1248743095774
1,Bug-81bfc0a9-c251-4689-831e-7cdf12aaa5f8,1373399201211
3,Bug-e828b5c3-adfc-4157-99aa-6f5d01958e31,1397764062773
4,Bug-4b96a301-90c5-4153-a4cd-57932dc69799,1406018840248
1,Bug-5f831fe9-8a07-409f-9477-4a0954440101,1407873991695
5,Bug-969df429-3508-4335-aa5b-8b411556b263,1382676274538
1,Bug-22b22175-1ac8-4d04-a859-bc4abe8becec,1386557490363
1,Bug-dcb1813a-0095-4e54-b2a2-0eaffa26b9a9,1365784584266
2,Bug-edd858e1-b3b1-41ee-a284-12c987514df7,1410504501813
1,Bug-2f3eb8f8-a57b-4569-a89a-5992b3e235fe,1394454872499
1,Bug-83499688-0da8-4316-bebd-4fef29cf0d84,1398205676251
4,Bug-919647f6-a750-4f90-85ea-a6696c08c0ab,1393241433163
4,Bug-232ababa-f9d3-416f-b670-7869f612592e,1367819315334
0,Bug-7209d558-eafa-4714-beb3-73b102fbbaac,1394675853755
2,Bug-e2560d9f-d675-4660-965b-c940c26f3045,1389398094996
1,Bug-079e8c66-7434-4fff-94e1-7109256cbb8a,1400481103172
1,Bug-498c25a7-d7b7-4b38-9aa7-fda36fd77bfa,1373375275440
1,Bug-aa28dc33-8679-4214-9454-879d2e86fa86,1397510580016
1,Bug-a3dbe827-fa26-4af9-83c8-836d7fe33703,1398115220476
2,Bug-e2af8e27-5d5a-41fd-a869-3f902735f30b,1409351384123
0,Bug-717d4cbd-d481-4998-9d24-e4907deb2f47,1394219517323
2,Bug-a3c5e05c-19ae-4b34-9844-1e8d69046910,1339609940136
2,Bug-f4dca956-3bb9-4bae-b70b-156df31d5878,1372438336530
2,Bug-bfa9709a-ebf1-4612-80c5-ac90f5638b42,1407350860368
1,Bug-2f7913a5-d303-4975-bb0c-3c81f7db3e8c,1398981248634
2,Bug-5f3abeac-4542-4e16-999b-4d90082e9840,1394197801443
4,Bug-322f0c79-fcaa-4192-aeb4-6c8e0c137c6e,1396588385802
2,Bug-54f8e455-41dd-4b51-81d5-415278b0ac84,1394094540295
2,Bug-996e7389-42d3-4c37-bedf-1dcceee1d014,1375819557545
2,Bug-f7f3aa5f-fa98-4559-849a-875cd014b98d,1399950144671
1,Bug-3dc6257a-2896-415a-a740-96a9a1e5cde7,1406679954140
1,Bug-6eec4968-f7e8-4704-aef4-f63cdfc4c580,1410560252314
2,Bug-8ff5d427-9602-452a-9904-26cdcae4cd40,1381707309442
1,Bug-a9449275-63b7-42f5-a0fd-c3c4d9dfd94a,1405581751766
1,Bug-2ed5cefb-cb4c-41e8-8038-4c942f70943b,1407533108065
1,Bug-5024da19-2847-4ce8-8768-aa49fb98fe2b,1391728907296
2,Bug-5ca14d3e-7cfe-4f75-b209-d3f24c575289,1410419443104
2,Bug-aa56c5bd-4a05-4f8c-8979-0a69f5b94fc1,1380935053466
4,Bug-ebc53ed1-3834-47fb-8f5e-d08348b35b73,1399580370052
2,Bug-75761968-a871-42ec-8d34-cb2619feaaef,1396308527737
1,Bug-95e9f874-4a28-489c-bfbf-68fc997ad3a4,1406044605651
2,Bug-d1ce0e94-0ff6-4c8e-a934-684a09c4ad81,1268349833335
4,Bug-330cf92c-30a9-49dd-9d05-63c6c583b1c1,1397593402237
5,Bug-2e68546d-62ae-41ec-9def-b6544acf5be6,1392634493566
2,Bug-59968c23-7532-4c89-89c2-a818a556a024,1382932229098
0,Bug-b3c8550e-bf2f-4c2a-b9d4-9dc32f290da4,1406066793223
2,Bug-fe257c1d-d945-4778-a7fc-489dc066b245,1402459579823
2,Bug-f5fb0ca1-671c-4e67-a5f3-5508907b105b,1369846707295
1,Bug-ae7b1ee4-1049-4a92-b95e-e64e50c0244a,1332650620926
2,Bug-8cf13278-4105-49a9-9af8-9d8dc89a5772,1391203829918
1,Bug-b4bc6afd-9195-4114-b78f-2fb127af9177,1402088043906
0,Bug-e8b4a16c-73d5-4146-88a8-58bc6c3674a2,1360345143892
2,Bug-4c45b6ad-4602-4a4f-a693-87db3517e5ab,1387507793827
1,Bug-7c9d8339-94af-46d6-9ba2-34aaa3a0df1c,1392279442651
2,Bug-85a1e8f5-366a-4048-a2d6-c7425c9ffdb2,1383015550479
2,Bug-6c950995-0625-471c-a62b-f616efc2679b,1374223856915
2,Bug-9b10b10b-be9f-4e68-b392-8e231fa6d102,1391611425775
1,Bug-0304518f-4ca8-48d2-b54f-17c43e911549,1396304203741
2,Bug-afd3af81-0e35-409c-9f6c-350afc3504fa,1404770795418
2,Bug-fcf54493-05cd-4986-953c-7b937da29c4e,1384504318879
4,Bug-70314c47-027f-4ef8-89fc-e1ab6f7c8d92,1382467384051
4,Bug-d0fc0ca9-b236-47ae-bad0-557a47ea8bf5,1393960632105
1,Bug-f5581a0e-8107-48dd-9f61-2d6662566659,1405469593204
1,Bug-62af9634-f593-43b6-8e21-3c4fa5178070,1390509343875
2,Bug-0c426122-1ba1-48ba-9cdf-bba16fd097ba,1401781630710
4,Bug-3139bd82-ca8d-48eb-9b38-652ae99cd0cc,1394342290390
2,Bug-32d31297-8ecb-4e80-bf3c-8152bbc6ed70,1378926737278
1,Bug-ae65d4d8-796a-49e9-a3ad-7e0ebc94856c,1407869648555
4,Bug-3c430fad-9979-4fd6-9c8b-8758342cbfdb,1367825257356
2,Bug-b3e6bbef-fd9c-40e3-bcdb-cf09b4649c82,1374700100104
1,Bug-05370ec4-f266-4e34-8368-78cfdccc90bc,1405563922107
2,Bug-f8480bcb-0e07-4ff5-a338-8f435b3cd331,1391106942758
1,Bug-e9fea91f-4f81-42c7-8697-7f0d44ab6466,1403285910899
2,Bug-a6471e5d-a58e-4019-936b-a02fc81cab66,1389227347988
1,Bug-d412f529-6c48-4451-9b7c-b7469d838584,1396655794826
4,Bug-2738a678-4bae-4138-8b7b-f581b1ee579e,1396069242071
1,Bug-cf0e04bf-f80d-4d7c-866d-0ae19527dbb3,1378744596934
3,Bug-1f8c8b5a-180e-4b60-be35-819da02d4b91,1396653371614
1,Bug-58408eae-f691-45f1-ae2a-3cc06c6a0b9e,1407483288149
2,Bug-89d89cbf-f53a-4d68-87c6-4acd0062f763,1408153971146
4,Bug-52d8e35a-a2bf-40f4-880e-7d4e737336fe,1367259945331
1,Bug-a58d6bde-c272-47b7-8caa-8c3a0ed7a4eb,1389236072395
1,Bug-02f692a1-5f13-450d-b175-72dc933e3938,1400518478262
2,Bug-5ed9491c-09e7-466c-910d-1face703348f,1396789275390
2,Bug-d3c54838-a8e2-4730-a0b7-342cd33b8c03,1386118377133
4,Bug-523d1825-b28d-41a4-9e6b-4321e4652b7d,1370894455801
1,Bug-b3ec8132-4d68-40e6-b6c8-21a3054035c2,1384007894568
2,Bug-061fde58-c510-4a10-a7c1-22bfb97d5acd,1331647605215
2,Bug-2091013f-fef9-45f9-960d-84544fd16995,1403299685456
1,Bug-5d800176-c606-45fe-809d-5798613b72fe,1390449930171
1,Bug-8897c079-db35-4174-91b9-e8a05855ffcb,1375908407672
5,Bug-e517f5d1-c8d0-4464-bcc4-18fb6ee51aa4,1281713760221
1,Bug-5be6a639-307a-4790-9cc2-b5793a42251b,1380646334135
4,Bug-49d59add-f3dd-43b7-a361-c317fd38ad5a,1386806616640
4,Bug-d23fc1db-c24a-4bb8-b813-970931210122,1365167653903
2,Bug-4e318134-b9de-4663-8173-afa964988894,1376285033223
4,Bug-ea3ee0b2-bcda-47af-b09b-4b52ce54b35d,1408676436152
2,Bug-f5ce4f01-cc74-450f-8615-a661668fabcd,1359072521497
1,Bug-707dde93-c100-4a6c-8cda-ae0301a48588,1405716693378
1,Bug-9c879ee1-7197-4457-b5cb-e838f3bc17d3,1409027344625
3,Bug-334c5d04-8bf5-4efc-a427-1e219ff97b56,1369986314519
5,Bug-4f5172f7-a0ce-43c6-ae37-fbdd549877b0,1363690436659
4,Bug-92223971-741b-46aa-8aa0-ebea94ecb739,1377049561747
4,Bug-52b88444-a812-41b8-886d-d9b4981f2ff1,1410792304677
2,Bug-f75abbb4-8050-458d-a407-d7e246670453,1388955921808
4,Bug-2e2d0651-b5b2-4543-8b15-5e065a0e69d0,1390934450429
3,Bug-b0056139-4dae-4262-86ca-4bde7451d0b3,1390756228583
2,Bug-d08c6bf2-9794-413a-b4c4-42b9a1d982cf,1394661038277
4,Bug-472f5bec-03bb-4047-8e29-355b22607cf8,1380702680802
2,Bug-842569a2-ba09-4e97-96c0-154b4f3c5bc9,1339610555824
2,Bug-b973e50e-8448-413d-9441-05c015aec58a,1384459413629
1,Bug-f6623ec5-4e3b-466b-8fab-6fbba4f3d03d,1346979660530
1,Bug-b8ab6458-1135-4fe3-989e-ce750ba0466a,1380318433588
1,Bug-c9fc01ca-3bb6-4b3a-a3bb-cd6d5c3f005b,1382129502389
4,Bug-d9299959-7aec-49d0-87cb-83740e701569,1409871123860
2,Bug-66dc35d4-0a2f-4c2f-91f5-371e93e8e67b,1356719214796
4,Bug-a206f002-8bb5-4ed8-b420-7aa93c6979a3,1409135047505
1,Bug-f6b4ff83-b6c4-4c08-8223-8aa07b636b2a,1380822823469
2,Bug-3ebff6b5-f5ea-4ed6-a9f5-e92a4148c5ab,1408160686911
2,Bug-672827d6-a2be-4fa3-972b-c0e3d24c8893,1397068080744
1,Bug-a5d88aa8-e97f-45f3-8392-49b55bf1a1cc,1402404213464
1,Bug-20d1d388-3f22-459b-941a-fb6f09df5f58,1378976415203
2,Bug-ef40b868-f1b5-4375-afc6-ecb2ba0bc48c,1405469936340
1,Bug-4a02af6d-ce11-438b-85d7-787bc47d0a3c,1398146990161
3,Bug-4f249c48-c294-4da3-9799-16c593d195a5,1400812523968
1,Bug-fc564291-5400-4f92-b3fa-79bec7158547,1386711724316
1,Bug-77c1196e-2801-4d04-86f4-c44d35b4f86a,1382364619916
4,Bug-02ac58b1-cb51-4980-924a-ab17915903b0,1387839999707
1,Bug-002f2cd8-4985-4b4c-8e7f-31c1b45fddc1,1298966384959
2,Bug-7e8dc1c0-ef77-42ac-975f-f2ea658f6094,1385969714723
0,Bug-9fb2bea7-9792-4007-98d0-8ae9348a10ea,1388711353206
1,Bug-a89716a2-7c1e-437d-a955-c80f74f379d1,1388011409860
1,Bug-cbc944ec-8c99-46e1-827b-1f39d1b1fba1,1380873364243
2,Bug-3ab59c53-0d29-44a5-a44b-4a3a4e38427e,1379976802392
2,Bug-7b396097-981a-4bd5-8ba3-9970ff998d67,1382568518734
4,Bug-19d2339b-838d-4b00-86db-33285f000f1d,1383252807029
2,Bug-e9d58687-4e41-43ae-96ad-b83748786d23,1396896915678
1,Bug-278d1eba-b0e5-4962-866f-876a5b7ccf56,1390450212888
4,Bug-8c9b6bad-8137-48f1-b2ff-3b203061fbef,1398201867225
1,Bug-49d66851-2892-4899-b3f7-b7215e3984e7,1409789133514
2,Bug-143b58c3-66cd-48dd-9d34-b1a935145502,1400103216211
4,Bug-085c2b61-7720-4d7f-814e-8783a8694abb,1389997100316
2,Bug-ee440103-f211-4fff-b6c4-5d2d71226514,1410743884456
4,Bug-32b03898-187d-4573-815d-d039d673546d,1380177599344
2,Bug-2808eb76-e6a8-441a-b7c9-7c976a85af43,1353364125979
2,Bug-deb22403-b380-4b1d-9fba-a3e5e80e09c8,1408310009076
2,Bug-7993c56d-3b7c-40de-8487-cb8aad8aec59,1391736812393
4,Bug-a9de9902-3c2d-47be-9744-0207753a3f79,1368479342841
4,Bug-8b53bf93-7d22-4411-889e-96a966d7aebe,1400177409347
3,Bug-4762e563-0e28-474b-a00c-d4ff416d3a41,1382663199429
4,Bug-2af6a6ef-ee05-48f7-b401-43553d4514be,1410557000898
2,Bug-c98bcb9c-823d-4d9e-b977-a338ad5a7ea5,1386804938006
1,Bug-cb13d7e7-cf21-4e03-a6dc-44ea993c5305,1410199488000
2,Bug-0a893806-1409-4021-92cc-4b0de3443dd3,1373322153633
4,Bug-1caca167-d010-45e4-ab8a-bf8c7d4026c2,1380319595194
1,Bug-76226496-129f-4544-993f-0a3099e4a464,1390450625998
2,Bug-2f8f2072-c70f-4e9f-a1f3-20b5e140d800,1406797075168
2,Bug-b92d3e37-800c-4fcb-8966-be1a9dbefa86,1395293174739
1,Bug-2069f98c-1d74-46b2-b10b-79a61186ea69,1390450224489
3,Bug-161cc359-aa85-4843-a994-b518dcea9462,1394570910394
2,Bug-199db0f3-fbe8-4031-bc7b-5121130f554b,1388129216475
1,Bug-af3efecf-e1fc-44c0-bbf7-05db03282439,1391626001027
2,Bug-294f353c-6a43-4a52-8b84-dcffe35b8131,1394674900964
4,Bug-2d9d4701-2168-4061-9ce0-f311e9835f86,1371657954905
2,Bug-88a32c51-38a8-4476-8ff0-929f01ab9e12,1398204669521
0,Bug-221db01e-bd98-4d35-82d9-e1def4b36320,1395424764064
1,Bug-c8fb2e61-23c7-4875-8d63-64491b558e74,1393668292696
1,Bug-8925c349-37d8-4a55-aedf-cb41984b3d65,1351125483993
2,Bug-dbb2c6aa-3dee-4da7-b8f0-f6baa050c30b,1374709955554
4,Bug-c0f26d78-9069-41c2-ba0b-8cd1039551cf,1401751880407
1,Bug-48a8d753-b361-46c4-b3d4-7bd01708d760,1385417165164
1,Bug-e5da33e6-4502-40b8-a1ea-cacd12939582,1389771255610
1,Bug-3b60163b-7b69-40d5-a201-e41008d22d84,1281593113420
3,Bug-b5c13c61-9cb6-435a-8b57-84f1eb712f48,1383844715377
1,Bug-fd8ccd39-854d-4b69-ac5f-61625e3ab254,1406767560709
4,Bug-e0f51d2c-7e6e-4d0a-9737-621832c0d778,1313451928532
4,Bug-8944e163-c214-4c3d-895e-903d71675bd2,1390370594123
1,Bug-be72bb23-65a6-4008-acd9-1a3abc64e5af,1405741745843
2,Bug-58d7bf9f-35ba-4177-9a57-c50410c0e7c8,1396474696854
4,Bug-c2e2023b-5d09-46da-be4b-4c815265b4ed,1403219565391
2,Bug-a72f0e67-c9c5-4631-8f0e-854873d9f828,1381584152753
2,Bug-0ac5978a-4b4e-4ae6-bc47-3f60fdc56ef2,1376006831295
4,Bug-177f9e12-457a-4b0e-bb67-fb9e8e4eb18e,1377727076541
1,Bug-ebacacc0-0432-4a02-8581-f69920a7fc08,1394059059838
1,Bug-1645b62c-0e94-4445-bb39-268d8dee587d,1367255434754
4,Bug-6ab20f1f-b43e-40be-bcaa-d667196e60e8,1402516225696
1,Bug-10b2bbb1-c6d1-419c-ac49-0080d45f961e,1396483487002
1,Bug-2861b3cd-3398-41b5-ab5e-6c7395e8ffec,1404352522808
1,Bug-b8a4e8b9-3068-46bf-bfa9-b25d706a0db8,1404186740772
2,Bug-b0085560-49f7-4bc6-93ad-be0518e9f3c5,1389159363319
2,Bug-f81623a6-d87d-4048-8f05-eb5feb45e6e8,1395080004622
1,Bug-3bdf0c64-63e6-4d8c-9f68-4a27724d6cc8,1394573838184
1,Bug-9802f19b-900e-47ae-aa13-aee3e93cf995,1348106749972
2,Bug-6b5c2a23-f092-4494-9eec-9c816ddeb898,1363326194339
2,Bug-7acd1309-c6a0-462f-9dfb-04110b0acb65,1396645460762
2,Bug-f8f82ebd-a018-4adc-8c4a-8d52d6efffe0,1382469996894
2,Bug-1c0067f4-19a5-4e5b-b22a-8b92e8156187,1368726937075
1,Bug-6386d109-8c9a-4b7d-a10a-c55dfce1eb0d,1407981374957
1,Bug-bdf3e37e-74f9-41d3-9f48-94e1f8cf9e8d,1381009764581
4,Bug-0250b894-68ce-43c2-8341-1a052c947cd6,1405579674843
2,Bug-afea39a4-7aac-489f-bddd-1baa7c6e3584,1391414655208
1,Bug-dee96414-934c-40c2-895e-48cf31acaf0f,1387318989793
2,Bug-67140ab7-9bc2-4ef0-8871-18b1d53b06a2,1390788483243
2,Bug-7b7e39fa-ca03-434a-9043-87e1ab369e33,1383093322446
2,Bug-b422ce88-6cc4-40a5-b5fc-eb2a45955d45,1387457033068
1,Bug-31e4dd74-f80d-49df-bb98-82f9f48077b2,1403045385779
2,Bug-c5abc65c-96ab-4556-b7d5-3d1b16e3f911,1398106510406
1,Bug-b4a966f6-3959-4916-a69e-8534d551fb3c,1367983939745
2,Bug-b2216515-2180-4546-acfe-d7ee826e4112,1394450972123
5,Bug-335364b8-49dd-45fa-8ea6-6f078512ee4b,1406548748998
2,Bug-a92c2af0-e5f7-402f-90a5-5d4586130116,1373756938926
1,Bug-6c2053f8-4391-4713-b6df-fe63766bbf9c,1379524543822
0,Bug-2fc4a03c-9ecb-4409-9a6d-c8ffaba8b840,1376078065500
1,Bug-4304ee33-b406-4e81-9f9d-2b45dddf4eb9,1404117616992
2,Bug-b8195ef7-d0a6-40f2-aa3f-790ee63d47a7,1399903696828
1,Bug-088d33e1-eea7-41bb-aa1f-1e9fcf40797c,1377063622024
4,Bug-c037573d-4554-4f18-b734-26e61b6f371e,1399064415176
2,Bug-e62c1ccd-dc92-4682-8102-e5d799644817,1394010116572
2,Bug-66d8c096-3d7e-41eb-94fe-a90b1161d442,1390449932749
1,Bug-6f9f3d32-3ab7-40e2-b602-5b8219054241,1385999485049
4,Bug-270aa9c4-62b1-47ec-b1f5-3450e4a8f33b,1398159750552
1,Bug-47b4d39d-9b2d-4ca6-aec3-5a08233241a4,1394780623388
1,Bug-9ff4b5e9-6348-4778-89ee-453e7b2ddb24,1401701861089
2,Bug-d922e121-353e-4ea6-a862-cbf9820067d4,1377480943244
1,Bug-ba2a4592-3d91-4382-b943-16cb0301d748,1381885049169
3,Bug-d223a6a4-126b-4722-8ff5-3051b9b3bd9c,1376085587956
5,Bug-193c25e5-4290-4d0f-8a28-4df25b668926,1407926792407
1,Bug-02648785-9b16-4afa-90ea-74948d1004cf,1407350361272
1,Bug-9269737b-6960-40ac-a466-151af15bea9b,1403495035793
1,Bug-c9796110-6b5e-4298-8c7e-8f4992832335,1382336519705
2,Bug-62fa95cd-7670-47fb-bd8c-f5d9f3957fc4,1406222409409
1,Bug-fd897b08-3ede-4c6e-903f-e2bed3db4064,1311765868713
1,Bug-a5b2e719-b409-410b-a849-486b9db424ed,1367203755479
1,Bug-c440b8c6-bc74-48eb-8612-82ec29fa5e4e,1400108720195
2,Bug-26f48514-b18e-47a0-a1b3-9e1e42c15df7,1383638666689
1,Bug-0881db61-f273-42e6-9b4e-fb95dcef13e2,1407288773577
4,Bug-199d2660-7803-4f04-874b-0dbfebfbe7de,1381954084660
2,Bug-6ec11d0b-2224-47b4-b23c-f733778853a0,1408356047646
4,Bug-ab054a0e-3dd5-480b-8c83-4acebae51482,1386976501286
1,Bug-9ae3ecba-6609-4f09-826e-769fabe12f37,1381528572457
4,Bug-7271ada1-ee0f-4e0a-a631-dfad193f8332,1386977275902
1,Bug-e03d81d6-ed15-4404-9eec-e6a3abd02bdd,1379788060373
2,Bug-3d9bce7b-7ad6-488f-a317-7c1aa817d229,1408735169038
1,Bug-45c7fc7e-0a41-4faa-9201-8e2a791f4a88,1372825627821
2,Bug-1f544987-2eb6-4c3f-bbd6-56ce8efca579,1386210715888
4,Bug-080cd88f-a3fa-49d9-a44e-548aa0537144,1384222508197
2,Bug-2a6a95e9-85aa-4d2f-b7ee-26e8615bdf93,1404921735889
1,Bug-78c8e0dd-feff-4572-9088-8f23bcc018b9,1382390811969
2,Bug-3a596856-23d2-47cc-b769-e9d918827cee,1382945034392
2,Bug-96788e44-0a47-404f-8bd0-3ec3b90e29fb,1389999631824
4,Bug-d2fd3b89-72ab-4d0a-943f-191a712d6dca,1410802226046
1,Bug-17c1ac8f-53cc-4840-9ccb-95dcff8518cc,1380741304642
2,Bug-fc47deba-3bd4-44ff-8fee-1247cb869d68,1405119770002
4,Bug-a3275b20-7450-4107-8f26-e45949a1cac4,1362190254331
1,Bug-be1ec0df-b6b7-497a-85a6-cd6302077de4,1402012295996
4,Bug-be408bef-4ed1-4c1c-8112-b01d0cfa9e72,1336500575231
2,Bug-eb956231-3d43-45eb-a8fd-37e6762f452b,1402972022432
2,Bug-3df863d2-58f8-432a-a58d-1cd9780a0c48,1385455552832
1,Bug-3a9713f2-0803-43de-80db-37ddbc2febec,1380584504187
1,Bug-a9c34411-b256-4a23-8835-5506798fd377,1394485323140
2,Bug-e1df2024-acb2-4f6b-b895-5802b2627e46,1363892205064
3,Bug-bf6f90c5-37ee-40f0-b2c2-8a9035f882a1,1400633112167
2,Bug-44231e35-770e-4bdb-aed4-c74a1064a934,1379622597113
4,Bug-90e258c6-3ed8-4c96-9f6f-b9d1f2f8ac4f,1407401729413
2,Bug-905e6527-5173-4db9-9a4b-d1a66895e2b5,1407885217456
0,Bug-53a9f2a2-efa8-42ed-9578-d5c3211b1e0c,1370586330350
1,Bug-6a662ec4-a84c-4819-ab09-16997a11cdd0,1398986554419
1,Bug-ec01c59a-b042-4b5f-a7a4-aa480c1de4aa,1410377597674
2,Bug-b0f4a656-9a0d-4bdf-9c03-800e7b9715fc,1374178904417
2,Bug-07f4aa6e-58ad-42b6-b805-9cb2e6af47ec,1342550758797
1,Bug-96ba63b1-6267-47ad-898f-995864740766,1395091616557
0,Bug-edd67a0c-6d58-44ba-9caa-90b8166c38a3,1380590951845
1,Bug-5c0e0d3d-0e29-4f8f-871c-81cc7d52ddd9,1399341605210
1,Bug-51bf5725-eb81-4b54-b0b5-c0d17a213d37,1389190345884
2,Bug-63ae4ae8-afb8-4dec-adc5-c035523d6c43,1378240829764
2,Bug-f9ed49e2-335a-489d-a0d0-d72f1ec7e67b,1381184718897
1,Bug-177a53fc-20fb-4de6-b2b1-22cf5e72212c,1389843418407
2,Bug-57b17bb3-3161-493f-a105-f132617eebf9,1366086203666
5,Bug-574e3f18-6ff7-40a8-9ee2-fbd6a227aa45,1403773440052
2,Bug-00c733dc-f551-44fe-afca-bf58a2a8a8ce,1405123322917
2,Bug-41fd3c41-adcb-434e-974e-7ef84ce7ff93,1407446661749
1,Bug-52a3e056-0aa0-496a-983c-a60b7d15ee04,1394734100591
2,Bug-7bdb7f69-7e33-4e5b-bb7d-8c4ab3b5737a,1295521835935
4,Bug-c6bb6148-6317-45d5-bdb3-5fa621a6cd40,1371171836771
4,Bug-5aa6fdd3-6c4b-4013-a880-dc81f1f1c037,1398356045694
3,Bug-66b9f289-a5d5-4370-b6d1-aa3d2cd058b3,1390344963173
1,Bug-4e874fad-1c0a-4f6b-b509-cb876e6a5843,1389747084665
3,Bug-5794d629-71e2-4833-87e3-03c111a1a3a4,1358156224798
4,Bug-eed6f2e2-3fdb-437e-bfd9-3a58e18c28fd,1398446989381
2,Bug-bfd721ff-9fc0-4278-b18e-fd20f3f68eb4,1372790903944
1,Bug-51101143-65ca-4ffc-baa7-044da865f7b3,1248198925498
2,Bug-ef66dd9b-f683-444a-953b-4dbd371b64f8,1394069101666
1,Bug-100ad507-433d-42de-aa65-ad0e93302117,1409671954656
2,Bug-d1048f41-8a8a-4b42-8d16-4cb1fbf5c319,1349845960621
2,Bug-e88f3ad7-8718-49bc-8855-2f406c370ea7,1366081071033
1,Bug-612742ff-4b1c-47d8-bf95-b47b9ff32bbd,1353570835638
2,Bug-99ef34f9-a058-4b1a-bfc1-9a48c41548e2,1410813613208
1,Bug-87a225cd-483e-4837-8b36-ab6460327252,1377889436641
2,Bug-34bd3855-58e2-4144-bd43-d75cbc5eccfc,1376980046389
2,Bug-8059a163-77e4-47fc-ade3-f073351a280a,1381797199537
2,Bug-c4572780-8104-482c-ac10-23f9cea7b4e5,1394646805582
1,Bug-ecff74f5-fc2c-4630-aa16-c9d79880a703,1400695937460
2,Bug-577376cb-2f8d-470c-baad-c71bfa33f4c8,1388797442982
1,Bug-6b5cb4bb-f962-410d-b795-37b3f35f1325,1407446371920
1,Bug-06b1efee-324f-46b9-bded-bdc72e61d4aa,1367379445052
