1,0.0471698,0.502358,0.334906,0.0448113,0.0542453,0.0165094
2,0.00980392,0.686275,0.27451,0.00980392,0.00980392,0.00980392
3,0.0612245,0.44898,0.428571,0.0204082,0.0204082,0.0204082
4,0.0114943,0.942529,0.0114943,0.0114943,0.0114943,0.0114943
5,0.140244,0.128049,0.304878,0.20122,0.219512,0.00609756
6,0.0125,0.9125,0.0125,0.0125,0.0375,0.0125
7,0.010989,0.659341,0.274725,0.021978,0.010989,0.021978
8,0.111111,0.111111,0.333333,0.111111,0.111111,0.222222
9,0.0153846,0.876923,0.0153846,0.0153846,0.0615385,0.0153846
10,0.0027248,0.416894,0.425068,0.0190736,0.00544959,0.13079
11,0.046875,0.234375,0.234375,0.015625,0.328125,0.140625
12,0.00289017,0.361272,0.280347,0.00289017,0.349711,0.00289017
13,0.020979,0.160839,0.573427,0.223776,0.013986,0.00699301
14,0.0111111,0.944444,0.0111111,0.0111111,0.0111111,0.0111111
15,0.00719424,0.964029,0.00719424,0.00719424,0.00719424,0.00719424
16,0.751656,0.242826,0.00110375,0.00220751,0.00110375,0.00110375
17,0.0136054,0.789116,0.0748299,0.00680272,0.00680272,0.108844
18,0.00917431,0.761468,0.119266,0.00917431,0.0366972,0.0642202
19,0.00680272,0.748299,0.197279,0.0340136,0.00680272,0.00680272
20,0.0194805,0.00649351,0.779221,0.00649351,0.0584416,0.12987
21,0.0113636,0.909091,0.0113636,0.0113636,0.0454545,0.0113636
22,0.147208,0.436548,0.00507614,0.00507614,0.401015,0.00507614
23,0.00740741,0.17037,0.111111,0.00740741,0.696296,0.00740741
24,0.0434783,0.26087,0.391304,0.217391,0.0434783,0.0434783
25,0.0434783,0.0434783,0.652174,0.130435,0.0869565,0.0434783
26,0.00363636,0.981818,0.00363636,0.00363636,0.00363636,0.00363636
27,0.0163934,0.918033,0.0163934,0.0163934,0.0163934,0.0163934
28,0.038835,0.699029,0.135922,0.00970874,0.00970874,0.106796
29,0.0344828,0.137931,0.344828,0.0344828,0.137931,0.310345
30,0.0147059,0.926471,0.0147059,0.0147059,0.0147059,0.0147059
31,0.0967742,0.0322581,0.580645,0.225806,0.0322581,0.0322581
32,0.00478469,0.425837,0.0956938,0.00478469,0.464115,0.00478469
33,0.00179211,0.763441,0.0949821,0.0232975,0.016129,0.100358
34,0.00657895,0.605263,0.210526,0.141447,0.0263158,0.00986842
35,0.0186916,0.803738,0.140187,0.00311526,0.00623053,0.0280374
36,0.0123457,0.91358,0.0123457,0.0123457,0.037037,0.0123457
37,0.00518135,0.906736,0.00518135,0.00518135,0.00518135,0.0725389
38,0.107143,0.0357143,0.428571,0.0357143,0.0714286,0.321429
39,0.00289855,0.373913,0.127536,0.084058,0.353623,0.057971
40,0.00943396,0.00943396,0.867925,0.0471698,0.00943396,0.0566038
41,0.00182815,0.047532,0.164534,0.00182815,0.438757,0.345521
42,0.0117647,0.0117647,0.576471,0.341176,0.0117647,0.0470588
43,0.0105263,0.894737,0.0526316,0.0210526,0.0105263,0.0105263
44,0.00925926,0.657407,0.287037,0.00925926,0.0277778,0.00925926
45,0.0151515,0.924242,0.0151515,0.0151515,0.0151515,0.0151515
46,0.125,0.125,0.125,0.125,0.25,0.25
47,0.0430108,0.0967742,0.462366,0.0537634,0.0215054,0.322581
48,0.03125,0.0625,0.5,0.34375,0.03125,0.03125
49,0.00711744,0.94306,0.0391459,0.00355872,0.00355872,0.00355872
50,0.00347222,0.00694444,0.677083,0.0486111,0.128472,0.135417
51,0.00746269,0.723881,0.134328,0.104478,0.0223881,0.00746269
52,0.1,0.2,0.4,0.1,0.1,0.1
53,0.111111,0.111111,0.444444,0.111111,0.111111,0.111111
54,0.626195,0.135755,0.207457,0.000956023,0.0210325,0.00860421
55,0.0416667,0.416667,0.375,0.0416667,0.0416667,0.0833333
56,0.0340136,0.0748299,0.680272,0.0816327,0.00680272,0.122449
57,0.142857,0.142857,0.142857,0.142857,0.285714,0.142857
58,0.0384615,0.192308,0.538462,0.0384615,0.0384615,0.153846
59,0.00806452,0.935484,0.00806452,0.00806452,0.0241935,0.016129
60,0.0217391,0.826087,0.108696,0.00543478,0.00543478,0.0326087
61,0.224138,0.163793,0.543103,0.0517241,0.00862069,0.00862069
62,0.030303,0.030303,0.878788,0.030303,0.0151515,0.0151515
63,0.0078125,0.796875,0.125,0.0078125,0.0078125,0.0546875
64,0.0827191,0.203931,0.0515971,0.521704,0.132678,0.00737101
65,0.0107527,0.0107527,0.817204,0.0107527,0.0107527,0.139785
66,0.011976,0.658683,0.251497,0.00598802,0.00598802,0.0658683
67,0.0708661,0.015748,0.755906,0.110236,0.00787402,0.0393701
68,0.1,0.3,0.1,0.1,0.3,0.1
69,0.00361011,0.559567,0.361011,0.0288809,0.0108303,0.0361011
70,0.00990099,0.00990099,0.871287,0.049505,0.019802,0.039604
71,0.185185,0.037037,0.62963,0.037037,0.037037,0.0740741
72,0.0103093,0.0618557,0.670103,0.123711,0.123711,0.0103093
73,0.010989,0.945055,0.010989,0.010989,0.010989,0.010989
74,0.00384615,0.0846154,0.215385,0.0115385,0.596154,0.0884615
75,0.00507614,0.675127,0.111675,0.0406091,0.162437,0.00507614
76,0.113924,0.0126582,0.620253,0.101266,0.0126582,0.139241
77,0.0172414,0.0172414,0.586207,0.0172414,0.0172414,0.344828
78,0.00261097,0.0600522,0.279373,0.00522193,0.516971,0.13577
79,0.549451,0.105769,0.0123626,0.296703,0.00137363,0.0343407
80,0.00141643,0.293201,0.558074,0.0354108,0.00141643,0.110482
81,0.0909091,0.272727,0.0909091,0.181818,0.0909091,0.272727
82,0.0188679,0.113208,0.584906,0.0566038,0.0188679,0.207547
83,0.00198807,0.135189,0.266402,0.00795229,0.526839,0.0616302
84,0.787879,0.176768,0.0117845,0.0016835,0.0016835,0.020202
85,0.0625,0.125,0.375,0.0625,0.0625,0.3125
86,0.0128205,0.871795,0.0769231,0.0128205,0.0128205,0.0128205
87,0.00195312,0.00195312,0.732422,0.0507812,0.03125,0.181641
88,0.00943396,0.896226,0.0377358,0.0188679,0.0283019,0.00943396
89,0.00355872,0.341637,0.0960854,0.00355872,0.551601,0.00355872
90,0.0909091,0.480938,0.343109,0.0410557,0.0410557,0.00293255
91,0.0833333,0.416667,0.25,0.0833333,0.0833333,0.0833333
92,0.00847458,0.601695,0.211864,0.00847458,0.0508475,0.118644
93,0.0060241,0.162651,0.0180723,0.0361446,0.753012,0.0240964
94,0.00952381,0.171429,0.114286,0.0571429,0.638095,0.00952381
95,0.00462963,0.712963,0.180556,0.00462963,0.00462963,0.0925926
96,0.00609756,0.646341,0.195122,0.0304878,0.0304878,0.0914634
97,0.00454545,0.322727,0.0681818,0.00454545,0.513636,0.0863636
98,0.0111111,0.944444,0.0111111,0.0111111,0.0111111,0.0111111
99,0.00613497,0.226994,0.460123,0.208589,0.0920245,0.00613497
100,0.00628931,0.522013,0.427673,0.0125786,0.00628931,0.0251572
101,0.035818,0.214908,0.0271055,0.672798,0.0125847,0.0367861
102,0.0576923,0.163462,0.586538,0.00961538,0.115385,0.0673077
103,0.00444444,0.871111,0.0444444,0.00444444,0.00888889,0.0666667
104,0.00970874,0.00970874,0.825243,0.0485437,0.00970874,0.0970874
105,0.015873,0.753968,0.047619,0.00793651,0.00793651,0.166667
106,0.00268097,0.246649,0.0697051,0.00268097,0.675603,0.00268097
107,0.010989,0.0549451,0.230769,0.010989,0.681319,0.010989
108,0.00653595,0.156863,0.00653595,0.00653595,0.816993,0.00653595
109,0.0666667,0.0666667,0.333333,0.0666667,0.4,0.0666667
110,0.0182927,0.939024,0.0121951,0.00609756,0.0182927,0.00609756
111,0.0571429,0.139286,0.457143,0.246429,0.00357143,0.0964286
112,0.00561798,0.561798,0.382022,0.0393258,0.00561798,0.00561798
113,0.0769231,0.230769,0.461538,0.0769231,0.0769231,0.0769231
114,0.00757576,0.962121,0.00757576,0.00757576,0.00757576,0.00757576
115,0.0666667,0.266667,0.333333,0.0666667,0.0666667,0.2
116,0.03125,0.03125,0.71875,0.0625,0.03125,0.125
117,0.142857,0.142857,0.285714,0.142857,0.142857,0.142857
118,0.0104167,0.84375,0.0104167,0.0104167,0.114583,0.0104167
119,0.0909091,0.0909091,0.454545,0.0909091,0.0909091,0.181818
120,0.0131579,0.934211,0.0131579,0.0131579,0.0131579,0.0131579
121,0.111111,0.111111,0.333333,0.111111,0.222222,0.111111
122,0.000963391,0.0250482,0.211946,0.00770713,0.38921,0.365125
123,0.0181818,0.0181818,0.836364,0.0909091,0.0181818,0.0181818
124,0.0176991,0.725664,0.230088,0.00884956,0.00884956,0.00884956
125,0.142857,0.142857,0.285714,0.142857,0.142857,0.142857
126,0.00414079,0.20911,0.0848861,0.010352,0.00207039,0.689441
127,0.125,0.125,0.375,0.125,0.125,0.125
128,0.00342466,0.130137,0.431507,0.0650685,0.349315,0.0205479
129,0.0117647,0.764706,0.117647,0.0470588,0.0117647,0.0470588
130,0.00574713,0.00574713,0.925287,0.0402299,0.00574713,0.0172414
131,0.00490196,0.740196,0.132353,0.0637255,0.00490196,0.0539216
132,0.0769231,0.0769231,0.615385,0.0769231,0.0769231,0.0769231
133,0.0322581,0.153226,0.00403226,0.770161,0.00403226,0.0362903
134,0.0185185,0.787037,0.0833333,0.0833333,0.0185185,0.00925926
135,0.142857,0.142857,0.285714,0.142857,0.142857,0.142857
136,0.00342466,0.65411,0.010274,0.00684932,0.00342466,0.321918
137,0.00581395,0.00581395,0.790698,0.0406977,0.116279,0.0406977
138,0.0151515,0.924242,0.0151515,0.0151515,0.0151515,0.0151515
139,0.0138889,0.916667,0.0138889,0.0138889,0.0138889,0.0277778
140,0.0094697,0.282197,0.255682,0.217803,0.219697,0.0151515
141,0.0666667,0.133333,0.466667,0.2,0.0666667,0.0666667
142,0.00606061,0.969697,0.00606061,0.00606061,0.00606061,0.00606061
143,0.135531,0.373626,0.03663,0.010989,0.43956,0.003663
144,0.0128205,0.166667,0.5,0.025641,0.102564,0.192308
145,0.015625,0.921875,0.015625,0.015625,0.015625,0.015625
146,0.0384615,0.0384615,0.576923,0.153846,0.0384615,0.153846
147,0.0769231,0.0769231,0.461538,0.0769231,0.153846,0.153846
148,0.0128755,0.208155,0.195279,0.0257511,0.523605,0.0343348
149,0.0379747,0.0379747,0.734177,0.0126582,0.113924,0.0632911
150,0.0447761,0.0335821,0.496269,0.0708955,0.212687,0.141791
151,0.1,0.2,0.1,0.1,0.4,0.1
152,0.00245098,0.262255,0.0588235,0.00245098,0.671569,0.00245098
153,0.585213,0.0501253,0.066416,0.266917,0.00250627,0.0288221
154,0.00909091,0.636364,0.281818,0.00909091,0.0545455,0.00909091
155,0.142857,0.142857,0.142857,0.142857,0.285714,0.142857
156,0.0601504,0.0601504,0.721805,0.0977444,0.0037594,0.056391
157,0.0454545,0.420455,0.00284091,0.0170455,0.511364,0.00284091
158,0.00409836,0.454918,0.045082,0.00409836,0.487705,0.00409836
159,0.00740741,0.0740741,0.125926,0.00740741,0.659259,0.125926
160,0.01,0.95,0.01,0.01,0.01,0.01
161,0.0025974,0.428571,0.111688,0.0025974,0.257143,0.197403
162,0.0151515,0.893939,0.0151515,0.0151515,0.0454545,0.0151515
163,0.00840336,0.722689,0.210084,0.0168067,0.00840336,0.0336134
164,0.00719424,0.165468,0.179856,0.107914,0.532374,0.00719424
165,0.00414938,0.86722,0.0373444,0.00414938,0.00414938,0.0829876
166,0.0136986,0.794521,0.0547945,0.0273973,0.0958904,0.0136986
167,0.101072,0.18683,0.111792,0.267994,0.111792,0.220521
168,0.0138889,0.0277778,0.75,0.0138889,0.0138889,0.180556
169,0.554167,0.0430556,0.0166667,0.00138889,0.329167,0.0555556
170,0.0322581,0.0645161,0.612903,0.0645161,0.193548,0.0322581
171,0.030303,0.0909091,0.545455,0.030303,0.0909091,0.212121
172,0.030303,0.030303,0.666667,0.0606061,0.181818,0.030303
173,0.015748,0.34252,0.586614,0.0393701,0.00393701,0.011811
174,0.00534759,0.0213904,0.395722,0.0427807,0.229947,0.304813
175,0.0769231,0.0769231,0.615385,0.0769231,0.0769231,0.0769231
176,0.00378788,0.0265152,0.825758,0.030303,0.0378788,0.0757576
177,0.00666667,0.493333,0.346667,0.0533333,0.0933333,0.00666667
178,0.00344828,0.496552,0.424138,0.0172414,0.00344828,0.0551724
179,0.002079,0.0561331,0.264033,0.039501,0.494802,0.143451
180,0.00233645,0.184579,0.329439,0.0257009,0.021028,0.436916
181,0.0121951,0.871951,0.097561,0.00609756,0.00609756,0.00609756
182,0.00460829,0.0737327,0.368664,0.00921659,0.341014,0.202765
183,0.00241546,0.0628019,0.166667,0.258454,0.507246,0.00241546
184,0.0625,0.0625,0.625,0.125,0.0625,0.0625
185,0.129187,0.253589,0.444976,0.0669856,0.0287081,0.076555
186,0.00132802,0.199203,0.0172643,0.00132802,0.436919,0.343958
187,0.1,0.1,0.4,0.1,0.1,0.2
188,0.0117647,0.776471,0.117647,0.0117647,0.0117647,0.0705882
189,0.1,0.1,0.5,0.1,0.1,0.1
190,0.1,0.1,0.5,0.1,0.1,0.1
191,0.1,0.2,0.4,0.1,0.1,0.1
192,0.00260417,0.111979,0.03125,0.00520833,0.0078125,0.841146
193,0.00763359,0.0763359,0.473282,0.0152672,0.419847,0.00763359
194,0.0428571,0.871429,0.0142857,0.0428571,0.0142857,0.0142857
195,0.111111,0.111111,0.333333,0.111111,0.222222,0.111111
196,0.00151976,0.18541,0.121581,0.0790274,0.413374,0.199088
197,0.142857,0.285714,0.142857,0.142857,0.142857,0.142857
198,0.0140845,0.915493,0.028169,0.0140845,0.0140845,0.0140845
199,0.00558659,0.368715,0.106145,0.0223464,0.49162,0.00558659
200,0.00384615,0.546154,0.334615,0.00769231,0.0384615,0.0692308
201,0.0257069,0.096401,0.700514,0.0784062,0.00642674,0.092545
202,0.0131579,0.342105,0.0789474,0.0263158,0.526316,0.0131579
203,0.0294118,0.0294118,0.529412,0.0588235,0.0294118,0.323529
204,0.00266667,0.0506667,0.024,0.00533333,0.0106667,0.906667
205,0.136364,0.0454545,0.590909,0.136364,0.0454545,0.0454545
206,0.0151515,0.121212,0.681818,0.151515,0.0151515,0.0151515
207,0.0136054,0.789116,0.163265,0.00680272,0.00680272,0.0204082
208,0.00793651,0.00793651,0.587302,0.015873,0.0555556,0.325397
209,0.015873,0.869841,0.101587,0.0031746,0.00634921,0.0031746
210,0.00636943,0.152866,0.796178,0.0127389,0.0254777,0.00636943
211,0.125,0.125,0.125,0.125,0.375,0.125
212,0.0154265,0.134301,0.401089,0.0562613,0.324864,0.0680581
213,0.0238095,0.190476,0.571429,0.166667,0.0238095,0.0238095
214,0.00401606,0.658635,0.277108,0.0321285,0.0240964,0.00401606
215,0.000834028,0.324437,0.282736,0.157631,0.0200167,0.214345
216,0.0196078,0.0196078,0.666667,0.137255,0.0196078,0.137255
217,0.0342857,0.0708571,0.0605714,0.693714,0.0971429,0.0434286
218,0.00641026,0.0512821,0.564103,0.121795,0.00641026,0.25
219,0.00333333,0.0633333,0.756667,0.0933333,0.0566667,0.0266667
220,0.0206612,0.194215,0.0247934,0.747934,0.00413223,0.00826446
221,0.0217391,0.0652174,0.804348,0.0217391,0.0217391,0.0652174
222,0.0106383,0.946809,0.0106383,0.0106383,0.0106383,0.0106383
223,0.010101,0.949495,0.010101,0.010101,0.010101,0.010101
224,0.0458716,0.058104,0.623853,0.030581,0.0183486,0.223242
225,0.00606061,0.915152,0.00606061,0.0121212,0.0181818,0.0424242
226,0.00952381,0.00952381,0.742857,0.00952381,0.104762,0.12381
227,0.125,0.125,0.375,0.125,0.125,0.125
228,0.000974659,0.506823,0.0740741,0.0214425,0.167641,0.229045
229,0.00328947,0.282895,0.0986842,0.00328947,0.608553,0.00328947
230,0.0420561,0.621495,0.142523,0.00233645,0.175234,0.0163551
231,0.0777351,0.534549,0.112284,0.247601,0.000959693,0.0268714
232,0.123711,0.0206186,0.690722,0.0309278,0.0515464,0.0824742
233,0.00515464,0.407216,0.0515464,0.0412371,0.489691,0.00515464
234,0.0075188,0.736842,0.157895,0.0150376,0.075188,0.0075188
235,0.013597,0.53152,0.0210136,0.0148331,0.4178,0.00123609
236,0.125,0.125,0.25,0.125,0.25,0.125
237,0.0140845,0.859155,0.056338,0.0140845,0.0422535,0.0140845
238,0.05,0.1,0.7,0.05,0.05,0.05
239,0.0503364,0.293795,0.161226,0.439073,0.0147022,0.0408672
240,0.800464,0.157773,0.0382831,0.00116009,0.00116009,0.00116009
241,0.01,0.82,0.1,0.01,0.05,0.01
242,0.0232558,0.162791,0.674419,0.0465116,0.0697674,0.0232558
243,0.125786,0.597484,0.157233,0.0880503,0.0251572,0.00628931
244,0.00772997,0.200721,0.00515331,0.13579,0.000772997,0.649833
245,0.00943396,0.764151,0.141509,0.00943396,0.00943396,0.0660377
246,0.0212766,0.0638298,0.574468,0.0212766,0.276596,0.0425532
247,0.0212766,0.106383,0.787234,0.0425532,0.0212766,0.0212766
248,0.0125,0.7125,0.1375,0.1125,0.0125,0.0125
249,0.01,0.95,0.01,0.01,0.01,0.01
250,0.00383142,0.62069,0.0498084,0.00383142,0.00383142,0.318008
251,0.0122951,0.614754,0.22541,0.0122951,0.0245902,0.110656
252,0.00231481,0.0347222,0.157407,0.0162037,0.583333,0.206019
253,0.0200803,0.321285,0.261044,0.00401606,0.389558,0.00401606
254,0.00854701,0.794872,0.136752,0.042735,0.00854701,0.00854701
255,0.010989,0.813187,0.10989,0.021978,0.032967,0.010989
256,0.00413223,0.85124,0.115702,0.00413223,0.00413223,0.0206612
257,0.0052356,0.649215,0.183246,0.0942408,0.0052356,0.0628272
258,0.0247619,0.464762,0.08,0.382857,0.00380952,0.0438095
259,0.0833333,0.0833333,0.583333,0.0833333,0.0833333,0.0833333
260,0.0133333,0.933333,0.0133333,0.0133333,0.0133333,0.0133333
261,0.00724638,0.608696,0.333333,0.00724638,0.00724638,0.0362319
262,0.0136986,0.931507,0.0136986,0.0136986,0.0136986,0.0136986
263,0.111111,0.111111,0.444444,0.111111,0.111111,0.111111
264,0.142857,0.142857,0.142857,0.142857,0.285714,0.142857
265,0.0056899,0.452347,0.477952,0.0142248,0.0227596,0.027027
266,0.0454545,0.0681818,0.704545,0.113636,0.0454545,0.0227273
267,0.05,0.2,0.1,0.05,0.55,0.05
268,0.2,0.3,0.1,0.2,0.1,0.1
269,0.125,0.125,0.375,0.125,0.125,0.125
270,0.00786713,0.197552,0.0952797,0.181818,0.456294,0.0611888
271,0.0769231,0.0769231,0.615385,0.0769231,0.0769231,0.0769231
272,0.00293255,0.495601,0.325513,0.0234604,0.00293255,0.14956
273,0.0144928,0.927536,0.0144928,0.0144928,0.0144928,0.0144928
274,0.019802,0.910891,0.039604,0.00990099,0.00990099,0.00990099
275,0.0707965,0.371681,0.00442478,0.00442478,0.544248,0.00442478
276,0.0133333,0.933333,0.0133333,0.0133333,0.0133333,0.0133333
277,0.0202578,0.151013,0.314917,0.0810313,0.429098,0.00368324
278,0.00480769,0.0288462,0.716346,0.00480769,0.0528846,0.192308
279,0.0166667,0.916667,0.0166667,0.0166667,0.0166667,0.0166667
280,0.018018,0.774775,0.171171,0.00900901,0.018018,0.00900901
281,0.2125,0.00416667,0.416667,0.0416667,0.075,0.25
282,0.00444444,0.00444444,0.808889,0.0844444,0.00444444,0.0933333
283,0.0212766,0.0638298,0.680851,0.170213,0.0425532,0.0212766
284,0.00913242,0.589041,0.269406,0.0182648,0.086758,0.0273973
285,0.00775194,0.00775194,0.48062,0.0697674,0.00775194,0.426357
286,0.00662252,0.635762,0.327815,0.013245,0.00331126,0.013245
287,0.0163934,0.918033,0.0163934,0.0163934,0.0163934,0.0163934
288,0.0227273,0.0909091,0.818182,0.0227273,0.0227273,0.0227273
289,0.044843,0.363229,0.216741,0.058296,0.00149477,0.315396
290,0.0175439,0.526316,0.328947,0.0482456,0.00438596,0.0745614
291,0.027027,0.891892,0.027027,0.00900901,0.00900901,0.036036
292,0.00797872,0.308511,0.287234,0.00265957,0.390957,0.00265957
293,0.0277778,0.0833333,0.666667,0.166667,0.0277778,0.0277778
294,0.00358423,0.143369,0.00358423,0.00358423,0.842294,0.00358423
295,0.0117647,0.929412,0.0117647,0.0117647,0.0235294,0.0117647
296,0.2,0.3,0.2,0.1,0.1,0.1
297,0.00151745,0.100152,0.701062,0.0227618,0.0440061,0.130501
298,0.00210526,0.0442105,0.0652632,0.0231579,0.00210526,0.863158
299,0.00671141,0.0805369,0.00671141,0.00671141,0.892617,0.00671141
300,0.00487805,0.858537,0.121951,0.00487805,0.00487805,0.00487805
301,0.0116959,0.105263,0.0467836,0.00584795,0.824561,0.00584795
302,0.0135135,0.932432,0.0135135,0.0135135,0.0135135,0.0135135
303,0.334118,0.232941,0.0329412,0.00235294,0.378824,0.0188235
304,0.0614035,0.222222,0.447368,0.0467836,0.166667,0.0555556
305,0.142857,0.142857,0.5,0.0714286,0.0714286,0.0714286
306,0.00341297,0.0716724,0.494881,0.0136519,0.354949,0.0614334
307,0.142857,0.142857,0.142857,0.142857,0.285714,0.142857
308,0.00934579,0.149533,0.140187,0.00934579,0.682243,0.00934579
309,0.0506329,0.164557,0.607595,0.0759494,0.0886076,0.0126582
310,0.0192308,0.269231,0.634615,0.0192308,0.0192308,0.0384615
311,0.00420168,0.0882353,0.121849,0.0294118,0.605042,0.151261
312,0.0284553,0.256098,0.650407,0.0284553,0.00406504,0.0325203
313,0.111111,0.111111,0.444444,0.111111,0.111111,0.111111
314,0.2,0.0333333,0.666667,0.0333333,0.0333333,0.0333333
315,0.111111,0.333333,0.111111,0.111111,0.222222,0.111111
316,0.0833333,0.25,0.0833333,0.333333,0.0833333,0.166667
317,0.00819672,0.909836,0.0327869,0.00819672,0.0327869,0.00819672
318,0.0625,0.0625,0.6875,0.0625,0.0625,0.0625
319,0.028481,0.0474684,0.0474684,0.0379747,0.835443,0.00316456
320,0.0121951,0.792683,0.134146,0.0365854,0.0121951,0.0121951
321,0.0333333,0.333333,0.466667,0.0333333,0.1,0.0333333
322,0.1,0.2,0.1,0.1,0.4,0.1
323,0.002,0.676,0.086,0.002,0.002,0.232
324,0.00534759,0.363636,0.0427807,0.00534759,0.57754,0.00534759
325,0.0209924,0.314885,0.248092,0.0400763,0.368321,0.00763359
326,0.0123967,0.359504,0.115702,0.00413223,0.504132,0.00413223
327,0.0588235,0.117647,0.529412,0.0588235,0.117647,0.117647
328,0.0384615,0.0384615,0.769231,0.0769231,0.0384615,0.0384615
329,0.037037,0.0740741,0.703704,0.111111,0.037037,0.037037
330,0.317014,0.390208,0.0227824,0.250606,0.000484731,0.0189045
331,0.0037594,0.37594,0.537594,0.0037594,0.0037594,0.075188
332,0.00724638,0.543478,0.282609,0.0144928,0.00724638,0.144928
333,0.933962,0.063135,0.000725689,0.000725689,0.000725689,0.000725689
334,0.0163934,0.885246,0.0655738,0.0163934,0.00819672,0.00819672
335,0.0526316,0.157895,0.631579,0.0526316,0.0526316,0.0526316
336,0.0217391,0.0217391,0.326087,0.0217391,0.326087,0.282609
337,0.00884956,0.610619,0.0353982,0.00884956,0.0265487,0.309735
338,0.0290698,0.247093,0.0813953,0.0203488,0.619186,0.00290698
339,0.010101,0.949495,0.010101,0.010101,0.010101,0.010101
340,0.0210526,0.789474,0.157895,0.0105263,0.0105263,0.0105263
341,0.0511945,0.726962,0.191126,0.00341297,0.0102389,0.0170648
342,0.217391,0.130435,0.478261,0.0434783,0.0434783,0.0869565
343,0.137931,0.12069,0.603448,0.103448,0.0172414,0.0172414
344,0.0119048,0.880952,0.0119048,0.0119048,0.0357143,0.047619
345,0.0718563,0.389222,0.00598802,0.00598802,0.520958,0.00598802
346,0.00280112,0.952381,0.0308123,0.00560224,0.00280112,0.00560224
347,0.1,0.1,0.5,0.1,0.1,0.1
348,0.015873,0.920635,0.015873,0.015873,0.015873,0.015873
349,0.520627,0.110561,0.0280528,0.259901,0.0519802,0.0288779
350,0.05,0.371429,0.442857,0.0214286,0.05,0.0642857
351,0.00446429,0.0223214,0.651786,0.125,0.00446429,0.191964
352,0.047619,0.047619,0.52381,0.047619,0.285714,0.047619
353,0.0120482,0.939759,0.0120482,0.0120482,0.0120482,0.0120482
354,0.033557,0.912752,0.033557,0.00671141,0.00671141,0.00671141
355,0.123077,0.102564,0.153846,0.00512821,0.594872,0.0205128
356,0.0818054,0.0103432,0.553362,0.209685,0.0324401,0.112365
357,0.0714286,0.0357143,0.178571,0.392857,0.285714,0.0357143
358,0.00352113,0.71831,0.21831,0.00352113,0.00352113,0.0528169
359,0.111888,0.034965,0.713287,0.0839161,0.027972,0.027972
360,0.0208333,0.597222,0.305556,0.00694444,0.00694444,0.0625
361,0.05,0.05,0.5,0.2,0.15,0.05
362,0.0344828,0.0689655,0.724138,0.0344828,0.0344828,0.103448
363,0.00555556,0.516667,0.0388889,0.00555556,0.161111,0.272222
364,0.008,0.696,0.272,0.008,0.008,0.008
365,0.005,0.735,0.15,0.025,0.005,0.08
366,0.142857,0.142857,0.142857,0.142857,0.285714,0.142857
367,0.0019802,0.324752,0.251485,0.0019802,0.417822,0.0019802
368,0.753846,0.172308,0.0507692,0.00153846,0.00153846,0.02
369,0.0117647,0.941176,0.0117647,0.0117647,0.0117647,0.0117647
370,0.0564516,0.116935,0.391129,0.0887097,0.294355,0.0524194
371,0.1,0.1,0.4,0.1,0.2,0.1
372,0.00378788,0.30303,0.0189394,0.00378788,0.0113636,0.659091
373,0.0252918,0.274319,0.529183,0.0233463,0.00972763,0.138132
374,0.125,0.25,0.25,0.125,0.125,0.125
375,0.00442478,0.862832,0.10177,0.0221239,0.00442478,0.00442478
376,0.0149254,0.880597,0.0597015,0.0149254,0.0149254,0.0149254
377,0.556936,0.210145,0.0859213,0.13147,0.0010352,0.0144928
378,0.00609756,0.945122,0.0182927,0.00609756,0.0121951,0.0121951
379,0.0555556,0.111111,0.388889,0.0555556,0.166667,0.222222
380,0.00473934,0.895735,0.0805687,0.00947867,0.00473934,0.00473934
381,0.857143,0.131062,0.0078637,0.00131062,0.00131062,0.00131062
382,0.136364,0.0227273,0.532828,0.0707071,0.0757576,0.161616
383,0.142857,0.142857,0.142857,0.142857,0.285714,0.142857
384,0.00909091,0.790909,0.0454545,0.0272727,0.00909091,0.118182
385,0.00344828,0.296552,0.0965517,0.0448276,0.0103448,0.548276
386,0.0714286,0.142857,0.571429,0.0714286,0.0714286,0.0714286
387,0.040858,0.134831,0.020429,0.657814,0.144025,0.0020429
388,0.109677,0.645161,0.109677,0.122581,0.00645161,0.00645161
389,0.142857,0.142857,0.142857,0.142857,0.285714,0.142857
390,0.00775194,0.0310078,0.310078,0.0775194,0.271318,0.302326
391,0.010279,0.286344,0.00146843,0.694567,0.00146843,0.00587372
392,0.013986,0.0853147,0.144056,0.412587,0.288112,0.0559441
393,0.0210526,0.663158,0.284211,0.0105263,0.0105263,0.0105263
394,0.0377358,0.632075,0.207547,0.103774,0.00943396,0.00943396
395,0.0070922,0.921986,0.0425532,0.0070922,0.0141844,0.0070922
396,0.495063,0.24189,0.0987306,0.141044,0.00564175,0.0176305
397,0.00515464,0.850515,0.0824742,0.0309278,0.0257732,0.00515464
398,0.00155642,0.303502,0.0389105,0.00544747,0.375875,0.274708
399,0.0215208,0.142037,0.467719,0.342898,0.00430416,0.0215208
400,0.0400844,0.274262,0.193038,0.254219,0.0580169,0.18038
401,0.00917431,0.0733945,0.779817,0.0458716,0.00917431,0.0825688
402,0.004329,0.004329,0.748918,0.038961,0.004329,0.199134
403,0.011236,0.94382,0.011236,0.011236,0.011236,0.011236
404,0.0151515,0.106061,0.742424,0.0757576,0.0151515,0.0454545
405,0.1,0.1,0.4,0.1,0.1,0.2
406,0.003003,0.723724,0.213213,0.042042,0.012012,0.00600601
407,0.142857,0.142857,0.285714,0.142857,0.142857,0.142857
408,0.0140845,0.816901,0.112676,0.0140845,0.0140845,0.028169
409,0.00806452,0.846774,0.112903,0.00806452,0.00806452,0.016129
410,0.00621118,0.0621118,0.161491,0.270186,0.496894,0.00310559
411,0.1,0.5,0.1,0.1,0.1,0.1
412,0.00657895,0.848684,0.125,0.00657895,0.00657895,0.00657895
413,0.0526316,0.0526316,0.684211,0.0526316,0.105263,0.0526316
414,0.00584795,0.230994,0.105263,0.00292398,0.555556,0.0994152
415,0.00862069,0.525862,0.293103,0.00862069,0.00862069,0.155172
416,0.0588235,0.0588235,0.705882,0.0588235,0.0588235,0.0588235
417,0.00712589,0.38559,0.153603,0.327791,0.000791766,0.125099
418,0.0984848,0.121212,0.568182,0.0227273,0.0757576,0.113636
419,0.0130719,0.562092,0.372549,0.0261438,0.00653595,0.0196078
420,0.0625,0.0625,0.6875,0.0625,0.0625,0.0625
421,0.0195599,0.0464548,0.420538,0.212714,0.183374,0.117359
422,0.012987,0.896104,0.012987,0.012987,0.0519481,0.012987
423,0.0103093,0.865979,0.0412371,0.0103093,0.0206186,0.0515464
424,0.0105263,0.947368,0.0105263,0.0105263,0.0105263,0.0105263
425,0.0214286,0.671429,0.121429,0.00714286,0.0785714,0.1
426,0.0178571,0.0892857,0.196429,0.0178571,0.660714,0.0178571
427,0.125,0.125,0.25,0.125,0.125,0.25
428,0.0769231,0.0769231,0.384615,0.307692,0.0769231,0.0769231
429,0.0227273,0.113636,0.636364,0.0227273,0.181818,0.0227273
430,0.00231481,0.414352,0.0138889,0.025463,0.00231481,0.541667
431,0.0210112,0.118188,0.099803,0.61392,0.0807617,0.0663165
432,0.00195312,0.0273438,0.140625,0.0078125,0.00195312,0.820312
433,0.0769231,0.0769231,0.615385,0.0769231,0.0769231,0.0769231
434,0.00806452,0.943548,0.00806452,0.00806452,0.0241935,0.00806452
435,0.0175439,0.263158,0.421053,0.263158,0.0175439,0.0175439
436,0.0242525,0.101993,0.193688,0.374419,0.226246,0.079402
437,0.0114943,0.83908,0.0114943,0.0114943,0.0114943,0.114943
438,0.0114943,0.942529,0.0114943,0.0114943,0.0114943,0.0114943
439,0.00717703,0.400319,0.0494418,0.242424,0.00717703,0.293461
440,0.0454545,0.0454545,0.545455,0.0909091,0.0454545,0.227273
441,0.00195695,0.872798,0.0136986,0.00391389,0.00195695,0.105675
442,0.142857,0.142857,0.142857,0.142857,0.285714,0.142857
443,0.0108696,0.945652,0.0108696,0.0108696,0.0108696,0.0108696
444,0.0176211,0.444934,0.0792952,0.00440529,0.449339,0.00440529
445,0.00207469,0.431535,0.0352697,0.00414938,0.00207469,0.524896
446,0.0185185,0.185185,0.0185185,0.0185185,0.722222,0.037037
447,0.0128755,0.0257511,0.845494,0.0686695,0.00429185,0.0429185
448,0.00244499,0.244499,0.0782396,0.00244499,0.669927,0.00244499
449,0.00271003,0.382114,0.00271003,0.00271003,0.482385,0.127371
450,0.1,0.2,0.4,0.1,0.1,0.1
451,0.0042735,0.333333,0.128205,0.0042735,0.525641,0.0042735
452,0.00564972,0.112994,0.163842,0.0282486,0.683616,0.00564972
453,0.0126582,0.0126582,0.746835,0.101266,0.0126582,0.113924
454,0.0322581,0.171216,0.230769,0.548387,0.00248139,0.0148883
455,0.0294118,0.0294118,0.794118,0.0882353,0.0294118,0.0294118
456,0.111111,0.111111,0.333333,0.111111,0.222222,0.111111
457,0.0833333,0.0833333,0.583333,0.0833333,0.0833333,0.0833333
458,0.00757576,0.628788,0.340909,0.00757576,0.00757576,0.00757576
459,0.0769231,0.153846,0.230769,0.0769231,0.384615,0.0769231
460,0.0288462,0.836538,0.0961538,0.00961538,0.00961538,0.0192308
461,0.0769231,0.0769231,0.615385,0.0769231,0.0769231,0.0769231
462,0.142857,0.142857,0.285714,0.142857,0.142857,0.142857
463,0.0147059,0.102941,0.352941,0.0441176,0.382353,0.102941
464,0.0151515,0.924242,0.0151515,0.0151515,0.0151515,0.0151515
465,0.889843,0.0715308,0.0300429,0.00572246,0.00143062,0.00143062
466,0.522532,0.273605,0.156652,0.00107296,0.00107296,0.0450644
467,0.0820896,0.0597015,0.410448,0.313433,0.0895522,0.0447761
468,0.000636943,0.244586,0.0146497,0.000636943,0.000636943,0.738854
469,0.008,0.008,0.288,0.008,0.008,0.68
470,0.0264901,0.00662252,0.913907,0.013245,0.00662252,0.0331126
471,0.00943396,0.90566,0.0471698,0.00943396,0.00943396,0.0188679
472,0.0416667,0.25,0.583333,0.0416667,0.0416667,0.0416667
473,0.0555556,0.222222,0.5,0.0555556,0.111111,0.0555556
474,0.00465116,0.386047,0.00465116,0.00465116,0.595349,0.00465116
475,0.00852878,0.157783,0.321962,0.0277186,0.255864,0.228145
476,0.352941,0.0588235,0.0588235,0.411765,0.0588235,0.0588235
477,0.015873,0.920635,0.015873,0.015873,0.015873,0.015873
478,0.0185185,0.0740741,0.592593,0.0925926,0.203704,0.0185185
479,0.0555556,0.0555556,0.611111,0.0555556,0.0555556,0.166667
480,0.0713477,0.203851,0.490374,0.0577576,0.105323,0.0713477
481,0.575328,0.362445,0.00327511,0.010917,0.0174672,0.0305677
482,0.00591716,0.502959,0.301775,0.035503,0.0414201,0.112426
483,0.0714286,0.0714286,0.5,0.214286,0.0714286,0.0714286
484,0.0769231,0.0769231,0.307692,0.0769231,0.384615,0.0769231
485,0.0869565,0.173913,0.565217,0.0434783,0.0869565,0.0434783
486,0.00497512,0.41791,0.0845771,0.0149254,0.00497512,0.472637
487,0.00737101,0.692875,0.277641,0.014742,0.004914,0.002457
488,0.00917431,0.0275229,0.53211,0.284404,0.0733945,0.0733945
489,0.848404,0.148936,0.000664894,0.000664894,0.000664894,0.000664894
490,0.00125471,0.258469,0.171895,0.0276035,0.00125471,0.539523
491,0.760938,0.167187,0.0609375,0.0015625,0.0015625,0.0078125
492,0.00821918,0.758904,0.134247,0.0438356,0.0219178,0.0328767
493,0.00826446,0.942149,0.0165289,0.00826446,0.0165289,0.00826446
494,0.0124611,0.641745,0.196262,0.00934579,0.00934579,0.130841
495,0.142857,0.285714,0.142857,0.142857,0.142857,0.142857
496,0.125,0.125,0.125,0.125,0.375,0.125
497,0.03125,0.1125,0.64625,0.0175,0.0125,0.18
498,0.0909091,0.0909091,0.545455,0.0909091,0.0909091,0.0909091
499,0.0196078,0.882353,0.0686275,0.00980392,0.00980392,0.00980392
500,0.00973236,0.128143,0.0121655,0.237632,0.278994,0.333333
501,0.047619,0.047619,0.571429,0.238095,0.047619,0.047619
502,0.00162075,0.0405186,0.494327,0.0632091,0.309562,0.0907618
503,0.125,0.125,0.375,0.125,0.125,0.125
504,0.015873,0.904762,0.015873,0.015873,0.031746,0.015873
505,0.0106762,0.886121,0.0640569,0.00711744,0.0284698,0.00355872
506,0.0154639,0.57732,0.381443,0.00515464,0.0154639,0.00515464
507,0.0119048,0.940476,0.0119048,0.0119048,0.0119048,0.0119048
508,0.0357143,0.0357143,0.607143,0.0357143,0.25,0.0357143
509,0.00735294,0.0808824,0.573529,0.132353,0.00735294,0.198529
510,0.00574713,0.0747126,0.666667,0.109195,0.00574713,0.137931
511,0.077551,0.273469,0.359184,0.0571429,0.183673,0.0489796
512,0.0147059,0.0882353,0.191176,0.0147059,0.676471,0.0147059
513,0.142857,0.285714,0.142857,0.142857,0.142857,0.142857
514,0.0549645,0.425532,0.161348,0.0283688,0.301418,0.0283688
515,0.1,0.1,0.5,0.1,0.1,0.1
516,0.037037,0.037037,0.518519,0.296296,0.037037,0.0740741
517,0.166667,0.16092,0.00287356,0.557471,0.00287356,0.109195
518,0.0258621,0.721264,0.195402,0.0344828,0.0201149,0.00287356
519,0.00249169,0.0531561,0.37237,0.0800111,0.331949,0.160022
520,0.0909091,0.0909091,0.545455,0.0909091,0.0909091,0.0909091
521,0.860158,0.0593668,0.0765172,0.00131926,0.00131926,0.00131926
522,0.00425532,0.289362,0.408511,0.0170213,0.276596,0.00425532
523,0.0196078,0.122549,0.235294,0.0196078,0.598039,0.00490196
524,0.0130719,0.679739,0.24183,0.0326797,0.00653595,0.0261438
525,0.0045045,0.427928,0.0945946,0.0135135,0.454955,0.0045045
526,0.0504808,0.0793269,0.0180288,0.610577,0.234375,0.00721154
527,0.00328947,0.796053,0.174342,0.0197368,0.00328947,0.00328947
528,0.142857,0.285714,0.142857,0.142857,0.142857,0.142857
529,0.0111111,0.944444,0.0111111,0.0111111,0.0111111,0.0111111
530,0.0835214,0.157261,0.445448,0.0353649,0.0737397,0.204665
531,0.0165094,0.283019,0.00589623,0.228774,0.00353774,0.462264
532,0.0267857,0.473214,0.0580357,0.00446429,0.433036,0.00446429
533,0.123967,0.413223,0.231405,0.0826446,0.115702,0.0330579
534,0.00581395,0.953488,0.0232558,0.00581395,0.00581395,0.00581395
535,0.0397351,0.119205,0.721854,0.10596,0.00662252,0.00662252
536,0.0714286,0.0714286,0.285714,0.214286,0.285714,0.0714286
537,0.0769231,0.0769231,0.538462,0.153846,0.0769231,0.0769231
538,0.125,0.125,0.375,0.125,0.125,0.125
539,0.003663,0.542125,0.0732601,0.021978,0.010989,0.347985
540,0.00248139,0.25062,0.25062,0.00248139,0.491315,0.00248139
541,0.00456621,0.977169,0.00456621,0.00456621,0.00456621,0.00456621
542,0.0372066,0.145392,0.0148827,0.675444,0.123068,0.00400687
543,0.05,0.05,0.7,0.1,0.05,0.05
544,0.0168539,0.117978,0.213483,0.011236,0.634831,0.00561798
545,0.1,0.5,0.1,0.1,0.1,0.1
546,0.0172414,0.858621,0.0655172,0.0172414,0.037931,0.00344828
547,0.1,0.2,0.1,0.1,0.4,0.1
548,0.111111,0.111111,0.444444,0.111111,0.111111,0.111111
549,0.00680272,0.857143,0.0816327,0.00680272,0.00680272,0.0408163
550,0.018244,0.0957811,0.554162,0.0684151,0.0421893,0.221209
551,0.0107527,0.236559,0.698925,0.0215054,0.0107527,0.0215054
552,0.0046729,0.0046729,0.911215,0.0046729,0.0186916,0.0560748
553,0.00343643,0.024055,0.793814,0.0652921,0.00343643,0.109966
554,0.011236,0.910112,0.011236,0.011236,0.0449438,0.011236
555,0.00148588,0.809807,0.0534918,0.00445765,0.0445765,0.0861813
556,0.00413223,0.326446,0.00413223,0.11157,0.42562,0.128099
557,0.00775194,0.767442,0.00775194,0.00775194,0.00775194,0.20155
558,0.00497512,0.955224,0.0248756,0.00497512,0.00497512,0.00497512
559,0.0103093,0.917526,0.0103093,0.0103093,0.0412371,0.0103093
560,0.827526,0.116725,0.0365854,0.00087108,0.00087108,0.0174216
561,0.00276243,0.254144,0.110497,0.0220994,0.00276243,0.607735
562,0.00331126,0.245033,0.198675,0.00331126,0.466887,0.0827815
563,0.00290698,0.334302,0.130814,0.0232558,0.505814,0.00290698
564,0.021021,0.402402,0.0630631,0.498498,0.003003,0.012012
565,0.291581,0.0102669,0.659138,0.0205339,0.00205339,0.0164271
566,0.222222,0.111111,0.333333,0.111111,0.111111,0.111111
567,0.0454545,0.181818,0.5,0.181818,0.0454545,0.0454545
568,0.0025974,0.903896,0.0181818,0.0025974,0.0025974,0.0701299
569,0.0116279,0.918605,0.0348837,0.0116279,0.0116279,0.0116279
570,0.00588235,0.270588,0.623529,0.0294118,0.0411765,0.0294118
571,0.00181488,0.243194,0.176044,0.00544465,0.504537,0.0689655
572,0.0366972,0.706422,0.220183,0.0183486,0.00917431,0.00917431
573,0.047619,0.0952381,0.666667,0.047619,0.0952381,0.047619
574,0.00909091,0.454545,0.187879,0.0030303,0.330303,0.0151515
575,0.0178571,0.946429,0.00892857,0.00892857,0.00892857,0.00892857
576,0.00144509,0.460983,0.017341,0.00289017,0.00144509,0.515896
577,0.00411523,0.526749,0.349794,0.0205761,0.0699588,0.0288066
578,0.00632911,0.43038,0.00632911,0.00632911,0.00632911,0.544304
579,0.0232108,0.431335,0.00193424,0.531915,0.00193424,0.00967118
580,0.0133333,0.866667,0.0666667,0.0133333,0.0266667,0.0133333
581,0.0446043,0.0748201,0.415827,0.0446043,0.333813,0.0863309
582,0.00126582,0.424051,0.0594937,0.0278481,0.397468,0.0898734
583,0.0142857,0.0142857,0.714286,0.0142857,0.171429,0.0714286
584,0.0810811,0.135135,0.702703,0.027027,0.027027,0.027027
585,0.00884956,0.103666,0.0872314,0.00758534,0.0189633,0.773704
586,0.0257009,0.441589,0.0116822,0.481308,0.00233645,0.0373832
587,0.00229885,0.195402,0.0390805,0.00229885,0.335632,0.425287
588,0.130252,0.19888,0.154062,0.509804,0.00140056,0.00560224
589,0.0161692,0.477612,0.145522,0.313433,0.0261194,0.0211443
590,0.0847458,0.0169492,0.542373,0.20339,0.135593,0.0169492
591,0.0909091,0.0909091,0.545455,0.0909091,0.0909091,0.0909091
592,0.142857,0.285714,0.142857,0.142857,0.142857,0.142857
593,0.004,0.98,0.004,0.004,0.004,0.004
594,0.0106383,0.893617,0.0212766,0.0106383,0.0531915,0.0106383
595,0.0118577,0.786561,0.0513834,0.00395257,0.00790514,0.13834
596,0.0144928,0.884058,0.0144928,0.0144928,0.057971,0.0144928
597,0.0666667,0.0666667,0.666667,0.0666667,0.0666667,0.0666667
598,0.00175747,0.300527,0.360281,0.0123023,0.1529,0.172232
599,0.285714,0.142857,0.142857,0.142857,0.142857,0.142857
600,0.173333,0.0133333,0.453333,0.28,0.0133333,0.0666667
601,0.0153846,0.0461538,0.6,0.0153846,0.0307692,0.292308
602,0.0104167,0.947917,0.0104167,0.0104167,0.0104167,0.0104167
603,0.00704225,0.126761,0.380282,0.0422535,0.415493,0.028169
604,0.0116279,0.906977,0.0465116,0.0116279,0.0116279,0.0116279
605,0.0232558,0.802326,0.139535,0.0116279,0.0116279,0.0116279
606,0.00276025,0.0398265,0.0311514,0.0319401,0.730678,0.163644
607,0.0338346,0.338346,0.259398,0.0037594,0.349624,0.0150376
608,0.0175439,0.458647,0.0350877,0.481203,0.00250627,0.00501253
609,0.0303644,0.0222672,0.465587,0.0870445,0.168016,0.226721
610,0.0357143,0.0357143,0.678571,0.0357143,0.0714286,0.142857
611,0.160714,0.178571,0.446429,0.178571,0.0267857,0.00892857
612,0.287695,0.188908,0.0242634,0.0017331,0.495667,0.0017331
613,0.0434783,0.130435,0.565217,0.0434783,0.0434783,0.173913
614,0.0151515,0.0454545,0.636364,0.0151515,0.0151515,0.272727
615,0.0148148,0.762963,0.192593,0.0148148,0.00740741,0.00740741
616,0.00578035,0.919075,0.0635838,0.00289017,0.00578035,0.00289017
617,0.00362319,0.942029,0.0144928,0.00724638,0.0289855,0.00362319
618,0.0867769,0.0247934,0.626033,0.152893,0.00826446,0.10124
619,0.0204082,0.0204082,0.816327,0.0714286,0.0102041,0.0612245
620,0.00684932,0.0890411,0.315068,0.0616438,0.520548,0.00684932
621,0.0105263,0.831579,0.0210526,0.0105263,0.105263,0.0210526
622,0.1,0.1,0.4,0.2,0.1,0.1
623,0.00925926,0.0833333,0.277778,0.0555556,0.564815,0.00925926
624,0.00892857,0.616071,0.0178571,0.00892857,0.00892857,0.339286
625,0.0197044,0.0492611,0.729064,0.0246305,0.00492611,0.172414
626,0.142857,0.142857,0.285714,0.142857,0.142857,0.142857
627,0.00108225,0.752165,0.0551948,0.00108225,0.00757576,0.1829
628,0.0169492,0.915254,0.0169492,0.0169492,0.0169492,0.0169492
629,0.00847458,0.135593,0.0423729,0.00847458,0.79661,0.00847458
630,0.125,0.125,0.125,0.125,0.375,0.125
631,0.00793651,0.0714286,0.18254,0.00793651,0.722222,0.00793651
632,0.025,0.8125,0.1125,0.0125,0.025,0.0125
633,0.0123457,0.876543,0.0123457,0.0123457,0.0123457,0.0740741
634,0.142857,0.142857,0.142857,0.142857,0.285714,0.142857
635,0.0266667,0.220952,0.348571,0.0266667,0.329524,0.047619
636,0.026393,0.677419,0.0879765,0.0527859,0.102639,0.0527859
637,0.0126183,0.283123,0.0090694,0.271688,0.194006,0.229495
638,0.00421941,0.185654,0.181435,0.118143,0.506329,0.00421941
639,0.710817,0.140177,0.121413,0.00110375,0.0253863,0.00110375
640,0.0217391,0.152174,0.543478,0.0217391,0.0217391,0.23913
641,0.00917431,0.917431,0.00917431,0.00917431,0.0458716,0.00917431
642,0.1,0.1,0.3,0.3,0.1,0.1
643,0.00333333,0.26,0.02,0.00333333,0.00333333,0.71
644,0.0714286,0.0714286,0.642857,0.0714286,0.0714286,0.0714286
645,0.0296296,0.118519,0.340741,0.037037,0.466667,0.00740741
646,0.00308642,0.29321,0.598765,0.0648148,0.0154321,0.0246914
647,0.0526316,0.105263,0.684211,0.0526316,0.0526316,0.0526316
648,0.125,0.125,0.375,0.125,0.125,0.125
649,0.00233645,0.558411,0.151869,0.247664,0.0257009,0.0140187
650,0.0217391,0.0652174,0.586957,0.0217391,0.0217391,0.282609
651,0.047619,0.285714,0.52381,0.047619,0.047619,0.047619
652,0.0108108,0.856757,0.0351351,0.0027027,0.0324324,0.0621622
653,0.0102041,0.94898,0.0102041,0.0102041,0.0102041,0.0102041
654,0.05,0.1,0.2,0.05,0.55,0.05
655,0.00177936,0.94484,0.0355872,0.00177936,0.0142349,0.00177936
656,0.0625,0.0625,0.6875,0.0625,0.0625,0.0625
657,0.00617284,0.780864,0.0925926,0.00308642,0.00308642,0.114198
658,0.0010142,0.471602,0.289047,0.0446247,0.0314402,0.162272
659,0.0645161,0.0645161,0.774194,0.0322581,0.0322581,0.0322581
660,0.015873,0.857143,0.0873016,0.0238095,0.00793651,0.00793651
661,0.142857,0.142857,0.142857,0.142857,0.285714,0.142857
662,0.0714286,0.0714286,0.5,0.142857,0.0714286,0.142857
663,0.0384615,0.0769231,0.692308,0.115385,0.0384615,0.0384615
664,0.1,0.1,0.025,0.00833333,0.758333,0.00833333
665,0.185185,0.0555556,0.62963,0.0185185,0.0185185,0.0925926
666,0.00813008,0.804878,0.138211,0.00813008,0.00813008,0.0325203
667,0.00104603,0.359833,0.274059,0.0261506,0.00627615,0.332636
668,0.111111,0.333333,0.111111,0.111111,0.222222,0.111111
669,0.0267112,0.161937,0.00166945,0.791319,0.00166945,0.0166945
670,0.0275103,0.341128,0.224209,0.390646,0.0137552,0.00275103
671,0.0416905,0.0171331,0.769275,0.055968,0.0856653,0.0302684
672,0.0375,0.0625,0.5625,0.0625,0.2625,0.0125
673,0.04,0.16,0.64,0.08,0.04,0.04
674,0.0138889,0.111111,0.486111,0.0138889,0.0138889,0.361111
675,0.05,0.1,0.7,0.05,0.05,0.05
676,0.0104167,0.65625,0.260417,0.0416667,0.0208333,0.0104167
677,0.00235294,0.574118,0.0988235,0.0164706,0.00235294,0.305882
678,0.150301,0.0501002,0.43487,0.0280561,0.0320641,0.304609
679,0.0133333,0.826667,0.12,0.0133333,0.0133333,0.0133333
680,0.0151515,0.0606061,0.560606,0.242424,0.0151515,0.106061
681,0.0224719,0.932584,0.011236,0.011236,0.011236,0.011236
682,0.0714286,0.285714,0.428571,0.0714286,0.0714286,0.0714286
683,0.00662252,0.602649,0.238411,0.0728477,0.00662252,0.0728477
684,0.0909091,0.0909091,0.454545,0.0909091,0.181818,0.0909091
685,0.03125,0.708333,0.229167,0.0208333,0.00520833,0.00520833
686,0.00338983,0.823729,0.132203,0.0338983,0.00338983,0.00338983
687,0.00348432,0.341463,0.393728,0.0418118,0.0627178,0.156794
688,0.00983607,0.281967,0.190164,0.0196721,0.0131148,0.485246
689,0.0769231,0.0769231,0.538462,0.0769231,0.0769231,0.153846
690,0.0131579,0.842105,0.105263,0.0131579,0.0131579,0.0131579
691,0.0207135,0.0529344,0.704258,0.0621404,0.0989643,0.0609896
692,0.0176471,0.917647,0.0352941,0.0176471,0.00588235,0.00588235
693,0.00515464,0.819588,0.103093,0.00257732,0.0154639,0.0541237
694,0.434337,0.267136,0.0512492,0.111467,0.120436,0.0153748
695,0.00239808,0.405276,0.46283,0.057554,0.0215827,0.0503597
696,0.0111111,0.866667,0.0407407,0.0148148,0.062963,0.0037037
697,0.00210526,0.0821053,0.446316,0.0147368,0.324211,0.130526
698,0.0113636,0.323864,0.383523,0.0284091,0.176136,0.0767045
699,0.0769231,0.0769231,0.538462,0.0769231,0.153846,0.0769231
700,0.000948767,0.195446,0.13852,0.0256167,0.526565,0.112903
701,0.00454545,0.172727,0.118182,0.0454545,0.654545,0.00454545
702,0.00694444,0.0972222,0.680556,0.0347222,0.0277778,0.152778
703,0.114362,0.276596,0.0319149,0.0106383,0.56383,0.00265957
704,0.142857,0.142857,0.285714,0.142857,0.142857,0.142857
705,0.285714,0.142857,0.142857,0.142857,0.142857,0.142857
706,0.011236,0.94382,0.011236,0.011236,0.011236,0.011236
707,0.0314465,0.484277,0.314465,0.0251572,0.0125786,0.132075
708,0.05,0.65,0.125,0.025,0.025,0.125
709,0.011236,0.353933,0.185393,0.011236,0.432584,0.00561798
710,0.0191571,0.655172,0.153257,0.00766284,0.00383142,0.16092
711,0.0196078,0.333333,0.568627,0.0392157,0.0196078,0.0196078
712,0.0408377,0.139267,0.052356,0.651309,0.108901,0.00732984
713,0.00943396,0.273585,0.00943396,0.00943396,0.688679,0.00943396
714,0.00645161,0.877419,0.0967742,0.00645161,0.00645161,0.00645161
715,0.0445545,0.366337,0.40099,0.153465,0.029703,0.0049505
716,0.0153846,0.923077,0.0153846,0.0153846,0.0153846,0.0153846
717,0.0680751,0.190141,0.70892,0.028169,0.00234742,0.00234742
718,0.0120482,0.939759,0.0120482,0.0120482,0.0120482,0.0120482
719,0.0865385,0.115385,0.5,0.00961538,0.00961538,0.278846
720,0.00319489,0.408946,0.175719,0.0383387,0.0223642,0.351438
721,0.0514706,0.0955882,0.801471,0.00735294,0.00735294,0.0367647
722,0.0153846,0.0769231,0.0923077,0.0615385,0.615385,0.138462
723,0.0909091,0.181818,0.454545,0.0909091,0.0909091,0.0909091
724,0.00396825,0.22619,0.00396825,0.00396825,0.00396825,0.757937
725,0.0714286,0.285714,0.428571,0.0714286,0.0714286,0.0714286
726,0.142857,0.142857,0.142857,0.142857,0.142857,0.285714
727,0.0105263,0.947368,0.0105263,0.0105263,0.0105263,0.0105263
728,0.020202,0.517172,0.0686869,0.377778,0.0020202,0.0141414
729,0.05,0.05,0.3,0.05,0.5,0.05
730,0.142857,0.142857,0.142857,0.142857,0.285714,0.142857
731,0.0121951,0.939024,0.0121951,0.0121951,0.0121951,0.0121951
732,0.00549451,0.461538,0.483516,0.0164835,0.00549451,0.0274725
733,0.0780591,0.210267,0.000703235,0.673699,0.000703235,0.0365682
734,0.0526316,0.0526316,0.736842,0.0526316,0.0526316,0.0526316
735,0.0531915,0.829787,0.0851064,0.0106383,0.0106383,0.0106383
736,0.00900901,0.018018,0.657658,0.00900901,0.00900901,0.297297
737,0.0241935,0.741935,0.129032,0.00806452,0.0322581,0.0645161
738,0.0196721,0.15082,0.580328,0.111475,0.0131148,0.12459
739,0.321429,0.0714286,0.321429,0.0357143,0.214286,0.0357143
740,0.0178571,0.357143,0.410714,0.0535714,0.125,0.0357143
741,0.0233236,0.00291545,0.714286,0.0699708,0.00291545,0.186589
742,0.0106383,0.946809,0.0106383,0.0106383,0.0106383,0.0106383
743,0.0416667,0.0416667,0.333333,0.25,0.291667,0.0416667
744,0.0769231,0.0769231,0.615385,0.0769231,0.0769231,0.0769231
745,0.00135685,0.0176391,0.0135685,0.0610583,0.808684,0.0976934
746,0.1,0.2,0.4,0.1,0.1,0.1
747,0.030303,0.79798,0.141414,0.010101,0.010101,0.010101
748,0.037037,0.259259,0.481481,0.037037,0.037037,0.148148
749,0.00892857,0.0535714,0.616071,0.133929,0.116071,0.0714286
750,0.0108696,0.641304,0.228261,0.0217391,0.0869565,0.0108696
751,0.111111,0.111111,0.444444,0.111111,0.111111,0.111111
752,0.0217391,0.23913,0.543478,0.152174,0.0217391,0.0217391
753,0.00826446,0.77686,0.190083,0.00826446,0.00826446,0.00826446
754,0.00175747,0.442882,0.249561,0.00175747,0.00175747,0.302285
755,0.002,0.3,0.574,0.022,0.02,0.082
756,0.00234742,0.0211268,0.596244,0.0915493,0.0798122,0.20892
757,0.0107527,0.806452,0.129032,0.0107527,0.0322581,0.0107527
758,0.0434783,0.0869565,0.521739,0.0434783,0.130435,0.173913
759,0.00564972,0.971751,0.00564972,0.00564972,0.00564972,0.00564972
760,0.0102041,0.887755,0.0612245,0.0102041,0.0102041,0.0204082
761,0.1,0.2,0.4,0.1,0.1,0.1
762,0.157895,0.0526316,0.368421,0.0526316,0.157895,0.210526
763,0.00833333,0.141667,0.00833333,0.00833333,0.825,0.00833333
764,0.00297619,0.708333,0.190476,0.0267857,0.0416667,0.0297619
765,0.0136986,0.876712,0.0684932,0.0136986,0.0136986,0.0136986
766,0.0104167,0.90625,0.0520833,0.0104167,0.0104167,0.0104167
767,0.0208333,0.0625,0.708333,0.145833,0.0416667,0.0208333
768,0.00330033,0.29703,0.0528053,0.00990099,0.50495,0.132013
769,0.00657895,0.203947,0.230263,0.00657895,0.546053,0.00657895
770,0.00662252,0.0397351,0.721854,0.0662252,0.0794702,0.0860927
771,0.0108696,0.934783,0.0108696,0.0108696,0.0217391,0.0108696
772,0.0909091,0.0909091,0.545455,0.0909091,0.0909091,0.0909091
773,0.03125,0.09375,0.65625,0.09375,0.0625,0.0625
774,0.0195122,0.097561,0.239024,0.0390244,0.590244,0.0146341
775,0.111111,0.444444,0.111111,0.111111,0.111111,0.111111
776,0.0251799,0.492806,0.381295,0.0395683,0.057554,0.00359712
777,0.0111111,0.811111,0.111111,0.0111111,0.0111111,0.0444444
778,0.1,0.1,0.4,0.1,0.2,0.1
779,0.0030303,0.793939,0.0515152,0.00909091,0.00606061,0.136364
780,0.0319635,0.422374,0.242009,0.0308219,0.0342466,0.238584
781,0.0181818,0.781818,0.127273,0.00909091,0.0545455,0.00909091
782,0.0423729,0.728814,0.194915,0.00847458,0.0169492,0.00847458
783,0.00549451,0.846154,0.021978,0.00549451,0.00549451,0.115385
784,0.0133333,0.106667,0.0933333,0.0133333,0.48,0.293333
785,0.0121581,0.218845,0.0577508,0.0911854,0.0212766,0.598784
786,0.0909091,0.0909091,0.363636,0.0909091,0.0909091,0.272727
787,0.142857,0.142857,0.285714,0.142857,0.142857,0.142857
788,0.0294118,0.176471,0.5,0.235294,0.0294118,0.0294118
789,0.00504414,0.168979,0.00126103,0.311475,0.509458,0.0037831
790,0.0117647,0.941176,0.0117647,0.0117647,0.0117647,0.0117647
791,0.00787402,0.692913,0.15748,0.023622,0.00787402,0.110236
792,0.00404858,0.34413,0.0688259,0.00404858,0.57085,0.00809717
793,0.00813008,0.0487805,0.382114,0.00813008,0.219512,0.333333
794,0.210526,0.263158,0.368421,0.0526316,0.0526316,0.0526316
795,0.00990099,0.910891,0.039604,0.00990099,0.019802,0.00990099
796,0.142857,0.142857,0.285714,0.142857,0.142857,0.142857
797,0.0311203,0.358921,0.0103734,0.134855,0.412863,0.0518672
798,0.0199637,0.264065,0.0771325,0.549002,0.069873,0.0199637
799,0.125,0.125,0.375,0.125,0.125,0.125
800,0.0111732,0.377095,0.402235,0.0027933,0.0223464,0.184358
801,0.00236967,0.28436,0.111374,0.00473934,0.338863,0.258294
802,0.0636364,0.505455,0.0890909,0.327273,0.00181818,0.0127273
803,0.00819672,0.811475,0.0655738,0.00819672,0.0163934,0.0901639
804,0.0687023,0.0305344,0.534351,0.0407125,0.236641,0.0890585
805,0.00251256,0.748744,0.153266,0.00753769,0.00502513,0.0829146
806,0.00348432,0.289199,0.0696864,0.00348432,0.00348432,0.630662
807,0.0246914,0.880658,0.0823045,0.00411523,0.00411523,0.00411523
808,0.0135135,0.932432,0.0135135,0.0135135,0.0135135,0.0135135
809,0.00980392,0.921569,0.0294118,0.00980392,0.0196078,0.00980392
810,0.0833333,0.0833333,0.5,0.0833333,0.0833333,0.166667
811,0.0138889,0.861111,0.0694444,0.0138889,0.0277778,0.0138889
812,0.0735294,0.147059,0.00735294,0.0147059,0.75,0.00735294
813,0.0714286,0.642857,0.0714286,0.0714286,0.0714286,0.0714286
814,0.0833333,0.333333,0.333333,0.0833333,0.0833333,0.0833333
815,0.0031348,0.0595611,0.128527,0.0376176,0.476489,0.294671
816,0.0311526,0.557632,0.133956,0.00623053,0.00311526,0.267913
817,0.0214425,0.382066,0.417154,0.0253411,0.0116959,0.1423
818,0.32,0.02,0.02,0.38,0.2,0.06
819,0.0833333,0.0833333,0.416667,0.0833333,0.25,0.0833333
820,0.00571429,0.531429,0.102857,0.0171429,0.00571429,0.337143
821,0.0342772,0.0208644,0.825633,0.0730253,0.0357675,0.0104322
822,0.00740741,0.844444,0.0814815,0.00740741,0.0444444,0.0148148
823,0.939042,0.0551524,0.00145138,0.00145138,0.00145138,0.00145138
824,0.00769231,0.115385,0.169231,0.153846,0.523077,0.0307692
825,0.0394737,0.0804094,0.00146199,0.836257,0.0394737,0.00292398
826,0.0157068,0.769634,0.0890052,0.026178,0.0052356,0.0942408
827,0.0761905,0.609524,0.228571,0.0285714,0.00952381,0.047619
828,0.1,0.1,0.4,0.1,0.1,0.2
829,0.0454545,0.0454545,0.545455,0.0454545,0.0909091,0.227273
830,0.176471,0.588235,0.0588235,0.0588235,0.0588235,0.0588235
831,0.125,0.25,0.25,0.125,0.125,0.125
832,0.00120048,0.386555,0.0840336,0.00360144,0.00960384,0.515006
833,0.0129032,0.629032,0.270968,0.0806452,0.00322581,0.00322581
834,0.015873,0.920635,0.015873,0.015873,0.015873,0.015873
835,0.00465116,0.35814,0.125581,0.00465116,0.502326,0.00465116
836,0.047619,0.047619,0.761905,0.047619,0.047619,0.047619
837,0.0165746,0.0828729,0.248619,0.0331492,0.502762,0.116022
838,0.0136986,0.821918,0.0684932,0.0136986,0.0684932,0.0136986
839,0.00361011,0.245487,0.0216606,0.00361011,0.519856,0.205776
840,0.755039,0.178295,0.0418605,0.00310078,0.00310078,0.0186047
841,0.00970874,0.718447,0.15534,0.00970874,0.0970874,0.00970874
842,0.100629,0.0251572,0.742138,0.100629,0.0188679,0.0125786
843,0.111111,0.111111,0.444444,0.111111,0.111111,0.111111
844,0.0556328,0.229485,0.230876,0.114047,0.30459,0.0653686
845,0.0526316,0.210526,0.473684,0.0526316,0.157895,0.0526316
846,0.0110865,0.281596,0.239468,0.0266075,0.348115,0.0931264
847,0.00990099,0.881188,0.0792079,0.00990099,0.00990099,0.00990099
848,0.0609756,0.195122,0.658537,0.0243902,0.00609756,0.054878
849,0.00636943,0.089172,0.0700637,0.00636943,0.821656,0.00636943
850,0.08,0.104615,0.32,0.0830769,0.409231,0.00307692
851,0.136364,0.113636,0.636364,0.0227273,0.0681818,0.0227273
852,0.0195122,0.497561,0.341463,0.0195122,0.0926829,0.0292683
853,0.114754,0.245902,0.557377,0.0327869,0.0163934,0.0327869
854,0.0178571,0.0178571,0.607143,0.0178571,0.0178571,0.321429
855,0.000905797,0.231884,0.468297,0.00634058,0.118659,0.173913
856,0.00147493,0.467552,0.0943953,0.0501475,0.384956,0.00147493
857,0.0140845,0.84507,0.0985915,0.0140845,0.0140845,0.0140845
858,0.00849858,0.101983,0.373938,0.152975,0.249292,0.113314
859,0.0434783,0.217391,0.608696,0.0434783,0.0434783,0.0434783
860,0.0103093,0.670103,0.185567,0.0412371,0.0824742,0.0103093
861,0.00558659,0.413408,0.49162,0.0391061,0.0335196,0.0167598
862,0.836658,0.15212,0.000623441,0.000623441,0.000623441,0.00935162
863,0.012987,0.792208,0.155844,0.012987,0.012987,0.012987
864,0.00806452,0.524194,0.346774,0.104839,0.00806452,0.00806452
865,0.00854701,0.957265,0.00854701,0.00854701,0.00854701,0.00854701
866,0.00934579,0.607477,0.28972,0.00934579,0.0747664,0.00934579
867,0.00763359,0.618321,0.00763359,0.00763359,0.00763359,0.351145
868,0.00326797,0.0620915,0.153595,0.0686275,0.614379,0.0980392
869,0.027027,0.027027,0.828829,0.018018,0.00900901,0.0900901
870,0.00286533,0.111748,0.0401146,0.025788,0.544413,0.275072
871,0.0909091,0.0909091,0.545455,0.0909091,0.0909091,0.0909091
872,0.387393,0.387393,0.167433,0.00590939,0.00328299,0.0485883
873,0.111111,0.111111,0.444444,0.111111,0.111111,0.111111
874,0.0588235,0.0588235,0.352941,0.411765,0.0588235,0.0588235
875,0.0492611,0.773399,0.147783,0.00492611,0.00492611,0.0197044
876,0.0258398,0.462532,0.00258398,0.496124,0.00258398,0.0103359
877,0.0117647,0.941176,0.0117647,0.0117647,0.0117647,0.0117647
878,0.00341297,0.372014,0.0392491,0.00170648,0.581911,0.00170648
879,0.0166667,0.0166667,0.9,0.0166667,0.0333333,0.0166667
880,0.00265252,0.488064,0.0318302,0.0769231,0.397878,0.00265252
881,0.578505,0.0654912,0.225861,0.0428212,0.0806045,0.00671704
882,0.1,0.1,0.4,0.1,0.1,0.2
883,0.286572,0.29476,0.07369,0.121725,0.000545852,0.222707
884,0.125,0.0625,0.625,0.0625,0.0625,0.0625
885,0.05,0.167857,0.139286,0.632143,0.00357143,0.00714286
886,0.01,0.1,0.11,0.01,0.76,0.01
887,0.333333,0.0555556,0.444444,0.0555556,0.0555556,0.0555556
888,0.142857,0.142857,0.285714,0.142857,0.142857,0.142857
889,0.00425532,0.817021,0.131915,0.00425532,0.012766,0.0297872
890,0.716616,0.197757,0.0632008,0.0132518,0.00611621,0.0030581
891,0.0528053,0.250825,0.316832,0.00660066,0.369637,0.00330033
892,0.138922,0.0982036,0.362874,0.0167665,0.317365,0.0658683
893,0.015444,0.247104,0.011583,0.003861,0.00772201,0.714286
894,0.00483092,0.0966184,0.338164,0.00483092,0.550725,0.00483092
895,0.00342466,0.0958904,0.0342466,0.0171233,0.835616,0.0136986
896,0.00704225,0.112676,0.309859,0.00704225,0.556338,0.00704225
897,0.215584,0.038961,0.0753247,0.0831169,0.524675,0.0623377
898,0.00378788,0.306818,0.492424,0.0227273,0.113636,0.0606061
899,0.00724638,0.057971,0.710145,0.115942,0.0507246,0.057971
900,0.1,0.2,0.4,0.1,0.1,0.1
901,0.0909091,0.0909091,0.454545,0.0909091,0.0909091,0.181818
902,0.00877193,0.95614,0.00877193,0.00877193,0.00877193,0.00877193
903,0.0117647,0.847059,0.105882,0.0117647,0.0117647,0.0117647
904,0.0544218,0.503401,0.421769,0.00680272,0.00680272,0.00680272
905,0.0044843,0.302691,0.233184,0.0044843,0.00224215,0.452915
906,0.00621118,0.906832,0.0496894,0.0186335,0.0124224,0.00621118
907,0.00584795,0.134503,0.181287,0.0175439,0.614035,0.0467836
908,0.0149254,0.0597015,0.798507,0.0671642,0.0522388,0.00746269
909,0.0035461,0.712766,0.244681,0.0212766,0.0141844,0.0035461
910,0.00381679,0.80916,0.114504,0.00381679,0.00381679,0.0648855
911,0.0405904,0.276753,0.413284,0.0553506,0.107011,0.107011
912,0.00172712,0.172712,0.00172712,0.0345423,0.785838,0.00345423
913,0.142857,0.142857,0.142857,0.142857,0.285714,0.142857
914,0.0769231,0.0769231,0.615385,0.0769231,0.0769231,0.0769231
915,0.00724638,0.0362319,0.637681,0.0507246,0.0942029,0.173913
916,0.00609756,0.396341,0.493902,0.0914634,0.00609756,0.00609756
917,0.010101,0.878788,0.0606061,0.010101,0.030303,0.010101
918,0.00213675,0.309829,0.017094,0.00213675,0.645299,0.0235043
919,0.00564972,0.40113,0.389831,0.129944,0.0508475,0.0225989
920,0.00219298,0.120614,0.252193,0.0197368,0.60307,0.00219298
921,0.1,0.1,0.4,0.1,0.2,0.1
922,0.015625,0.953125,0.0078125,0.0078125,0.0078125,0.0078125
923,0.0326087,0.923913,0.0108696,0.0108696,0.0108696,0.0108696
924,0.1,0.1,0.4,0.1,0.1,0.2
925,0.0212766,0.0851064,0.723404,0.0212766,0.12766,0.0212766
926,0.00636943,0.0955414,0.0764331,0.0828025,0.732484,0.00636943
927,0.0123457,0.938272,0.0123457,0.0123457,0.0123457,0.0123457
928,0.0121212,0.806061,0.0424242,0.00606061,0.00606061,0.127273
929,0.016129,0.919355,0.016129,0.016129,0.016129,0.016129
930,0.897712,0.0915209,0.0013459,0.00672948,0.0013459,0.0013459
931,0.00763359,0.923664,0.0458015,0.00763359,0.00763359,0.00763359
932,0.142857,0.142857,0.285714,0.142857,0.142857,0.142857
933,0.00413223,0.272727,0.0123967,0.00413223,0.00413223,0.702479
934,0.00805639,0.0624371,0.335347,0.0100705,0.449144,0.134945
935,0.0347222,0.184028,0.00347222,0.663194,0.00347222,0.111111
936,0.142857,0.142857,0.142857,0.142857,0.285714,0.142857
937,0.00220751,0.196468,0.0463576,0.013245,0.013245,0.728477
938,0.0833333,0.0833333,0.5,0.0833333,0.0833333,0.166667
939,0.00826446,0.702479,0.173554,0.00826446,0.0909091,0.0165289
940,0.111111,0.222222,0.111111,0.333333,0.111111,0.111111
941,0.00436681,0.703057,0.0611354,0.0218341,0.0305677,0.179039
942,0.00259067,0.42228,0.450777,0.0181347,0.0362694,0.0699482
943,0.0120482,0.903614,0.0120482,0.0120482,0.0481928,0.0120482
944,0.00877193,0.219298,0.00438596,0.741228,0.00438596,0.0219298
945,0.00184162,0.217311,0.112339,0.158379,0.491713,0.0184162
946,0.010989,0.945055,0.010989,0.010989,0.010989,0.010989
947,0.00719424,0.151079,0.00719424,0.00719424,0.820144,0.00719424
948,0.00558659,0.972067,0.00558659,0.00558659,0.00558659,0.00558659
949,0.00724638,0.949275,0.0217391,0.00724638,0.00724638,0.00724638
950,0.0555556,0.0555556,0.722222,0.0555556,0.0555556,0.0555556
951,0.0769231,0.0769231,0.384615,0.230769,0.0769231,0.153846
952,0.0144,0.2048,0.2544,0.0384,0.4656,0.0224
953,0.025974,0.857143,0.025974,0.0649351,0.012987,0.012987
954,0.00456621,0.351598,0.461187,0.0456621,0.0228311,0.114155
955,0.015873,0.873016,0.031746,0.015873,0.047619,0.015873
956,0.00628931,0.0974843,0.242138,0.00943396,0.575472,0.0691824
957,0.015625,0.890625,0.015625,0.046875,0.015625,0.015625
958,0.00337838,0.199324,0.533784,0.0675676,0.00675676,0.189189
959,0.0940171,0.017094,0.504274,0.247863,0.0769231,0.0598291
960,0.0586957,0.148068,0.0350242,0.13913,0.000483092,0.618599
961,0.047619,0.285714,0.428571,0.047619,0.047619,0.142857
962,0.107664,0.0337591,0.660584,0.134124,0.0364964,0.0273723
963,0.0666667,0.0666667,0.666667,0.0666667,0.0666667,0.0666667
964,0.0410448,0.585821,0.242537,0.00373134,0.123134,0.00373134
965,0.0125,0.58125,0.35,0.01875,0.00625,0.03125
966,0.0196078,0.72549,0.107843,0.00980392,0.00980392,0.127451
967,0.270142,0.0758294,0.0521327,0.042654,0.511848,0.0473934
968,0.0294118,0.147059,0.617647,0.117647,0.0588235,0.0294118
969,0.180328,0.0655738,0.229508,0.491803,0.0163934,0.0163934
970,0.00515464,0.927835,0.0154639,0.00515464,0.00515464,0.0412371
971,0.0833333,0.0833333,0.583333,0.0833333,0.0833333,0.0833333
972,0.0909091,0.0909091,0.545455,0.0909091,0.0909091,0.0909091
973,0.0666667,0.133333,0.466667,0.0666667,0.2,0.0666667
974,0.00990099,0.00990099,0.346535,0.029703,0.19802,0.405941
975,0.0111111,0.7,0.222222,0.0444444,0.0111111,0.0111111
976,0.00943396,0.00943396,0.896226,0.00943396,0.00943396,0.0660377
977,0.0196078,0.705882,0.0392157,0.00980392,0.00980392,0.215686
978,0.0151515,0.924242,0.0151515,0.0151515,0.0151515,0.0151515
979,0.00589391,0.81336,0.125737,0.00392927,0.0117878,0.0392927
980,0.00380228,0.34981,0.026616,0.00380228,0.612167,0.00380228
981,0.00421941,0.966245,0.0168776,0.00421941,0.00421941,0.00421941
982,0.0103093,0.742268,0.0721649,0.0103093,0.0103093,0.154639
983,0.011236,0.820225,0.11236,0.011236,0.011236,0.0337079
984,0.00787402,0.102362,0.0393701,0.0393701,0.80315,0.00787402
985,0.0142857,0.814286,0.128571,0.0142857,0.0142857,0.0142857
986,0.00833333,0.858333,0.0583333,0.00833333,0.00833333,0.0583333
987,0.0112994,0.79096,0.118644,0.0734463,0.00282486,0.00282486
988,0.00377358,0.128302,0.101887,0.045283,0.716981,0.00377358
989,0.00452489,0.0769231,0.162896,0.0135747,0.692308,0.0497738
990,0.03125,0.03125,0.65625,0.21875,0.03125,0.03125
991,0.0121951,0.939024,0.0121951,0.0121951,0.0121951,0.0121951
992,0.0709677,0.0645161,0.690323,0.16129,0.00645161,0.00645161
993,0.016129,0.258065,0.580645,0.016129,0.016129,0.112903
994,0.0171131,0.234375,0.0223214,0.345982,0.217262,0.162946
995,0.0666667,0.0666667,0.533333,0.0666667,0.0666667,0.2
996,0.0643087,0.324759,0.480707,0.117363,0.00160772,0.011254
997,0.00591716,0.573964,0.284024,0.00591716,0.00591716,0.12426
998,0.0694444,0.0555556,0.652778,0.0138889,0.0833333,0.125
999,0.00229358,0.433486,0.233945,0.0688073,0.0137615,0.247706
1000,0.00617284,0.0864198,0.00617284,0.00617284,0.888889,0.00617284
1001,0.00131234,0.30315,0.136483,0.011811,0.30315,0.244094
1002,0.0149254,0.731343,0.208955,0.0149254,0.0149254,0.0149254
1003,0.00530504,0.30504,0.432361,0.0159151,0.061008,0.180371
1004,0.0135135,0.891892,0.0405405,0.027027,0.0135135,0.0135135
1005,0.00344828,0.0241379,0.57931,0.0310345,0.1,0.262069
1006,0.00729927,0.963504,0.00729927,0.00729927,0.00729927,0.00729927
1007,0.008,0.064,0.776,0.016,0.008,0.128
1008,0.0108696,0.945652,0.0108696,0.0108696,0.0108696,0.0108696
1009,0.0035461,0.943262,0.0141844,0.0035461,0.0035461,0.0319149
1010,0.00869565,0.817391,0.113043,0.00869565,0.0434783,0.00869565
1011,0.227273,0.136364,0.5,0.0454545,0.0454545,0.0454545
1012,0.0909091,0.181818,0.272727,0.272727,0.0909091,0.0909091
1013,0.0224719,0.898876,0.011236,0.011236,0.0449438,0.011236
1014,0.111111,0.111111,0.444444,0.111111,0.111111,0.111111
1015,0.0384615,0.0384615,0.576923,0.0384615,0.0769231,0.230769
1016,0.00472813,0.208038,0.0969267,0.00472813,0.607565,0.0780142
1017,0.160839,0.0034965,0.597902,0.0699301,0.104895,0.0629371
1018,0.0526316,0.105263,0.526316,0.210526,0.0526316,0.0526316
1019,0.0769231,0.0769231,0.307692,0.0769231,0.153846,0.307692
1020,0.00870827,0.538462,0.341074,0.0449927,0.0348331,0.0319303
1021,0.0530303,0.0227273,0.780303,0.00757576,0.0378788,0.0984848
1022,0.0075188,0.819549,0.037594,0.0075188,0.0075188,0.120301
1023,0.0245902,0.737705,0.188525,0.00819672,0.0327869,0.00819672
1024,0.0143885,0.0719424,0.640288,0.0323741,0.154676,0.0863309
1025,0.04,0.04,0.44,0.4,0.04,0.04
1026,0.0416667,0.333333,0.291667,0.0416667,0.125,0.166667
1027,0.018797,0.334586,0.0432331,0.543233,0.0018797,0.0582707
1028,0.00331675,0.0597015,0.442786,0.0182421,0.474295,0.00165837
1029,0.142857,0.142857,0.142857,0.142857,0.285714,0.142857
1030,0.00813008,0.296748,0.0528455,0.223577,0.412602,0.00609756
1031,0.148148,0.0648148,0.666667,0.101852,0.00925926,0.00925926
1032,0.0084317,0.129848,0.104553,0.00168634,0.647555,0.107926
1033,0.166667,0.0555556,0.444444,0.0555556,0.166667,0.111111
1034,0.00943396,0.575472,0.113208,0.00943396,0.0660377,0.226415
1035,0.0625,0.0625,0.6875,0.0625,0.0625,0.0625
1036,0.00869565,0.66087,0.121739,0.182609,0.0173913,0.00869565
1037,0.0340909,0.0369318,0.542614,0.255682,0.0227273,0.107955
1038,0.0434517,0.124847,0.29743,0.0587515,0.449204,0.0263158
1039,0.0166667,0.916667,0.0166667,0.0166667,0.0166667,0.0166667
1040,0.1,0.5,0.1,0.1,0.1,0.1
1041,0.0909091,0.0909091,0.545455,0.0909091,0.0909091,0.0909091
1042,0.015873,0.047619,0.436508,0.0198413,0.301587,0.178571
1043,0.00943396,0.886792,0.00943396,0.00943396,0.0754717,0.00943396
1044,0.0380079,0.229358,0.0694626,0.0563565,0.605505,0.00131062
1045,0.0269687,0.337648,0.449838,0.0625674,0.02589,0.0970874
1046,0.0239899,0.17298,0.602273,0.130051,0.010101,0.0606061
1047,0.0555556,0.0833333,0.722222,0.0277778,0.0833333,0.0277778
1048,0.00666667,0.54,0.246667,0.04,0.00666667,0.16
1049,0.00342466,0.356164,0.386986,0.0479452,0.00342466,0.202055
1050,0.0769231,0.615385,0.0769231,0.0769231,0.0769231,0.0769231
1051,0.0105263,0.947368,0.0105263,0.0105263,0.0105263,0.0105263
1052,0.0108696,0.836957,0.0108696,0.0108696,0.0217391,0.108696
1053,0.00446429,0.357143,0.107143,0.0714286,0.455357,0.00446429
1054,0.08,0.16,0.44,0.04,0.04,0.24
1055,0.00704225,0.84507,0.112676,0.00704225,0.00704225,0.0211268
1056,0.00228833,0.0869565,0.0778032,0.0343249,0.00228833,0.796339
1057,0.04,0.04,0.6,0.24,0.04,0.04
1058,0.0416667,0.0833333,0.416667,0.125,0.291667,0.0416667
1059,0.0416667,0.333333,0.25,0.0416667,0.0833333,0.25
1060,0.00725689,0.0145138,0.590711,0.0174165,0.00145138,0.36865
1061,0.0126582,0.422325,0.109321,0.116226,0.0264672,0.313003
1062,0.0769231,0.230769,0.384615,0.0769231,0.153846,0.0769231
1063,0.0026178,0.217277,0.104712,0.0026178,0.596859,0.0759162
1064,0.00793651,0.619048,0.00396825,0.00793651,0.00396825,0.357143
1065,0.0178571,0.0178571,0.482143,0.0178571,0.0178571,0.446429
1066,0.05,0.1,0.7,0.05,0.05,0.05
1067,0.025641,0.884615,0.0512821,0.0128205,0.0128205,0.0128205
1068,0.0070922,0.120567,0.0070922,0.0070922,0.851064,0.0070922
1069,0.0588235,0.0588235,0.705882,0.0588235,0.0588235,0.0588235
1070,0.0119522,0.573705,0.354582,0.0278884,0.00398406,0.0278884
1071,0.00699301,0.51049,0.363636,0.034965,0.013986,0.0699301
1072,0.00990099,0.00990099,0.772277,0.00990099,0.049505,0.148515
1073,0.0114943,0.942529,0.0114943,0.0114943,0.0114943,0.0114943
1074,0.0344828,0.137931,0.62069,0.0344828,0.0344828,0.137931
1075,0.00531915,0.611702,0.297872,0.0691489,0.00531915,0.0106383
1076,0.00507614,0.0558376,0.177665,0.00507614,0.573604,0.182741
1077,0.00155521,0.0279938,0.0124417,0.00466563,0.934681,0.0186625
1078,0.00900901,0.810811,0.108108,0.00900901,0.0540541,0.00900901
1079,0.0134228,0.553691,0.40604,0.0100671,0.00671141,0.0100671
1080,0.00588235,0.423529,0.00588235,0.0647059,0.494118,0.00588235
1081,0.0622407,0.211618,0.00829876,0.705394,0.00414938,0.00829876
1082,0.0104167,0.895833,0.0104167,0.0104167,0.0104167,0.0625
1083,0.00271003,0.0650407,0.262873,0.00271003,0.639566,0.0271003
1084,0.0196078,0.815686,0.109804,0.027451,0.0235294,0.00392157
1085,0.023622,0.622047,0.283465,0.00787402,0.00787402,0.0551181
1086,0.00411523,0.82716,0.0205761,0.00411523,0.00411523,0.139918
1087,0.0112994,0.870056,0.00564972,0.0169492,0.0112994,0.0847458
1088,0.0120482,0.903614,0.0481928,0.0120482,0.0120482,0.0120482
1089,0.0105263,0.947368,0.0105263,0.0105263,0.0105263,0.0105263
1090,0.912096,0.0675105,0.0168776,0.0021097,0.000703235,0.000703235
1091,0.272727,0.030303,0.575758,0.0606061,0.030303,0.030303
1092,0.0215054,0.913978,0.0107527,0.0107527,0.0322581,0.0107527
1093,0.0153846,0.892308,0.0461538,0.0153846,0.0153846,0.0153846
1094,0.004329,0.489177,0.004329,0.025974,0.471861,0.004329
1095,0.0121951,0.939024,0.0121951,0.0121951,0.0121951,0.0121951
1096,0.37931,0.0344828,0.344828,0.172414,0.0344828,0.0344828
1097,0.0112994,0.824859,0.0734463,0.0225989,0.00564972,0.0621469
1098,0.00456621,0.958904,0.00456621,0.00456621,0.00456621,0.0228311
1099,0.00673854,0.509434,0.00673854,0.357143,0.0350404,0.0849057
1100,0.00344828,0.268966,0.144828,0.0103448,0.00344828,0.568966
1101,0.0138889,0.902778,0.0138889,0.0138889,0.0416667,0.0138889
1102,0.047619,0.047619,0.714286,0.047619,0.0952381,0.047619
1103,0.0034965,0.0734266,0.255245,0.0524476,0.5,0.115385
1104,0.01,0.01,0.48,0.12,0.16,0.22
1105,0.0119048,0.916667,0.0119048,0.0119048,0.0357143,0.0119048
1106,0.0384615,0.0769231,0.769231,0.0384615,0.0384615,0.0384615
1107,0.0111111,0.516667,0.377778,0.00555556,0.00555556,0.0833333
1108,0.0619469,0.575221,0.212389,0.00884956,0.0353982,0.106195
1109,0.0116959,0.535088,0.44152,0.00292398,0.00584795,0.00292398
1110,0.233333,0.0666667,0.6,0.0333333,0.0333333,0.0333333
1111,0.0769231,0.0769231,0.461538,0.153846,0.153846,0.0769231
1112,0.0344828,0.045977,0.775862,0.0229885,0.0632184,0.0574713
1113,0.00334448,0.605351,0.327759,0.0434783,0.00334448,0.0167224
1114,0.1,0.2,0.2,0.1,0.2,0.2
1115,0.0353659,0.265854,0.0695122,0.212195,0.391463,0.0256098
1116,0.125,0.25,0.25,0.125,0.125,0.125
1117,0.1145,0.111685,0.165181,0.357109,0.23557,0.015955
1118,0.00877193,0.947368,0.00877193,0.00877193,0.00877193,0.0175439
1119,0.00304878,0.387195,0.00304878,0.00304878,0.00304878,0.60061
1120,0.142857,0.142857,0.142857,0.142857,0.285714,0.142857
1121,0.0526316,0.0526316,0.736842,0.0526316,0.0526316,0.0526316
1122,0.0454545,0.227273,0.454545,0.181818,0.0454545,0.0454545
1123,0.0113636,0.943182,0.0113636,0.0113636,0.0113636,0.0113636
1124,0.0723982,0.504525,0.153846,0.0248869,0.00226244,0.242081
1125,0.0245902,0.17096,0.0591335,0.395199,0.346019,0.00409836
1126,0.125,0.125,0.25,0.125,0.25,0.125
1127,0.111111,0.108108,0.297297,0.159159,0.321321,0.003003
1128,0.0186418,0.352863,0.134487,0.0146471,0.454061,0.0252996
1129,0.0028169,0.630986,0.239437,0.107042,0.0169014,0.0028169
1130,0.00606061,0.866667,0.0484848,0.00606061,0.0666667,0.00606061
1131,0.2,0.05,0.55,0.1,0.05,0.05
1132,0.0833333,0.0833333,0.5,0.166667,0.0833333,0.0833333
1133,0.0909091,0.272727,0.363636,0.0909091,0.0909091,0.0909091
1134,0.00925926,0.111111,0.0185185,0.037037,0.814815,0.00925926
1135,0.00141044,0.0282087,0.334274,0.00141044,0.468265,0.166432
1136,0.037037,0.037037,0.592593,0.111111,0.0740741,0.148148
1137,0.00606061,0.818182,0.145455,0.0181818,0.00606061,0.00606061
1138,0.0537634,0.860215,0.0537634,0.0107527,0.0107527,0.0107527
1139,0.1,0.4,0.1,0.1,0.2,0.1
1140,0.125,0.25,0.4375,0.0625,0.0625,0.0625
1141,0.0142857,0.1,0.557143,0.128571,0.185714,0.0142857
1142,0.000668449,0.00868984,0.0748663,0.00334225,0.638369,0.274064
1143,0.0833333,0.25,0.416667,0.0833333,0.0833333,0.0833333
1144,0.015873,0.031746,0.650794,0.190476,0.015873,0.0952381
1145,0.0111111,0.0333333,0.877778,0.0444444,0.0222222,0.0111111
1146,0.0769231,0.497738,0.402715,0.00452489,0.0135747,0.00452489
1147,0.00598802,0.826347,0.0838323,0.00598802,0.0359281,0.0419162
1148,0.0966184,0.0652174,0.272947,0.0676329,0.495169,0.00241546
1149,0.0142045,0.0653409,0.213068,0.184659,0.511364,0.0113636
1150,0.111111,0.111111,0.444444,0.111111,0.111111,0.111111
1151,0.0228571,0.170476,0.113333,0.207619,0.2,0.285714
1152,0.142857,0.142857,0.285714,0.142857,0.142857,0.142857
1153,0.661017,0.232073,0.0599739,0.0234681,0.00130378,0.0221643
1154,0.0116279,0.488372,0.437984,0.0232558,0.00387597,0.0348837
1155,0.0291262,0.76699,0.174757,0.00970874,0.00970874,0.00970874
1156,0.015625,0.921875,0.015625,0.015625,0.015625,0.015625
1157,0.010101,0.929293,0.030303,0.010101,0.010101,0.010101
1158,0.00113636,0.111364,0.0227273,0.00113636,0.759091,0.104545
1159,0.811834,0.164497,0.00946746,0.0118343,0.00118343,0.00118343
1160,0.725951,0.250559,0.0201342,0.00111857,0.00111857,0.00111857
1161,0.00854701,0.769231,0.17094,0.034188,0.00854701,0.00854701
1162,0.21791,0.0736318,0.0308458,0.162189,0.474627,0.040796
1163,0.0909091,0.363636,0.0909091,0.0909091,0.272727,0.0909091
1164,0.00636943,0.165605,0.00636943,0.0828025,0.687898,0.0509554
1165,0.0590406,0.121771,0.129151,0.0123001,0.549815,0.127921
1166,0.125,0.125,0.375,0.125,0.125,0.125
1167,0.0153846,0.923077,0.0153846,0.0153846,0.0153846,0.0153846
1168,0.0136986,0.931507,0.0136986,0.0136986,0.0136986,0.0136986
1169,0.0247678,0.179567,0.0154799,0.721362,0.00309598,0.0557276
1170,0.00943396,0.839623,0.122642,0.00943396,0.00943396,0.00943396
1171,0.037594,0.639098,0.285714,0.0075188,0.0225564,0.0075188
1172,0.233371,0.161218,0.00901917,0.430101,0.0749718,0.0913191
1173,0.125,0.125,0.25,0.25,0.125,0.125
1174,0.125,0.125,0.375,0.125,0.125,0.125
1175,0.935953,0.055313,0.0014556,0.0014556,0.00436681,0.0014556
1176,0.00561798,0.0674157,0.803371,0.0617978,0.00561798,0.0561798
1177,0.0121951,0.0731707,0.719512,0.134146,0.0487805,0.0121951
1178,0.035982,0.005997,0.587706,0.0269865,0.0104948,0.332834
1179,0.027972,0.706294,0.223776,0.00699301,0.00699301,0.027972
1180,0.0344828,0.344828,0.37931,0.172414,0.0344828,0.0344828
1181,0.00970874,0.728155,0.23301,0.00970874,0.00970874,0.00970874
1182,0.0309278,0.927835,0.0103093,0.0103093,0.0103093,0.0103093
1183,0.00938967,0.352113,0.159624,0.0140845,0.460094,0.00469484
1184,0.111111,0.444444,0.111111,0.111111,0.111111,0.111111
1185,0.0833333,0.0833333,0.583333,0.0833333,0.0833333,0.0833333
1186,0.0416667,0.125,0.708333,0.0416667,0.0416667,0.0416667
1187,0.0294118,0.0294118,0.617647,0.235294,0.0588235,0.0294118
1188,0.115385,0.0576923,0.269231,0.0833333,0.467949,0.00641026
1189,0.00416667,0.345833,0.154167,0.0666667,0.425,0.00416667
1190,0.142857,0.142857,0.142857,0.142857,0.285714,0.142857
1191,0.0434783,0.0434783,0.782609,0.0434783,0.0434783,0.0434783
1192,0.00228833,0.549199,0.354691,0.0778032,0.00457666,0.0114416
1193,0.0163934,0.918033,0.0163934,0.0163934,0.0163934,0.0163934
1194,0.01,0.72,0.15,0.01,0.1,0.01
1195,0.0232558,0.186047,0.674419,0.0232558,0.0697674,0.0232558
1196,0.1,0.1,0.4,0.2,0.1,0.1
1197,0.0625,0.0625,0.6875,0.0625,0.0625,0.0625
1198,0.142857,0.142857,0.142857,0.142857,0.285714,0.142857
1199,0.125,0.125,0.25,0.125,0.25,0.125
1200,0.817708,0.126302,0.0507812,0.00130208,0.00130208,0.00260417
1201,0.00182482,0.310219,0.532847,0.0255474,0.00729927,0.122263
1202,0.00210526,0.157895,0.0589474,0.00631579,0.547368,0.227368
1203,0.00145138,0.0551524,0.352685,0.011611,0.449927,0.129173
1204,0.00462963,0.296296,0.00462963,0.00462963,0.685185,0.00462963
1205,0.142857,0.142857,0.142857,0.142857,0.285714,0.142857
1206,0.0140845,0.84507,0.0985915,0.0140845,0.0140845,0.0140845
1207,0.125,0.125,0.25,0.125,0.25,0.125
1208,0.0481013,0.0607595,0.313924,0.0683544,0.506329,0.00253165
1209,0.00107527,0.389247,0.0967742,0.0225806,0.0129032,0.477419
1210,0.142857,0.142857,0.285714,0.142857,0.142857,0.142857
1211,0.05,0.15,0.65,0.05,0.05,0.05
1212,0.0246914,0.0493827,0.790123,0.0123457,0.0246914,0.0987654
1213,0.0277778,0.0277778,0.694444,0.0277778,0.194444,0.0277778
1214,0.0571429,0.257143,0.571429,0.0285714,0.0571429,0.0285714
1215,0.00910747,0.00546448,0.839709,0.00182149,0.00182149,0.142077
1216,0.0131579,0.907895,0.0263158,0.0263158,0.0131579,0.0131579
1217,0.0185185,0.87037,0.0246914,0.00617284,0.00617284,0.0740741
1218,0.0333333,0.0333333,0.7,0.0333333,0.0666667,0.133333
1219,0.0285714,0.0285714,0.442857,0.00714286,0.0142857,0.478571
1220,0.0185185,0.75,0.0740741,0.0185185,0.0185185,0.12037
1221,0.0862069,0.784483,0.0862069,0.00862069,0.0258621,0.00862069
1222,0.00158228,0.177215,0.477848,0.00474684,0.0996835,0.238924
1223,0.00571429,0.0285714,0.822857,0.0285714,0.0285714,0.0857143
1224,0.0144928,0.84058,0.0724638,0.0434783,0.0144928,0.0144928
1225,0.0277778,0.0277778,0.638889,0.0833333,0.0277778,0.194444
1226,0.0015528,0.517081,0.00621118,0.00310559,0.127329,0.34472
1227,0.142857,0.142857,0.142857,0.142857,0.285714,0.142857
1228,0.00218341,0.340611,0.0480349,0.00873362,0.447598,0.152838
1229,0.00327988,0.0758017,0.00655977,0.175656,0.728499,0.0102041
1230,0.00294985,0.377581,0.265487,0.00294985,0.020649,0.330383
1231,0.00297619,0.27381,0.190476,0.0238095,0.494048,0.014881
1232,0.0188679,0.943396,0.00943396,0.00943396,0.00943396,0.00943396
1233,0.0138122,0.48895,0.331492,0.0276243,0.0524862,0.0856354
1234,0.0666667,0.2,0.533333,0.0666667,0.0666667,0.0666667
1235,0.0113636,0.784091,0.0568182,0.0113636,0.0113636,0.125
1236,0.047619,0.0952381,0.714286,0.047619,0.047619,0.047619
1237,0.728009,0.263889,0.00115741,0.00115741,0.00115741,0.00462963
1238,0.02657,0.0144928,0.876812,0.0700483,0.00241546,0.00966184
1239,0.0060241,0.0843373,0.421687,0.0421687,0.439759,0.0060241
1240,0.00520833,0.895833,0.00520833,0.00520833,0.00520833,0.0833333
1241,0.940751,0.0534682,0.00144509,0.00144509,0.00144509,0.00144509
1242,0.0217391,0.0217391,0.73913,0.0652174,0.130435,0.0217391
1243,0.0117647,0.941176,0.0117647,0.0117647,0.0117647,0.0117647
1244,0.0555556,0.166667,0.444444,0.0555556,0.222222,0.0555556
1245,0.0114943,0.816092,0.126437,0.0229885,0.0114943,0.0114943
1246,0.00803213,0.481928,0.108434,0.00401606,0.333333,0.064257
1247,0.0017094,0.411966,0.042735,0.0153846,0.0102564,0.517949
1248,0.0384615,0.384615,0.461538,0.0384615,0.0384615,0.0384615
1249,0.0833333,0.0833333,0.583333,0.0833333,0.0833333,0.0833333
1250,0.0229885,0.758621,0.16092,0.0229885,0.0229885,0.0114943
1251,0.00478469,0.196172,0.0143541,0.0526316,0.712919,0.0191388
1252,0.0666667,0.133333,0.533333,0.0666667,0.0666667,0.133333
1253,0.00110988,0.0654828,0.230855,0.00332963,0.650388,0.0488346
1254,0.0140845,0.84507,0.0985915,0.0140845,0.0140845,0.0140845
1255,0.0236486,0.00675676,0.851351,0.0337838,0.0202703,0.0641892
1256,0.00184502,0.302583,0.0479705,0.0202952,0.0129151,0.614391
1257,0.00126103,0.229508,0.0327869,0.00882724,0.00630517,0.721311
1258,0.00746269,0.962687,0.00746269,0.00746269,0.00746269,0.00746269
1259,0.0106383,0.808511,0.148936,0.0106383,0.0106383,0.0106383
1260,0.0196078,0.784314,0.147059,0.00980392,0.00980392,0.0294118
1261,0.00473934,0.957346,0.0236967,0.00473934,0.00473934,0.00473934
1262,0.0175439,0.0175439,0.736842,0.192982,0.0175439,0.0175439
1263,0.0106383,0.893617,0.0638298,0.0106383,0.0106383,0.0106383
1264,0.0520833,0.375,0.385417,0.046875,0.078125,0.0625
1265,0.0625,0.03125,0.8125,0.03125,0.03125,0.03125
1266,0.0588235,0.0588235,0.705882,0.0588235,0.0588235,0.0588235
1267,0.0077233,0.228005,0.18368,0.0842848,0.215581,0.280725
1268,0.142857,0.142857,0.285714,0.142857,0.142857,0.142857
1269,0.0416667,0.0416667,0.541667,0.0416667,0.125,0.208333
1270,0.00884956,0.867257,0.0707965,0.00884956,0.00884956,0.0353982
1271,0.00925926,0.824074,0.00925926,0.00925926,0.0277778,0.12037
1272,0.0555556,0.0555556,0.5,0.277778,0.0555556,0.0555556
1273,0.056338,0.0140845,0.647887,0.169014,0.0140845,0.0985915
1274,0.026936,0.010101,0.653199,0.023569,0.0774411,0.208754
1275,0.0126812,0.423007,0.429348,0.0298913,0.000905797,0.104167
1276,0.105446,0.249131,0.353418,0.0208575,0.249131,0.0220162
1277,0.026087,0.730435,0.173913,0.00869565,0.0521739,0.00869565
1278,0.020202,0.939394,0.010101,0.010101,0.010101,0.010101
1279,0.0526316,0.0526316,0.736842,0.0526316,0.0526316,0.0526316
1280,0.472826,0.432971,0.0552536,0.00634058,0.000905797,0.0317029
1281,0.00702576,0.409836,0.526932,0.0117096,0.0163934,0.028103
1282,0.00404858,0.392713,0.433198,0.0647773,0.0323887,0.0728745
1283,0.00440529,0.810573,0.162996,0.00440529,0.0132159,0.00440529
1284,0.0116279,0.860465,0.0813953,0.0116279,0.0116279,0.0232558
1285,0.0263158,0.105263,0.710526,0.0526316,0.0789474,0.0263158
1286,0.0157895,0.910526,0.0105263,0.00526316,0.0526316,0.00526316
1287,0.0275591,0.870079,0.0905512,0.00393701,0.00393701,0.00393701
1288,0.142857,0.142857,0.142857,0.142857,0.285714,0.142857
1289,0.00348432,0.205575,0.146341,0.0940767,0.547038,0.00348432
1290,0.0060423,0.540785,0.39577,0.0302115,0.00302115,0.0241692
1291,0.0909091,0.0909091,0.454545,0.0909091,0.0909091,0.181818
1292,0.00636943,0.43949,0.0700637,0.00636943,0.00636943,0.471338
1293,0.027972,0.181818,0.0034965,0.755245,0.0034965,0.027972
1294,0.0116279,0.732558,0.0697674,0.0116279,0.162791,0.0116279
1295,0.00641026,0.121795,0.102564,0.160256,0.602564,0.00641026
1296,0.0126582,0.835443,0.0126582,0.0253165,0.0126582,0.101266
1297,0.0352332,0.18342,0.230052,0.53057,0.00103627,0.0196891
1298,0.0131579,0.855263,0.0657895,0.0394737,0.0131579,0.0131579
1299,0.0037037,0.340741,0.0037037,0.0222222,0.52963,0.1
1300,0.016129,0.919355,0.016129,0.016129,0.016129,0.016129
1301,0.031348,0.202194,0.0830721,0.498433,0.0689655,0.115987
1302,0.0528053,0.462046,0.323432,0.0528053,0.0231023,0.0858086
1303,0.00680272,0.108844,0.0204082,0.00680272,0.707483,0.14966
1304,0.00456621,0.410959,0.420091,0.0821918,0.0684932,0.0136986
1305,0.868919,0.125676,0.00135135,0.00135135,0.00135135,0.00135135
1306,0.0769231,0.0769231,0.384615,0.0769231,0.307692,0.0769231
1307,0.00531915,0.0904255,0.484043,0.0478723,0.340426,0.0319149
1308,0.0175439,0.0877193,0.684211,0.0175439,0.0350877,0.157895
1309,0.0140845,0.816901,0.084507,0.0140845,0.056338,0.0140845
1310,0.00819672,0.54918,0.245902,0.0983607,0.00819672,0.0901639
1311,0.0246914,0.91358,0.0246914,0.0123457,0.0123457,0.0123457
1312,0.00261097,0.0156658,0.663185,0.0287206,0.0130548,0.276762
1313,0.00438596,0.0719298,0.668421,0.0342105,0.0333333,0.187719
1314,0.861789,0.131436,0.00135501,0.00135501,0.00271003,0.00135501
1315,0.0909091,0.181818,0.454545,0.0909091,0.0909091,0.0909091
1316,0.00806452,0.806452,0.16129,0.00806452,0.00806452,0.00806452
1317,0.0239521,0.904192,0.00598802,0.0179641,0.00598802,0.0419162
1318,0.1,0.1,0.6,0.1,0.05,0.05
1319,0.159292,0.318584,0.00442478,0.00442478,0.50885,0.00442478
1320,0.0454545,0.0454545,0.727273,0.0454545,0.0454545,0.0909091
1321,0.0714286,0.0714286,0.357143,0.0714286,0.0714286,0.357143
1322,0.00684932,0.89726,0.0136986,0.0273973,0.00684932,0.0479452
1323,0.0136986,0.821918,0.0684932,0.0136986,0.0136986,0.0684932
1324,0.0454545,0.4,0.00454545,0.0954545,0.45,0.00454545
1325,0.00657895,0.00657895,0.611842,0.0131579,0.0526316,0.309211
1326,0.0117647,0.835294,0.117647,0.0117647,0.0117647,0.0117647
1327,0.00952381,0.793651,0.146032,0.0126984,0.00952381,0.0285714
1328,0.0909091,0.181818,0.181818,0.363636,0.0909091,0.0909091
1329,0.033241,0.113573,0.686981,0.119114,0.0304709,0.0166205
1330,0.0344828,0.0689655,0.517241,0.310345,0.0344828,0.0344828
1331,0.00666667,0.386667,0.48,0.06,0.06,0.00666667
1332,0.00884956,0.929204,0.0353982,0.00884956,0.00884956,0.00884956
1333,0.00847458,0.567797,0.271186,0.0338983,0.0254237,0.0932203
1334,0.0814815,0.11358,0.00246914,0.795062,0.00246914,0.00493827
1335,0.0333333,0.0333333,0.366667,0.0333333,0.0333333,0.5
1336,0.00743494,0.260223,0.230483,0.0148699,0.483271,0.00371747
1337,0.142857,0.142857,0.142857,0.142857,0.285714,0.142857
1338,0.00292398,0.0672515,0.365497,0.0438596,0.453216,0.0672515
1339,0.560794,0.111663,0.0148883,0.30397,0.00124069,0.00744417
1340,0.125,0.375,0.125,0.125,0.125,0.125
1341,0.047619,0.047619,0.52381,0.047619,0.047619,0.285714
1342,0.0051458,0.936535,0.0188679,0.00171527,0.0222985,0.0154374
1343,0.0700637,0.089172,0.617834,0.0318471,0.00636943,0.184713
1344,0.0519263,0.0569514,0.365159,0.00167504,0.366834,0.157454
1345,0.0253165,0.0759494,0.632911,0.0759494,0.0253165,0.164557
1346,0.00961538,0.721154,0.230769,0.00961538,0.0192308,0.00961538
1347,0.0555556,0.277778,0.444444,0.0555556,0.0555556,0.111111
1348,0.0991736,0.454545,0.231405,0.165289,0.0413223,0.00826446
1349,0.0122951,0.918033,0.045082,0.00409836,0.0163934,0.00409836
1350,0.0217391,0.934783,0.0108696,0.0108696,0.0108696,0.0108696
1351,0.0452675,0.432099,0.0288066,0.00411523,0.485597,0.00411523
1352,0.0108696,0.945652,0.0108696,0.0108696,0.0108696,0.0108696
1353,0.0769231,0.0769231,0.615385,0.0769231,0.0769231,0.0769231
1354,0.0588235,0.0588235,0.705882,0.0588235,0.0588235,0.0588235
1355,0.0555556,0.0555556,0.611111,0.0555556,0.166667,0.0555556
1356,0.012987,0.935065,0.012987,0.012987,0.012987,0.012987
1357,0.0196078,0.0196078,0.647059,0.0196078,0.0784314,0.215686
1358,0.00854701,0.0940171,0.57265,0.162393,0.102564,0.0598291
1359,0.0235294,0.870588,0.0588235,0.0235294,0.0117647,0.0117647
1360,0.0263158,0.952632,0.00526316,0.00526316,0.00526316,0.00526316
1361,0.005,0.47,0.295,0.085,0.02,0.125
1362,0.0526316,0.0526316,0.578947,0.0526316,0.0526316,0.210526
1363,0.00529101,0.793651,0.153439,0.00529101,0.00529101,0.037037
1364,0.0491803,0.868852,0.0163934,0.0163934,0.0327869,0.0163934
1365,0.0238095,0.0238095,0.333333,0.119048,0.142857,0.357143
1366,0.0625,0.0625,0.6875,0.0625,0.0625,0.0625
1367,0.00862069,0.836207,0.12931,0.00862069,0.00862069,0.00862069
1368,0.0322581,0.0322581,0.806452,0.0645161,0.0322581,0.0322581
1369,0.016129,0.774194,0.185484,0.00806452,0.00806452,0.00806452
1370,0.0141844,0.237589,0.141844,0.187943,0.414894,0.0035461
1371,0.331273,0.118665,0.0173053,0.202719,0.0309023,0.299135
1372,0.0454545,0.0454545,0.636364,0.0454545,0.0454545,0.181818
1373,0.015748,0.732283,0.220472,0.00787402,0.015748,0.00787402
1374,0.125,0.25,0.125,0.125,0.25,0.125
1375,0.00877193,0.0438596,0.210526,0.00877193,0.719298,0.00877193
1376,0.0387597,0.186047,0.25323,0.485788,0.0155039,0.0206718
1377,0.125,0.125,0.25,0.125,0.25,0.125
1378,0.00625,0.625,0.24375,0.0375,0.00625,0.08125
1379,0.0606061,0.666667,0.232323,0.010101,0.020202,0.010101
1380,0.0376471,0.0258824,0.616471,0.0682353,0.0164706,0.235294
1381,0.0102302,0.404092,0.0997442,0.028133,0.43734,0.0204604
1382,0.00157233,0.496855,0.0440252,0.00314465,0.363208,0.091195
1383,0.00735294,0.875,0.0955882,0.00735294,0.00735294,0.00735294
1384,0.0666667,0.0666667,0.333333,0.4,0.0666667,0.0666667
1385,0.00787402,0.84252,0.125984,0.00787402,0.00787402,0.00787402
1386,0.00122699,0.586503,0.149693,0.0184049,0.00122699,0.242945
1387,0.00704225,0.00704225,0.640845,0.0915493,0.183099,0.0704225
1388,0.00444444,0.342222,0.0488889,0.00444444,0.564444,0.0355556
1389,0.00925926,0.722222,0.203704,0.00925926,0.0462963,0.00925926
1390,0.00581395,0.918605,0.0348837,0.00581395,0.0290698,0.00581395
1391,0.029703,0.471947,0.0594059,0.409241,0.00330033,0.0264026
1392,0.0454545,0.136364,0.409091,0.0454545,0.136364,0.227273
1393,0.0588235,0.264706,0.5,0.117647,0.0294118,0.0294118
1394,0.0250522,0.294363,0.179541,0.469729,0.00208768,0.0292276
1395,0.00473934,0.146919,0.0947867,0.014218,0.71564,0.0236967
1396,0.0493827,0.777778,0.135802,0.0123457,0.0123457,0.0123457
1397,0.120172,0.0386266,0.596567,0.107296,0.00429185,0.133047
1398,0.057971,0.144928,0.521739,0.15942,0.101449,0.0144928
1399,0.00574713,0.942529,0.00574713,0.0344828,0.00574713,0.00574713
1400,0.010101,0.656566,0.010101,0.010101,0.0505051,0.262626
1401,0.00213675,0.305556,0.0641026,0.136752,0.446581,0.0448718
1402,0.00355872,0.0498221,0.0498221,0.0213523,0.676157,0.199288
1403,0.000981354,0.419038,0.104024,0.033366,0.18842,0.254171
1404,0.0253165,0.822785,0.0759494,0.00632911,0.0632911,0.00632911
1405,0.030303,0.030303,0.69697,0.181818,0.030303,0.030303
1406,0.0344828,0.0344828,0.758621,0.0344828,0.103448,0.0344828
1407,0.0526316,0.105263,0.631579,0.0526316,0.0526316,0.105263
1408,0.0265487,0.176991,0.159292,0.079646,0.548673,0.00884956
1409,0.00529101,0.42328,0.00529101,0.00529101,0.555556,0.00529101
1410,0.00847458,0.677966,0.237288,0.00847458,0.00847458,0.059322
1411,0.142857,0.285714,0.142857,0.142857,0.142857,0.142857
1412,0.012987,0.909091,0.012987,0.012987,0.012987,0.038961
1413,0.125,0.125,0.25,0.125,0.25,0.125
1414,0.0232558,0.13289,0.322259,0.00332226,0.475083,0.0431894
1415,0.00660066,0.580858,0.333333,0.029703,0.00330033,0.0462046
1416,0.781411,0.135972,0.0619621,0.00172117,0.00172117,0.0172117
1417,0.103448,0.0344828,0.62069,0.172414,0.0344828,0.0344828
1418,0.0292044,0.147029,0.0533736,0.557905,0.202417,0.0100705
1419,0.00225225,0.00675676,0.653153,0.0900901,0.00225225,0.245495
1420,0.0609756,0.792683,0.097561,0.0243902,0.0121951,0.0121951
1421,0.0149254,0.925373,0.0149254,0.0149254,0.0149254,0.0149254
1422,0.0338983,0.305085,0.559322,0.0338983,0.0508475,0.0169492
1423,0.111111,0.222222,0.333333,0.111111,0.111111,0.111111
1424,0.0106383,0.12234,0.143617,0.00531915,0.712766,0.00531915
1425,0.00358423,0.487455,0.046595,0.0250896,0.419355,0.0179211
1426,0.000910747,0.0200364,0.0846995,0.00910747,0.441712,0.443534
1427,0.0228137,0.920152,0.0342205,0.00380228,0.00380228,0.0152091
1428,0.0172414,0.0172414,0.551724,0.37931,0.0172414,0.0172414
1429,0.0150376,0.736842,0.0075188,0.0075188,0.0075188,0.225564
1430,0.0909091,0.0909091,0.272727,0.0909091,0.272727,0.181818
1431,0.0119048,0.940476,0.0119048,0.0119048,0.0119048,0.0119048
1432,0.0222222,0.111111,0.511111,0.0222222,0.0222222,0.311111
1433,0.00617284,0.765432,0.0864198,0.00617284,0.00617284,0.12963
1434,0.00404858,0.522267,0.408907,0.00404858,0.00809717,0.0526316
1435,0.00534759,0.0909091,0.0588235,0.00534759,0.834225,0.00534759
1436,0.0021692,0.0737527,0.754881,0.0281996,0.0997831,0.0412148
1437,0.00794798,0.0440751,0.560694,0.0339595,0.20737,0.145954
1438,0.111111,0.111111,0.444444,0.111111,0.111111,0.111111
1439,0.0666667,0.0666667,0.266667,0.0666667,0.4,0.133333
1440,0.0114943,0.666667,0.275862,0.0229885,0.0114943,0.0114943
1441,0.045977,0.896552,0.0114943,0.0114943,0.0229885,0.0114943
1442,0.0031348,0.203762,0.15674,0.288401,0.338558,0.00940439
1443,0.1,0.2,0.3,0.1,0.2,0.1
1444,0.0142857,0.928571,0.0142857,0.0142857,0.0142857,0.0142857
1445,0.011236,0.617978,0.325843,0.0280899,0.00561798,0.011236
1446,0.0466102,0.0847458,0.105932,0.0932203,0.635593,0.0338983
1447,0.0108696,0.597826,0.26087,0.0217391,0.076087,0.0326087
1448,0.00818713,0.466667,0.108772,0.396491,0.00116959,0.0187135
1449,0.00574713,0.402299,0.454023,0.0402299,0.00574713,0.091954
1450,0.01,0.95,0.01,0.01,0.01,0.01
1451,0.00775194,0.0503876,0.717054,0.197674,0.0232558,0.00387597
1452,0.328125,0.00223214,0.433036,0.00892857,0.0491071,0.178571
1453,0.0320513,0.794872,0.153846,0.00641026,0.00641026,0.00641026
1454,0.0151515,0.0984848,0.318182,0.0984848,0.462121,0.00757576
1455,0.0123457,0.0246914,0.777778,0.0123457,0.0493827,0.123457
1456,0.0045977,0.537931,0.00229885,0.00229885,0.00229885,0.450575
1457,0.0340557,0.275542,0.421053,0.0495356,0.0278638,0.19195
1458,0.00469484,0.208138,0.478873,0.0125196,0.158059,0.137715
1459,0.00763359,0.0992366,0.00763359,0.00763359,0.870229,0.00763359
1460,0.0111111,0.944444,0.0111111,0.0111111,0.0111111,0.0111111
1461,0.0709302,0.0406977,0.636047,0.118605,0.0337209,0.1
1462,0.142857,0.142857,0.142857,0.142857,0.285714,0.142857
1463,0.000827815,0.423013,0.0215232,0.00331126,0.333609,0.217715
1464,0.0224439,0.468828,0.0710723,0.325436,0.0573566,0.0548628
1465,0.00531915,0.25,0.106383,0.00531915,0.611702,0.0212766
1466,0.003003,0.848849,0.001001,0.00800801,0.028028,0.111111
1467,0.1,0.1,0.1,0.3,0.1,0.3
1468,0.0833333,0.0833333,0.416667,0.0833333,0.25,0.0833333
1469,0.0909091,0.0909091,0.363636,0.272727,0.0909091,0.0909091
1470,0.00584795,0.929825,0.00584795,0.0233918,0.00584795,0.0292398
1471,0.0346062,0.108592,0.0459427,0.668258,0.128878,0.0137232
1472,0.0465116,0.151163,0.72093,0.0581395,0.0116279,0.0116279
1473,0.111111,0.333333,0.222222,0.111111,0.111111,0.111111
1474,0.0416667,0.0833333,0.541667,0.0416667,0.0416667,0.25
1475,0.00769231,0.938462,0.0307692,0.00769231,0.00769231,0.00769231
1476,0.0909091,0.454545,0.0909091,0.0909091,0.181818,0.0909091
1477,0.125,0.25,0.25,0.125,0.125,0.125
1478,0.00628931,0.918239,0.00628931,0.00628931,0.00628931,0.0566038
1479,0.1,0.1,0.3,0.1,0.1,0.3
1480,0.0166667,0.2,0.733333,0.0166667,0.0166667,0.0166667
1481,0.000646831,0.087969,0.0122898,0.00258732,0.000646831,0.89586
1482,0.142857,0.142857,0.142857,0.142857,0.285714,0.142857
1483,0.00301205,0.0451807,0.746988,0.0451807,0.00903614,0.150602
1484,0.0143885,0.906475,0.0359712,0.028777,0.00719424,0.00719424
1485,0.003367,0.262626,0.0774411,0.040404,0.020202,0.59596
1486,0.0190476,0.904762,0.047619,0.00952381,0.00952381,0.00952381
1487,0.0833333,0.0833333,0.583333,0.0833333,0.0833333,0.0833333
1488,0.142857,0.285714,0.142857,0.142857,0.142857,0.142857
1489,0.0526316,0.105263,0.578947,0.157895,0.0526316,0.0526316
1490,0.000708717,0.114812,0.0566974,0.00496102,0.00354359,0.819277
1491,0.125,0.125,0.25,0.125,0.25,0.125
1492,0.00641026,0.724359,0.173077,0.00641026,0.0192308,0.0705128
1493,0.00390625,0.84375,0.101562,0.00390625,0.0429688,0.00390625
1494,0.0584879,0.430813,0.466476,0.0142653,0.0128388,0.0171184
1495,0.052,0.171556,0.105778,0.573778,0.0822222,0.0146667
1496,0.00255754,0.514066,0.396419,0.0127877,0.0204604,0.0537084
1497,0.0198675,0.0264901,0.629139,0.0529801,0.00662252,0.264901
1498,0.0833333,0.0833333,0.583333,0.0833333,0.0833333,0.0833333
1499,0.0196078,0.715686,0.00980392,0.00980392,0.00980392,0.235294
1500,0.000389864,0.0405458,0.109552,0.0116959,0.704094,0.133723
1501,0.00617284,0.604938,0.246914,0.0123457,0.123457,0.00617284
1502,0.00564972,0.423729,0.282486,0.0112994,0.0169492,0.259887
1503,0.0322581,0.193548,0.677419,0.0322581,0.0322581,0.0322581
1504,0.0181347,0.221071,0.527634,0.0146805,0.0129534,0.205527
1505,0.0159011,0.107774,0.293286,0.422261,0.116608,0.0441696
1506,0.0326087,0.244565,0.538043,0.146739,0.00543478,0.0326087
1507,0.0352,0.056,0.632,0.0496,0.1216,0.1056
1508,0.0208333,0.166667,0.645833,0.0208333,0.125,0.0208333
1509,0.0275229,0.0825688,0.0275229,0.677752,0.173165,0.0114679
1510,0.00821918,0.161644,0.682192,0.00821918,0.0219178,0.117808
1511,0.866084,0.0451237,0.0756914,0.00873362,0.00291121,0.0014556
1512,0.00462963,0.0324074,0.75463,0.0462963,0.0648148,0.0972222
1513,0.142857,0.142857,0.142857,0.142857,0.285714,0.142857
1514,0.0113636,0.863636,0.0227273,0.0795455,0.0113636,0.0113636
1515,0.0153846,0.796923,0.00923077,0.00307692,0.00307692,0.172308
1516,0.016624,0.19821,0.186701,0.00383632,0.521739,0.07289
1517,0.775405,0.124919,0.00841424,0.0899676,0.000647249,0.000647249
1518,0.0673854,0.727763,0.113208,0.0700809,0.0188679,0.00269542
1519,0.00647249,0.886731,0.0550162,0.00323625,0.00323625,0.0453074
1520,0.00878334,0.119388,0.107027,0.154522,0.481457,0.128822
1521,0.525984,0.0661417,0.190551,0.0015748,0.214173,0.0015748
1522,0.024911,0.379597,0.218268,0.0403321,0.0699881,0.266904
1523,0.0264423,0.456731,0.206731,0.0144231,0.00721154,0.288462
1524,0.699105,0.271812,0.00671141,0.00782998,0.0134228,0.00111857
1525,0.0558252,0.325243,0.131068,0.444175,0.0121359,0.0315534
1526,0.00706714,0.830389,0.0742049,0.024735,0.00706714,0.0565371
1527,0.0287356,0.12069,0.316092,0.0632184,0.465517,0.00574713
1528,0.00456621,0.347032,0.00913242,0.0182648,0.589041,0.0319635
1529,0.2,0.4,0.1,0.1,0.1,0.1
1530,0.01,0.81,0.11,0.01,0.01,0.05
1531,0.00909091,0.9,0.0545455,0.00909091,0.00909091,0.0181818
1532,0.714543,0.16226,0.0661058,0.0222356,0.0342548,0.000600962
1533,0.0153846,0.0153846,0.723077,0.0769231,0.0153846,0.153846
1534,0.0147059,0.926471,0.0147059,0.0147059,0.0147059,0.0147059
1535,0.125,0.125,0.375,0.125,0.125,0.125
1536,0.0142857,0.819048,0.0047619,0.0047619,0.0142857,0.142857
1537,0.0243218,0.235734,0.0898036,0.130028,0.517306,0.00280636
1538,0.0294118,0.867647,0.0588235,0.0147059,0.0147059,0.0147059
1539,0.0113636,0.204545,0.0113636,0.0113636,0.75,0.0113636
1540,0.0461783,0.0859873,0.348726,0.0254777,0.492038,0.00159236
1541,0.1,0.2,0.1,0.1,0.4,0.1
1542,0.0238095,0.592262,0.300595,0.0297619,0.00595238,0.047619
1543,0.125,0.125,0.125,0.125,0.375,0.125
1544,0.034632,0.0822511,0.549784,0.242424,0.0692641,0.021645
1545,0.125,0.125,0.375,0.125,0.125,0.125
1546,0.00469484,0.488263,0.00469484,0.0140845,0.483568,0.00469484
1547,0.00383142,0.291188,0.586207,0.0153257,0.045977,0.0574713
1548,0.13879,0.590747,0.177936,0.0640569,0.00355872,0.024911
1549,0.0384615,0.0769231,0.384615,0.192308,0.269231,0.0384615
1550,0.00980392,0.176471,0.0196078,0.00980392,0.77451,0.00980392
1551,0.0322581,0.490783,0.0345622,0.435484,0.00230415,0.00460829
1552,0.0833333,0.0833333,0.416667,0.0833333,0.0833333,0.25
1553,0.087739,0.0764904,0.00112486,0.634421,0.197975,0.00224972
1554,0.0153846,0.907692,0.0153846,0.0153846,0.0307692,0.0153846
1555,0.0034965,0.825175,0.153846,0.0104895,0.0034965,0.0034965
1556,0.015873,0.0634921,0.761905,0.015873,0.015873,0.126984
1557,0.00549451,0.857143,0.115385,0.00549451,0.010989,0.00549451
1558,0.0103093,0.876289,0.0824742,0.0103093,0.0103093,0.0103093
1559,0.0769231,0.538462,0.153846,0.0769231,0.0769231,0.0769231
1560,0.00342466,0.229452,0.0342466,0.010274,0.00342466,0.719178
1561,0.0588235,0.0588235,0.647059,0.0588235,0.117647,0.0588235
1562,0.114286,0.228571,0.485714,0.0857143,0.0285714,0.0571429
1563,0.00636943,0.00636943,0.490446,0.00636943,0.00636943,0.484076
1564,0.00531915,0.744681,0.00531915,0.0106383,0.0159574,0.218085
1565,0.0306166,0.109099,0.00776197,0.582579,0.249245,0.0206986
1566,0.038961,0.896104,0.012987,0.012987,0.025974,0.012987
1567,0.034632,0.0649351,0.549784,0.038961,0.307359,0.004329
1568,0.0194805,0.876623,0.0714286,0.00649351,0.012987,0.012987
1569,0.3,0.1,0.3,0.1,0.1,0.1
1570,0.26087,0.101449,0.492754,0.0724638,0.0434783,0.0289855
1571,0.0168651,0.0248016,0.135913,0.014881,0.60119,0.206349
1572,0.013369,0.441176,0.131016,0.0026738,0.409091,0.0026738
1573,0.00826446,0.512397,0.247934,0.00826446,0.0165289,0.206612
1574,0.0153846,0.426923,0.403846,0.00384615,0.00384615,0.146154
1575,0.00666667,0.296667,0.025,0.661667,0.00166667,0.00833333
1576,0.0232558,0.697674,0.232558,0.0116279,0.0232558,0.0116279
1577,0.0389908,0.0970948,0.0626911,0.000764526,0.640673,0.159786
1578,0.0769231,0.0769231,0.538462,0.153846,0.0769231,0.0769231
1579,0.45369,0.29233,0.0108538,0.190304,0.000723589,0.0520984
1580,0.904245,0.0924528,0.000471698,0.000471698,0.00188679,0.000471698
1581,0.003861,0.544402,0.335907,0.0501931,0.003861,0.0617761
1582,0.016129,0.919355,0.016129,0.016129,0.016129,0.016129
1583,0.00917431,0.633028,0.119266,0.00917431,0.119266,0.110092
1584,0.1,0.693333,0.02,0.00333333,0.03,0.153333
1585,0.0833333,0.0833333,0.5,0.0833333,0.166667,0.0833333
1586,0.0833333,0.0833333,0.166667,0.5,0.0833333,0.0833333
1587,0.0588235,0.352941,0.411765,0.0588235,0.0588235,0.0588235
1588,0.0188679,0.0188679,0.367925,0.575472,0.00943396,0.00943396
1589,0.0102041,0.0102041,0.765306,0.0714286,0.0612245,0.0816327
1590,0.00714286,0.214286,0.357143,0.00714286,0.278571,0.135714
1591,0.0218978,0.927007,0.0291971,0.00729927,0.00729927,0.00729927
1592,0.142857,0.142857,0.285714,0.142857,0.142857,0.142857
1593,0.0555556,0.111111,0.555556,0.0555556,0.0555556,0.166667
1594,0.0909091,0.0909091,0.545455,0.0909091,0.0909091,0.0909091
1595,0.00163132,0.360522,0.323002,0.00163132,0.269168,0.0440457
1596,0.0757576,0.0454545,0.681818,0.166667,0.0151515,0.0151515
1597,0.0714286,0.0714286,0.571429,0.0714286,0.0714286,0.142857
1598,0.0833333,0.0833333,0.333333,0.0833333,0.333333,0.0833333
1599,0.125,0.125,0.125,0.125,0.375,0.125
1600,0.0341207,0.188976,0.0629921,0.632546,0.00262467,0.0787402
1601,0.00571429,0.0971429,0.771429,0.0742857,0.00571429,0.0457143
1602,0.102564,0.102564,0.717949,0.0512821,0.0128205,0.0128205
1603,0.00065703,0.125493,0.158344,0.0118265,0.494087,0.209593
1604,0.00854701,0.811966,0.111111,0.0512821,0.00854701,0.00854701
1605,0.010929,0.961749,0.00546448,0.00546448,0.010929,0.00546448
1606,0.00806452,0.0645161,0.112903,0.00806452,0.596774,0.209677
1607,0.00854701,0.794872,0.00854701,0.00854701,0.00854701,0.17094
1608,0.03125,0.617188,0.328125,0.0078125,0.0078125,0.0078125
1609,0.0184971,0.469364,0.0323699,0.323699,0.00115607,0.154913
1610,0.00595238,0.470238,0.321429,0.00595238,0.00595238,0.190476
1611,0.031348,0.194357,0.532915,0.0595611,0.00940439,0.172414
1612,0.106838,0.292735,0.147436,0.136752,0.314103,0.00213675
1613,0.10274,0.0410959,0.589041,0.0410959,0.00684932,0.219178
1614,0.134615,0.0961538,0.673077,0.0384615,0.0384615,0.0192308
1615,0.015873,0.920635,0.015873,0.015873,0.015873,0.015873
1616,0.047619,0.047619,0.52381,0.047619,0.047619,0.285714
1617,0.0185185,0.037037,0.796296,0.0740741,0.0555556,0.0185185
1618,0.0144928,0.927536,0.0144928,0.0144928,0.0144928,0.0144928
1619,0.0158311,0.305189,0.0976253,0.560246,0.00879507,0.0123131
1620,0.125,0.125,0.375,0.125,0.125,0.125
1621,0.0126582,0.822785,0.0886076,0.0126582,0.0506329,0.0126582
1622,0.0144928,0.884058,0.0434783,0.0289855,0.0144928,0.0144928
1623,0.142857,0.142857,0.285714,0.142857,0.142857,0.142857
1624,0.00952381,0.104762,0.761905,0.0380952,0.0571429,0.0285714
1625,0.0113636,0.0568182,0.738636,0.0227273,0.0113636,0.159091
1626,0.0149254,0.865672,0.0746269,0.0149254,0.0149254,0.0149254
1627,0.0131579,0.0921053,0.631579,0.0526316,0.197368,0.0131579
1628,0.0037037,0.22963,0.0518519,0.0296296,0.681481,0.0037037
1629,0.0404267,0.104436,0.0830994,0.635036,0.13251,0.00449186
1630,0.00414938,0.282158,0.00414938,0.00414938,0.00414938,0.701245
1631,0.00456621,0.456621,0.0136986,0.00456621,0.479452,0.0410959
1632,0.0714286,0.142857,0.571429,0.0714286,0.0714286,0.0714286
1633,0.00746269,0.208955,0.104478,0.00746269,0.664179,0.00746269
1634,0.0113636,0.943182,0.0113636,0.0113636,0.0113636,0.0113636
1635,0.800247,0.156597,0.0320592,0.00863132,0.00123305,0.00123305
1636,0.0263158,0.322368,0.00657895,0.618421,0.00657895,0.0197368
1637,0.037037,0.833333,0.0925926,0.0185185,0.00925926,0.00925926
1638,0.0909091,0.0909091,0.545455,0.0909091,0.0909091,0.0909091
1639,0.1,0.1,0.5,0.1,0.1,0.1
1640,0.0178571,0.3,0.0928571,0.00357143,0.582143,0.00357143
1641,0.00377358,0.354717,0.00754717,0.00377358,0.626415,0.00377358
1642,0.122449,0.00510204,0.209184,0.117347,0.00510204,0.540816
1643,0.0909091,0.0909091,0.454545,0.0909091,0.0909091,0.181818
1644,0.169492,0.0112994,0.468927,0.338983,0.00564972,0.00564972
1645,0.142857,0.142857,0.142857,0.142857,0.285714,0.142857
1646,0.0445682,0.25766,0.456825,0.215877,0.0111421,0.0139276
1647,0.00355872,0.405694,0.213523,0.00711744,0.366548,0.00355872
1648,0.00347222,0.0798611,0.180556,0.00347222,0.704861,0.0277778
1649,0.1,0.1,0.4,0.1,0.1,0.2
1650,0.04,0.08,0.6,0.04,0.12,0.12
1651,0.008,0.552,0.064,0.072,0.008,0.296
1652,0.0102564,0.676923,0.276923,0.00512821,0.00512821,0.025641
1653,0.1,0.1,0.5,0.1,0.1,0.1
1654,0.26518,0.399009,0.0297398,0.294919,0.00123916,0.00991326
1655,0.0416667,0.0416667,0.5,0.0416667,0.166667,0.208333
1656,0.0333333,0.922222,0.0111111,0.0111111,0.0111111,0.0111111
1657,0.1,0.3,0.1,0.1,0.3,0.1
1658,0.0526316,0.105263,0.210526,0.0526316,0.105263,0.473684
1659,0.010101,0.828283,0.0808081,0.010101,0.0606061,0.010101
1660,0.0691057,0.146341,0.0162602,0.00406504,0.760163,0.00406504
1661,0.103448,0.0689655,0.724138,0.0344828,0.0344828,0.0344828
1662,0.00154799,0.455108,0.340557,0.0479876,0.0139319,0.140867
1663,0.142857,0.142857,0.142857,0.142857,0.285714,0.142857
1664,0.142857,0.285714,0.142857,0.142857,0.142857,0.142857
1665,0.0298013,0.0993377,0.192053,0.00331126,0.546358,0.129139
1666,0.0140845,0.915493,0.0140845,0.0140845,0.0140845,0.028169
1667,0.142857,0.142857,0.285714,0.142857,0.142857,0.142857
1668,0.0125786,0.63522,0.295597,0.0440252,0.00628931,0.00628931
1669,0.103825,0.601093,0.185792,0.0983607,0.00546448,0.00546448
1670,0.121212,0.030303,0.666667,0.0151515,0.0151515,0.151515
1671,0.0105263,0.947368,0.0105263,0.0105263,0.0105263,0.0105263
1672,0.04,0.04,0.76,0.04,0.04,0.08
1673,0.0117647,0.941176,0.0117647,0.0117647,0.0117647,0.0117647
1674,0.142857,0.142857,0.142857,0.142857,0.285714,0.142857
1675,0.111111,0.111111,0.444444,0.111111,0.111111,0.111111
1676,0.0111111,0.944444,0.0111111,0.0111111,0.0111111,0.0111111
1677,0.00621118,0.142857,0.0621118,0.0372671,0.745342,0.00621118
1678,0.0185185,0.12963,0.796296,0.0185185,0.0185185,0.0185185
1679,0.0282776,0.298201,0.141388,0.00257069,0.526992,0.00257069
1680,0.0392157,0.666667,0.176471,0.0196078,0.0686275,0.0294118
1681,0.125,0.375,0.125,0.125,0.125,0.125
1682,0.0769231,0.307692,0.384615,0.0769231,0.0769231,0.0769231
1683,0.142857,0.285714,0.142857,0.142857,0.142857,0.142857
1684,0.00214133,0.182013,0.00214133,0.00642398,0.805139,0.00214133
1685,0.00811542,0.102344,0.0953562,0.267358,0.245717,0.281109
1686,0.00130719,0.128105,0.00522876,0.00130719,0.00261438,0.861438
1687,0.0322581,0.354839,0.483871,0.0322581,0.0322581,0.0645161
1688,0.00869565,0.713043,0.208696,0.0521739,0.00869565,0.00869565
1689,0.0121951,0.939024,0.0121951,0.0121951,0.0121951,0.0121951
1690,0.00353357,0.607774,0.215548,0.0141343,0.00706714,0.151943
1691,0.00675676,0.527027,0.432432,0.00675676,0.0202703,0.00675676
1692,0.00488998,0.297066,0.55379,0.0183374,0.0623472,0.0635697
1693,0.0107527,0.758065,0.145161,0.0322581,0.0268817,0.0268817
1694,0.0682382,0.0818859,0.00124069,0.707196,0.133995,0.00744417
1695,0.00442478,0.327434,0.00442478,0.10177,0.482301,0.079646
1696,0.0176991,0.840708,0.00884956,0.0707965,0.00884956,0.0530973
1697,0.0183299,0.150713,0.366599,0.01222,0.0101833,0.441955
1698,0.0654762,0.535714,0.267857,0.0595238,0.0238095,0.047619
1699,0.00724638,0.836957,0.126812,0.00362319,0.0217391,0.00362319
1700,0.0333333,0.0333333,0.833333,0.0333333,0.0333333,0.0333333
1701,0.012987,0.87013,0.038961,0.038961,0.025974,0.012987
1702,0.00381679,0.69084,0.270992,0.00381679,0.0267176,0.00381679
1703,0.00865801,0.380952,0.0865801,0.0995671,0.419913,0.004329
1704,0.0786667,0.345333,0.024,0.004,0.364,0.184
1705,0.836683,0.130653,0.0288945,0.00125628,0.00125628,0.00125628
1706,0.0833333,0.0833333,0.583333,0.0833333,0.0833333,0.0833333
1707,0.00636943,0.936306,0.0382166,0.00636943,0.00636943,0.00636943
1708,0.0294785,0.712018,0.23356,0.0136054,0.00907029,0.00226757
1709,0.0306122,0.683673,0.142857,0.0510204,0.0204082,0.0714286
1710,0.00819672,0.696721,0.196721,0.00819672,0.057377,0.0327869
1711,0.0555556,0.0648148,0.592593,0.00925926,0.00925926,0.268519
1712,0.713636,0.0318182,0.0936364,0.0190909,0.131818,0.01
1713,0.03125,0.03125,0.65625,0.03125,0.15625,0.09375
1714,0.0377358,0.169811,0.566038,0.0188679,0.0188679,0.188679
1715,0.0769231,0.0769231,0.615385,0.0769231,0.0769231,0.0769231
1716,0.0107527,0.88172,0.0107527,0.0322581,0.0537634,0.0107527
1717,0.0938338,0.0428954,0.495979,0.0428954,0.101877,0.22252
1718,0.00149925,0.125937,0.00749625,0.00149925,0.467766,0.395802
1719,0.1,0.1,0.5,0.1,0.1,0.1
1720,0.111111,0.111111,0.444444,0.111111,0.111111,0.111111
1721,0.0769231,0.0769231,0.461538,0.0769231,0.230769,0.0769231
1722,0.0163934,0.885246,0.0163934,0.0163934,0.0491803,0.0163934
1723,0.0125,0.9375,0.0125,0.0125,0.0125,0.0125
1724,0.0333333,0.233333,0.333333,0.0666667,0.233333,0.1
1725,0.002331,0.799534,0.111888,0.002331,0.048951,0.034965
1726,0.0103093,0.938144,0.0103093,0.0103093,0.0206186,0.0103093
1727,0.00869565,0.843478,0.0869565,0.00869565,0.0434783,0.00869565
1728,0.00571429,0.0114286,0.685714,0.177143,0.0171429,0.102857
1729,0.1,0.1,0.5,0.1,0.1,0.1
1730,0.00540541,0.459459,0.00540541,0.00540541,0.518919,0.00540541
1731,0.0434783,0.0434783,0.608696,0.0434783,0.217391,0.0434783
1732,0.0378788,0.666667,0.19697,0.0833333,0.00757576,0.00757576
1733,0.0181818,0.127273,0.745455,0.0727273,0.0181818,0.0181818
1734,0.142857,0.142857,0.142857,0.142857,0.285714,0.142857
1735,0.0107914,0.306954,0.0491607,0.0935252,0.0947242,0.444844
1736,0.0125,0.0625,0.675,0.1375,0.0375,0.075
1737,0.903503,0.0779128,0.000714796,0.000714796,0.00357398,0.0135811
1738,0.00337838,0.199324,0.347973,0.290541,0.0236486,0.135135
1739,0.0131579,0.0263158,0.789474,0.0789474,0.0789474,0.0131579
1740,0.0288462,0.923077,0.0192308,0.00961538,0.00961538,0.00961538
1741,0.1,0.1,0.3,0.3,0.1,0.1
1742,0.00297619,0.494048,0.116071,0.00595238,0.33631,0.0446429
1743,0.532905,0.076244,0.0377207,0.162119,0.000802568,0.190209
1744,0.0117647,0.0117647,0.552941,0.0117647,0.0117647,0.4
1745,0.00724638,0.644928,0.246377,0.0144928,0.0144928,0.0724638
1746,0.0625,0.125,0.4375,0.0625,0.25,0.0625
1747,0.0138408,0.283737,0.539792,0.0865052,0.0138408,0.0622837
1748,0.0142857,0.0142857,0.657143,0.1,0.0285714,0.185714
1749,0.00775194,0.674419,0.0697674,0.0155039,0.0465116,0.186047
1750,0.0940594,0.410891,0.445545,0.0049505,0.0049505,0.039604
1751,0.0294118,0.0588235,0.676471,0.0294118,0.176471,0.0294118
1752,0.00452489,0.0497738,0.244344,0.0271493,0.669683,0.00452489
1753,0.0103093,0.252577,0.0515464,0.0360825,0.64433,0.00515464
1754,0.00220751,0.706402,0.00220751,0.013245,0.00662252,0.269316
1755,0.0116279,0.965116,0.00581395,0.00581395,0.00581395,0.00581395
1756,0.0166667,0.0166667,0.766667,0.05,0.0166667,0.133333
1757,0.00655022,0.0982533,0.31441,0.010917,0.515284,0.0545852
1758,0.0105263,0.0421053,0.747368,0.0105263,0.0736842,0.115789
1759,0.0123457,0.91358,0.0123457,0.0123457,0.0123457,0.037037
1760,0.00540541,0.32973,0.0162162,0.0702703,0.572973,0.00540541
1761,0.0222222,0.0666667,0.688889,0.0444444,0.0222222,0.155556
1762,0.0568182,0.840909,0.0454545,0.0113636,0.0113636,0.0340909
1763,0.0866142,0.0787402,0.811024,0.00787402,0.00787402,0.00787402
1764,0.0234742,0.464789,0.0798122,0.178404,0.231612,0.0219092
1765,0.05,0.05,0.55,0.05,0.2,0.1
1766,0.142857,0.285714,0.142857,0.142857,0.142857,0.142857
1767,0.00229885,0.388506,0.131034,0.00229885,0.473563,0.00229885
1768,0.00900901,0.936937,0.00900901,0.00900901,0.027027,0.00900901
1769,0.0129496,0.31223,0.0100719,0.402878,0.100719,0.161151
1770,0.0120482,0.759036,0.180723,0.0120482,0.0240964,0.0120482
1771,0.111111,0.111111,0.333333,0.111111,0.222222,0.111111
1772,0.00438596,0.105263,0.192982,0.00438596,0.596491,0.0964912
1773,0.0263158,0.921053,0.0131579,0.0131579,0.0131579,0.0131579
1774,0.0151515,0.924242,0.0151515,0.0151515,0.0151515,0.0151515
1775,0.142857,0.142857,0.285714,0.142857,0.142857,0.142857
1776,0.0192308,0.0576923,0.5,0.0576923,0.0192308,0.346154
1777,0.015625,0.125,0.265625,0.03125,0.546875,0.015625
1778,0.00464037,0.784223,0.118329,0.00464037,0.0348028,0.0533643
1779,0.0769231,0.0769231,0.461538,0.153846,0.153846,0.0769231
1780,0.111111,0.111111,0.444444,0.111111,0.111111,0.111111
1781,0.00147929,0.467456,0.156805,0.0369822,0.0162722,0.321006
1782,0.0833333,0.333333,0.0833333,0.25,0.166667,0.0833333
1783,0.00756144,0.296786,0.245747,0.0132325,0.0415879,0.395085
1784,0.0052356,0.863874,0.0628272,0.0052356,0.0575916,0.0052356
1785,0.00584795,0.0526316,0.116959,0.00584795,0.707602,0.111111
1786,0.00173611,0.239583,0.215278,0.0173611,0.333333,0.192708
1787,0.05,0.15,0.65,0.05,0.05,0.05
1788,0.00480769,0.341346,0.173077,0.0384615,0.4375,0.00480769
1789,0.1,0.1,0.5,0.1,0.1,0.1
1790,0.025641,0.651282,0.25641,0.0512821,0.0102564,0.00512821
1791,0.00416667,0.433333,0.241667,0.025,0.00416667,0.291667
1792,0.00671141,0.33557,0.00671141,0.630872,0.00671141,0.0134228
1793,0.00204499,0.423313,0.00204499,0.00613497,0.0102249,0.556237
1794,0.00645161,0.116129,0.0258065,0.0645161,0.767742,0.0193548
1795,0.0041841,0.133891,0.121339,0.0083682,0.728033,0.0041841
1796,0.047619,0.333333,0.47619,0.047619,0.047619,0.047619
1797,0.01,0.06,0.1,0.01,0.81,0.01
1798,0.0122768,0.265625,0.00669643,0.573661,0.00111607,0.140625
1799,0.0192308,0.0576923,0.711538,0.0576923,0.0192308,0.134615
1800,0.0052356,0.115183,0.146597,0.0052356,0.722513,0.0052356
1801,0.00529101,0.026455,0.904762,0.037037,0.015873,0.010582
1802,0.111111,0.111111,0.444444,0.111111,0.111111,0.111111
1803,0.00347222,0.458333,0.142361,0.0277778,0.315972,0.0520833
1804,0.00826446,0.958678,0.00826446,0.00826446,0.00826446,0.00826446
1805,0.125,0.25,0.25,0.125,0.125,0.125
1806,0.029148,0.163677,0.23991,0.00224215,0.56278,0.00224215
1807,0.0366972,0.00917431,0.623853,0.155963,0.0642202,0.110092
1808,0.00480769,0.0721154,0.163462,0.00480769,0.629808,0.125
1809,0.00158479,0.635499,0.278922,0.0332805,0.0142631,0.0364501
1810,0.0238095,0.0952381,0.595238,0.0238095,0.119048,0.142857
1811,0.0377358,0.0566038,0.735849,0.0754717,0.0188679,0.0754717
1812,0.0151515,0.924242,0.0151515,0.0151515,0.0151515,0.0151515
1813,0.0075188,0.827068,0.142857,0.0075188,0.0075188,0.0075188
1814,0.00234742,0.413146,0.483568,0.0187793,0.00234742,0.0798122
1815,0.025641,0.794872,0.141026,0.0128205,0.0128205,0.0128205
1816,0.00465116,0.237209,0.00465116,0.734884,0.00465116,0.0139535
1817,0.111111,0.222222,0.222222,0.222222,0.111111,0.111111
1818,0.0133333,0.866667,0.08,0.0133333,0.0133333,0.0133333
1819,0.00714286,0.178571,0.00714286,0.05,0.714286,0.0428571
1820,0.0227273,0.852273,0.0795455,0.0113636,0.0227273,0.0113636
1821,0.0526316,0.0526316,0.631579,0.157895,0.0526316,0.0526316
1822,0.936232,0.0492754,0.0101449,0.00144928,0.00144928,0.00144928
1823,0.00558659,0.530726,0.240223,0.0782123,0.0837989,0.0614525
1824,0.032491,0.628159,0.277978,0.00361011,0.032491,0.0252708
1825,0.0526316,0.157895,0.421053,0.105263,0.0526316,0.210526
1826,0.1,0.1,0.4,0.1,0.1,0.2
1827,0.0022779,0.33713,0.0341686,0.234624,0.384966,0.00683371
1828,0.0217391,0.130435,0.630435,0.173913,0.0217391,0.0217391
1829,0.0333333,0.9,0.0166667,0.0166667,0.0166667,0.0166667
1830,0.00330306,0.0891825,0.137077,0.363336,0.406276,0.000825764
1831,0.0217391,0.456522,0.445652,0.0597826,0.0108696,0.00543478
1832,0.0833333,0.0833333,0.333333,0.0833333,0.333333,0.0833333
1833,0.00404858,0.356275,0.0283401,0.00404858,0.603239,0.00404858
1834,0.0909091,0.0909091,0.545455,0.0909091,0.0909091,0.0909091
1835,0.00813008,0.219512,0.0406504,0.00813008,0.715447,0.00813008
1836,0.0166667,0.0166667,0.7,0.116667,0.116667,0.0333333
1837,0.0625,0.1875,0.5625,0.0625,0.0625,0.0625
1838,0.0526316,0.0526316,0.578947,0.210526,0.0526316,0.0526316
1839,0.142857,0.142857,0.142857,0.142857,0.285714,0.142857
1840,0.00381679,0.385496,0.0610687,0.00381679,0.480916,0.0648855
1841,0.0405644,0.2306,0.159612,0.541446,0.000440917,0.0273369
1842,0.0078125,0.132812,0.0078125,0.0078125,0.835938,0.0078125
1843,0.0454545,0.0454545,0.590909,0.0454545,0.0454545,0.227273
1844,0.00398406,0.498008,0.434263,0.00398406,0.00398406,0.0557769
1845,0.0188679,0.0188679,0.603774,0.0566038,0.0566038,0.245283
1846,0.00146628,0.233138,0.253666,0.016129,0.470674,0.0249267
1847,0.008,0.72,0.168,0.016,0.08,0.008
1848,0.00295858,0.147929,0.769231,0.0414201,0.0325444,0.00591716
1849,0.0263158,0.0263158,0.578947,0.105263,0.157895,0.105263
1850,0.0138889,0.833333,0.111111,0.0138889,0.0138889,0.0138889
1851,0.0401786,0.397321,0.0200893,0.515625,0.0223214,0.00446429
1852,0.117647,0.176471,0.411765,0.0588235,0.176471,0.0588235
1853,0.0208333,0.84375,0.0104167,0.0104167,0.0208333,0.09375
1854,0.00869565,0.173913,0.4,0.0608696,0.33913,0.0173913
1855,0.00444444,0.173333,0.128889,0.00888889,0.68,0.00444444
1856,0.125,0.125,0.375,0.125,0.125,0.125
1857,0.314815,0.0185185,0.296296,0.037037,0.0185185,0.314815
1858,0.0131004,0.834061,0.0873362,0.00436681,0.00436681,0.0567686
1859,0.00754717,0.781132,0.0981132,0.0264151,0.0377358,0.0490566
1860,0.1,0.15,0.5,0.1,0.1,0.05
1861,0.0869324,0.0310078,0.00055371,0.00055371,0.880399,0.00055371
1862,0.0107527,0.946237,0.0107527,0.0107527,0.0107527,0.0107527
1863,0.012766,0.361702,0.221277,0.00425532,0.340426,0.0595745
1864,0.0162933,0.576375,0.346232,0.00407332,0.00203666,0.0549898
1865,0.0377358,0.169811,0.0754717,0.566038,0.132075,0.0188679
1866,0.0103093,0.690722,0.0103093,0.0103093,0.0103093,0.268041
1867,0.125,0.125,0.125,0.125,0.375,0.125
1868,0.0362319,0.249275,0.24058,0.102899,0.328986,0.042029
1869,0.0123043,0.441834,0.243848,0.284116,0.00111857,0.0167785
1870,0.235294,0.147059,0.382353,0.176471,0.0294118,0.0294118
1871,0.00558659,0.357542,0.00558659,0.00558659,0.541899,0.0837989
1872,0.125,0.125,0.375,0.125,0.125,0.125
1873,0.0588235,0.294118,0.470588,0.0588235,0.0588235,0.0588235
1874,0.029316,0.0553746,0.273616,0.169381,0.462541,0.00977199
1875,0.0109739,0.422497,0.108368,0.00685871,0.0699588,0.381344
1876,0.0131579,0.934211,0.0131579,0.0131579,0.0131579,0.0131579
1877,0.111111,0.111111,0.111111,0.111111,0.444444,0.111111
1878,0.010101,0.939394,0.010101,0.010101,0.010101,0.020202
1879,0.0206186,0.927835,0.0206186,0.0103093,0.0103093,0.0103093
1880,0.016129,0.903226,0.0322581,0.016129,0.016129,0.016129
1881,0.0357143,0.0714286,0.607143,0.0357143,0.0357143,0.214286
1882,0.0333333,0.1,0.5,0.3,0.0333333,0.0333333
1883,0.0454545,0.754545,0.136364,0.00909091,0.0454545,0.00909091
1884,0.00442478,0.920354,0.0442478,0.0221239,0.00442478,0.00442478
1885,0.0105263,0.242105,0.578947,0.0736842,0.0105263,0.0842105
1886,0.00884956,0.221239,0.584071,0.0176991,0.150442,0.0176991
1887,0.0192926,0.315113,0.376206,0.0257235,0.0257235,0.237942
1888,0.081761,0.00628931,0.685535,0.081761,0.0251572,0.119497
1889,0.0402685,0.677852,0.100671,0.0134228,0.161074,0.00671141
1890,0.0107527,0.946237,0.0107527,0.0107527,0.0107527,0.0107527
1891,0.0150754,0.125628,0.145729,0.00502513,0.703518,0.00502513
1892,0.0285714,0.0285714,0.857143,0.0285714,0.0285714,0.0285714
1893,0.00347222,0.520833,0.309028,0.00347222,0.00694444,0.15625
1894,0.0769231,0.0769231,0.307692,0.0769231,0.230769,0.230769
1895,0.161027,0.156359,0.326721,0.267211,0.0396733,0.0490082
1896,0.0222222,0.0222222,0.822222,0.0222222,0.0222222,0.0888889
1897,0.00425532,0.570213,0.323404,0.0340426,0.0638298,0.00425532
1898,0.125,0.125,0.375,0.125,0.125,0.125
1899,0.00826446,0.752066,0.0165289,0.00826446,0.00826446,0.206612
1900,0.125,0.125,0.25,0.125,0.25,0.125
1901,0.0413355,0.171701,0.349762,0.036566,0.00158983,0.399046
1902,0.00454545,0.104545,0.340909,0.0318182,0.295455,0.222727
1903,0.0102041,0.693878,0.142857,0.0102041,0.0408163,0.102041
1904,0.900383,0.0574713,0.0191571,0.00766284,0.00191571,0.01341
1905,0.003663,0.534799,0.190476,0.047619,0.003663,0.21978
1906,0.0909091,0.0909091,0.545455,0.0909091,0.0909091,0.0909091
1907,0.030303,0.863636,0.0151515,0.0606061,0.0151515,0.0151515
1908,0.00408163,0.155102,0.138776,0.0244898,0.636735,0.0408163
1909,0.00502513,0.0653266,0.522613,0.0251256,0.376884,0.00502513
1910,0.030303,0.0151515,0.606061,0.151515,0.0151515,0.181818
1911,0.0117647,0.917647,0.0117647,0.0117647,0.0352941,0.0117647
1912,0.00196464,0.263261,0.0785855,0.021611,0.632613,0.00196464
1913,0.0128205,0.935897,0.0128205,0.0128205,0.0128205,0.0128205
1914,0.00621118,0.919255,0.0496894,0.00621118,0.00621118,0.0124224
1915,0.0980392,0.0588235,0.686275,0.117647,0.0196078,0.0196078
1916,0.00959233,0.834532,0.00239808,0.00239808,0.00479616,0.146283
1917,0.026873,0.118078,0.186482,0.476384,0.121336,0.0708469
1918,0.0165711,0.251115,0.0152964,0.305927,0.0203952,0.390695
1919,0.00990099,0.950495,0.00990099,0.00990099,0.00990099,0.00990099
1920,0.00699301,0.545455,0.41958,0.013986,0.00699301,0.00699301
1921,0.0444444,0.681481,0.140741,0.0296296,0.0037037,0.1
1922,0.025,0.1,0.55,0.175,0.025,0.125
1923,0.00309598,0.510836,0.328173,0.00619195,0.00309598,0.148607
1924,0.0833333,0.736111,0.0555556,0.0972222,0.0138889,0.0138889
1925,0.00869565,0.713043,0.226087,0.026087,0.0173913,0.00869565
1926,0.0769231,0.0769231,0.538462,0.153846,0.0769231,0.0769231
1927,0.00409836,0.733607,0.135246,0.118852,0.00409836,0.00409836
1928,0.209713,0.214128,0.14128,0.00220751,0.430464,0.00220751
1929,0.0909091,0.0909091,0.545455,0.0909091,0.0909091,0.0909091
1930,0.111111,0.222222,0.111111,0.111111,0.333333,0.111111
1931,0.0147059,0.926471,0.0147059,0.0147059,0.0147059,0.0147059
1932,0.00632911,0.0949367,0.341772,0.00632911,0.544304,0.00632911
1933,0.00244499,0.356968,0.0929095,0.229829,0.312958,0.00488998
1934,0.047619,0.047619,0.8,0.0857143,0.00952381,0.00952381
1935,0.0163934,0.918033,0.0163934,0.0163934,0.0163934,0.0163934
1936,0.142857,0.142857,0.285714,0.142857,0.142857,0.142857
1937,0.005,0.4,0.005,0.005,0.58,0.005
1938,0.03125,0.09375,0.78125,0.03125,0.03125,0.03125
1939,0.0149254,0.895522,0.0447761,0.0149254,0.0149254,0.0149254
1940,0.0689655,0.172414,0.655172,0.0344828,0.0344828,0.0344828
1941,0.0666667,0.0666667,0.466667,0.2,0.133333,0.0666667
1942,0.0130797,0.195006,0.103448,0.0214031,0.623068,0.0439952
1943,0.00584795,0.721248,0.0740741,0.00584795,0.00194932,0.191033
1944,0.0163934,0.0655738,0.688525,0.0819672,0.0163934,0.131148
1945,0.0470085,0.153846,0.352564,0.017094,0.397436,0.0320513
1946,0.00819672,0.811475,0.0983607,0.00819672,0.0655738,0.00819672
1947,0.0103093,0.216495,0.0760309,0.00128866,0.648196,0.0476804
1948,0.0232558,0.0697674,0.767442,0.0232558,0.0232558,0.0930233
1949,0.108108,0.0810811,0.621622,0.027027,0.135135,0.027027
1950,0.0645161,0.645161,0.236559,0.0322581,0.0107527,0.0107527
1951,0.00617284,0.703704,0.271605,0.00617284,0.00617284,0.00617284
1952,0.03125,0.166667,0.5,0.0729167,0.0104167,0.21875
1953,0.0117223,0.376916,0.00721371,0.569883,0.000901713,0.0333634
1954,0.0327869,0.0491803,0.672131,0.163934,0.00819672,0.0737705
1955,0.0135135,0.148649,0.0135135,0.0135135,0.797297,0.0135135
1956,0.111111,0.222222,0.333333,0.111111,0.111111,0.111111
1957,0.585893,0.170533,0.152351,0.0278997,0.0100313,0.0532915
1958,0.01,0.94,0.01,0.01,0.02,0.01
1959,0.0044843,0.73991,0.0941704,0.0179372,0.0044843,0.139013
1960,0.047619,0.0952381,0.47619,0.238095,0.047619,0.0952381
1961,0.0232558,0.0465116,0.488372,0.162791,0.162791,0.116279
1962,0.0277778,0.824074,0.0925926,0.037037,0.00925926,0.00925926
1963,0.461538,0.0512821,0.205128,0.230769,0.025641,0.025641
1964,0.00854701,0.717949,0.162393,0.00854701,0.025641,0.0769231
1965,0.011236,0.94382,0.011236,0.011236,0.011236,0.011236
1966,0.142857,0.142857,0.285714,0.142857,0.142857,0.142857
1967,0.0545455,0.0181818,0.618182,0.254545,0.0363636,0.0181818
1968,0.0226244,0.470588,0.384615,0.0316742,0.00904977,0.081448
1969,0.0454545,0.318182,0.5,0.0454545,0.0454545,0.0454545
1970,0.0026455,0.222222,0.0502646,0.0026455,0.224868,0.497354
1971,0.00578778,0.180064,0.299035,0.00578778,0.276527,0.232797
1972,0.192,0.008,0.596,0.124,0.004,0.076
1973,0.00826446,0.785124,0.0743802,0.00826446,0.0413223,0.0826446
1974,0.0181818,0.0727273,0.690909,0.0727273,0.127273,0.0181818
1975,0.015873,0.126984,0.142857,0.0793651,0.619048,0.015873
1976,0.00816327,0.326531,0.0734694,0.00408163,0.583673,0.00408163
1977,0.054678,0.196841,0.195626,0.438639,0.0157959,0.0984204
1978,0.00241546,0.44686,0.396135,0.0193237,0.0241546,0.111111
1979,0.0346821,0.242775,0.00578035,0.67052,0.00578035,0.0404624
1980,0.0531401,0.338164,0.00483092,0.00483092,0.52657,0.0724638
1981,0.0588235,0.0588235,0.470588,0.0588235,0.294118,0.0588235
1982,0.0104167,0.895833,0.0416667,0.03125,0.0104167,0.0104167
1983,0.00900901,0.045045,0.747748,0.00900901,0.0630631,0.126126
1984,0.0133333,0.893333,0.0533333,0.0133333,0.0133333,0.0133333
1985,0.0666667,0.0666667,0.666667,0.0666667,0.0666667,0.0666667
1986,0.0142857,0.0714286,0.7,0.157143,0.0142857,0.0428571
1987,0.005,0.495,0.485,0.005,0.005,0.005
1988,0.0384615,0.153846,0.692308,0.0384615,0.0384615,0.0384615
1989,0.0555556,0.388889,0.388889,0.0555556,0.0555556,0.0555556
1990,0.0106383,0.0425532,0.829787,0.0212766,0.0106383,0.0851064
1991,0.0357143,0.0714286,0.428571,0.0357143,0.0357143,0.392857
1992,0.0645161,0.0483871,0.822581,0.016129,0.0322581,0.016129
1993,0.0147059,0.911765,0.0147059,0.0147059,0.0294118,0.0147059
1994,0.026087,0.0782609,0.617391,0.104348,0.00869565,0.165217
1995,0.00497512,0.646766,0.179104,0.00497512,0.119403,0.0447761
1996,0.00337838,0.601351,0.179054,0.00337838,0.0168919,0.195946
