1,0.0471698,0.502358,0.334906,0.0448113,0.0542453,0.0165094,1,Bug-e181507e-c4b3-4d77-a18b-12fd288c6abe,1359412595786
2,0.00980392,0.686275,0.27451,0.00980392,0.00980392,0.00980392,1,Bug-3497b5b5-6739-4521-b1f9-62053eb7170b,1390256779883
3,0.0612245,0.44898,0.428571,0.0204082,0.0204082,0.0204082,1,Bug-78d96e21-4b7c-4026-ab36-af8b5404060a,1380943187168
4,0.0114943,0.942529,0.0114943,0.0114943,0.0114943,0.0114943,1,Bug-1cd10189-2442-403c-b10d-0448e5ea98e6,1406084554628
5,0.140244,0.128049,0.304878,0.20122,0.219512,0.00609756,2,Bug-15c23e1f-2461-4346-82b3-ab41c604ed0a,1386117218355
6,0.0125,0.9125,0.0125,0.0125,0.0375,0.0125,1,Bug-2e631173-65cd-4c2f-aab0-305e5d8f1c9b,1403498165119
7,0.010989,0.659341,0.274725,0.021978,0.010989,0.021978,1,Bug-bd0e3f1b-5a9a-4d00-b2ce-572c7edd7ca5,1390809400172
8,0.111111,0.111111,0.333333,0.111111,0.111111,0.222222,2,Bug-a874cb0c-a04e-4e86-a29a-d4df60e2c9c7,1395424075640
9,0.0153846,0.876923,0.0153846,0.0153846,0.0615385,0.0153846,1,Bug-97f1d1d5-3a3d-4348-a2c2-50bc5c5cdb3c,1409797100449
10,0.0027248,0.416894,0.425068,0.0190736,0.00544959,0.13079,2,Bug-e97dfbf9-bff9-4790-be24-1baa097aaa06,1402515460931
11,0.046875,0.234375,0.234375,0.015625,0.328125,0.140625,4,Bug-df37d9bd-9d87-4577-aad2-ab2a1599dff1,1403032578960
12,0.00289017,0.361272,0.280347,0.00289017,0.349711,0.00289017,1,Bug-0c4f5470-5644-4718-b15f-9de09cf2f82b,1397174993483
13,0.020979,0.160839,0.573427,0.223776,0.013986,0.00699301,2,Bug-be134c56-72c0-4cc4-8292-ed4f29722067,1364571802621
14,0.0111111,0.944444,0.0111111,0.0111111,0.0111111,0.0111111,1,Bug-bafbcd31-57b6-4575-b198-e106cf6be84a,1339007696363
15,0.00719424,0.964029,0.00719424,0.00719424,0.00719424,0.00719424,1,Bug-42b9bec1-d320-495c-95a5-e531a952661d,1391565722647
16,0.751656,0.242826,0.00110375,0.00220751,0.00110375,0.00110375,0,Bug-c101861f-1cf6-4cbb-b0a9-3a62ca2ee013,1390256902587
17,0.0136054,0.789116,0.0748299,0.00680272,0.00680272,0.108844,1,Bug-7efcbd1d-0340-4a9c-8bf2-8f1fa4f3eca2,1372873636795
18,0.00917431,0.761468,0.119266,0.00917431,0.0366972,0.0642202,1,Bug-900f7cc2-6887-4e91-b647-8a5377594e3f,1406597093931
19,0.00680272,0.748299,0.197279,0.0340136,0.00680272,0.00680272,1,Bug-d346041e-50cc-4be1-a7a8-6087d6069868,1368238158349
20,0.0194805,0.00649351,0.779221,0.00649351,0.0584416,0.12987,2,Bug-fef3d198-89a8-4d3c-b590-4033d66bc190,1397252305465
21,0.0113636,0.909091,0.0113636,0.0113636,0.0454545,0.0113636,1,Bug-618fea53-cea2-4689-acad-6ccb0510e9ce,1383152297641
22,0.147208,0.436548,0.00507614,0.00507614,0.401015,0.00507614,1,Bug-4bc563d5-7983-4423-9d56-b4dfe6e76571,1361568006318
23,0.00740741,0.17037,0.111111,0.00740741,0.696296,0.00740741,4,Bug-c32e1521-fdeb-4d33-9bde-e26395d23f07,1399494984899
24,0.0434783,0.26087,0.391304,0.217391,0.0434783,0.0434783,2,Bug-5b917dd3-165b-4d43-869c-b732b590a478,1396299479474
25,0.0434783,0.0434783,0.652174,0.130435,0.0869565,0.0434783,2,Bug-fab4d3d2-54ad-485f-a09a-b8098210cced,1383859483707
26,0.00363636,0.981818,0.00363636,0.00363636,0.00363636,0.00363636,1,Bug-7acf0db6-d20a-4fd7-b70e-2e23e921692c,1395770062358
27,0.0163934,0.918033,0.0163934,0.0163934,0.0163934,0.0163934,1,Bug-29f97345-3de5-4fad-80d7-7f0ac1d08bbe,1396430874794
28,0.038835,0.699029,0.135922,0.00970874,0.00970874,0.106796,1,Bug-b6867b9e-9755-40b5-a7d9-823e43b5aa62,1393963505404
29,0.0344828,0.137931,0.344828,0.0344828,0.137931,0.310345,2,Bug-dd501a2a-bc5a-4d12-ab27-3daaf7fbbc32,1344279141616
30,0.0147059,0.926471,0.0147059,0.0147059,0.0147059,0.0147059,1,Bug-d5df2601-2fd5-4361-983f-23e033eb58fe,1387998606426
31,0.0967742,0.0322581,0.580645,0.225806,0.0322581,0.0322581,2,Bug-291c3c0f-e6a7-4333-8fac-f0401b4988a6,1403270092575
32,0.00478469,0.425837,0.0956938,0.00478469,0.464115,0.00478469,4,Bug-4ac543ea-ff57-485d-bebf-9b25b05221d3,1274584217724
33,0.00179211,0.763441,0.0949821,0.0232975,0.016129,0.100358,1,Bug-4b6b54fb-7ff3-4071-bc9a-7807e15a7b5f,1410221615134
34,0.00657895,0.605263,0.210526,0.141447,0.0263158,0.00986842,1,Bug-eea7263f-4323-4533-a018-045b57073e3c,1369727641277
35,0.0186916,0.803738,0.140187,0.00311526,0.00623053,0.0280374,1,Bug-f305b4e4-cf89-4448-98fb-d97b446837e5,1409128952662
36,0.0123457,0.91358,0.0123457,0.0123457,0.037037,0.0123457,1,Bug-cf81b8c1-7a66-4e16-b6fb-ef4a1a0791e1,1388776594304
37,0.00518135,0.906736,0.00518135,0.00518135,0.00518135,0.0725389,1,Bug-54a3ed4c-eda6-4b9d-b306-fd606ef072a8,1297202900529
38,0.107143,0.0357143,0.428571,0.0357143,0.0714286,0.321429,2,Bug-771f6aba-a307-4bde-8258-955a63bbb302,1408485875594
39,0.00289855,0.373913,0.127536,0.084058,0.353623,0.057971,1,Bug-d6fec04a-d715-4342-8287-82404f758409,1371074099225
40,0.00943396,0.00943396,0.867925,0.0471698,0.00943396,0.0566038,2,Bug-c7c35ec1-48f7-4d92-862f-1e7eb01c9a64,1376227503985
41,0.00182815,0.047532,0.164534,0.00182815,0.438757,0.345521,4,Bug-cade071a-2b32-4462-88f7-2a1e811ce8a5,1354061707042
42,0.0117647,0.0117647,0.576471,0.341176,0.0117647,0.0470588,2,Bug-977e0680-888f-4b86-a742-19d95cbf271a,1392019901180
43,0.0105263,0.894737,0.0526316,0.0210526,0.0105263,0.0105263,1,Bug-5bac4f18-a792-4953-8012-420581a70eaa,1379597938065
44,0.00925926,0.657407,0.287037,0.00925926,0.0277778,0.00925926,1,Bug-164b18ae-6b8e-4497-b6f5-8c491698dcfa,1408354509770
45,0.0151515,0.924242,0.0151515,0.0151515,0.0151515,0.0151515,1,Bug-008a980d-f1e9-4a1c-8a1d-1b9f5c4048d7,1375674831356
46,0.125,0.125,0.125,0.125,0.25,0.25,4,Bug-1bd2b81e-ab5b-4369-b8f2-4ce59d6e0d23,1372453755429
47,0.0430108,0.0967742,0.462366,0.0537634,0.0215054,0.322581,2,Bug-7b6c1fb5-8d93-4118-a281-c122f4547426,1398472272580
48,0.03125,0.0625,0.5,0.34375,0.03125,0.03125,2,Bug-9a772550-3b5a-4f23-aae6-cd0420a15011,1403644522461
49,0.00711744,0.94306,0.0391459,0.00355872,0.00355872,0.00355872,1,Bug-9fa0f384-2a30-44df-9844-4238b562fc7f,1394235527687
50,0.00347222,0.00694444,0.677083,0.0486111,0.128472,0.135417,2,Bug-41b5e24b-e19a-4459-90d5-f48b78e7b27f,1363218455818
51,0.00746269,0.723881,0.134328,0.104478,0.0223881,0.00746269,1,Bug-4355e130-e646-4337-a44c-2a1cc997e2d3,1380928311444
52,0.1,0.2,0.4,0.1,0.1,0.1,2,Bug-748b0f9d-2f5a-4376-bf78-14984696eda9,1376028971753
53,0.111111,0.111111,0.444444,0.111111,0.111111,0.111111,2,Bug-f4f45271-7c57-40ad-af4d-343c369cf995,1382751349440
54,0.626195,0.135755,0.207457,0.000956023,0.0210325,0.00860421,0,Bug-01c9f2f6-3492-47bf-9ffa-39fa3ec1aaa9,1375629744686
55,0.0416667,0.416667,0.375,0.0416667,0.0416667,0.0833333,1,Bug-5310863e-4a68-4e42-bbd5-85fc831a61e4,1393873064403
56,0.0340136,0.0748299,0.680272,0.0816327,0.00680272,0.122449,2,Bug-904b3ebf-c1d9-4315-b72a-ae38b28acf7a,1371081533701
57,0.142857,0.142857,0.142857,0.142857,0.285714,0.142857,4,Bug-0f4d4407-3625-4163-8266-fc96f64e657d,1379618484600
58,0.0384615,0.192308,0.538462,0.0384615,0.0384615,0.153846,2,Bug-8d4487ae-7a10-4a18-9e32-853843586d1f,1409788381496
59,0.00806452,0.935484,0.00806452,0.00806452,0.0241935,0.016129,1,Bug-b990f2c1-016b-47ea-a997-28e9fbe70b3a,1394476919783
60,0.0217391,0.826087,0.108696,0.00543478,0.00543478,0.0326087,1,Bug-2395c262-a820-4500-844c-2a59c16f9fa3,1380725529431
61,0.224138,0.163793,0.543103,0.0517241,0.00862069,0.00862069,2,Bug-3cb3afbf-64f0-497e-bfaa-08bcc9e5d6f9,1383963945992
62,0.030303,0.030303,0.878788,0.030303,0.0151515,0.0151515,2,Bug-a2239c85-fe0d-4b1a-a177-a577043a07af,1404855314422
63,0.0078125,0.796875,0.125,0.0078125,0.0078125,0.0546875,1,Bug-9fa5ef28-dcd4-4968-8c7d-c7ebaab6c4cb,1382750706162
64,0.0827191,0.203931,0.0515971,0.521704,0.132678,0.00737101,3,Bug-dd5f8c7a-616c-4d4c-9ab4-c14edec094cc,1403151763557
65,0.0107527,0.0107527,0.817204,0.0107527,0.0107527,0.139785,2,Bug-3c829ecb-9a50-48a1-beef-1e3db7d8fab5,1383939571543
66,0.011976,0.658683,0.251497,0.00598802,0.00598802,0.0658683,1,Bug-44c951ea-5228-4993-a628-0e16f30ab901,1395786400744
67,0.0708661,0.015748,0.755906,0.110236,0.00787402,0.0393701,2,Bug-d3edc391-50c7-490a-90aa-56525dc71443,1398831865545
68,0.1,0.3,0.1,0.1,0.3,0.1,1,Bug-3cbecd10-216e-4a99-8722-5f50d7f2a090,1399678797133
69,0.00361011,0.559567,0.361011,0.0288809,0.0108303,0.0361011,1,Bug-aac94992-3146-406d-ab14-9d5f638d57ff,1361518193218
70,0.00990099,0.00990099,0.871287,0.049505,0.019802,0.039604,2,Bug-36e85f73-5f3c-4c52-8000-6b1470725293,1400814704276
71,0.185185,0.037037,0.62963,0.037037,0.037037,0.0740741,2,Bug-609663af-7d0f-4310-8db4-fb3d85a1338d,1339100048573
72,0.0103093,0.0618557,0.670103,0.123711,0.123711,0.0103093,2,Bug-39164674-e6d3-471c-9808-bfba3b536057,1405466675790
73,0.010989,0.945055,0.010989,0.010989,0.010989,0.010989,1,Bug-c9117a9a-c0ec-4365-943e-7549acbcd229,1395886496937
74,0.00384615,0.0846154,0.215385,0.0115385,0.596154,0.0884615,4,Bug-02d00cfa-ddab-4ca5-93f5-cfb567362c58,1390449931871
75,0.00507614,0.675127,0.111675,0.0406091,0.162437,0.00507614,1,Bug-65f67481-2132-4856-b03f-bdecae585d41,1372115592130
76,0.113924,0.0126582,0.620253,0.101266,0.0126582,0.139241,2,Bug-112928bd-65c1-4345-ae42-b2122a2e4dbb,1406835647681
77,0.0172414,0.0172414,0.586207,0.0172414,0.0172414,0.344828,2,Bug-7d93972f-9241-47b1-9fa3-7d56c89f7e90,1381989123300
78,0.00261097,0.0600522,0.279373,0.00522193,0.516971,0.13577,4,Bug-aa210372-81bd-4989-b5a6-b549f767d7b1,1391543304898
79,0.549451,0.105769,0.0123626,0.296703,0.00137363,0.0343407,0,Bug-ae03d4e2-c9ef-4dc6-b9c2-fbe464e289e9,1389872016924
80,0.00141643,0.293201,0.558074,0.0354108,0.00141643,0.110482,2,Bug-a61364c4-001b-43f6-8a22-7a55e7140b8b,1387507925862
81,0.0909091,0.272727,0.0909091,0.181818,0.0909091,0.272727,1,Bug-695acdec-4d62-45ae-8648-bf4b2b681615,1367025547633
82,0.0188679,0.113208,0.584906,0.0566038,0.0188679,0.207547,2,Bug-dccf02f8-b126-4d6f-a683-be2fde9c897d,1364501188580
83,0.00198807,0.135189,0.266402,0.00795229,0.526839,0.0616302,4,Bug-30e17940-426a-4595-a9d6-9c9420442340,1387832599169
84,0.787879,0.176768,0.0117845,0.0016835,0.0016835,0.020202,0,Bug-4983a820-d4ab-49af-b7b4-fb4ad59a077a,1365783240213
85,0.0625,0.125,0.375,0.0625,0.0625,0.3125,2,Bug-a46e28e2-2fa1-47fb-9332-577c006b7d13,1376434596328
86,0.0128205,0.871795,0.0769231,0.0128205,0.0128205,0.0128205,1,Bug-a2e61a34-06d7-4714-8f06-24382aeb9b5d,1379728284150
87,0.00195312,0.00195312,0.732422,0.0507812,0.03125,0.181641,2,Bug-41a61d77-6721-415e-ae6c-037d39322c68,1362434537124
88,0.00943396,0.896226,0.0377358,0.0188679,0.0283019,0.00943396,1,Bug-dbd112ef-3ccf-4cf6-a3e2-b52aae98a214,1407730466273
89,0.00355872,0.341637,0.0960854,0.00355872,0.551601,0.00355872,4,Bug-683c42be-7dbd-4ece-bca1-1d03959cdc98,1394690031579
90,0.0909091,0.480938,0.343109,0.0410557,0.0410557,0.00293255,1,Bug-3c540f32-9ac5-4681-a057-423ab7b81fc9,1402004812561
91,0.0833333,0.416667,0.25,0.0833333,0.0833333,0.0833333,1,Bug-dd4d7352-2b1e-4481-83db-991f7b6c5fea,1389038721114
92,0.00847458,0.601695,0.211864,0.00847458,0.0508475,0.118644,1,Bug-92d58ea5-9415-436e-b2cb-7214215a3a72,1364428488549
93,0.0060241,0.162651,0.0180723,0.0361446,0.753012,0.0240964,4,Bug-18b9428f-777c-4f96-9c2f-8658668289c1,1410161465582
94,0.00952381,0.171429,0.114286,0.0571429,0.638095,0.00952381,4,Bug-6957abf1-9772-4002-bd8f-8796b50e2e92,1384392848670
95,0.00462963,0.712963,0.180556,0.00462963,0.00462963,0.0925926,1,Bug-3c1d09fc-055e-4f70-99e4-e1db85bb2d73,1384236878030
96,0.00609756,0.646341,0.195122,0.0304878,0.0304878,0.0914634,1,Bug-d45cd87a-1d1a-4675-9fb9-bb1031df945e,1398201270731
97,0.00454545,0.322727,0.0681818,0.00454545,0.513636,0.0863636,4,Bug-d468d423-57b9-4af4-9b9e-b3ce0999affe,1391768881855
98,0.0111111,0.944444,0.0111111,0.0111111,0.0111111,0.0111111,1,Bug-8e532075-c0b2-491f-b673-38fc4e228173,1387507634033
99,0.00613497,0.226994,0.460123,0.208589,0.0920245,0.00613497,2,Bug-2b2bd5b6-d944-41af-8ad8-30334de79ca3,1358865154837
100,0.00628931,0.522013,0.427673,0.0125786,0.00628931,0.0251572,1,Bug-255f8e12-85c8-43cb-b1c9-31fa3c04dd47,1394047835227
101,0.035818,0.214908,0.0271055,0.672798,0.0125847,0.0367861,3,Bug-c5b34d90-6910-4c72-9faa-56cbb1595fee,1381278416261
102,0.0576923,0.163462,0.586538,0.00961538,0.115385,0.0673077,2,Bug-e3ac87b7-4e81-4ba0-abb7-3e92a71aa853,1408007031077
103,0.00444444,0.871111,0.0444444,0.00444444,0.00888889,0.0666667,1,Bug-398ee5c0-e723-4b29-954d-be5b09ef2508,1391751902039
104,0.00970874,0.00970874,0.825243,0.0485437,0.00970874,0.0970874,2,Bug-023f5c8a-e708-40c3-bf52-fcf9f895ee64,1368642669165
105,0.015873,0.753968,0.047619,0.00793651,0.00793651,0.166667,1,Bug-3988db42-d559-418d-a3b5-518f64255b65,1396324208827
106,0.00268097,0.246649,0.0697051,0.00268097,0.675603,0.00268097,4,Bug-4c1c4667-e45f-4bf6-a27d-521ec4d651ba,1395277740352
107,0.010989,0.0549451,0.230769,0.010989,0.681319,0.010989,4,Bug-8ac0d47b-0957-4c7e-a584-c975d74abeb2,1355659806950
108,0.00653595,0.156863,0.00653595,0.00653595,0.816993,0.00653595,4,Bug-ebe88e64-8b1d-4747-a454-d42ff53c6320,1403891137538
109,0.0666667,0.0666667,0.333333,0.0666667,0.4,0.0666667,4,Bug-63da1188-d60f-4344-9ba3-1d9eb4cfa30a,1405450795919
110,0.0182927,0.939024,0.0121951,0.00609756,0.0182927,0.00609756,1,Bug-258a87e6-2fe6-43c6-8870-66755f0c4388,1386171060432
111,0.0571429,0.139286,0.457143,0.246429,0.00357143,0.0964286,2,Bug-4469dec1-1801-4ddc-9c04-c9c12145056c,1389128742361
112,0.00561798,0.561798,0.382022,0.0393258,0.00561798,0.00561798,1,Bug-e589f1ac-9e83-4578-addd-4fb64bd91424,1390618459815
113,0.0769231,0.230769,0.461538,0.0769231,0.0769231,0.0769231,2,Bug-2a140870-0f37-480f-8d7f-834c24b857eb,1386198232258
114,0.00757576,0.962121,0.00757576,0.00757576,0.00757576,0.00757576,1,Bug-4565e183-6f7a-46fa-a2e0-6af478e556fd,1374001410413
115,0.0666667,0.266667,0.333333,0.0666667,0.0666667,0.2,2,Bug-aa5745a9-bc0e-4920-af20-727b8f618ca6,1381268751002
116,0.03125,0.03125,0.71875,0.0625,0.03125,0.125,2,Bug-687a92e8-06a2-4445-b0dc-ad4d64d8c583,1409260149398
117,0.142857,0.142857,0.285714,0.142857,0.142857,0.142857,2,Bug-e881d890-4d13-4bc2-990e-60354e8a0542,1358837515890
118,0.0104167,0.84375,0.0104167,0.0104167,0.114583,0.0104167,1,Bug-9f15670c-3471-4fe8-bf59-e42316e4db88,1376603159693
119,0.0909091,0.0909091,0.454545,0.0909091,0.0909091,0.181818,2,Bug-58627216-2636-4300-8f4d-d7ef114ac092,1402880962134
120,0.0131579,0.934211,0.0131579,0.0131579,0.0131579,0.0131579,1,Bug-a7a17e34-d023-4aae-a4a6-78e70181b0fa,1406840960380
121,0.111111,0.111111,0.333333,0.111111,0.222222,0.111111,2,Bug-23011296-148a-4389-9e40-53293d8b2902,1354212696173
122,0.000963391,0.0250482,0.211946,0.00770713,0.38921,0.365125,4,Bug-361fae31-41a8-411f-886b-bbc74167c432,1377063502121
123,0.0181818,0.0181818,0.836364,0.0909091,0.0181818,0.0181818,2,Bug-4615261a-0aa2-4a91-b6ad-19f4ea6069da,1410557529341
124,0.0176991,0.725664,0.230088,0.00884956,0.00884956,0.00884956,1,Bug-c4f63aba-ff3e-4ff9-abbb-9125a5ab4131,1394818311863
125,0.142857,0.142857,0.285714,0.142857,0.142857,0.142857,2,Bug-4e118dd0-35ef-44dc-b5fb-c4ac6cd5bcc0,1382949903328
126,0.00414079,0.20911,0.0848861,0.010352,0.00207039,0.689441,5,Bug-153f980b-cf75-4486-823f-9aa6f250fbe0,1395703109583
127,0.125,0.125,0.375,0.125,0.125,0.125,2,Bug-0542ce3f-ec4f-4c69-9920-0932105023b7,1337262932395
128,0.00342466,0.130137,0.431507,0.0650685,0.349315,0.0205479,2,Bug-dd537c2f-0930-46a0-8c61-8785d171532f,1397681894363
129,0.0117647,0.764706,0.117647,0.0470588,0.0117647,0.0470588,1,Bug-4afaf06f-9389-4607-9fa0-dfecff8523de,1407405534041
130,0.00574713,0.00574713,0.925287,0.0402299,0.00574713,0.0172414,2,Bug-9cac8758-6b30-426c-bb9f-93e1605c9a62,1396501459890
131,0.00490196,0.740196,0.132353,0.0637255,0.00490196,0.0539216,1,Bug-1bcf2bac-1f96-4ddb-adc4-e3a31eb5b7f9,1373999593386
132,0.0769231,0.0769231,0.615385,0.0769231,0.0769231,0.0769231,2,Bug-b3a0a801-3aed-47d3-8feb-fe994c1092fe,1363272914658
133,0.0322581,0.153226,0.00403226,0.770161,0.00403226,0.0362903,3,Bug-211ba62e-06c7-4603-a43d-84fef54245de,1399472999211
134,0.0185185,0.787037,0.0833333,0.0833333,0.0185185,0.00925926,1,Bug-801d0438-33aa-484b-9836-76e76e2632a6,1394172965478
135,0.142857,0.142857,0.285714,0.142857,0.142857,0.142857,2,Bug-0d491a76-617a-4b51-b452-f42bb682aa34,1397155120316
136,0.00342466,0.65411,0.010274,0.00684932,0.00342466,0.321918,1,Bug-5bdb09da-75e0-422e-b59c-10f02b7b90c8,1403050182983
137,0.00581395,0.00581395,0.790698,0.0406977,0.116279,0.0406977,2,Bug-aba830d2-7b89-4fa4-9acd-587f464f44a5,1386024012348
138,0.0151515,0.924242,0.0151515,0.0151515,0.0151515,0.0151515,1,Bug-77411eea-4c1b-46a0-be74-27d6066e3373,1393724955933
139,0.0138889,0.916667,0.0138889,0.0138889,0.0138889,0.0277778,1,Bug-3c5122ba-8857-4395-a3aa-2b55e53e5a68,1379019504603
140,0.0094697,0.282197,0.255682,0.217803,0.219697,0.0151515,1,Bug-4b0f8064-f82a-4db9-b33c-e973d5f2e6c0,1380134108439
141,0.0666667,0.133333,0.466667,0.2,0.0666667,0.0666667,2,Bug-4d7cc946-60c0-4e8d-abbf-9c39f0bf92b2,1393724219871
142,0.00606061,0.969697,0.00606061,0.00606061,0.00606061,0.00606061,1,Bug-8f47fd3e-36d0-4f63-a9e6-58cdcd7d3c51,1393876357024
143,0.135531,0.373626,0.03663,0.010989,0.43956,0.003663,4,Bug-6ade092a-bcfd-4df0-863b-7517103d629b,1406834488256
144,0.0128205,0.166667,0.5,0.025641,0.102564,0.192308,2,Bug-cfddd445-9ee8-4b1e-98f0-4295ba523dc0,1381181444795
145,0.015625,0.921875,0.015625,0.015625,0.015625,0.015625,1,Bug-5a73289a-c4a6-4a07-9162-b9be994c36bc,1407372256279
146,0.0384615,0.0384615,0.576923,0.153846,0.0384615,0.153846,2,Bug-b27b3572-3d0b-4ce2-a3e2-88ce7953fa20,1364282919457
147,0.0769231,0.0769231,0.461538,0.0769231,0.153846,0.153846,2,Bug-768d68d8-2a4d-4d5a-a290-8d8f73453d62,1375248634846
148,0.0128755,0.208155,0.195279,0.0257511,0.523605,0.0343348,4,Bug-f79df45e-ca6b-47ed-99ac-6b12f6b4746c,1396128398423
149,0.0379747,0.0379747,0.734177,0.0126582,0.113924,0.0632911,2,Bug-582ffa7e-549e-47f9-8662-17a43a0422d4,1294176741944
150,0.0447761,0.0335821,0.496269,0.0708955,0.212687,0.141791,2,Bug-d8f2786d-3f14-4930-aaf3-8eec61ac043e,1375775446263
151,0.1,0.2,0.1,0.1,0.4,0.1,4,Bug-143e4919-7970-4d82-8a1b-5d027faf47e1,1400477294071
152,0.00245098,0.262255,0.0588235,0.00245098,0.671569,0.00245098,4,Bug-18ef75d6-ba60-462c-ae6b-59fa5b0c8cb0,1407283107452
153,0.585213,0.0501253,0.066416,0.266917,0.00250627,0.0288221,0,Bug-0b806ac7-854d-4d14-af23-e04cc1c5e86f,1386627267441
154,0.00909091,0.636364,0.281818,0.00909091,0.0545455,0.00909091,1,Bug-b61933eb-d1e0-40fd-a781-b225e0f1b2c5,1381187523578
155,0.142857,0.142857,0.142857,0.142857,0.285714,0.142857,4,Bug-8fa9dab0-89f7-4f1a-8140-9f1e01723510,1394824400238
156,0.0601504,0.0601504,0.721805,0.0977444,0.0037594,0.056391,2,Bug-9aeb765e-269c-4486-9541-2eb48ebf8acb,1404748853052
157,0.0454545,0.420455,0.00284091,0.0170455,0.511364,0.00284091,4,Bug-402f1566-0862-4875-9b88-9ced7e08104c,1400542885822
158,0.00409836,0.454918,0.045082,0.00409836,0.487705,0.00409836,4,Bug-c70ea6e6-9c28-4639-a5a0-879e7af26437,1391837672374
159,0.00740741,0.0740741,0.125926,0.00740741,0.659259,0.125926,4,Bug-957098a4-ddd5-4fd0-9365-1dcb3da9e3fe,1403892194826
160,0.01,0.95,0.01,0.01,0.01,0.01,1,Bug-87166302-a7e6-4763-89bb-0db95e2671af,1381797259067
161,0.0025974,0.428571,0.111688,0.0025974,0.257143,0.197403,1,Bug-99c6d351-2cf3-43bb-bed1-6ffcaf4b6034,1394849395738
162,0.0151515,0.893939,0.0151515,0.0151515,0.0454545,0.0151515,1,Bug-de25ffb5-dfc0-4bc9-b2a3-726229d92221,1410489065547
163,0.00840336,0.722689,0.210084,0.0168067,0.00840336,0.0336134,1,Bug-fdb2b80a-4a4b-4a51-9d4f-8d2aca178f39,1368210808871
164,0.00719424,0.165468,0.179856,0.107914,0.532374,0.00719424,4,Bug-d2cc3307-1e30-46c7-a3ad-2b8f2dcaa67f,1395433477539
165,0.00414938,0.86722,0.0373444,0.00414938,0.00414938,0.0829876,1,Bug-e8b0c161-ddf7-482f-b76a-a34430794925,1386124690635
166,0.0136986,0.794521,0.0547945,0.0273973,0.0958904,0.0136986,1,Bug-086e70c8-bdb4-4561-8542-ca4bc418ac75,1408416236135
167,0.101072,0.18683,0.111792,0.267994,0.111792,0.220521,3,Bug-08872c05-f462-478b-bfc1-cb17ec1b17e9,1387493854303
168,0.0138889,0.0277778,0.75,0.0138889,0.0138889,0.180556,2,Bug-924f6997-29e5-4683-8e69-0a63c20ff6ee,1382512157067
169,0.554167,0.0430556,0.0166667,0.00138889,0.329167,0.0555556,0,Bug-0c78cb4d-a428-4994-b2c3-67eed9a4e28d,1398985303431
170,0.0322581,0.0645161,0.612903,0.0645161,0.193548,0.0322581,2,Bug-96c5f0b4-04af-464c-a0fc-75bd7bf2fed2,1385478834808
171,0.030303,0.0909091,0.545455,0.030303,0.0909091,0.212121,2,Bug-456f9757-180c-4268-991f-3735e07651d8,1380269219551
172,0.030303,0.030303,0.666667,0.0606061,0.181818,0.030303,2,Bug-8bc4544c-bc11-4ab5-8393-f6175cdc224d,1380312582579
173,0.015748,0.34252,0.586614,0.0393701,0.00393701,0.011811,2,Bug-06d26ffa-350b-4fd0-a101-6a7880dc5ab6,1394488336911
174,0.00534759,0.0213904,0.395722,0.0427807,0.229947,0.304813,2,Bug-49332fb5-beac-4bef-a9f0-a5063f5e15fa,1331837582813
175,0.0769231,0.0769231,0.615385,0.0769231,0.0769231,0.0769231,2,Bug-7fcad857-ce0d-4e25-98eb-7423ff6a1c0e,1400607753452
176,0.00378788,0.0265152,0.825758,0.030303,0.0378788,0.0757576,2,Bug-5d7dd976-5c37-483e-a55a-3dfdd2456138,1399284656767
177,0.00666667,0.493333,0.346667,0.0533333,0.0933333,0.00666667,1,Bug-15483881-c497-406b-8fb7-98996821bd00,1397102948024
178,0.00344828,0.496552,0.424138,0.0172414,0.00344828,0.0551724,1,Bug-bec595d6-39f2-4586-871c-cb495e7bcdde,1300199561644
179,0.002079,0.0561331,0.264033,0.039501,0.494802,0.143451,4,Bug-58c3ae4c-2d4e-48ad-a552-edfea4f0e0b3,1409097251780
180,0.00233645,0.184579,0.329439,0.0257009,0.021028,0.436916,5,Bug-a67f8024-d438-41c3-a0a7-4820c1db1501,1398970620356
181,0.0121951,0.871951,0.097561,0.00609756,0.00609756,0.00609756,1,Bug-8515a795-8e71-4255-bdfb-5af17837eb73,1387207342649
182,0.00460829,0.0737327,0.368664,0.00921659,0.341014,0.202765,2,Bug-2b5346e0-2094-421d-8f9b-245b3e2757c6,1358209567982
183,0.00241546,0.0628019,0.166667,0.258454,0.507246,0.00241546,4,Bug-89669004-2974-4e3e-b71a-c13ddaf215f0,1389834178858
184,0.0625,0.0625,0.625,0.125,0.0625,0.0625,2,Bug-ff0b74e9-ea44-4ed2-ad58-ba367e1b6581,1375329104853
185,0.129187,0.253589,0.444976,0.0669856,0.0287081,0.076555,2,Bug-357ff341-d708-4eb1-b78a-dd726fe0287d,1380232356670
186,0.00132802,0.199203,0.0172643,0.00132802,0.436919,0.343958,4,Bug-4e6a6fe3-e5ae-433d-b620-36695bb71f8c,1404415098152
187,0.1,0.1,0.4,0.1,0.1,0.2,2,Bug-6f5dc9f5-304f-41e7-af26-671511975299,1403286856820
188,0.0117647,0.776471,0.117647,0.0117647,0.0117647,0.0705882,1,Bug-86437544-4def-4e7b-ab29-9e4e79577874,1394750065159
189,0.1,0.1,0.5,0.1,0.1,0.1,2,Bug-3d6005df-c355-4701-8d9d-5150a461e260,1366601218831
190,0.1,0.1,0.5,0.1,0.1,0.1,2,Bug-a7639c6c-1a39-4090-9b4e-dd7c45d537bc,1394231215614
191,0.1,0.2,0.4,0.1,0.1,0.1,2,Bug-523f3f58-a412-4309-87dd-cb2edcba06de,1394834606295
192,0.00260417,0.111979,0.03125,0.00520833,0.0078125,0.841146,5,Bug-55a07717-12ce-4e0a-892f-dd91bf6787a2,1407803226143
193,0.00763359,0.0763359,0.473282,0.0152672,0.419847,0.00763359,2,Bug-4802ab34-1ff3-4366-9303-bc16266b874d,1389223961682
194,0.0428571,0.871429,0.0142857,0.0428571,0.0142857,0.0142857,1,Bug-bec6c977-fe89-40bc-a82a-d09ad4306067,1365701353861
195,0.111111,0.111111,0.333333,0.111111,0.222222,0.111111,2,Bug-aa83f8f4-9242-4808-a6ac-0ada11dc04d8,1409239953382
196,0.00151976,0.18541,0.121581,0.0790274,0.413374,0.199088,4,Bug-05b5d387-ea93-433a-928c-d60a8207ca44,1394874613781
197,0.142857,0.285714,0.142857,0.142857,0.142857,0.142857,1,Bug-1058803b-b1a5-44f5-b8a5-79baa5f958a0,1408481705627
198,0.0140845,0.915493,0.028169,0.0140845,0.0140845,0.0140845,1,Bug-b3b79a00-bd27-4ab4-ab61-a91e56ffb120,1389763130904
199,0.00558659,0.368715,0.106145,0.0223464,0.49162,0.00558659,4,Bug-7f066a65-97ea-4ec9-8208-524c43401d6d,1388687817111
200,0.00384615,0.546154,0.334615,0.00769231,0.0384615,0.0692308,1,Bug-652586db-4fdb-4165-b782-2d866eaade8f,1408565677294
201,0.0257069,0.096401,0.700514,0.0784062,0.00642674,0.092545,2,Bug-8ff69680-7544-4e85-bc68-34b4df1033c4,1382678191449
202,0.0131579,0.342105,0.0789474,0.0263158,0.526316,0.0131579,4,Bug-4abe0403-0335-4745-b12b-5b671aaaeb44,1386568768261
203,0.0294118,0.0294118,0.529412,0.0588235,0.0294118,0.323529,2,Bug-b38b95a6-12e1-4c65-aba9-45428fbaac1d,1390256591044
204,0.00266667,0.0506667,0.024,0.00533333,0.0106667,0.906667,5,Bug-f1bfbd80-5a78-4c8e-ba9b-dd0c266cd8b7,1224714383553
205,0.136364,0.0454545,0.590909,0.136364,0.0454545,0.0454545,2,Bug-4369e2f4-2fb9-4142-ae2e-8e62e5846347,1369439236560
206,0.0151515,0.121212,0.681818,0.151515,0.0151515,0.0151515,2,Bug-a639ec01-f23c-45ac-8733-07ba76c48581,1410547652955
207,0.0136054,0.789116,0.163265,0.00680272,0.00680272,0.0204082,1,Bug-27ac0f5d-c3a8-4233-ba22-29a0d2578a5b,1395799165117
208,0.00793651,0.00793651,0.587302,0.015873,0.0555556,0.325397,2,Bug-8d51a565-a101-4c29-a134-2ca3aa39a161,1385165917488
209,0.015873,0.869841,0.101587,0.0031746,0.00634921,0.0031746,1,Bug-c75d9c2e-e565-4628-bcf1-87385d539762,1390493420708
210,0.00636943,0.152866,0.796178,0.0127389,0.0254777,0.00636943,2,Bug-6f4c2898-9fb0-488d-902b-c41b9c6842d1,1406160267809
211,0.125,0.125,0.125,0.125,0.375,0.125,4,Bug-351613ad-d8fc-4cc2-a234-472d69b8dca1,1347489605891
212,0.0154265,0.134301,0.401089,0.0562613,0.324864,0.0680581,2,Bug-78669e9f-a8eb-4bc2-9f37-0b7187ccc886,1384383705654
213,0.0238095,0.190476,0.571429,0.166667,0.0238095,0.0238095,2,Bug-22d02ee9-1404-4640-a448-9185d66e5f0a,1390908853511
214,0.00401606,0.658635,0.277108,0.0321285,0.0240964,0.00401606,1,Bug-bab853b3-75c7-4694-b579-ac0df7c9b2df,1362857517762
215,0.000834028,0.324437,0.282736,0.157631,0.0200167,0.214345,1,Bug-013d8957-332c-46ad-93b0-de1663d968b4,1376354176630
216,0.0196078,0.0196078,0.666667,0.137255,0.0196078,0.137255,2,Bug-35fd9b29-9bc2-4e31-aa5c-83a1e2625f61,1409569363409
217,0.0342857,0.0708571,0.0605714,0.693714,0.0971429,0.0434286,3,Bug-23a110e2-834d-4234-8557-0d7d918359af,1408072333426
218,0.00641026,0.0512821,0.564103,0.121795,0.00641026,0.25,2,Bug-21ee94b2-4bdf-465f-8b2f-b1b68aac3c77,1357872259869
219,0.00333333,0.0633333,0.756667,0.0933333,0.0566667,0.0266667,2,Bug-aed89c46-38aa-4ac0-a72b-32d882b2127a,1407787371663
220,0.0206612,0.194215,0.0247934,0.747934,0.00413223,0.00826446,3,Bug-bf4f6ccc-c116-4440-9606-d9d6d1029f44,1395804051692
221,0.0217391,0.0652174,0.804348,0.0217391,0.0217391,0.0652174,2,Bug-1a39b53c-84d4-47df-9d5a-504a659d1852,1402536079023
222,0.0106383,0.946809,0.0106383,0.0106383,0.0106383,0.0106383,1,Bug-d8167751-824b-4f63-a3c4-3b5c47e5b8ab,1397150209821
223,0.010101,0.949495,0.010101,0.010101,0.010101,0.010101,1,Bug-51690a2d-edcd-4e32-afa8-f11e6175de75,1401732816010
224,0.0458716,0.058104,0.623853,0.030581,0.0183486,0.223242,2,Bug-61b92270-a939-4a4d-a521-71ee4fa07e53,1371002832738
225,0.00606061,0.915152,0.00606061,0.0121212,0.0181818,0.0424242,1,Bug-07d22a9c-0453-4ef6-a3cf-441cc1185cae,1404857546612
226,0.00952381,0.00952381,0.742857,0.00952381,0.104762,0.12381,2,Bug-473bad40-69f9-496d-829e-6c231c6d85e2,1398291932923
227,0.125,0.125,0.375,0.125,0.125,0.125,2,Bug-b33979d7-6448-4d56-9e69-73cbb5caf94f,1410582771882
228,0.000974659,0.506823,0.0740741,0.0214425,0.167641,0.229045,1,Bug-c9b466c7-9ae2-41b2-ba96-f379722c780e,1375137016564
229,0.00328947,0.282895,0.0986842,0.00328947,0.608553,0.00328947,4,Bug-20c3a0f5-cbbf-4b80-baec-24c6129765ab,1395775753037
230,0.0420561,0.621495,0.142523,0.00233645,0.175234,0.0163551,1,Bug-72df3e4c-8cdd-4e06-bbd2-265b50577db8,1376530607534
231,0.0777351,0.534549,0.112284,0.247601,0.000959693,0.0268714,1,Bug-57099bda-71bd-482f-9f3e-69caaa056966,1407778487450
232,0.123711,0.0206186,0.690722,0.0309278,0.0515464,0.0824742,2,Bug-cd08c52f-6cc8-4918-af5b-8ebbbca68bdf,1384816061691
233,0.00515464,0.407216,0.0515464,0.0412371,0.489691,0.00515464,4,Bug-1db0fbf0-fb3f-4cd2-9efc-aed4cfa12b4c,1398726523413
234,0.0075188,0.736842,0.157895,0.0150376,0.075188,0.0075188,1,Bug-57ad0f82-6c42-4814-96d9-4041290aacd0,1375729300614
235,0.013597,0.53152,0.0210136,0.0148331,0.4178,0.00123609,1,Bug-941d5ca3-0dd9-4434-b938-3a5ba26432b4,1409095403184
236,0.125,0.125,0.25,0.125,0.25,0.125,2,Bug-5def4c5e-6bb3-4b26-892a-e6d595cde1b8,1373580243481
237,0.0140845,0.859155,0.056338,0.0140845,0.0422535,0.0140845,1,Bug-12f4dcd4-dd61-4281-9e15-2db6a01243be,1367589318769
238,0.05,0.1,0.7,0.05,0.05,0.05,2,Bug-43de47fc-7d77-49f7-a4d3-f676eaa176cd,1396475970929
239,0.0503364,0.293795,0.161226,0.439073,0.0147022,0.0408672,3,Bug-2e77c9b4-16d7-40b4-b1a9-3a6bd6628164,1400568466143
240,0.800464,0.157773,0.0382831,0.00116009,0.00116009,0.00116009,0,Bug-6310f416-5b05-4ec4-abe7-2c982c8fca79,1393281440763
241,0.01,0.82,0.1,0.01,0.05,0.01,1,Bug-ec100e4f-1ad3-4a0e-9422-3a0602175276,1370756844292
242,0.0232558,0.162791,0.674419,0.0465116,0.0697674,0.0232558,2,Bug-ae810794-a496-420f-918e-4e32e7771e8f,1351850729103
243,0.125786,0.597484,0.157233,0.0880503,0.0251572,0.00628931,1,Bug-c5a92e20-6a3f-4e51-8090-e46cc6839564,1373480291830
244,0.00772997,0.200721,0.00515331,0.13579,0.000772997,0.649833,5,Bug-dc7c29be-bfe0-45ec-9792-59fceaf363f3,1375489022679
245,0.00943396,0.764151,0.141509,0.00943396,0.00943396,0.0660377,1,Bug-79c22203-d0b2-4f38-8c29-5e05d96a4c15,1409694828736
246,0.0212766,0.0638298,0.574468,0.0212766,0.276596,0.0425532,2,Bug-4f4d04ba-f2b1-4b61-a091-3ce4ae66d658,1386857570893
247,0.0212766,0.106383,0.787234,0.0425532,0.0212766,0.0212766,2,Bug-0371bb98-12d4-443f-b7d9-c94c5937f08a,1393450416669
248,0.0125,0.7125,0.1375,0.1125,0.0125,0.0125,1,Bug-d7b9209c-4032-45b4-9735-ea19beeea617,1393492162612
249,0.01,0.95,0.01,0.01,0.01,0.01,1,Bug-1e5f06e4-7373-4d1d-955e-754b0bd7f46b,1363239766363
250,0.00383142,0.62069,0.0498084,0.00383142,0.00383142,0.318008,1,Bug-9a96e0a5-f68a-4347-ac85-0dee29ff3ad2,1393989376141
251,0.0122951,0.614754,0.22541,0.0122951,0.0245902,0.110656,1,Bug-f1273edc-7e6f-492d-9829-c1597096dbc8,1402096307402
252,0.00231481,0.0347222,0.157407,0.0162037,0.583333,0.206019,4,Bug-273b041a-2e4b-495e-9ff4-57515a4823c3,1409888169805
253,0.0200803,0.321285,0.261044,0.00401606,0.389558,0.00401606,4,Bug-f3fe8ac7-e76f-4902-870b-93d6c224045a,1323140273343
254,0.00854701,0.794872,0.136752,0.042735,0.00854701,0.00854701,1,Bug-8e800d34-37e9-4628-9de5-0aa88d00889d,1374711320895
255,0.010989,0.813187,0.10989,0.021978,0.032967,0.010989,1,Bug-22d585c3-8f4e-453d-a588-91331cc0e1af,1385592475285
256,0.00413223,0.85124,0.115702,0.00413223,0.00413223,0.0206612,1,Bug-b576c44b-4428-4fb4-9d4c-2fda128c5622,1391517460098
257,0.0052356,0.649215,0.183246,0.0942408,0.0052356,0.0628272,1,Bug-abab37b3-949a-42ab-8cc9-55fe9f9f72c6,1373759834213
258,0.0247619,0.464762,0.08,0.382857,0.00380952,0.0438095,1,Bug-2923a47f-ceb5-4167-8faa-00266b46d546,1391471187782
259,0.0833333,0.0833333,0.583333,0.0833333,0.0833333,0.0833333,2,Bug-d80d6263-45ae-4ff8-91d2-b0ff2d926803,1385428757416
260,0.0133333,0.933333,0.0133333,0.0133333,0.0133333,0.0133333,1,Bug-3b4013df-6834-46f6-b4ea-fabe549c3227,1400183526401
261,0.00724638,0.608696,0.333333,0.00724638,0.00724638,0.0362319,1,Bug-c5922af3-40e4-4db6-a9d8-9bd45f30e4ed,1348506767161
262,0.0136986,0.931507,0.0136986,0.0136986,0.0136986,0.0136986,1,Bug-2b14242d-5de7-4aa5-a847-95466b8be57c,1401499730236
263,0.111111,0.111111,0.444444,0.111111,0.111111,0.111111,2,Bug-b861156d-fc8f-4ed1-8668-9b4d9cbc3d99,1382574754289
264,0.142857,0.142857,0.142857,0.142857,0.285714,0.142857,4,Bug-eb94fc1e-0bf6-4bad-8151-43eea4792d61,1379995928376
265,0.0056899,0.452347,0.477952,0.0142248,0.0227596,0.027027,2,Bug-08530ea8-1fe3-445d-bf07-3179ef9c482c,1382939555404
266,0.0454545,0.0681818,0.704545,0.113636,0.0454545,0.0227273,2,Bug-0e1a5aac-2b86-46b7-8aff-0ea7b9f1c8bf,1402444132297
267,0.05,0.2,0.1,0.05,0.55,0.05,4,Bug-91cb0b7e-f26c-4b2a-a1a7-01aadcf3100d,1399368534977
268,0.2,0.3,0.1,0.2,0.1,0.1,1,Bug-36e6c07e-6b58-4ce6-bb60-0a911fd6eaf7,1382044095321
269,0.125,0.125,0.375,0.125,0.125,0.125,2,Bug-7a8617a6-dcfa-4b65-8d16-d0ba668ac59a,1320713845039
270,0.00786713,0.197552,0.0952797,0.181818,0.456294,0.0611888,4,Bug-a56894fb-9452-41c4-bc38-965da15214ee,1376493989591
271,0.0769231,0.0769231,0.615385,0.0769231,0.0769231,0.0769231,2,Bug-14eaee7f-53e9-4945-a267-0c31a352dd2f,1402357111731
272,0.00293255,0.495601,0.325513,0.0234604,0.00293255,0.14956,1,Bug-a5505c40-a5f2-4a94-b7d5-cc19f4e90658,1402078063659
273,0.0144928,0.927536,0.0144928,0.0144928,0.0144928,0.0144928,1,Bug-79c3b0f1-363e-41bd-ba89-d6d312951648,1381828803787
274,0.019802,0.910891,0.039604,0.00990099,0.00990099,0.00990099,1,Bug-91ce1184-efb7-42af-849d-ec1c2c9930aa,1386647171922
275,0.0707965,0.371681,0.00442478,0.00442478,0.544248,0.00442478,4,Bug-51fb6949-8e8d-43a9-85d9-95bd67889af5,1399108849466
276,0.0133333,0.933333,0.0133333,0.0133333,0.0133333,0.0133333,1,Bug-8c3b42e6-36e6-464a-b89d-5f04783fb657,1394646212908
277,0.0202578,0.151013,0.314917,0.0810313,0.429098,0.00368324,4,Bug-b7e2de7c-16ec-46fc-9e8f-d98d3092b652,1383804823911
278,0.00480769,0.0288462,0.716346,0.00480769,0.0528846,0.192308,2,Bug-14e090da-3dab-44aa-a44f-2705213f7394,1360012314236
279,0.0166667,0.916667,0.0166667,0.0166667,0.0166667,0.0166667,1,Bug-6cf72e49-b9f4-483c-b73b-4c3edc0df6c5,1225751981642
280,0.018018,0.774775,0.171171,0.00900901,0.018018,0.00900901,1,Bug-3dc687df-9c8b-4e4a-9d91-7bb4f75b60c6,1409568310606
281,0.2125,0.00416667,0.416667,0.0416667,0.075,0.25,2,Bug-3ccd8327-59e9-43e8-b526-6c30ea3ee0c6,1378608288650
282,0.00444444,0.00444444,0.808889,0.0844444,0.00444444,0.0933333,2,Bug-f98f1003-8a78-43a2-bdcc-cf23b722b842,1396293138842
283,0.0212766,0.0638298,0.680851,0.170213,0.0425532,0.0212766,2,Bug-fbebbc16-1839-42af-a323-6ea76c6247da,1371601669269
284,0.00913242,0.589041,0.269406,0.0182648,0.086758,0.0273973,1,Bug-9186b6a8-26fc-4476-9ec0-e51f4f3976c5,1405048459091
285,0.00775194,0.00775194,0.48062,0.0697674,0.00775194,0.426357,2,Bug-98ebf037-f6fd-4f63-b3a6-8cf79906f280,1379572874697
286,0.00662252,0.635762,0.327815,0.013245,0.00331126,0.013245,1,Bug-d31d66c2-2c19-4288-8242-cc7cf7221986,1410845640914
287,0.0163934,0.918033,0.0163934,0.0163934,0.0163934,0.0163934,1,Bug-e8f5664b-f2e7-49a8-8d5c-21d124fffde9,1382982401013
288,0.0227273,0.0909091,0.818182,0.0227273,0.0227273,0.0227273,2,Bug-a70dd55a-9a82-41dc-8414-534bdb62755b,1397175146648
289,0.044843,0.363229,0.216741,0.058296,0.00149477,0.315396,1,Bug-0b581584-a5d4-468d-bd4e-91da295422e1,1383819095368
290,0.0175439,0.526316,0.328947,0.0482456,0.00438596,0.0745614,1,Bug-7fe8f8a1-cc28-4731-b39a-f0f713e6700a,1367981552922
291,0.027027,0.891892,0.027027,0.00900901,0.00900901,0.036036,1,Bug-bfe2c313-35fb-4729-a70b-4c987efea6a8,1376441406070
292,0.00797872,0.308511,0.287234,0.00265957,0.390957,0.00265957,4,Bug-80bb78a1-5710-48dc-84df-0497a20e9ce1,1406532463278
293,0.0277778,0.0833333,0.666667,0.166667,0.0277778,0.0277778,2,Bug-97f97262-f801-490f-b0c4-2083b3e856cc,1379907474679
294,0.00358423,0.143369,0.00358423,0.00358423,0.842294,0.00358423,4,Bug-1133b775-006a-4049-9b84-796ac386e0ea,1383680495682
295,0.0117647,0.929412,0.0117647,0.0117647,0.0235294,0.0117647,1,Bug-b651f9a1-0f58-411b-90ec-8a707b22d2c0,1380325361457
296,0.2,0.3,0.2,0.1,0.1,0.1,1,Bug-0f4c8298-374d-4eea-ae3d-7b88182300e9,1409292158418
297,0.00151745,0.100152,0.701062,0.0227618,0.0440061,0.130501,2,Bug-010d9d26-8ad5-4593-9ace-4674b4dcf952,1391571980311
298,0.00210526,0.0442105,0.0652632,0.0231579,0.00210526,0.863158,5,Bug-09008b6e-2bb8-4b21-b824-f81919e35094,1393018284130
299,0.00671141,0.0805369,0.00671141,0.00671141,0.892617,0.00671141,4,Bug-2001b71a-51a8-4474-b643-6ab37773fdcd,1367627147979
300,0.00487805,0.858537,0.121951,0.00487805,0.00487805,0.00487805,1,Bug-333eba42-8675-4cba-b502-df3a72ab261d,1372824767752
301,0.0116959,0.105263,0.0467836,0.00584795,0.824561,0.00584795,4,Bug-8627a5dc-9e39-4d05-827d-ef2168f9b4ab,1381097327610
302,0.0135135,0.932432,0.0135135,0.0135135,0.0135135,0.0135135,1,Bug-17947393-ca8e-40b2-988a-00b69242ec21,1380692425042
303,0.334118,0.232941,0.0329412,0.00235294,0.378824,0.0188235,4,Bug-a6850815-1785-495c-aa4e-ffd43c0211c9,1375294845966
304,0.0614035,0.222222,0.447368,0.0467836,0.166667,0.0555556,2,Bug-94efa3c0-9e0a-4659-8188-b0c268ab3a9b,1373654174664
305,0.142857,0.142857,0.5,0.0714286,0.0714286,0.0714286,2,Bug-882cfbd0-f152-42ee-81a3-f02c6b8a83d6,1399080809540
306,0.00341297,0.0716724,0.494881,0.0136519,0.354949,0.0614334,2,Bug-1e8f2ce1-f94f-4f75-bdcd-12b819b97a03,1367090862120
307,0.142857,0.142857,0.142857,0.142857,0.285714,0.142857,4,Bug-7e2f27fb-3588-4469-9fa7-09ccf3757a4b,1313140054113
308,0.00934579,0.149533,0.140187,0.00934579,0.682243,0.00934579,4,Bug-91d827c2-1e7c-424a-bdfb-50d83dca9a60,1395949895983
309,0.0506329,0.164557,0.607595,0.0759494,0.0886076,0.0126582,2,Bug-0c9401ef-e7e0-4a47-8fc7-071aa9328152,1369100645412
310,0.0192308,0.269231,0.634615,0.0192308,0.0192308,0.0384615,2,Bug-2797203d-8643-4542-b6df-aef84895c473,1379398565008
311,0.00420168,0.0882353,0.121849,0.0294118,0.605042,0.151261,4,Bug-a1431b83-087f-46ee-a0ea-462232fb5d49,1365797867410
312,0.0284553,0.256098,0.650407,0.0284553,0.00406504,0.0325203,2,Bug-0fe28765-2f31-447d-97f4-6efa862b3a26,1366739157445
313,0.111111,0.111111,0.444444,0.111111,0.111111,0.111111,2,Bug-8748ed60-7df1-4eaf-8efb-5e6f68dde7d7,1392081651994
314,0.2,0.0333333,0.666667,0.0333333,0.0333333,0.0333333,2,Bug-a2892b68-7aa8-4503-97f7-49a45b71c5af,1394570311151
315,0.111111,0.333333,0.111111,0.111111,0.222222,0.111111,1,Bug-7af6046c-c673-4260-b528-3cbc2b9c7172,1374544183601
316,0.0833333,0.25,0.0833333,0.333333,0.0833333,0.166667,3,Bug-158b0087-b981-44b0-a847-4848235e6f7a,1409733391023
317,0.00819672,0.909836,0.0327869,0.00819672,0.0327869,0.00819672,1,Bug-ca49c17e-4eb8-4d0e-8cc1-971a075381a5,1393375965233
318,0.0625,0.0625,0.6875,0.0625,0.0625,0.0625,2,Bug-566d2099-8517-4c3c-b94f-60ce3d6ea830,1220562975596
319,0.028481,0.0474684,0.0474684,0.0379747,0.835443,0.00316456,4,Bug-578b2352-76c8-4044-8f96-2a80edb3bcda,1336499491898
320,0.0121951,0.792683,0.134146,0.0365854,0.0121951,0.0121951,1,Bug-a1f04293-32c9-44b2-96e6-06083792e7fe,1402090455590
321,0.0333333,0.333333,0.466667,0.0333333,0.1,0.0333333,2,Bug-1fe4ddad-3c9c-46c4-af27-71d8fca6966d,1396995943714
322,0.1,0.2,0.1,0.1,0.4,0.1,4,Bug-ff1d1d05-7550-4c66-b102-80b7b88c6ed8,1401987401825
323,0.002,0.676,0.086,0.002,0.002,0.232,1,Bug-b6986818-7981-470a-8f61-49812039503f,1370931640797
324,0.00534759,0.363636,0.0427807,0.00534759,0.57754,0.00534759,4,Bug-69eeb353-6518-4dfd-b58a-4f90a365539a,1373412106166
325,0.0209924,0.314885,0.248092,0.0400763,0.368321,0.00763359,4,Bug-474e922c-eaa0-4a05-b5ac-2121092271ab,1392291718449
326,0.0123967,0.359504,0.115702,0.00413223,0.504132,0.00413223,4,Bug-dad4d35b-a512-4706-abfe-e4d0f93f029c,1386628556586
327,0.0588235,0.117647,0.529412,0.0588235,0.117647,0.117647,2,Bug-ab67d019-8ecc-4c21-b078-2b8c53f2fdc1,1304163033677
328,0.0384615,0.0384615,0.769231,0.0769231,0.0384615,0.0384615,2,Bug-db339b26-08f6-409d-8466-7e8d610a7ee2,1409665192796
329,0.037037,0.0740741,0.703704,0.111111,0.037037,0.037037,2,Bug-f30aebef-1b45-4218-b278-a304416f2f9c,1335516931311
330,0.317014,0.390208,0.0227824,0.250606,0.000484731,0.0189045,1,Bug-17b9c617-6f19-44fb-8aff-d326106a6522,1394735949496
331,0.0037594,0.37594,0.537594,0.0037594,0.0037594,0.075188,2,Bug-d0ff3536-c48a-4896-bf5d-1bb2e5dfeaf8,1366835740762
332,0.00724638,0.543478,0.282609,0.0144928,0.00724638,0.144928,1,Bug-7b09b3b4-ea57-4310-bb53-84609311dff2,1393525125372
333,0.933962,0.063135,0.000725689,0.000725689,0.000725689,0.000725689,0,Bug-7de66863-98a4-49b5-888f-411b591c7a1a,1409347140637
334,0.0163934,0.885246,0.0655738,0.0163934,0.00819672,0.00819672,1,Bug-ba26f1a4-0f65-4b9e-9c07-3f91896e3c10,1406241044139
335,0.0526316,0.157895,0.631579,0.0526316,0.0526316,0.0526316,2,Bug-6517be54-d2bc-4cc5-8093-e8967094d236,1385496224528
336,0.0217391,0.0217391,0.326087,0.0217391,0.326087,0.282609,2,Bug-9ea02e59-ef3d-4ebd-a2c9-5e165ae45241,1403899630767
337,0.00884956,0.610619,0.0353982,0.00884956,0.0265487,0.309735,1,Bug-2f6d8175-760f-47f5-b86f-e8309ff7f0f4,1367589901158
338,0.0290698,0.247093,0.0813953,0.0203488,0.619186,0.00290698,4,Bug-ffae6c0c-f848-4069-9466-117b5a539fed,1405144119990
339,0.010101,0.949495,0.010101,0.010101,0.010101,0.010101,1,Bug-b473d59f-4c15-4867-962e-357a4815d83c,1399918909368
340,0.0210526,0.789474,0.157895,0.0105263,0.0105263,0.0105263,1,Bug-a3bcf06b-8c69-48f8-bb15-8120cd3d8595,1386809034227
341,0.0511945,0.726962,0.191126,0.00341297,0.0102389,0.0170648,1,Bug-4a6e02d5-9e2d-42fd-9d0d-306f5dd2afa8,1378174967946
342,0.217391,0.130435,0.478261,0.0434783,0.0434783,0.0869565,2,Bug-5eff3283-4334-4d5b-88fb-d5ab72736abe,1387802376454
343,0.137931,0.12069,0.603448,0.103448,0.0172414,0.0172414,2,Bug-8edd47d2-0fb3-4ffe-a9a6-bc51eae352cb,1396495418207
344,0.0119048,0.880952,0.0119048,0.0119048,0.0357143,0.047619,1,Bug-af23b06b-f58a-4673-b8dd-b6d3e05d265f,1394074426389
345,0.0718563,0.389222,0.00598802,0.00598802,0.520958,0.00598802,4,Bug-a858a415-1398-4c7a-9446-0ff04b5ec5b0,1394495974985
346,0.00280112,0.952381,0.0308123,0.00560224,0.00280112,0.00560224,1,Bug-a11ce7ee-a0b1-4162-8b4e-75d0cbfc0e6d,1384816486289
347,0.1,0.1,0.5,0.1,0.1,0.1,2,Bug-eac06483-e0a3-464d-b617-e6f198af700f,1350443887183
348,0.015873,0.920635,0.015873,0.015873,0.015873,0.015873,1,Bug-50d11ab5-29bd-4ce2-8802-d8830e6a8ebf,1395271095293
349,0.520627,0.110561,0.0280528,0.259901,0.0519802,0.0288779,0,Bug-b05aee3d-a8f3-463b-85e2-662b42b6736e,1381202323843
350,0.05,0.371429,0.442857,0.0214286,0.05,0.0642857,2,Bug-8709f19f-ed11-4be2-87bf-680a172c2bbe,1386190381631
351,0.00446429,0.0223214,0.651786,0.125,0.00446429,0.191964,2,Bug-074643a3-4257-4762-8682-bd5eded8a890,1353962272678
352,0.047619,0.047619,0.52381,0.047619,0.285714,0.047619,2,Bug-6b7adcc2-e994-46a0-ac03-139cb55f872a,1385665571193
353,0.0120482,0.939759,0.0120482,0.0120482,0.0120482,0.0120482,1,Bug-ab1d8bfe-a98e-4da2-832d-b2d23b3330d8,1386746519615
354,0.033557,0.912752,0.033557,0.00671141,0.00671141,0.00671141,1,Bug-b373e2cb-2d2a-446a-a2a3-bb1e7cbd79dd,1366755958856
355,0.123077,0.102564,0.153846,0.00512821,0.594872,0.0205128,4,Bug-413baec3-69c5-4a8a-a33a-7ecd6966beef,1398361725809
356,0.0818054,0.0103432,0.553362,0.209685,0.0324401,0.112365,2,Bug-e71ce6b3-702a-46b4-9eec-ee97cb666f5a,1398815343439
357,0.0714286,0.0357143,0.178571,0.392857,0.285714,0.0357143,3,Bug-0b92fe99-7589-45ef-a981-c2dea305c356,1376152505267
358,0.00352113,0.71831,0.21831,0.00352113,0.00352113,0.0528169,1,Bug-2232a53b-3c84-490f-a6cd-82a998389e28,1402889074785
359,0.111888,0.034965,0.713287,0.0839161,0.027972,0.027972,2,Bug-adacdc33-ff4d-4ab4-8237-4953070d14a0,1363899204262
360,0.0208333,0.597222,0.305556,0.00694444,0.00694444,0.0625,1,Bug-0fe60aca-90e1-48f1-bb31-982db23a3e8d,1394489083701
361,0.05,0.05,0.5,0.2,0.15,0.05,2,Bug-98ff4d08-e14e-4891-8472-39d82ef53c2b,1408755518594
362,0.0344828,0.0689655,0.724138,0.0344828,0.0344828,0.103448,2,Bug-d99ee615-97b2-4c3e-add7-5a71f17cb480,1398209225280
363,0.00555556,0.516667,0.0388889,0.00555556,0.161111,0.272222,1,Bug-1149ac66-fe34-40aa-9296-8323997fe008,1368478125529
364,0.008,0.696,0.272,0.008,0.008,0.008,1,Bug-29f64d25-36ca-4af0-a8d5-1776ad6d2502,1405465269623
365,0.005,0.735,0.15,0.025,0.005,0.08,1,Bug-48b250e0-8efd-4e00-888b-013496b7b9ce,1364515532613
366,0.142857,0.142857,0.142857,0.142857,0.285714,0.142857,4,Bug-d9a2439c-7b95-4a8b-8c18-c3254eaa822a,1371752093825
367,0.0019802,0.324752,0.251485,0.0019802,0.417822,0.0019802,4,Bug-125feaa6-9e57-45f0-864e-93af31e1419c,1393631990503
368,0.753846,0.172308,0.0507692,0.00153846,0.00153846,0.02,0,Bug-0b5d4cba-8659-48aa-bdd4-9d72a901b7fd,1391587698356
369,0.0117647,0.941176,0.0117647,0.0117647,0.0117647,0.0117647,1,Bug-364e7d02-f8bf-4881-904e-1cf298c5c420,1383333828263
370,0.0564516,0.116935,0.391129,0.0887097,0.294355,0.0524194,2,Bug-1729a28d-728d-4263-9515-a0302c81975a,1395910534373
371,0.1,0.1,0.4,0.1,0.2,0.1,2,Bug-b7e166e1-9464-4cb6-a23f-9a01f1303cbf,1382996752958
372,0.00378788,0.30303,0.0189394,0.00378788,0.0113636,0.659091,5,Bug-8e5ce13d-dc9d-49ac-92c3-7a4ba4b6590e,1398210473148
373,0.0252918,0.274319,0.529183,0.0233463,0.00972763,0.138132,2,Bug-76e2276c-0c21-4648-b5bc-1e6c3d7c8ba3,1400026892377
374,0.125,0.25,0.25,0.125,0.125,0.125,1,Bug-31f53179-8848-494d-914b-a11f459dc72e,1379724100087
375,0.00442478,0.862832,0.10177,0.0221239,0.00442478,0.00442478,1,Bug-897ae3b0-7120-4c3a-8700-176733bf78d9,1398378820317
376,0.0149254,0.880597,0.0597015,0.0149254,0.0149254,0.0149254,1,Bug-7a07f208-a68e-4eee-afc9-39ac3d69084a,1408574107439
377,0.556936,0.210145,0.0859213,0.13147,0.0010352,0.0144928,0,Bug-b6fa1ab6-0a33-490c-9ddb-d908f1a28082,1396460976484
378,0.00609756,0.945122,0.0182927,0.00609756,0.0121951,0.0121951,1,Bug-8ace1c80-35cc-4f2d-b33c-0a098bc6a230,1380844631641
379,0.0555556,0.111111,0.388889,0.0555556,0.166667,0.222222,2,Bug-8b7f5542-b1f3-4497-a9ea-a1e218d58e68,1405469284142
380,0.00473934,0.895735,0.0805687,0.00947867,0.00473934,0.00473934,1,Bug-fb4f0c93-87f3-4a2c-b806-525e17e10713,1372810691190
381,0.857143,0.131062,0.0078637,0.00131062,0.00131062,0.00131062,0,Bug-15917cda-4841-4ef7-9f8f-1dfebfa7542f,1396515721566
382,0.136364,0.0227273,0.532828,0.0707071,0.0757576,0.161616,2,Bug-61ad8112-c3f9-4ecd-a996-1cd599212f0b,1370430361275
383,0.142857,0.142857,0.142857,0.142857,0.285714,0.142857,4,Bug-4a85d354-d77f-4af0-a261-6313b6dd56d1,1376445150960
384,0.00909091,0.790909,0.0454545,0.0272727,0.00909091,0.118182,1,Bug-71301980-e2b5-422d-b0f4-3071a7c3104e,1381859112928
385,0.00344828,0.296552,0.0965517,0.0448276,0.0103448,0.548276,5,Bug-2b0c0efc-4e35-4c95-8fc6-e8bea7977d84,1395430007244
386,0.0714286,0.142857,0.571429,0.0714286,0.0714286,0.0714286,2,Bug-72e7b6e7-053c-49b4-8cf7-4938e9cc11d6,1381855852307
387,0.040858,0.134831,0.020429,0.657814,0.144025,0.0020429,3,Bug-63c92001-2019-4b23-904a-eed64cc3f73d,1381355236277
388,0.109677,0.645161,0.109677,0.122581,0.00645161,0.00645161,1,Bug-b1fdb0f2-8d55-4c08-b81d-239a2b737ea2,1410567620758
389,0.142857,0.142857,0.142857,0.142857,0.285714,0.142857,4,Bug-b88c938f-91f5-432c-bd41-82b28d9b0124,1392364802072
390,0.00775194,0.0310078,0.310078,0.0775194,0.271318,0.302326,2,Bug-78617785-39f6-4819-a38d-207786f9bda8,1388630813259
391,0.010279,0.286344,0.00146843,0.694567,0.00146843,0.00587372,3,Bug-c3b4bce7-c0a0-4712-a4c1-b35a50297bac,1380739895728
392,0.013986,0.0853147,0.144056,0.412587,0.288112,0.0559441,3,Bug-d3ca9f74-f147-4c00-9056-a231d48d11ee,1387334267844
393,0.0210526,0.663158,0.284211,0.0105263,0.0105263,0.0105263,1,Bug-5f0a3182-f87a-4781-ba19-300b6185d3d3,1408429556630
394,0.0377358,0.632075,0.207547,0.103774,0.00943396,0.00943396,1,Bug-817de60f-77db-4c59-9783-dafbedbc2e0e,1336775111145
395,0.0070922,0.921986,0.0425532,0.0070922,0.0141844,0.0070922,1,Bug-2816cb00-daae-4b9a-ad18-dbb28a8c2d28,1379651789581
396,0.495063,0.24189,0.0987306,0.141044,0.00564175,0.0176305,0,Bug-d83e39a6-91df-4af5-b746-b02d9b1ed4a8,1403835916171
397,0.00515464,0.850515,0.0824742,0.0309278,0.0257732,0.00515464,1,Bug-547bdc3f-ef5c-44a2-9ca3-fe1898ff9540,1381357304111
398,0.00155642,0.303502,0.0389105,0.00544747,0.375875,0.274708,4,Bug-50623519-6f77-4800-848f-6f5a94ee039f,1394776707265
399,0.0215208,0.142037,0.467719,0.342898,0.00430416,0.0215208,2,Bug-57c043ac-ae27-41f0-ab2a-a5f7658db09e,1407727910061
400,0.0400844,0.274262,0.193038,0.254219,0.0580169,0.18038,1,Bug-b8cd30b9-51a7-4286-a050-f3a1cff25f6e,1394657953521
401,0.00917431,0.0733945,0.779817,0.0458716,0.00917431,0.0825688,2,Bug-18f4b691-7176-45a6-b78c-a763ee52dd69,1375174045073
402,0.004329,0.004329,0.748918,0.038961,0.004329,0.199134,2,Bug-b640e7cc-2168-4339-aad7-9c0ad5d5f6e2,1390449982933
403,0.011236,0.94382,0.011236,0.011236,0.011236,0.011236,1,Bug-6bbf0ee5-dea7-4e86-9785-175f47d3970f,1391638448507
404,0.0151515,0.106061,0.742424,0.0757576,0.0151515,0.0454545,2,Bug-22c49106-96bb-4750-ba44-93a73aa0f694,1394431733294
405,0.1,0.1,0.4,0.1,0.1,0.2,2,Bug-d732a876-1bac-46d3-83d4-76c6ea357dc6,1390376604721
406,0.003003,0.723724,0.213213,0.042042,0.012012,0.00600601,1,Bug-e9e36488-d185-46af-9760-902f2f3cdca6,1385495761636
407,0.142857,0.142857,0.285714,0.142857,0.142857,0.142857,2,Bug-f63cb75a-3674-4c04-8ce1-78a9ee2abae8,1368597476353
408,0.0140845,0.816901,0.112676,0.0140845,0.0140845,0.028169,1,Bug-52382ff0-2de8-4c52-9631-ed69330d65bf,1392624114088
409,0.00806452,0.846774,0.112903,0.00806452,0.00806452,0.016129,1,Bug-a9d5ce67-886f-4a13-b58b-eb06066cbed9,1400185546847
410,0.00621118,0.0621118,0.161491,0.270186,0.496894,0.00310559,4,Bug-26f88a31-e8ca-4ccf-9990-0a972ab3170d,1410263273347
411,0.1,0.5,0.1,0.1,0.1,0.1,1,Bug-8454ab0e-6ce0-425e-a61f-7f512ee504ca,1409619996483
412,0.00657895,0.848684,0.125,0.00657895,0.00657895,0.00657895,1,Bug-625156d6-985e-41ec-9ad3-fa9caa45c917,1378457021449
413,0.0526316,0.0526316,0.684211,0.0526316,0.105263,0.0526316,2,Bug-660e68b2-ca51-4c8b-8930-8272de3565de,1377043642634
414,0.00584795,0.230994,0.105263,0.00292398,0.555556,0.0994152,4,Bug-b758604a-c1f2-4e23-bd5e-bfb4ba563016,1378882127277
415,0.00862069,0.525862,0.293103,0.00862069,0.00862069,0.155172,1,Bug-4986ace7-21c4-4d76-a1ef-8829e9b8193d,1386028300793
416,0.0588235,0.0588235,0.705882,0.0588235,0.0588235,0.0588235,2,Bug-63df6c46-9799-4ab1-8b11-5ff61d4b5efa,1371459723128
417,0.00712589,0.38559,0.153603,0.327791,0.000791766,0.125099,1,Bug-cf618e00-c301-44ca-b8a4-702729270236,1375337340304
418,0.0984848,0.121212,0.568182,0.0227273,0.0757576,0.113636,2,Bug-be68ad4a-b137-41a4-b4e5-9d1f8734197a,1396924240944
419,0.0130719,0.562092,0.372549,0.0261438,0.00653595,0.0196078,1,Bug-b4b2bb91-debe-412d-8b40-195ecab1a97a,1399405010665
420,0.0625,0.0625,0.6875,0.0625,0.0625,0.0625,2,Bug-e7d484e5-2658-4d1f-b4c9-37550f5a07c8,1327480207629
421,0.0195599,0.0464548,0.420538,0.212714,0.183374,0.117359,2,Bug-e9e13f60-282f-46ba-80f3-7868ccc9781e,1407117192660
422,0.012987,0.896104,0.012987,0.012987,0.0519481,0.012987,1,Bug-937d4bdd-0069-455d-8a48-50975a96a2ce,1396472064650
423,0.0103093,0.865979,0.0412371,0.0103093,0.0206186,0.0515464,1,Bug-8c892956-0728-4a48-a916-fa000849e44b,1383085049286
424,0.0105263,0.947368,0.0105263,0.0105263,0.0105263,0.0105263,1,Bug-329eafa7-a640-48b0-893c-da43e3ec68ae,1396470986528
425,0.0214286,0.671429,0.121429,0.00714286,0.0785714,0.1,1,Bug-551f4cf3-777d-4678-b609-c62c4603b2ee,1365187751375
426,0.0178571,0.0892857,0.196429,0.0178571,0.660714,0.0178571,4,Bug-546f8f86-8ff9-4243-907a-e4f421f28bfc,1381708187919
427,0.125,0.125,0.25,0.125,0.125,0.25,2,Bug-ada33cab-61bf-4d5f-bfbf-6ee79b10820b,1364803409786
428,0.0769231,0.0769231,0.384615,0.307692,0.0769231,0.0769231,2,Bug-2b919a7f-c6a2-4e66-a026-884041a557a1,1350202251856
429,0.0227273,0.113636,0.636364,0.0227273,0.181818,0.0227273,2,Bug-4fb7453f-89bf-4b69-bd37-64418644d977,1382503261316
430,0.00231481,0.414352,0.0138889,0.025463,0.00231481,0.541667,5,Bug-25f31181-98ac-46d5-87ea-af68b1558b7d,1368809781166
431,0.0210112,0.118188,0.099803,0.61392,0.0807617,0.0663165,3,Bug-a52958a4-9395-460a-88e3-1554ae10d3ec,1352357966901
432,0.00195312,0.0273438,0.140625,0.0078125,0.00195312,0.820312,5,Bug-0bd3a7e9-9d18-4268-985d-5fcb947fcf66,1397592390073
433,0.0769231,0.0769231,0.615385,0.0769231,0.0769231,0.0769231,2,Bug-371540d4-3836-404f-aa9c-4a1d83018017,1401382158390
434,0.00806452,0.943548,0.00806452,0.00806452,0.0241935,0.00806452,1,Bug-178c37f2-3162-4340-854b-049fa16d9d4c,1403286567246
435,0.0175439,0.263158,0.421053,0.263158,0.0175439,0.0175439,2,Bug-71a4867f-2918-405b-9399-6cff49925d43,1405330938302
436,0.0242525,0.101993,0.193688,0.374419,0.226246,0.079402,3,Bug-c14c30e0-971a-412a-b59b-a4b621abc4a2,1408687451799
437,0.0114943,0.83908,0.0114943,0.0114943,0.0114943,0.114943,1,Bug-806bb150-c6fa-4bf4-9bdb-1039142fdf37,1410382123603
438,0.0114943,0.942529,0.0114943,0.0114943,0.0114943,0.0114943,1,Bug-e6607cdb-8f3f-4920-9df1-2055d8b6877b,1382575278522
439,0.00717703,0.400319,0.0494418,0.242424,0.00717703,0.293461,1,Bug-d956e915-6728-49ae-803d-7641f94218a1,1404254530806
440,0.0454545,0.0454545,0.545455,0.0909091,0.0454545,0.227273,2,Bug-7a3817c3-6583-4661-977e-f9bf1ff2faba,1394284970044
441,0.00195695,0.872798,0.0136986,0.00391389,0.00195695,0.105675,1,Bug-314fb5b7-08c7-4b70-a62a-dc6ba114cc4c,1394073658649
442,0.142857,0.142857,0.142857,0.142857,0.285714,0.142857,4,Bug-f982abbb-ec18-4b32-9183-e704bbb6bc49,1395336029534
443,0.0108696,0.945652,0.0108696,0.0108696,0.0108696,0.0108696,1,Bug-b8a4c216-c051-4e3b-9867-0583e2dcff6a,1370752611106
444,0.0176211,0.444934,0.0792952,0.00440529,0.449339,0.00440529,4,Bug-52744416-c10f-4a85-ae2f-ed29fe93cea7,1401258679819
445,0.00207469,0.431535,0.0352697,0.00414938,0.00207469,0.524896,5,Bug-26c3e9af-388e-4442-9ed9-8968050714f9,1386641309660
446,0.0185185,0.185185,0.0185185,0.0185185,0.722222,0.037037,4,Bug-d388ce22-ed1f-4f45-80ba-746bc6ea60aa,1373753856510
447,0.0128755,0.0257511,0.845494,0.0686695,0.00429185,0.0429185,2,Bug-2f0ec494-7218-42e8-824c-67a2addde0e5,1384850563449
448,0.00244499,0.244499,0.0782396,0.00244499,0.669927,0.00244499,4,Bug-c16e10df-4a4f-486a-b502-5c5df324b7c3,1388993422003
449,0.00271003,0.382114,0.00271003,0.00271003,0.482385,0.127371,4,Bug-12faf538-d713-4807-a14f-0e48cf755531,1372224835910
450,0.1,0.2,0.4,0.1,0.1,0.1,2,Bug-6130795a-b210-46a7-b808-b4667d395629,1410292224602
451,0.0042735,0.333333,0.128205,0.0042735,0.525641,0.0042735,4,Bug-88b39967-dd8b-4959-bf24-c0da8f04c659,1394647247859
452,0.00564972,0.112994,0.163842,0.0282486,0.683616,0.00564972,4,Bug-e711d276-7e40-4195-997d-38416b33a31a,1374251829699
453,0.0126582,0.0126582,0.746835,0.101266,0.0126582,0.113924,2,Bug-14725939-a0a4-4ee4-aa29-9b0c07523efd,1400977842117
454,0.0322581,0.171216,0.230769,0.548387,0.00248139,0.0148883,3,Bug-92b493b5-e496-4484-bcd9-5ca8768ba17e,1408591589661
455,0.0294118,0.0294118,0.794118,0.0882353,0.0294118,0.0294118,2,Bug-50676ac8-3918-47b8-bcda-45bb9e7d0252,1363249005319
456,0.111111,0.111111,0.333333,0.111111,0.222222,0.111111,2,Bug-c2331578-115a-4257-b28b-980bebc7f24f,1379021172954
457,0.0833333,0.0833333,0.583333,0.0833333,0.0833333,0.0833333,2,Bug-c83829e7-f975-42fa-b730-f2e1e823e7c9,1387577912424
458,0.00757576,0.628788,0.340909,0.00757576,0.00757576,0.00757576,1,Bug-0157e5a9-ba3a-485c-9c87-83acb7120f51,1367623686146
459,0.0769231,0.153846,0.230769,0.0769231,0.384615,0.0769231,4,Bug-ffbc67c4-ca4c-454c-90a3-ae472e001d37,1366922899616
460,0.0288462,0.836538,0.0961538,0.00961538,0.00961538,0.0192308,1,Bug-facf2f1f-b622-4f10-ac37-afed3049cb66,1408766842354
461,0.0769231,0.0769231,0.615385,0.0769231,0.0769231,0.0769231,2,Bug-f28d398d-dd4c-45bd-a1a8-1c2abbe8685d,1389307756091
462,0.142857,0.142857,0.285714,0.142857,0.142857,0.142857,2,Bug-fb305422-1196-4c35-8a54-5c07a3ef555e,1408161301846
463,0.0147059,0.102941,0.352941,0.0441176,0.382353,0.102941,4,Bug-7e0a3662-c012-4129-9a8d-628c91517f9d,1393977527366
464,0.0151515,0.924242,0.0151515,0.0151515,0.0151515,0.0151515,1,Bug-b75570b4-74e6-471e-ab13-fe2ff21bd0f5,1400546214774
465,0.889843,0.0715308,0.0300429,0.00572246,0.00143062,0.00143062,0,Bug-fbd14651-2e60-4c5d-ae22-23c954a4a827,1373946591888
466,0.522532,0.273605,0.156652,0.00107296,0.00107296,0.0450644,0,Bug-03b3fa7a-5971-4e3c-a85a-85298d8742d1,1397517550237
467,0.0820896,0.0597015,0.410448,0.313433,0.0895522,0.0447761,2,Bug-22955689-a45c-45ad-a1c4-df6c03a6199d,1368581150958
468,0.000636943,0.244586,0.0146497,0.000636943,0.000636943,0.738854,5,Bug-9a386b51-bd1a-406e-ba2b-0465e8969180,1396486212360
469,0.008,0.008,0.288,0.008,0.008,0.68,5,Bug-add81615-cb4f-49ac-b1f7-32a6609ce2c9,1381460205565
470,0.0264901,0.00662252,0.913907,0.013245,0.00662252,0.0331126,2,Bug-b89e2cdd-889a-42bf-8e04-96b5ce86fc86,1383553990544
471,0.00943396,0.90566,0.0471698,0.00943396,0.00943396,0.0188679,1,Bug-e4434342-3400-452c-80eb-972be9791228,1393574161512
472,0.0416667,0.25,0.583333,0.0416667,0.0416667,0.0416667,2,Bug-c6bee06a-c337-4010-81da-242cd99ae542,1318932504547
473,0.0555556,0.222222,0.5,0.0555556,0.111111,0.0555556,2,Bug-6078fa3c-680f-47e2-89c2-b4275ff76834,1378800550987
474,0.00465116,0.386047,0.00465116,0.00465116,0.595349,0.00465116,4,Bug-10edaac2-baad-4c90-b4c9-17f5adc1d632,1407378114989
475,0.00852878,0.157783,0.321962,0.0277186,0.255864,0.228145,2,Bug-1494c6df-516c-48bf-a3e1-bd3cb74037e9,1402673470737
476,0.352941,0.0588235,0.0588235,0.411765,0.0588235,0.0588235,3,Bug-e11f68c0-21f7-47de-a503-3941fb04c516,1390993512250
477,0.015873,0.920635,0.015873,0.015873,0.015873,0.015873,1,Bug-195422e1-2bfc-4134-b0ac-76ca7ac6d6f0,1375487227384
478,0.0185185,0.0740741,0.592593,0.0925926,0.203704,0.0185185,2,Bug-43998e50-413e-4cf8-a765-9a7299acaec3,1375604797529
479,0.0555556,0.0555556,0.611111,0.0555556,0.0555556,0.166667,2,Bug-6459f767-95da-4d56-bde4-d8cd0dcd8340,1401557979069
480,0.0713477,0.203851,0.490374,0.0577576,0.105323,0.0713477,2,Bug-30986607-934b-43be-96df-99439576bd80,1380771344074
481,0.575328,0.362445,0.00327511,0.010917,0.0174672,0.0305677,0,Bug-a2066313-f51f-4cbf-90c5-29be8a04c8e9,1380988005016
482,0.00591716,0.502959,0.301775,0.035503,0.0414201,0.112426,1,Bug-56c19f89-5ddb-47c8-b819-710f753f5bd0,1408407715613
483,0.0714286,0.0714286,0.5,0.214286,0.0714286,0.0714286,2,Bug-b4fd8865-f594-49ba-87b7-fd56ed1c3ef3,1396650129234
484,0.0769231,0.0769231,0.307692,0.0769231,0.384615,0.0769231,4,Bug-734c4712-a80e-4516-bcf1-a49270708758,1381953721123
485,0.0869565,0.173913,0.565217,0.0434783,0.0869565,0.0434783,2,Bug-a813c001-b1fe-489d-8fc6-a15ef88a4798,1401492062586
486,0.00497512,0.41791,0.0845771,0.0149254,0.00497512,0.472637,5,Bug-c9f61c8c-74c9-4a5e-aaea-79c007376d77,1407988726333
487,0.00737101,0.692875,0.277641,0.014742,0.004914,0.002457,1,Bug-60c6d7d9-98e9-44a4-a6ae-c52b5f548d67,1384365866919
488,0.00917431,0.0275229,0.53211,0.284404,0.0733945,0.0733945,2,Bug-b92f1e24-835f-4802-a1ff-90894be066b3,1300454649398
489,0.848404,0.148936,0.000664894,0.000664894,0.000664894,0.000664894,0,Bug-55b4716a-92db-4e65-8c2e-be9a0ed43e22,1394499791897
490,0.00125471,0.258469,0.171895,0.0276035,0.00125471,0.539523,5,Bug-61976db0-c9c4-4301-9ca3-e8072ac38851,1392143152546
491,0.760938,0.167187,0.0609375,0.0015625,0.0015625,0.0078125,0,Bug-e45ac300-060a-4b1f-84bd-ab858a32a678,1410558277987
492,0.00821918,0.758904,0.134247,0.0438356,0.0219178,0.0328767,1,Bug-17bd6087-90a2-4c64-b2f7-fcf7d89eb6a7,1372220443432
493,0.00826446,0.942149,0.0165289,0.00826446,0.0165289,0.00826446,1,Bug-ea74f867-d7f5-4a78-816c-59f1886953af,1380233421742
494,0.0124611,0.641745,0.196262,0.00934579,0.00934579,0.130841,1,Bug-210b0389-5621-4d2f-8669-0679f65ec162,1380689961053
495,0.142857,0.285714,0.142857,0.142857,0.142857,0.142857,1,Bug-a0f5fb23-c929-4c33-a17a-8d25837a666c,1394036903462
496,0.125,0.125,0.125,0.125,0.375,0.125,4,Bug-13c87f2c-6517-40aa-ae78-06bbbfbe9641,1345094430000
497,0.03125,0.1125,0.64625,0.0175,0.0125,0.18,2,Bug-dd46d66e-1da7-49ba-870d-84bc8992cf4c,1405446777927
498,0.0909091,0.0909091,0.545455,0.0909091,0.0909091,0.0909091,2,Bug-9f25c1d7-1590-4910-8d5a-2c26445ee45a,1396893334135
499,0.0196078,0.882353,0.0686275,0.00980392,0.00980392,0.00980392,1,Bug-8934edd9-da02-4903-a21f-1f64dd5c1542,1410387083669
500,0.00973236,0.128143,0.0121655,0.237632,0.278994,0.333333,5,Bug-9d36e932-34e6-423e-bcc5-044212286f4f,1367549953455
501,0.047619,0.047619,0.571429,0.238095,0.047619,0.047619,2,Bug-7f258d79-0ce8-41c4-a416-919ec5fcd941,1371234437122
502,0.00162075,0.0405186,0.494327,0.0632091,0.309562,0.0907618,2,Bug-e107230b-74ca-4003-91fe-1e11dd608d53,1390870389994
503,0.125,0.125,0.375,0.125,0.125,0.125,2,Bug-24d91518-8d66-4520-8e8f-f4d25502c658,1387306648643
504,0.015873,0.904762,0.015873,0.015873,0.031746,0.015873,1,Bug-e6ae9a74-c1e2-45dc-88ae-f3cbcdd5a4c5,1388792857965
505,0.0106762,0.886121,0.0640569,0.00711744,0.0284698,0.00355872,1,Bug-cfcdea35-a046-4c33-b4a3-840a3dee7af7,1370537670032
506,0.0154639,0.57732,0.381443,0.00515464,0.0154639,0.00515464,1,Bug-beab1697-8625-43ee-955c-6eb17d0bd3b3,1390518737061
507,0.0119048,0.940476,0.0119048,0.0119048,0.0119048,0.0119048,1,Bug-1238e6f2-cd74-45d1-87b3-c7fadcd18939,1384469612714
508,0.0357143,0.0357143,0.607143,0.0357143,0.25,0.0357143,2,Bug-78ea1f4c-53b1-469e-a919-b5ad49547c21,1366400581985
509,0.00735294,0.0808824,0.573529,0.132353,0.00735294,0.198529,2,Bug-ba9fcdc9-2939-498d-abc4-058e7dc97896,1407269422087
510,0.00574713,0.0747126,0.666667,0.109195,0.00574713,0.137931,2,Bug-8adaa4c3-7f34-4f19-bf3e-4c3af0680e9b,1389390068068
511,0.077551,0.273469,0.359184,0.0571429,0.183673,0.0489796,2,Bug-9e6b57ff-5ca3-4991-8b43-bd60ee220bd6,1378398688063
512,0.0147059,0.0882353,0.191176,0.0147059,0.676471,0.0147059,4,Bug-7d11f334-ec1c-4604-8df3-f0ba9dcced80,1379963410656
513,0.142857,0.285714,0.142857,0.142857,0.142857,0.142857,1,Bug-d588d62d-df5a-4cb6-9b32-0c762422a0b5,1387282360333
514,0.0549645,0.425532,0.161348,0.0283688,0.301418,0.0283688,1,Bug-e9e8219a-c25a-43ee-a176-b59c7b114da7,1385520519478
515,0.1,0.1,0.5,0.1,0.1,0.1,2,Bug-b39c527e-6bda-4764-825c-d5f2efb49884,1398733436579
516,0.037037,0.037037,0.518519,0.296296,0.037037,0.0740741,2,Bug-0cb1c419-db63-4dc6-9ffd-e2c20a4956c8,1368984097528
517,0.166667,0.16092,0.00287356,0.557471,0.00287356,0.109195,3,Bug-67d35f3a-14d5-40aa-9c0a-e257d41ec823,1383177803599
518,0.0258621,0.721264,0.195402,0.0344828,0.0201149,0.00287356,1,Bug-aee2f5d5-b624-4080-8556-e601b15e848e,1376774701812
519,0.00249169,0.0531561,0.37237,0.0800111,0.331949,0.160022,2,Bug-b3b0cc9d-8ff8-4579-9ee3-bafe936991c7,1409844216113
520,0.0909091,0.0909091,0.545455,0.0909091,0.0909091,0.0909091,2,Bug-f8ba396c-e384-4d48-acf3-7c0d38edbdf2,1406577853874
521,0.860158,0.0593668,0.0765172,0.00131926,0.00131926,0.00131926,0,Bug-fd009170-2e21-4a2d-92dc-2008e441b735,1380692986526
522,0.00425532,0.289362,0.408511,0.0170213,0.276596,0.00425532,2,Bug-c6f166d0-3401-4a18-9789-8d5ff25af7a4,1365731533813
523,0.0196078,0.122549,0.235294,0.0196078,0.598039,0.00490196,4,Bug-03e853e4-f587-4891-803c-fb71306f9b2f,1373999694100
524,0.0130719,0.679739,0.24183,0.0326797,0.00653595,0.0261438,1,Bug-98cfcdb0-e745-4d56-97a8-3b995f7f1608,1407294117023
525,0.0045045,0.427928,0.0945946,0.0135135,0.454955,0.0045045,4,Bug-86a94b8d-c2b4-4efd-8c63-84426a7df40e,1369767404641
526,0.0504808,0.0793269,0.0180288,0.610577,0.234375,0.00721154,3,Bug-6a382a83-a332-427c-a4e0-92dca935ad08,1402490933650
527,0.00328947,0.796053,0.174342,0.0197368,0.00328947,0.00328947,1,Bug-b5e2d8cf-3349-48cb-adee-26745050c25a,1394668239301
528,0.142857,0.285714,0.142857,0.142857,0.142857,0.142857,1,Bug-393bbacb-5395-452f-a1e7-e54b326e7eea,1410376707363
529,0.0111111,0.944444,0.0111111,0.0111111,0.0111111,0.0111111,1,Bug-50a4dcb1-daac-46eb-b661-1b32f1fe0355,1395089530094
530,0.0835214,0.157261,0.445448,0.0353649,0.0737397,0.204665,2,Bug-99211f8f-bf57-4940-91a2-f07ae9505f2b,1390376264825
531,0.0165094,0.283019,0.00589623,0.228774,0.00353774,0.462264,5,Bug-31abb8d8-fb06-452e-ab13-bfc0d34677e8,1400105567923
532,0.0267857,0.473214,0.0580357,0.00446429,0.433036,0.00446429,1,Bug-18b92410-ff01-4e91-aa6b-8b0cfd7d2a8a,1367447959177
533,0.123967,0.413223,0.231405,0.0826446,0.115702,0.0330579,1,Bug-47981b8e-2f9b-4dbd-89eb-210b168c5aff,1409759748035
534,0.00581395,0.953488,0.0232558,0.00581395,0.00581395,0.00581395,1,Bug-d5f885de-d106-4efd-91d0-30206ba76c05,1397173049557
535,0.0397351,0.119205,0.721854,0.10596,0.00662252,0.00662252,2,Bug-769a53de-f849-4e29-af88-963f7ef10e1b,1378330614621
536,0.0714286,0.0714286,0.285714,0.214286,0.285714,0.0714286,2,Bug-2496a97b-02d7-418f-ae9f-dc7340fed3f7,1382994416341
537,0.0769231,0.0769231,0.538462,0.153846,0.0769231,0.0769231,2,Bug-7375808d-5b10-488b-87e7-03b4c1cbbd5a,1380231591174
538,0.125,0.125,0.375,0.125,0.125,0.125,2,Bug-02c56453-f236-4ee9-b968-82959cf7fafd,1297658691927
539,0.003663,0.542125,0.0732601,0.021978,0.010989,0.347985,1,Bug-6b783855-6136-4137-baa5-06dccfabf4db,1379701823614
540,0.00248139,0.25062,0.25062,0.00248139,0.491315,0.00248139,4,Bug-75d5fd34-49ac-4592-9125-5c66eb2bcde9,1407834742321
541,0.00456621,0.977169,0.00456621,0.00456621,0.00456621,0.00456621,1,Bug-e9b95459-d346-4d90-ad6b-0dd661d419f4,1410829875968
542,0.0372066,0.145392,0.0148827,0.675444,0.123068,0.00400687,3,Bug-211ac96d-95c3-4db1-be9c-8d50f74f1c93,1403560345682
543,0.05,0.05,0.7,0.1,0.05,0.05,2,Bug-260a3c8b-ca85-42cc-9632-ad171ecf0ee5,1343194264187
544,0.0168539,0.117978,0.213483,0.011236,0.634831,0.00561798,4,Bug-f141afb6-264e-4f65-8191-d8333ff8d0da,1384912884461
545,0.1,0.5,0.1,0.1,0.1,0.1,1,Bug-41929161-a016-437c-9a1f-5607ac3ab8bc,1366269712708
546,0.0172414,0.858621,0.0655172,0.0172414,0.037931,0.00344828,1,Bug-acd2669a-a5f5-4be8-b474-fee5f3ae8b49,1397040994553
547,0.1,0.2,0.1,0.1,0.4,0.1,4,Bug-f82568d4-ff70-4a05-b57e-a60bf1e68329,1397094681949
548,0.111111,0.111111,0.444444,0.111111,0.111111,0.111111,2,Bug-7148727a-3f27-447a-bc9a-9b61a6fd5fde,1359681049521
549,0.00680272,0.857143,0.0816327,0.00680272,0.00680272,0.0408163,1,Bug-60d65a63-94ba-429c-99f5-888ae368671d,1395090988921
550,0.018244,0.0957811,0.554162,0.0684151,0.0421893,0.221209,2,Bug-117389d3-09ec-442c-8b02-d3c990d9407e,1407542709525
551,0.0107527,0.236559,0.698925,0.0215054,0.0107527,0.0215054,2,Bug-09a3cbc5-819d-4d1d-9aa4-197955a9c751,1354691619373
552,0.0046729,0.0046729,0.911215,0.0046729,0.0186916,0.0560748,2,Bug-79c2bf64-f223-4e54-befc-a9ccba87b856,1385448175641
553,0.00343643,0.024055,0.793814,0.0652921,0.00343643,0.109966,2,Bug-de26d5bb-65f6-4bd8-a6be-a900a9040abc,1397540287673
554,0.011236,0.910112,0.011236,0.011236,0.0449438,0.011236,1,Bug-e0e63372-b64d-4516-b11d-4ce7a3d39dd3,1382555464472
555,0.00148588,0.809807,0.0534918,0.00445765,0.0445765,0.0861813,1,Bug-06dadbc9-004e-4d65-8306-88a451b63213,1384963897518
556,0.00413223,0.326446,0.00413223,0.11157,0.42562,0.128099,4,Bug-f4e5c6ad-eb4c-4cca-8814-e232184577a5,1370909925990
557,0.00775194,0.767442,0.00775194,0.00775194,0.00775194,0.20155,1,Bug-2acdb77c-05f5-4a72-a95b-758100831b8b,1383744917847
558,0.00497512,0.955224,0.0248756,0.00497512,0.00497512,0.00497512,1,Bug-50e02a5c-bfc0-4048-b570-6477dc312b20,1330040297570
559,0.0103093,0.917526,0.0103093,0.0103093,0.0412371,0.0103093,1,Bug-47458ed9-61b5-4199-b981-b0747a1d0185,1383053031175
560,0.827526,0.116725,0.0365854,0.00087108,0.00087108,0.0174216,0,Bug-a4cbadcb-da69-465a-9937-5c61f438fded,1390450417835
561,0.00276243,0.254144,0.110497,0.0220994,0.00276243,0.607735,5,Bug-12553647-e065-4a04-8e9a-bea9a41d813d,1406078718160
562,0.00331126,0.245033,0.198675,0.00331126,0.466887,0.0827815,4,Bug-2b7c292b-65d4-4654-bdfc-20537e4b6d0c,1405728509073
563,0.00290698,0.334302,0.130814,0.0232558,0.505814,0.00290698,4,Bug-fe095bf3-9698-4fb3-86c8-dc4933fb026f,1369272072887
564,0.021021,0.402402,0.0630631,0.498498,0.003003,0.012012,3,Bug-fc14ce5f-b71f-430c-8ca7-0e7453a493ab,1406747458840
565,0.291581,0.0102669,0.659138,0.0205339,0.00205339,0.0164271,2,Bug-27b2d8f4-0522-446f-92dd-46cbdcb119b1,1381513944067
566,0.222222,0.111111,0.333333,0.111111,0.111111,0.111111,2,Bug-0a2ebbab-225c-403e-a74d-3259e1ab8019,1383333577343
567,0.0454545,0.181818,0.5,0.181818,0.0454545,0.0454545,2,Bug-0360b208-dfe7-4301-9501-a4555f76a2b8,1397261839707
568,0.0025974,0.903896,0.0181818,0.0025974,0.0025974,0.0701299,1,Bug-8bfe960f-af21-4851-a23f-60b1d9b62fa7,1373406847151
569,0.0116279,0.918605,0.0348837,0.0116279,0.0116279,0.0116279,1,Bug-0a6acab5-0d9d-45b4-a0d9-542da1edd5c5,1396742307234
570,0.00588235,0.270588,0.623529,0.0294118,0.0411765,0.0294118,2,Bug-f8af2533-c614-47e8-87e0-47b5eb820788,1410472538621
571,0.00181488,0.243194,0.176044,0.00544465,0.504537,0.0689655,4,Bug-d5229bab-b878-4ba8-b4b0-833fc1e72622,1398720597505
572,0.0366972,0.706422,0.220183,0.0183486,0.00917431,0.00917431,1,Bug-b19ebcff-971d-413f-b9a0-095f32d25247,1381804015266
573,0.047619,0.0952381,0.666667,0.047619,0.0952381,0.047619,2,Bug-105f8bfd-b75b-4960-b81e-0b53eb371b4d,1380989829712
574,0.00909091,0.454545,0.187879,0.0030303,0.330303,0.0151515,1,Bug-013a2282-a537-4384-bd2e-ac773ba6cf07,1391481726145
575,0.0178571,0.946429,0.00892857,0.00892857,0.00892857,0.00892857,1,Bug-bb81f93f-0b90-41a3-9396-85c3d9333b7e,1405638519654
576,0.00144509,0.460983,0.017341,0.00289017,0.00144509,0.515896,5,Bug-cc351c2d-f140-494b-885c-a462f2ff9c8b,1390848261439
577,0.00411523,0.526749,0.349794,0.0205761,0.0699588,0.0288066,1,Bug-e75dd7cc-99ef-41dd-8720-65d50259fe64,1378857084698
578,0.00632911,0.43038,0.00632911,0.00632911,0.00632911,0.544304,5,Bug-57e8e345-1f1f-43d5-80de-b32bd64f91ac,1376084632449
579,0.0232108,0.431335,0.00193424,0.531915,0.00193424,0.00967118,3,Bug-cca496d1-83c2-47e5-93c0-72870b75bb2b,1356741209739
580,0.0133333,0.866667,0.0666667,0.0133333,0.0266667,0.0133333,1,Bug-38a86c27-8263-422b-a350-c0399be9296e,1402930882800
581,0.0446043,0.0748201,0.415827,0.0446043,0.333813,0.0863309,2,Bug-ddef9369-3752-477d-9507-cf091adcf9c7,1398800801582
582,0.00126582,0.424051,0.0594937,0.0278481,0.397468,0.0898734,1,Bug-6f832438-80ca-497a-add0-2bd39d0a02dd,1403892556502
583,0.0142857,0.0142857,0.714286,0.0142857,0.171429,0.0714286,2,Bug-f84bca16-958b-46f9-8f51-091fa8392cbe,1374771287468
584,0.0810811,0.135135,0.702703,0.027027,0.027027,0.027027,2,Bug-74dbc3d6-71a2-4e20-b486-c0ab72d87611,1381269530693
585,0.00884956,0.103666,0.0872314,0.00758534,0.0189633,0.773704,5,Bug-4ee3ca97-4325-42ee-9200-439871f95646,1406243907596
586,0.0257009,0.441589,0.0116822,0.481308,0.00233645,0.0373832,3,Bug-2ee6360d-12cf-415c-a37d-392dfcab8c2a,1366006971112
587,0.00229885,0.195402,0.0390805,0.00229885,0.335632,0.425287,5,Bug-1f99a22c-9a43-49a5-971f-24debb4234be,1378342311825
588,0.130252,0.19888,0.154062,0.509804,0.00140056,0.00560224,3,Bug-b17df112-1188-4d3b-a1ce-bde74e1ba105,1380747123724
589,0.0161692,0.477612,0.145522,0.313433,0.0261194,0.0211443,1,Bug-705a182e-364e-45b3-b943-d1da0fc517bb,1398282699884
590,0.0847458,0.0169492,0.542373,0.20339,0.135593,0.0169492,2,Bug-6dee0ed5-2a52-4163-add0-263d6bba1e62,1410810549700
591,0.0909091,0.0909091,0.545455,0.0909091,0.0909091,0.0909091,2,Bug-2eae1aa0-bd27-447a-995a-33a1a526c21a,1364482582555
592,0.142857,0.285714,0.142857,0.142857,0.142857,0.142857,1,Bug-89258577-9a12-4537-a849-550d9877dbc6,1394147363810
593,0.004,0.98,0.004,0.004,0.004,0.004,1,Bug-47e12e1e-c8c7-4b47-9b96-26660eba0d3c,1409838764282
594,0.0106383,0.893617,0.0212766,0.0106383,0.0531915,0.0106383,1,Bug-676ab100-5290-43e8-af97-863fb1da50b4,1374518079332
595,0.0118577,0.786561,0.0513834,0.00395257,0.00790514,0.13834,1,Bug-88a3ffc4-e488-45cc-8dff-f45c8cdea619,1395308121828
596,0.0144928,0.884058,0.0144928,0.0144928,0.057971,0.0144928,1,Bug-740b84d7-049d-40ba-92d7-3f4ebf5b4d50,1377542992385
597,0.0666667,0.0666667,0.666667,0.0666667,0.0666667,0.0666667,2,Bug-5bd60594-3a7a-486e-b6de-408248d19aff,1390343676137
598,0.00175747,0.300527,0.360281,0.0123023,0.1529,0.172232,2,Bug-9f2ba530-51bf-4c9b-9df6-d83b063331f3,1391418617574
599,0.285714,0.142857,0.142857,0.142857,0.142857,0.142857,0,Bug-c4e539e4-415d-4a6a-9f8e-ee1eee4a0650,1368506274476
600,0.173333,0.0133333,0.453333,0.28,0.0133333,0.0666667,2,Bug-b211b6e5-e431-4a5c-9005-6f7090251c42,1399327513996
601,0.0153846,0.0461538,0.6,0.0153846,0.0307692,0.292308,2,Bug-0674d535-981f-4fd5-a7cd-190e40c22b83,1394688449190
602,0.0104167,0.947917,0.0104167,0.0104167,0.0104167,0.0104167,1,Bug-4e395351-2f70-4991-b87d-30267140063a,1375133800935
603,0.00704225,0.126761,0.380282,0.0422535,0.415493,0.028169,4,Bug-dc8b993d-8abe-4cf1-b42a-ceb4a274ed56,1369295081216
604,0.0116279,0.906977,0.0465116,0.0116279,0.0116279,0.0116279,1,Bug-d99559ae-b2d7-43e3-8b1e-0fba6aee27eb,1355801696440
605,0.0232558,0.802326,0.139535,0.0116279,0.0116279,0.0116279,1,Bug-3d6d587c-c46c-4635-a26f-0dbdf9179340,1381907281061
606,0.00276025,0.0398265,0.0311514,0.0319401,0.730678,0.163644,4,Bug-f25f3df1-f225-458c-999f-cf539372079b,1394156946664
607,0.0338346,0.338346,0.259398,0.0037594,0.349624,0.0150376,4,Bug-c1b4d3e9-3e63-48e8-a866-a1c26de18fd9,1390450423240
608,0.0175439,0.458647,0.0350877,0.481203,0.00250627,0.00501253,3,Bug-d6a1bac8-9120-4a45-9894-dedba8a98cff,1385498037054
609,0.0303644,0.0222672,0.465587,0.0870445,0.168016,0.226721,2,Bug-da2311e1-6431-4838-8c80-36255e8d096f,1382133668075
610,0.0357143,0.0357143,0.678571,0.0357143,0.0714286,0.142857,2,Bug-0ddf3ce8-da7b-4ddd-b92f-4875f34c78e7,1398860222590
611,0.160714,0.178571,0.446429,0.178571,0.0267857,0.00892857,2,Bug-15160b34-1cef-4836-a8cc-852c1844db48,1395966765522
612,0.287695,0.188908,0.0242634,0.0017331,0.495667,0.0017331,4,Bug-eb9e602d-6f53-4988-bc41-d378303e467c,1409963523890
613,0.0434783,0.130435,0.565217,0.0434783,0.0434783,0.173913,2,Bug-5a9fc010-29de-4ca9-ac0f-932e43dfc48b,1340551981174
614,0.0151515,0.0454545,0.636364,0.0151515,0.0151515,0.272727,2,Bug-107b5222-6a2d-4c12-8562-ea9f004528e8,1379007894103
615,0.0148148,0.762963,0.192593,0.0148148,0.00740741,0.00740741,1,Bug-6fd8b33b-e8b3-4527-acec-7e7cd7220d61,1383076971554
616,0.00578035,0.919075,0.0635838,0.00289017,0.00578035,0.00289017,1,Bug-85220a57-da66-4ea4-b1c1-eaf4e262a213,1387277468457
617,0.00362319,0.942029,0.0144928,0.00724638,0.0289855,0.00362319,1,Bug-db32683d-4287-45c5-8a28-e83deb6ad695,1390522447805
618,0.0867769,0.0247934,0.626033,0.152893,0.00826446,0.10124,2,Bug-2f5ee3c1-0c79-4e82-8738-46aeebfb4c06,1369382873113
619,0.0204082,0.0204082,0.816327,0.0714286,0.0102041,0.0612245,2,Bug-bbc178ec-0015-4f54-8507-599cf1c78944,1396487639468
620,0.00684932,0.0890411,0.315068,0.0616438,0.520548,0.00684932,4,Bug-5563053d-82a0-48c7-a34c-7c3c5bd13ab2,1378952112945
621,0.0105263,0.831579,0.0210526,0.0105263,0.105263,0.0210526,1,Bug-8b49d4e1-cd90-44e2-8f63-ca10ec6fb35c,1385824756036
622,0.1,0.1,0.4,0.2,0.1,0.1,2,Bug-365c962c-e1b4-442e-a5fb-d760f4a25db9,1403302085850
623,0.00925926,0.0833333,0.277778,0.0555556,0.564815,0.00925926,4,Bug-72d191ce-7332-4a5c-8ac3-37b1a3545057,1404348637062
624,0.00892857,0.616071,0.0178571,0.00892857,0.00892857,0.339286,1,Bug-e967bf50-22e5-4b11-8319-c915b425be72,1403134132351
625,0.0197044,0.0492611,0.729064,0.0246305,0.00492611,0.172414,2,Bug-004cd7ad-df35-48ce-bab2-ca9154568f92,1370392202463
626,0.142857,0.142857,0.285714,0.142857,0.142857,0.142857,2,Bug-70ab8e09-60f7-40ef-b9ce-b4d7a59f4941,1395710568231
627,0.00108225,0.752165,0.0551948,0.00108225,0.00757576,0.1829,1,Bug-1163c869-bc33-4f24-bf44-88dd0b9af15c,1396050022873
628,0.0169492,0.915254,0.0169492,0.0169492,0.0169492,0.0169492,1,Bug-0d226b8e-7b1a-43b8-a829-422dab45032d,1389929873280
629,0.00847458,0.135593,0.0423729,0.00847458,0.79661,0.00847458,4,Bug-8a27eaf9-dfc7-4027-a05b-1097f79ee180,1405305018631
630,0.125,0.125,0.125,0.125,0.375,0.125,4,Bug-5aaf2cb8-393f-4911-b90a-7f5e70877c00,1401899245665
631,0.00793651,0.0714286,0.18254,0.00793651,0.722222,0.00793651,4,Bug-183ae8f4-f92e-4ecc-9f22-561a575c56c8,1384306743559
632,0.025,0.8125,0.1125,0.0125,0.025,0.0125,1,Bug-2cd2aa08-e2de-4c87-a5c3-a44a5b78ec89,1387316737223
633,0.0123457,0.876543,0.0123457,0.0123457,0.0123457,0.0740741,1,Bug-3c39ed67-11fa-4f7b-a55a-b8419d12b3fb,1394780847942
634,0.142857,0.142857,0.142857,0.142857,0.285714,0.142857,4,Bug-770b95cf-50d9-491d-b621-5246fb1e3f9b,1293508520684
635,0.0266667,0.220952,0.348571,0.0266667,0.329524,0.047619,2,Bug-c7d0fe72-e756-4558-8548-95597999e9c8,1377640879643
636,0.026393,0.677419,0.0879765,0.0527859,0.102639,0.0527859,1,Bug-40701ec9-e5f7-49cb-b93f-3ca89011d9dc,1394493624938
637,0.0126183,0.283123,0.0090694,0.271688,0.194006,0.229495,1,Bug-21e3b08c-6b49-4135-b2a9-a375760699b7,1395786288607
638,0.00421941,0.185654,0.181435,0.118143,0.506329,0.00421941,4,Bug-664fd8dc-13eb-429f-853a-d97fdade0ff5,1337264389098
639,0.710817,0.140177,0.121413,0.00110375,0.0253863,0.00110375,0,Bug-cfded125-75e0-46b2-aec0-657318c7bd10,1402445510084
640,0.0217391,0.152174,0.543478,0.0217391,0.0217391,0.23913,2,Bug-95c3acf7-4c5f-47a0-92c6-778bd0932490,1378504802718
641,0.00917431,0.917431,0.00917431,0.00917431,0.0458716,0.00917431,1,Bug-378744a6-1470-427e-bec6-c7023e05d3fa,1392943119788
642,0.1,0.1,0.3,0.3,0.1,0.1,2,Bug-362435de-e443-4655-aca6-a5cb667585a8,1387577280920
643,0.00333333,0.26,0.02,0.00333333,0.00333333,0.71,5,Bug-6b39c555-fdf5-447c-bad0-f844f582e58a,1406067856771
644,0.0714286,0.0714286,0.642857,0.0714286,0.0714286,0.0714286,2,Bug-e84f34b1-1a05-4672-9946-88765642e20e,1392651603943
645,0.0296296,0.118519,0.340741,0.037037,0.466667,0.00740741,4,Bug-8c4b494c-5564-4cd4-ba7c-6a54d451e086,1383076792159
646,0.00308642,0.29321,0.598765,0.0648148,0.0154321,0.0246914,2,Bug-58b7ba01-1026-4943-beef-48a3a0c76f10,1403113520876
647,0.0526316,0.105263,0.684211,0.0526316,0.0526316,0.0526316,2,Bug-1e56c91c-93d5-4d34-bb5b-de79ccc912d1,1394329942072
648,0.125,0.125,0.375,0.125,0.125,0.125,2,Bug-5c355d95-d746-406f-8266-acb44c3579e8,1407738834556
649,0.00233645,0.558411,0.151869,0.247664,0.0257009,0.0140187,1,Bug-2d1f7f6a-7692-40b7-8fbe-8b918d36c0e5,1376095219478
650,0.0217391,0.0652174,0.586957,0.0217391,0.0217391,0.282609,2,Bug-8daf160b-015d-4b5e-85f6-cc7e54f1af6a,1396911666307
651,0.047619,0.285714,0.52381,0.047619,0.047619,0.047619,2,Bug-3b9eb3b7-9bd6-41d6-a2cb-bbaa001a1c65,1384873952866
652,0.0108108,0.856757,0.0351351,0.0027027,0.0324324,0.0621622,1,Bug-82d86078-634f-478a-bbee-eebeb8d31663,1399063824820
653,0.0102041,0.94898,0.0102041,0.0102041,0.0102041,0.0102041,1,Bug-b5b01507-8bc1-4a8d-9a6b-b26318b2b888,1387507994900
654,0.05,0.1,0.2,0.05,0.55,0.05,4,Bug-150f7a1d-6776-4865-9e55-5f8b5aefd342,1385057255562
655,0.00177936,0.94484,0.0355872,0.00177936,0.0142349,0.00177936,1,Bug-0bff8641-5202-42b6-a87e-64ba4d5dc368,1377467937322
656,0.0625,0.0625,0.6875,0.0625,0.0625,0.0625,2,Bug-12aca604-8831-479f-89f2-3318368423f2,1394825493798
657,0.00617284,0.780864,0.0925926,0.00308642,0.00308642,0.114198,1,Bug-25f06c79-69f0-400a-8db3-4b337eada7c9,1388081593038
658,0.0010142,0.471602,0.289047,0.0446247,0.0314402,0.162272,1,Bug-4c9e2aa0-1ec4-4712-8426-1282f2e2ac48,1376524365086
659,0.0645161,0.0645161,0.774194,0.0322581,0.0322581,0.0322581,2,Bug-1fd4411c-b422-49a2-83fc-3d8763bee019,1374738921608
660,0.015873,0.857143,0.0873016,0.0238095,0.00793651,0.00793651,1,Bug-08618591-2cdd-4710-8023-016a1fc16d59,1386301372558
661,0.142857,0.142857,0.142857,0.142857,0.285714,0.142857,4,Bug-294dfd49-5b3a-4962-ba9a-78c102886019,1396404454087
662,0.0714286,0.0714286,0.5,0.142857,0.0714286,0.142857,2,Bug-e2d34e27-08ba-4bbb-9ba1-2ceaafa8b5da,1398272724685
663,0.0384615,0.0769231,0.692308,0.115385,0.0384615,0.0384615,2,Bug-adcd4af5-8155-4e52-af7a-a025298a67c9,1342672971886
664,0.1,0.1,0.025,0.00833333,0.758333,0.00833333,4,Bug-8891fde1-a48e-42af-a36e-6bc41a7ec948,1392769077359
665,0.185185,0.0555556,0.62963,0.0185185,0.0185185,0.0925926,2,Bug-fb56031b-d942-4f2c-8bc3-e8f4043e1052,1377896163507
666,0.00813008,0.804878,0.138211,0.00813008,0.00813008,0.0325203,1,Bug-6bc133b9-474b-4377-8e38-bef835f784a1,1400475976436
667,0.00104603,0.359833,0.274059,0.0261506,0.00627615,0.332636,1,Bug-5f1dc9d9-0767-4828-bd6b-8b9f5822c5ec,1379986864296
668,0.111111,0.333333,0.111111,0.111111,0.222222,0.111111,1,Bug-6ab15af8-7045-4589-9350-cf8c8c5d6a96,1410376443554
669,0.0267112,0.161937,0.00166945,0.791319,0.00166945,0.0166945,3,Bug-898cdeb8-1e78-47c9-98d3-b79dadd0b140,1407309543738
670,0.0275103,0.341128,0.224209,0.390646,0.0137552,0.00275103,3,Bug-4e1dc3cc-cfc7-4cc5-8458-9d4e8c263a99,1378288888521
671,0.0416905,0.0171331,0.769275,0.055968,0.0856653,0.0302684,2,Bug-eb124ee5-c9ed-4e5e-b2d7-84dbaaa15ff5,1389912455554
672,0.0375,0.0625,0.5625,0.0625,0.2625,0.0125,2,Bug-e37e6422-70a2-4766-b781-9a5744dc98b4,1400114857641
673,0.04,0.16,0.64,0.08,0.04,0.04,2,Bug-d4b1e460-52af-477e-8178-bd411b619da4,1274718773557
674,0.0138889,0.111111,0.486111,0.0138889,0.0138889,0.361111,2,Bug-39a65ce5-cca9-4a63-953d-59d6697e6d15,1389862150461
675,0.05,0.1,0.7,0.05,0.05,0.05,2,Bug-7b9a12c5-dbd7-4314-ba03-3f48bac0d0e6,1361558478754
676,0.0104167,0.65625,0.260417,0.0416667,0.0208333,0.0104167,1,Bug-eaf8ea66-c556-4f51-bf55-18b59abbcbef,1392246484946
677,0.00235294,0.574118,0.0988235,0.0164706,0.00235294,0.305882,1,Bug-2bd95dcf-05f6-4b5d-a308-ebd7f65200f9,1402088167547
678,0.150301,0.0501002,0.43487,0.0280561,0.0320641,0.304609,2,Bug-d4fcfdce-a44d-41b0-88b7-8d3b5195f8d8,1390527738647
679,0.0133333,0.826667,0.12,0.0133333,0.0133333,0.0133333,1,Bug-0cfd1bf4-ec57-4d4c-bf0d-d1d7a6f63c9a,1360789266787
680,0.0151515,0.0606061,0.560606,0.242424,0.0151515,0.106061,2,Bug-849062c2-5c25-4391-8887-07ac9a975983,1365791368739
681,0.0224719,0.932584,0.011236,0.011236,0.011236,0.011236,1,Bug-2ce8e0f3-dde2-49ce-8415-4ae28f1954a8,1370484300442
682,0.0714286,0.285714,0.428571,0.0714286,0.0714286,0.0714286,2,Bug-8b2f76ea-9a10-40cf-827a-3a0b7caa663a,1375250624669
683,0.00662252,0.602649,0.238411,0.0728477,0.00662252,0.0728477,1,Bug-a1c071ba-d4f2-4cf0-b1b5-8fb2f965fead,1381886563513
684,0.0909091,0.0909091,0.454545,0.0909091,0.181818,0.0909091,2,Bug-f245c8e8-6045-48ca-b5b0-736f3f28e650,1319488944713
685,0.03125,0.708333,0.229167,0.0208333,0.00520833,0.00520833,1,Bug-6b9c7851-0e8f-47d8-b53f-b577a94b007c,1370483044758
686,0.00338983,0.823729,0.132203,0.0338983,0.00338983,0.00338983,1,Bug-f87a924a-28d3-4bce-9584-a6d721ef2668,1388777229757
687,0.00348432,0.341463,0.393728,0.0418118,0.0627178,0.156794,2,Bug-94086a82-9107-4994-bc63-3374104d1863,1396399698201
688,0.00983607,0.281967,0.190164,0.0196721,0.0131148,0.485246,5,Bug-c2eb2e9f-315b-4429-a2c1-ad326fd48e5b,1383267836563
689,0.0769231,0.0769231,0.538462,0.0769231,0.0769231,0.153846,2,Bug-107362d6-6b09-457c-b9f7-9fed48e9b917,1386012332663
690,0.0131579,0.842105,0.105263,0.0131579,0.0131579,0.0131579,1,Bug-efa2c672-d318-4bc5-b404-412819776320,1383866443740
691,0.0207135,0.0529344,0.704258,0.0621404,0.0989643,0.0609896,2,Bug-8d552857-04ad-4084-9beb-969ec3ec15c7,1398898374384
692,0.0176471,0.917647,0.0352941,0.0176471,0.00588235,0.00588235,1,Bug-7fae014a-8789-4113-8c45-e49c2b480f5d,1393376407757
693,0.00515464,0.819588,0.103093,0.00257732,0.0154639,0.0541237,1,Bug-ec82cbd9-5125-4daa-80c6-5fbdf681d86a,1406702883650
694,0.434337,0.267136,0.0512492,0.111467,0.120436,0.0153748,0,Bug-1b700ea4-a590-4574-91d0-f27d73babeea,1391378971316
695,0.00239808,0.405276,0.46283,0.057554,0.0215827,0.0503597,2,Bug-d94520f2-a259-421a-a5c9-cd4868bae3b6,1405964783461
696,0.0111111,0.866667,0.0407407,0.0148148,0.062963,0.0037037,1,Bug-1b2eedc1-a8aa-48ec-8753-60e5f1110500,1393980147293
697,0.00210526,0.0821053,0.446316,0.0147368,0.324211,0.130526,2,Bug-7926fdbe-891d-40e6-9328-c94c46e1116d,1394740464212
698,0.0113636,0.323864,0.383523,0.0284091,0.176136,0.0767045,2,Bug-b80ee0e3-dffb-45b2-b4dd-a01b7aba7964,1404918705487
699,0.0769231,0.0769231,0.538462,0.0769231,0.153846,0.0769231,2,Bug-42e63212-22d7-4029-a202-3068689f6772,1369111785523
700,0.000948767,0.195446,0.13852,0.0256167,0.526565,0.112903,4,Bug-8f562143-5aba-4c28-b9e6-eb1c98565c57,1399347914859
701,0.00454545,0.172727,0.118182,0.0454545,0.654545,0.00454545,4,Bug-8f23ad2a-8bf2-4f57-b2fb-45eb63a37933,1394204459043
702,0.00694444,0.0972222,0.680556,0.0347222,0.0277778,0.152778,2,Bug-bdb5c6c0-9e3f-4389-9dee-c4fd0ebce14c,1406106358895
703,0.114362,0.276596,0.0319149,0.0106383,0.56383,0.00265957,4,Bug-6280512f-ead1-4d29-bab8-17bdd6966043,1394734419331
704,0.142857,0.142857,0.285714,0.142857,0.142857,0.142857,2,Bug-4814df05-2e8b-4377-bf2c-02172f9f1046,1380639714628
705,0.285714,0.142857,0.142857,0.142857,0.142857,0.142857,0,Bug-f2765126-bd80-4aa6-89e1-291cf837f6b5,1393618460503
706,0.011236,0.94382,0.011236,0.011236,0.011236,0.011236,1,Bug-f4ae2114-1e3b-4a4d-b96e-80eb4a00a92d,1400272838531
707,0.0314465,0.484277,0.314465,0.0251572,0.0125786,0.132075,1,Bug-fd8f2692-607e-4f2f-a667-16c16560d8f5,1409865709543
708,0.05,0.65,0.125,0.025,0.025,0.125,1,Bug-654c624f-c5b8-4cb9-8017-094f1b0d19ae,1382581482769
709,0.011236,0.353933,0.185393,0.011236,0.432584,0.00561798,4,Bug-5d77c1e6-be19-4e46-b45b-ecfc1929a629,1407292401930
710,0.0191571,0.655172,0.153257,0.00766284,0.00383142,0.16092,1,Bug-4afc416b-9119-455e-9edd-089d25d37013,1378937777730
711,0.0196078,0.333333,0.568627,0.0392157,0.0196078,0.0196078,2,Bug-a10faf9e-5198-4124-b76d-d451c41c61b7,1370024709178
712,0.0408377,0.139267,0.052356,0.651309,0.108901,0.00732984,3,Bug-b0949832-63f6-4a9e-ac16-d14344f377ad,1375745245002
713,0.00943396,0.273585,0.00943396,0.00943396,0.688679,0.00943396,4,Bug-3c9cd23c-68b6-4a15-be05-60994100a984,1367970415421
714,0.00645161,0.877419,0.0967742,0.00645161,0.00645161,0.00645161,1,Bug-0330c9e0-0e25-4524-98ea-40cc63eb5444,1300825963258
715,0.0445545,0.366337,0.40099,0.153465,0.029703,0.0049505,2,Bug-9db79fe0-1ffc-40f7-a8f1-97d04da16271,1282782956435
716,0.0153846,0.923077,0.0153846,0.0153846,0.0153846,0.0153846,1,Bug-3374462f-57d2-4878-8e08-90ac9a4e3745,1406599414322
717,0.0680751,0.190141,0.70892,0.028169,0.00234742,0.00234742,2,Bug-05f3a535-b826-42a7-b54c-35ba2c43fa03,1386633317432
718,0.0120482,0.939759,0.0120482,0.0120482,0.0120482,0.0120482,1,Bug-98db1db2-b044-42a2-99bd-c68c74c5602e,1406749947913
719,0.0865385,0.115385,0.5,0.00961538,0.00961538,0.278846,2,Bug-01ac471b-f5db-4db5-8e2a-0bf260ad3a97,1369248275347
720,0.00319489,0.408946,0.175719,0.0383387,0.0223642,0.351438,1,Bug-c6193d3f-bd26-495f-baf6-e34df06bc5e3,1374033357741
721,0.0514706,0.0955882,0.801471,0.00735294,0.00735294,0.0367647,2,Bug-25b2eea2-5a2c-4d7b-ae5e-981c4b2c7505,1345155731334
722,0.0153846,0.0769231,0.0923077,0.0615385,0.615385,0.138462,4,Bug-47187e44-4596-4363-8d4c-a08a85a8818b,1397162601635
723,0.0909091,0.181818,0.454545,0.0909091,0.0909091,0.0909091,2,Bug-1f915b78-c47c-4026-ac83-89f52770ee6e,1375387735818
724,0.00396825,0.22619,0.00396825,0.00396825,0.00396825,0.757937,5,Bug-31de3284-9070-4862-9794-d50fae9ffe12,1405142052661
725,0.0714286,0.285714,0.428571,0.0714286,0.0714286,0.0714286,2,Bug-9312d99c-966d-42b2-8fa9-1c38ce6ec752,1409959024562
726,0.142857,0.142857,0.142857,0.142857,0.142857,0.285714,5,Bug-6084cd7f-c90c-4ee7-a0cf-cceb26481ef4,1369665809762
727,0.0105263,0.947368,0.0105263,0.0105263,0.0105263,0.0105263,1,Bug-1e3ff836-2b7f-422d-b01e-d8de0e4774e7,1366839153892
728,0.020202,0.517172,0.0686869,0.377778,0.0020202,0.0141414,1,Bug-eb29af5c-f60c-461a-8479-c52f39a08a39,1327577385864
729,0.05,0.05,0.3,0.05,0.5,0.05,4,Bug-184e065a-daef-4b9e-bcb6-eecfe01d1e59,1409038627448
730,0.142857,0.142857,0.142857,0.142857,0.285714,0.142857,4,Bug-8f91433d-f33d-44c0-b6ca-275c2524f62f,1408635862020
731,0.0121951,0.939024,0.0121951,0.0121951,0.0121951,0.0121951,1,Bug-0a05e8e5-634a-400a-aa9b-084dc004d1df,1378363913749
732,0.00549451,0.461538,0.483516,0.0164835,0.00549451,0.0274725,2,Bug-72906e32-2d9c-437e-8779-7840dc93f7fe,1397707425524
733,0.0780591,0.210267,0.000703235,0.673699,0.000703235,0.0365682,3,Bug-a2e1cb19-6a2a-4efe-b967-e059308c45b7,1397593215011
734,0.0526316,0.0526316,0.736842,0.0526316,0.0526316,0.0526316,2,Bug-cb4c6abf-37f7-4f0e-81bb-4843a5d180d0,1400735084521
735,0.0531915,0.829787,0.0851064,0.0106383,0.0106383,0.0106383,1,Bug-37c87a80-d053-4dec-a4d4-45727a4c704c,1368168204100
736,0.00900901,0.018018,0.657658,0.00900901,0.00900901,0.297297,2,Bug-6aa4c146-4b69-49b2-ad77-07b15c9bced2,1396661331282
737,0.0241935,0.741935,0.129032,0.00806452,0.0322581,0.0645161,1,Bug-503b4552-eebe-4b4d-a737-f035f22286b8,1376287981508
738,0.0196721,0.15082,0.580328,0.111475,0.0131148,0.12459,2,Bug-aa048622-b90f-486e-9e3b-aa9993ea6159,1408592025444
739,0.321429,0.0714286,0.321429,0.0357143,0.214286,0.0357143,0,Bug-38214398-8170-4d9b-8905-71ff40b2d04d,1364081135680
740,0.0178571,0.357143,0.410714,0.0535714,0.125,0.0357143,2,Bug-f72cc3bb-0e51-469e-acd6-ae899daf2e0a,1392661922434
741,0.0233236,0.00291545,0.714286,0.0699708,0.00291545,0.186589,2,Bug-fbfc2c20-2b39-40aa-bfd9-8b40f043df0a,1378517270693
742,0.0106383,0.946809,0.0106383,0.0106383,0.0106383,0.0106383,1,Bug-a6fa4e74-6674-4023-968e-89b7793ba928,1381367810143
743,0.0416667,0.0416667,0.333333,0.25,0.291667,0.0416667,2,Bug-6cc43eb3-e4db-4b97-99e7-500808a3b88e,1409326576443
744,0.0769231,0.0769231,0.615385,0.0769231,0.0769231,0.0769231,2,Bug-97ef552b-59e2-490f-8cd4-79ddf069cb16,1381083530062
745,0.00135685,0.0176391,0.0135685,0.0610583,0.808684,0.0976934,4,Bug-8fde17ed-c77a-42a0-bcde-c3f8d866a6df,1399513294412
746,0.1,0.2,0.4,0.1,0.1,0.1,2,Bug-e983b366-aa17-40b1-9860-a3b26744f1c4,1400265240152
747,0.030303,0.79798,0.141414,0.010101,0.010101,0.010101,1,Bug-79e96aa2-43ca-49c8-b0ff-5738263fbc1c,1394143648583
748,0.037037,0.259259,0.481481,0.037037,0.037037,0.148148,2,Bug-6017d738-f4b3-4f0b-aff2-d2f00cb4f042,1397864214155
749,0.00892857,0.0535714,0.616071,0.133929,0.116071,0.0714286,2,Bug-dc512eb5-3adf-40f6-b17a-8bc8a1c070d9,1408469702462
750,0.0108696,0.641304,0.228261,0.0217391,0.0869565,0.0108696,1,Bug-9accf0ab-b1d3-4696-be48-41992bcc9233,1399946218827
751,0.111111,0.111111,0.444444,0.111111,0.111111,0.111111,2,Bug-ebc63e77-51a9-4fff-b1e4-ad6e04f1b79c,1332736503347
752,0.0217391,0.23913,0.543478,0.152174,0.0217391,0.0217391,2,Bug-01ddeae8-6472-4475-9090-cc9db72b1998,1266630401200
753,0.00826446,0.77686,0.190083,0.00826446,0.00826446,0.00826446,1,Bug-6caa65f0-b190-4e52-b8a7-43999d4a461b,1387827978214
754,0.00175747,0.442882,0.249561,0.00175747,0.00175747,0.302285,1,Bug-8f9fb6a1-c2b3-47bf-a248-e27d15fba5f3,1378238234177
755,0.002,0.3,0.574,0.022,0.02,0.082,2,Bug-a2fd1379-e731-4246-af08-c172dce96de5,1391675151105
756,0.00234742,0.0211268,0.596244,0.0915493,0.0798122,0.20892,2,Bug-e0e19a0c-c5ef-43dd-8369-57e7634915e5,1405994147494
757,0.0107527,0.806452,0.129032,0.0107527,0.0322581,0.0107527,1,Bug-086ed2ca-f7b7-405f-bc58-74b9c62858ba,1381805116841
758,0.0434783,0.0869565,0.521739,0.0434783,0.130435,0.173913,2,Bug-123997a6-fb47-47c6-9994-f5f2078dad71,1381183045100
759,0.00564972,0.971751,0.00564972,0.00564972,0.00564972,0.00564972,1,Bug-92d92651-50ff-4a0a-9f93-853945aa5e6a,1391497752700
760,0.0102041,0.887755,0.0612245,0.0102041,0.0102041,0.0204082,1,Bug-dd5f0bcd-43c3-49be-8f5b-7a494c8e9534,1393012468041
761,0.1,0.2,0.4,0.1,0.1,0.1,2,Bug-449f8ba9-ec01-4a11-9c0a-f064a78a60d1,1408527921161
762,0.157895,0.0526316,0.368421,0.0526316,0.157895,0.210526,2,Bug-85a6975b-f7a6-44d3-85aa-d1ac15164ca4,1401689679041
763,0.00833333,0.141667,0.00833333,0.00833333,0.825,0.00833333,4,Bug-f774ff48-0595-4bb7-8b87-ce86048bf8de,1392865265226
764,0.00297619,0.708333,0.190476,0.0267857,0.0416667,0.0297619,1,Bug-c23fbae4-9672-4391-b7a9-eedb91ba34b4,1376416572730
765,0.0136986,0.876712,0.0684932,0.0136986,0.0136986,0.0136986,1,Bug-0d04757d-4c02-4d9b-946b-20634f4dcc4f,1393086821947
766,0.0104167,0.90625,0.0520833,0.0104167,0.0104167,0.0104167,1,Bug-3d8bf4af-d67c-4267-a2d4-e1b7256c2f62,1394654791444
767,0.0208333,0.0625,0.708333,0.145833,0.0416667,0.0208333,2,Bug-97a28487-c26b-4780-b0fb-cad99c2a19a8,1382046125358
768,0.00330033,0.29703,0.0528053,0.00990099,0.50495,0.132013,4,Bug-0da6d24f-247f-473f-8d24-edd6fc6eb4f3,1396342459427
769,0.00657895,0.203947,0.230263,0.00657895,0.546053,0.00657895,4,Bug-eaa57a54-e792-473c-9583-df6c7d4bc080,1409076704809
770,0.00662252,0.0397351,0.721854,0.0662252,0.0794702,0.0860927,2,Bug-20a303aa-c5f4-45fd-bad6-67a0a7d70ae5,1297179286624
771,0.0108696,0.934783,0.0108696,0.0108696,0.0217391,0.0108696,1,Bug-651a7999-67c5-4be3-adb0-c5edb72ddc3a,1376943532752
772,0.0909091,0.0909091,0.545455,0.0909091,0.0909091,0.0909091,2,Bug-c9d9ae4f-fbfb-4459-8d0b-99918dca8fd5,1370907086704
773,0.03125,0.09375,0.65625,0.09375,0.0625,0.0625,2,Bug-79bf4957-e3a5-4259-ace6-445b2f75a588,1396038122491
774,0.0195122,0.097561,0.239024,0.0390244,0.590244,0.0146341,4,Bug-b86d0939-2521-49d9-b656-4b2dc1e3aa9c,1406535135110
775,0.111111,0.444444,0.111111,0.111111,0.111111,0.111111,1,Bug-6dc0cb54-1da7-416a-bb6a-2edf8710d223,1396901408634
776,0.0251799,0.492806,0.381295,0.0395683,0.057554,0.00359712,1,Bug-8a9b9d61-5ad4-4cc8-a5ec-fd3b76ea1640,1390261462855
777,0.0111111,0.811111,0.111111,0.0111111,0.0111111,0.0444444,1,Bug-7e9d7d76-2ddf-44a9-91a5-ca656feab4c1,1406628849900
778,0.1,0.1,0.4,0.1,0.2,0.1,2,Bug-48e7f3d0-63e6-45b7-819c-05909f50428e,1389044934025
779,0.0030303,0.793939,0.0515152,0.00909091,0.00606061,0.136364,1,Bug-b849f0a7-a8ef-4de1-9af7-d3709994f9bc,1380067624761
780,0.0319635,0.422374,0.242009,0.0308219,0.0342466,0.238584,1,Bug-f8076bb3-8a9e-4dc9-80a3-252781595924,1383126384000
781,0.0181818,0.781818,0.127273,0.00909091,0.0545455,0.00909091,1,Bug-052e4ee3-e0b9-46a8-8bb9-da39bafd5924,1382660585670
782,0.0423729,0.728814,0.194915,0.00847458,0.0169492,0.00847458,1,Bug-b7e56823-565b-4e41-bef5-8ea720b8d886,1376528407326
783,0.00549451,0.846154,0.021978,0.00549451,0.00549451,0.115385,1,Bug-31292982-3186-4e03-ab98-f3a67e9f4d1d,1366968084436
784,0.0133333,0.106667,0.0933333,0.0133333,0.48,0.293333,4,Bug-4507b32f-273f-4368-8f70-9c093584f5c1,1406390113626
785,0.0121581,0.218845,0.0577508,0.0911854,0.0212766,0.598784,5,Bug-2b7a62f5-a9da-4307-acf9-3343422adf29,1410468066477
786,0.0909091,0.0909091,0.363636,0.0909091,0.0909091,0.272727,2,Bug-2f9e53a7-323b-46f4-8b9c-736e5d098728,1395306617669
787,0.142857,0.142857,0.285714,0.142857,0.142857,0.142857,2,Bug-283c1fd4-41b2-40e4-8417-60f6f381cdfe,1384476341073
788,0.0294118,0.176471,0.5,0.235294,0.0294118,0.0294118,2,Bug-861d0635-e66d-4b99-b193-1234ff08b1c3,1385572304318
789,0.00504414,0.168979,0.00126103,0.311475,0.509458,0.0037831,4,Bug-fa858427-3550-4f22-8648-e39f5f49c711,1394092619133
790,0.0117647,0.941176,0.0117647,0.0117647,0.0117647,0.0117647,1,Bug-290a3b39-a413-49e2-8649-6b252c07824c,1374027616485
791,0.00787402,0.692913,0.15748,0.023622,0.00787402,0.110236,1,Bug-7389bdf0-a2c5-4e6e-ac6a-a99979b1f990,1407860734710
792,0.00404858,0.34413,0.0688259,0.00404858,0.57085,0.00809717,4,Bug-b0addb87-bd2a-43b4-829e-d2b4ea26aac7,1376606747188
793,0.00813008,0.0487805,0.382114,0.00813008,0.219512,0.333333,2,Bug-c89e6e3a-9310-412d-94f9-9dfd86f9ac5d,1391451212025
794,0.210526,0.263158,0.368421,0.0526316,0.0526316,0.0526316,2,Bug-4e2c182b-cb45-4c56-8c54-da8169c7963a,1406866717515
795,0.00990099,0.910891,0.039604,0.00990099,0.019802,0.00990099,1,Bug-91c167ce-4b97-42eb-95a2-6434954af001,1391390860216
796,0.142857,0.142857,0.285714,0.142857,0.142857,0.142857,2,Bug-0eb1903f-a005-4e26-b97f-3a756de86554,1397233662086
797,0.0311203,0.358921,0.0103734,0.134855,0.412863,0.0518672,4,Bug-61fe4169-d031-4b03-be4f-553298216bd4,1383813974628
798,0.0199637,0.264065,0.0771325,0.549002,0.069873,0.0199637,3,Bug-f2bcea2b-336a-45a3-94fd-fe557d075842,1401585321711
799,0.125,0.125,0.375,0.125,0.125,0.125,2,Bug-9f2c969b-5100-415e-876e-c05b5b1a6fec,1390938236059
800,0.0111732,0.377095,0.402235,0.0027933,0.0223464,0.184358,2,Bug-504dc520-4f10-4afd-9b11-a44a4b1bf473,1372725511154
801,0.00236967,0.28436,0.111374,0.00473934,0.338863,0.258294,4,Bug-0c27f7c5-1956-4e9a-8646-a28451040005,1401666345889
802,0.0636364,0.505455,0.0890909,0.327273,0.00181818,0.0127273,1,Bug-9bdc28e2-6c1a-437c-a6ad-892d2971cada,1394063337779
803,0.00819672,0.811475,0.0655738,0.00819672,0.0163934,0.0901639,1,Bug-7c9791dd-9df2-40fc-99d6-5bc49434bab2,1398992782441
804,0.0687023,0.0305344,0.534351,0.0407125,0.236641,0.0890585,2,Bug-876083b3-7720-4028-a290-af1776e16739,1378935896622
805,0.00251256,0.748744,0.153266,0.00753769,0.00502513,0.0829146,1,Bug-828a6223-1538-4716-84d0-9dfbb964bcff,1407437485752
806,0.00348432,0.289199,0.0696864,0.00348432,0.00348432,0.630662,5,Bug-ab84cbd4-7b38-4df1-a308-5ff7c31d814c,1373743528465
807,0.0246914,0.880658,0.0823045,0.00411523,0.00411523,0.00411523,1,Bug-e417b223-660a-4683-90f6-923c50ed2774,1386573057967
808,0.0135135,0.932432,0.0135135,0.0135135,0.0135135,0.0135135,1,Bug-e35e7c1d-0db9-4712-a419-b5f8118d3f99,1404778610529
809,0.00980392,0.921569,0.0294118,0.00980392,0.0196078,0.00980392,1,Bug-81037ed7-aa88-4953-8b83-22675a797646,1397955639781
810,0.0833333,0.0833333,0.5,0.0833333,0.0833333,0.166667,2,Bug-26edc815-3bb0-49cc-b2b0-d9c1a1d5eb97,1394497388500
811,0.0138889,0.861111,0.0694444,0.0138889,0.0277778,0.0138889,1,Bug-18199d91-a8e5-46be-b2ae-015fc833e8cc,1383085209211
812,0.0735294,0.147059,0.00735294,0.0147059,0.75,0.00735294,4,Bug-5796bd32-26cb-49e9-b590-49163e2e9244,1367923467158
813,0.0714286,0.642857,0.0714286,0.0714286,0.0714286,0.0714286,1,Bug-efafdd87-2481-42ca-a644-12ebd114a3be,1390110822846
814,0.0833333,0.333333,0.333333,0.0833333,0.0833333,0.0833333,1,Bug-a03c84ae-6213-4f23-8e0a-141400e7d276,1390839298788
815,0.0031348,0.0595611,0.128527,0.0376176,0.476489,0.294671,4,Bug-c448a772-f482-48d6-9c75-3a8073107b52,1379545896322
816,0.0311526,0.557632,0.133956,0.00623053,0.00311526,0.267913,1,Bug-4dfbf35d-1501-4e38-80d0-3937c833c259,1364542145896
817,0.0214425,0.382066,0.417154,0.0253411,0.0116959,0.1423,2,Bug-e4f86270-af6a-459e-85d2-69b68376505d,1362438774978
818,0.32,0.02,0.02,0.38,0.2,0.06,3,Bug-d8970e02-9a42-4ed0-989a-790b82db886f,1386820178141
819,0.0833333,0.0833333,0.416667,0.0833333,0.25,0.0833333,2,Bug-48e46dc0-3265-42e5-8c56-d40f9b46576d,1398116507311
820,0.00571429,0.531429,0.102857,0.0171429,0.00571429,0.337143,1,Bug-f1d4dd06-cde8-45c7-83e5-b5bc83fe3f8f,1408406997065
821,0.0342772,0.0208644,0.825633,0.0730253,0.0357675,0.0104322,2,Bug-7bad26ef-08ec-490f-a59d-9c1f85e039dd,1405072930283
822,0.00740741,0.844444,0.0814815,0.00740741,0.0444444,0.0148148,1,Bug-47f7bd86-60b7-458e-85d3-13cb0853f208,1398896149913
823,0.939042,0.0551524,0.00145138,0.00145138,0.00145138,0.00145138,0,Bug-0895c33d-bc3c-4be2-a614-030db063abde,1364544315510
824,0.00769231,0.115385,0.169231,0.153846,0.523077,0.0307692,4,Bug-16ab3c74-3e4e-4b5c-b520-2687f65dbb74,1383121210014
825,0.0394737,0.0804094,0.00146199,0.836257,0.0394737,0.00292398,3,Bug-ea73afb8-eaa8-4c17-9e30-349c52eb7904,1383947755597
826,0.0157068,0.769634,0.0890052,0.026178,0.0052356,0.0942408,1,Bug-6360fc01-c73b-4cc2-8dda-f249c9b63a3a,1393667151364
827,0.0761905,0.609524,0.228571,0.0285714,0.00952381,0.047619,1,Bug-0b3b32d1-1949-4506-aa1d-6c2ab34eeda3,1394564565236
828,0.1,0.1,0.4,0.1,0.1,0.2,2,Bug-91a49e9f-ead3-43e9-bdba-cba4c2dd7dba,1410822672559
829,0.0454545,0.0454545,0.545455,0.0454545,0.0909091,0.227273,2,Bug-67713945-4a3e-43a5-bf6d-6964b40a176b,1386643084921
830,0.176471,0.588235,0.0588235,0.0588235,0.0588235,0.0588235,1,Bug-4a72a6a0-41c3-456a-bbe1-6bc4401aeba9,1408599898268
831,0.125,0.25,0.25,0.125,0.125,0.125,1,Bug-61485fd5-4f23-4f86-8be3-34a573fa6543,1375916887140
832,0.00120048,0.386555,0.0840336,0.00360144,0.00960384,0.515006,5,Bug-c2a39974-fc8a-43f3-92bc-228b48339081,1392308383588
833,0.0129032,0.629032,0.270968,0.0806452,0.00322581,0.00322581,1,Bug-afbb4fb1-4646-4bf4-a5be-6502b65cb3a9,1398789970170
834,0.015873,0.920635,0.015873,0.015873,0.015873,0.015873,1,Bug-6fb0304e-d507-4c6a-a21f-d9c16e366ec1,1394676056177
835,0.00465116,0.35814,0.125581,0.00465116,0.502326,0.00465116,4,Bug-8801014f-1777-4169-9daa-2516218659ff,1298974744785
836,0.047619,0.047619,0.761905,0.047619,0.047619,0.047619,2,Bug-6ab68ae9-5b6e-47d8-b246-6956b9c98490,1405667900866
837,0.0165746,0.0828729,0.248619,0.0331492,0.502762,0.116022,4,Bug-b8758a75-0203-4050-af1c-2a36118fc264,1402694321328
838,0.0136986,0.821918,0.0684932,0.0136986,0.0684932,0.0136986,1,Bug-c1a0ae9c-6e34-4dba-b8ad-c0b1c5d13bdf,1334037064379
839,0.00361011,0.245487,0.0216606,0.00361011,0.519856,0.205776,4,Bug-c91f20f3-6f30-4419-9f7c-b456b42199b1,1398877890572
840,0.755039,0.178295,0.0418605,0.00310078,0.00310078,0.0186047,0,Bug-5568a951-2c14-4978-82f2-1954e72c4e78,1381204460617
841,0.00970874,0.718447,0.15534,0.00970874,0.0970874,0.00970874,1,Bug-7bd270c6-27cc-4643-9203-b9ab352a1b62,1380735328555
842,0.100629,0.0251572,0.742138,0.100629,0.0188679,0.0125786,2,Bug-01249869-38de-41d1-820c-703c6079c90d,1405728399077
843,0.111111,0.111111,0.444444,0.111111,0.111111,0.111111,2,Bug-2360c0e0-9ee7-4b78-8ee4-f4eedd9b3586,1389732359241
844,0.0556328,0.229485,0.230876,0.114047,0.30459,0.0653686,4,Bug-314cbaf9-8d95-44e8-a7b4-b5d117cf50f4,1389216572376
845,0.0526316,0.210526,0.473684,0.0526316,0.157895,0.0526316,2,Bug-c7013f0a-cece-45af-8058-7e6e3c107c8b,1402343195374
846,0.0110865,0.281596,0.239468,0.0266075,0.348115,0.0931264,4,Bug-fc0df8e2-c2d7-4aa6-95cd-a3d53f8ed249,1383862781201
847,0.00990099,0.881188,0.0792079,0.00990099,0.00990099,0.00990099,1,Bug-9038320b-67ad-4f33-8853-d9a1a33a850e,1390449919185
848,0.0609756,0.195122,0.658537,0.0243902,0.00609756,0.054878,2,Bug-4b9cfa91-18d7-4afd-83f1-59c9e8e0e780,1386633586773
849,0.00636943,0.089172,0.0700637,0.00636943,0.821656,0.00636943,4,Bug-b4f97737-e820-4b90-b8a1-c59e6ad3d3c9,1376506368031
850,0.08,0.104615,0.32,0.0830769,0.409231,0.00307692,4,Bug-b528ad5e-b7d9-4496-acfa-201555c5cf22,1394817763262
851,0.136364,0.113636,0.636364,0.0227273,0.0681818,0.0227273,2,Bug-66a9ddd6-a314-4efe-bc4b-d5d27421caca,1401518911102
852,0.0195122,0.497561,0.341463,0.0195122,0.0926829,0.0292683,1,Bug-31548100-db9c-4ed7-82f1-9e70b1cca337,1381450556352
853,0.114754,0.245902,0.557377,0.0327869,0.0163934,0.0327869,2,Bug-b28b1419-1afc-4507-8e1b-9c9de998607b,1401408222219
854,0.0178571,0.0178571,0.607143,0.0178571,0.0178571,0.321429,2,Bug-2da704cb-7548-4618-9780-91a9f798d942,1410828424577
855,0.000905797,0.231884,0.468297,0.00634058,0.118659,0.173913,2,Bug-759ecf11-dffe-46e3-b847-740f23cf7a6c,1399371128238
856,0.00147493,0.467552,0.0943953,0.0501475,0.384956,0.00147493,1,Bug-140a1142-3cdc-465e-a47d-b18e69966c9d,1393545451283
857,0.0140845,0.84507,0.0985915,0.0140845,0.0140845,0.0140845,1,Bug-791b35ee-ea96-4811-9141-96a0c23bfda7,1382745309836
858,0.00849858,0.101983,0.373938,0.152975,0.249292,0.113314,2,Bug-0f04b268-c762-4cd5-99b0-bfd7c6ced09f,1399506055983
859,0.0434783,0.217391,0.608696,0.0434783,0.0434783,0.0434783,2,Bug-3c82f3c7-5f3e-4748-b012-3508ff43be9f,1405716425955
860,0.0103093,0.670103,0.185567,0.0412371,0.0824742,0.0103093,1,Bug-7d729abd-7d25-4f78-b1b4-e93fee6a7861,1334232431089
861,0.00558659,0.413408,0.49162,0.0391061,0.0335196,0.0167598,2,Bug-1af4a2b3-c787-4195-bb54-da05099d3524,1375605353837
862,0.836658,0.15212,0.000623441,0.000623441,0.000623441,0.00935162,0,Bug-d6f83476-a5b9-44bf-81e0-09bef23a9913,1409697042073
863,0.012987,0.792208,0.155844,0.012987,0.012987,0.012987,1,Bug-096709c2-4265-4be5-8d27-eb88e2052d92,1392851053042
864,0.00806452,0.524194,0.346774,0.104839,0.00806452,0.00806452,1,Bug-4e5e45e1-d955-41cb-9ab6-8e17d41a3b88,1381349900214
865,0.00854701,0.957265,0.00854701,0.00854701,0.00854701,0.00854701,1,Bug-d85ff305-6096-4b6d-afe6-0e21c982dc24,1408574375065
866,0.00934579,0.607477,0.28972,0.00934579,0.0747664,0.00934579,1,Bug-b3fb50bd-941e-4134-b4c2-fefe5d894f70,1314728704832
867,0.00763359,0.618321,0.00763359,0.00763359,0.00763359,0.351145,1,Bug-f2e5b27c-4478-4917-a2b9-9dcf7a650d8e,1372199981226
868,0.00326797,0.0620915,0.153595,0.0686275,0.614379,0.0980392,4,Bug-9b96ba06-ec87-4cc1-a895-8aa24c5d3b7e,1364973370046
869,0.027027,0.027027,0.828829,0.018018,0.00900901,0.0900901,2,Bug-34221512-bb91-41b4-adc7-d51a0f47e8ab,1376451931130
870,0.00286533,0.111748,0.0401146,0.025788,0.544413,0.275072,4,Bug-e2b17f85-cae6-44b1-a281-5fd4e66a4908,1381184868227
871,0.0909091,0.0909091,0.545455,0.0909091,0.0909091,0.0909091,2,Bug-6758e7e3-1717-4b45-987d-29e24523f845,1409299512986
872,0.387393,0.387393,0.167433,0.00590939,0.00328299,0.0485883,0,Bug-b12a3750-737b-49e6-a794-a3a80815fd7a,1371674232988
873,0.111111,0.111111,0.444444,0.111111,0.111111,0.111111,2,Bug-e4727f80-1956-420a-a40d-b615b4259cc4,1400664647857
874,0.0588235,0.0588235,0.352941,0.411765,0.0588235,0.0588235,3,Bug-c0f630f7-59f2-479e-8e59-c338c943fad7,1401576209136
875,0.0492611,0.773399,0.147783,0.00492611,0.00492611,0.0197044,1,Bug-e83b0837-cb7a-4803-a74d-78780e020f74,1380138828962
876,0.0258398,0.462532,0.00258398,0.496124,0.00258398,0.0103359,3,Bug-7ab87adb-d7a5-41ed-ad50-943491bd1367,1395296015221
877,0.0117647,0.941176,0.0117647,0.0117647,0.0117647,0.0117647,1,Bug-3b87ed00-7085-4d14-9bb9-e1d7cc605163,1367389759747
878,0.00341297,0.372014,0.0392491,0.00170648,0.581911,0.00170648,4,Bug-2f79e239-58b6-4ce9-90d4-54c5ed1b17c6,1405635031433
879,0.0166667,0.0166667,0.9,0.0166667,0.0333333,0.0166667,2,Bug-6776d5c6-c02e-466a-9126-af0f69be9a72,1378251467979
880,0.00265252,0.488064,0.0318302,0.0769231,0.397878,0.00265252,1,Bug-1e558128-7ecd-4775-a68d-caf70a03d2b4,1361496339816
881,0.578505,0.0654912,0.225861,0.0428212,0.0806045,0.00671704,0,Bug-2fc82099-9687-4e2c-8a97-16fa0ebc977f,1389157233988
882,0.1,0.1,0.4,0.1,0.1,0.2,2,Bug-76e0a225-16ae-432a-bda1-e0bf15b2b239,1394562513667
883,0.286572,0.29476,0.07369,0.121725,0.000545852,0.222707,1,Bug-45f9fcda-c94f-4c27-a8cf-1a2e406e08d1,1393616168380
884,0.125,0.0625,0.625,0.0625,0.0625,0.0625,2,Bug-4b2692e2-fb6d-4713-b8f5-ed18f3fc50bd,1389261195917
885,0.05,0.167857,0.139286,0.632143,0.00357143,0.00714286,3,Bug-578f12fd-0214-4abf-a36a-f709de02febc,1376434784889
886,0.01,0.1,0.11,0.01,0.76,0.01,4,Bug-f41d39d4-aec6-426d-be5a-ef42ec659672,1296675642955
887,0.333333,0.0555556,0.444444,0.0555556,0.0555556,0.0555556,2,Bug-68658d74-8820-4552-ae73-92a43cd2de0e,1400724852697
888,0.142857,0.142857,0.285714,0.142857,0.142857,0.142857,2,Bug-9f94d4dd-cfa7-43b9-b3cb-e6bef5fd487a,1410396672485
889,0.00425532,0.817021,0.131915,0.00425532,0.012766,0.0297872,1,Bug-4db2f6db-9a96-4fc5-b821-f9ba987ed4ff,1386112629774
890,0.716616,0.197757,0.0632008,0.0132518,0.00611621,0.0030581,0,Bug-94d48329-963b-4df2-9a3c-58f49768e245,1381290848884
891,0.0528053,0.250825,0.316832,0.00660066,0.369637,0.00330033,4,Bug-48b900f4-2291-4267-afde-0e94c30109ef,1396051293136
892,0.138922,0.0982036,0.362874,0.0167665,0.317365,0.0658683,2,Bug-040e4358-bf34-4db5-91c4-65d9ecafa0e8,1402495934499
893,0.015444,0.247104,0.011583,0.003861,0.00772201,0.714286,5,Bug-1b0f402d-a953-46f4-bff7-2670e9e1a665,1381442056952
894,0.00483092,0.0966184,0.338164,0.00483092,0.550725,0.00483092,4,Bug-4bcd45f9-d178-434c-b3e8-764831133e67,1385220240763
895,0.00342466,0.0958904,0.0342466,0.0171233,0.835616,0.0136986,4,Bug-2f612f97-04a0-4afc-bb93-2ed5863ed176,1360882913616
896,0.00704225,0.112676,0.309859,0.00704225,0.556338,0.00704225,4,Bug-41f8c28e-18ba-4888-b0c8-280f675598b7,1383154104945
897,0.215584,0.038961,0.0753247,0.0831169,0.524675,0.0623377,4,Bug-cce96da2-cecf-4a3b-806c-9932df1c7db3,1408634255774
898,0.00378788,0.306818,0.492424,0.0227273,0.113636,0.0606061,2,Bug-df6a1dd4-89b7-48fc-9e6c-e6528998a9ee,1393373807581
899,0.00724638,0.057971,0.710145,0.115942,0.0507246,0.057971,2,Bug-3fc5513e-5e18-4cf8-863b-5e7d52fcebff,1383243273266
900,0.1,0.2,0.4,0.1,0.1,0.1,2,Bug-dd3cea2c-5d6b-4836-8025-da26680c7d13,1405406745135
901,0.0909091,0.0909091,0.454545,0.0909091,0.0909091,0.181818,2,Bug-4c9414ba-b2d7-4af1-b7de-1dbc101ddbcd,1381796663245
902,0.00877193,0.95614,0.00877193,0.00877193,0.00877193,0.00877193,1,Bug-86a23df6-f6d1-4cf1-bdb2-97010930d1c7,1390516925290
903,0.0117647,0.847059,0.105882,0.0117647,0.0117647,0.0117647,1,Bug-db8ba6de-7a97-48f1-bb0a-241a5bd161db,1396591204890
904,0.0544218,0.503401,0.421769,0.00680272,0.00680272,0.00680272,1,Bug-53f7fc6f-b80a-4795-a6f8-5281c21a6126,1396593505787
905,0.0044843,0.302691,0.233184,0.0044843,0.00224215,0.452915,5,Bug-6957dea9-0fa0-4132-9fbe-ce93ac9f1bba,1370429702627
906,0.00621118,0.906832,0.0496894,0.0186335,0.0124224,0.00621118,1,Bug-1bef1841-d7c7-48c6-bbbf-f46f2f793440,1410573183394
907,0.00584795,0.134503,0.181287,0.0175439,0.614035,0.0467836,4,Bug-e55b3444-fe4a-47ea-ac87-90d97e5f4b5c,1250738057975
908,0.0149254,0.0597015,0.798507,0.0671642,0.0522388,0.00746269,2,Bug-90176967-76d0-47b0-8a4d-0b612fa92932,1392447558294
909,0.0035461,0.712766,0.244681,0.0212766,0.0141844,0.0035461,1,Bug-2204b783-077b-4f72-9094-8be9869d4542,1396535127299
910,0.00381679,0.80916,0.114504,0.00381679,0.00381679,0.0648855,1,Bug-2b223fca-b795-4eac-ac75-29af23824224,1383537769390
911,0.0405904,0.276753,0.413284,0.0553506,0.107011,0.107011,2,Bug-5ecbeb35-3c07-4f5d-a403-dbdc0ee71636,1377062936088
912,0.00172712,0.172712,0.00172712,0.0345423,0.785838,0.00345423,4,Bug-32026f28-18c4-41e3-8c85-6615f408c75f,1382491794210
913,0.142857,0.142857,0.142857,0.142857,0.285714,0.142857,4,Bug-95e0a3fc-8513-44e2-9412-1e8d937b2858,1380161788931
914,0.0769231,0.0769231,0.615385,0.0769231,0.0769231,0.0769231,2,Bug-b651670b-86bd-4ef6-9286-c6f9294286b8,1377278149096
915,0.00724638,0.0362319,0.637681,0.0507246,0.0942029,0.173913,2,Bug-039343c6-daaa-43a0-85be-74ad4bab8ccc,1367088734763
916,0.00609756,0.396341,0.493902,0.0914634,0.00609756,0.00609756,2,Bug-1f1d58b7-8d7f-4906-a89c-ea8a6ed7df5e,1368344827406
917,0.010101,0.878788,0.0606061,0.010101,0.030303,0.010101,1,Bug-dbd51248-48a9-4a38-9e45-f3d9996aee90,1389848844660
918,0.00213675,0.309829,0.017094,0.00213675,0.645299,0.0235043,4,Bug-18d6106a-a696-40c8-a3f2-2eff68fee9d3,1397556665925
919,0.00564972,0.40113,0.389831,0.129944,0.0508475,0.0225989,1,Bug-9276ec1f-ee90-40b8-a58e-6aa2dbc57b28,1380233125194
920,0.00219298,0.120614,0.252193,0.0197368,0.60307,0.00219298,4,Bug-1d5362f0-73ce-46b5-9f51-a405b9e3daf1,1407609104913
921,0.1,0.1,0.4,0.1,0.2,0.1,2,Bug-27259e14-f169-4260-9858-9b05b2b5f953,1383765645924
922,0.015625,0.953125,0.0078125,0.0078125,0.0078125,0.0078125,1,Bug-d724d46d-3ae1-4acb-88b3-cc2fc84ce21c,1340539499573
923,0.0326087,0.923913,0.0108696,0.0108696,0.0108696,0.0108696,1,Bug-a27942b2-931c-460a-baf1-40bffa1244ef,1387392661826
924,0.1,0.1,0.4,0.1,0.1,0.2,2,Bug-bc8ae606-1846-4ec7-96f5-ace84221d1eb,1394040178638
925,0.0212766,0.0851064,0.723404,0.0212766,0.12766,0.0212766,2,Bug-e31fa698-f0d0-45f4-b9ef-c9f27cf09cb2,1386807679586
926,0.00636943,0.0955414,0.0764331,0.0828025,0.732484,0.00636943,4,Bug-10a55ac5-1279-4533-a438-dab66692629d,1394818621743
927,0.0123457,0.938272,0.0123457,0.0123457,0.0123457,0.0123457,1,Bug-6ca90961-ee26-4d0a-8d21-68fd41f6e8dc,1407934250357
928,0.0121212,0.806061,0.0424242,0.00606061,0.00606061,0.127273,1,Bug-171a0079-0c77-4f7a-879f-37016e3c6616,1365550126078
929,0.016129,0.919355,0.016129,0.016129,0.016129,0.016129,1,Bug-8cfec4f2-952e-4f38-acd4-c28eb2740920,1396034154091
930,0.897712,0.0915209,0.0013459,0.00672948,0.0013459,0.0013459,0,Bug-aa0ec5ba-4cfd-4ca9-9a73-44fc6e263daa,1394757177849
931,0.00763359,0.923664,0.0458015,0.00763359,0.00763359,0.00763359,1,Bug-cc46016f-05ae-45c9-88f6-2b44f1176016,1248307483367
932,0.142857,0.142857,0.285714,0.142857,0.142857,0.142857,2,Bug-b5563483-4e38-4769-afa8-f18249be6d2c,1394239307287
933,0.00413223,0.272727,0.0123967,0.00413223,0.00413223,0.702479,5,Bug-1091570d-dd70-4b4b-b736-9d7218a9a888,1395985576872
934,0.00805639,0.0624371,0.335347,0.0100705,0.449144,0.134945,4,Bug-3cd7a06f-c7d2-448c-af61-a50058d45972,1368570807737
935,0.0347222,0.184028,0.00347222,0.663194,0.00347222,0.111111,3,Bug-88597a37-35ab-4a35-b949-e9bdd20f00bd,1395967370240
936,0.142857,0.142857,0.142857,0.142857,0.285714,0.142857,4,Bug-9719b7d9-e054-43f0-bca8-9da6a39834ff,1393645168456
937,0.00220751,0.196468,0.0463576,0.013245,0.013245,0.728477,5,Bug-82607f96-bde9-431d-8206-e8e98ff4bf20,1384854477163
938,0.0833333,0.0833333,0.5,0.0833333,0.0833333,0.166667,2,Bug-a993e4d3-c3eb-4526-b649-cb658034ebfb,1396048828683
939,0.00826446,0.702479,0.173554,0.00826446,0.0909091,0.0165289,1,Bug-d05c3d26-eb86-4edc-9de6-dab259f00964,1348524703367
940,0.111111,0.222222,0.111111,0.333333,0.111111,0.111111,3,Bug-b572a412-7674-4bdb-9d93-83d0b445548d,1409178300146
941,0.00436681,0.703057,0.0611354,0.0218341,0.0305677,0.179039,1,Bug-52b655a0-cabf-42e9-87d3-37f3c90958fb,1391195014576
942,0.00259067,0.42228,0.450777,0.0181347,0.0362694,0.0699482,2,Bug-ef7b0a9e-73ee-488f-97cc-c0146f465f69,1391204077906
943,0.0120482,0.903614,0.0120482,0.0120482,0.0481928,0.0120482,1,Bug-43695c7b-6482-43f7-8fdc-4541fcd3dc4e,1377159811033
944,0.00877193,0.219298,0.00438596,0.741228,0.00438596,0.0219298,3,Bug-54bbef09-d2df-4e4f-80a7-f984285e3840,1382061180705
945,0.00184162,0.217311,0.112339,0.158379,0.491713,0.0184162,4,Bug-a224bf47-069a-471c-80bb-d53efd48c81e,1396060352664
946,0.010989,0.945055,0.010989,0.010989,0.010989,0.010989,1,Bug-13bb3f8a-e9f3-450f-8ac1-11f37871d50a,1347938655794
947,0.00719424,0.151079,0.00719424,0.00719424,0.820144,0.00719424,4,Bug-4abc40eb-9862-4c65-8c88-d8b04818866a,1382479407623
948,0.00558659,0.972067,0.00558659,0.00558659,0.00558659,0.00558659,1,Bug-b39c99f7-89d6-4adc-af37-690cef2a7444,1390450425856
949,0.00724638,0.949275,0.0217391,0.00724638,0.00724638,0.00724638,1,Bug-a1658aa5-2442-4946-ae0e-a0737aa5aa4d,1409709648078
950,0.0555556,0.0555556,0.722222,0.0555556,0.0555556,0.0555556,2,Bug-e70d2ffb-779a-4cd1-ae9c-976630d0c123,1401759852976
951,0.0769231,0.0769231,0.384615,0.230769,0.0769231,0.153846,2,Bug-fd94eb4d-6ded-4b4f-95e6-10994425714c,1403199655488
952,0.0144,0.2048,0.2544,0.0384,0.4656,0.0224,4,Bug-552cdfe1-fdee-4e53-b8b3-50f14b6f8f68,1394645210269
953,0.025974,0.857143,0.025974,0.0649351,0.012987,0.012987,1,Bug-758c8f4f-69bf-4610-936d-36be584d6198,1376341264483
954,0.00456621,0.351598,0.461187,0.0456621,0.0228311,0.114155,2,Bug-b4edc657-f62a-479a-9761-b45a7fe82d33,1388709926448
955,0.015873,0.873016,0.031746,0.015873,0.047619,0.015873,1,Bug-ef8295d0-125a-4f41-b466-c701fce54d11,1407116367894
956,0.00628931,0.0974843,0.242138,0.00943396,0.575472,0.0691824,4,Bug-5f7e37a5-d7a9-48cd-aeb0-b644f60a5f12,1408152006291
957,0.015625,0.890625,0.015625,0.046875,0.015625,0.015625,1,Bug-1a9f9034-7906-4f7b-bb71-ee5dd43213a0,1400087718874
958,0.00337838,0.199324,0.533784,0.0675676,0.00675676,0.189189,2,Bug-72c1cb1e-880a-40ac-9bcd-76b9c8fdcbff,1386423131365
959,0.0940171,0.017094,0.504274,0.247863,0.0769231,0.0598291,2,Bug-59e274bd-155e-4a17-8392-efea476119b5,1297720897502
960,0.0586957,0.148068,0.0350242,0.13913,0.000483092,0.618599,5,Bug-4564a851-8d1b-4e48-8972-1bca176d5d36,1372719280672
961,0.047619,0.285714,0.428571,0.047619,0.047619,0.142857,2,Bug-27a5c133-1ffb-4e79-918c-b058852ac4e6,1367028298350
962,0.107664,0.0337591,0.660584,0.134124,0.0364964,0.0273723,2,Bug-9105bd86-79cc-4ea0-a200-bda41d879bc8,1387831859761
963,0.0666667,0.0666667,0.666667,0.0666667,0.0666667,0.0666667,2,Bug-0de8cb02-85a1-408b-b039-50650a452ecc,1397847805165
964,0.0410448,0.585821,0.242537,0.00373134,0.123134,0.00373134,1,Bug-fce90412-2938-4b5e-b9fa-ef6df90397ae,1381354503049
965,0.0125,0.58125,0.35,0.01875,0.00625,0.03125,1,Bug-728f60a8-f9ce-4c0a-b427-ac89b37aa340,1330041350212
966,0.0196078,0.72549,0.107843,0.00980392,0.00980392,0.127451,1,Bug-38140bb8-f528-49d0-ab31-7b26e91eee6c,1380925992668
967,0.270142,0.0758294,0.0521327,0.042654,0.511848,0.0473934,4,Bug-9e953b9d-7c69-42c6-be2e-c22de049ce79,1390246498625
968,0.0294118,0.147059,0.617647,0.117647,0.0588235,0.0294118,2,Bug-a9c1fe1c-a534-4619-8e08-95f5e4a6a054,1407893553658
969,0.180328,0.0655738,0.229508,0.491803,0.0163934,0.0163934,3,Bug-77d628b4-09c0-44ef-b1a4-b859a568d7fd,1393271878838
970,0.00515464,0.927835,0.0154639,0.00515464,0.00515464,0.0412371,1,Bug-bdbbab51-d173-4916-af15-972d8eea4629,1380246324423
971,0.0833333,0.0833333,0.583333,0.0833333,0.0833333,0.0833333,2,Bug-c442b35b-8fcf-4bd9-8f02-a40b01587c7f,1376972830215
972,0.0909091,0.0909091,0.545455,0.0909091,0.0909091,0.0909091,2,Bug-ca3d12aa-7066-4143-9307-d67c52f47668,1381342705291
973,0.0666667,0.133333,0.466667,0.0666667,0.2,0.0666667,2,Bug-51ca1403-1746-49e5-bab6-f16a06591492,1394571368717
974,0.00990099,0.00990099,0.346535,0.029703,0.19802,0.405941,5,Bug-e9903136-78fe-4f64-9da6-3fef49362ece,1398117967150
975,0.0111111,0.7,0.222222,0.0444444,0.0111111,0.0111111,1,Bug-7a7cf69e-6fac-4d8c-9bb1-d2b92430e27b,1384817316959
976,0.00943396,0.00943396,0.896226,0.00943396,0.00943396,0.0660377,2,Bug-4444fbc7-777f-479d-8f7d-01d1dbaa166b,1395098053677
977,0.0196078,0.705882,0.0392157,0.00980392,0.00980392,0.215686,1,Bug-294598c6-a6b9-452a-96d6-c290392fa8ac,1351489274785
978,0.0151515,0.924242,0.0151515,0.0151515,0.0151515,0.0151515,1,Bug-d765e925-1ba6-41e1-9daf-f2672ac5d271,1377304643647
979,0.00589391,0.81336,0.125737,0.00392927,0.0117878,0.0392927,1,Bug-2f456d02-641c-4687-b521-aca703789c5f,1400103881939
980,0.00380228,0.34981,0.026616,0.00380228,0.612167,0.00380228,4,Bug-53d2b85d-599e-4e85-af6b-8481ffa52ebd,1392684861232
981,0.00421941,0.966245,0.0168776,0.00421941,0.00421941,0.00421941,1,Bug-43508c95-6d46-438a-bf29-a803474c832a,1395817960384
982,0.0103093,0.742268,0.0721649,0.0103093,0.0103093,0.154639,1,Bug-658f1e96-838b-41bc-87b3-177232d7ae5a,1404357668977
983,0.011236,0.820225,0.11236,0.011236,0.011236,0.0337079,1,Bug-f64ac8b1-3678-4eb5-9dbb-36d8e9b2006f,1403835676504
984,0.00787402,0.102362,0.0393701,0.0393701,0.80315,0.00787402,4,Bug-59b15842-c057-413f-b3e7-46aacf7b9785,1408994563620
985,0.0142857,0.814286,0.128571,0.0142857,0.0142857,0.0142857,1,Bug-871e0273-c200-43b9-98a8-ee94169b6ad1,1395723375327
986,0.00833333,0.858333,0.0583333,0.00833333,0.00833333,0.0583333,1,Bug-0d0195d7-b5e1-4919-9176-92bac180c107,1342640326804
987,0.0112994,0.79096,0.118644,0.0734463,0.00282486,0.00282486,1,Bug-12bf71be-2043-4d45-95f9-edb1267577ab,1375942980338
988,0.00377358,0.128302,0.101887,0.045283,0.716981,0.00377358,4,Bug-ea28e58c-428f-47a7-9b81-b3f930e564ab,1383146926794
989,0.00452489,0.0769231,0.162896,0.0135747,0.692308,0.0497738,4,Bug-59aca119-2019-4d92-8f2d-c122be99a2b1,1379586726654
990,0.03125,0.03125,0.65625,0.21875,0.03125,0.03125,2,Bug-f7a4c4ef-e883-4d1a-b524-692be4f7f6d8,1382028545358
991,0.0121951,0.939024,0.0121951,0.0121951,0.0121951,0.0121951,1,Bug-6650e24e-a9c5-4df4-a370-e4d5e287ee47,1380678365054
992,0.0709677,0.0645161,0.690323,0.16129,0.00645161,0.00645161,2,Bug-8a535dd1-8492-44ec-b6c2-89371978d5b8,1400806020863
993,0.016129,0.258065,0.580645,0.016129,0.016129,0.112903,2,Bug-59c3e3e8-de87-4f6a-a93d-50edece2a1f0,1376503113022
994,0.0171131,0.234375,0.0223214,0.345982,0.217262,0.162946,3,Bug-030f2c66-2624-402f-9688-b0f35c94966e,1367945470539
995,0.0666667,0.0666667,0.533333,0.0666667,0.0666667,0.2,2,Bug-69eb5985-deab-48c5-8834-34273d8ba4e2,1386366847917
996,0.0643087,0.324759,0.480707,0.117363,0.00160772,0.011254,2,Bug-7f88d035-2d7c-4469-af6d-e025ca4cf46c,1397168416430
997,0.00591716,0.573964,0.284024,0.00591716,0.00591716,0.12426,1,Bug-5c2b0c74-464c-4c49-bd24-907737501bbd,1403414539182
998,0.0694444,0.0555556,0.652778,0.0138889,0.0833333,0.125,2,Bug-031e81bb-8edf-431a-b974-221549f634d4,1379298412110
999,0.00229358,0.433486,0.233945,0.0688073,0.0137615,0.247706,1,Bug-fb25c5c0-24c6-486d-a59b-541fc2999f38,1382753693487
1000,0.00617284,0.0864198,0.00617284,0.00617284,0.888889,0.00617284,4,Bug-989be673-94dd-432b-9d25-6e0b3dbb54e1,1410424259282
1001,0.00131234,0.30315,0.136483,0.011811,0.30315,0.244094,1,Bug-a6e7e826-eb99-4534-b394-acaddb36bc4d,1386703344960
1002,0.0149254,0.731343,0.208955,0.0149254,0.0149254,0.0149254,1,Bug-6c9756be-e0ea-492c-a273-6af258ba318f,1386283686637
1003,0.00530504,0.30504,0.432361,0.0159151,0.061008,0.180371,2,Bug-907806d0-80b2-463f-a858-0373d1634170,1372096392838
1004,0.0135135,0.891892,0.0405405,0.027027,0.0135135,0.0135135,1,Bug-ea6d6a55-ee03-42bb-966a-6324fceceeb3,1387788772263
1005,0.00344828,0.0241379,0.57931,0.0310345,0.1,0.262069,2,Bug-11c2ac45-409a-4b8d-8d3f-f3e0ef2fec6f,1389047189680
1006,0.00729927,0.963504,0.00729927,0.00729927,0.00729927,0.00729927,1,Bug-ea71ce46-e3de-4e8a-a20f-4631338e6ff4,1375775189306
1007,0.008,0.064,0.776,0.016,0.008,0.128,2,Bug-b7697aa7-7b9d-40a6-8e44-b62a90f40db4,1379654031933
1008,0.0108696,0.945652,0.0108696,0.0108696,0.0108696,0.0108696,1,Bug-cf101701-c4a6-4496-bd92-84ecd4970343,1397052199617
1009,0.0035461,0.943262,0.0141844,0.0035461,0.0035461,0.0319149,1,Bug-56302da8-6576-4d7a-8bcd-c6512b71a776,1400275788437
1010,0.00869565,0.817391,0.113043,0.00869565,0.0434783,0.00869565,1,Bug-7e59da63-5ffc-43ec-94ab-3b5bc9f03021,1397594842103
1011,0.227273,0.136364,0.5,0.0454545,0.0454545,0.0454545,2,Bug-876c3d6f-1d04-421a-b54a-b71b2a0d989b,1409342319851
1012,0.0909091,0.181818,0.272727,0.272727,0.0909091,0.0909091,2,Bug-e5a7530e-58da-4a06-9cfc-2811fbc5d257,1407787424086
1013,0.0224719,0.898876,0.011236,0.011236,0.0449438,0.011236,1,Bug-e350a6c6-1db4-4990-85d5-a246fe2da04f,1397180373190
1014,0.111111,0.111111,0.444444,0.111111,0.111111,0.111111,2,Bug-e8f24b50-255b-47e2-a842-022f9070b4cc,1389046125362
1015,0.0384615,0.0384615,0.576923,0.0384615,0.0769231,0.230769,2,Bug-22ea63c6-2f84-4b3f-b253-7f5fb657b728,1397576322969
1016,0.00472813,0.208038,0.0969267,0.00472813,0.607565,0.0780142,4,Bug-2518bbdd-331c-42ce-990b-82dd9dbfddfb,1383859431025
1017,0.160839,0.0034965,0.597902,0.0699301,0.104895,0.0629371,2,Bug-ceeb78f3-a441-4c97-a093-0fb4d1602fd5,1387490231762
1018,0.0526316,0.105263,0.526316,0.210526,0.0526316,0.0526316,2,Bug-0741ce63-3f9f-4007-ad25-e771805d3c0c,1311718318673
1019,0.0769231,0.0769231,0.307692,0.0769231,0.153846,0.307692,2,Bug-d6fe017d-290d-46f7-9478-3c84a4f66e15,1350432166726
1020,0.00870827,0.538462,0.341074,0.0449927,0.0348331,0.0319303,1,Bug-ca334db5-84c0-4f85-9fa8-5eef14ab24eb,1390763755477
1021,0.0530303,0.0227273,0.780303,0.00757576,0.0378788,0.0984848,2,Bug-83bce59e-87a9-4051-8ca5-ce97c2ed9dcc,1402953472685
1022,0.0075188,0.819549,0.037594,0.0075188,0.0075188,0.120301,1,Bug-fa339ae6-564e-46dd-b8fb-ac2ab7ddffc8,1380923436784
1023,0.0245902,0.737705,0.188525,0.00819672,0.0327869,0.00819672,1,Bug-8359ec46-bad9-4092-a90c-3537f525f725,1408989165184
1024,0.0143885,0.0719424,0.640288,0.0323741,0.154676,0.0863309,2,Bug-7aafd73a-f390-406d-8192-061878eed345,1386039839762
1025,0.04,0.04,0.44,0.4,0.04,0.04,2,Bug-296abf2d-051d-4507-8de2-c7a3c211dafe,1387855456908
1026,0.0416667,0.333333,0.291667,0.0416667,0.125,0.166667,1,Bug-10e342a7-da1a-4e72-8079-861ecbb377f5,1380589428095
1027,0.018797,0.334586,0.0432331,0.543233,0.0018797,0.0582707,3,Bug-64875e51-830d-471e-85f6-186177a4a87c,1399678926601
1028,0.00331675,0.0597015,0.442786,0.0182421,0.474295,0.00165837,4,Bug-641b6a10-7870-4237-9f29-e155f24dd1c4,1367202644373
1029,0.142857,0.142857,0.142857,0.142857,0.285714,0.142857,4,Bug-80c8932a-52e5-4c26-b64e-9e5eec3542d4,1374854732242
1030,0.00813008,0.296748,0.0528455,0.223577,0.412602,0.00609756,4,Bug-9a1ede7e-cad8-4352-b24e-fb4a78eedc4b,1394720996551
1031,0.148148,0.0648148,0.666667,0.101852,0.00925926,0.00925926,2,Bug-6b6a98e3-6545-47fc-95d4-36eb01a832b7,1382009027194
1032,0.0084317,0.129848,0.104553,0.00168634,0.647555,0.107926,4,Bug-08a0a471-4660-4da1-94a5-2a3a1ed35062,1380066328745
1033,0.166667,0.0555556,0.444444,0.0555556,0.166667,0.111111,2,Bug-c97a9955-6ca1-44db-acef-dccce702f3f7,1393399843284
1034,0.00943396,0.575472,0.113208,0.00943396,0.0660377,0.226415,1,Bug-87fd1881-60ef-4c22-968f-169665ddb30f,1397086882126
1035,0.0625,0.0625,0.6875,0.0625,0.0625,0.0625,2,Bug-a6afda27-123d-46fb-9e86-95da7e06bd65,1408550363993
1036,0.00869565,0.66087,0.121739,0.182609,0.0173913,0.00869565,1,Bug-b4514a7f-95b2-4f17-a6a5-6ba94d49930b,1400553177316
1037,0.0340909,0.0369318,0.542614,0.255682,0.0227273,0.107955,2,Bug-a715204f-caf0-4f8d-9663-b832b11c1a50,1383522156346
1038,0.0434517,0.124847,0.29743,0.0587515,0.449204,0.0263158,4,Bug-3c9e6b80-674b-41fb-8e49-41a07f99c9f6,1381611191853
1039,0.0166667,0.916667,0.0166667,0.0166667,0.0166667,0.0166667,1,Bug-88b7aae7-88df-46b2-b88e-a63f71d7ba74,1393085957670
1040,0.1,0.5,0.1,0.1,0.1,0.1,1,Bug-57c4637b-719e-4fe3-bbfb-3b8c53847ff4,1390013939582
1041,0.0909091,0.0909091,0.545455,0.0909091,0.0909091,0.0909091,2,Bug-e08c3bdb-d212-4795-940f-03714f7ab35c,1362505304792
1042,0.015873,0.047619,0.436508,0.0198413,0.301587,0.178571,2,Bug-439c7702-4615-48ab-9787-0f70a9ef91d4,1396227883815
1043,0.00943396,0.886792,0.00943396,0.00943396,0.0754717,0.00943396,1,Bug-66531039-d4d9-45fa-86d1-6f3ac5f733db,1386724710935
1044,0.0380079,0.229358,0.0694626,0.0563565,0.605505,0.00131062,4,Bug-e3c9add8-48ad-4abb-8f25-6596146715f5,1400227812504
1045,0.0269687,0.337648,0.449838,0.0625674,0.02589,0.0970874,2,Bug-6276e71d-7370-4669-8e55-4b25d06719d5,1401243385623
1046,0.0239899,0.17298,0.602273,0.130051,0.010101,0.0606061,2,Bug-d807a987-c175-4a79-b5c4-4f50b312463c,1405469548052
1047,0.0555556,0.0833333,0.722222,0.0277778,0.0833333,0.0277778,2,Bug-f3d8354d-07e0-4823-9f4b-e24da05fa395,1390450425514
1048,0.00666667,0.54,0.246667,0.04,0.00666667,0.16,1,Bug-3b708763-7d0e-4692-b17d-c5b8766fa85e,1402594359472
1049,0.00342466,0.356164,0.386986,0.0479452,0.00342466,0.202055,2,Bug-da4b130f-21bb-4bca-b41e-0e0a8507e96c,1371076760009
1050,0.0769231,0.615385,0.0769231,0.0769231,0.0769231,0.0769231,1,Bug-e2e1ba6c-bf67-4373-b1ac-c50e1ebba782,1381880456457
1051,0.0105263,0.947368,0.0105263,0.0105263,0.0105263,0.0105263,1,Bug-0b152b1e-8b24-4c9b-904f-37203d36befb,1410678442056
1052,0.0108696,0.836957,0.0108696,0.0108696,0.0217391,0.108696,1,Bug-dc47fece-dd61-4d8e-ad4d-b5c8475d2101,1406161811219
1053,0.00446429,0.357143,0.107143,0.0714286,0.455357,0.00446429,4,Bug-fccfa589-e293-4efb-ac44-300642fbd61b,1395182903375
1054,0.08,0.16,0.44,0.04,0.04,0.24,2,Bug-9b217c3f-b4b1-47d5-b39f-606b00d97e22,1397764811685
1055,0.00704225,0.84507,0.112676,0.00704225,0.00704225,0.0211268,1,Bug-561e7027-9faa-4a23-b01a-99a8e33855d5,1405639527800
1056,0.00228833,0.0869565,0.0778032,0.0343249,0.00228833,0.796339,5,Bug-c38ae224-d7e3-4a5e-a40d-db2e18379abc,1390377333004
1057,0.04,0.04,0.6,0.24,0.04,0.04,2,Bug-76e65f0f-ad17-4108-9e11-24a4ff6eef28,1368602682442
1058,0.0416667,0.0833333,0.416667,0.125,0.291667,0.0416667,2,Bug-40da9efa-2aea-47fa-b95e-004fc22f1228,1407116593122
1059,0.0416667,0.333333,0.25,0.0416667,0.0833333,0.25,1,Bug-8f82213f-9a22-4944-8d9c-724992f5467d,1393544837904
1060,0.00725689,0.0145138,0.590711,0.0174165,0.00145138,0.36865,2,Bug-be903e11-eb6a-499b-94a3-92d67273ba4b,1298705622935
1061,0.0126582,0.422325,0.109321,0.116226,0.0264672,0.313003,1,Bug-c665d231-2659-49a7-85a6-06e44e7b1b62,1396916948497
1062,0.0769231,0.230769,0.384615,0.0769231,0.153846,0.0769231,2,Bug-739f4f06-ade1-4927-9b1c-9ea17e5f2baf,1380306288977
1063,0.0026178,0.217277,0.104712,0.0026178,0.596859,0.0759162,4,Bug-3e6ba08e-a575-496b-a606-f0fcaf26edd0,1406852268003
1064,0.00793651,0.619048,0.00396825,0.00793651,0.00396825,0.357143,1,Bug-eb532e41-c380-4371-bc42-f945684b6d9b,1381943408910
1065,0.0178571,0.0178571,0.482143,0.0178571,0.0178571,0.446429,2,Bug-0012e553-5267-47d9-b5c6-3d526af4ca30,1380746770327
1066,0.05,0.1,0.7,0.05,0.05,0.05,2,Bug-9b90a8ed-c334-4479-bf37-46d839d1261e,1408755757668
1067,0.025641,0.884615,0.0512821,0.0128205,0.0128205,0.0128205,1,Bug-3bf5c5d5-76b1-4a3f-8189-00c1df161781,1392854762015
1068,0.0070922,0.120567,0.0070922,0.0070922,0.851064,0.0070922,4,Bug-7512c29e-c999-423f-8ee0-2b669d7aa539,1394226615238
1069,0.0588235,0.0588235,0.705882,0.0588235,0.0588235,0.0588235,2,Bug-41d94c70-9406-4a43-8e27-586134366d53,1380554646792
1070,0.0119522,0.573705,0.354582,0.0278884,0.00398406,0.0278884,1,Bug-7ea2e011-bb2b-4d8a-b13e-bc147ac3a684,1388772478050
1071,0.00699301,0.51049,0.363636,0.034965,0.013986,0.0699301,1,Bug-ab455cd7-1e5e-4779-8cdf-de23356c4dbd,1347490162817
1072,0.00990099,0.00990099,0.772277,0.00990099,0.049505,0.148515,2,Bug-de284f11-8a35-4820-9707-474f6fa8b097,1398268574508
1073,0.0114943,0.942529,0.0114943,0.0114943,0.0114943,0.0114943,1,Bug-6464b715-264c-4937-abb4-bec2fef31ed1,1380845538425
1074,0.0344828,0.137931,0.62069,0.0344828,0.0344828,0.137931,2,Bug-e962c1fe-b75e-4b9c-ba52-7ff73e48a43f,1391652241122
1075,0.00531915,0.611702,0.297872,0.0691489,0.00531915,0.0106383,1,Bug-924d3f41-4e0c-4418-9a1a-ca40a1bfb420,1394646465755
1076,0.00507614,0.0558376,0.177665,0.00507614,0.573604,0.182741,4,Bug-aba00a62-32a9-4768-9b46-a484816a5f6d,1403636519292
1077,0.00155521,0.0279938,0.0124417,0.00466563,0.934681,0.0186625,4,Bug-fe8d4ec0-95e5-4502-ae34-80a333f3116b,1393308981899
1078,0.00900901,0.810811,0.108108,0.00900901,0.0540541,0.00900901,1,Bug-4022283a-3584-48fb-b339-8ce7a480a907,1409090818113
1079,0.0134228,0.553691,0.40604,0.0100671,0.00671141,0.0100671,1,Bug-b28a35ef-ee63-49b2-8f22-56cad2d534a5,1361997922108
1080,0.00588235,0.423529,0.00588235,0.0647059,0.494118,0.00588235,4,Bug-6c70ba01-29a2-438d-a130-a32184ecf2b0,1389193161850
1081,0.0622407,0.211618,0.00829876,0.705394,0.00414938,0.00829876,3,Bug-934bc047-5be4-4dcd-a2c9-d9c064c780be,1367013126852
1082,0.0104167,0.895833,0.0104167,0.0104167,0.0104167,0.0625,1,Bug-8c7aa920-9c91-4be9-8162-c4fe941579e0,1381181810094
1083,0.00271003,0.0650407,0.262873,0.00271003,0.639566,0.0271003,4,Bug-fc73a36e-76df-46c0-83d8-14793297327c,1367024934812
1084,0.0196078,0.815686,0.109804,0.027451,0.0235294,0.00392157,1,Bug-112fda32-0973-49f4-b1b9-b55278011663,1394782438877
1085,0.023622,0.622047,0.283465,0.00787402,0.00787402,0.0551181,1,Bug-4c7445cb-06e5-4772-8ebd-8205b30bbd1d,1331606644400
1086,0.00411523,0.82716,0.0205761,0.00411523,0.00411523,0.139918,1,Bug-95e395ec-f4ee-4dc6-ac25-c52bb5ec4108,1407881868097
1087,0.0112994,0.870056,0.00564972,0.0169492,0.0112994,0.0847458,1,Bug-c42f96ac-0714-4e5d-b665-a9505c66050e,1405464985586
1088,0.0120482,0.903614,0.0481928,0.0120482,0.0120482,0.0120482,1,Bug-43aa9ab0-3349-43e4-86c3-3a62cf4846a4,1407441132911
1089,0.0105263,0.947368,0.0105263,0.0105263,0.0105263,0.0105263,1,Bug-bc02df3e-0ff5-4f89-9cd9-7a17dae5f7aa,1342099590233
1090,0.912096,0.0675105,0.0168776,0.0021097,0.000703235,0.000703235,0,Bug-23410498-409a-47d9-8819-cc17099f33a0,1380792050733
1091,0.272727,0.030303,0.575758,0.0606061,0.030303,0.030303,2,Bug-4f615692-0707-41d5-9f03-c9452e33877b,1378921706048
1092,0.0215054,0.913978,0.0107527,0.0107527,0.0322581,0.0107527,1,Bug-0909bc11-c5e6-4639-a18c-cb80f13486b0,1407266759603
1093,0.0153846,0.892308,0.0461538,0.0153846,0.0153846,0.0153846,1,Bug-3020f769-f86d-4f18-8cc5-b6c1b794ea5b,1394034902150
1094,0.004329,0.489177,0.004329,0.025974,0.471861,0.004329,1,Bug-a665ba34-8754-462d-827f-7e7278c2fd87,1380236547371
1095,0.0121951,0.939024,0.0121951,0.0121951,0.0121951,0.0121951,1,Bug-0eb845b0-b322-40af-9538-a2b073524404,1394639718031
1096,0.37931,0.0344828,0.344828,0.172414,0.0344828,0.0344828,0,Bug-2aa63dcd-b12d-430e-bba8-6b07cc8b98a7,1374244853979
1097,0.0112994,0.824859,0.0734463,0.0225989,0.00564972,0.0621469,1,Bug-1449ae84-8003-423c-a999-28c157cea334,1390450053073
1098,0.00456621,0.958904,0.00456621,0.00456621,0.00456621,0.0228311,1,Bug-26766213-3a06-48f9-88b3-b3f529a883bf,1376084584180
1099,0.00673854,0.509434,0.00673854,0.357143,0.0350404,0.0849057,1,Bug-7d033c1f-f7ea-4433-8c8c-a14d6b423ab2,1379702252398
1100,0.00344828,0.268966,0.144828,0.0103448,0.00344828,0.568966,5,Bug-c83341a3-9cc1-479c-a61d-8d6ccdd355e9,1355869583639
1101,0.0138889,0.902778,0.0138889,0.0138889,0.0416667,0.0138889,1,Bug-5cb4d7d8-1a95-4aa8-bdaf-8d1aff1292f7,1310007774569
1102,0.047619,0.047619,0.714286,0.047619,0.0952381,0.047619,2,Bug-bdfb2da6-ae8e-4502-bffe-4b02b59081c3,1406236559402
1103,0.0034965,0.0734266,0.255245,0.0524476,0.5,0.115385,4,Bug-c83d2d48-bfa1-4a4c-903e-26af7d63609d,1384984714632
1104,0.01,0.01,0.48,0.12,0.16,0.22,2,Bug-3096b787-732a-40f6-87df-e6f05ebb162a,1387398676550
1105,0.0119048,0.916667,0.0119048,0.0119048,0.0357143,0.0119048,1,Bug-0f1d2bcf-f557-4e71-a75d-8ca051e1199e,1401483409045
1106,0.0384615,0.0769231,0.769231,0.0384615,0.0384615,0.0384615,2,Bug-05619b14-bf44-4325-8bb2-09c652ac55ea,1390602099418
1107,0.0111111,0.516667,0.377778,0.00555556,0.00555556,0.0833333,1,Bug-03225cb1-3ed3-4fa0-8e79-bc61ee7c003d,1409689956565
1108,0.0619469,0.575221,0.212389,0.00884956,0.0353982,0.106195,1,Bug-aad5db47-414c-45e7-91fa-482360b2e071,1394662508588
1109,0.0116959,0.535088,0.44152,0.00292398,0.00584795,0.00292398,1,Bug-c78e5034-767c-4ece-86c1-95de47062ee5,1389820040552
1110,0.233333,0.0666667,0.6,0.0333333,0.0333333,0.0333333,2,Bug-eb1416e6-3793-437e-974b-a904ff2e4342,1369205489714
1111,0.0769231,0.0769231,0.461538,0.153846,0.153846,0.0769231,2,Bug-1fe8ed2a-aa75-45b7-909f-fa7e23c705fa,1402944477456
1112,0.0344828,0.045977,0.775862,0.0229885,0.0632184,0.0574713,2,Bug-3bb8eaa4-884f-45f7-941d-000e25faf026,1406745365520
1113,0.00334448,0.605351,0.327759,0.0434783,0.00334448,0.0167224,1,Bug-7527f6a3-e742-4e1b-b227-d01b642c268f,1386250341575
1114,0.1,0.2,0.2,0.1,0.2,0.2,1,Bug-81823172-11f1-418d-917f-fc7b576fa004,1382665342963
1115,0.0353659,0.265854,0.0695122,0.212195,0.391463,0.0256098,4,Bug-e2b192c4-3146-49f6-8447-6e93d457b1e2,1381446527139
1116,0.125,0.25,0.25,0.125,0.125,0.125,1,Bug-d5e36a43-70f7-4a27-b465-01e8aa6b0982,1350587804786
1117,0.1145,0.111685,0.165181,0.357109,0.23557,0.015955,3,Bug-badc6f09-97b1-4e7e-9e0e-0698f477098d,1391390799994
1118,0.00877193,0.947368,0.00877193,0.00877193,0.00877193,0.0175439,1,Bug-62e1ce15-231c-47ef-b86b-fb58f51c43b1,1402953645587
1119,0.00304878,0.387195,0.00304878,0.00304878,0.00304878,0.60061,5,Bug-7d27f2af-02c4-4950-922a-9bcde8b8544d,1403242452030
1120,0.142857,0.142857,0.142857,0.142857,0.285714,0.142857,4,Bug-79b8a0ef-0640-453b-8bed-e992fd2cdfb0,1397500357855
1121,0.0526316,0.0526316,0.736842,0.0526316,0.0526316,0.0526316,2,Bug-cc1f6a63-686a-462a-a05a-41d968596aa3,1300978129032
1122,0.0454545,0.227273,0.454545,0.181818,0.0454545,0.0454545,2,Bug-42c6437f-f2ce-406d-84e0-8079353b7ddf,1367452391768
1123,0.0113636,0.943182,0.0113636,0.0113636,0.0113636,0.0113636,1,Bug-a2222d78-6178-4ee6-bf15-6b80bc3f93bd,1357723500735
1124,0.0723982,0.504525,0.153846,0.0248869,0.00226244,0.242081,1,Bug-d14ce92b-033e-49cf-bb02-4a941f854398,1394127402875
1125,0.0245902,0.17096,0.0591335,0.395199,0.346019,0.00409836,3,Bug-31054d1b-9eba-4823-a608-af632ff353dd,1394831566406
1126,0.125,0.125,0.25,0.125,0.25,0.125,2,Bug-59858cc1-5f16-4bb6-8937-26093381d33c,1410461598019
1127,0.111111,0.108108,0.297297,0.159159,0.321321,0.003003,4,Bug-70e98ec5-1dd4-4dea-b232-21f736784da3,1392223856153
1128,0.0186418,0.352863,0.134487,0.0146471,0.454061,0.0252996,4,Bug-a44f00af-c93f-4c52-b447-d429033b334c,1396420113712
1129,0.0028169,0.630986,0.239437,0.107042,0.0169014,0.0028169,1,Bug-e3540737-5b53-4d33-aa16-07c685a9be4b,1386890405567
1130,0.00606061,0.866667,0.0484848,0.00606061,0.0666667,0.00606061,1,Bug-6cc13f6b-a514-4d25-becf-388c60027888,1405541110223
1131,0.2,0.05,0.55,0.1,0.05,0.05,2,Bug-d780203b-b43f-4f5e-91d2-bc70acd0e741,1403882623428
1132,0.0833333,0.0833333,0.5,0.166667,0.0833333,0.0833333,2,Bug-bfe33e91-df74-4c2e-a3e4-140aa7b15abd,1388173584812
1133,0.0909091,0.272727,0.363636,0.0909091,0.0909091,0.0909091,2,Bug-843e3ae0-8bdd-40a2-ae26-d9796dbf2fc0,1375390917083
1134,0.00925926,0.111111,0.0185185,0.037037,0.814815,0.00925926,4,Bug-ec3e80ba-34cb-4d5e-beba-4a0a2a3a1c2f,1369638653854
1135,0.00141044,0.0282087,0.334274,0.00141044,0.468265,0.166432,4,Bug-1179cc54-ca95-4bfa-a1fd-1a7f7814898e,1409551493501
1136,0.037037,0.037037,0.592593,0.111111,0.0740741,0.148148,2,Bug-d40178f2-e408-459c-933f-a82272343ec7,1376449788485
1137,0.00606061,0.818182,0.145455,0.0181818,0.00606061,0.00606061,1,Bug-78776456-c4d2-4571-bfe5-7ec11ab295a8,1393580859488
1138,0.0537634,0.860215,0.0537634,0.0107527,0.0107527,0.0107527,1,Bug-3b8c3659-7ac6-49dd-812d-7cc591a3aa22,1409694484165
1139,0.1,0.4,0.1,0.1,0.2,0.1,1,Bug-ca6efda4-101e-411f-9017-524b9c16fcef,1380319650657
1140,0.125,0.25,0.4375,0.0625,0.0625,0.0625,2,Bug-c6ccb3cc-2c00-45fb-aca6-dfe8d79c58c7,1362478903704
1141,0.0142857,0.1,0.557143,0.128571,0.185714,0.0142857,2,Bug-23546b8d-80a2-4775-b018-a49a33276d7f,1367592958955
1142,0.000668449,0.00868984,0.0748663,0.00334225,0.638369,0.274064,4,Bug-74d3d350-fe6b-435f-b036-a6c4e37f9523,1381070622552
1143,0.0833333,0.25,0.416667,0.0833333,0.0833333,0.0833333,2,Bug-b3644601-e5eb-4bcf-8221-d499cb7d8dd8,1262101120898
1144,0.015873,0.031746,0.650794,0.190476,0.015873,0.0952381,2,Bug-97800d43-c586-4270-99de-f8d465696577,1381608388992
1145,0.0111111,0.0333333,0.877778,0.0444444,0.0222222,0.0111111,2,Bug-41e09547-f904-4d41-a17a-63af4e67c814,1365050155193
1146,0.0769231,0.497738,0.402715,0.00452489,0.0135747,0.00452489,1,Bug-764dc842-1d84-4b68-87dd-27dc33119c68,1403046011773
1147,0.00598802,0.826347,0.0838323,0.00598802,0.0359281,0.0419162,1,Bug-6c3a4bf7-f630-4068-9b78-080da89c05b3,1396053547839
1148,0.0966184,0.0652174,0.272947,0.0676329,0.495169,0.00241546,4,Bug-8a44af14-cf99-4145-a8f3-b0ca3a73c472,1359034346656
1149,0.0142045,0.0653409,0.213068,0.184659,0.511364,0.0113636,4,Bug-bad20c51-b2f7-4b0c-a8ff-6a48c4999a46,1402890523393
1150,0.111111,0.111111,0.444444,0.111111,0.111111,0.111111,2,Bug-b358f63e-6601-4239-9a6f-f1bea0dd3d55,1390377043361
1151,0.0228571,0.170476,0.113333,0.207619,0.2,0.285714,5,Bug-351feb63-fed8-40ae-96d6-976a92f66495,1386191107592
1152,0.142857,0.142857,0.285714,0.142857,0.142857,0.142857,2,Bug-42456200-3be7-462d-b831-4278efe70ce9,1355814489756
1153,0.661017,0.232073,0.0599739,0.0234681,0.00130378,0.0221643,0,Bug-88fed018-e649-443e-8cf1-8929f1a80903,1390963978440
1154,0.0116279,0.488372,0.437984,0.0232558,0.00387597,0.0348837,1,Bug-ed68ec25-d31d-4a2b-b61e-730e00058c22,1366261766923
1155,0.0291262,0.76699,0.174757,0.00970874,0.00970874,0.00970874,1,Bug-a769871e-13c0-4fda-a751-1bb618d28626,1394155433056
1156,0.015625,0.921875,0.015625,0.015625,0.015625,0.015625,1,Bug-f2f1b97f-1485-4834-b7ff-ef1e740dfad6,1367877055698
1157,0.010101,0.929293,0.030303,0.010101,0.010101,0.010101,1,Bug-e5676005-7e4e-4a82-83cc-a48bc86d9a2b,1404752192868
1158,0.00113636,0.111364,0.0227273,0.00113636,0.759091,0.104545,4,Bug-7d00b8fe-2817-444a-9969-a06c274e1389,1381879875149
1159,0.811834,0.164497,0.00946746,0.0118343,0.00118343,0.00118343,0,Bug-4e911669-4919-4cf1-8600-6703c6628441,1360734686409
1160,0.725951,0.250559,0.0201342,0.00111857,0.00111857,0.00111857,0,Bug-229640ce-c770-4e11-b567-a1568c030a0f,1380090452451
1161,0.00854701,0.769231,0.17094,0.034188,0.00854701,0.00854701,1,Bug-a8d43b5e-5698-4272-9c05-3bef0ee4bf49,1381344417247
1162,0.21791,0.0736318,0.0308458,0.162189,0.474627,0.040796,4,Bug-3b8cba0b-b53b-43e6-b6fc-05ad2a8e4019,1392067967757
1163,0.0909091,0.363636,0.0909091,0.0909091,0.272727,0.0909091,1,Bug-c5ef7ab6-5be2-484e-bde2-1e75dc871245,1381813609295
1164,0.00636943,0.165605,0.00636943,0.0828025,0.687898,0.0509554,4,Bug-20fae646-bebc-4fb6-bce9-9874eded3e11,1406078617551
1165,0.0590406,0.121771,0.129151,0.0123001,0.549815,0.127921,4,Bug-5f9eb8b1-8bae-4630-9423-fd5217498fdf,1372368723764
1166,0.125,0.125,0.375,0.125,0.125,0.125,2,Bug-5b35a73d-77ee-4157-9ec4-3d5a3f8a4f1c,1377819725401
1167,0.0153846,0.923077,0.0153846,0.0153846,0.0153846,0.0153846,1,Bug-d6da4ab9-ca97-4d9f-919e-523255384943,1396544945612
1168,0.0136986,0.931507,0.0136986,0.0136986,0.0136986,0.0136986,1,Bug-a53eb2fd-94a4-482c-9f9a-38479aecf3d1,1364027870749
1169,0.0247678,0.179567,0.0154799,0.721362,0.00309598,0.0557276,3,Bug-285ecb02-28ce-4735-b562-ca2cca0535e0,1395792153272
1170,0.00943396,0.839623,0.122642,0.00943396,0.00943396,0.00943396,1,Bug-e82d7f9e-fc13-49d4-9e8f-27ee4d11734b,1390450425124
1171,0.037594,0.639098,0.285714,0.0075188,0.0225564,0.0075188,1,Bug-94916e4a-e287-4062-b3d1-4fbfbc131839,1382415341589
1172,0.233371,0.161218,0.00901917,0.430101,0.0749718,0.0913191,3,Bug-5ac3619e-2fea-4cf2-a873-0fb4e6a8234e,1369181046321
1173,0.125,0.125,0.25,0.25,0.125,0.125,2,Bug-5b8bbdef-ac4c-4433-8de4-868041c6f74a,1380325664954
1174,0.125,0.125,0.375,0.125,0.125,0.125,2,Bug-7793aae7-ae46-4dcc-8b4b-7209e635746c,1402592211176
1175,0.935953,0.055313,0.0014556,0.0014556,0.00436681,0.0014556,0,Bug-e8da188e-fbf0-4739-b322-3c3a376ffc98,1406748312111
1176,0.00561798,0.0674157,0.803371,0.0617978,0.00561798,0.0561798,2,Bug-df30cc51-f1fd-4314-8d46-5aecee12bce3,1386314158344
1177,0.0121951,0.0731707,0.719512,0.134146,0.0487805,0.0121951,2,Bug-451e1e26-885e-4e96-a197-3dc0fd1eabec,1392624018062
1178,0.035982,0.005997,0.587706,0.0269865,0.0104948,0.332834,2,Bug-31d4f0f0-f222-4377-a586-03ede30488a4,1388711456826
1179,0.027972,0.706294,0.223776,0.00699301,0.00699301,0.027972,1,Bug-8d4a6710-e7d5-469f-abb4-766f51e53040,1317428407333
1180,0.0344828,0.344828,0.37931,0.172414,0.0344828,0.0344828,2,Bug-1fac47fd-f0cf-4511-8cbc-eca8d89b3545,1377595152062
1181,0.00970874,0.728155,0.23301,0.00970874,0.00970874,0.00970874,1,Bug-3ca09328-be2d-4f52-a508-14b64bdc91f9,1390257849438
1182,0.0309278,0.927835,0.0103093,0.0103093,0.0103093,0.0103093,1,Bug-096d3cf4-5b2f-4675-8694-0481b2e25ae8,1395366236597
1183,0.00938967,0.352113,0.159624,0.0140845,0.460094,0.00469484,4,Bug-a5ca89d1-cc67-4420-8239-18f5e13b60f7,1386233187049
1184,0.111111,0.444444,0.111111,0.111111,0.111111,0.111111,1,Bug-9829029e-3bac-43ab-9350-6c93f352a72e,1409708368434
1185,0.0833333,0.0833333,0.583333,0.0833333,0.0833333,0.0833333,2,Bug-e57d0ff1-761d-4939-a605-37964a199136,1409888332429
1186,0.0416667,0.125,0.708333,0.0416667,0.0416667,0.0416667,2,Bug-6a72c24d-0247-4766-831d-63678fe4da3d,1371148606917
1187,0.0294118,0.0294118,0.617647,0.235294,0.0588235,0.0294118,2,Bug-2e2bef61-afa8-4026-874f-4e8bae4c20d5,1376451739849
1188,0.115385,0.0576923,0.269231,0.0833333,0.467949,0.00641026,4,Bug-4ee96a3c-d89c-4c63-af06-09bab28a3697,1312334169711
1189,0.00416667,0.345833,0.154167,0.0666667,0.425,0.00416667,4,Bug-695c6630-25a9-4520-bf90-5b2993adc670,1379007317657
1190,0.142857,0.142857,0.142857,0.142857,0.285714,0.142857,4,Bug-589e000d-e84e-4fe8-a8eb-cba504489a2f,1409278165439
1191,0.0434783,0.0434783,0.782609,0.0434783,0.0434783,0.0434783,2,Bug-5fb0b333-c58f-434c-ba72-2445fb92a0f1,1407486402852
1192,0.00228833,0.549199,0.354691,0.0778032,0.00457666,0.0114416,1,Bug-853ebbcd-4fe7-4ac1-a0fd-6d970daae69d,1396886067703
1193,0.0163934,0.918033,0.0163934,0.0163934,0.0163934,0.0163934,1,Bug-db9f271a-2ad7-434a-aeaa-a8b5751afba1,1404165375730
1194,0.01,0.72,0.15,0.01,0.1,0.01,1,Bug-72155af5-ae8d-4212-866e-164712998a7d,1409097345002
1195,0.0232558,0.186047,0.674419,0.0232558,0.0697674,0.0232558,2,Bug-32145e08-3da0-4fbd-b772-6bdc883ca5cf,1394148075240
1196,0.1,0.1,0.4,0.2,0.1,0.1,2,Bug-6068691c-d71c-4906-ab15-6ec648f7f90a,1390479859318
1197,0.0625,0.0625,0.6875,0.0625,0.0625,0.0625,2,Bug-7e9ad866-8aa4-4c20-a393-211a57f34f2a,1393622976816
1198,0.142857,0.142857,0.142857,0.142857,0.285714,0.142857,4,Bug-b6c5f22a-8d2b-4f5e-91f4-d10cec34ecd1,1390611729570
1199,0.125,0.125,0.25,0.125,0.25,0.125,2,Bug-f15a5a27-911e-4ee6-85be-71b0c68fb2fb,1402070295122
1200,0.817708,0.126302,0.0507812,0.00130208,0.00130208,0.00260417,0,Bug-bf818211-a4bb-4cca-afe2-0e41261c73ea,1409826343366
1201,0.00182482,0.310219,0.532847,0.0255474,0.00729927,0.122263,2,Bug-a9032a36-e4cf-46bb-9146-1b32a24938d8,1395864202132
1202,0.00210526,0.157895,0.0589474,0.00631579,0.547368,0.227368,4,Bug-bbed27a3-6844-44b7-8f89-b4b8447e63b0,1363394402831
1203,0.00145138,0.0551524,0.352685,0.011611,0.449927,0.129173,4,Bug-fc5a777f-b066-405e-b9e1-0b9416d70c50,1395830921484
1204,0.00462963,0.296296,0.00462963,0.00462963,0.685185,0.00462963,4,Bug-7930eebb-9343-44d6-b6d8-dc95ee850d47,1373222308696
1205,0.142857,0.142857,0.142857,0.142857,0.285714,0.142857,4,Bug-8dbe3b09-3007-4aa3-a1c2-81178ed9daa3,1398123099486
1206,0.0140845,0.84507,0.0985915,0.0140845,0.0140845,0.0140845,1,Bug-88f7ef15-0e2b-4968-879b-382f561e9f37,1396118905546
1207,0.125,0.125,0.25,0.125,0.25,0.125,2,Bug-0a563b4a-e9d1-48a3-8f46-87d91c143542,1410840730206
1208,0.0481013,0.0607595,0.313924,0.0683544,0.506329,0.00253165,4,Bug-18e41c56-33c8-4b5d-95c2-7efdc33a1754,1394734175898
1209,0.00107527,0.389247,0.0967742,0.0225806,0.0129032,0.477419,5,Bug-17acc08e-daca-4641-93ae-a2a6c1f48ddf,1374775607794
1210,0.142857,0.142857,0.285714,0.142857,0.142857,0.142857,2,Bug-1d3f6e58-93ec-4c59-85b1-6cefb21fb6e2,1401396941162
1211,0.05,0.15,0.65,0.05,0.05,0.05,2,Bug-642aff5f-20ea-430a-bebd-b2d16ea78553,1398300101106
1212,0.0246914,0.0493827,0.790123,0.0123457,0.0246914,0.0987654,2,Bug-358104f8-a38a-45b2-9a69-427d9ee9d362,1397098502089
1213,0.0277778,0.0277778,0.694444,0.0277778,0.194444,0.0277778,2,Bug-bf997e0e-b32d-4061-9c61-75a06426921e,1385454439884
1214,0.0571429,0.257143,0.571429,0.0285714,0.0571429,0.0285714,2,Bug-db7ca3a7-19ce-4f97-ab65-948f9464425a,1410568341346
1215,0.00910747,0.00546448,0.839709,0.00182149,0.00182149,0.142077,2,Bug-6f715030-7fcc-43c8-bc36-0507c13332ca,1397094996785
1216,0.0131579,0.907895,0.0263158,0.0263158,0.0131579,0.0131579,1,Bug-97e6f0ae-6c1f-4b72-b0e6-8e9594345318,1393875501997
1217,0.0185185,0.87037,0.0246914,0.00617284,0.00617284,0.0740741,1,Bug-9a84b52a-729a-4e59-84d6-ae4a581f59fe,1300963271344
1218,0.0333333,0.0333333,0.7,0.0333333,0.0666667,0.133333,2,Bug-45a7ceb9-4b15-4121-9dd0-973e647c1a4b,1395689421271
1219,0.0285714,0.0285714,0.442857,0.00714286,0.0142857,0.478571,5,Bug-8bb9e741-e826-4ddf-8015-c1eee054513d,1398159764187
1220,0.0185185,0.75,0.0740741,0.0185185,0.0185185,0.12037,1,Bug-195edc61-ae67-45ff-97e1-053443252525,1389811160321
1221,0.0862069,0.784483,0.0862069,0.00862069,0.0258621,0.00862069,1,Bug-6be0d65c-c879-4bfc-b0d4-a49f7e5fce4a,1395426663287
1222,0.00158228,0.177215,0.477848,0.00474684,0.0996835,0.238924,2,Bug-276e70be-cdfd-4479-a6a4-c7343ca8fd78,1410803886533
1223,0.00571429,0.0285714,0.822857,0.0285714,0.0285714,0.0857143,2,Bug-5209e07f-507f-4884-81ef-fb5c5505c5db,1378922093559
1224,0.0144928,0.84058,0.0724638,0.0434783,0.0144928,0.0144928,1,Bug-04c8bd05-74ed-42cd-86d3-fcd07be071a5,1393963767130
1225,0.0277778,0.0277778,0.638889,0.0833333,0.0277778,0.194444,2,Bug-020bebe4-9165-458b-9c48-af03769e5688,1370920952352
1226,0.0015528,0.517081,0.00621118,0.00310559,0.127329,0.34472,1,Bug-3b002ee6-f6cf-4421-a12a-64ce82cf6311,1383977426287
1227,0.142857,0.142857,0.142857,0.142857,0.285714,0.142857,4,Bug-976891ec-0546-4f74-b30d-fdba641ebaf2,1403644985132
1228,0.00218341,0.340611,0.0480349,0.00873362,0.447598,0.152838,4,Bug-a7cd7099-0d91-4d3e-9f5c-a4ef833c9b12,1396518091592
1229,0.00327988,0.0758017,0.00655977,0.175656,0.728499,0.0102041,4,Bug-1d9fca7c-b71c-428d-bca5-8ed3c3ecd743,1381849619847
1230,0.00294985,0.377581,0.265487,0.00294985,0.020649,0.330383,1,Bug-2fe084c3-a26b-424e-b9db-e21d786f56c3,1376123608027
1231,0.00297619,0.27381,0.190476,0.0238095,0.494048,0.014881,4,Bug-924698b1-edef-4f00-b835-60a6abf361af,1380609719779
1232,0.0188679,0.943396,0.00943396,0.00943396,0.00943396,0.00943396,1,Bug-53c2712f-d99a-4213-806e-47878a6cdced,1340551283505
1233,0.0138122,0.48895,0.331492,0.0276243,0.0524862,0.0856354,1,Bug-46a1ef60-fe64-459d-b656-e28b4e3a5f1c,1392937900525
1234,0.0666667,0.2,0.533333,0.0666667,0.0666667,0.0666667,2,Bug-0d106450-03c9-4177-af7c-067da2156548,1374274595515
1235,0.0113636,0.784091,0.0568182,0.0113636,0.0113636,0.125,1,Bug-f1c1d21f-71ff-4e14-a2fa-72bb7c68647c,1377806578916
1236,0.047619,0.0952381,0.714286,0.047619,0.047619,0.047619,2,Bug-356ca345-65cd-48e0-bdb3-024c4008ea8e,1397505876512
1237,0.728009,0.263889,0.00115741,0.00115741,0.00115741,0.00462963,0,Bug-1aad1904-0b85-4a0c-a82b-10b0ff8426ce,1361864899118
1238,0.02657,0.0144928,0.876812,0.0700483,0.00241546,0.00966184,2,Bug-0ebe05ac-6fdd-4e05-87f3-2dc880321b62,1386519849213
1239,0.0060241,0.0843373,0.421687,0.0421687,0.439759,0.0060241,4,Bug-b1bfca51-3cd9-41c6-afd9-d90fca66b0fb,1395340785086
1240,0.00520833,0.895833,0.00520833,0.00520833,0.00520833,0.0833333,1,Bug-3ab62835-1496-4d85-a8b2-d8d098a65a0b,1396055123006
1241,0.940751,0.0534682,0.00144509,0.00144509,0.00144509,0.00144509,0,Bug-bd95f04c-f56a-44f7-a405-233b40237d2d,1380603476602
1242,0.0217391,0.0217391,0.73913,0.0652174,0.130435,0.0217391,2,Bug-d54b7054-3aae-4229-8050-81c4b42b5e2f,1394148206782
1243,0.0117647,0.941176,0.0117647,0.0117647,0.0117647,0.0117647,1,Bug-8e3a6106-0869-4df2-8e70-ead7ba5ccfb4,1409256990839
1244,0.0555556,0.166667,0.444444,0.0555556,0.222222,0.0555556,2,Bug-0458908b-104e-460d-bdc1-4680d0127c01,1402330736756
1245,0.0114943,0.816092,0.126437,0.0229885,0.0114943,0.0114943,1,Bug-89919837-0b02-4814-b25d-0b67ba48b41a,1389600078769
1246,0.00803213,0.481928,0.108434,0.00401606,0.333333,0.064257,1,Bug-a97a0d93-1487-4e64-a920-0bc6081e885e,1409846073968
1247,0.0017094,0.411966,0.042735,0.0153846,0.0102564,0.517949,5,Bug-e124c4ba-5da3-4fbf-8c0b-02df2c6cf7ec,1358151882102
1248,0.0384615,0.384615,0.461538,0.0384615,0.0384615,0.0384615,2,Bug-2d4ea70c-7a13-4d63-9231-ac27250eac63,1367255071027
1249,0.0833333,0.0833333,0.583333,0.0833333,0.0833333,0.0833333,2,Bug-b7c3b29a-1c2f-430b-aa9d-fdd503015da1,1390417993826
1250,0.0229885,0.758621,0.16092,0.0229885,0.0229885,0.0114943,1,Bug-d668af11-4040-4cc0-972a-821470f37e8e,1396936426463
1251,0.00478469,0.196172,0.0143541,0.0526316,0.712919,0.0191388,4,Bug-e0304074-84f1-4753-b02b-6759338ee8a5,1368062133124
1252,0.0666667,0.133333,0.533333,0.0666667,0.0666667,0.133333,2,Bug-43b8fb41-c13f-409c-a7c8-3e3641cd566a,1376612856885
1253,0.00110988,0.0654828,0.230855,0.00332963,0.650388,0.0488346,4,Bug-710ebe4e-1379-4253-b953-cc9e7fe04311,1409699988828
1254,0.0140845,0.84507,0.0985915,0.0140845,0.0140845,0.0140845,1,Bug-26e7c4f2-4d56-42b9-b97d-cf4cc4f17c09,1400880878275
1255,0.0236486,0.00675676,0.851351,0.0337838,0.0202703,0.0641892,2,Bug-46759dbb-323d-42c8-8142-51dea3d822eb,1389138708024
1256,0.00184502,0.302583,0.0479705,0.0202952,0.0129151,0.614391,5,Bug-a5a62dc6-5d04-4fec-8abf-97d7c6f08d83,1383795750952
1257,0.00126103,0.229508,0.0327869,0.00882724,0.00630517,0.721311,5,Bug-fb95c4c5-7d2a-413a-9020-5abab2df911c,1407889372530
1258,0.00746269,0.962687,0.00746269,0.00746269,0.00746269,0.00746269,1,Bug-cfb603eb-77a1-414d-b0e5-26835d60b864,1390445562070
1259,0.0106383,0.808511,0.148936,0.0106383,0.0106383,0.0106383,1,Bug-9abb4415-73c3-4249-bac3-94472b846776,1288392934744
1260,0.0196078,0.784314,0.147059,0.00980392,0.00980392,0.0294118,1,Bug-b870feab-1083-4d1e-9238-4dcaf9bdb16f,1344877758714
1261,0.00473934,0.957346,0.0236967,0.00473934,0.00473934,0.00473934,1,Bug-6581fb17-b582-42fa-960d-47c5e8a3ac0a,1389898933320
1262,0.0175439,0.0175439,0.736842,0.192982,0.0175439,0.0175439,2,Bug-55643ebe-3001-41de-bad4-46a3b353869b,1405464857639
1263,0.0106383,0.893617,0.0638298,0.0106383,0.0106383,0.0106383,1,Bug-f76edba0-c442-4138-9d51-6b24f3aff365,1406280567845
1264,0.0520833,0.375,0.385417,0.046875,0.078125,0.0625,2,Bug-b4184e88-cb7c-405d-8edf-5d0fa4acac8c,1387305894837
1265,0.0625,0.03125,0.8125,0.03125,0.03125,0.03125,2,Bug-410f32d8-df56-40ee-ab0c-973d97b40782,1395793898057
1266,0.0588235,0.0588235,0.705882,0.0588235,0.0588235,0.0588235,2,Bug-d08abfa7-9064-4fe6-bb8f-2bba52d2f5a3,1375458708701
1267,0.0077233,0.228005,0.18368,0.0842848,0.215581,0.280725,5,Bug-fe3f6990-a63f-45a9-ba03-db32c2e84837,1364302940550
1268,0.142857,0.142857,0.285714,0.142857,0.142857,0.142857,2,Bug-8512ef23-fe44-408f-880c-5f77ec771111,1409016310701
1269,0.0416667,0.0416667,0.541667,0.0416667,0.125,0.208333,2,Bug-732bf24c-4834-4fa3-9a6e-4ac1ba534a5c,1387550446669
1270,0.00884956,0.867257,0.0707965,0.00884956,0.00884956,0.0353982,1,Bug-c03a0dbf-7b0f-40de-ab24-b6d9471ca5e9,1380857497859
1271,0.00925926,0.824074,0.00925926,0.00925926,0.0277778,0.12037,1,Bug-21e0a4e6-ec5c-4aa5-aec1-c723ba79d673,1375915403629
1272,0.0555556,0.0555556,0.5,0.277778,0.0555556,0.0555556,2,Bug-3d432188-111c-46b5-a37e-854bf01940a9,1340331794142
1273,0.056338,0.0140845,0.647887,0.169014,0.0140845,0.0985915,2,Bug-8756456e-9521-449c-8803-4dbe8c344b15,1367351078842
1274,0.026936,0.010101,0.653199,0.023569,0.0774411,0.208754,2,Bug-a0f14c9f-4c9a-4b3e-876f-f1f86a2d6df6,1383093222791
1275,0.0126812,0.423007,0.429348,0.0298913,0.000905797,0.104167,2,Bug-fee2e228-47e5-42c4-9e70-ae0657c6aa37,1376092276823
1276,0.105446,0.249131,0.353418,0.0208575,0.249131,0.0220162,2,Bug-6399391e-0393-4795-8c74-62a69132625d,1396948230073
1277,0.026087,0.730435,0.173913,0.00869565,0.0521739,0.00869565,1,Bug-0e36b5be-536f-4e87-8225-a02933d8fd41,1396313457055
1278,0.020202,0.939394,0.010101,0.010101,0.010101,0.010101,1,Bug-b013ca3b-23d3-4dfa-aebe-4621f80b8f28,1381183590899
1279,0.0526316,0.0526316,0.736842,0.0526316,0.0526316,0.0526316,2,Bug-b2d4a663-9e33-47ba-938c-c416e8309374,1378866243343
1280,0.472826,0.432971,0.0552536,0.00634058,0.000905797,0.0317029,0,Bug-474da1ab-f6cb-4f8b-b0b7-0d9db61cd186,1396024097671
1281,0.00702576,0.409836,0.526932,0.0117096,0.0163934,0.028103,2,Bug-5d4c275c-3aac-441a-b0c7-7e13661dbea7,1380663634165
1282,0.00404858,0.392713,0.433198,0.0647773,0.0323887,0.0728745,2,Bug-8a6b9c5b-39f2-4c6d-9015-5dfa28cfa194,1400797249085
1283,0.00440529,0.810573,0.162996,0.00440529,0.0132159,0.00440529,1,Bug-59f1be4a-5e51-4f78-b82d-d6234d7dc6e3,1375734040446
1284,0.0116279,0.860465,0.0813953,0.0116279,0.0116279,0.0232558,1,Bug-b291cfb1-3d92-4f01-9951-f0095d86d1b0,1410832784698
1285,0.0263158,0.105263,0.710526,0.0526316,0.0789474,0.0263158,2,Bug-49f2a328-8138-4c17-9229-fa7a7727fc4a,1383781823007
1286,0.0157895,0.910526,0.0105263,0.00526316,0.0526316,0.00526316,1,Bug-7f475145-d373-4af3-8b34-0dec14d3f210,1384382353133
1287,0.0275591,0.870079,0.0905512,0.00393701,0.00393701,0.00393701,1,Bug-4cbf759e-e545-434e-8c25-2cdea9a63135,1380684991344
1288,0.142857,0.142857,0.142857,0.142857,0.285714,0.142857,4,Bug-729ab6ee-f286-4cf2-98b1-0fa0a09d5333,1381876696071
1289,0.00348432,0.205575,0.146341,0.0940767,0.547038,0.00348432,4,Bug-9f5abbaa-2d86-48a8-8d15-e4fffc0a8164,1395727658907
1290,0.0060423,0.540785,0.39577,0.0302115,0.00302115,0.0241692,1,Bug-edf281c4-7704-429c-aaf2-e61325c76a46,1397523357498
1291,0.0909091,0.0909091,0.454545,0.0909091,0.0909091,0.181818,2,Bug-47accf42-a102-44ba-8826-79103d4ca891,1352304177495
1292,0.00636943,0.43949,0.0700637,0.00636943,0.00636943,0.471338,5,Bug-893ce151-726e-4075-9951-ece995896299,1386309611226
1293,0.027972,0.181818,0.0034965,0.755245,0.0034965,0.027972,3,Bug-c3eebe14-c1e1-438e-b7de-9dce6d03038c,1307172786225
1294,0.0116279,0.732558,0.0697674,0.0116279,0.162791,0.0116279,1,Bug-994cb436-4899-414a-a0b9-4fa5ee33cd7c,1404246817127
1295,0.00641026,0.121795,0.102564,0.160256,0.602564,0.00641026,4,Bug-eb27c704-ad01-4862-8de1-ab46552cc03f,1381353455672
1296,0.0126582,0.835443,0.0126582,0.0253165,0.0126582,0.101266,1,Bug-4a80f60d-d461-41fe-b7be-7df0cb4b01d2,1359231286740
1297,0.0352332,0.18342,0.230052,0.53057,0.00103627,0.0196891,3,Bug-50fcb359-ca6b-4e9f-85e3-e89804e5ab54,1397085221644
1298,0.0131579,0.855263,0.0657895,0.0394737,0.0131579,0.0131579,1,Bug-03b5a6ec-db51-49d3-9c09-84960f137f0d,1359770331449
1299,0.0037037,0.340741,0.0037037,0.0222222,0.52963,0.1,4,Bug-e59b0ed7-d282-4107-bb61-f672816b7b80,1395688148978
1300,0.016129,0.919355,0.016129,0.016129,0.016129,0.016129,1,Bug-7a5023cc-7539-4c7a-a588-7d55d36883e7,1395283047259
1301,0.031348,0.202194,0.0830721,0.498433,0.0689655,0.115987,3,Bug-b07f4d7a-86c0-4824-bf31-16cfa4629900,1401755654588
1302,0.0528053,0.462046,0.323432,0.0528053,0.0231023,0.0858086,1,Bug-700fd158-1a7c-45c6-820f-72a395ab259e,1349902120158
1303,0.00680272,0.108844,0.0204082,0.00680272,0.707483,0.14966,4,Bug-f3c53ed2-9a97-45d1-9f1b-2d853435f944,1380639953709
1304,0.00456621,0.410959,0.420091,0.0821918,0.0684932,0.0136986,2,Bug-7a870491-e1f4-4f77-a3b7-4d00c884ccb4,1394094254643
1305,0.868919,0.125676,0.00135135,0.00135135,0.00135135,0.00135135,0,Bug-752fd512-9c4f-4198-a148-4921500a3182,1408151333302
1306,0.0769231,0.0769231,0.384615,0.0769231,0.307692,0.0769231,2,Bug-ab79eb91-d68e-4ee5-ab05-feb859e0ce96,1386440106602
1307,0.00531915,0.0904255,0.484043,0.0478723,0.340426,0.0319149,2,Bug-f8127d95-e3c9-4d90-ac17-3b8cdc860816,1406197939788
1308,0.0175439,0.0877193,0.684211,0.0175439,0.0350877,0.157895,2,Bug-32e3be3e-870d-4b3c-b6c4-c6f4731d8115,1405450426361
1309,0.0140845,0.816901,0.084507,0.0140845,0.056338,0.0140845,1,Bug-5cde6361-030b-4093-be9b-c4d973ebd6bb,1377812217377
1310,0.00819672,0.54918,0.245902,0.0983607,0.00819672,0.0901639,1,Bug-0059be2a-a5b0-4bc1-8e93-893f712a554a,1384813839066
1311,0.0246914,0.91358,0.0246914,0.0123457,0.0123457,0.0123457,1,Bug-c8e5e41d-ec66-436e-a5f1-5be0c8ff6f40,1402088919619
1312,0.00261097,0.0156658,0.663185,0.0287206,0.0130548,0.276762,2,Bug-9cb63199-eddb-4ac5-920f-1e14424895d3,1380574863146
1313,0.00438596,0.0719298,0.668421,0.0342105,0.0333333,0.187719,2,Bug-e490ac40-4e06-424b-a646-fc4d0d4b1a9e,1366998407762
1314,0.861789,0.131436,0.00135501,0.00135501,0.00271003,0.00135501,0,Bug-2aa4d71d-19e9-46b2-aa89-da6786bf4ec4,1397075819950
1315,0.0909091,0.181818,0.454545,0.0909091,0.0909091,0.0909091,2,Bug-d134dd64-4170-4f8e-8fad-952ede6ac561,1390450003124
1316,0.00806452,0.806452,0.16129,0.00806452,0.00806452,0.00806452,1,Bug-83b6cba1-ecb2-42bb-b403-cebfaf7961a6,1397179530476
1317,0.0239521,0.904192,0.00598802,0.0179641,0.00598802,0.0419162,1,Bug-802dd077-f67c-4e33-b4dd-835d6993b870,1396070133400
1318,0.1,0.1,0.6,0.1,0.05,0.05,2,Bug-64066bc8-3041-46eb-8e3a-6f9f14af6067,1406152926575
1319,0.159292,0.318584,0.00442478,0.00442478,0.50885,0.00442478,4,Bug-a83fea8d-ed46-4c74-b492-abfbeb0c47eb,1375318748236
1320,0.0454545,0.0454545,0.727273,0.0454545,0.0454545,0.0909091,2,Bug-b67a26b2-32df-4380-a1b3-b0bc38d3e701,1386063218076
1321,0.0714286,0.0714286,0.357143,0.0714286,0.0714286,0.357143,2,Bug-fa5e6ee9-32f4-4423-ba0f-28dc36d489f3,1384563554458
1322,0.00684932,0.89726,0.0136986,0.0273973,0.00684932,0.0479452,1,Bug-675c35d7-2160-4c3c-bb9b-e0783d6463c8,1408561861400
1323,0.0136986,0.821918,0.0684932,0.0136986,0.0136986,0.0684932,1,Bug-46843863-44f0-484c-9d8a-d5961343c172,1396290361158
1324,0.0454545,0.4,0.00454545,0.0954545,0.45,0.00454545,4,Bug-e20b00e0-cbb8-433d-a860-4f89730ab5c5,1396642163735
1325,0.00657895,0.00657895,0.611842,0.0131579,0.0526316,0.309211,2,Bug-5dd686ff-0506-422a-a533-2835c0384588,1368435422784
1326,0.0117647,0.835294,0.117647,0.0117647,0.0117647,0.0117647,1,Bug-eaf905da-5e4b-4ae0-86f9-704d421978d0,1399437628467
1327,0.00952381,0.793651,0.146032,0.0126984,0.00952381,0.0285714,1,Bug-38c9a68d-2596-436f-84a7-f14c9589066c,1409882065266
1328,0.0909091,0.181818,0.181818,0.363636,0.0909091,0.0909091,3,Bug-8883eb73-1b72-435a-86d9-4bce42bd148a,1395367236357
1329,0.033241,0.113573,0.686981,0.119114,0.0304709,0.0166205,2,Bug-c6cf7391-34db-4a2f-946f-a27041bb7711,1403410332816
1330,0.0344828,0.0689655,0.517241,0.310345,0.0344828,0.0344828,2,Bug-4fc204a5-a091-4c72-8cea-4f942705698c,1406926946486
1331,0.00666667,0.386667,0.48,0.06,0.06,0.00666667,2,Bug-aca0e2fc-e0c6-475f-95ae-ec6f740bfa83,1395300263913
1332,0.00884956,0.929204,0.0353982,0.00884956,0.00884956,0.00884956,1,Bug-4d8543bd-ade8-48bf-a44b-0806427ad363,1389303068030
1333,0.00847458,0.567797,0.271186,0.0338983,0.0254237,0.0932203,1,Bug-ba28858c-7d52-4f66-8681-bf480402f09e,1393651372803
1334,0.0814815,0.11358,0.00246914,0.795062,0.00246914,0.00493827,3,Bug-c64a1569-9b7b-442b-81c8-56dfcf7657da,1387330123230
1335,0.0333333,0.0333333,0.366667,0.0333333,0.0333333,0.5,5,Bug-d1b91c2c-b30f-41d5-9795-fa7748c0a790,1395264679525
1336,0.00743494,0.260223,0.230483,0.0148699,0.483271,0.00371747,4,Bug-24586dbf-6463-432c-a756-f4082504ab6b,1386891364744
1337,0.142857,0.142857,0.142857,0.142857,0.285714,0.142857,4,Bug-0b0cfea3-9f0e-4d0a-b1fc-2fd27fa4e894,1379339170737
1338,0.00292398,0.0672515,0.365497,0.0438596,0.453216,0.0672515,4,Bug-5ba9d478-2518-49f2-b68c-8abf6dcd924a,1386299982291
1339,0.560794,0.111663,0.0148883,0.30397,0.00124069,0.00744417,0,Bug-40e933bc-e27d-4654-a833-d6feb8ca271d,1398137838391
1340,0.125,0.375,0.125,0.125,0.125,0.125,1,Bug-fb6981a6-2e99-4b5c-9e47-ae6e72e99bd1,1367202227374
1341,0.047619,0.047619,0.52381,0.047619,0.047619,0.285714,2,Bug-5a8c2fff-5854-4e4c-8f6c-312aaa5faaf1,1389056872374
1342,0.0051458,0.936535,0.0188679,0.00171527,0.0222985,0.0154374,1,Bug-258e75ad-92e8-4c62-867c-896ff24948c1,1397153751718
1343,0.0700637,0.089172,0.617834,0.0318471,0.00636943,0.184713,2,Bug-e67cd8e7-a46c-407a-bc16-538b4420357b,1375826758982
1344,0.0519263,0.0569514,0.365159,0.00167504,0.366834,0.157454,4,Bug-ce5316b2-381d-4447-9a25-57a9dc5cd5b9,1396934164857
1345,0.0253165,0.0759494,0.632911,0.0759494,0.0253165,0.164557,2,Bug-104cac8b-6ce3-4c43-b168-7c068e6c2acc,1381524060086
1346,0.00961538,0.721154,0.230769,0.00961538,0.0192308,0.00961538,1,Bug-a388b48e-854b-46b2-a37a-67bd787a52ef,1387558243848
1347,0.0555556,0.277778,0.444444,0.0555556,0.0555556,0.111111,2,Bug-4740e733-fe84-406d-a61f-4adeedd0e470,1373312967114
1348,0.0991736,0.454545,0.231405,0.165289,0.0413223,0.00826446,1,Bug-9cfe8fa6-701f-469c-83fb-c4938a73b062,1394557701979
1349,0.0122951,0.918033,0.045082,0.00409836,0.0163934,0.00409836,1,Bug-0f4f3bd1-b7aa-4b8c-8380-cb0145d64404,1408042101099
1350,0.0217391,0.934783,0.0108696,0.0108696,0.0108696,0.0108696,1,Bug-322aca84-dfde-4005-ab2c-583002e13d73,1283280777735
1351,0.0452675,0.432099,0.0288066,0.00411523,0.485597,0.00411523,4,Bug-1d97c991-2005-41b3-8ae6-a3f14a77eef0,1359072605410
1352,0.0108696,0.945652,0.0108696,0.0108696,0.0108696,0.0108696,1,Bug-e3858a6c-0242-4ec5-9877-c62148cafd6f,1394749833425
1353,0.0769231,0.0769231,0.615385,0.0769231,0.0769231,0.0769231,2,Bug-b50fb49f-554a-4dad-b298-60711ecb44c8,1407546433881
1354,0.0588235,0.0588235,0.705882,0.0588235,0.0588235,0.0588235,2,Bug-d23f8d32-2632-4fe5-9346-a88968782bd5,1369173639110
1355,0.0555556,0.0555556,0.611111,0.0555556,0.166667,0.0555556,2,Bug-495434c1-4069-4102-b882-a357bb09027e,1394999711516
1356,0.012987,0.935065,0.012987,0.012987,0.012987,0.012987,1,Bug-00b789bd-edb9-41a2-8871-3f25f57763de,1389157127438
1357,0.0196078,0.0196078,0.647059,0.0196078,0.0784314,0.215686,2,Bug-0724f3af-0dfa-4dd9-a784-c924767ca97d,1381542395933
1358,0.00854701,0.0940171,0.57265,0.162393,0.102564,0.0598291,2,Bug-ec8d5816-11c9-4bb1-a0c3-28438b060cf0,1367607553130
1359,0.0235294,0.870588,0.0588235,0.0235294,0.0117647,0.0117647,1,Bug-329535d4-6ffe-4de8-9cc5-3a61952b610f,1378375903398
1360,0.0263158,0.952632,0.00526316,0.00526316,0.00526316,0.00526316,1,Bug-37529566-a090-45e6-b471-f11f856613e0,1373398173554
1361,0.005,0.47,0.295,0.085,0.02,0.125,1,Bug-b2efca0a-b6e0-4295-89d6-4e88cd0f266b,1398369240059
1362,0.0526316,0.0526316,0.578947,0.0526316,0.0526316,0.210526,2,Bug-ff376f4e-aa28-4832-83e7-724024888cb0,1396934938760
1363,0.00529101,0.793651,0.153439,0.00529101,0.00529101,0.037037,1,Bug-0940ee27-2777-4c94-9784-f78b375b7370,1384309582146
1364,0.0491803,0.868852,0.0163934,0.0163934,0.0327869,0.0163934,1,Bug-38cacfb4-12fb-410e-a24a-d06fab553739,1368770672145
1365,0.0238095,0.0238095,0.333333,0.119048,0.142857,0.357143,5,Bug-d115d61f-461b-4ecd-957f-af81cf2ba331,1371069475395
1366,0.0625,0.0625,0.6875,0.0625,0.0625,0.0625,2,Bug-6fae53f1-de44-41f5-b245-7036891d1668,1370553754323
1367,0.00862069,0.836207,0.12931,0.00862069,0.00862069,0.00862069,1,Bug-a5b1616a-f101-4769-a694-80effd06a9cd,1392632191177
1368,0.0322581,0.0322581,0.806452,0.0645161,0.0322581,0.0322581,2,Bug-8b12dac5-0075-45ae-95d3-5712998b5450,1376613458269
1369,0.016129,0.774194,0.185484,0.00806452,0.00806452,0.00806452,1,Bug-3bc661e0-f0f9-4832-a4f9-ac542378ac8f,1395101995098
1370,0.0141844,0.237589,0.141844,0.187943,0.414894,0.0035461,4,Bug-22d09924-90aa-46c1-ad08-418bee2a5c33,1399674793187
1371,0.331273,0.118665,0.0173053,0.202719,0.0309023,0.299135,0,Bug-03642f88-a9c1-43c5-8bad-03bbf3049d40,1365124105180
1372,0.0454545,0.0454545,0.636364,0.0454545,0.0454545,0.181818,2,Bug-d579101d-729b-46eb-b867-5349f430d0e6,1395850255095
1373,0.015748,0.732283,0.220472,0.00787402,0.015748,0.00787402,1,Bug-041cdb03-50b2-41c8-974c-21842bfc11d0,1382032209229
1374,0.125,0.25,0.125,0.125,0.25,0.125,1,Bug-8d8f31fa-2c0f-4c17-9bf9-bba87f5691ce,1375232444599
1375,0.00877193,0.0438596,0.210526,0.00877193,0.719298,0.00877193,4,Bug-0451c348-1ea0-4697-8da4-d3497b99d5ef,1402009414804
1376,0.0387597,0.186047,0.25323,0.485788,0.0155039,0.0206718,3,Bug-212574b1-5129-4ecf-b67b-8cf96a2bbc4b,1375374098436
1377,0.125,0.125,0.25,0.125,0.25,0.125,2,Bug-bc482e53-3fec-4798-908d-c8ceaee7951d,1395900994996
1378,0.00625,0.625,0.24375,0.0375,0.00625,0.08125,1,Bug-01cd8f5c-3674-4595-827b-e539ec283500,1399436483842
1379,0.0606061,0.666667,0.232323,0.010101,0.020202,0.010101,1,Bug-db47b638-b3cf-49fc-9cfa-073275aa16d3,1402340957571
1380,0.0376471,0.0258824,0.616471,0.0682353,0.0164706,0.235294,2,Bug-fd444565-ed13-4cd7-8e93-46ca46e167e5,1381985250009
1381,0.0102302,0.404092,0.0997442,0.028133,0.43734,0.0204604,4,Bug-399d79ed-25a7-4959-9c1d-7d83db3b7b3c,1401713185897
1382,0.00157233,0.496855,0.0440252,0.00314465,0.363208,0.091195,1,Bug-031ca53e-764e-44e1-9f49-da5fab9e0426,1387568504118
1383,0.00735294,0.875,0.0955882,0.00735294,0.00735294,0.00735294,1,Bug-7e8bcc3d-3b70-4222-8318-680aecefe9ee,1365484006300
1384,0.0666667,0.0666667,0.333333,0.4,0.0666667,0.0666667,3,Bug-2b214869-bdae-4e85-be06-e45109e74588,1384716099031
1385,0.00787402,0.84252,0.125984,0.00787402,0.00787402,0.00787402,1,Bug-37f567bb-d4d5-4476-84d6-c882d5a933ef,1381302329458
1386,0.00122699,0.586503,0.149693,0.0184049,0.00122699,0.242945,1,Bug-8278c2df-3d49-4d23-bebb-00700fa087ef,1410217625604
1387,0.00704225,0.00704225,0.640845,0.0915493,0.183099,0.0704225,2,Bug-2ab38367-f745-4e35-b817-1ea3ef28f599,1375914258087
1388,0.00444444,0.342222,0.0488889,0.00444444,0.564444,0.0355556,4,Bug-2107fea1-883f-45d3-94b3-e7f78d590648,1397269848233
1389,0.00925926,0.722222,0.203704,0.00925926,0.0462963,0.00925926,1,Bug-3b2d6530-ff6b-4c38-ab8b-5d2c7b878f45,1406153531954
1390,0.00581395,0.918605,0.0348837,0.00581395,0.0290698,0.00581395,1,Bug-39da0676-e943-47e2-bc86-304b88b3e154,1395080140338
1391,0.029703,0.471947,0.0594059,0.409241,0.00330033,0.0264026,1,Bug-c2f2d5f8-3fab-4e30-a72c-9d7734831986,1365540877489
1392,0.0454545,0.136364,0.409091,0.0454545,0.136364,0.227273,2,Bug-f30f10b0-3541-4f2b-82f1-7767c4b38c4c,1393310602296
1393,0.0588235,0.264706,0.5,0.117647,0.0294118,0.0294118,2,Bug-7321440d-601f-4565-88c3-d7fdaac042ac,1380678148725
1394,0.0250522,0.294363,0.179541,0.469729,0.00208768,0.0292276,3,Bug-43f28f70-b629-47eb-a268-9fa079d6604c,1390501132942
1395,0.00473934,0.146919,0.0947867,0.014218,0.71564,0.0236967,4,Bug-5609f569-9084-4705-b10b-1af3fa7174ea,1375248230551
1396,0.0493827,0.777778,0.135802,0.0123457,0.0123457,0.0123457,1,Bug-7b59c596-03ca-43cf-91a7-b90b06874677,1407440453973
1397,0.120172,0.0386266,0.596567,0.107296,0.00429185,0.133047,2,Bug-c2d34f25-790c-4477-85d7-a8c945c9f354,1397016245907
1398,0.057971,0.144928,0.521739,0.15942,0.101449,0.0144928,2,Bug-2b1ad9c5-64e0-4b0b-bbf2-082789d7ca05,1390852582922
1399,0.00574713,0.942529,0.00574713,0.0344828,0.00574713,0.00574713,1,Bug-ce28ca35-f140-4882-9185-94484bb1dd5e,1379407301943
1400,0.010101,0.656566,0.010101,0.010101,0.0505051,0.262626,1,Bug-c7d9c25e-e808-4edf-8c7a-4510f1e1eb0b,1408411496449
1401,0.00213675,0.305556,0.0641026,0.136752,0.446581,0.0448718,4,Bug-9a98e624-b880-4200-83c0-dc7efd2d1677,1389236357329
1402,0.00355872,0.0498221,0.0498221,0.0213523,0.676157,0.199288,4,Bug-9ce8749b-4d2c-417f-958f-457b73a44df4,1397153988636
1403,0.000981354,0.419038,0.104024,0.033366,0.18842,0.254171,1,Bug-79ae9699-2ead-42bb-85c4-f2382eb077da,1390443926428
1404,0.0253165,0.822785,0.0759494,0.00632911,0.0632911,0.00632911,1,Bug-2654f243-aa07-4b68-afe0-fff6732988f0,1390327562243
1405,0.030303,0.030303,0.69697,0.181818,0.030303,0.030303,2,Bug-8a3b0a20-476d-4776-81a4-767bc264102b,1383324133929
1406,0.0344828,0.0344828,0.758621,0.0344828,0.103448,0.0344828,2,Bug-5164a9f6-4a02-4e4b-ab95-131a56a6c62d,1381248282304
1407,0.0526316,0.105263,0.631579,0.0526316,0.0526316,0.105263,2,Bug-6a98a90d-cf66-4d72-8761-97b766932dc3,1398220541308
1408,0.0265487,0.176991,0.159292,0.079646,0.548673,0.00884956,4,Bug-b9054688-18d1-4984-85fe-82b39b4cf6eb,1384486732381
1409,0.00529101,0.42328,0.00529101,0.00529101,0.555556,0.00529101,4,Bug-29f6a612-343a-41e2-86f8-053648b4c6a9,1381778145025
1410,0.00847458,0.677966,0.237288,0.00847458,0.00847458,0.059322,1,Bug-fe518529-3a70-4788-94a2-bef77ec7ac5b,1386732781828
1411,0.142857,0.285714,0.142857,0.142857,0.142857,0.142857,1,Bug-48e575e3-778a-468e-9f49-c918bbc89bf7,1360142320423
1412,0.012987,0.909091,0.012987,0.012987,0.012987,0.038961,1,Bug-2365901b-b20d-4932-b039-4257472cdfda,1397784238786
1413,0.125,0.125,0.25,0.125,0.25,0.125,2,Bug-8d220164-4332-4e2b-a821-27a7e7bcbd10,1381195633677
1414,0.0232558,0.13289,0.322259,0.00332226,0.475083,0.0431894,4,Bug-8283b83c-05ce-430f-b947-97bc3afba079,1403754562305
1415,0.00660066,0.580858,0.333333,0.029703,0.00330033,0.0462046,1,Bug-db6013d4-aa10-43c5-98c9-74e5e3a6223d,1380906993080
1416,0.781411,0.135972,0.0619621,0.00172117,0.00172117,0.0172117,0,Bug-88695018-e501-40fe-86c4-dfec7df47981,1380870699234
1417,0.103448,0.0344828,0.62069,0.172414,0.0344828,0.0344828,2,Bug-20f3adac-49c2-46f5-8f7a-45b44c521b9c,1384994693493
1418,0.0292044,0.147029,0.0533736,0.557905,0.202417,0.0100705,3,Bug-118f9330-8e49-4fac-9609-efc418c2ab17,1379450683266
1419,0.00225225,0.00675676,0.653153,0.0900901,0.00225225,0.245495,2,Bug-5876b955-f2ec-4cd0-8643-245cc30c42cb,1376334316710
1420,0.0609756,0.792683,0.097561,0.0243902,0.0121951,0.0121951,1,Bug-44a1a9d7-9214-4712-8acc-4ead308d4aad,1404772271065
1421,0.0149254,0.925373,0.0149254,0.0149254,0.0149254,0.0149254,1,Bug-5a2e30e3-14f7-46d4-acea-19ad223cdd76,1382649536821
1422,0.0338983,0.305085,0.559322,0.0338983,0.0508475,0.0169492,2,Bug-3b3702b9-3604-4fed-b85b-803a8624a3de,1406341302055
1423,0.111111,0.222222,0.333333,0.111111,0.111111,0.111111,2,Bug-64c98983-d62f-4681-b502-fced066ccdb2,1374343656386
1424,0.0106383,0.12234,0.143617,0.00531915,0.712766,0.00531915,4,Bug-71f201d8-4778-4481-89b9-7763408ed274,1406845707024
1425,0.00358423,0.487455,0.046595,0.0250896,0.419355,0.0179211,1,Bug-cc993b17-1c5f-4c6b-b321-5e13a3ca2d77,1408744992815
1426,0.000910747,0.0200364,0.0846995,0.00910747,0.441712,0.443534,5,Bug-1392c85a-c50e-4c99-b85d-816065082585,1383965275301
1427,0.0228137,0.920152,0.0342205,0.00380228,0.00380228,0.0152091,1,Bug-7799b9b3-1e67-4bd0-85a0-d566bf118795,1366803789170
1428,0.0172414,0.0172414,0.551724,0.37931,0.0172414,0.0172414,2,Bug-30f91d8b-be7d-4c1a-bc83-f2487836a224,1381728878516
1429,0.0150376,0.736842,0.0075188,0.0075188,0.0075188,0.225564,1,Bug-b8fc6f78-ed85-4042-b479-df129c21fd0b,1391660395438
1430,0.0909091,0.0909091,0.272727,0.0909091,0.272727,0.181818,2,Bug-65655195-db21-4633-8fe9-864f1f71f72b,1405569658177
1431,0.0119048,0.940476,0.0119048,0.0119048,0.0119048,0.0119048,1,Bug-80b98eaa-2cad-4bfb-825b-fb31899401eb,1382495940631
1432,0.0222222,0.111111,0.511111,0.0222222,0.0222222,0.311111,2,Bug-dca70fd9-69f0-45cf-9962-42d7f0a70073,1373427831611
1433,0.00617284,0.765432,0.0864198,0.00617284,0.00617284,0.12963,1,Bug-66d98243-8544-478c-a06c-66b7f7311dd3,1389346494264
1434,0.00404858,0.522267,0.408907,0.00404858,0.00809717,0.0526316,1,Bug-e7321bcb-fd5f-45f1-9658-465d4d670b02,1378720097636
1435,0.00534759,0.0909091,0.0588235,0.00534759,0.834225,0.00534759,4,Bug-b9a48774-3ae5-473d-a41d-70714dd479ef,1372825216200
1436,0.0021692,0.0737527,0.754881,0.0281996,0.0997831,0.0412148,2,Bug-5f219f4a-92c6-4301-915d-e28fb3ed3372,1370750269376
1437,0.00794798,0.0440751,0.560694,0.0339595,0.20737,0.145954,2,Bug-b7b45540-bc3d-44d2-843f-3f607286a95b,1368383256173
1438,0.111111,0.111111,0.444444,0.111111,0.111111,0.111111,2,Bug-e5e4900d-cc2e-4218-a796-3ac6e050c7ae,1384910495720
1439,0.0666667,0.0666667,0.266667,0.0666667,0.4,0.133333,4,Bug-eb074c0c-d8f8-47cb-81f7-b16b5db0b063,1375861926125
1440,0.0114943,0.666667,0.275862,0.0229885,0.0114943,0.0114943,1,Bug-216d8057-c846-43d8-9292-3fe5b10ec443,1379537271631
1441,0.045977,0.896552,0.0114943,0.0114943,0.0229885,0.0114943,1,Bug-a232302b-88d4-4dca-a3b2-465504666fdd,1408345550965
1442,0.0031348,0.203762,0.15674,0.288401,0.338558,0.00940439,4,Bug-4ba9cbc5-d10b-4551-aeca-958f565d717e,1393996130564
1443,0.1,0.2,0.3,0.1,0.2,0.1,2,Bug-b275d074-dded-4994-ad53-34dc6cb197d0,1406066987447
1444,0.0142857,0.928571,0.0142857,0.0142857,0.0142857,0.0142857,1,Bug-536cd930-7180-4ee3-8782-9bc9eae5dc52,1371859490407
1445,0.011236,0.617978,0.325843,0.0280899,0.00561798,0.011236,1,Bug-b362fc41-074f-4dc9-9c5f-90f486d2fe1e,1344934491469
1446,0.0466102,0.0847458,0.105932,0.0932203,0.635593,0.0338983,4,Bug-c9e645ac-a2c7-44d1-9f4c-2e450da5e488,1373490106490
1447,0.0108696,0.597826,0.26087,0.0217391,0.076087,0.0326087,1,Bug-ac59b3fb-a1b6-4293-a6ec-cc9839fedd48,1397786800443
1448,0.00818713,0.466667,0.108772,0.396491,0.00116959,0.0187135,1,Bug-e15d9164-4562-4f9a-a171-8f820183f5cd,1367814231624
1449,0.00574713,0.402299,0.454023,0.0402299,0.00574713,0.091954,2,Bug-e93dab91-f8fd-4f02-bd47-c86abb4e0f02,1398127497067
1450,0.01,0.95,0.01,0.01,0.01,0.01,1,Bug-99e7a633-73d4-4022-9a74-363c1ecb54ff,1382035173659
1451,0.00775194,0.0503876,0.717054,0.197674,0.0232558,0.00387597,2,Bug-ecdfa07a-03d4-4e22-9723-5f632513f7e0,1402654080917
1452,0.328125,0.00223214,0.433036,0.00892857,0.0491071,0.178571,2,Bug-ba4032f2-9484-42f9-b85e-ae7fa2ce99ab,1366138071442
1453,0.0320513,0.794872,0.153846,0.00641026,0.00641026,0.00641026,1,Bug-9325d86d-1ff4-444f-b2d0-c39e42641a25,1386997211537
1454,0.0151515,0.0984848,0.318182,0.0984848,0.462121,0.00757576,4,Bug-c9950b8e-3397-410c-a0d5-47366b5486fc,1383394663688
1455,0.0123457,0.0246914,0.777778,0.0123457,0.0493827,0.123457,2,Bug-cc356ada-c012-4305-9d29-f91c154f3950,1383542970695
1456,0.0045977,0.537931,0.00229885,0.00229885,0.00229885,0.450575,1,Bug-8893495c-5359-4c08-8989-0ffab2565fc8,1381987731230
1457,0.0340557,0.275542,0.421053,0.0495356,0.0278638,0.19195,2,Bug-6e6b971d-94d5-4442-af77-9a7a69437712,1385499548149
1458,0.00469484,0.208138,0.478873,0.0125196,0.158059,0.137715,2,Bug-a6f23c81-acc3-4668-bd1d-fbe290777b46,1392162765628
1459,0.00763359,0.0992366,0.00763359,0.00763359,0.870229,0.00763359,4,Bug-75bc3226-706d-42af-8144-3d29759697c8,1321646787997
1460,0.0111111,0.944444,0.0111111,0.0111111,0.0111111,0.0111111,1,Bug-a8a9a9ac-a55d-4035-8eda-3224a407064e,1367285006897
1461,0.0709302,0.0406977,0.636047,0.118605,0.0337209,0.1,2,Bug-defa9740-23c9-4dd6-8cf3-6945146602f7,1403732450299
1462,0.142857,0.142857,0.142857,0.142857,0.285714,0.142857,4,Bug-f47b4f31-b75d-4198-83b9-27ad71edd0a2,1381203883380
1463,0.000827815,0.423013,0.0215232,0.00331126,0.333609,0.217715,1,Bug-f274b40a-d53c-4ed0-9625-0a013ac0dd87,1391640704220
1464,0.0224439,0.468828,0.0710723,0.325436,0.0573566,0.0548628,1,Bug-e0b81e60-1cee-43c6-9371-27311f259e87,1394697712244
1465,0.00531915,0.25,0.106383,0.00531915,0.611702,0.0212766,4,Bug-94567cc5-b5b5-4c7c-8ff1-a5cb73c78fa0,1369247538367
1466,0.003003,0.848849,0.001001,0.00800801,0.028028,0.111111,1,Bug-10814a7b-be88-43cb-be5b-368a4c65c377,1390340768456
1467,0.1,0.1,0.1,0.3,0.1,0.3,3,Bug-cefadd2c-d0b3-4209-9302-7e07e531eb10,1399952620916
1468,0.0833333,0.0833333,0.416667,0.0833333,0.25,0.0833333,2,Bug-d3993bd5-2d59-4321-9151-1a59626d8fc5,1393891770976
1469,0.0909091,0.0909091,0.363636,0.272727,0.0909091,0.0909091,2,Bug-d3524d2a-28bc-489d-87c9-232c3fcc9c46,1393110626808
1470,0.00584795,0.929825,0.00584795,0.0233918,0.00584795,0.0292398,1,Bug-b1fd5fd5-2685-4af7-b456-2cdc59a454a7,1405726689421
1471,0.0346062,0.108592,0.0459427,0.668258,0.128878,0.0137232,3,Bug-ff454311-88e0-419a-b3b1-f81a4a1854b5,1398465115026
1472,0.0465116,0.151163,0.72093,0.0581395,0.0116279,0.0116279,2,Bug-a2c40e00-c496-4c8d-abe9-fc2c67e2b483,1381092740826
1473,0.111111,0.333333,0.222222,0.111111,0.111111,0.111111,1,Bug-5b57964b-47b0-4717-93e2-64f60c122ca2,1338524570181
1474,0.0416667,0.0833333,0.541667,0.0416667,0.0416667,0.25,2,Bug-74ecc2ed-1169-49dc-9576-96e27e32ef59,1382404539740
1475,0.00769231,0.938462,0.0307692,0.00769231,0.00769231,0.00769231,1,Bug-2bce7dff-31ec-4c5b-916d-393c7e79db09,1387502090942
1476,0.0909091,0.454545,0.0909091,0.0909091,0.181818,0.0909091,1,Bug-9171ba02-10b2-4008-91ea-ac4ba28ffdb2,1398247384741
1477,0.125,0.25,0.25,0.125,0.125,0.125,1,Bug-7b2c5cd6-30e7-4595-95f4-98a5d1b02b4b,1389213225875
1478,0.00628931,0.918239,0.00628931,0.00628931,0.00628931,0.0566038,1,Bug-2da5274c-6df5-426c-b001-978f929321a6,1410481766708
1479,0.1,0.1,0.3,0.1,0.1,0.3,2,Bug-3de2d16a-b52e-4505-a114-4dec1babc961,1383597014684
1480,0.0166667,0.2,0.733333,0.0166667,0.0166667,0.0166667,2,Bug-a3db5484-6f3a-461e-98da-8d06fdb1113d,1396059954443
1481,0.000646831,0.087969,0.0122898,0.00258732,0.000646831,0.89586,5,Bug-c79a380a-d313-46d4-99a7-aca374181968,1400695358816
1482,0.142857,0.142857,0.142857,0.142857,0.285714,0.142857,4,Bug-d893ee75-d4c4-4cef-a4f3-1d7921d42bf1,1375310953793
1483,0.00301205,0.0451807,0.746988,0.0451807,0.00903614,0.150602,2,Bug-1c17f516-1d9f-4b13-a7d8-18cf4699cc27,1404939148882
1484,0.0143885,0.906475,0.0359712,0.028777,0.00719424,0.00719424,1,Bug-4ed8bcf4-aa1c-4fdd-89f8-b6c6db734a4c,1401261527523
1485,0.003367,0.262626,0.0774411,0.040404,0.020202,0.59596,5,Bug-d443cca1-c44e-4845-9afa-b842d2fe73c0,1372108458791
1486,0.0190476,0.904762,0.047619,0.00952381,0.00952381,0.00952381,1,Bug-b261b63f-6250-4846-afba-ffeb3a4c3884,1388128020165
1487,0.0833333,0.0833333,0.583333,0.0833333,0.0833333,0.0833333,2,Bug-42b2e4ca-d520-4d04-81fe-0eff9ba9ccd1,1407448132131
1488,0.142857,0.285714,0.142857,0.142857,0.142857,0.142857,1,Bug-e6569193-3bd4-4923-ac77-fb177a8a167f,1401474319761
1489,0.0526316,0.105263,0.578947,0.157895,0.0526316,0.0526316,2,Bug-c1db8ea5-2e00-488b-8be2-eabd786e5a8f,1407788057177
1490,0.000708717,0.114812,0.0566974,0.00496102,0.00354359,0.819277,5,Bug-84c53795-4040-401a-a52c-df2e4523b301,1405949407041
1491,0.125,0.125,0.25,0.125,0.25,0.125,2,Bug-53f57283-ee7d-4f03-a4f9-9f32bf522088,1376130528196
1492,0.00641026,0.724359,0.173077,0.00641026,0.0192308,0.0705128,1,Bug-11db1519-f072-49a8-927e-49877079bec0,1408705320139
1493,0.00390625,0.84375,0.101562,0.00390625,0.0429688,0.00390625,1,Bug-708d2bbe-1b2c-42f0-b7aa-fd87d41df026,1377052126522
1494,0.0584879,0.430813,0.466476,0.0142653,0.0128388,0.0171184,2,Bug-7e7313f4-532a-4f61-b17c-5e75bef1fcfa,1389123941684
1495,0.052,0.171556,0.105778,0.573778,0.0822222,0.0146667,3,Bug-cd2d3f6e-d1b9-4070-a1d7-754298a6a9f6,1365187779958
1496,0.00255754,0.514066,0.396419,0.0127877,0.0204604,0.0537084,1,Bug-44680181-1a28-401e-bcf8-9c2044823892,1384435377077
1497,0.0198675,0.0264901,0.629139,0.0529801,0.00662252,0.264901,2,Bug-1c6d6cca-f666-433a-add6-2b271337b6be,1404374797083
1498,0.0833333,0.0833333,0.583333,0.0833333,0.0833333,0.0833333,2,Bug-ce31a102-1ca9-4625-8dea-d25a89a21c15,1408468114576
1499,0.0196078,0.715686,0.00980392,0.00980392,0.00980392,0.235294,1,Bug-17c7522d-3e3a-44df-99aa-3bb5dc8daefa,1405010727668
1500,0.000389864,0.0405458,0.109552,0.0116959,0.704094,0.133723,4,Bug-965c38a9-4ffd-49e6-ad9c-41c0193dc004,1410466371747
1501,0.00617284,0.604938,0.246914,0.0123457,0.123457,0.00617284,1,Bug-36ff7b5f-ad07-460f-a25b-5821186ad921,1365732153853
1502,0.00564972,0.423729,0.282486,0.0112994,0.0169492,0.259887,1,Bug-b6ad76d9-26ab-43fc-8feb-0c2767845138,1399946184521
1503,0.0322581,0.193548,0.677419,0.0322581,0.0322581,0.0322581,2,Bug-cf23cdd2-0137-4e6f-9da1-874a59c4ef5b,1395079954561
1504,0.0181347,0.221071,0.527634,0.0146805,0.0129534,0.205527,2,Bug-1ea64b9b-1ba3-4835-b5fb-2bdb590f1ab0,1371454346713
1505,0.0159011,0.107774,0.293286,0.422261,0.116608,0.0441696,3,Bug-8c8e5932-f99b-4bba-b5c4-a29cbe1da09e,1395256322142
1506,0.0326087,0.244565,0.538043,0.146739,0.00543478,0.0326087,2,Bug-0b93be7c-4bc6-4f64-ae95-1f5c8fb4cd41,1404336146343
1507,0.0352,0.056,0.632,0.0496,0.1216,0.1056,2,Bug-1db6043d-036d-49cd-a7e5-9d39fc3f1288,1381430173239
1508,0.0208333,0.166667,0.645833,0.0208333,0.125,0.0208333,2,Bug-258601ba-1bf8-47cc-bf6b-bd3308b6663b,1369031074870
1509,0.0275229,0.0825688,0.0275229,0.677752,0.173165,0.0114679,3,Bug-dfb8c47c-ca2f-4dd9-b506-555085167811,1402732251809
1510,0.00821918,0.161644,0.682192,0.00821918,0.0219178,0.117808,2,Bug-8d79ecf8-64b1-48e4-90d2-a5a77973ccf5,1366509847979
1511,0.866084,0.0451237,0.0756914,0.00873362,0.00291121,0.0014556,0,Bug-fb12c649-fb0c-4970-aba5-4ab6a51d7bcf,1379097488439
1512,0.00462963,0.0324074,0.75463,0.0462963,0.0648148,0.0972222,2,Bug-8cbe0ce1-c1da-4147-85b8-d23feac6df69,1392085987345
1513,0.142857,0.142857,0.142857,0.142857,0.285714,0.142857,4,Bug-22799123-e0f5-4aeb-939b-a42dbdbff1ab,1384391573852
1514,0.0113636,0.863636,0.0227273,0.0795455,0.0113636,0.0113636,1,Bug-33a0de97-5360-4b3c-b41f-2049f1bd1fc8,1380142451293
1515,0.0153846,0.796923,0.00923077,0.00307692,0.00307692,0.172308,1,Bug-83d4409a-cc18-4431-881b-969ddfde2231,1392826023469
1516,0.016624,0.19821,0.186701,0.00383632,0.521739,0.07289,4,Bug-2119e595-1650-4f6e-9c63-4a9894c3d030,1396544742158
1517,0.775405,0.124919,0.00841424,0.0899676,0.000647249,0.000647249,0,Bug-36b94fb5-3289-43aa-8eb1-1580b6e05c95,1394140724057
1518,0.0673854,0.727763,0.113208,0.0700809,0.0188679,0.00269542,1,Bug-ff689796-b04b-4494-a639-3313ab824031,1393032371124
1519,0.00647249,0.886731,0.0550162,0.00323625,0.00323625,0.0453074,1,Bug-7e56e11f-79f6-4543-b94a-ca43ddb145bc,1400770689246
1520,0.00878334,0.119388,0.107027,0.154522,0.481457,0.128822,4,Bug-ef77be02-24aa-4e20-bf48-ec8157966fb6,1397602916166
1521,0.525984,0.0661417,0.190551,0.0015748,0.214173,0.0015748,0,Bug-00074bc7-cea5-4894-a3e0-3b0cd47b999e,1401397977521
1522,0.024911,0.379597,0.218268,0.0403321,0.0699881,0.266904,1,Bug-0460fe81-af30-4975-857c-1d5a2d009cc8,1409708704419
1523,0.0264423,0.456731,0.206731,0.0144231,0.00721154,0.288462,1,Bug-04f4fd22-067e-44a3-94ac-d83055e8dd0f,1396897666860
1524,0.699105,0.271812,0.00671141,0.00782998,0.0134228,0.00111857,0,Bug-67caa489-0fe4-4cb3-a7f7-c5fab3b1a13b,1406153479445
1525,0.0558252,0.325243,0.131068,0.444175,0.0121359,0.0315534,3,Bug-cea6d9a5-0a9b-4629-8f17-023c78490e7a,1367482754152
1526,0.00706714,0.830389,0.0742049,0.024735,0.00706714,0.0565371,1,Bug-3e3bf362-6c1d-4293-917e-fabb0846bd6a,1406236599809
1527,0.0287356,0.12069,0.316092,0.0632184,0.465517,0.00574713,4,Bug-287ba713-84a4-465c-91b8-e8c2aa506092,1382555954383
1528,0.00456621,0.347032,0.00913242,0.0182648,0.589041,0.0319635,4,Bug-dbac95ff-f502-431f-aa91-f518640e12c7,1380587663108
1529,0.2,0.4,0.1,0.1,0.1,0.1,1,Bug-f7ea5889-beed-450d-9f2f-9c0ba52f6e42,1380702749348
1530,0.01,0.81,0.11,0.01,0.01,0.05,1,Bug-9b70b3b6-c78d-49fd-b307-654fa17d3e64,1393369446923
1531,0.00909091,0.9,0.0545455,0.00909091,0.00909091,0.0181818,1,Bug-10e29cd0-4b91-409f-ab52-87311be74bfd,1374732322280
1532,0.714543,0.16226,0.0661058,0.0222356,0.0342548,0.000600962,0,Bug-19514805-face-4962-b170-a0ab2b7d0927,1394285734501
1533,0.0153846,0.0153846,0.723077,0.0769231,0.0153846,0.153846,2,Bug-e414adc9-8288-42cd-8a2e-666e98acc90a,1386807073042
1534,0.0147059,0.926471,0.0147059,0.0147059,0.0147059,0.0147059,1,Bug-122d57a9-e00c-4dd6-a6ff-29c34b10e14d,1406873540099
1535,0.125,0.125,0.375,0.125,0.125,0.125,2,Bug-4470ccb1-f16d-4ed6-abce-efe0dda8685f,1405379715013
1536,0.0142857,0.819048,0.0047619,0.0047619,0.0142857,0.142857,1,Bug-9e18b1a4-c21f-4bc2-a723-6e1574f7a194,1334640701923
1537,0.0243218,0.235734,0.0898036,0.130028,0.517306,0.00280636,4,Bug-3308db72-58fe-4316-99f7-d07a48b67c31,1410803382714
1538,0.0294118,0.867647,0.0588235,0.0147059,0.0147059,0.0147059,1,Bug-d7805448-43c6-43cd-9cf4-d8b6aaa7a719,1395719969473
1539,0.0113636,0.204545,0.0113636,0.0113636,0.75,0.0113636,4,Bug-43df9cb9-ecdb-408c-923d-69a7e843f078,1397621719909
1540,0.0461783,0.0859873,0.348726,0.0254777,0.492038,0.00159236,4,Bug-68a6312b-967b-4a2c-933f-c7dabe7c8056,1383765580346
1541,0.1,0.2,0.1,0.1,0.4,0.1,4,Bug-08c67ecd-d41c-4ed7-bf2e-95efb8f115bc,1397112683993
1542,0.0238095,0.592262,0.300595,0.0297619,0.00595238,0.047619,1,Bug-a138cf29-9958-4c66-8294-4c1aa546340f,1380307418849
1543,0.125,0.125,0.125,0.125,0.375,0.125,4,Bug-b9503fcf-f63d-4050-88a9-d2b8878c0709,1366299382300
1544,0.034632,0.0822511,0.549784,0.242424,0.0692641,0.021645,2,Bug-fb204339-9a2b-4e0f-8c00-10a17b485d52,1304543239154
1545,0.125,0.125,0.375,0.125,0.125,0.125,2,Bug-8ba3bed6-b657-48ee-b460-97867f5c8ff3,1382430685769
1546,0.00469484,0.488263,0.00469484,0.0140845,0.483568,0.00469484,1,Bug-bbc269e7-65a6-4c43-a0f0-7545f6fed212,1378253058604
1547,0.00383142,0.291188,0.586207,0.0153257,0.045977,0.0574713,2,Bug-016162d6-accd-4c47-b7e2-b7e466fd7478,1390943985358
1548,0.13879,0.590747,0.177936,0.0640569,0.00355872,0.024911,1,Bug-fc22f6e6-10f1-490b-8aeb-257aea9d86af,1380878121530
1549,0.0384615,0.0769231,0.384615,0.192308,0.269231,0.0384615,2,Bug-50fd933e-4c83-4aff-bb59-b546ae4c7e24,1377702403198
1550,0.00980392,0.176471,0.0196078,0.00980392,0.77451,0.00980392,4,Bug-612dbc2b-e159-4710-8e18-210fead65936,1395444674332
1551,0.0322581,0.490783,0.0345622,0.435484,0.00230415,0.00460829,1,Bug-4ff5308d-0e6a-44e7-8497-812f01635dc7,1367883542075
1552,0.0833333,0.0833333,0.416667,0.0833333,0.0833333,0.25,2,Bug-f1e78076-080c-4b43-9fdd-e09d98c1c526,1394758165243
1553,0.087739,0.0764904,0.00112486,0.634421,0.197975,0.00224972,3,Bug-481c48c9-13a4-4b55-8483-3f6942ba96ed,1409958011841
1554,0.0153846,0.907692,0.0153846,0.0153846,0.0307692,0.0153846,1,Bug-57307242-5388-4b84-8eac-33381ead3aa4,1383886305393
1555,0.0034965,0.825175,0.153846,0.0104895,0.0034965,0.0034965,1,Bug-b309b5d5-7e2d-495d-a971-09fe56eef44b,1406057720079
1556,0.015873,0.0634921,0.761905,0.015873,0.015873,0.126984,2,Bug-eb9decae-44e5-49ca-9232-4f4d0a490a99,1386822826897
1557,0.00549451,0.857143,0.115385,0.00549451,0.010989,0.00549451,1,Bug-0f234a87-5367-4d1e-ac2f-d92920f0efa5,1383527628558
1558,0.0103093,0.876289,0.0824742,0.0103093,0.0103093,0.0103093,1,Bug-d6cc50c6-997b-498e-a463-418667cd2b7a,1404763849877
1559,0.0769231,0.538462,0.153846,0.0769231,0.0769231,0.0769231,1,Bug-4bb2d073-0f7d-4391-9f56-b1a5dad14790,1381354708851
1560,0.00342466,0.229452,0.0342466,0.010274,0.00342466,0.719178,5,Bug-36650f64-e1c9-442d-900a-30c8465a2835,1394438469341
1561,0.0588235,0.0588235,0.647059,0.0588235,0.117647,0.0588235,2,Bug-9a67cf61-ba35-4193-a7e3-1eccc778537a,1317850811856
1562,0.114286,0.228571,0.485714,0.0857143,0.0285714,0.0571429,2,Bug-5b75bf78-a743-41f0-b5a7-5e830b7a2bcb,1371515301609
1563,0.00636943,0.00636943,0.490446,0.00636943,0.00636943,0.484076,2,Bug-44285eaa-0eb6-4eb5-b335-15ce59e055ae,1389783523050
1564,0.00531915,0.744681,0.00531915,0.0106383,0.0159574,0.218085,1,Bug-b02d52b4-8c94-46aa-9a3f-a2994aa22067,1410561447505
1565,0.0306166,0.109099,0.00776197,0.582579,0.249245,0.0206986,3,Bug-01abc6af-6403-4a97-bd36-8c90acc084d2,1399494741113
1566,0.038961,0.896104,0.012987,0.012987,0.025974,0.012987,1,Bug-8e0fb34f-b49c-47f7-ab53-ffa5d93f51b3,1381632070121
1567,0.034632,0.0649351,0.549784,0.038961,0.307359,0.004329,2,Bug-eb30116a-ec5a-419a-8a30-d71b1536a8fa,1339523426777
1568,0.0194805,0.876623,0.0714286,0.00649351,0.012987,0.012987,1,Bug-85cb08cd-9c81-4b44-9ee4-c36d3c19d99e,1403652276918
1569,0.3,0.1,0.3,0.1,0.1,0.1,0,Bug-e471a6ff-4984-4806-9f5c-f5137ec2f3f6,1409839282824
1570,0.26087,0.101449,0.492754,0.0724638,0.0434783,0.0289855,2,Bug-5e1ee793-ec51-4a65-9964-b3a2344cd3de,1406056318467
1571,0.0168651,0.0248016,0.135913,0.014881,0.60119,0.206349,4,Bug-7ff83ada-d837-43c5-a91d-a31b3473101e,1396059368439
1572,0.013369,0.441176,0.131016,0.0026738,0.409091,0.0026738,1,Bug-1279d5a3-5ea0-4949-9e37-2ab6f50c69fb,1396938047497
1573,0.00826446,0.512397,0.247934,0.00826446,0.0165289,0.206612,1,Bug-25c6e477-13fa-4901-9d30-04993b8823a9,1375201746540
1574,0.0153846,0.426923,0.403846,0.00384615,0.00384615,0.146154,1,Bug-45db36ec-7f4f-4f59-98cb-285191e5baa3,1405886904655
1575,0.00666667,0.296667,0.025,0.661667,0.00166667,0.00833333,3,Bug-b496e7a8-06af-466b-90c6-488d5cdf0cf6,1387566423605
1576,0.0232558,0.697674,0.232558,0.0116279,0.0232558,0.0116279,1,Bug-debc5d11-ff30-45af-a5ea-b07581ae08c5,1399852189763
1577,0.0389908,0.0970948,0.0626911,0.000764526,0.640673,0.159786,4,Bug-b138cd04-fc2c-437a-8867-8f81d9673372,1385417303705
1578,0.0769231,0.0769231,0.538462,0.153846,0.0769231,0.0769231,2,Bug-e5c2d791-ddb4-402d-83a4-71d3a0dcfb93,1379630884271
1579,0.45369,0.29233,0.0108538,0.190304,0.000723589,0.0520984,0,Bug-3cfc0bd0-35ed-4755-9dc5-28149d2aeec0,1410375452299
1580,0.904245,0.0924528,0.000471698,0.000471698,0.00188679,0.000471698,0,Bug-c455cdc3-e6f5-45f5-ad20-9f9e5c43ecd8,1399931208299
1581,0.003861,0.544402,0.335907,0.0501931,0.003861,0.0617761,1,Bug-574a359f-f648-428f-8127-ab2f4ba5311d,1383179841520
1582,0.016129,0.919355,0.016129,0.016129,0.016129,0.016129,1,Bug-2bc36b1c-3bf2-4ea6-ad46-dfd7b9030912,1383781377955
1583,0.00917431,0.633028,0.119266,0.00917431,0.119266,0.110092,1,Bug-bd6e7ea0-5083-4c17-8482-a868bca56f52,1386847842214
1584,0.1,0.693333,0.02,0.00333333,0.03,0.153333,1,Bug-94e97cd3-f9fb-4997-9078-d1fcffbcc8da,1381194539737
1585,0.0833333,0.0833333,0.5,0.0833333,0.166667,0.0833333,2,Bug-ea779a00-fd1c-43a4-afff-a7aa1946f5e2,1384905857506
1586,0.0833333,0.0833333,0.166667,0.5,0.0833333,0.0833333,3,Bug-f2f8fec5-a23f-4f8d-b4d8-d85436dfbfce,1373475770403
1587,0.0588235,0.352941,0.411765,0.0588235,0.0588235,0.0588235,2,Bug-4bc69f6e-da1b-4736-b9b3-a97686c089c5,1380258132710
1588,0.0188679,0.0188679,0.367925,0.575472,0.00943396,0.00943396,3,Bug-d162dec1-f7a3-458e-8d46-7386bdffd151,1351151139467
1589,0.0102041,0.0102041,0.765306,0.0714286,0.0612245,0.0816327,2,Bug-65a775f0-0330-4937-b37e-c83d9a5dcd79,1384463539950
1590,0.00714286,0.214286,0.357143,0.00714286,0.278571,0.135714,2,Bug-81f95442-4a25-4309-b1ed-3d82b37ea17c,1320168748650
1591,0.0218978,0.927007,0.0291971,0.00729927,0.00729927,0.00729927,1,Bug-7cee88d3-4416-494c-a7cd-0a5086fcad80,1407518280099
1592,0.142857,0.142857,0.285714,0.142857,0.142857,0.142857,2,Bug-a34f4264-68f7-444d-a636-a5fd640df11d,1378488370966
1593,0.0555556,0.111111,0.555556,0.0555556,0.0555556,0.166667,2,Bug-20d01217-720d-4591-b1a3-74838c7e794b,1392205974095
1594,0.0909091,0.0909091,0.545455,0.0909091,0.0909091,0.0909091,2,Bug-99898406-462d-48ce-8981-7f0a47e7e2b9,1388791625822
1595,0.00163132,0.360522,0.323002,0.00163132,0.269168,0.0440457,1,Bug-da34d535-5188-42e0-8ec8-b7779657d7e8,1402527898885
1596,0.0757576,0.0454545,0.681818,0.166667,0.0151515,0.0151515,2,Bug-0dc7c651-136c-4abb-bc78-c6257194bfbd,1409962360764
1597,0.0714286,0.0714286,0.571429,0.0714286,0.0714286,0.142857,2,Bug-35e376a8-b0aa-4d00-9b03-3df50e4c7a5e,1401843346580
1598,0.0833333,0.0833333,0.333333,0.0833333,0.333333,0.0833333,2,Bug-7141c33d-1af4-4cb1-8d26-a598d7b8288a,1380987350722
1599,0.125,0.125,0.125,0.125,0.375,0.125,4,Bug-7a4f669e-4b2d-4d29-813a-2bf83a5d809c,1378414056232
1600,0.0341207,0.188976,0.0629921,0.632546,0.00262467,0.0787402,3,Bug-ce8e672a-e2d9-482e-ac7d-294875da302e,1386026816516
1601,0.00571429,0.0971429,0.771429,0.0742857,0.00571429,0.0457143,2,Bug-fa14a545-c9ea-46af-9169-c3d8ee5e7d87,1378292902539
1602,0.102564,0.102564,0.717949,0.0512821,0.0128205,0.0128205,2,Bug-00ffe256-c299-4f3b-8a17-99c2e32adf6e,1365787693314
1603,0.00065703,0.125493,0.158344,0.0118265,0.494087,0.209593,4,Bug-1d199e81-6bc0-4dce-b970-09688f2add3f,1376980295539
1604,0.00854701,0.811966,0.111111,0.0512821,0.00854701,0.00854701,1,Bug-8b060935-3402-4619-a1c2-588cc68aba7f,1396519568449
1605,0.010929,0.961749,0.00546448,0.00546448,0.010929,0.00546448,1,Bug-ba571aa9-c8d9-48df-af46-3397753e4b5c,1410823278366
1606,0.00806452,0.0645161,0.112903,0.00806452,0.596774,0.209677,4,Bug-27d88980-935c-487b-b7a2-5106e72c177e,1382345718294
1607,0.00854701,0.794872,0.00854701,0.00854701,0.00854701,0.17094,1,Bug-c24c631e-a3a2-4ee8-bee3-9cedceaa2bb1,1408670348580
1608,0.03125,0.617188,0.328125,0.0078125,0.0078125,0.0078125,1,Bug-f5e8805f-9e67-4fbf-8a18-9a8fe58131e4,1385091260365
1609,0.0184971,0.469364,0.0323699,0.323699,0.00115607,0.154913,1,Bug-8f15f7c1-8889-4741-b9e7-84f06c037b1c,1381779524762
1610,0.00595238,0.470238,0.321429,0.00595238,0.00595238,0.190476,1,Bug-aa9b69b9-005b-448c-80e5-c9c25a5f1e70,1403760652130
1611,0.031348,0.194357,0.532915,0.0595611,0.00940439,0.172414,2,Bug-3e19394e-5d8b-4d8d-b05d-ae0041cacd7c,1343745127465
1612,0.106838,0.292735,0.147436,0.136752,0.314103,0.00213675,4,Bug-01a1cf08-aa65-4953-9535-dbca5100d314,1370311791372
1613,0.10274,0.0410959,0.589041,0.0410959,0.00684932,0.219178,2,Bug-8ee6b5bd-2790-4e08-a9a1-94e6d998c09f,1390450424347
1614,0.134615,0.0961538,0.673077,0.0384615,0.0384615,0.0192308,2,Bug-b1e61b8c-f6a1-42c1-8ced-08fa91d209f2,1404920346003
1615,0.015873,0.920635,0.015873,0.015873,0.015873,0.015873,1,Bug-64aa49e7-8954-443f-b3e3-cb04cb188ff3,1313628639410
1616,0.047619,0.047619,0.52381,0.047619,0.047619,0.285714,2,Bug-914e53d5-0a5a-4b80-968e-049459598240,1389239013157
1617,0.0185185,0.037037,0.796296,0.0740741,0.0555556,0.0185185,2,Bug-0597552a-f7ef-4db3-a641-26a3bff82fa8,1297887662816
1618,0.0144928,0.927536,0.0144928,0.0144928,0.0144928,0.0144928,1,Bug-296bcf85-9153-46a8-9ca3-1650e4f7ce4d,1396486338422
1619,0.0158311,0.305189,0.0976253,0.560246,0.00879507,0.0123131,3,Bug-1fc91051-ac86-4e90-b7e0-59a6a94ca9ca,1396992645436
1620,0.125,0.125,0.375,0.125,0.125,0.125,2,Bug-4a552a02-86f9-4f7b-9dec-f0f7e46bf7ba,1382630261086
1621,0.0126582,0.822785,0.0886076,0.0126582,0.0506329,0.0126582,1,Bug-fc01cfe3-fb56-4a8d-887f-c95015491a59,1381097141909
1622,0.0144928,0.884058,0.0434783,0.0289855,0.0144928,0.0144928,1,Bug-903b649d-cb70-49bc-96a4-0d2e84308402,1407927053435
1623,0.142857,0.142857,0.285714,0.142857,0.142857,0.142857,2,Bug-a220cdf5-db69-4ac6-a56b-c53314e9b861,1376507765390
1624,0.00952381,0.104762,0.761905,0.0380952,0.0571429,0.0285714,2,Bug-6131cc9e-1b18-46d1-a789-2d54cb8c84c4,1354513099034
1625,0.0113636,0.0568182,0.738636,0.0227273,0.0113636,0.159091,2,Bug-d07c5e67-c262-4c03-b653-ceefde99b4b9,1338389089120
1626,0.0149254,0.865672,0.0746269,0.0149254,0.0149254,0.0149254,1,Bug-9c767629-118e-4946-8fc5-73bf008f4d8f,1404338355171
1627,0.0131579,0.0921053,0.631579,0.0526316,0.197368,0.0131579,2,Bug-4d9e403b-9d89-47d1-9f6f-74917af37549,1408665246631
1628,0.0037037,0.22963,0.0518519,0.0296296,0.681481,0.0037037,4,Bug-169a1caf-03e1-4fda-b364-ce9e70ff63f5,1384982253090
1629,0.0404267,0.104436,0.0830994,0.635036,0.13251,0.00449186,3,Bug-d3220b92-e5f7-408f-b136-d8d1f6dcd277,1387502358463
1630,0.00414938,0.282158,0.00414938,0.00414938,0.00414938,0.701245,5,Bug-e6ad0ce4-67e1-410a-8dba-4b88eb2a555d,1401760351817
1631,0.00456621,0.456621,0.0136986,0.00456621,0.479452,0.0410959,4,Bug-d7f27cb3-e574-49ee-9f40-c7579aea28ce,1401298272180
1632,0.0714286,0.142857,0.571429,0.0714286,0.0714286,0.0714286,2,Bug-1d75735a-8715-466d-a6db-d8e38ed3a6f7,1398170253479
1633,0.00746269,0.208955,0.104478,0.00746269,0.664179,0.00746269,4,Bug-6daa1cce-864e-440c-8c55-60afde0f381e,1326179880616
1634,0.0113636,0.943182,0.0113636,0.0113636,0.0113636,0.0113636,1,Bug-962be0e2-ea52-40ae-ae06-34eda1192d4e,1376430850976
1635,0.800247,0.156597,0.0320592,0.00863132,0.00123305,0.00123305,0,Bug-aeb3ef23-2066-4ccf-9ccb-5b7995018c65,1382560371462
1636,0.0263158,0.322368,0.00657895,0.618421,0.00657895,0.0197368,3,Bug-e83b7b43-1c33-491a-9978-a381e01e4fa3,1385460645376
1637,0.037037,0.833333,0.0925926,0.0185185,0.00925926,0.00925926,1,Bug-2853f573-9354-411a-8de9-7b581a17e320,1341836222953
1638,0.0909091,0.0909091,0.545455,0.0909091,0.0909091,0.0909091,2,Bug-840f58e8-ae3c-45eb-b6d2-769750da2bcd,1401326982588
1639,0.1,0.1,0.5,0.1,0.1,0.1,2,Bug-d3b6596b-0425-4df8-896f-b64c39e4ca9e,1392095377853
1640,0.0178571,0.3,0.0928571,0.00357143,0.582143,0.00357143,4,Bug-049dedd9-4d70-4b3d-b0b7-b43cbf98b948,1393542995042
1641,0.00377358,0.354717,0.00754717,0.00377358,0.626415,0.00377358,4,Bug-0c16ad35-3f67-4f21-9744-b2040f098660,1405034621135
1642,0.122449,0.00510204,0.209184,0.117347,0.00510204,0.540816,5,Bug-f9f156ee-9788-45f1-a69d-fb0f1efd442a,1407390126159
1643,0.0909091,0.0909091,0.454545,0.0909091,0.0909091,0.181818,2,Bug-3c34c033-a3df-483d-91c0-67af42af4927,1407396298284
1644,0.169492,0.0112994,0.468927,0.338983,0.00564972,0.00564972,2,Bug-4a107442-5554-4da9-92ca-e96b0c976011,1382545476785
1645,0.142857,0.142857,0.142857,0.142857,0.285714,0.142857,4,Bug-37715b4c-096b-4b09-9abf-7e65104e8b9f,1382054115239
1646,0.0445682,0.25766,0.456825,0.215877,0.0111421,0.0139276,2,Bug-22ca4d7a-cfc9-45ae-87c0-9a84f421444d,1369088144459
1647,0.00355872,0.405694,0.213523,0.00711744,0.366548,0.00355872,1,Bug-12bc4f34-1e71-4508-90eb-c1fda59a2be6,1402596999051
1648,0.00347222,0.0798611,0.180556,0.00347222,0.704861,0.0277778,4,Bug-401212b2-7462-4514-b237-ff22b10ac77a,1371768002186
1649,0.1,0.1,0.4,0.1,0.1,0.2,2,Bug-8066c5db-16dd-4bcd-afd5-95995cfc84af,1384909974676
1650,0.04,0.08,0.6,0.04,0.12,0.12,2,Bug-e5749950-9c32-4d55-8528-861d8d7eb85b,1390253691918
1651,0.008,0.552,0.064,0.072,0.008,0.296,1,Bug-1f2ebd45-c46c-47c1-a455-3818571df509,1390274688060
1652,0.0102564,0.676923,0.276923,0.00512821,0.00512821,0.025641,1,Bug-b2131720-f4c3-4a5d-8b26-4716497e3a09,1410822233472
1653,0.1,0.1,0.5,0.1,0.1,0.1,2,Bug-d871874c-9fb5-440f-b481-f6c2c94fae2a,1322613865692
1654,0.26518,0.399009,0.0297398,0.294919,0.00123916,0.00991326,1,Bug-73f14927-bd5b-4fce-a36d-871e489e87f8,1374096980468
1655,0.0416667,0.0416667,0.5,0.0416667,0.166667,0.208333,2,Bug-c05062ef-8fdf-459c-9c3c-0d2fe09c10fb,1379365254946
1656,0.0333333,0.922222,0.0111111,0.0111111,0.0111111,0.0111111,1,Bug-0d364261-e707-4124-9465-17633c931c3a,1409183059351
1657,0.1,0.3,0.1,0.1,0.3,0.1,1,Bug-145b26a6-f999-43d8-a361-10322a0f04fc,1398991605060
1658,0.0526316,0.105263,0.210526,0.0526316,0.105263,0.473684,5,Bug-224d47de-e004-4b0c-b60c-30449084db39,1377808575663
1659,0.010101,0.828283,0.0808081,0.010101,0.0606061,0.010101,1,Bug-fd203e27-3252-4b00-9d87-bdc831427702,1409116992032
1660,0.0691057,0.146341,0.0162602,0.00406504,0.760163,0.00406504,4,Bug-91afb2ba-2b69-441b-9191-89a5e4b15934,1408750801986
1661,0.103448,0.0689655,0.724138,0.0344828,0.0344828,0.0344828,2,Bug-cbfee29a-5520-4752-b4db-88b5f724380a,1400103734781
1662,0.00154799,0.455108,0.340557,0.0479876,0.0139319,0.140867,1,Bug-1ced9764-e029-4a94-9e9a-f022b200d4a2,1401467234913
1663,0.142857,0.142857,0.142857,0.142857,0.285714,0.142857,4,Bug-c925496b-d046-4d71-a025-3ca13d8d644b,1410020422012
1664,0.142857,0.285714,0.142857,0.142857,0.142857,0.142857,1,Bug-7b1914d3-9acf-49ce-bad2-bfbd6f640c54,1374771042927
1665,0.0298013,0.0993377,0.192053,0.00331126,0.546358,0.129139,4,Bug-a465f724-3c88-4770-a41c-c2c0915dcd2a,1396589861844
1666,0.0140845,0.915493,0.0140845,0.0140845,0.0140845,0.028169,1,Bug-8ca7eb79-3b6c-4367-86e1-2f7dcb1951dc,1394140077675
1667,0.142857,0.142857,0.285714,0.142857,0.142857,0.142857,2,Bug-b778dcd8-4452-4c83-8028-076642f40660,1381863553430
1668,0.0125786,0.63522,0.295597,0.0440252,0.00628931,0.00628931,1,Bug-33a79a56-bfd5-451f-a5a4-87389d3644be,1410217488502
1669,0.103825,0.601093,0.185792,0.0983607,0.00546448,0.00546448,1,Bug-eb4a0da3-8881-4845-9e87-5a11d962331a,1342151470807
1670,0.121212,0.030303,0.666667,0.0151515,0.0151515,0.151515,2,Bug-8a526c43-8e82-4167-aa84-530c99e26201,1377127756764
1671,0.0105263,0.947368,0.0105263,0.0105263,0.0105263,0.0105263,1,Bug-2506b966-e405-490a-ba73-a1982343bbdd,1373962544381
1672,0.04,0.04,0.76,0.04,0.04,0.08,2,Bug-59fbde54-33da-4a8c-aae8-fafd2a4d0458,1372749758115
1673,0.0117647,0.941176,0.0117647,0.0117647,0.0117647,0.0117647,1,Bug-75d59522-976f-4e81-9b20-957ee811b702,1365600359119
1674,0.142857,0.142857,0.142857,0.142857,0.285714,0.142857,4,Bug-a4660d8e-d3b9-49fd-b66d-c6e1482be79b,1392072707166
1675,0.111111,0.111111,0.444444,0.111111,0.111111,0.111111,2,Bug-7d6e53a9-d757-457b-a7ef-0f4c37f38144,1384326643036
1676,0.0111111,0.944444,0.0111111,0.0111111,0.0111111,0.0111111,1,Bug-9a301427-6ca3-41e1-ae17-0674d7a19dff,1400221776646
1677,0.00621118,0.142857,0.0621118,0.0372671,0.745342,0.00621118,4,Bug-00554826-aeda-44a6-91b5-0cb704eadcca,1359443107427
1678,0.0185185,0.12963,0.796296,0.0185185,0.0185185,0.0185185,2,Bug-cba4d13e-5b0e-4ab0-8924-338d6ee38acb,1386631540423
1679,0.0282776,0.298201,0.141388,0.00257069,0.526992,0.00257069,4,Bug-ed52344f-1fb4-480d-b470-7dac6fc8e5bf,1375809541707
1680,0.0392157,0.666667,0.176471,0.0196078,0.0686275,0.0294118,1,Bug-2a729e37-5326-448f-bc78-3083e87b5402,1381017266650
1681,0.125,0.375,0.125,0.125,0.125,0.125,1,Bug-88981acf-3c97-493d-ad56-66699c42f3a6,1385417092220
1682,0.0769231,0.307692,0.384615,0.0769231,0.0769231,0.0769231,2,Bug-9d325115-7da5-4e11-b3af-133a464e53c9,1400029818613
1683,0.142857,0.285714,0.142857,0.142857,0.142857,0.142857,1,Bug-397e3f15-ecf8-49ce-8264-0604f20cfe39,1368434685666
1684,0.00214133,0.182013,0.00214133,0.00642398,0.805139,0.00214133,4,Bug-3ad8fa88-1122-40fb-87c4-a4147b1d4f55,1392624219746
1685,0.00811542,0.102344,0.0953562,0.267358,0.245717,0.281109,5,Bug-4c8c363f-50c0-437f-ad09-091d5ed6c16c,1398192191325
1686,0.00130719,0.128105,0.00522876,0.00130719,0.00261438,0.861438,5,Bug-f6aaf975-3bb5-442b-9182-b9d8449a11dd,1397024461074
1687,0.0322581,0.354839,0.483871,0.0322581,0.0322581,0.0645161,2,Bug-20e20e14-deba-4373-b8fc-9cce67f86baf,1408661023350
1688,0.00869565,0.713043,0.208696,0.0521739,0.00869565,0.00869565,1,Bug-d1b38983-ea98-416e-bb02-9c44f408ee7a,1378775301972
1689,0.0121951,0.939024,0.0121951,0.0121951,0.0121951,0.0121951,1,Bug-e914006d-5342-429f-a11b-c9824da80088,1387231213740
1690,0.00353357,0.607774,0.215548,0.0141343,0.00706714,0.151943,1,Bug-69fc7755-0bd1-4f5f-b27c-e8b01d268918,1402352554776
1691,0.00675676,0.527027,0.432432,0.00675676,0.0202703,0.00675676,1,Bug-a2ac8087-8128-4f96-8b0a-3da724a178c3,1396560995536
1692,0.00488998,0.297066,0.55379,0.0183374,0.0623472,0.0635697,2,Bug-accef1b9-fe86-4ac9-891f-f494558fa1bc,1248743095774
1693,0.0107527,0.758065,0.145161,0.0322581,0.0268817,0.0268817,1,Bug-81bfc0a9-c251-4689-831e-7cdf12aaa5f8,1373399201211
1694,0.0682382,0.0818859,0.00124069,0.707196,0.133995,0.00744417,3,Bug-e828b5c3-adfc-4157-99aa-6f5d01958e31,1397764062773
1695,0.00442478,0.327434,0.00442478,0.10177,0.482301,0.079646,4,Bug-4b96a301-90c5-4153-a4cd-57932dc69799,1406018840248
1696,0.0176991,0.840708,0.00884956,0.0707965,0.00884956,0.0530973,1,Bug-5f831fe9-8a07-409f-9477-4a0954440101,1407873991695
1697,0.0183299,0.150713,0.366599,0.01222,0.0101833,0.441955,5,Bug-969df429-3508-4335-aa5b-8b411556b263,1382676274538
1698,0.0654762,0.535714,0.267857,0.0595238,0.0238095,0.047619,1,Bug-22b22175-1ac8-4d04-a859-bc4abe8becec,1386557490363
1699,0.00724638,0.836957,0.126812,0.00362319,0.0217391,0.00362319,1,Bug-dcb1813a-0095-4e54-b2a2-0eaffa26b9a9,1365784584266
1700,0.0333333,0.0333333,0.833333,0.0333333,0.0333333,0.0333333,2,Bug-edd858e1-b3b1-41ee-a284-12c987514df7,1410504501813
1701,0.012987,0.87013,0.038961,0.038961,0.025974,0.012987,1,Bug-2f3eb8f8-a57b-4569-a89a-5992b3e235fe,1394454872499
1702,0.00381679,0.69084,0.270992,0.00381679,0.0267176,0.00381679,1,Bug-83499688-0da8-4316-bebd-4fef29cf0d84,1398205676251
1703,0.00865801,0.380952,0.0865801,0.0995671,0.419913,0.004329,4,Bug-919647f6-a750-4f90-85ea-a6696c08c0ab,1393241433163
1704,0.0786667,0.345333,0.024,0.004,0.364,0.184,4,Bug-232ababa-f9d3-416f-b670-7869f612592e,1367819315334
1705,0.836683,0.130653,0.0288945,0.00125628,0.00125628,0.00125628,0,Bug-7209d558-eafa-4714-beb3-73b102fbbaac,1394675853755
1706,0.0833333,0.0833333,0.583333,0.0833333,0.0833333,0.0833333,2,Bug-e2560d9f-d675-4660-965b-c940c26f3045,1389398094996
1707,0.00636943,0.936306,0.0382166,0.00636943,0.00636943,0.00636943,1,Bug-079e8c66-7434-4fff-94e1-7109256cbb8a,1400481103172
1708,0.0294785,0.712018,0.23356,0.0136054,0.00907029,0.00226757,1,Bug-498c25a7-d7b7-4b38-9aa7-fda36fd77bfa,1373375275440
1709,0.0306122,0.683673,0.142857,0.0510204,0.0204082,0.0714286,1,Bug-aa28dc33-8679-4214-9454-879d2e86fa86,1397510580016
1710,0.00819672,0.696721,0.196721,0.00819672,0.057377,0.0327869,1,Bug-a3dbe827-fa26-4af9-83c8-836d7fe33703,1398115220476
1711,0.0555556,0.0648148,0.592593,0.00925926,0.00925926,0.268519,2,Bug-e2af8e27-5d5a-41fd-a869-3f902735f30b,1409351384123
1712,0.713636,0.0318182,0.0936364,0.0190909,0.131818,0.01,0,Bug-717d4cbd-d481-4998-9d24-e4907deb2f47,1394219517323
1713,0.03125,0.03125,0.65625,0.03125,0.15625,0.09375,2,Bug-a3c5e05c-19ae-4b34-9844-1e8d69046910,1339609940136
1714,0.0377358,0.169811,0.566038,0.0188679,0.0188679,0.188679,2,Bug-f4dca956-3bb9-4bae-b70b-156df31d5878,1372438336530
1715,0.0769231,0.0769231,0.615385,0.0769231,0.0769231,0.0769231,2,Bug-bfa9709a-ebf1-4612-80c5-ac90f5638b42,1407350860368
1716,0.0107527,0.88172,0.0107527,0.0322581,0.0537634,0.0107527,1,Bug-2f7913a5-d303-4975-bb0c-3c81f7db3e8c,1398981248634
1717,0.0938338,0.0428954,0.495979,0.0428954,0.101877,0.22252,2,Bug-5f3abeac-4542-4e16-999b-4d90082e9840,1394197801443
1718,0.00149925,0.125937,0.00749625,0.00149925,0.467766,0.395802,4,Bug-322f0c79-fcaa-4192-aeb4-6c8e0c137c6e,1396588385802
1719,0.1,0.1,0.5,0.1,0.1,0.1,2,Bug-54f8e455-41dd-4b51-81d5-415278b0ac84,1394094540295
1720,0.111111,0.111111,0.444444,0.111111,0.111111,0.111111,2,Bug-996e7389-42d3-4c37-bedf-1dcceee1d014,1375819557545
1721,0.0769231,0.0769231,0.461538,0.0769231,0.230769,0.0769231,2,Bug-f7f3aa5f-fa98-4559-849a-875cd014b98d,1399950144671
1722,0.0163934,0.885246,0.0163934,0.0163934,0.0491803,0.0163934,1,Bug-3dc6257a-2896-415a-a740-96a9a1e5cde7,1406679954140
1723,0.0125,0.9375,0.0125,0.0125,0.0125,0.0125,1,Bug-6eec4968-f7e8-4704-aef4-f63cdfc4c580,1410560252314
1724,0.0333333,0.233333,0.333333,0.0666667,0.233333,0.1,2,Bug-8ff5d427-9602-452a-9904-26cdcae4cd40,1381707309442
1725,0.002331,0.799534,0.111888,0.002331,0.048951,0.034965,1,Bug-a9449275-63b7-42f5-a0fd-c3c4d9dfd94a,1405581751766
1726,0.0103093,0.938144,0.0103093,0.0103093,0.0206186,0.0103093,1,Bug-2ed5cefb-cb4c-41e8-8038-4c942f70943b,1407533108065
1727,0.00869565,0.843478,0.0869565,0.00869565,0.0434783,0.00869565,1,Bug-5024da19-2847-4ce8-8768-aa49fb98fe2b,1391728907296
1728,0.00571429,0.0114286,0.685714,0.177143,0.0171429,0.102857,2,Bug-5ca14d3e-7cfe-4f75-b209-d3f24c575289,1410419443104
1729,0.1,0.1,0.5,0.1,0.1,0.1,2,Bug-aa56c5bd-4a05-4f8c-8979-0a69f5b94fc1,1380935053466
1730,0.00540541,0.459459,0.00540541,0.00540541,0.518919,0.00540541,4,Bug-ebc53ed1-3834-47fb-8f5e-d08348b35b73,1399580370052
1731,0.0434783,0.0434783,0.608696,0.0434783,0.217391,0.0434783,2,Bug-75761968-a871-42ec-8d34-cb2619feaaef,1396308527737
1732,0.0378788,0.666667,0.19697,0.0833333,0.00757576,0.00757576,1,Bug-95e9f874-4a28-489c-bfbf-68fc997ad3a4,1406044605651
1733,0.0181818,0.127273,0.745455,0.0727273,0.0181818,0.0181818,2,Bug-d1ce0e94-0ff6-4c8e-a934-684a09c4ad81,1268349833335
1734,0.142857,0.142857,0.142857,0.142857,0.285714,0.142857,4,Bug-330cf92c-30a9-49dd-9d05-63c6c583b1c1,1397593402237
1735,0.0107914,0.306954,0.0491607,0.0935252,0.0947242,0.444844,5,Bug-2e68546d-62ae-41ec-9def-b6544acf5be6,1392634493566
1736,0.0125,0.0625,0.675,0.1375,0.0375,0.075,2,Bug-59968c23-7532-4c89-89c2-a818a556a024,1382932229098
1737,0.903503,0.0779128,0.000714796,0.000714796,0.00357398,0.0135811,0,Bug-b3c8550e-bf2f-4c2a-b9d4-9dc32f290da4,1406066793223
1738,0.00337838,0.199324,0.347973,0.290541,0.0236486,0.135135,2,Bug-fe257c1d-d945-4778-a7fc-489dc066b245,1402459579823
1739,0.0131579,0.0263158,0.789474,0.0789474,0.0789474,0.0131579,2,Bug-f5fb0ca1-671c-4e67-a5f3-5508907b105b,1369846707295
1740,0.0288462,0.923077,0.0192308,0.00961538,0.00961538,0.00961538,1,Bug-ae7b1ee4-1049-4a92-b95e-e64e50c0244a,1332650620926
1741,0.1,0.1,0.3,0.3,0.1,0.1,2,Bug-8cf13278-4105-49a9-9af8-9d8dc89a5772,1391203829918
1742,0.00297619,0.494048,0.116071,0.00595238,0.33631,0.0446429,1,Bug-b4bc6afd-9195-4114-b78f-2fb127af9177,1402088043906
1743,0.532905,0.076244,0.0377207,0.162119,0.000802568,0.190209,0,Bug-e8b4a16c-73d5-4146-88a8-58bc6c3674a2,1360345143892
1744,0.0117647,0.0117647,0.552941,0.0117647,0.0117647,0.4,2,Bug-4c45b6ad-4602-4a4f-a693-87db3517e5ab,1387507793827
1745,0.00724638,0.644928,0.246377,0.0144928,0.0144928,0.0724638,1,Bug-7c9d8339-94af-46d6-9ba2-34aaa3a0df1c,1392279442651
1746,0.0625,0.125,0.4375,0.0625,0.25,0.0625,2,Bug-85a1e8f5-366a-4048-a2d6-c7425c9ffdb2,1383015550479
1747,0.0138408,0.283737,0.539792,0.0865052,0.0138408,0.0622837,2,Bug-6c950995-0625-471c-a62b-f616efc2679b,1374223856915
1748,0.0142857,0.0142857,0.657143,0.1,0.0285714,0.185714,2,Bug-9b10b10b-be9f-4e68-b392-8e231fa6d102,1391611425775
1749,0.00775194,0.674419,0.0697674,0.0155039,0.0465116,0.186047,1,Bug-0304518f-4ca8-48d2-b54f-17c43e911549,1396304203741
1750,0.0940594,0.410891,0.445545,0.0049505,0.0049505,0.039604,2,Bug-afd3af81-0e35-409c-9f6c-350afc3504fa,1404770795418
1751,0.0294118,0.0588235,0.676471,0.0294118,0.176471,0.0294118,2,Bug-fcf54493-05cd-4986-953c-7b937da29c4e,1384504318879
1752,0.00452489,0.0497738,0.244344,0.0271493,0.669683,0.00452489,4,Bug-70314c47-027f-4ef8-89fc-e1ab6f7c8d92,1382467384051
1753,0.0103093,0.252577,0.0515464,0.0360825,0.64433,0.00515464,4,Bug-d0fc0ca9-b236-47ae-bad0-557a47ea8bf5,1393960632105
1754,0.00220751,0.706402,0.00220751,0.013245,0.00662252,0.269316,1,Bug-f5581a0e-8107-48dd-9f61-2d6662566659,1405469593204
1755,0.0116279,0.965116,0.00581395,0.00581395,0.00581395,0.00581395,1,Bug-62af9634-f593-43b6-8e21-3c4fa5178070,1390509343875
1756,0.0166667,0.0166667,0.766667,0.05,0.0166667,0.133333,2,Bug-0c426122-1ba1-48ba-9cdf-bba16fd097ba,1401781630710
1757,0.00655022,0.0982533,0.31441,0.010917,0.515284,0.0545852,4,Bug-3139bd82-ca8d-48eb-9b38-652ae99cd0cc,1394342290390
1758,0.0105263,0.0421053,0.747368,0.0105263,0.0736842,0.115789,2,Bug-32d31297-8ecb-4e80-bf3c-8152bbc6ed70,1378926737278
1759,0.0123457,0.91358,0.0123457,0.0123457,0.0123457,0.037037,1,Bug-ae65d4d8-796a-49e9-a3ad-7e0ebc94856c,1407869648555
1760,0.00540541,0.32973,0.0162162,0.0702703,0.572973,0.00540541,4,Bug-3c430fad-9979-4fd6-9c8b-8758342cbfdb,1367825257356
1761,0.0222222,0.0666667,0.688889,0.0444444,0.0222222,0.155556,2,Bug-b3e6bbef-fd9c-40e3-bcdb-cf09b4649c82,1374700100104
1762,0.0568182,0.840909,0.0454545,0.0113636,0.0113636,0.0340909,1,Bug-05370ec4-f266-4e34-8368-78cfdccc90bc,1405563922107
1763,0.0866142,0.0787402,0.811024,0.00787402,0.00787402,0.00787402,2,Bug-f8480bcb-0e07-4ff5-a338-8f435b3cd331,1391106942758
1764,0.0234742,0.464789,0.0798122,0.178404,0.231612,0.0219092,1,Bug-e9fea91f-4f81-42c7-8697-7f0d44ab6466,1403285910899
1765,0.05,0.05,0.55,0.05,0.2,0.1,2,Bug-a6471e5d-a58e-4019-936b-a02fc81cab66,1389227347988
1766,0.142857,0.285714,0.142857,0.142857,0.142857,0.142857,1,Bug-d412f529-6c48-4451-9b7c-b7469d838584,1396655794826
1767,0.00229885,0.388506,0.131034,0.00229885,0.473563,0.00229885,4,Bug-2738a678-4bae-4138-8b7b-f581b1ee579e,1396069242071
1768,0.00900901,0.936937,0.00900901,0.00900901,0.027027,0.00900901,1,Bug-cf0e04bf-f80d-4d7c-866d-0ae19527dbb3,1378744596934
1769,0.0129496,0.31223,0.0100719,0.402878,0.100719,0.161151,3,Bug-1f8c8b5a-180e-4b60-be35-819da02d4b91,1396653371614
1770,0.0120482,0.759036,0.180723,0.0120482,0.0240964,0.0120482,1,Bug-58408eae-f691-45f1-ae2a-3cc06c6a0b9e,1407483288149
1771,0.111111,0.111111,0.333333,0.111111,0.222222,0.111111,2,Bug-89d89cbf-f53a-4d68-87c6-4acd0062f763,1408153971146
1772,0.00438596,0.105263,0.192982,0.00438596,0.596491,0.0964912,4,Bug-52d8e35a-a2bf-40f4-880e-7d4e737336fe,1367259945331
1773,0.0263158,0.921053,0.0131579,0.0131579,0.0131579,0.0131579,1,Bug-a58d6bde-c272-47b7-8caa-8c3a0ed7a4eb,1389236072395
1774,0.0151515,0.924242,0.0151515,0.0151515,0.0151515,0.0151515,1,Bug-02f692a1-5f13-450d-b175-72dc933e3938,1400518478262
1775,0.142857,0.142857,0.285714,0.142857,0.142857,0.142857,2,Bug-5ed9491c-09e7-466c-910d-1face703348f,1396789275390
1776,0.0192308,0.0576923,0.5,0.0576923,0.0192308,0.346154,2,Bug-d3c54838-a8e2-4730-a0b7-342cd33b8c03,1386118377133
1777,0.015625,0.125,0.265625,0.03125,0.546875,0.015625,4,Bug-523d1825-b28d-41a4-9e6b-4321e4652b7d,1370894455801
1778,0.00464037,0.784223,0.118329,0.00464037,0.0348028,0.0533643,1,Bug-b3ec8132-4d68-40e6-b6c8-21a3054035c2,1384007894568
1779,0.0769231,0.0769231,0.461538,0.153846,0.153846,0.0769231,2,Bug-061fde58-c510-4a10-a7c1-22bfb97d5acd,1331647605215
1780,0.111111,0.111111,0.444444,0.111111,0.111111,0.111111,2,Bug-2091013f-fef9-45f9-960d-84544fd16995,1403299685456
1781,0.00147929,0.467456,0.156805,0.0369822,0.0162722,0.321006,1,Bug-5d800176-c606-45fe-809d-5798613b72fe,1390449930171
1782,0.0833333,0.333333,0.0833333,0.25,0.166667,0.0833333,1,Bug-8897c079-db35-4174-91b9-e8a05855ffcb,1375908407672
1783,0.00756144,0.296786,0.245747,0.0132325,0.0415879,0.395085,5,Bug-e517f5d1-c8d0-4464-bcc4-18fb6ee51aa4,1281713760221
1784,0.0052356,0.863874,0.0628272,0.0052356,0.0575916,0.0052356,1,Bug-5be6a639-307a-4790-9cc2-b5793a42251b,1380646334135
1785,0.00584795,0.0526316,0.116959,0.00584795,0.707602,0.111111,4,Bug-49d59add-f3dd-43b7-a361-c317fd38ad5a,1386806616640
1786,0.00173611,0.239583,0.215278,0.0173611,0.333333,0.192708,4,Bug-d23fc1db-c24a-4bb8-b813-970931210122,1365167653903
1787,0.05,0.15,0.65,0.05,0.05,0.05,2,Bug-4e318134-b9de-4663-8173-afa964988894,1376285033223
1788,0.00480769,0.341346,0.173077,0.0384615,0.4375,0.00480769,4,Bug-ea3ee0b2-bcda-47af-b09b-4b52ce54b35d,1408676436152
1789,0.1,0.1,0.5,0.1,0.1,0.1,2,Bug-f5ce4f01-cc74-450f-8615-a661668fabcd,1359072521497
1790,0.025641,0.651282,0.25641,0.0512821,0.0102564,0.00512821,1,Bug-707dde93-c100-4a6c-8cda-ae0301a48588,1405716693378
1791,0.00416667,0.433333,0.241667,0.025,0.00416667,0.291667,1,Bug-9c879ee1-7197-4457-b5cb-e838f3bc17d3,1409027344625
1792,0.00671141,0.33557,0.00671141,0.630872,0.00671141,0.0134228,3,Bug-334c5d04-8bf5-4efc-a427-1e219ff97b56,1369986314519
1793,0.00204499,0.423313,0.00204499,0.00613497,0.0102249,0.556237,5,Bug-4f5172f7-a0ce-43c6-ae37-fbdd549877b0,1363690436659
1794,0.00645161,0.116129,0.0258065,0.0645161,0.767742,0.0193548,4,Bug-92223971-741b-46aa-8aa0-ebea94ecb739,1377049561747
1795,0.0041841,0.133891,0.121339,0.0083682,0.728033,0.0041841,4,Bug-52b88444-a812-41b8-886d-d9b4981f2ff1,1410792304677
1796,0.047619,0.333333,0.47619,0.047619,0.047619,0.047619,2,Bug-f75abbb4-8050-458d-a407-d7e246670453,1388955921808
1797,0.01,0.06,0.1,0.01,0.81,0.01,4,Bug-2e2d0651-b5b2-4543-8b15-5e065a0e69d0,1390934450429
1798,0.0122768,0.265625,0.00669643,0.573661,0.00111607,0.140625,3,Bug-b0056139-4dae-4262-86ca-4bde7451d0b3,1390756228583
1799,0.0192308,0.0576923,0.711538,0.0576923,0.0192308,0.134615,2,Bug-d08c6bf2-9794-413a-b4c4-42b9a1d982cf,1394661038277
1800,0.0052356,0.115183,0.146597,0.0052356,0.722513,0.0052356,4,Bug-472f5bec-03bb-4047-8e29-355b22607cf8,1380702680802
1801,0.00529101,0.026455,0.904762,0.037037,0.015873,0.010582,2,Bug-842569a2-ba09-4e97-96c0-154b4f3c5bc9,1339610555824
1802,0.111111,0.111111,0.444444,0.111111,0.111111,0.111111,2,Bug-b973e50e-8448-413d-9441-05c015aec58a,1384459413629
1803,0.00347222,0.458333,0.142361,0.0277778,0.315972,0.0520833,1,Bug-f6623ec5-4e3b-466b-8fab-6fbba4f3d03d,1346979660530
1804,0.00826446,0.958678,0.00826446,0.00826446,0.00826446,0.00826446,1,Bug-b8ab6458-1135-4fe3-989e-ce750ba0466a,1380318433588
1805,0.125,0.25,0.25,0.125,0.125,0.125,1,Bug-c9fc01ca-3bb6-4b3a-a3bb-cd6d5c3f005b,1382129502389
1806,0.029148,0.163677,0.23991,0.00224215,0.56278,0.00224215,4,Bug-d9299959-7aec-49d0-87cb-83740e701569,1409871123860
1807,0.0366972,0.00917431,0.623853,0.155963,0.0642202,0.110092,2,Bug-66dc35d4-0a2f-4c2f-91f5-371e93e8e67b,1356719214796
1808,0.00480769,0.0721154,0.163462,0.00480769,0.629808,0.125,4,Bug-a206f002-8bb5-4ed8-b420-7aa93c6979a3,1409135047505
1809,0.00158479,0.635499,0.278922,0.0332805,0.0142631,0.0364501,1,Bug-f6b4ff83-b6c4-4c08-8223-8aa07b636b2a,1380822823469
1810,0.0238095,0.0952381,0.595238,0.0238095,0.119048,0.142857,2,Bug-3ebff6b5-f5ea-4ed6-a9f5-e92a4148c5ab,1408160686911
1811,0.0377358,0.0566038,0.735849,0.0754717,0.0188679,0.0754717,2,Bug-672827d6-a2be-4fa3-972b-c0e3d24c8893,1397068080744
1812,0.0151515,0.924242,0.0151515,0.0151515,0.0151515,0.0151515,1,Bug-a5d88aa8-e97f-45f3-8392-49b55bf1a1cc,1402404213464
1813,0.0075188,0.827068,0.142857,0.0075188,0.0075188,0.0075188,1,Bug-20d1d388-3f22-459b-941a-fb6f09df5f58,1378976415203
1814,0.00234742,0.413146,0.483568,0.0187793,0.00234742,0.0798122,2,Bug-ef40b868-f1b5-4375-afc6-ecb2ba0bc48c,1405469936340
1815,0.025641,0.794872,0.141026,0.0128205,0.0128205,0.0128205,1,Bug-4a02af6d-ce11-438b-85d7-787bc47d0a3c,1398146990161
1816,0.00465116,0.237209,0.00465116,0.734884,0.00465116,0.0139535,3,Bug-4f249c48-c294-4da3-9799-16c593d195a5,1400812523968
1817,0.111111,0.222222,0.222222,0.222222,0.111111,0.111111,1,Bug-fc564291-5400-4f92-b3fa-79bec7158547,1386711724316
1818,0.0133333,0.866667,0.08,0.0133333,0.0133333,0.0133333,1,Bug-77c1196e-2801-4d04-86f4-c44d35b4f86a,1382364619916
1819,0.00714286,0.178571,0.00714286,0.05,0.714286,0.0428571,4,Bug-02ac58b1-cb51-4980-924a-ab17915903b0,1387839999707
1820,0.0227273,0.852273,0.0795455,0.0113636,0.0227273,0.0113636,1,Bug-002f2cd8-4985-4b4c-8e7f-31c1b45fddc1,1298966384959
1821,0.0526316,0.0526316,0.631579,0.157895,0.0526316,0.0526316,2,Bug-7e8dc1c0-ef77-42ac-975f-f2ea658f6094,1385969714723
1822,0.936232,0.0492754,0.0101449,0.00144928,0.00144928,0.00144928,0,Bug-9fb2bea7-9792-4007-98d0-8ae9348a10ea,1388711353206
1823,0.00558659,0.530726,0.240223,0.0782123,0.0837989,0.0614525,1,Bug-a89716a2-7c1e-437d-a955-c80f74f379d1,1388011409860
1824,0.032491,0.628159,0.277978,0.00361011,0.032491,0.0252708,1,Bug-cbc944ec-8c99-46e1-827b-1f39d1b1fba1,1380873364243
1825,0.0526316,0.157895,0.421053,0.105263,0.0526316,0.210526,2,Bug-3ab59c53-0d29-44a5-a44b-4a3a4e38427e,1379976802392
1826,0.1,0.1,0.4,0.1,0.1,0.2,2,Bug-7b396097-981a-4bd5-8ba3-9970ff998d67,1382568518734
1827,0.0022779,0.33713,0.0341686,0.234624,0.384966,0.00683371,4,Bug-19d2339b-838d-4b00-86db-33285f000f1d,1383252807029
1828,0.0217391,0.130435,0.630435,0.173913,0.0217391,0.0217391,2,Bug-e9d58687-4e41-43ae-96ad-b83748786d23,1396896915678
1829,0.0333333,0.9,0.0166667,0.0166667,0.0166667,0.0166667,1,Bug-278d1eba-b0e5-4962-866f-876a5b7ccf56,1390450212888
1830,0.00330306,0.0891825,0.137077,0.363336,0.406276,0.000825764,4,Bug-8c9b6bad-8137-48f1-b2ff-3b203061fbef,1398201867225
1831,0.0217391,0.456522,0.445652,0.0597826,0.0108696,0.00543478,1,Bug-49d66851-2892-4899-b3f7-b7215e3984e7,1409789133514
1832,0.0833333,0.0833333,0.333333,0.0833333,0.333333,0.0833333,2,Bug-143b58c3-66cd-48dd-9d34-b1a935145502,1400103216211
1833,0.00404858,0.356275,0.0283401,0.00404858,0.603239,0.00404858,4,Bug-085c2b61-7720-4d7f-814e-8783a8694abb,1389997100316
1834,0.0909091,0.0909091,0.545455,0.0909091,0.0909091,0.0909091,2,Bug-ee440103-f211-4fff-b6c4-5d2d71226514,1410743884456
1835,0.00813008,0.219512,0.0406504,0.00813008,0.715447,0.00813008,4,Bug-32b03898-187d-4573-815d-d039d673546d,1380177599344
1836,0.0166667,0.0166667,0.7,0.116667,0.116667,0.0333333,2,Bug-2808eb76-e6a8-441a-b7c9-7c976a85af43,1353364125979
1837,0.0625,0.1875,0.5625,0.0625,0.0625,0.0625,2,Bug-deb22403-b380-4b1d-9fba-a3e5e80e09c8,1408310009076
1838,0.0526316,0.0526316,0.578947,0.210526,0.0526316,0.0526316,2,Bug-7993c56d-3b7c-40de-8487-cb8aad8aec59,1391736812393
1839,0.142857,0.142857,0.142857,0.142857,0.285714,0.142857,4,Bug-a9de9902-3c2d-47be-9744-0207753a3f79,1368479342841
1840,0.00381679,0.385496,0.0610687,0.00381679,0.480916,0.0648855,4,Bug-8b53bf93-7d22-4411-889e-96a966d7aebe,1400177409347
1841,0.0405644,0.2306,0.159612,0.541446,0.000440917,0.0273369,3,Bug-4762e563-0e28-474b-a00c-d4ff416d3a41,1382663199429
1842,0.0078125,0.132812,0.0078125,0.0078125,0.835938,0.0078125,4,Bug-2af6a6ef-ee05-48f7-b401-43553d4514be,1410557000898
1843,0.0454545,0.0454545,0.590909,0.0454545,0.0454545,0.227273,2,Bug-c98bcb9c-823d-4d9e-b977-a338ad5a7ea5,1386804938006
1844,0.00398406,0.498008,0.434263,0.00398406,0.00398406,0.0557769,1,Bug-cb13d7e7-cf21-4e03-a6dc-44ea993c5305,1410199488000
1845,0.0188679,0.0188679,0.603774,0.0566038,0.0566038,0.245283,2,Bug-0a893806-1409-4021-92cc-4b0de3443dd3,1373322153633
1846,0.00146628,0.233138,0.253666,0.016129,0.470674,0.0249267,4,Bug-1caca167-d010-45e4-ab8a-bf8c7d4026c2,1380319595194
1847,0.008,0.72,0.168,0.016,0.08,0.008,1,Bug-76226496-129f-4544-993f-0a3099e4a464,1390450625998
1848,0.00295858,0.147929,0.769231,0.0414201,0.0325444,0.00591716,2,Bug-2f8f2072-c70f-4e9f-a1f3-20b5e140d800,1406797075168
1849,0.0263158,0.0263158,0.578947,0.105263,0.157895,0.105263,2,Bug-b92d3e37-800c-4fcb-8966-be1a9dbefa86,1395293174739
1850,0.0138889,0.833333,0.111111,0.0138889,0.0138889,0.0138889,1,Bug-2069f98c-1d74-46b2-b10b-79a61186ea69,1390450224489
1851,0.0401786,0.397321,0.0200893,0.515625,0.0223214,0.00446429,3,Bug-161cc359-aa85-4843-a994-b518dcea9462,1394570910394
1852,0.117647,0.176471,0.411765,0.0588235,0.176471,0.0588235,2,Bug-199db0f3-fbe8-4031-bc7b-5121130f554b,1388129216475
1853,0.0208333,0.84375,0.0104167,0.0104167,0.0208333,0.09375,1,Bug-af3efecf-e1fc-44c0-bbf7-05db03282439,1391626001027
1854,0.00869565,0.173913,0.4,0.0608696,0.33913,0.0173913,2,Bug-294f353c-6a43-4a52-8b84-dcffe35b8131,1394674900964
1855,0.00444444,0.173333,0.128889,0.00888889,0.68,0.00444444,4,Bug-2d9d4701-2168-4061-9ce0-f311e9835f86,1371657954905
1856,0.125,0.125,0.375,0.125,0.125,0.125,2,Bug-88a32c51-38a8-4476-8ff0-929f01ab9e12,1398204669521
1857,0.314815,0.0185185,0.296296,0.037037,0.0185185,0.314815,0,Bug-221db01e-bd98-4d35-82d9-e1def4b36320,1395424764064
1858,0.0131004,0.834061,0.0873362,0.00436681,0.00436681,0.0567686,1,Bug-c8fb2e61-23c7-4875-8d63-64491b558e74,1393668292696
1859,0.00754717,0.781132,0.0981132,0.0264151,0.0377358,0.0490566,1,Bug-8925c349-37d8-4a55-aedf-cb41984b3d65,1351125483993
1860,0.1,0.15,0.5,0.1,0.1,0.05,2,Bug-dbb2c6aa-3dee-4da7-b8f0-f6baa050c30b,1374709955554
1861,0.0869324,0.0310078,0.00055371,0.00055371,0.880399,0.00055371,4,Bug-c0f26d78-9069-41c2-ba0b-8cd1039551cf,1401751880407
1862,0.0107527,0.946237,0.0107527,0.0107527,0.0107527,0.0107527,1,Bug-48a8d753-b361-46c4-b3d4-7bd01708d760,1385417165164
1863,0.012766,0.361702,0.221277,0.00425532,0.340426,0.0595745,1,Bug-e5da33e6-4502-40b8-a1ea-cacd12939582,1389771255610
1864,0.0162933,0.576375,0.346232,0.00407332,0.00203666,0.0549898,1,Bug-3b60163b-7b69-40d5-a201-e41008d22d84,1281593113420
1865,0.0377358,0.169811,0.0754717,0.566038,0.132075,0.0188679,3,Bug-b5c13c61-9cb6-435a-8b57-84f1eb712f48,1383844715377
1866,0.0103093,0.690722,0.0103093,0.0103093,0.0103093,0.268041,1,Bug-fd8ccd39-854d-4b69-ac5f-61625e3ab254,1406767560709
1867,0.125,0.125,0.125,0.125,0.375,0.125,4,Bug-e0f51d2c-7e6e-4d0a-9737-621832c0d778,1313451928532
1868,0.0362319,0.249275,0.24058,0.102899,0.328986,0.042029,4,Bug-8944e163-c214-4c3d-895e-903d71675bd2,1390370594123
1869,0.0123043,0.441834,0.243848,0.284116,0.00111857,0.0167785,1,Bug-be72bb23-65a6-4008-acd9-1a3abc64e5af,1405741745843
1870,0.235294,0.147059,0.382353,0.176471,0.0294118,0.0294118,2,Bug-58d7bf9f-35ba-4177-9a57-c50410c0e7c8,1396474696854
1871,0.00558659,0.357542,0.00558659,0.00558659,0.541899,0.0837989,4,Bug-c2e2023b-5d09-46da-be4b-4c815265b4ed,1403219565391
1872,0.125,0.125,0.375,0.125,0.125,0.125,2,Bug-a72f0e67-c9c5-4631-8f0e-854873d9f828,1381584152753
1873,0.0588235,0.294118,0.470588,0.0588235,0.0588235,0.0588235,2,Bug-0ac5978a-4b4e-4ae6-bc47-3f60fdc56ef2,1376006831295
1874,0.029316,0.0553746,0.273616,0.169381,0.462541,0.00977199,4,Bug-177f9e12-457a-4b0e-bb67-fb9e8e4eb18e,1377727076541
1875,0.0109739,0.422497,0.108368,0.00685871,0.0699588,0.381344,1,Bug-ebacacc0-0432-4a02-8581-f69920a7fc08,1394059059838
1876,0.0131579,0.934211,0.0131579,0.0131579,0.0131579,0.0131579,1,Bug-1645b62c-0e94-4445-bb39-268d8dee587d,1367255434754
1877,0.111111,0.111111,0.111111,0.111111,0.444444,0.111111,4,Bug-6ab20f1f-b43e-40be-bcaa-d667196e60e8,1402516225696
1878,0.010101,0.939394,0.010101,0.010101,0.010101,0.020202,1,Bug-10b2bbb1-c6d1-419c-ac49-0080d45f961e,1396483487002
1879,0.0206186,0.927835,0.0206186,0.0103093,0.0103093,0.0103093,1,Bug-2861b3cd-3398-41b5-ab5e-6c7395e8ffec,1404352522808
1880,0.016129,0.903226,0.0322581,0.016129,0.016129,0.016129,1,Bug-b8a4e8b9-3068-46bf-bfa9-b25d706a0db8,1404186740772
1881,0.0357143,0.0714286,0.607143,0.0357143,0.0357143,0.214286,2,Bug-b0085560-49f7-4bc6-93ad-be0518e9f3c5,1389159363319
1882,0.0333333,0.1,0.5,0.3,0.0333333,0.0333333,2,Bug-f81623a6-d87d-4048-8f05-eb5feb45e6e8,1395080004622
1883,0.0454545,0.754545,0.136364,0.00909091,0.0454545,0.00909091,1,Bug-3bdf0c64-63e6-4d8c-9f68-4a27724d6cc8,1394573838184
1884,0.00442478,0.920354,0.0442478,0.0221239,0.00442478,0.00442478,1,Bug-9802f19b-900e-47ae-aa13-aee3e93cf995,1348106749972
1885,0.0105263,0.242105,0.578947,0.0736842,0.0105263,0.0842105,2,Bug-6b5c2a23-f092-4494-9eec-9c816ddeb898,1363326194339
1886,0.00884956,0.221239,0.584071,0.0176991,0.150442,0.0176991,2,Bug-7acd1309-c6a0-462f-9dfb-04110b0acb65,1396645460762
1887,0.0192926,0.315113,0.376206,0.0257235,0.0257235,0.237942,2,Bug-f8f82ebd-a018-4adc-8c4a-8d52d6efffe0,1382469996894
1888,0.081761,0.00628931,0.685535,0.081761,0.0251572,0.119497,2,Bug-1c0067f4-19a5-4e5b-b22a-8b92e8156187,1368726937075
1889,0.0402685,0.677852,0.100671,0.0134228,0.161074,0.00671141,1,Bug-6386d109-8c9a-4b7d-a10a-c55dfce1eb0d,1407981374957
1890,0.0107527,0.946237,0.0107527,0.0107527,0.0107527,0.0107527,1,Bug-bdf3e37e-74f9-41d3-9f48-94e1f8cf9e8d,1381009764581
1891,0.0150754,0.125628,0.145729,0.00502513,0.703518,0.00502513,4,Bug-0250b894-68ce-43c2-8341-1a052c947cd6,1405579674843
1892,0.0285714,0.0285714,0.857143,0.0285714,0.0285714,0.0285714,2,Bug-afea39a4-7aac-489f-bddd-1baa7c6e3584,1391414655208
1893,0.00347222,0.520833,0.309028,0.00347222,0.00694444,0.15625,1,Bug-dee96414-934c-40c2-895e-48cf31acaf0f,1387318989793
1894,0.0769231,0.0769231,0.307692,0.0769231,0.230769,0.230769,2,Bug-67140ab7-9bc2-4ef0-8871-18b1d53b06a2,1390788483243
1895,0.161027,0.156359,0.326721,0.267211,0.0396733,0.0490082,2,Bug-7b7e39fa-ca03-434a-9043-87e1ab369e33,1383093322446
1896,0.0222222,0.0222222,0.822222,0.0222222,0.0222222,0.0888889,2,Bug-b422ce88-6cc4-40a5-b5fc-eb2a45955d45,1387457033068
1897,0.00425532,0.570213,0.323404,0.0340426,0.0638298,0.00425532,1,Bug-31e4dd74-f80d-49df-bb98-82f9f48077b2,1403045385779
1898,0.125,0.125,0.375,0.125,0.125,0.125,2,Bug-c5abc65c-96ab-4556-b7d5-3d1b16e3f911,1398106510406
1899,0.00826446,0.752066,0.0165289,0.00826446,0.00826446,0.206612,1,Bug-b4a966f6-3959-4916-a69e-8534d551fb3c,1367983939745
1900,0.125,0.125,0.25,0.125,0.25,0.125,2,Bug-b2216515-2180-4546-acfe-d7ee826e4112,1394450972123
1901,0.0413355,0.171701,0.349762,0.036566,0.00158983,0.399046,5,Bug-335364b8-49dd-45fa-8ea6-6f078512ee4b,1406548748998
1902,0.00454545,0.104545,0.340909,0.0318182,0.295455,0.222727,2,Bug-a92c2af0-e5f7-402f-90a5-5d4586130116,1373756938926
1903,0.0102041,0.693878,0.142857,0.0102041,0.0408163,0.102041,1,Bug-6c2053f8-4391-4713-b6df-fe63766bbf9c,1379524543822
1904,0.900383,0.0574713,0.0191571,0.00766284,0.00191571,0.01341,0,Bug-2fc4a03c-9ecb-4409-9a6d-c8ffaba8b840,1376078065500
1905,0.003663,0.534799,0.190476,0.047619,0.003663,0.21978,1,Bug-4304ee33-b406-4e81-9f9d-2b45dddf4eb9,1404117616992
1906,0.0909091,0.0909091,0.545455,0.0909091,0.0909091,0.0909091,2,Bug-b8195ef7-d0a6-40f2-aa3f-790ee63d47a7,1399903696828
1907,0.030303,0.863636,0.0151515,0.0606061,0.0151515,0.0151515,1,Bug-088d33e1-eea7-41bb-aa1f-1e9fcf40797c,1377063622024
1908,0.00408163,0.155102,0.138776,0.0244898,0.636735,0.0408163,4,Bug-c037573d-4554-4f18-b734-26e61b6f371e,1399064415176
1909,0.00502513,0.0653266,0.522613,0.0251256,0.376884,0.00502513,2,Bug-e62c1ccd-dc92-4682-8102-e5d799644817,1394010116572
1910,0.030303,0.0151515,0.606061,0.151515,0.0151515,0.181818,2,Bug-66d8c096-3d7e-41eb-94fe-a90b1161d442,1390449932749
1911,0.0117647,0.917647,0.0117647,0.0117647,0.0352941,0.0117647,1,Bug-6f9f3d32-3ab7-40e2-b602-5b8219054241,1385999485049
1912,0.00196464,0.263261,0.0785855,0.021611,0.632613,0.00196464,4,Bug-270aa9c4-62b1-47ec-b1f5-3450e4a8f33b,1398159750552
1913,0.0128205,0.935897,0.0128205,0.0128205,0.0128205,0.0128205,1,Bug-47b4d39d-9b2d-4ca6-aec3-5a08233241a4,1394780623388
1914,0.00621118,0.919255,0.0496894,0.00621118,0.00621118,0.0124224,1,Bug-9ff4b5e9-6348-4778-89ee-453e7b2ddb24,1401701861089
1915,0.0980392,0.0588235,0.686275,0.117647,0.0196078,0.0196078,2,Bug-d922e121-353e-4ea6-a862-cbf9820067d4,1377480943244
1916,0.00959233,0.834532,0.00239808,0.00239808,0.00479616,0.146283,1,Bug-ba2a4592-3d91-4382-b943-16cb0301d748,1381885049169
1917,0.026873,0.118078,0.186482,0.476384,0.121336,0.0708469,3,Bug-d223a6a4-126b-4722-8ff5-3051b9b3bd9c,1376085587956
1918,0.0165711,0.251115,0.0152964,0.305927,0.0203952,0.390695,5,Bug-193c25e5-4290-4d0f-8a28-4df25b668926,1407926792407
1919,0.00990099,0.950495,0.00990099,0.00990099,0.00990099,0.00990099,1,Bug-02648785-9b16-4afa-90ea-74948d1004cf,1407350361272
1920,0.00699301,0.545455,0.41958,0.013986,0.00699301,0.00699301,1,Bug-9269737b-6960-40ac-a466-151af15bea9b,1403495035793
1921,0.0444444,0.681481,0.140741,0.0296296,0.0037037,0.1,1,Bug-c9796110-6b5e-4298-8c7e-8f4992832335,1382336519705
1922,0.025,0.1,0.55,0.175,0.025,0.125,2,Bug-62fa95cd-7670-47fb-bd8c-f5d9f3957fc4,1406222409409
1923,0.00309598,0.510836,0.328173,0.00619195,0.00309598,0.148607,1,Bug-fd897b08-3ede-4c6e-903f-e2bed3db4064,1311765868713
1924,0.0833333,0.736111,0.0555556,0.0972222,0.0138889,0.0138889,1,Bug-a5b2e719-b409-410b-a849-486b9db424ed,1367203755479
1925,0.00869565,0.713043,0.226087,0.026087,0.0173913,0.00869565,1,Bug-c440b8c6-bc74-48eb-8612-82ec29fa5e4e,1400108720195
1926,0.0769231,0.0769231,0.538462,0.153846,0.0769231,0.0769231,2,Bug-26f48514-b18e-47a0-a1b3-9e1e42c15df7,1383638666689
1927,0.00409836,0.733607,0.135246,0.118852,0.00409836,0.00409836,1,Bug-0881db61-f273-42e6-9b4e-fb95dcef13e2,1407288773577
1928,0.209713,0.214128,0.14128,0.00220751,0.430464,0.00220751,4,Bug-199d2660-7803-4f04-874b-0dbfebfbe7de,1381954084660
1929,0.0909091,0.0909091,0.545455,0.0909091,0.0909091,0.0909091,2,Bug-6ec11d0b-2224-47b4-b23c-f733778853a0,1408356047646
1930,0.111111,0.222222,0.111111,0.111111,0.333333,0.111111,4,Bug-ab054a0e-3dd5-480b-8c83-4acebae51482,1386976501286
1931,0.0147059,0.926471,0.0147059,0.0147059,0.0147059,0.0147059,1,Bug-9ae3ecba-6609-4f09-826e-769fabe12f37,1381528572457
1932,0.00632911,0.0949367,0.341772,0.00632911,0.544304,0.00632911,4,Bug-7271ada1-ee0f-4e0a-a631-dfad193f8332,1386977275902
1933,0.00244499,0.356968,0.0929095,0.229829,0.312958,0.00488998,1,Bug-e03d81d6-ed15-4404-9eec-e6a3abd02bdd,1379788060373
1934,0.047619,0.047619,0.8,0.0857143,0.00952381,0.00952381,2,Bug-3d9bce7b-7ad6-488f-a317-7c1aa817d229,1408735169038
1935,0.0163934,0.918033,0.0163934,0.0163934,0.0163934,0.0163934,1,Bug-45c7fc7e-0a41-4faa-9201-8e2a791f4a88,1372825627821
1936,0.142857,0.142857,0.285714,0.142857,0.142857,0.142857,2,Bug-1f544987-2eb6-4c3f-bbd6-56ce8efca579,1386210715888
1937,0.005,0.4,0.005,0.005,0.58,0.005,4,Bug-080cd88f-a3fa-49d9-a44e-548aa0537144,1384222508197
1938,0.03125,0.09375,0.78125,0.03125,0.03125,0.03125,2,Bug-2a6a95e9-85aa-4d2f-b7ee-26e8615bdf93,1404921735889
1939,0.0149254,0.895522,0.0447761,0.0149254,0.0149254,0.0149254,1,Bug-78c8e0dd-feff-4572-9088-8f23bcc018b9,1382390811969
1940,0.0689655,0.172414,0.655172,0.0344828,0.0344828,0.0344828,2,Bug-3a596856-23d2-47cc-b769-e9d918827cee,1382945034392
1941,0.0666667,0.0666667,0.466667,0.2,0.133333,0.0666667,2,Bug-96788e44-0a47-404f-8bd0-3ec3b90e29fb,1389999631824
1942,0.0130797,0.195006,0.103448,0.0214031,0.623068,0.0439952,4,Bug-d2fd3b89-72ab-4d0a-943f-191a712d6dca,1410802226046
1943,0.00584795,0.721248,0.0740741,0.00584795,0.00194932,0.191033,1,Bug-17c1ac8f-53cc-4840-9ccb-95dcff8518cc,1380741304642
1944,0.0163934,0.0655738,0.688525,0.0819672,0.0163934,0.131148,2,Bug-fc47deba-3bd4-44ff-8fee-1247cb869d68,1405119770002
1945,0.0470085,0.153846,0.352564,0.017094,0.397436,0.0320513,4,Bug-a3275b20-7450-4107-8f26-e45949a1cac4,1362190254331
1946,0.00819672,0.811475,0.0983607,0.00819672,0.0655738,0.00819672,1,Bug-be1ec0df-b6b7-497a-85a6-cd6302077de4,1402012295996
1947,0.0103093,0.216495,0.0760309,0.00128866,0.648196,0.0476804,4,Bug-be408bef-4ed1-4c1c-8112-b01d0cfa9e72,1336500575231
1948,0.0232558,0.0697674,0.767442,0.0232558,0.0232558,0.0930233,2,Bug-eb956231-3d43-45eb-a8fd-37e6762f452b,1402972022432
1949,0.108108,0.0810811,0.621622,0.027027,0.135135,0.027027,2,Bug-3df863d2-58f8-432a-a58d-1cd9780a0c48,1385455552832
1950,0.0645161,0.645161,0.236559,0.0322581,0.0107527,0.0107527,1,Bug-3a9713f2-0803-43de-80db-37ddbc2febec,1380584504187
1951,0.00617284,0.703704,0.271605,0.00617284,0.00617284,0.00617284,1,Bug-a9c34411-b256-4a23-8835-5506798fd377,1394485323140
1952,0.03125,0.166667,0.5,0.0729167,0.0104167,0.21875,2,Bug-e1df2024-acb2-4f6b-b895-5802b2627e46,1363892205064
1953,0.0117223,0.376916,0.00721371,0.569883,0.000901713,0.0333634,3,Bug-bf6f90c5-37ee-40f0-b2c2-8a9035f882a1,1400633112167
1954,0.0327869,0.0491803,0.672131,0.163934,0.00819672,0.0737705,2,Bug-44231e35-770e-4bdb-aed4-c74a1064a934,1379622597113
1955,0.0135135,0.148649,0.0135135,0.0135135,0.797297,0.0135135,4,Bug-90e258c6-3ed8-4c96-9f6f-b9d1f2f8ac4f,1407401729413
1956,0.111111,0.222222,0.333333,0.111111,0.111111,0.111111,2,Bug-905e6527-5173-4db9-9a4b-d1a66895e2b5,1407885217456
1957,0.585893,0.170533,0.152351,0.0278997,0.0100313,0.0532915,0,Bug-53a9f2a2-efa8-42ed-9578-d5c3211b1e0c,1370586330350
1958,0.01,0.94,0.01,0.01,0.02,0.01,1,Bug-6a662ec4-a84c-4819-ab09-16997a11cdd0,1398986554419
1959,0.0044843,0.73991,0.0941704,0.0179372,0.0044843,0.139013,1,Bug-ec01c59a-b042-4b5f-a7a4-aa480c1de4aa,1410377597674
1960,0.047619,0.0952381,0.47619,0.238095,0.047619,0.0952381,2,Bug-b0f4a656-9a0d-4bdf-9c03-800e7b9715fc,1374178904417
1961,0.0232558,0.0465116,0.488372,0.162791,0.162791,0.116279,2,Bug-07f4aa6e-58ad-42b6-b805-9cb2e6af47ec,1342550758797
1962,0.0277778,0.824074,0.0925926,0.037037,0.00925926,0.00925926,1,Bug-96ba63b1-6267-47ad-898f-995864740766,1395091616557
1963,0.461538,0.0512821,0.205128,0.230769,0.025641,0.025641,0,Bug-edd67a0c-6d58-44ba-9caa-90b8166c38a3,1380590951845
1964,0.00854701,0.717949,0.162393,0.00854701,0.025641,0.0769231,1,Bug-5c0e0d3d-0e29-4f8f-871c-81cc7d52ddd9,1399341605210
1965,0.011236,0.94382,0.011236,0.011236,0.011236,0.011236,1,Bug-51bf5725-eb81-4b54-b0b5-c0d17a213d37,1389190345884
1966,0.142857,0.142857,0.285714,0.142857,0.142857,0.142857,2,Bug-63ae4ae8-afb8-4dec-adc5-c035523d6c43,1378240829764
1967,0.0545455,0.0181818,0.618182,0.254545,0.0363636,0.0181818,2,Bug-f9ed49e2-335a-489d-a0d0-d72f1ec7e67b,1381184718897
1968,0.0226244,0.470588,0.384615,0.0316742,0.00904977,0.081448,1,Bug-177a53fc-20fb-4de6-b2b1-22cf5e72212c,1389843418407
1969,0.0454545,0.318182,0.5,0.0454545,0.0454545,0.0454545,2,Bug-57b17bb3-3161-493f-a105-f132617eebf9,1366086203666
1970,0.0026455,0.222222,0.0502646,0.0026455,0.224868,0.497354,5,Bug-574e3f18-6ff7-40a8-9ee2-fbd6a227aa45,1403773440052
1971,0.00578778,0.180064,0.299035,0.00578778,0.276527,0.232797,2,Bug-00c733dc-f551-44fe-afca-bf58a2a8a8ce,1405123322917
1972,0.192,0.008,0.596,0.124,0.004,0.076,2,Bug-41fd3c41-adcb-434e-974e-7ef84ce7ff93,1407446661749
1973,0.00826446,0.785124,0.0743802,0.00826446,0.0413223,0.0826446,1,Bug-52a3e056-0aa0-496a-983c-a60b7d15ee04,1394734100591
1974,0.0181818,0.0727273,0.690909,0.0727273,0.127273,0.0181818,2,Bug-7bdb7f69-7e33-4e5b-bb7d-8c4ab3b5737a,1295521835935
1975,0.015873,0.126984,0.142857,0.0793651,0.619048,0.015873,4,Bug-c6bb6148-6317-45d5-bdb3-5fa621a6cd40,1371171836771
1976,0.00816327,0.326531,0.0734694,0.00408163,0.583673,0.00408163,4,Bug-5aa6fdd3-6c4b-4013-a880-dc81f1f1c037,1398356045694
1977,0.054678,0.196841,0.195626,0.438639,0.0157959,0.0984204,3,Bug-66b9f289-a5d5-4370-b6d1-aa3d2cd058b3,1390344963173
1978,0.00241546,0.44686,0.396135,0.0193237,0.0241546,0.111111,1,Bug-4e874fad-1c0a-4f6b-b509-cb876e6a5843,1389747084665
1979,0.0346821,0.242775,0.00578035,0.67052,0.00578035,0.0404624,3,Bug-5794d629-71e2-4833-87e3-03c111a1a3a4,1358156224798
1980,0.0531401,0.338164,0.00483092,0.00483092,0.52657,0.0724638,4,Bug-eed6f2e2-3fdb-437e-bfd9-3a58e18c28fd,1398446989381
1981,0.0588235,0.0588235,0.470588,0.0588235,0.294118,0.0588235,2,Bug-bfd721ff-9fc0-4278-b18e-fd20f3f68eb4,1372790903944
1982,0.0104167,0.895833,0.0416667,0.03125,0.0104167,0.0104167,1,Bug-51101143-65ca-4ffc-baa7-044da865f7b3,1248198925498
1983,0.00900901,0.045045,0.747748,0.00900901,0.0630631,0.126126,2,Bug-ef66dd9b-f683-444a-953b-4dbd371b64f8,1394069101666
1984,0.0133333,0.893333,0.0533333,0.0133333,0.0133333,0.0133333,1,Bug-100ad507-433d-42de-aa65-ad0e93302117,1409671954656
1985,0.0666667,0.0666667,0.666667,0.0666667,0.0666667,0.0666667,2,Bug-d1048f41-8a8a-4b42-8d16-4cb1fbf5c319,1349845960621
1986,0.0142857,0.0714286,0.7,0.157143,0.0142857,0.0428571,2,Bug-e88f3ad7-8718-49bc-8855-2f406c370ea7,1366081071033
1987,0.005,0.495,0.485,0.005,0.005,0.005,1,Bug-612742ff-4b1c-47d8-bf95-b47b9ff32bbd,1353570835638
1988,0.0384615,0.153846,0.692308,0.0384615,0.0384615,0.0384615,2,Bug-99ef34f9-a058-4b1a-bfc1-9a48c41548e2,1410813613208
1989,0.0555556,0.388889,0.388889,0.0555556,0.0555556,0.0555556,1,Bug-87a225cd-483e-4837-8b36-ab6460327252,1377889436641
1990,0.0106383,0.0425532,0.829787,0.0212766,0.0106383,0.0851064,2,Bug-34bd3855-58e2-4144-bd43-d75cbc5eccfc,1376980046389
1991,0.0357143,0.0714286,0.428571,0.0357143,0.0357143,0.392857,2,Bug-8059a163-77e4-47fc-ade3-f073351a280a,1381797199537
1992,0.0645161,0.0483871,0.822581,0.016129,0.0322581,0.016129,2,Bug-c4572780-8104-482c-ac10-23f9cea7b4e5,1394646805582
1993,0.0147059,0.911765,0.0147059,0.0147059,0.0294118,0.0147059,1,Bug-ecff74f5-fc2c-4630-aa16-c9d79880a703,1400695937460
1994,0.026087,0.0782609,0.617391,0.104348,0.00869565,0.165217,2,Bug-577376cb-2f8d-470c-baad-c71bfa33f4c8,1388797442982
1995,0.00497512,0.646766,0.179104,0.00497512,0.119403,0.0447761,1,Bug-6b5cb4bb-f962-410d-b795-37b3f35f1325,1407446371920
1996,0.00337838,0.601351,0.179054,0.00337838,0.0168919,0.195946,1,Bug-06b1efee-324f-46b9-bded-bdc72e61d4aa,1367379445052
