2093
661
60
2753
2119
2063
1396
1406
286
1225
1538
569
858
1498
2511
2213
1363
1498
2511
1832
2265
97
2265
743
647
1030
1319
724
1363
2362
552
434
139
552
434
2511
2204
1804
902
2557
2511
2204
1804
902
1795
314
997
1795
552
434
2511
2204
1804
902
1795
2362
468
1480
2213
1363
1480
468
1498
2511
1424
1550
1297
471
1975
598
471
1920
1423
1762
2559
771
685
685
2043
1406
466
938
1741
1479
1061
1400
2691
2691
178
2426
1561
209
1424
1550
2015
2550
1498
2511
2015
2550
1498
2511
2550
764
1211
2550
2204
771
1316
2269
2500
168
2699
2269
1675
185
346
224
2269
1754
2222
2406
168
1498
2511
516
2063
1913
2500
2764
75
1448
686
206
1498
2511
819
204
445
204
2753
1343
112
1394
2753
116
753
1498
2511
2645
2326
921
2528
472
116
795
2505
795
1153
1366
2193
2406
1720
2777
2265
516
2531
2766
2246
2269
2326
2063
1131
764
1154
1480
468
2753
374
95
2265
209
1424
773
2360
118
1986
1490
1896
1498
2511
2093
183
2362
2282
1795
1720
2372
2481
1546
2481
1383
2265
1125
2193
1189
2204
468
1913
1498
2511
615
2204
654
2362
190
2265
840
1045
1546
1490
704
1676
1653
1937
1804
389
740
1030
939
1761
1937
2093
654
2204
2265
468
346
2558
2204
2338
2362
2753
2566
2399
2332
4
2362
2742
1336
1709
2500
2651
224
1030
1546
654
494
2436
1030
2753
577
1646
1259
1366
1339
2745
2600
2213
1363
1498
2511
2729
1030
932
2265
205
2752
658
1045
2362
2593
1937
122
2481
394
2265
1479
1661
1490
2226
1406
2600
2527
1030
1975
209
1424
1480
1498
2511
2200
1996
2635
72
1080
1798
2265
1260
938
1108
883
1479
2629
150
299
773
2538
606
2063
1336
180
1739
2200
1720
1957
1305
1561
1336
2001
451
1561
2492
773
2239
119
2753
2119
2269
451
503
1741
2053
2214
1975
2269
1652
2428
2269
1561
910
299
955
2538
568
649
264
451
1475
1368
1923
1661
773
2371
2265
1030
2608
2550
2204
773
2345
764
2269
925
209
1424
1913
1975
1297
1363
1975
2247
1030
2608
2269
932
2511
2204
2269
1561
932
2511
2204
2269
1561
1297
932
2511
2204
2269
1561
2651
1329
2668
395
2668
2376
2597
1329
150
2668
910
2528
2476
1886
2376
1837
2376
2674
2376
1329
965
1136
1329
2528
2668
133
1030
1469
2452
2608
1913
1498
2511
1498
2511
2063
691
344
885
131
2426
2269
1167
2426
51
2204
2269
885
2546
503
1155
2204
2269
885
827
1906
1156
2300
2269
2426
1824
1507
2753
2608
1030
209
1424
1297
209
1424
773
801
920
2550
773
807
1169
1030
2204
133
1958
930
1078
1479
773
118
190
2204
1131
2028
171
816
684
1100
2204
1030
1207
932
1188
2410
2766
1544
1406
827
1045
962
725
1959
725
2674
827
932
2265
725
1959
2753
635
1188
1117
396
374
1707
468
725
1959
51
2502
2635
209
1424
1561
2269
962
2269
570
1660
2269
1400
2229
827
51
1343
2269
775
2753
2321
2269
1400
962
1638
2269
1400
962
1336
2227
1852
2120
962
753
1480
1538
2006
2632
2528
2386
351
2528
1852
2269
2269
2326
1597
2528
2269
2360
225
2766
148
1561
2269
2229
184
2598
570
1660
1498
2511
753
773
1480
1498
2511
1297
1188
725
2674
1917
468
725
1959
468
1498
2511
1219
1721
31
925
1944
773
1498
2511
1363
1498
2511
1498
2511
771
773
1498
2511
2381
1680
1121
2204
2743
773
333
553
473
2204
925
473
1721
1121
1571
749
2381
31
2381
31
1985
2204
2047
384
15
2428
1383
773
2267
1721
31
2743
503
2360
409
1030
2265
2487
630
2257
2511
2204
2487
209
1424
1498
2511
1261
2511
344
1944
2214
468
1498
2511
1424
1550
665
2511
1718
545
1327
545
760
773
1520
281
326
773
2616
2257
1896
2511
1930
2204
1671
469
1776
1580
1189
1189
1313
932
1353
2748
1327
770
932
1664
770
932
2691
1001
131
827
544
306
1283
154
1336
2014
910
1342
1102
544
2502
2670
239
1342
2550
2257
1896
2511
1930
2204
1671
469
1776
1580
1189
1189
773
801
1804
2426
2481
1498
2511
1397
773
2772
449
1479
1452
1872
231
823
1353
773
801
2384
920
2660
773
1520
377
2426
2481
31
221
1773
2766
1748
2300
2119
2058
473
377
2426
2481
1677
827
2368
1022
644
649
1841
764
1872
1353
2245
2360
823
1353
773
503
509
2703
209
1424
1550
1425
1841
763
2121
773
2025
1872
827
463
1102
1664
544
827
1597
1145
444
2550
2058
1283
773
1343
673
1739
910
1795
773
2329
209
1424
1297
209
1424
1550
65
842
791
2729
1030
2729
2063
794
1490
1836
1561
2426
1836
1561
2426
1836
827
2651
1836
1561
2651
1836
1561
2651
669
910
1131
1030
2298
2247
1297
1297
2543
2063
1396
1138
1297
534
1550
468
2265
1297
1826
1015
2489
760
1030
2025
2542
1323
1015
2567
360
2362
1804
2362
1812
314
2511
2204
1804
2511
2204
1804
2511
2204
1804
2511
2204
1804
2511
2204
473
2511
2204
1804
2511
2204
1804
2511
2204
1804
2511
2204
1804
472
2511
2204
473
472
2511
2204
473
2511
2204
473
2511
2204
67
2511
2204
67
2511
2204
67
2511
2204
67
2511
2204
67
2511
2204
67
2511
2204
67
2511
2204
67
2511
2204
67
1022
2511
2204
67
1022
2511
2204
67
2461
2511
2204
67
2461
2511
2204
2511
2204
2441
2511
2204
2461
2511
2204
2511
2204
2511
2204
67
1157
2511
2204
67
346
2511
2204
67
346
2511
2204
1799
1444
2511
2204
2204
2204
2511
2204
910
1131
503
739
2729
1975
542
2597
2406
965
1423
2235
2610
476
1926
2769
1189
2204
1343
2476
2360
1826
1837
635
1015
1618
2288
1336
251
2476
2597
2733
746
965
1826
1015
2489
760
1975
542
2597
2406
965
2753
1329
2766
2426
2597
2269
1720
823
542
2426
2567
1487
965
1327
1812
2362
965
902
1477
1477
2442
1477
1477
2528
1477
2713
1477
1477
1477
1396
1477
1477
2341
1477
65
1477
1453
1477
150
1477
1477
1463
1477
1477
2666
1477
61
1477
430
1477
1477
1477
2204
1477
1580
1477
327
1477
2043
1477
1477
1477
1239
1305
1477
1477
1477
1403
2204
1477
1477
1209
1477
1551
2362
468
1498
2511
1030
2481
650
2426
1906
1144
966
363
629
2360
966
2223
2753
2204
2753
116
650
130
544
652
440
998
2163
652
2642
966
1396
1396
952
1718
2550
2204
1297
2528
1511
1297
773
209
1424
1550
2063
988
1030
2204
1424
2204
1913
1297
1030
2025
2616
725
1580
2432
932
2198
86
1196
1068
2543
2198
1827
1128
773
328
2304
1812
209
1424
1567
1896
2063
436
2593
394
354
932
2616
1407
1257
1059
2449
1361
2169
1676
503
744
1498
492
304
16
304
2169
1676
1068
2550
1987
1114
489
1295
2414
1169
1435
2753
1795
932
275
306
2362
1544
2391
2550
773
1755
2414
2550
773
1520
2510
920
2169
1676
1292
664
2010
354
849
1867
2329
1676
1520
5
503
2010
354
1754
773
1498
2511
354
1726
1600
840
2391
1295
1863
289
354
2267
1726
1600
1180
1654
354
2753
1131
2769
773
2740
492
21
2753
2304
1697
2543
304
1646
430
1704
1795
1658
2753
2304
2454
1367
468
1913
1498
2511
468
1297
209
1424
1550
1297
2729
242
2149
65
740
1413
2417
1030
2114
2362
1193
1479
1490
1624
539
716
45
1202
2182
2265
2454
1030
839
2548
2300
910
96
2300
861
1739
1745
1413
472
1030
1201
62
2362
2362
2753
1391
817
1902
2417
515
2362
2362
704
1883
2376
1030
2204
2362
2253
2362
2362
150
150
2362
537
2007
861
2454
1167
2362
1969
2769
150
1075
1969
1648
1320
1045
2362
2362
807
150
2769
148
2528
1511
2269
2542
2767
2747
2362
351
1969
1970
308
1054
2159
150
618
2559
1718
1931
816
681
1580
1232
1320
2753
1128
537
967
2265
209
1424
1498
2511
846
2265
773
1754
299
2204
209
1424
1550
141
1128
2608
930
1022
1030
2247
553
175
1297
2213
1363
1297
209
1424
468
2265
1297
1720
374
468
2204
489
602
773
2204
1030
801
209
1424
209
1424
1498
2511
2247
1370
585
773
2616
1407
2426
773
1424
2247
468
1498
2511
472
468
1498
2511
1424
1550
771
773
1498
2511
773
2063
51
1720
1853
978
2258
1269
2236
2258
2258
1853
701
1437
2733
2360
1863
289
1853
2593
1166
701
133
1030
975
773
2565
1832
2488
468
2378
473
1568
2750
1320
1297
753
1918
902
1866
1509
2598
94
1967
1106
1956
2213
2550
1363
1297
468
2538
1539
2418
2711
902
1546
2676
902
473
1568
2691
1648
1975
492
2418
902
473
293
1249
1896
2753
902
1424
1144
293
902
902
2403
2492
2526
2447
2753
1366
2392
2733
473
1568
902
503
473
293
2734
492
374
735
2318
2753
253
473
1568
492
1207
2257
2511
2204
2727
1913
2204
2725
932
2511
2204
1804
902
2257
54
1642
1930
2257
54
1642
1930
1498
2511
2725
1718
2511
2481
54
2447
1801
2488
2488
2258
2030
1676
677
1319
2319
2598
1106
2472
2114
272
925
1676
1406
902
1866
1509
680
1525
2362
1093
473
906
2734
716
2676
342
2030
309
473
1568
2611
1597
2711
2269
1334
2227
1975
1272
2113
473
1568
1877
2656
453
2429
2436
473
1871
1043
2492
2676
1102
2441
2105
692
209
1424
1550
773
1986
804
1530
2265
60
569
2265
2204
468
1726
2362
1720
1093
1957
773
753
1498
2511
1253
2063
472
2670
1498
2511
1424
1550
1261
278
2752
2426
2426
1611
468
1297
1424
1498
2511
209
1424
1498
2511
1297
1913
1425
861
726
2363
1406
466
938
804
1369
695
1015
2749
1102
209
1424
1363
2063
1297
209
1424
1550
468
1498
2511
2693
850
665
1561
2269
90
209
1424
1793
503
198
938
1440
72
2002
1272
2269
1785
1704
253
1852
183
2528
1511
1336
992
1852
72
2528
1511
1852
2542
795
795
850
2269
1275
2438
850
1024
394
2753
1676
1447
261
542
949
1145
2205
2092
2449
503
221
2362
1011
1011
793
2511
1718
2426
753
1297
377
2258
1640
1563
1563
1563
1563
1563
1563
1563
1563
1563
1563
1563
1563
1563
1563
1563
1563
1563
1563
1563
1563
1563
1563
1563
1563
1563
1563
1563
1563
1563
1563
1563
1563
1563
1563
1563
1563
1563
1563
1563
1563
1563
1563
1563
1563
1563
1563
1563
1563
1563
1563
1563
1563
1563
1563
1563
1563
1563
1563
1563
1563
1563
1563
1563
1563
1563
1563
1563
1563
1563
1563
1563
1563
1563
1563
1563
1563
1563
1563
1563
1563
1563
1563
1563
1563
1563
1563
1563
1563
1563
1563
1563
1563
1563
1563
1563
1563
1563
1563
1563
1563
1563
1563
1563
1563
1563
1563
1563
1563
1563
1563
1563
1563
1563
1563
1563
1563
1563
1563
1563
1563
1563
1563
1563
1563
1563
1563
1563
1563
1563
1563
1563
1563
1563
1563
1563
1563
1563
1563
1563
1563
1563
1563
1563
1563
1563
1563
1563
1563
1563
1563
1563
1563
1563
1563
1563
1563
1563
1563
1563
1563
1563
1563
1563
1563
1563
1563
1563
1563
1563
1563
1563
1563
1563
1563
1563
1563
1563
1563
1563
1563
1563
1563
1563
1563
1563
1563
1563
1563
1563
1563
1563
1563
1563
1563
1563
1563
1563
1563
1563
1563
1563
1563
1563
1563
1563
1563
1563
1563
1563
1563
1563
1563
1563
1563
1563
1563
1563
1563
1563
1563
1563
1563
1563
1563
1563
1563
1563
1563
1563
1563
1563
1563
1563
1563
1563
1563
1563
1563
1563
1563
1563
1563
1563
1563
1563
1563
1563
1563
1563
1563
1563
1563
1563
1563
1563
1563
1563
1563
1563
1563
1563
1563
1563
1563
1563
1563
1563
1563
1563
1563
1563
1563
1563
1563
1563
1563
1563
1563
1563
1563
1563
1563
1563
1563
1563
1563
1563
1563
1563
1563
1563
1563
1563
1563
1563
1563
1563
1563
1563
1563
1563
1563
1563
1563
1563
1563
1563
1563
1563
1563
1563
1563
1563
1563
1563
1563
1563
1563
1563
1563
1563
1563
1563
1563
1563
1563
1563
1563
1563
1563
1563
1563
1563
1563
1563
1563
1563
1563
1563
1563
1563
1563
1563
1563
1563
1563
1563
1563
1563
1563
1563
1563
1563
1563
1563
1563
1563
1563
1563
1563
1563
1563
1563
1563
1563
1563
1563
1563
1563
1563
1563
1563
1563
1563
1563
1563
1563
1563
1563
1563
1563
1563
1563
1563
1563
1563
1563
1563
1563
1563
1563
1563
1563
1563
1563
1563
1563
1563
1563
1563
1563
1563
1563
1563
1563
1563
1563
1563
1563
1563
1563
1563
1563
1563
1563
1563
1563
1563
1563
1563
1563
1563
1563
1563
1563
1563
1563
1563
1563
1563
1563
1563
1563
1563
1563
1563
1563
1563
1563
1563
1563
1563
1563
1563
1563
1563
1563
1563
1563
1563
1563
1563
1563
1563
1563
1563
1563
1563
1563
1563
1563
1563
1563
1563
1563
1563
1563
1563
1563
1563
1563
1563
1563
1563
1563
1563
1563
1563
1563
1563
1563
1563
1563
1563
1563
1563
1563
1563
1563
1563
1563
1563
1563
1563
1563
1563
1563
1563
1563
1563
1563
1563
1563
1563
1563
1563
1563
1563
1563
1563
1563
1563
1563
1563
1563
1563
1563
1563
1563
1563
1563
1563
1563
1563
1563
1563
1563
1563
1563
1563
1563
1563
1563
1563
1563
1563
1563
1563
1563
1563
1563
1563
1563
1563
1563
1563
1563
1563
1563
1563
1563
1563
1563
1563
1563
1563
1563
1563
1563
1563
1563
1563
1563
1563
1563
1563
1563
1563
1563
1563
1563
1563
1563
1563
1563
1563
1563
1563
1563
1563
1563
1563
1563
1563
1563
1563
1563
1563
1563
1563
1563
1563
1563
1563
1563
1563
1563
1563
1563
1563
1563
1563
1563
1563
1563
1563
1563
1563
1563
1563
1563
1563
1563
1563
1563
1563
1563
1563
1563
1563
1563
1563
1563
1563
1563
1563
1563
1563
1563
1563
1563
1563
1563
1563
1563
1563
1563
1563
1563
1563
1563
1563
1563
1563
1563
1563
1563
1563
1563
1563
1563
1563
1563
1563
1563
1563
1563
1563
1563
1563
1563
1563
1563
1563
1563
1563
1563
1563
1563
1563
1563
1563
1563
1563
1563
1563
1563
1563
1563
1563
1563
1563
1563
1563
1563
1563
1563
1563
1563
1563
1563
1563
1563
1563
1563
1563
1563
1563
1563
1563
1563
1563
1563
1563
1563
1563
1563
1563
1563
1563
1563
1563
1563
1563
1563
1563
1563
1563
1563
1563
1563
1563
1563
1563
1563
1563
1563
1563
1563
1563
1563
1563
1563
1563
1563
1563
1563
1563
1563
1563
1563
1563
1563
1563
1563
1563
1563
1563
1563
1563
1563
1563
1563
1563
1563
1563
1563
1563
1563
1563
1563
1563
1563
1563
1563
1563
1563
1563
1563
1563
1563
1563
1563
1563
1563
1563
1563
1563
1563
1563
1563
1563
1563
1559
2454
1913
1148
2204
543
705
518
1435
2014
2584
377
910
2519
2204
2389
2449
569
773
1261
377
86
2258
1093
377
2258
869
503
2265
615
468
1896
286
515
2773
2449
569
773
1056
1896
204
2176
2226
773
1955
1146
2454
542
2723
940
2695
2723
542
394
2265
605
468
2603
2265
436
1512
234
1128
2428
2265
1554
537
1680
1145
2017
1131
1739
2200
2414
2550
2204
1480
753
812
2457
1045
2345
2204
2668
1626
753
2007
897
2454
2666
753
2668
336
1679
1490
1336
1720
2204
2668
2007
661
2247
2298
1131
1132
2247
209
1424
1626
753
2007
897
2454
2666
833
2474
2362
2030
2666
281
2439
1679
390
1423
1122
850
2528
2300
118
1722
2300
1975
2092
1480
343
2668
1832
2265
2600
2480
1687
1896
1912
2147
2360
2691
1204
1912
14
2550
1795
2283
1343
753
2163
944
2568
2045
1580
802
2454
309
306
1782
1022
847
2174
1030
2204
1030
2025
652
461
2629
2265
2213
1480
753
773
1297
209
1424
2726
468
2204
209
1424
585
2063
1984
1498
2511
2204
1154
2063
2213
1363
1498
2511
1498
2511
100
2597
118
52
2121
2528
385
585
2063
753
773
1297
1498
2511
1343
771
585
2063
2753
253
2170
1129
2571
1791
1791
2138
827
1894
1498
2511
1913
1498
2511
2247
2207
2063
468
1913
1363
468
1480
1498
2511
1424
1550
2642
1015
2119
2753
833
1539
910
1957
2347
965
72
635
2119
965
2269
635
965
1030
2245
2608
2265
2204
2269
2119
1327
51
2729
1030
2550
2746
2426
2567
2476
1720
1305
374
2525
2426
2597
2269
2766
1561
2269
2437
2597
1561
965
2608
1030
1648
1975
1264
794
1490
2336
673
635
965
673
1093
2293
815
1561
1852
1812
1030
1479
1561
2364
2753
2119
612
389
1030
96
1561
2119
2269
908
1327
2204
2725
932
2511
2204
191
1561
1343
2364
2269
2071
962
965
2753
2119
1030
279
2248
773
2247
635
2119
965
1561
2269
910
51
470
635
910
505
357
191
773
1030
1720
179
1015
612
2119
2766
1297
1913
1297
1363
910
833
1620
2745
124
553
2685
1030
1559
490
2098
489
2685
2050
1512
377
565
210
2464
1400
635
2269
1561
2269
2269
2506
2227
1153
1045
2766
1045
1093
2410
2766
1343
2539
2204
2685
1416
1367
2360
1030
1526
2336
773
773
2650
2753
1131
1030
2703
2265
2213
1363
1498
2511
1913
1498
2511
2204
209
1424
1550
1890
468
1975
1567
2204
1261
1498
54
1801
2488
2488
2258
764
2747
2204
244
2204
348
1093
2753
95
2265
468
1931
2777
2204
2424
858
171
1015
2265
468
665
503
2239
1520
864
118
2204
384
150
299
2116
181
131
2426
1300
2113
1773
1367
542
2597
1561
1223
2548
2063
1269
1557
753
2193
1406
1987
2205
753
2193
2571
2441
1454
1259
116
2624
2769
2769
753
773
2511
2204
2754
2249
801
374
139
804
95
2265
209
1424
569
2063
1297
2548
116
2616
589
769
1648
1193
368
1994
368
41
2379
1326
753
773
892
1993
2204
1718
1498
2511
725
2307
87
165
2269
2364
2517
2352
2204
87
2213
1363
1498
2511
1550
2307
2265
1238
2204
1754
773
1498
2511
1767
1733
1100
500
677
1319
1975
1392
997
314
997
1940
490
2772
1940
1915
2108
1915
1915
1915
1915
1915
314
1837
1837
2511
2204
2269
1561
1702
836
2511
2204
2269
1561
1702
2441
2511
2204
2269
1561
1702
1175
2511
2204
2269
1561
1702
1175
2511
2204
2269
1561
1702
2448
2511
2204
2269
1561
1702
2511
2204
2269
1561
1702
2014
2511
2204
2269
1561
1702
1155
2511
2204
2269
1561
1472
2511
2204
2269
1561
1472
1498
2511
725
290
2014
2362
660
1045
1676
716
2193
202
2449
553
503
1333
649
1676
5
981
1208
1752
1261
746
1773
570
1261
2228
884
2454
395
503
236
2550
395
1754
1363
1498
2511
2642
1733
1100
568
213
103
2193
1635
2269
975
13
1635
2269
279
850
2428
1944
773
1498
2511
664
1988
2753
605
60
1498
2511
725
290
2014
2362
660
1045
1676
2214
15
1717
2204
1795
884
1717
2214
2304
2214
969
2204
2711
827
753
1650
1812
865
827
908
2204
2711
2204
2711
2204
2711
908
2204
2711
2204
2711
2204
2711
439
1396
1812
902
932
1139
2745
1975
209
1424
1498
2511
1424
2753
2018
2769
637
2502
478
2360
2265
1423
2543
142
2352
773
2747
753
1498
606
1112
2528
2193
2549
2550
2193
1640
2549
2550
580
1515
2769
2515
92
665
2528
1917
1640
368
2422
1301
2769
580
2193
2212
18
2497
1640
2549
2550
2212
2481
1180
2528
2444
2497
1362
2550
2215
2769
2515
2247
2753
1424
489
661
60
209
1424
1550
609
1858
2427
1795
2265
1006
1761
1396
2200
1800
2740
2767
1396
2200
2362
815
2709
2047
35
1722
1363
1396
2200
1490
2265
2740
2686
1396
1945
1480
753
794
1490
1723
2709
2091
1136
1396
2481
41
793
2063
1498
2511
1384
2395
2438
2213
1363
1498
2511
1498
2511
244
2452
2063
1259
2426
31
313
906
592
1642
1480
1498
2511
2213
1480
1342
1406
1733
1030
1297
1406
1490
747
2616
910
242
2258
109
1837
1326
1462
827
1093
2643
910
1555
910
242
2258
109
1180
2511
2255
618
1733
1837
1220
468
2362
2616
2769
2500
2030
2769
2193
211
2258
2364
2327
2300
1720
2743
618
1688
163
2258
2482
2258
1718
2753
910
39
2300
1336
1617
109
2086
2204
1107
910
139
2729
1639
1297
618
1688
2173
2082
2204
1336
2030
2769
2520
1232
2193
211
528
1851
2643
2769
2300
1232
1358
910
537
2769
2193
211
1612
1618
827
910
39
2303
2525
2769
1840
1206
497
1343
2328
2303
2214
2303
468
2204
1343
2328
2303
2214
2303
489
2239
2204
2204
209
1424
1550
2214
2759
586
1620
1757
1931
122
316
2093
664
1975
209
1424
773
633
1988
2476
2245
2737
412
1420
746
1918
2730
333
827
1944
773
1498
2511
1128
2428
1520
1093
2226
2616
1520
2338
798
1841
1754
773
1401
1498
2511
1841
1143
702
1143
346
1547
197
2368
615
2204
808
185
2769
2703
1801
96
2204
1284
827
719
1557
615
1612
2071
2497
52
528
949
1343
470
1423
1534
1554
2703
2514
1863
2437
2753
949
160
529
2426
2204
2753
2255
209
1424
569
2265
468
808
1726
1520
15
1580
1801
902
827
2664
291
827
1817
773
1231
2703
1093
52
1557
615
1143
1520
773
2204
2743
827
503
1193
827
503
221
374
2300
773
2550
2204
1676
2564
468
1817
2204
1619
2643
910
664
2528
25
1783
939
1284
543
1093
2752
2360
1490
2542
2204
2299
26
1491
2204
2362
1491
2204
2725
1491
2204
2725
618
1491
2204
2725
1615
1075
1800
293
618
1817
2362
2642
2538
2197
1295
1490
2511
2204
377
1726
365
2511
2204
377
2511
2204
377
1726
965
2511
2204
377
1726
965
1490
1795
1430
2356
1508
503
2373
2107
2538
365
2511
2204
377
503
2373
2107
2538
314
2645
1223
2645
2645
2645
2645
2645
2511
2204
377
365
1223
2332
1795
920
2753
1131
1490
1795
1430
2356
1508
503
2373
2107
2538
2511
2204
377
503
2373
2107
2538
314
1726
965
2645
1223
2645
2645
2645
2645
2645
2645
2645
2511
2204
377
2511
2204
377
503
2373
2107
2538
314
1726
965
2645
1223
2645
2645
2645
2645
2645
2645
2645
2511
2204
377
1223
2444
2332
2753
1131
2753
2449
1363
1498
2511
2265
1498
2511
1297
2196
1925
1368
990
1925
1654
503
2063
2595
1430
1026
160
1274
133
1030
1498
2511
2389
2208
569
2265
2386
1580
2703
827
2389
1131
264
2043
364
827
2428
1826
2094
2204
185
2139
853
1024
2204
131
2426
1167
1927
1826
1872
2269
1343
2753
52
42
1917
2414
1199
295
2204
1848
2204
1343
628
827
2269
163
2426
2597
1380
2193
910
827
1718
2195
1872
2515
781
2352
1030
2687
2776
2269
685
1648
2441
1488
2753
827
827
2703
827
1498
1523
1498
1523
1498
1523
1672
339
2542
209
1424
1498
2511
2204
1030
805
2600
1425
2063
729
2753
2362
468
2265
1030
2441
1736
2245
1118
2548
2729
1030
1045
2362
1343
2204
1480
1498
2511
1424
1550
468
1498
2511
1424
1550
468
2299
812
1739
1720
2528
2269
1354
1355
209
1424
1550
472
1498
2511
2492
1366
629
844
1498
2511
2247
910
1128
346
1363
1030
1407
100
1837
1323
965
2213
1498
2511
1030
133
1498
2511
468
1498
2511
988
1969
773
1313
875
2414
2204
1396
1594
2550
1169
2686
1498
531
314
1166
1193
2511
2204
606
875
606
875
643
1167
606
875
643
1167
1975
468
1336
1498
2511
468
1944
773
753
2298
272
209
1424
1550
209
1424
779
2151
910
702
2566
586
1320
1273
1116
1299
746
2362
586
100
2426
586
586
2362
925
52
2484
586
746
1773
1030
2352
773
1773
1940
1483
2023
385
2300
2399
4
1524
2729
1030
133
1030
1480
1498
2511
1726
490
649
100
2265
1030
2476
2399
454
2362
1546
1479
2643
468
1299
1139
1913
2213
1363
1297
2265
2454
2362
2651
2543
1660
618
2589
2303
1407
100
773
2371
1969
2063
150
497
1539
2336
1726
490
649
100
2265
2151
910
702
2566
586
1320
2247
2608
1175
1030
1410
2257
2511
2204
2727
1913
2204
2725
932
2511
2204
1804
902
1030
1157
197
1363
615
1030
1748
596
2201
468
1363
1498
2511
1913
1987
1056
1368
1363
1139
1721
596
2201
1721
555
209
1424
1550
569
1639
1498
2511
2265
468
2777
2265
2204
65
2200
209
1424
1550
1498
2511
1944
1097
773
807
1713
773
1520
281
326
773
2616
2257
1896
2511
1930
2204
1671
469
1776
1580
1189
1189
1313
932
1733
2748
1327
770
932
1664
770
932
468
1498
2511
1424
1550
753
1297
385
773
867
1424
1550
1727
174
134
1957
209
1424
773
1754
1975
468
503
1552
602
2340
2362
2511
1718
1315
1648
1102
888
1295
2017
2511
1718
1315
1648
1102
888
1295
2017
2511
2204
377
1145
2511
2204
377
1145
2511
2204
377
1022
2468
1022
2511
2204
377
1022
1022
2511
2204
377
1022
2
1022
2511
2204
377
1022
1175
1022
2511
2204
377
2461
2511
2204
377
2461
2511
2204
377
2461
2511
2204
2511
2204
2511
2204
2511
2204
377
1157
2511
2204
377
472
2511
2204
473
472
2511
2204
473
2511
2204
2725
2511
2204
2725
2511
2204
2284
2511
2204
793
161
2511
2204
793
161
2511
2204
2284
161
2511
2204
793
161
2511
2204
793
2511
2204
793
2511
2204
1795
1795
314
997
1795
997
1261
1315
1648
1102
888
1295
2017
1773
1339
1339
1339
1339
2511
2204
377
1145
1261
1642
2609
410
1642
2616
1642
1642
1642
58
1642
58
1642
1012
58
1012
1773
2362
1545
472
1396
1274
1162
947
2559
1368
1498
2511
1030
2542
2699
106
941
1493
32
2352
1100
1396
599
157
1471
2390
1131
2728
939
1648
1275
1297
1180
1343
52
845
2773
2360
542
2176
2525
571
2773
2766
734
1773
1452
542
1134
845
2691
26
2656
2598
998
2227
378
391
1339
704
191
340
343
191
340
1996
2454
2119
1129
1581
1581
14
2454
191
340
1129
2462
1339
489
975
888
2257
1930
888
2257
1527
2002
2043
1498
755
1581
1970
2441
1494
1123
1108
2362
537
2632
2630
2484
1102
1102
1367
925
1250
2039
290
1555
990
2428
299
2147
109
808
1620
2515
2176
1145
2205
169
233
2702
2753
2028
1557
2055
542
1739
543
171
764
157
2362
1261
1166
2360
261
2119
65
969
218
2214
969
1495
65
2214
218
969
2214
1495
1634
542
1166
1721
1804
1166
1721
1166
1721
2511
2204
377
1145
2511
2204
377
1145
2511
2204
377
2511
2204
377
1773
2511
2204
377
1773
1166
1721
802
1166
1721
1166
1721
1804
1166
1721
1804
1166
1721
1804
1261
2360
261
2119
65
969
218
2214
969
1495
65
2214
218
969
2214
1495
1634
542
1773
2511
2204
377
1145
2511
2204
377
1145
1773
2511
2204
377
1145
1773
1166
1721
802
1166
1721
1166
1721
1804
1166
1721
1804
1166
1721
1804
2362
2525
571
2773
2766
734
1773
1452
542
1134
2476
861
678
2606
515
2753
542
2753
1479
1905
171
1190
2543
1648
1275
542
244
808
746
1223
1027
542
1297
1498
2511
1479
1905
171
1100
1581
1367
1454
655
2609
1758
214
1411
2609
1773
542
2427
191
1648
542
1581
214
542
1134
1031
1102
1520
649
2695
8
1648
1343
1223
1536
1102
1412
1613
1559
2119
191
340
261
2119
1498
343
1416
2725
261
2119
191
340
1528
191
340
2300
2564
2550
1027
542
183
1275
542
2248
389
877
2753
2564
746
2204
2176
2550
542
1726
191
340
261
2564
2550
2204
1928
542
1339
704
191
340
343
1498
343
1416
1286
2616
1129
1155
2616
191
340
1996
2454
2119
1129
1581
1581
14
2454
191
340
1129
2462
1339
1455
1676
773
2454
2204
2362
1193
877
773
99
389
99
99
389
1704
1648
1275
2660
2176
2773
845
542
503
808
773
2671
845
377
2647
2204
990
1285
990
1095
2336
374
1131
1313
2362
808
1100
503
2222
1581
1002
2196
2327
343
2257
1930
343
1498
755
2753
1581
2391
261
2119
649
209
1424
1550
641
468
1480
1265
1840
1264
2204
939
1381
503
2265
60
1947
472
1030
1621
1424
2417
65
1061
2028
2028
1720
2616
2028
2616
618
185
1030
2083
299
339
2790
1684
1128
2608
1189
112
1232
2725
1600
244
2728
2335
1550
2204
2258
2475
116
1265
1840
1381
711
1739
516
1472
1258
2204
1286
150
2204
2725
472
1396
1030
1621
864
1890
2616
618
109
528
2332
1336
2362
1837
618
618
1561
618
1561
965
1561
1837
618
1837
618
618
2362
507
1920
1258
2215
1498
606
1112
2204
2426
1462
352
949
2426
1616
2204
2075
1498
2511
2204
343
2204
2267
2336
2362
660
1969
2390
2362
685
613
2352
1030
2729
1030
356
2454
1620
640
1626
449
574
346
1825
1363
1022
2145
40
1030
2550
1387
1620
450
2651
449
346
1825
1139
2550
161
2469
827
2222
685
1480
1568
2481
473
2369
31
2753
2608
133
1030
1913
1498
2511
2213
1363
1498
2511
95
2265
185
262
2488
2063
1580
2426
1269
150
2497
1387
110
346
822
2204
2193
1336
2193
434
2598
1297
382
1896
2213
2063
1363
1297
472
1030
2204
1363
1030
133
1363
463
2597
969
1636
1327
2545
2185
2651
1626
1366
1286
1030
1975
2547
1342
706
2267
2336
1975
2265
2550
823
1620
2362
685
1718
2083
2545
745
2733
1472
615
2777
2265
2204
1424
1604
340
2428
2362
685
1479
318
2253
2362
854
2362
1616
1617
1030
2550
2725
2616
1784
2619
1030
2767
2484
2616
1969
1620
2038
647
794
318
2742
2452
339
2548
2590
2263
1882
1363
1175
1030
1913
2300
1387
2362
286
161
1526
171
2729
2753
139
2550
96
262
1030
468
1297
1424
1550
1297
753
1490
1480
1030
1030
770
906
2204
704
2651
434
1022
1759
35
2511
2204
1396
760
2119
1561
910
585
1131
569
1030
910
468
618
2769
2550
1672
545
1814
2204
1030
1490
2511
2204
1223
2362
314
1166
1193
2511
2204
2725
2511
2204
2284
2651
2511
2204
2284
161
2511
2204
2284
2651
2511
2204
793
161
2511
2204
2284
161
2511
2204
793
2651
2511
2204
793
2651
2511
2204
2362
1006
2651
2769
2204
764
1836
2426
618
209
1424
1131
2268
150
1022
1837
1837
906
1837
1837
1336
1975
2245
2577
604
2204
1343
310
434
2651
1102
1336
1720
1836
1561
1836
1561
1526
2597
1561
2360
1093
2461
2589
910
2254
139
1561
704
794
2651
1057
2691
522
2130
1396
2651
434
96
2276
2360
1526
1758
704
1022
1639
733
1721
1628
1129
1498
2511
1424
1550
468
1913
1498
2511
1363
1498
2511
1363
2428
1944
773
1498
2511
773
1430
436
1580
921
2538
1176
1944
569
2265
150
377
1400
1022
2632
2550
133
377
242
2378
1093
1987
382
2769
2265
615
95
2265
921
1313
2449
1676
333
1238
2204
1026
2265
1676
2426
333
1424
80
2362
1297
503
1297
503
1297
503
1297
503
1297
503
2362
1520
2510
2119
804
1498
2511
773
1520
1754
1498
2511
209
1424
2063
773
1371
2661
1852
1741
2428
1852
1836
131
2426
2691
1068
2559
2071
451
1561
1371
1739
656
185
2269
1167
2426
753
2670
913
2428
2269
1920
1836
131
2426
913
2428
2269
1113
2269
1167
615
2269
1380
2470
2428
2377
2377
2426
451
1561
1935
2119
2214
1561
918
2476
1276
861
2543
2362
773
2777
1306
753
2063
1726
2593
1167
1837
1826
1167
451
1561
1826
965
969
2426
451
1502
451
1561
2269
1380
1826
1826
1704
2269
1380
2470
2428
2377
2377
2426
451
1561
1935
2119
2214
1561
918
861
773
1640
2247
2600
468
1913
1498
2511
1498
2511
2729
1030
1045
2548
1380
1741
1986
209
1424
585
578
2452
1425
1192
468
1358
930
1078
1824
2265
1479
770
1197
1526
2406
1986
36
1197
2204
1448
2559
1739
2753
1624
539
1498
2511
1913
2725
932
2511
2725
1801
1649
1297
1616
1568
1832
2265
96
938
2543
2063
1396
1138
1297
534
1550
468
2378
2213
1363
1297
2352
773
926
2484
1371
2362
2362
556
2628
1371
1400
2628
1371
2362
365
449
1837
2484
1371
1087
2345
2484
1028
1400
2362
556
2628
1371
1400
2628
1371
2362
209
1424
2378
209
1424
1498
2511
1030
1367
150
1639
67
1975
1293
1931
209
1424
1498
2511
209
1424
1975
1676
2362
1812
1580
1490
1795
1430
2356
1508
2226
2265
2753
1795
2305
76
1339
660
202
1754
2548
1490
1975
1817
2204
1396
2538
1490
2428
1944
1298
1297
468
1297
209
1424
1498
2511
468
468
1363
1498
2511
1713
1131
1430
1975
1957
2045
1490
1283
1591
2477
942
1840
2454
2329
2047
384
773
1372
2033
2245
2740
955
2030
2362
2247
2093
773
1483
134
910
955
2247
2661
139
910
773
213
1283
2703
1030
209
1424
1550
2661
139
773
95
2560
2063
1073
729
1030
503
489
1131
1986
773
771
1498
2511
1401
2593
503
1552
2083
864
773
474
19
1093
773
209
1424
2598
255
1591
1047
1368
1574
6
634
614
2728
2265
1489
2666
1903
1756
171
1234
910
1555
107
255
634
793
1975
2488
2753
2525
471
1305
2007
66
1648
816
2598
1364
1093
2754
2265
2226
829
1648
2441
1712
2544
1305
2007
2204
1490
2226
829
1648
150
2426
773
2226
2362
1239
1648
969
221
2362
2352
2204
1030
2196
1295
1490
2511
2204
773
2426
2511
2204
773
2426
2511
2204
773
2426
209
1424
1490
807
1169
1616
1896
118
930
1078
1824
2265
1923
2247
553
773
1430
1261
569
1396
621
2349
150
2349
1640
773
537
1408
2362
1837
685
1891
1313
2121
569
31
1891
1313
1396
1891
1313
2426
1891
1313
2540
685
413
969
1891
1313
569
31
413
413
969
1891
1313
31
2449
793
685
793
1891
1313
31
2449
793
685
501
1407
1225
2362
544
2246
770
932
2436
773
461
932
1904
221
1785
986
1904
1400
2550
991
793
221
1580
1561
1904
221
793
221
969
1313
932
2121
569
31
1313
932
1396
1580
1313
932
2426
2214
1313
932
2540
2214
1313
932
569
31
413
1313
932
31
2449
793
1313
932
31
2449
793
770
932
1730
773
382
1396
621
171
1490
1223
1196
1295
1490
2511
773
1718
1396
2426
654
773
654
131
2426
1396
1726
773
2204
660
202
773
1490
1223
398
2517
773
1430
1261
840
615
503
2464
1223
1225
702
2729
1030
1223
1396
1404
2362
1156
1225
2525
311
791
1030
1975
2247
553
2186
2265
1413
1030
930
1078
1022
244
374
1261
957
1957
1396
1775
358
401
2686
1903
2360
225
1580
503
1297
1035
2788
910
1675
938
209
1424
1550
2560
2063
2265
615
1396
209
1424
1498
2511
209
1424
1297
1045
569
2560
2063
2265
615
1396
1297
1313
1261
1773
1006
1536
2419
2349
638
1462
973
773
1479
2511
2204
2754
2249
2362
773
1144
685
1144
685
2419
685
2419
685
1144
685
2362
209
1424
1550
2417
776
1321
116
1723
1561
31
2657
1280
2362
31
31
776
31
31
1280
776
1280
2362
1031
862
122
205
468
1913
1480
1363
1480
424
886
773
1432
2554
2081
2333
96
1957
2476
861
2531
773
2483
1539
127
1923
391
1616
1923
2645
2265
753
1773
793
1520
1745
900
2538
1045
224
1432
1469
958
597
134
773
1366
1498
1469
746
1720
529
2245
151
503
2553
2204
1529
1286
1432
206
1490
1031
858
1498
2511
1432
1913
206
1490
932
2511
1432
1469
1801
1649
1892
602
1407
969
770
1238
2559
221
1773
1432
221
1773
1186
116
2204
1407
2214
472
773
1036
2517
1498
2511
1432
1913
2430
2713
932
2511
1432
2713
1232
1470
1801
1649
209
1424
1538
773
2265
771
1343
1480
1498
2511
773
413
1773
2559
2740
2204
529
1045
2598
413
1918
1933
2235
51
2308
413
2643
2550
793
1987
1343
1326
1532
2484
793
1093
876
413
468
1297
2247
693
150
2028
1652
2549
2550
1131
244
2452
1396
773
1769
221
1773
2028
2009
1498
1469
1773
221
1539
2753
1923
2028
773
770
2002
1264
585
1131
2753
816
146
1368
472
2113
1773
150
2426
1726
2419
1144
910
2265
150
618
209
1424
139
2419
2349
1479
1144
2349
654
2030
150
2426
406
139
1453
615
2661
1668
150
1479
2419
2349
773
610
1463
150
685
139
962
2362
2119
773
1463
1945
2249
1463
965
1453
1463
1400
1453
1463
1453
1463
221
2362
2753
2028
773
2500
773
628
2193
2598
374
478
773
1030
139
1453
615
150
2426
2653
1857
299
773
1223
2488
1261
763
1440
150
413
448
317
150
2426
2454
503
1440
150
413
896
197
1910
2426
763
1144
1773
190
2765
2419
272
1128
982
468
1297
773
773
1928
654
2030
150
2426
1472
1144
1453
35
1704
773
628
2043
638
2365
299
1430
1490
2670
2030
773
2226
1144
1648
1453
150
2426
773
927
628
1453
685
406
516
2305
773
150
1616
773
1857
2247
614
753
660
1297
2247
578
150
299
1440
1925
2616
2063
1532
736
2428
438
1113
1925
1547
209
1424
1480
753
773
773
1547
1274
1795
473
1264
773
1498
2511
773
773
1547
1274
1795
473
2204
1896
1343
1508
470
1297
1498
2511
1407
2121
1240
2674
702
1407
2586
2427
209
1424
1171
2200
1836
368
150
299
374
1516
2362
314
618
2624
1166
1193
2511
2204
2725
2511
2204
2725
2511
2204
2725
1102
1175
2362
1367
908
131
2426
251
1327
2476
1975
5
2616
1721
2607
969
2489
2019
2607
1602
150
299
773
2538
1957
1297
1022
1297
827
978
1336
1193
1297
1022
773
1520
2063
1169
374
1704
1975
1957
131
2426
776
171
1616
827
465
753
773
1343
771
1498
2511
1424
299
2362
1223
1313
2362
2426
150
793
150
150
150
793
221
793
2028
150
150
150
139
150
139
793
221
2362
2063
773
1498
2511
1801
1297
1671
1297
1141
1299
1356
2362
150
150
150
221
150
150
150
150
221
2362
753
773
1297
773
2589
1600
910
1131
468
2265
1297
1498
2511
2689
1757
503
1207
1704
1757
2204
2773
1721
2651
377
65
2204
2245
2586
1773
677
1093
2119
2632
760
2133
1393
31
86
1791
115
1648
1297
673
702
2616
1407
1278
2607
2427
1006
115
1648
1297
468
1297
2265
1944
1490
1498
2511
2265
178
1367
468
2543
1875
2204
773
1754
1498
2511
1299
1102
1356
1313
2362
150
150
221
150
150
150
150
150
150
150
221
150
150
150
150
150
150
150
150
150
221
2362
468
1498
2511
2500
2265
2204
1704
1721
2538
413
1702
640
1583
1580
1119
210
2591
48
2114
845
2193
1580
785
2392
2257
2362
585
773
492
2540
1676
798
798
1154
2063
1195
776
1336
1580
304
209
1424
1195
2217
592
962
468
1424
1550
1380
1022
1759
1650
1648
2441
1454
1813
2045
2427
665
1232
2362
2204
2204
2725
2041
921
1131
197
2691
2441
697
2085
910
51
470
1357
2597
2517
197
1022
1759
96
594
489
1813
2391
885
2426
1032
1904
1167
1343
753
231
1718
1795
2127
2291
2391
1173
1904
2586
2336
2767
222
885
1232
746
1605
1045
2426
2597
1173
1718
2353
2782
1015
2441
2398
2341
1330
1906
368
2753
2360
213
1007
910
2071
685
2481
211
685
2269
1336
685
2740
773
2265
1343
1986
804
1297
211
685
2050
1342
299
827
616
1424
1567
685
1573
769
2598
1607
2364
1498
343
1416
2725
1607
2364
2528
1575
1498
343
1416
2725
1607
2464
2528
1575
2123
72
1529
2348
714
2484
1607
470
211
2362
685
1607
2464
685
2528
2353
827
2674
2674
1648
2047
2426
131
2426
1648
131
2426
72
86
827
1720
685
1064
2464
2528
685
2674
2761
1607
1349
827
1618
1607
1452
131
827
489
1545
1342
2566
131
2426
1093
861
1485
1963
827
2360
131
827
827
131
2426
250
2424
827
1618
2350
1406
2753
2398
385
1019
2181
2368
1758
2464
581
1573
1733
2368
1511
2526
473
2368
1327
2573
1327
568
2740
773
1754
1944
1520
773
2119
2511
2204
1490
1795
1430
2356
1508
503
2373
2107
2538
2511
2204
503
2373
2107
1313
2511
1718
314
2511
2204
2511
2204
2511
2204
1022
2468
1022
2511
2204
1022
1022
2511
2204
1022
1022
2511
2204
1022
1175
1022
2511
2204
1175
2511
2204
1022
2511
2204
2447
1036
2616
2022
525
1488
1821
938
2774
402
1518
2360
191
513
213
1126
26
589
2329
1007
1190
52
1567
697
1781
685
1197
1565
685
1303
569
211
1045
185
1651
447
1093
2185
685
2336
1385
2753
516
814
1140
1718
2619
2329
2258
2128
589
2329
1007
1190
52
1567
697
1781
685
1197
1565
685
1303
569
489
1303
1136
814
1007
1303
685
814
1007
969
641
2692
1653
366
1136
213
1007
685
1007
211
1045
185
1651
489
2227
2766
1068
2657
1648
2426
357
685
335
2329
2345
827
1567
1826
1618
1928
2269
1145
1607
1567
581
1573
2426
1140
1721
2312
685
2362
685
335
814
2329
2362
836
2362
685
211
335
814
2329
2362
2269
209
1424
1550
2539
607
2074
1136
1720
2295
1567
1720
1826
2269
938
2074
1136
2428
1409
2295
685
2678
1567
51
685
2678
1007
910
412
1565
1396
910
412
1720
1826
2269
2329
355
1007
685
910
2120
2678
607
2160
910
507
516
685
685
355
553
938
2074
160
608
160
2678
412
1720
1826
2269
910
1144
1303
2360
2329
2227
1560
685
2120
2678
516
2522
998
516
1648
1129
503
2515
711
516
2678
1007
2515
2245
2064
516
2374
814
2047
685
335
1007
2047
516
685
355
335
1007
210
622
685
1406
1035
1035
2329
2426
1826
489
96
2066
295
1342
568
211
685
1984
938
2139
1567
1651
1336
685
2074
685
685
335
2329
2329
55
412
2269
910
211
2362
1093
2362
685
335
814
2329
2362
2362
2258
685
335
814
2329
2362
1336
1969
211
1329
2295
1329
2295
1349
100
1349
2360
1136
685
35
685
1618
685
447
685
1565
1197
1567
1826
2269
2258
1197
910
211
2362
1197
1567
1136
1092
1145
1607
198
685
2426
2080
2529
2607
2426
1607
1877
2464
1616
2063
1396
2550
1490
1223
1715
1295
809
585
2357
2550
1498
2511
1721
2120
965
962
685
1847
2258
944
461
932
967
1102
1295
314
314
965
2511
2204
377
2204
2725
884
1717
884
2511
2204
377
2204
2725
884
1717
884
2511
2204
377
1145
2204
2725
884
1717
884
2511
2204
377
1145
2204
2725
884
1717
884
2511
2204
377
1145
2204
2725
884
1717
884
2511
2204
377
2204
2725
884
1717
884
2511
2204
377
2204
2725
884
1717
884
2511
2204
773
1840
2351
2511
2204
773
1840
2351
677
1319
1490
1196
2538
2204
318
2329
1007
55
2753
55
2199
2657
2179
1614
1176
2425
191
1102
1295
1155
2269
916
2266
1953
842
1006
592
382
2257
1930
888
1334
1297
685
335
2329
2329
55
412
1189
2257
1896
2511
1930
2204
1671
469
1776
1580
1189
1189
910
1144
1303
2360
2329
1093
1126
26
589
2329
1007
1190
1406
242
685
2329
1791
1720
211
2050
1648
1342
213
2598
51
775
827
1567
581
1573
2426
1140
2050
998
2007
242
2650
1795
1490
1795
1490
2362
2753
2593
559
211
1093
861
1485
1963
1498
1523
490
55
1512
2200
15
112
2528
1511
1406
1175
1720
55
1007
2329
55
2360
1638
2573
2193
1001
1648
2667
740
775
827
51
2573
827
503
1830
775
2598
1166
2426
1001
1963
2247
827
1058
2047
685
211
827
211
1058
2426
1058
2426
2258
1297
773
1850
1721
962
685
1969
109
1661
773
2269
773
2511
2204
377
1145
773
2511
2204
377
1145
1297
773
2511
2204
377
1145
2651
2511
2204
377
1145
2645
2645
2645
773
395
2703
131
2426
131
131
131
346
925
100
116
1279
2703
1850
2349
1721
1269
1269
116
1279
1269
1479
333
2426
131
131
346
925
100
131
131
346
925
100
827
1987
1269
1269
773
1030
1030
2539
560
1532
773
2587
2539
2204
2204
1030
1297
2729
1030
1473
773
2269
932
2511
2204
377
1145
932
2511
2204
377
1145
1297
932
2511
2204
377
1145
2651
2464
2453
2323
377
52
878
1837
685
878
965
649
1791
2624
1837
2258
2258
544
652
1850
1721
2349
685
2258
1129
827
2258
685
965
685
2258
685
878
1837
685
878
1837
1826
2678
685
2454
2454
131
1826
685
965
1837
1826
2678
685
2454
2454
131
1826
150
2269
932
2511
2204
377
932
2511
2204
377
1297
932
2511
2204
377
2651
969
1837
2258
2269
2258
2258
2269
1837
1837
2258
2269
2258
2258
2269
2258
2258
859
2258
2269
2258
2258
2269
1128
2740
2329
2426
1826
1297
1136
2524
2588
2047
685
859
2172
2753
1985
1720
1580
1015
2204
55
2204
1007
138
2047
2204
1136
2070
698
910
2147
2189
1692
299
2426
1826
2329
1168
55
1007
1035
2172
55
1197
2426
1826
2120
55
2578
798
928
769
2043
1471
2426
1826
2245
555
685
335
2329
2329
55
412
685
2329
105
2329
1485
1963
28
2328
2360
1638
2573
2193
1001
1648
2667
55
55
1197
1197
2753
2500
869
1030
1131
1906
368
2753
2360
213
1007
1327
1906
2193
869
1327
1000
869
1327
1498
343
1416
1286
402
2269
1653
2285
2691
1166
1697
1251
685
55
2269
2204
2269
1136
2269
2269
1136
55
685
814
2636
2362
814
827
2528
2236
814
685
814
776
773
814
2362
685
2678
2636
2362
2674
827
2528
2236
2674
776
773
2674
2674
2362
1567
581
1573
2426
1140
1907
2426
1001
1307
1940
705
827
1452
131
827
939
2206
827
591
96
1180
1812
2197
2197
131
827
2729
211
2047
685
2464
211
1131
131
827
1058
2424
827
1618
2350
1406
2753
2398
385
1019
2181
2368
1758
489
2172
773
2426
251
1975
1795
773
1030
2269
932
2511
2204
377
1145
932
2511
2204
377
1145
1297
932
2511
2204
377
1145
2651
2511
2204
377
2511
2204
377
1129
2511
2204
377
377
2511
2204
377
2511
2204
377
1891
116
2391
2391
2464
2453
2323
377
1837
685
52
878
878
965
1837
685
1837
1826
2678
685
2454
2454
131
1826
1030
1676
1490
2200
2265
1490
1313
2511
2204
2300
1155
1102
1295
2464
1155
2378
2119
906
2349
1640
2119
1400
906
2349
2214
1400
906
2349
2214
2378
2119
906
2349
1400
906
2349
2214
2378
2119
906
2349
2378
2119
906
2349
1400
906
2349
2214
1400
906
2349
2214
2378
2119
906
2349
1400
906
2349
2214
2378
2119
906
2349
1399
1676
2511
2204
1490
1795
1430
2356
1508
503
2373
2107
2538
2511
2204
503
2373
2107
1313
2300
1155
1102
1295
2464
1155
2378
2119
906
2349
1640
2119
1400
906
2349
2214
1400
906
2349
2214
2378
2119
906
2349
1400
906
2349
2214
2378
2119
906
2349
2378
2119
906
2349
1400
906
2349
2214
1400
906
2349
2214
2378
2119
906
2349
1400
906
2349
2214
2378
2119
906
2349
1399
2511
2204
1718
2511
2204
1718
2511
2204
2284
2511
2204
2284
221
2511
2204
793
161
2511
2204
793
161
2511
2204
2284
161
2511
2204
793
161
2511
2204
793
221
2511
2204
2447
1036
2616
2447
1036
2243
2447
1036
2243
314
1036
2616
2243
2616
1914
2255
1232
1914
2255
1795
1914
2255
1232
1914
1311
883
1232
1914
1311
883
1232
1914
1311
883
1914
1914
1914
1914
1795
1914
824
1914
1914
2441
1914
883
1232
1914
1311
883
1914
1795
2511
1292
70
1053
2511
1292
70
2511
1292
70
2243
2447
1036
2616
2447
1036
2243
2447
1036
2243
314
1036
2616
2243
2616
2511
1292
70
2511
1292
70
2243
2511
1292
70
2511
1292
70
2511
1292
70
932
1261
2511
2204
1718
2300
1155
1102
1295
2464
1155
2378
2119
906
2349
1640
2119
1400
906
2349
2214
1400
906
2349
2214
2378
2119
906
2349
1400
906
2349
2214
2378
2119
906
2349
2378
2119
906
2349
1400
906
2349
2214
1400
906
2349
2214
2378
2119
906
2349
1400
906
2349
2214
2378
2119
906
2349
1399
2511
2204
346
2511
2204
377
346
2511
2204
377
346
2511
2204
377
346
2511
2204
2725
1022
2511
2204
2284
1022
2511
2204
2284
221
1292
1107
1432
773
1374
1342
557
2228
1213
1259
434
2734
503
1292
1107
2187
468
1913
1498
2511
1651
1342
2488
1261
2488
1885
2063
1651
2265
2706
1336
1968
664
2247
1876
28
1030
2777
2268
1525
1717
2360
434
2734
910
1128
1259
2753
1713
468
1363
1498
2511
2544
1595
1721
1318
1286
2544
1721
2360
151
1286
2030
185
2544
2616
1336
1920
1568
2426
1518
1045
185
1709
906
2210
966
1320
1783
160
306
1326
685
1975
326
815
1749
1248
691
2743
1864
2619
2616
497
2426
211
922
2514
185
1427
1297
1865
2619
1761
185
2489
267
1896
890
1355
2247
1155
1030
1574
932
180
2597
2546
2332
1542
1440
2362
1542
472
1100
1030
906
813
2489
267
1896
890
1355
472
1030
801
2544
1595
1721
1318
1286
1125
1721
939
1804
2775
185
685
2703
553
473
2618
2449
1567
1646
1336
1920
1568
2426
1518
1045
185
1709
906
2210
966
1320
1783
160
306
1326
685
1975
326
2360
685
2426
1336
2500
365
1061
685
1283
2703
1896
2619
1761
185
208
2778
185
2416
1080
2619
2426
2152
1191
374
65
1283
1343
691
2258
2332
2368
2587
789
65
1568
910
1871
2416
1674
1030
2204
1804
2775
185
1030
1045
1804
2775
185
640
1433
1216
1045
685
1875
1469
966
2546
473
1709
685
1561
2598
618
319
966
1986
845
178
1006
1996
1297
1544
2441
1561
52
1828
298
685
1155
2469
473
1804
845
154
496
445
1986
845
1427
473
1207
793
759
1286
2158
1427
1144
1129
2378
605
966
503
2688
807
966
1773
2549
793
1102
2753
1045
1290
691
1131
2001
2441
1342
2469
118
2245
1931
2608
185
841
898
2300
379
236
2093
1290
691
815
1749
1248
691
2743
1864
2619
2616
497
2426
211
922
1093
2063
2300
2204
2488
815
72
2222
2362
1400
1400
2362
209
1424
1297
1498
2511
2204
2722
2204
2725
932
2511
2204
1022
1671
1671
2362
566
965
566
566
965
2362
566
1336
1975
88
965
2007
2045
2030
374
1479
1486
1981
146
1826
395
1010
649
649
88
965
133
1030
1913
1498
2511
1498
2511
1975
1370
468
1913
1498
2511
1030
2721
1061
1387
1616
1232
1486
644
1981
2753
1131
647
2300
2753
2544
1486
374
516
489
647
2300
2753
2544
1486
2336
1486
1757
1931
1473
1836
2193
1363
468
1913
1498
2511
2063
2389
1856
592
1421
2039
2204
2213
1363
1498
2511
773
1343
771
2265
1498
2511
209
1424
2204
1131
468
1498
2511
133
1030
1498
2511
1424
1030
2543
2619
2362
1407
904
2727
2620
86
160
746
2616
102
2303
2113
746
2747
1648
1648
1299
1007
667
1773
904
2727
2362
475
2039
2769
1840
2028
1840
2028
1840
489
2204
1498
2511
1424
1550
468
1297
1027
2472
1087
1250
1804
2350
2656
470
2494
2519
1804
1269
1261
2063
491
1584
1014
2711
902
733
472
2549
1595
682
2350
733
2494
2519
1595
209
1424
1550
209
1424
214
1022
2028
2729
2063
468
1498
2511
1817
2204
503
1795
773
569
1116
776
1131
2550
1704
773
13
2616
2769
2245
793
1556
2753
374
155
1818
793
2034
139
773
1219
773
1116
776
1498
2511
468
2414
2550
2204
1424
1550
2729
776
908
1336
776
908
1297
1913
1297
1363
910
1327
908
1406
2769
1408
1479
773
776
908
2362
685
939
1720
753
2542
860
1355
2245
2204
2362
1720
2727
1286
1854
2063
465
2550
2245
1620
163
1561
392
1286
1770
1286
2200
2511
2204
2727
374
2284
2511
2725
2691
197
1045
1571
1622
2464
1720
1286
2464
581
1471
902
1251
902
1604
2464
1692
902
1286
2464
2409
1343
1286
2464
1471
2511
2725
2691
2753
2769
1692
1842
637
2773
1324
2598
15
1264
910
2119
2464
1366
1895
2098
2769
1692
2464
1903
1758
209
1424
1550
2753
1131
2643
374
516
205
2559
2377
610
2699
528
1343
1620
1761
2511
2204
1804
1014
1286
2332
2511
2204
67
1343
1574
1355
2222
457
205
860
1355
374
2616
1567
2511
2725
2691
209
1424
1913
2213
2729
1030
794
1455
925
654
1477
150
315
1498
1200
2336
1653
1155
2598
2658
1554
618
806
1479
1837
2616
2227
312
685
487
2204
1567
2300
1406
245
1297
2134
1030
209
1424
1550
704
437
2426
1336
2040
746
746
1093
1342
618
2428
1030
540
1342
592
618
1095
2691
565
364
618
1733
1822
2671
2204
2528
1511
1131
618
52
1681
724
1015
1175
1030
2633
618
2753
2428
2093
2265
1957
746
776
1797
746
1681
1336
592
52
2336
2362
1131
618
52
1681
704
1681
2253
720
2712
2484
685
1329
806
52
1681
2360
592
2336
2729
1030
2550
1336
523
2550
1721
618
2362
2269
932
2511
2204
2725
932
2511
2204
2725
1297
932
2511
2204
2725
2651
737
2253
2269
932
2511
2204
2528
932
2511
2204
2528
1297
932
2511
2204
2528
2651
2528
618
1837
2425
618
1837
685
2528
685
965
685
2303
2528
685
685
2362
1297
1616
312
685
487
2528
1812
1336
618
2743
2508
1812
753
1342
1062
908
2204
2711
2204
2711
1406
2753
95
468
2352
1030
585
2065
618
806
1681
2528
1286
806
2753
2508
618
1797
685
487
52
908
2204
2711
2204
2711
1720
523
2515
1070
244
1704
523
618
990
2253
2441
2398
684
2093
1030
50
910
1928
618
2688
704
437
2426
1336
2362
2362
1498
2511
1424
1550
468
1297
2213
1363
1297
2627
1018
468
1498
2511
2265
1151
997
490
997
2259
1116
1030
2352
209
1424
1550
1863
289
2207
1232
352
1973
122
352
150
394
2041
150
2119
2085
1006
2550
1998
847
1987
1108
503
2360
132
864
1973
122
352
2777
2265
1326
1498
2511
1351
1720
1918
2525
844
1091
1299
2426
1498
2511
1616
807
2688
545
1336
2039
109
2114
2542
1026
449
2769
1807
1757
1931
756
2516
1227
2304
2550
197
18
2481
1440
1672
545
2339
2362
150
2481
1363
150
2372
1363
1363
346
2372
2481
2362
2204
2777
2265
585
578
244
1381
807
2688
828
2476
2399
1571
2619
543
239
1299
2426
807
844
209
1424
1498
2511
1498
2511
5
468
1863
1093
1269
1490
816
2481
2063
2204
468
2703
2712
1896
1430
209
1424
1550
2247
1896
577
2245
51
753
2183
825
2458
2766
2265
939
1538
2362
1480
1498
2511
35
1128
2729
1030
1896
1030
2528
2484
2666
160
72
686
2597
1024
346
66
711
567
2245
951
548
184
52
66
2259
2650
1676
72
565
467
2528
13
185
2245
1578
1388
1850
1679
1712
1259
2063
2616
2638
2766
185
2445
2766
1471
2528
185
2753
1223
795
2269
1308
925
2666
2528
2269
2326
795
2560
2753
468
503
565
864
2269
1729
769
2219
473
1648
2772
1336
1648
962
473
2753
825
2573
775
607
2772
553
2753
66
1286
66
685
1830
391
2050
1220
2657
2573
1136
1864
1369
1155
1030
1259
1369
209
1424
1550
2259
1812
1024
2259
635
66
2753
2703
1030
489
2245
1683
1729
825
1729
769
2219
473
1648
2772
1336
1648
962
473
2657
2573
1136
1864
1369
1030
1182
1744
52
1720
2119
66
2259
1812
1024
2259
635
66
2360
685
910
1369
1030
1182
1744
52
1720
2119
66
2773
685
1369
2643
1729
2573
2227
473
1162
2043
2773
52
2753
1131
198
1030
2269
2326
795
2560
2753
468
503
2548
2362
2543
965
965
1297
1470
890
468
1498
2511
1498
2511
1022
2428
133
2063
753
773
1498
2511
2550
1498
2511
158
2476
861
753
2063
1396
2063
1851
2204
2660
2121
2585
299
1382
2213
2378
1913
1363
1498
2511
2063
543
2643
908
1798
1864
664
1923
773
556
563
2236
1340
1015
2360
1526
1039
1015
2528
556
2214
556
1697
1015
2554
2559
1561
1039
2214
1423
2204
96
2215
1206
773
289
556
2214
556
565
1561
1327
556
2214
1561
556
2624
2670
52
2528
2193
2193
2193
52
2428
2519
773
1720
1718
1383
2204
52
2362
793
793
2204
793
793
2426
2193
793
2193
2193
556
969
2193
793
221
1837
2528
556
2214
556
793
2528
2528
1053
1580
2528
2528
1837
685
685
2193
1580
685
2362
773
2265
1520
1343
2119
2560
2063
389
468
2204
2200
209
1424
1480
1498
2511
1923
1059
581
2753
773
2538
1713
1740
1196
2024
2198
1739
2050
594
1580
304
465
489
374
2753
1313
944
2527
70
944
2345
2204
2725
1870
1661
773
544
2204
1559
2263
503
1211
1720
151
1022
1336
699
1022
2180
938
1906
1327
100
1035
831
1035
1327
2269
2426
1826
2573
2269
2426
1826
1035
1035
1616
1035
910
1283
2239
1093
2240
399
1758
635
2120
1035
209
1424
1550
861
1355
827
100
635
2753
2269
2528
463
1279
1561
72
116
1561
1279
449
1327
72
1561
2772
100
1837
468
1480
2666
100
2288
498
1487
2265
753
116
1487
1757
2666
886
2360
2364
1498
2511
886
886
489
1479
773
1617
764
1035
2143
1035
886
1035
1510
2143
1035
910
1283
665
1303
100
1837
1327
2438
2362
2516
399
2426
1826
2030
1327
2010
861
1355
827
100
635
72
116
1561
1279
449
1327
1512
2143
1675
1396
773
1498
2511
753
1490
516
382
1837
1837
1837
1837
1327
1837
1327
1837
1190
1931
545
1490
1720
1969
2528
704
1297
2528
1520
910
585
1131
910
2265
2528
1511
2488
2209
209
1424
1550
2552
2426
2597
2269
2559
2247
1030
133
1913
1480
1498
2511
1480
2136
2559
133
1030
1687
746
2714
1720
1291
773
2352
2729
1030
2600
1128
1675
938
1030
2352
1093
272
2300
2204
1616
312
2786
1795
2612
2598
2679
2036
1093
2332
628
2269
1380
2554
2269
146
1920
2027
1580
704
96
146
2688
209
1424
1550
468
1620
2217
1913
1498
2511
1498
2511
2213
1363
1550
1297
706
2488
2389
2050
1554
363
403
468
1297
771
773
1913
1498
2511
1100
1498
2511
2567
1363
1139
2653
1022
2263
473
1890
2302
2769
1100
1498
2511
139
133
1670
1363
1758
2424
841
286
1136
1363
1022
1363
2213
1791
286
1136
346
472
2119
346
1022
1297
1343
2220
473
786
2424
2028
1060
286
1136
1363
516
1833
1791
1640
1363
472
346
1022
1297
386
1539
967
1102
1720
1155
746
2270
473
503
1155
503
2454
2769
2102
2550
333
827
2050
2548
740
1155
1363
346
1336
2589
2712
2364
1791
1155
910
704
118
1363
1022
2378
530
1791
1155
1255
516
473
1326
1363
1162
967
1155
1341
823
1363
463
1574
2332
286
1363
1139
1808
618
753
2060
346
1155
2060
2060
2332
727
1363
1406
827
1326
1136
2265
1539
1616
412
2559
2426
1812
2484
1022
184
2352
2729
1030
1045
272
2204
2616
455
706
2300
2030
2464
2616
1381
107
11
2500
2707
1320
1114
2616
2267
2336
479
1022
1759
2753
1555
1690
1155
1791
1640
2332
1022
479
2753
1022
1297
1022
150
377
2454
377
1022
150
377
2618
2414
2378
385
1648
2426
565
1326
1791
1935
472
1022
1326
479
2076
1791
727
1022
1255
31
618
753
1616
1054
2227
2753
1045
2550
377
209
1424
1550
468
1297
1676
2511
2204
884
908
997
2557
997
1870
2204
2711
314
2511
2204
1804
902
2557
2511
2204
1804
902
1795
314
997
1795
997
2204
2711
314
2511
2204
1804
902
2557
2511
2204
1804
902
1424
2511
2204
1298
2511
2204
1795
2511
2204
1795
2511
2204
932
2511
2204
1795
932
932
932
468
1498
2511
1424
1550
2360
2528
2200
2265
69
72
1162
2437
2528
289
2528
1733
1297
1363
1297
1913
910
2102
72
150
2193
355
98
69
2437
2528
2269
72
2449
69
955
473
938
2410
2766
69
955
473
2360
69
2269
14
938
2267
1867
2766
1341
2703
2265
2146
910
116
95
773
1520
2265
209
1424
773
1923
1944
1923
773
1022
1207
1490
704
95
2265
209
1424
1550
753
773
2511
2204
1754
384
15
209
1424
1550
2247
773
2204
2200
1430
1128
1131
209
1424
468
1128
2428
1490
1272
1479
1022
2616
346
1363
1297
1913
773
1363
209
1424
1550
209
1424
773
753
2257
2511
1801
1297
1671
1297
1261
592
975
2405
2212
368
2360
587
183
1721
2638
2364
975
240
2729
1030
1255
473
184
773
76
801
1244
1030
290
403
1653
62
793
2640
773
1042
529
923
473
708
1030
2245
1297
2323
1490
452
2390
1795
660
2381
773
1042
209
1424
468
2102
1504
2362
1695
150
299
2265
1238
2638
2364
2638
1355
2245
2618
2389
151
2227
1721
1757
473
185
2045
2263
31
1721
458
2643
1721
2329
2029
449
473
1336
1721
962
1030
1975
133
2600
2603
209
1424
1550
468
1498
2511
209
1424
1498
2511
2265
93
352
1226
737
221
880
1580
1561
2033
756
776
773
2593
930
1078
1479
773
1591
2405
630
2666
1903
2537
1591
2666
1591
773
184
1591
567
197
858
1131
2741
1480
2488
1275
1490
1093
974
2247
139
773
753
773
1480
1424
1550
1297
2248
1313
1523
377
2200
2204
209
1424
2671
933
1957
2366
2378
210
2265
2587
2245
119
377
2624
1406
2200
2204
2468
139
903
377
436
468
2093
1396
2362
2753
949
1720
1885
1721
131
827
86
2624
2753
1479
116
965
1721
677
1319
1975
1297
2347
1518
2426
2607
2426
2047
2607
2464
2426
2607
2426
2607
1773
2047
1826
2329
343
685
1826
878
343
1837
878
878
910
965
1407
2662
2481
1129
827
2753
965
1721
1327
965
1721
2503
1407
965
773
753
1297
209
1424
1712
2314
967
1320
1445
1155
2500
997
2751
1445
5
1445
503
2373
1445
503
1445
1181
1117
468
1498
2511
1363
1498
2511
503
1286
667
1837
178
468
1498
2511
2248
1396
1030
2204
1093
2597
2597
516
277
1275
1070
1327
2597
764
104
2426
2597
2475
1033
1896
299
976
2745
2204
2597
1208
2550
807
677
468
1498
2511
2511
2204
1520
2204
1030
2729
1480
468
2378
209
1424
1363
1297
1264
2643
209
1424
1297
468
1297
1424
1550
209
1424
1550
468
468
1297
2204
1945
75
718
1515
134
1515
1367
209
1424
1550
209
1424
1480
1498
2511
2213
1363
1498
2511
1498
2511
2476
861
1168
2063
2484
428
894
1131
1264
586
161
2278
894
569
2063
517
1090
1720
1297
2488
185
185
2753
428
1357
1303
1284
1880
1357
1561
1826
2753
1336
1336
490
1479
312
428
2278
1675
1498
606
1112
2598
2255
2548
317
101
1006
622
1561
2364
468
2221
910
1128
346
2221
2511
1913
1128
2247
683
2257
2204
1022
2063
2265
615
1396
2004
793
413
2671
1313
1904
394
1258
2624
1313
2511
2204
606
2725
1065
1313
1258
1060
2511
2204
793
2351
2351
2447
1036
2243
552
434
2351
2351
2447
1036
2243
2351
314
1036
2616
2243
2616
2351
2511
1432
1193
2243
2351
2351
552
434
2351
2351
606
2725
1065
2351
2351
209
1424
910
2265
1733
554
436
468
2265
149
607
2372
1064
657
1720
1345
431
96
2773
1014
1631
312
2543
1345
1297
921
1297
2360
588
2300
1476
680
2202
2308
413
224
502
793
2545
1648
910
1704
2308
413
224
1508
502
793
2545
1648
489
2362
1975
2362
352
2568
2543
1136
2426
1640
793
2406
756
2426
2426
793
1648
2193
2426
1944
2426
1944
1944
1561
1400
1327
2362
1416
1570
949
1733
328
1452
1544
2545
793
413
2214
136
2426
1805
2204
2362
716
1843
2753
1128
2608
1030
1192
2265
2753
1128
1363
1343
2216
1030
2668
2752
1329
2119
2214
2668
2124
2564
2257
2124
2204
1715
1720
2352
773
394
2593
2063
1022
2357
1313
2336
2543
1313
2227
2163
1589
278
1524
2265
178
60
1259
773
1767
2265
1426
2766
2766
2773
1867
776
231
2269
618
389
1407
2410
685
207
776
1957
1584
1045
2766
2528
685
207
1923
2204
1436
2542
2439
150
2787
628
925
2668
685
1812
86
2269
2352
1030
1854
2204
2352
1030
52
827
1136
2668
685
259
626
2204
1986
1068
2643
1144
1436
351
2439
618
1068
2265
1969
1342
1524
2753
1363
614
2265
522
1343
2269
1057
2426
685
2753
2347
1938
998
353
836
1758
2668
685
2204
1363
2063
2265
839
2063
2753
133
2332
2753
2753
1128
1131
753
773
1561
2269
685
207
1692
1343
2753
1567
2269
1490
764
472
1030
479
1922
685
2752
429
716
1175
1030
1383
647
1030
1490
704
1490
1030
494
1941
1229
2602
2010
1423
2119
2269
1490
1223
1229
773
1223
1727
1512
2088
2729
1030
2257
2511
2204
2487
2492
2487
630
1045
1363
1896
2352
1030
724
1913
1336
52
685
2513
2362
908
2204
2362
52
685
2513
2362
908
2204
2362
2753
1128
2608
2487
630
1343
1045
1363
1913
9
1030
902
2265
2268
1297
1913
1545
938
1532
2668
1620
1197
1620
1462
349
349
1336
775
516
2426
1136
2772
1508
1545
570
2530
605
468
1342
1128
1824
209
1424
468
1761
773
594
664
2517
2360
209
1424
1498
2511
753
773
1297
1498
2511
1424
1550
2136
2247
175
1931
209
1424
1297
244
2204
687
2528
990
1193
2566
2269
487
1093
1773
628
1297
2616
746
2616
1155
798
1036
2528
990
1193
2566
2269
487
81
1193
2328
2688
618
2372
1672
2616
251
2661
919
1061
2441
2398
684
910
2147
329
2616
1297
2269
487
1436
472
2550
2360
1720
2372
2269
487
1773
615
2428
1512
175
673
1530
316
1406
735
2727
565
1304
1093
1618
1286
1304
1093
1618
37
2170
1129
978
2753
978
1618
1304
1355
1304
1620
2753
771
1676
2170
1129
1734
1720
1728
2265
773
1223
773
1223
1030
2352
1030
2204
1030
2569
2300
1144
1620
1795
932
1452
1430
949
312
962
1986
316
2261
1620
2227
1890
1641
2139
1620
1255
2322
472
1030
2204
1030
2753
2608
1030
2399
2608
1620
647
1030
2196
192
1634
1773
615
2428
1414
2298
2753
489
38
2247
1175
2488
51
773
1720
773
773
2197
2197
1837
1986
1837
1837
1837
1837
1837
31
31
1986
1479
31
31
1479
1986
1837
1986
1837
1837
472
1030
773
468
2488
1030
2063
2265
2753
1128
2608
1030
133
472
1030
1913
1498
2511
2213
1498
2511
773
1430
2200
1548
1175
2352
1030
2550
773
1430
2423
2725
2198
2024
2245
1483
857
1180
1261
816
2349
1721
2204
1297
1754
1721
2550
1621
1721
1928
2204
2725
801
1463
2200
773
1430
2204
1200
770
376
2049
2163
2163
575
1365
305
2255
2511
2204
878
1717
884
2163
2428
1951
1776
1396
2511
1292
1292
1107
770
93
1776
2559
2745
2128
2163
2163
2384
2034
2063
1979
664
2163
2163
1704
1617
1292
1225
2360
2542
1365
2049
2163
770
770
664
770
770
2204
2047
384
770
2204
2075
770
2204
1945
770
2204
1718
770
2204
770
2204
770
2204
2725
770
2204
1200
770
2204
1387
770
2204
2542
2511
1432
770
2204
1498
1200
770
2204
770
2204
2725
770
2204
12
770
2204
738
770
2204
1717
770
2204
206
1490
770
2204
206
1490
770
2204
206
1490
770
2204
770
770
770
1365
2204
2047
384
884
770
770
770
1292
660
1776
660
660
2204
2047
770
576
2049
2511
2204
1913
2204
2047
1870
770
770
1292
12
1335
1776
649
2204
2047
770
770
1292
2672
1776
398
398
2204
2047
770
770
1292
202
1776
202
202
2204
2047
770
2370
2049
2511
2204
1913
2204
2047
384
15
1488
2598
2511
2204
2047
884
2204
2047
884
384
770
770
770
1365
2204
2075
884
770
770
770
1292
660
1776
660
660
2204
878
770
576
2049
2511
2204
1913
2204
878
1870
770
770
1292
12
1335
1776
649
2204
878
770
770
1292
1335
1776
1335
1335
2204
878
652
1053
770
1720
1487
2651
2604
1335
770
107
1335
770
107
1335
770
770
1292
152
1776
441
441
2204
878
770
2360
2187
441
770
770
1292
1335
1776
2204
878
652
1053
770
1720
1487
2651
2604
1335
770
897
823
2049
2511
2204
1913
2204
878
773
1335
770
107
1335
770
770
1292
152
1776
2204
878
770
2360
2187
441
770
770
1292
70
1776
773
773
2204
878
770
2360
1490
1795
770
70
2304
1507
2049
2511
2204
1913
2204
878
1870
70
93
1812
1490
1795
1430
2356
1508
770
770
1292
1717
1776
1717
1717
2204
878
2163
1717
100
2360
2193
1986
770
1365
1717
2049
2511
2204
1913
2204
878
1870
2204
878
884
1717
770
770
1292
2672
1776
398
398
2204
878
770
770
1292
202
1776
202
202
2204
878
770
2370
2049
2511
2204
1913
2204
878
1870
2204
878
884
1717
1488
2598
2511
2204
878
884
2204
878
884
1717
770
2370
2049
2511
2204
1913
2204
878
384
15
1488
2598
2511
2204
878
884
2204
878
884
384
770
770
770
1365
2204
1945
884
770
770
770
1292
660
1776
660
660
2204
1945
770
576
2049
2511
2204
1913
2204
1945
1870
770
770
1292
12
1335
1776
649
2204
1945
770
770
1292
1335
1776
1335
1335
2204
1945
652
1053
770
1720
1487
2651
2604
1335
770
897
823
2049
2511
2204
1913
2204
1945
932
1335
770
107
1335
770
770
1292
152
1776
441
441
2204
1945
770
434
902
2049
2511
2204
1913
2204
1945
1870
1840
770
770
1292
1335
1776
2204
1945
652
1053
770
1720
1487
2651
2604
1335
770
897
823
2049
2511
2204
1913
2204
1945
773
1335
770
107
1335
770
770
1292
152
1776
2204
1945
770
434
902
2049
2511
2204
1913
2204
1945
1870
773
1840
770
770
1292
70
1776
773
773
2204
1945
770
70
2304
1507
2049
2511
2204
1913
2204
1945
1870
70
93
1676
2511
2204
1945
1490
1795
1430
2356
1508
503
2373
2107
1812
1490
1795
1430
2356
1508
770
770
1292
2294
1776
2294
2294
2204
1945
770
770
1292
2672
1776
398
398
2204
1945
770
770
1292
202
1776
202
202
2204
1945
770
2370
2049
2511
2204
1913
2204
1945
1870
2204
1945
884
1717
1488
2598
2511
2204
1945
884
2204
1945
884
1717
770
2370
2049
2511
2204
1913
2204
1945
384
15
1488
2598
2511
2204
1945
884
2204
1945
884
384
770
770
1292
2294
1776
202
202
2204
1945
770
1594
1155
1754
1207
770
770
770
1365
2204
1718
884
770
770
770
1292
660
1776
660
660
2204
1718
770
576
2049
2511
2204
1913
2204
1718
1870
770
770
1292
12
1335
1776
649
2204
1718
770
770
1292
1335
1754
773
1297
1790
1166
664
1520
503
2300
2507
1006
2039
2414
2267
2336
1896
2458
1562
2265
2245
660
773
2204
2249
1520
503
468
2204
770
376
2049
2163
2163
575
1365
305
2255
2511
2204
878
1717
884
2163
2428
1951
1776
1396
2511
1292
1292
1107
770
93
1776
2559
2745
2128
2163
2163
2384
2034
2063
1979
664
2163
2163
1704
1617
1292
1225
2360
2542
1365
2049
2163
770
770
664
770
770
2204
2047
384
770
2204
2075
770
2204
1945
770
2204
1718
770
2204
770
2204
770
2204
2725
770
2204
1200
770
2204
1387
770
2204
2542
2511
1432
770
2204
1498
1200
770
2204
770
2204
2725
770
2204
12
770
2204
738
770
2204
1717
770
2204
206
1490
770
2204
206
1490
770
2204
206
1490
770
2204
770
770
770
1365
2204
2047
384
884
770
770
770
1292
12
1335
1776
649
2204
2047
770
770
770
1365
2204
2075
884
770
770
770
1292
12
1335
1776
649
2204
878
770
770
1292
1335
1776
1335
1335
2204
878
652
1053
770
1720
1487
2651
2604
1335
770
107
1335
770
107
1335
770
770
1292
152
1776
441
441
2204
878
770
2360
2187
441
770
770
1292
1335
1776
2204
878
652
1053
770
1720
1487
2651
2604
1335
770
897
823
2049
2511
2204
1913
2204
878
773
1335
770
107
1335
770
770
1292
152
1776
2204
878
770
2360
2187
441
770
770
1292
70
1776
773
773
2204
878
770
2360
1490
1795
770
70
2304
1507
2049
2511
2204
1913
2204
878
1870
70
93
1812
1490
1795
1430
2356
1508
770
770
770
1365
2204
1945
884
770
770
770
1292
12
1335
1776
649
2204
1945
770
770
1292
1335
1776
1335
1335
2204
1945
652
1053
770
1720
1487
2651
2604
1335
770
897
823
2049
2511
2204
1913
2204
1945
932
1335
770
107
1335
770
770
1292
152
1776
441
441
2204
1945
770
441
1840
2686
770
770
1292
1335
1776
2204
1945
652
1053
770
1720
1487
2651
2604
1335
770
897
823
2049
2511
2204
1913
2204
1945
773
1335
770
107
1335
770
770
1292
152
1776
2204
1945
770
441
1840
2686
770
770
1292
70
1776
773
773
2204
1945
770
70
2304
1507
2049
2511
2204
1913
2204
1945
1870
70
93
1676
2511
2204
1945
1490
1795
1430
2356
1508
503
2373
2107
1812
1490
1795
1430
2356
1508
770
770
770
1365
2204
1718
884
770
770
770
1292
12
1335
1776
649
2204
1718
770
770
1292
1335
1776
1335
1335
2204
1718
652
1053
770
1720
1487
2651
2604
1335
770
897
823
2049
2511
2204
1913
2204
1718
932
1335
770
107
1335
770
770
1292
152
1776
441
441
2204
1718
770
441
1840
2686
770
770
1292
1776
2521
2204
1718
770
770
1292
1335
1776
2204
1718
652
1053
770
1720
1487
2651
2604
1335
770
897
823
2049
2511
2204
1913
2204
1718
773
1335
770
107
1335
770
770
1292
152
1776
2204
1718
770
2360
2187
441
770
770
1292
70
1776
773
773
2204
1718
770
70
2304
1507
2049
2511
2204
1913
2204
1718
1870
70
93
1812
1490
1795
1430
2356
1508
770
770
770
1365
2204
884
770
770
770
1292
12
1335
1776
649
2204
770
770
1292
1335
1776
1335
1335
2204
652
1053
770
1720
1487
2651
2604
1335
770
897
823
2049
2511
2204
1913
2204
932
1335
770
107
1335
770
770
1292
152
1776
441
441
2204
770
441
1840
2686
770
770
1292
1776
2521
2204
770
1250
168
75
2049
2511
2204
1913
2204
1870
1840
2511
15
770
770
1292
1335
1776
2204
652
1053
770
1720
1487
2651
2604
1335
770
107
2713
770
107
1335
770
770
1406
96
1030
2476
285
2063
2265
1030
1465
281
312
2088
1022
209
1424
773
1430
2200
1548
1739
2585
1406
299
2265
1131
925
807
39
1957
1209
1022
2068
1022
2598
1676
773
328
1520
328
187
2198
992
187
2708
1739
2421
617
1520
2725
2708
2356
1117
503
2083
2038
555
1882
823
1490
1223
1424
1550
1817
2204
318
1877
661
1817
2204
468
1498
2511
1424
1550
160
2666
468
2488
468
1480
1498
2511
209
1424
1550
209
1424
1297
999
1423
2543
1006
2550
1155
2428
2118
773
1485
770
253
773
1298
1498
2511
209
1424
1498
2511
346
1363
1957
877
2671
1130
1032
2454
793
468
1498
2511
2257
2511
1846
818
2428
1030
1616
1189
2428
997
2259
1559
1030
591
2538
1272
1128
2204
1498
2511
2494
993
2550
1498
2511
2204
302
1214
2216
272
1030
2265
96
1957
1498
2511
2204
1913
2204
2725
932
2511
2204
1022
1671
1671
1424
1030
2687
818
1381
1405
1620
910
1336
1503
967
997
910
1087
2675
2193
2632
2433
1861
1258
2743
374
1006
1863
289
1405
768
2684
2390
2549
2300
2684
272
807
1034
837
614
2204
1030
2687
1974
1034
185
2681
2103
1109
2204
1030
2687
2265
1405
1773
2259
2736
997
773
2538
1713
910
1728
2600
1030
773
2538
1297
1498
2511
1639
2307
1162
773
2245
1721
382
801
1733
1693
2265
473
1890
377
31
1158
773
628
131
827
746
221
1812
1139
1363
323
346
1022
1400
118
131
2426
251
2426
2597
1561
1643
1022
1812
1791
377
2454
2769
1757
1139
673
913
2323
1139
2248
2323
272
842
377
834
31
1280
773
1520
2305
773
618
1616
2484
221
1773
1812
2119
615
1022
644
2265
910
374
2300
139
773
618
229
131
827
861
2178
773
2204
1336
1855
131
827
1935
1044
2362
997
932
314
2381
1283
882
882
314
314
831
314
831
1837
2511
2204
2511
2204
2511
2204
1022
1022
2511
2204
1022
1022
2511
2204
1022
1022
2511
2204
1022
1175
1022
2511
2204
1022
2511
2204
67
1022
2511
2204
67
346
2511
2204
67
346
2511
2204
67
346
2511
2204
67
346
2511
2204
2725
1022
2362
209
1424
2414
2550
1274
920
908
2204
1145
1498
2511
2543
2616
139
827
229
2204
773
1274
2204
1145
908
2204
1145
2362
997
932
314
2618
2329
855
2511
2143
2511
1327
2511
2511
2204
2511
2204
67
2511
2204
67
2511
2204
1022
346
2511
2204
1022
2511
2204
2511
2204
67
2511
2204
1022
346
2511
2204
1022
2511
2204
2511
2204
67
2511
2204
1022
346
2511
2204
1022
346
2511
2204
1022
2511
2204
1022
2511
2204
1022
2511
2204
67
346
2511
2204
67
346
2511
2204
67
346
2511
2204
67
346
2511
2204
2725
1022
2511
2204
2284
221
2511
2204
793
161
2511
2204
793
161
2511
2204
2284
161
2511
2204
793
161
2511
2204
793
221
2511
2204
2511
2204
2226
2362
2476
861
605
740
721
131
827
1220
570
656
2607
1795
473
1261
31
2410
2204
1795
66
31
67
2426
1721
2381
1680
626
31
1175
2362
997
932
1166
314
2381
1283
1166
1721
1804
1166
1721
1166
1721
2511
2204
2511
2204
2511
2204
2511
2204
972
2511
2204
1298
2511
2204
1795
2511
2204
1795
2511
2204
932
2511
2204
1795
932
932
932
1261
314
2381
1283
2783
2783
1773
1773
2511
2204
2511
2204
1773
2511
2204
1773
1166
1721
802
1166
1721
1166
1721
1804
1166
1721
1804
1166
1721
1804
2362
2247
2265
493
2204
1519
1672
1189
2257
1896
2511
1930
2204
1671
469
1776
1580
1189
1189
2050
131
827
1342
1421
1143
1762
1620
2745
585
793
503
209
1424
1550
468
1498
2511
2543
1327
2387
321
1498
2511
760
2119
965
1539
1967
1600
1343
2360
2204
333
2426
1720
2204
1795
2387
1526
2204
1795
2386
704
849
1918
1445
1758
2012
232
1445
1741
479
2750
1758
1918
2360
1445
448
35
2750
2362
1544
2441
2750
2750
2362
472
374
605
183
2387
1423
1918
702
2204
2743
1795
565
1741
1921
262
1155
1297
2213
1621
1437
1654
880
2311
1437
1654
880
1720
2332
773
1336
983
1327
1045
2200
318
1498
1523
1371
1720
967
964
2462
2618
489
967
964
2560
190
2205
2362
2618
2389
555
2267
1440
545
611
161
2618
504
990
2507
939
2263
1359
912
1988
1963
1371
468
1498
2511
1367
1654
1155
2507
1255
1890
920
35
1654
1155
2507
1913
706
1963
65
2777
2265
2204
2712
1083
457
2001
239
1045
2067
2356
725
2328
503
793
191
800
1925
2328
1359
1371
504
1654
1155
2507
1371
95
2265
449
2618
1019
1529
2245
2449
2304
1720
2719
991
1580
2719
2480
2642
2618
1307
997
92
2740
2550
1498
2511
1801
1297
1671
1297
1810
1263
96
529
1963
304
555
1320
2439
2591
1053
304
555
1320
2439
2591
1053
1963
793
1320
2712
1083
725
1796
96
740
504
1654
1155
2507
209
1424
1361
2618
1650
967
234
1076
1580
1255
802
2476
1963
2571
1189
2428
910
1672
1963
2778
185
1297
753
1437
1654
880
1580
1561
2753
656
1155
1327
183
2001
239
2067
490
306
793
1320
2182
33
1654
1155
2507
2502
470
2742
2428
1263
1963
1102
490
306
1654
479
1418
1313
1821
1155
2507
1102
2502
1672
1963
2778
185
1343
1894
1963
1501
1117
2559
1143
1238
2204
773
1498
2511
468
1498
2511
1424
1550
209
1424
1767
1075
1639
2204
1030
1297
910
116
382
1479
773
2352
685
2063
2360
773
2645
91
2204
685
1568
1946
2062
624
1357
1526
1570
2386
704
1780
1136
2062
1346
545
793
1837
2535
938
468
1297
2403
2062
624
116
1297
753
773
2265
773
1520
2414
2550
209
1424
1550
468
1913
1363
773
1297
2265
1692
1145
773
593
1274
2532
2063
1145
2769
2247
647
2550
1128
116
2265
60
1757
2225
1768
1524
2646
1001
1733
1727
593
1490
1812
1250
2017
2225
1768
1923
436
1342
1131
773
1720
1757
191
827
827
1720
2743
1757
773
2593
1490
1145
925
1250
2017
2646
1001
1923
484
1001
1250
150
2336
618
1896
773
997
1392
997
2511
1718
2511
1339
575
1155
1022
1297
1412
1297
2511
1022
479
2221
374
1558
2028
2189
753
773
1343
1986
804
2257
2204
1022
2063
2265
615
1396
133
2550
1297
1128
116
95
2265
1131
120
592
753
186
592
2769
2680
1490
306
1524
2204
109
592
1676
1567
2265
44
2204
2247
770
1131
2550
2093
2628
773
2299
2063
1139
910
2487
2550
2221
2257
2204
1022
1155
210
1143
1812
553
1399
1274
2389
1892
468
1297
2213
1363
1297
209
1424
1550
2426
1462
352
1785
2204
352
394
1479
978
709
300
1
921
2542
1006
2204
339
1498
1523
967
1046
864
764
2426
1826
2426
1826
1498
2511
753
569
2769
295
773
2426
52
2426
1462
352
864
2426
764
2426
1826
394
2426
1462
1258
1261
2426
2628
1299
2426
352
131
827
394
980
1133
1411
352
2001
2428
753
2426
1975
998
178
939
563
2362
2362
2360
1046
864
764
131
2426
118
2093
773
2246
2691
246
773
1205
2474
1138
2093
2691
1957
2661
1472
2265
503
2753
290
773
1574
234
362
1469
2200
2740
1196
801
1457
377
2426
1611
2748
760
2651
1102
11
2484
1102
773
1520
281
326
773
2616
2257
1896
2511
1930
2204
1671
469
1776
1580
1189
1189
1313
932
2651
2748
1327
770
932
1664
770
932
60
1498
2511
1923
436
2753
1490
1343
2039
594
115
2550
333
2426
2743
2255
2204
1547
997
1297
2454
1022
1297
1243
1297
1296
1079
1956
1077
2454
2372
1297
1243
1297
1022
1297
2476
1243
1297
1987
1367
2372
1297
1093
1022
1297
1022
1254
2372
1297
2119
1022
1297
565
2372
2119
1297
1243
1297
1987
635
1243
333
827
2519
1819
1243
1297
2664
2466
1243
1297
1987
1993
1920
967
1320
1243
2550
1987
565
2067
1343
1490
1348
2670
1243
2300
1987
1143
1536
1237
2484
2426
2093
2077
1243
571
2378
1987
2454
925
1243
122
2550
1987
967
1320
1859
694
442
2550
1594
925
122
2550
1690
2204
1341
815
1143
171
2300
2584
333
2426
122
2550
1987
2550
2584
333
2426
122
2550
1987
2753
1692
198
2224
1243
2378
1104
1617
2378
2454
2372
1297
1987
2227
1987
2378
635
122
2550
1987
436
1143
1536
122
2550
1987
967
1320
1651
479
2372
1297
1139
1100
122
2550
1594
2550
753
773
1343
771
1498
2511
1498
2511
2550
122
2550
1987
967
1648
1045
150
377
139
2178
1490
2769
122
2550
1987
436
1143
1207
773
753
1424
1550
2213
1363
1297
1498
2511
1424
773
2063
1913
1297
1498
2511
2729
1030
2362
2204
2725
2269
932
2511
2204
2528
932
2511
2204
2528
1297
932
2511
2204
2528
2651
1837
2478
565
2269
1075
2542
481
2528
170
2269
2528
1511
1253
806
1999
2269
2090
2668
955
1128
2740
2616
128
1795
1892
565
2269
932
2511
2204
2528
932
2511
2204
2528
1297
932
2511
2204
2528
2651
2511
2204
2528
2511
2204
2528
2269
2511
2204
2528
2511
2204
2528
1400
289
737
883
806
2269
969
89
965
965
806
2362
1297
1297
955
1720
2269
2772
1480
2362
490
2528
647
990
1902
1902
2747
2346
150
2454
2598
884
2183
1084
52
2183
2528
1902
2528
2090
2668
2668
2668
150
2454
2598
884
2528
1902
118
2668
2668
1058
2269
1826
2269
1826
1837
2362
2120
2766
52
485
2240
850
1088
883
2528
2444
772
1862
2766
2362
2766
2362
1093
2548
1867
827
776
2766
464
797
706
1676
449
2068
2528
1166
1426
2360
827
1676
2528
2360
1812
2740
910
281
476
2766
2255
2766
2766
2766
1088
1852
2753
2068
2528
503
2766
2255
636
1327
2056
1059
1088
1867
827
776
2766
464
797
706
1902
1426
2766
1349
2350
1315
1320
1720
561
2400
2269
2769
2065
1840
1833
1336
1862
561
910
2543
2362
1058
2269
1826
2269
1826
1837
2269
2090
2668
955
1128
2740
2616
128
1795
1892
565
849
1648
2691
2368
2668
2668
955
965
2360
485
516
150
2454
2598
884
118
2269
2090
965
2595
118
2668
2668
118
2528
1902
1841
2629
2731
1902
2269
1902
2528
1902
1841
1837
1902
490
2528
2668
955
2269
1902
1902
2269
1902
150
2454
2598
884
2183
1084
52
2183
2528
1902
2269
1902
2766
1053
2528
86
1327
2772
2350
1648
1320
2345
1315
2766
1648
2349
2183
86
1327
2772
2350
1648
1320
2345
1315
1867
962
1327
1707
2668
2668
2668
1540
2550
988
2269
2686
2668
2068
769
2450
170
2119
2668
2068
2528
1511
2183
921
1648
1015
2426
955
86
962
965
1003
118
955
2349
1561
1826
955
1837
969
2214
2362
2753
1479
2200
1297
1297
2204
1030
472
1030
2240
2269
27
2454
1785
209
1424
1550
1415
545
2192
606
606
339
1712
2300
1343
1336
290
2075
545
1730
1297
244
1479
1999
1639
1941
2269
2542
481
2528
170
2269
2528
1511
128
1253
806
2542
1477
788
2643
2548
1479
1561
2668
449
207
2528
1400
2128
2269
2753
1156
1477
788
788
757
1720
2653
2183
1477
788
2300
2528
2269
2550
1483
2729
1297
932
1793
585
2608
1030
4
961
2257
2204
2727
2204
2204
2725
932
2511
2204
2269
1561
434
148
2245
224
1343
1794
2204
2204
1030
537
1398
811
544
1311
468
2204
468
832
1550
1128
2777
2204
1128
2204
2063
2265
988
1550
486
1037
921
2265
436
920
1720
773
2265
1269
910
1128
1131
676
1496
96
2265
2063
2265
842
1550
2265
2492
2777
2204
819
2265
773
2245
1892
389
334
426
2362
314
2511
2481
2511
2481
2511
2481
1795
1773
1819
2441
1795
347
347
1795
314
997
1795
997
2362
2362
2511
1428
2511
2481
2511
2481
1795
1773
1819
2441
1795
347
347
1795
314
997
1795
997
2362
2362
2511
2481
2511
2511
2511
2481
2511
2481
2511
2481
2511
2481
2511
2481
1795
1773
1819
2441
1795
347
347
1795
314
997
1795
997
2362
468
1480
773
1424
1679
1626
1323
1735
2360
906
2300
31
746
1030
773
2729
1030
2028
1355
772
2587
2204
2269
1286
2600
468
2247
1030
2600
1022
1603
910
133
209
1424
468
1685
1215
2528
910
1574
485
861
836
109
1343
1570
2204
1030
735
1275
2204
2240
1400
553
2550
2345
716
1175
1030
133
930
1030
1975
1490
2588
1490
160
1852
1852
1030
2200
2465
1498
1523
910
1093
2589
984
1561
1366
753
2616
1220
1490
2548
185
805
2204
46
468
1913
1363
2552
1477
788
2245
2300
1396
1015
2246
1902
1841
1906
1015
2543
984
1906
1561
2246
374
2178
2246
1015
230
1561
2269
2300
1902
1841
2428
1425
1501
26
2782
2300
2457
2204
1128
1557
2352
1030
2734
1175
1106
1913
1259
1490
1902
723
1718
1144
1852
39
2753
807
2528
938
2616
1561
1852
1718
1852
116
1131
1030
2428
2352
1030
1570
2247
2600
1030
1561
1561
711
1648
489
26
2300
2457
2661
1326
2488
1957
2269
1524
2248
2528
1902
2345
1720
357
2703
2265
1524
2265
1326
2488
1343
2269
1902
1852
279
1561
2269
850
2269
2269
1617
2753
2539
2265
2204
57
2269
1561
251
1501
1220
207
1906
51
2269
794
2668
72
1561
2437
2309
72
2048
827
2528
910
2269
2528
2753
2528
1511
1343
1638
289
615
2204
1326
2307
1297
1297
1913
1297
1363
1030
984
1561
1623
1378
2753
2766
1561
1015
984
2528
2504
185
2766
2753
702
160
306
2528
1718
1144
1852
39
2753
807
2528
1275
2240
1030
794
1923
773
823
1561
170
210
468
1363
1030
1175
1106
1913
1093
2282
2245
2360
1561
251
1852
984
1561
2246
57
2269
1561
251
1501
2671
2428
2559
2269
1561
1320
703
1561
60
2269
1480
2247
773
2265
314
876
2666
2511
1718
2754
2026
2666
634
634
2666
634
1327
1837
634
2666
2666
634
773
1030
2247
1030
1604
773
842
2600
2352
1030
2539
2265
1559
656
1030
2352
773
472
1030
773
209
1424
2352
1030
382
684
185
1175
1030
760
2574
2550
2528
1024
2068
910
706
823
890
902
2265
1192
2265
253
773
1144
664
704
1030
1975
1343
1250
773
65
2424
2362
2542
2366
2597
1015
2757
2268
2247
2498
2715
2204
2265
1754
773
1913
773
773
1520
131
2426
2102
684
1561
1024
2030
2664
401
2204
2204
1505
1150
1746
1500
635
754
1130
1500
1327
2247
1297
1913
1297
1363
902
2265
1192
2265
253
773
1144
664
704
2063
652
1455
2679
2200
1189
1030
2528
2668
615
2339
2597
443
289
2668
556
2236
685
1369
1193
556
833
2236
685
1369
1193
556
1193
1660
556
1898
1561
2528
2362
556
2362
2528
1511
980
1561
1837
2006
2717
2288
1336
953
1030
65
1896
1368
1665
1327
726
2093
2454
2362
2772
959
1837
35
2362
468
2484
1561
2772
569
2597
1015
2213
666
1837
1561
1758
468
2265
2772
2597
1826
2528
1511
2426
2047
131
2426
1561
2600
1030
1975
1545
2248
1030
2593
910
1131
1128
1110
2543
2542
2691
2567
1837
1128
1022
1030
2231
2265
2330
503
2608
2231
842
2426
1616
463
2426
2753
1616
116
131
827
2476
861
605
2515
773
2362
773
221
1144
1648
191
1239
685
1144
685
2419
1648
139
1561
430
2419
685
1837
139
2426
139
221
1223
864
131
2426
2042
126
2362
605
1381
1757
1515
895
207
1940
2362
773
2047
131
221
1144
1648
191
1239
685
1144
685
2419
1648
139
1561
430
2185
2419
1837
139
2426
131
2028
2047
2426
131
139
221
1223
864
131
2426
2042
126
2362
1616
139
1209
2068
184
1336
2047
2028
1597
2360
1187
1061
842
2426
1616
463
2426
2753
1616
116
131
827
2476
861
2127
2753
618
1616
1093
394
1097
2028
1616
921
1156
2235
2028
331
1253
1640
667
1479
1847
1187
1371
1187
131
2426
1462
793
816
139
1371
639
1183
2500
1209
1509
864
1357
139
184
618
605
1320
2028
618
139
374
1704
171
2028
357
1104
1187
1795
471
1896
34
1479
1097
2028
1102
1462
618
1400
2193
2193
1357
753
793
2028
1223
209
1424
1550
139
1209
2068
184
1336
2047
503
244
2735
139
816
139
1870
2467
921
2735
139
1209
184
471
1148
51
1209
1648
2421
2193
1357
139
150
910
139
618
2193
299
976
2441
2398
51
2043
1357
1053
1396
1320
1357
139
2426
921
864
1396
2200
1015
1357
1006
120
2782
1396
816
503
244
2735
139
816
139
1870
1180
2089
816
139
2426
1631
1175
184
1650
2426
1209
1175
1187
131
2426
1462
793
816
139
883
139
816
368
1616
1462
2028
816
1865
810
1209
2205
910
2028
618
1351
2587
2398
1821
2550
2028
1640
1653
1870
2587
51
1209
1648
2421
2193
1357
139
150
910
139
618
2193
2745
51
2043
1357
1053
1396
1320
1357
139
2426
921
864
1396
2200
1015
1357
1006
120
2782
1396
816
2476
861
1175
1904
463
184
2426
1616
649
2360
816
463
139
816
809
1187
2426
2042
2213
1363
1498
2511
1396
2071
1561
1826
753
804
2323
2119
468
1913
1498
2511
2352
2063
615
773
906
962
2148
1336
1837
2340
2628
1975
1817
2204
1030
2247
773
1424
1370
2265
1781
938
2691
1611
1604
2691
1611
869
902
2691
1611
1635
869
1757
503
902
2543
705
1342
1162
2170
1129
2661
1545
1758
1073
1604
2598
1984
2632
969
118
2727
1140
2519
2646
902
150
1507
2691
2481
1720
2197
902
1826
1192
2612
2214
1428
2616
116
150
1507
2691
2481
649
2646
2734
1618
414
968
160
962
118
2138
1428
2612
1004
2734
1616
1030
2299
954
1128
2608
339
1855
2691
1611
109
2542
1064
2441
109
1343
2204
2399
2608
2769
1343
1462
2454
2769
1058
333
1561
2426
2406
2426
2691
1611
1448
1170
1521
1355
333
2220
150
185
2530
1437
150
1507
2753
1433
1129
1672
713
2542
1129
1145
1452
2337
2224
2111
1818
2691
2481
2395
1586
1818
2691
2481
2545
1984
116
420
333
827
1818
2691
2481
1986
1355
370
2691
2481
2170
316
2452
339
185
518
530
420
1170
2753
2521
1145
2485
333
827
116
1758
1448
1170
1818
2703
902
150
2598
1058
2753
794
2598
770
1618
902
1676
1192
2612
333
902
1530
615
819
1986
1355
1428
2612
1795
1873
1986
1355
576
316
1640
1355
902
1648
505
193
1343
2119
488
864
1355
2734
2564
1428
2753
2245
1609
1604
2753
1815
1304
271
872
1919
2354
1283
1168
740
753
2550
753
2616
1757
2632
362
2323
1030
2399
2608
1128
2608
2336
2542
1757
2632
969
230
2226
935
978
1547
2214
230
2566
1428
2612
2753
1547
2632
969
1652
1547
316
518
1155
316
1428
2616
2099
316
1241
503
2454
1343
2223
562
1652
1639
2753
1128
2608
185
1975
1561
2597
2209
278
2200
773
2204
2725
1490
2362
2236
685
1193
1826
1791
2362
2554
1791
2772
641
773
2511
2725
2528
773
2511
2204
2528
2139
2554
2426
176
1791
1826
1791
1826
1791
2554
2426
176
773
1826
1826
773
1826
116
2247
468
1297
2300
773
1545
34
1144
1829
685
355
1826
1791
2772
1826
1791
2236
685
1193
1826
1791
2772
209
1424
1923
773
1498
2511
2239
1795
1490
2204
34
1498
2171
1458
1458
91
773
2528
2362
1826
2528
773
1826
2362
801
1520
2204
2542
2204
2247
773
773
2511
2725
2528
2528
289
2362
1826
1791
2362
128
2772
2426
176
1791
289
2362
1826
1791
2362
128
2772
2426
176
1791
1692
1284
1355
1458
1325
1487
1498
1458
1458
1458
1408
1396
1284
1676
773
1520
1520
2204
2362
773
1826
221
2528
1826
2528
773
1826
1826
773
1826
2528
1520
773
1826
2362
641
2454
1423
2204
1206
1682
1704
1423
1795
789
377
1801
2598
2278
133
1498
606
1112
377
1801
1498
606
1112
112
2538
1836
1244
1812
808
346
2300
1175
2550
773
1223
2389
1059
468
1498
2511
1363
1498
2511
2593
1030
1975
1617
1490
1253
2362
1136
2626
1301
51
2300
2593
978
1343
910
2593
1526
1988
2437
1739
812
2320
1331
209
1424
773
647
2027
1030
2753
1059
2265
2300
657
1116
1367
2300
773
2304
1175
1030
1363
1754
773
377
1298
1498
2511
2146
702
1298
910
1131
1793
377
1298
2511
2204
503
2373
2107
2538
314
1726
2645
1223
2645
2645
2645
2645
2645
2645
2645
2645
2645
2511
2204
1754
773
377
1298
1498
2511
2538
773
1795
1520
1740
1081
1336
751
1270
2691
2204
1923
377
1298
197
1095
2362
1295
346
2550
197
2481
1399
2511
2204
1718
2511
2204
1718
2511
2204
2284
2511
2204
2284
221
2511
2204
793
161
2511
2204
793
161
2511
2204
2284
161
2511
2204
793
161
2511
2204
793
221
2511
2204
347
1795
314
997
1795
552
434
1261
2511
2204
1718
1295
346
2550
197
2481
1399
2511
2204
346
2511
2204
377
346
2511
2204
377
346
2511
2204
377
346
2511
2204
2725
1022
2511
2204
2284
1022
2511
2204
2284
221
1261
2511
1718
2426
773
131
2624
2138
377
2258
773
131
965
965
1826
965
1826
965
1826
965
1826
965
965
1826
965
1826
965
1826
965
1826
965
1826
965
1826
965
1826
965
1826
965
1826
965
1826
965
1826
965
1826
965
1826
965
1826
1826
1826
1826
1826
1640
2138
969
969
2214
969
2214
969
2214
969
2214
969
969
2214
969
2214
969
2214
969
2214
969
2214
969
2214
969
2214
969
2214
969
2214
969
2214
969
2214
969
2214
969
2214
969
2214
2214
2214
2214
2214
965
965
1563
965
1563
965
1563
965
1563
965
965
1563
965
1563
965
1563
965
1563
965
1563
965
1563
965
1563
965
1563
965
1563
965
1563
965
1563
965
1563
965
1563
965
1563
1563
1563
1563
1563
1297
2511
2204
377
1022
1022
2511
2204
377
1022
1022
2511
2204
377
1022
1022
2511
2204
377
1022
1022
2511
2204
377
1022
1022
2511
2204
377
1022
1175
1022
2511
2204
377
2461
2511
2204
377
2461
2511
2204
377
2461
2511
2204
346
2511
2204
346
2362
998
1309
752
759
1078
1971
160
1983
2204
1476
2265
1820
1223
716
2517
1128
468
1175
1030
2204
1795
2443
1223
2362
314
150
150
150
1726
2511
2511
1648
2511
2204
67
2511
2204
67
2511
2204
67
2511
2204
2511
2204
67
2511
2204
67
2511
2204
67
2511
2204
67
2461
2511
2204
67
2028
2511
2204
2725
2028
2511
2204
2725
1102
1175
2511
2204
2725
2362
209
1424
1550
468
1297
1424
1550
1297
1363
1297
1913
1149
2410
131
827
1650
685
2548
764
2426
2197
1479
1836
581
176
1561
51
1547
776
1327
2358
2426
374
827
1650
685
864
2426
1566
1479
1836
1561
776
1327
52
1592
1144
2766
1015
910
2204
1758
1984
1326
2426
2404
794
2517
2352
2204
2488
468
2766
2410
1462
2204
1297
1913
489
1030
2550
514
10
1773
2153
2585
389
1892
2359
1567
1773
2153
250
2362
2300
514
2156
2420
628
925
1711
2087
1286
906
2543
2030
2127
183
514
2300
1336
1456
753
1407
1801
906
175
1030
906
1801
1030
781
503
1547
10
1773
2153
2247
1030
2550
514
1030
1696
2156
1568
1826
1283
906
86
851
1030
1696
2156
1568
503
1975
906
468
1480
1498
2511
1424
1550
2204
2417
1232
2426
2597
264
1626
1396
2481
603
1836
349
2426
395
2548
1836
2193
1987
555
2336
1718
1022
1759
2269
487
2753
2193
1836
618
1718
1509
1811
2336
890
349
702
1733
1733
2753
1342
1653
2285
272
244
752
1836
2193
1526
1836
131
2426
3
65
607
779
116
1066
131
827
503
1144
1617
1065
1479
2567
1836
2691
2454
1232
2426
251
938
1584
2769
2548
2687
1342
272
543
251
1836
2691
683
349
515
1836
1015
41
618
2769
1342
706
1733
2753
1342
1653
2285
1440
1826
607
1232
2426
251
2426
2059
2362
908
2362
2753
2267
1961
1233
1836
251
2753
2604
1836
1015
2604
349
1836
368
2336
1704
2071
618
2441
1836
2204
131
1561
1070
1720
1836
2426
1745
312
478
2661
772
2204
1232
2426
2597
264
1836
2193
1626
1396
2481
910
2729
272
2269
1380
1739
804
1371
1836
1015
2604
1371
2604
457
2661
2703
2511
2204
2754
2249
684
1070
1720
1836
2426
546
2545
516
1120
2039
1071
2362
851
1232
2426
251
185
1537
2001
2550
1656
951
1479
223
1232
2193
264
1836
2193
1626
1396
2481
1836
2193
988
2063
2728
665
503
2352
2204
2338
1036
2550
2204
1030
479
2347
770
1561
251
2542
1015
1617
2247
553
1480
794
475
470
1840
662
2470
2434
2294
994
2294
971
2753
1093
1432
930
1078
804
794
613
2753
2486
2434
112
1334
2233
468
2559
1267
1297
1394
2470
2120
209
1424
1070
760
244
503
1552
2357
1022
1462
1591
2533
1283
2470
2263
2265
2673
516
2753
2703
2500
2265
1030
1545
1640
1030
1297
368
927
1712
2028
2265
2204
116
615
2624
1826
1996
1836
1904
1975
784
2227
2010
2426
1415
1449
2265
2091
1105
2703
2098
2767
2441
1403
2077
1424
2729
938
1653
1030
1343
1864
1490
1030
65
2207
2265
1030
318
773
1223
2584
2419
1209
150
1336
2296
2753
1268
1675
2589
816
146
2396
131
2624
615
65
1253
753
131
1269
1415
2300
618
41
1206
938
2661
2497
1826
41
1336
2122
869
1580
928
2227
2589
928
2122
869
1357
965
1411
1567
2204
1704
1490
1754
2226
1175
1030
1795
468
1498
2511
1261
278
2196
936
2500
2063
2476
96
1556
2426
2226
440
1670
1064
2717
1025
1440
827
618
2428
497
1826
1606
1030
1520
1313
1734
773
2769
1357
1773
1093
497
2204
2265
209
1424
1550
2729
2550
773
209
1424
1030
1498
2511
773
1253
2378
283
2111
1580
1327
997
1420
1567
2265
773
1297
1913
1297
1363
1030
1975
2528
1511
921
346
52
66
2227
473
485
1030
2593
2269
932
2511
2204
2269
1561
932
2511
2204
2269
1561
1297
932
2511
2204
2269
1561
2651
544
652
150
118
2090
2668
965
1411
2269
850
2108
2090
2668
1411
2269
2108
2090
1329
150
1129
2341
2668
1068
2269
2769
910
2525
1128
1068
2269
2769
910
2525
1128
1572
2216
1030
1060
133
231
2090
401
2269
910
1886
406
1906
1561
2528
1511
1175
2575
2756
2204
2725
932
2511
2204
2269
1561
2204
2725
932
2511
2204
2269
1561
2269
2204
2725
932
2511
2204
2269
1561
2204
2725
932
2511
2204
2269
1561
544
652
150
118
2090
2668
965
1411
2269
850
2108
2090
2668
1411
2269
2108
2090
1329
150
1129
2341
2668
1479
2090
207
910
1175
2668
965
2668
2668
2341
1837
1329
2668
2090
850
1852
649
850
2437
2269
72
850
2269
2269
2753
806
1393
2528
1720
2269
337
2528
52
910
1957
1297
1913
1363
753
773
468
1498
2511
1424
1550
209
1424
2511
655
2108
1511
2204
2725
1464
994
289
2058
2204
1376
2528
1511
2218
2528
495
2437
2167
2269
1709
2694
1491
1297
753
773
2204
2725
1944
209
1424
753
773
2269
1343
1754
1376
2528
1511
2218
2528
495
2437
1343
2269
109
2694
1491
109
1491
2542
1131
2454
118
2108
2437
2360
242
2269
2694
1491
1739
2399
244
2204
90
2063
769
614
2204
2063
2265
1343
2269
109
2694
1491
109
1491
2542
2453
2362
2528
1491
1969
717
1028
2666
2278
1498
2511
2204
1913
2204
932
2511
2204
2269
1801
1649
2453
2362
489
998
2454
2269
2769
2542
170
1498
606
1112
2528
2588
1283
1283
2204
2300
2668
537
760
1499
850
1406
861
2542
1284
2769
975
2360
2265
773
2589
2362
2543
553
2729
2063
2608
226
2729
2063
1826
1597
260
631
685
301
1957
853
1336
1939
251
1022
2428
545
793
2193
209
1424
2539
2265
1826
853
248
686
1871
1824
2204
1220
2247
1805
685
301
1957
853
1336
1939
251
753
191
222
251
1356
2062
1297
2428
545
793
2193
820
2409
1826
766
1284
2598
2769
415
2481
2193
251
1284
2386
1411
1972
387
2598
2735
2769
1692
2019
2340
876
191
2616
1773
925
2204
764
793
917
2550
2062
1829
2362
793
1498
2060
2362
314
2275
773
1597
685
2062
624
1357
324
251
2511
2204
1313
2511
2204
2218
2511
2204
2511
2204
793
2511
2204
793
2511
2204
793
2511
2204
793
1261
1645
1023
56
2511
2204
2247
1030
2528
2753
1582
2753
2248
1969
2528
2362
2236
1477
1477
2362
2269
2559
489
2269
2428
2559
1131
2548
1479
2269
773
1498
2511
2204
1913
2204
1795
932
2511
2204
1801
1424
2428
753
588
988
1937
740
1383
773
1975
1561
2269
1477
209
1424
1550
1538
650
2063
1045
1423
592
209
1595
1498
2511
910
1128
2608
1070
760
1721
209
1595
1648
2362
760
1877
1595
1345
303
1721
897
764
209
1595
1721
571
2571
1423
1373
627
1721
209
1595
2557
1975
1804
965
209
1595
1539
1544
1721
307
2714
1357
31
1595
43
1975
1721
2573
1595
1739
2247
585
2063
1525
2245
1100
195
864
2258
1345
418
2038
1400
528
209
1595
1323
2769
302
35
1297
382
592
209
1595
2414
2550
1286
518
1804
1724
272
2548
209
2691
473
921
2054
2548
2482
404
476
1297
753
1969
2222
1066
1222
1720
2500
968
209
2691
2352
1030
411
2688
906
1837
1837
1594
133
1060
2528
1853
906
2528
1491
838
1594
2528
1061
1942
2441
2454
2119
1594
1616
1840
910
711
704
656
1030
1559
2043
72
2332
1720
2204
251
100
2119
3
2360
1817
2204
2204
1568
251
1061
120
2597
607
1327
1024
2476
588
1327
1826
1789
494
1327
2548
2119
1594
1871
681
2528
1293
704
954
1596
185
589
2688
1470
148
2441
925
2200
2119
1594
1871
680
2196
1871
1483
2302
1568
2517
1650
1826
1837
1407
52
293
1411
2616
2502
1479
1030
1975
1567
1559
2065
2043
2528
2648
2517
1220
681
2043
2528
1594
1871
1293
2043
2528
2475
1594
1871
1836
565
2441
1336
1470
1144
1365
512
1568
1366
2345
1233
185
1297
1093
2616
2085
2753
1639
2606
2041
209
1424
1550
1264
468
1297
1424
1550
2352
2450
2703
1720
738
888
1795
1490
1646
1618
1833
322
630
1786
2428
920
2362
322
1618
969
908
2204
1145
2204
1145
2204
2711
2204
2711
322
1618
2214
908
2204
1145
2204
1145
2204
2711
2204
2711
2362
2428
920
2362
738
322
1618
969
908
2204
1145
2204
1145
2204
2711
2204
2711
738
322
1618
969
908
2204
1145
2204
1145
2204
2711
2204
2711
738
322
1618
2214
908
2204
1145
2204
1145
2204
2711
2204
2711
738
322
1618
2214
908
2204
1145
2204
1145
2204
2711
2204
2711
738
322
1618
969
908
2204
1145
2204
1145
2204
2711
2204
2711
738
322
1618
969
908
2204
1145
2204
1145
2204
2711
2204
2711
738
322
1618
2214
908
2204
1145
2204
1145
2204
2711
2204
2711
738
322
1618
2214
908
2204
1145
2204
1145
2204
2711
2204
2711
2362
1274
850
1833
1618
2428
1618
553
1907
939
358
2097
15
15
1646
753
773
2221
1986
804
155
2257
2204
2063
2265
615
1396
2454
2769
1075
377
565
2329
2102
436
2329
1175
346
2213
1363
1400
2550
460
2500
2265
841
489
34
346
1773
596
2769
1139
1363
1139
1913
1128
2740
2204
773
801
31
773
596
468
1498
2511
1022
2468
139
377
436
34
573
753
773
1498
2511
1343
771
209
1424
1550
209
1424
1297
1030
2299
133
1913
1498
2511
1498
2511
1975
116
167
1620
640
386
2608
2753
2543
2254
1455
1045
339
2265
1326
1046
2378
1363
649
2549
1363
770
1725
150
377
1297
906
2753
1616
2170
1129
139
1139
2722
1709
473
1363
1498
2511
2204
1913
2204
932
2511
1671
1671
1343
2722
116
1297
1363
236
116
1343
1639
1046
473
2280
2722
2722
1013
116
1046
2567
1363
2119
1480
1329
2486
1480
1363
2545
449
116
841
2722
2213
1363
2205
2213
1363
2753
2379
2568
1363
121
1515
769
1366
2213
1139
1363
161
966
2204
994
2112
1579
1363
1022
770
1208
1719
1480
2204
109
1363
2753
1894
2488
109
2263
1342
2265
2753
1616
2170
1129
139
1139
2722
2328
139
2378
962
150
377
2158
79
1139
2722
2213
1095
771
2265
468
1297
209
1424
1550
468
1498
2511
1424
1550
585
1131
857
867
66
2428
2269
1561
2607
1723
2597
2204
116
2200
61
2426
702
1479
131
2426
1650
2204
2269
1144
2197
1015
2519
902
1403
2047
2753
1509
2545
1561
2428
2269
2045
1357
1650
1477
61
2426
1357
1650
1403
861
1479
827
2269
1380
753
773
209
1424
1550
72
1211
1024
1650
2528
939
355
595
2682
2193
712
2193
712
2193
712
741
183
355
595
2682
2193
712
2193
712
741
2193
712
305
1554
1024
275
1739
468
2454
1913
1817
2204
1311
1812
355
595
2682
2193
712
2193
712
2193
712
741
2236
685
1369
595
2682
2193
712
2193
712
69
2236
685
1369
595
2682
2193
712
741
355
595
2682
2193
712
2193
712
741
2193
712
2236
685
1369
595
2682
2193
712
69
2236
685
1369
595
2682
2193
712
741
69
2236
685
1369
595
2682
2193
712
69
72
2753
2269
712
2528
69
72
491
1561
1491
836
2193
712
1536
225
1093
1720
2108
1940
2045
1128
2740
1720
1561
2269
712
2753
1733
1297
2209
939
340
72
1812
116
2204
2725
1396
1155
374
1817
2204
642
2235
1498
2511
2769
1255
773
1430
1030
209
1424
411
2769
1249
2511
2204
2725
1223
2548
1957
1131
1964
1639
2362
737
2047
1193
1826
2047
1826
2362
1336
1250
2362
1193
1269
2362
374
1704
545
1726
1396
2690
1269
1193
1093
2616
374
1269
1193
1269
2476
1490
704
116
1022
1490
704
1396
489
2476
861
2454
2362
534
503
1269
1758
2476
931
468
1498
2511
760
2119
1193
633
1193
2550
1363
2095
374
1261
129
885
1320
753
773
1498
2511
468
1424
1550
468
1498
2511
2362
2511
2204
344
118
1359
932
1837
118
635
1580
1580
2454
2454
1580
2454
635
1479
2454
2454
2454
635
31
1580
635
635
635
2362
503
209
1424
1550
468
1297
656
272
2257
1896
2511
1930
2204
1671
469
1776
1580
1189
1189
312
967
2262
2245
244
1498
1523
656
2484
869
968
2517
1343
708
529
468
1498
2511
2510
2142
2684
2227
607
473
2618
2262
656
2484
1425
2694
2119
1275
109
1692
2063
390
2753
90
656
2694
2265
1704
2262
1741
154
2684
1092
503
721
773
721
2743
780
1249
473
956
1157
1810
614
468
1363
1498
2511
1442
2769
1408
1885
2769
2489
760
1704
1026
1592
657
465
473
956
2381
31
1731
2381
773
473
2063
454
2265
798
1841
209
1424
468
2726
468
2204
2417
2204
194
939
2204
312
545
150
1975
2245
1118
1275
938
1718
2204
879
1479
262
2296
689
1032
1015
44
2047
1286
1965
2122
2417
740
351
2782
2475
1561
2204
1136
1128
2608
468
1913
1498
2511
2213
1498
2511
1397
773
1755
1545
2428
2426
528
1092
759
2703
667
2347
62
1128
1824
1479
468
1754
773
141
2753
2381
1680
470
1045
1022
1837
2061
2661
2539
2560
2063
773
1223
2428
1944
535
209
1424
1793
665
503
1297
753
773
374
2047
965
1192
1561
845
955
374
2200
2204
2726
468
2204
2271
1761
1006
2067
2047
965
1600
845
1561
52
737
1837
2459
2227
1440
95
2047
640
1561
885
2435
2047
618
965
464
2391
1561
845
503
463
2047
965
1975
2186
845
1561
2467
1008
2047
2045
41
845
1561
737
95
2047
965
737
885
885
965
1561
845
569
2063
1297
1832
2265
794
516
1509
2047
41
209
1424
1313
2207
1498
2511
2197
2712
1490
957
2528
2597
773
1718
2528
1720
2703
2426
760
338
842
1490
1559
1479
312
2193
1650
2265
468
472
2204
1297
312
1313
2517
2279
2511
773
1718
2528
2511
2204
1718
2360
1747
131
2426
1167
389
131
2426
2047
2567
1193
2528
2360
765
2426
2597
2528
773
1430
461
2753
1985
2163
2539
1406
1128
2428
209
1424
1550
1297
461
2543
1523
2083
2313
2724
133
1030
1913
1498
2511
1498
2511
2753
1128
2608
1022
1030
468
1297
209
1424
1363
1297
1139
2378
2728
1452
1896
1536
1416
1570
143
422
773
116
1896
468
1424
1550
209
1424
771
773
1498
2511
2740
636
1327
565
1297
635
1045
2509
1956
377
2323
1480
1297
1561
885
1093
377
2323
1480
2204
2571
1297
118
1401
1480
118
2782
449
962
118
2486
1153
355
355
2571
2063
374
955
118
1694
1407
343
96
468
1498
2511
389
748
2378
2606
1837
773
2691
2093
2378
962
2352
902
2517
2204
2269
2204
2269
2782
962
2606
636
1327
2204
2269
2204
2269
2352
1680
2378
389
1561
2204
2269
885
2734
1969
1297
1336
1837
1165
2683
503
447
2180
2033
2606
503
748
449
449
1297
2288
209
1424
1550
2204
468
1424
1550
2213
1363
1424
1913
2414
773
1274
2564
468
921
808
920
1754
773
1498
2511
1424
921
773
2538
2428
1207
773
2414
677
1319
2538
209
1424
209
1424
1261
1513
860
1700
962
468
1498
2511
1700
468
1498
2511
1424
1550
1479
116
2204
2016
1866
2632
242
2753
116
2454
2043
954
2257
2511
2204
2727
1913
2204
932
2511
2204
847
2729
1030
753
295
116
2247
2093
2339
954
2252
1175
2006
9
1030
842
2257
2511
2727
1913
2725
932
2511
2725
921
86
2043
2258
116
2043
1773
1030
1975
1739
910
1479
544
2246
1336
242
1192
1189
190
2226
2542
2043
2223
2006
927
2753
2441
2119
2365
1030
133
1480
1498
2511
2213
1480
1498
2511
1424
1550
569
2063
1297
2476
2754
2200
1759
988
468
1896
1297
24
764
566
196
1477
895
1646
1477
2341
1001
614
1336
1239
858
1557
753
430
1387
1635
816
2481
962
753
1640
1022
2330
2424
1022
1759
1253
1795
1387
988
51
1396
566
1935
988
2227
1741
312
2550
1387
1826
1143
2585
988
1387
2362
1931
1896
2227
312
1817
1387
649
2213
2550
1363
1297
468
209
1424
1550
209
1424
2007
585
2063
2753
1305
468
1498
2511
209
1424
1297
284
2550
1480
2298
1588
2030
2550
2227
2397
2039
416
2300
2083
299
2249
2226
2631
2454
2226
264
2782
1305
2666
787
175
2001
735
2063
481
1882
2300
2226
1327
1336
1232
1129
416
2616
1551
1551
2063
680
2231
1547
1666
86
719
2265
2063
209
1424
2616
1551
1551
2063
719
2265
2063
2063
1498
2511
2753
116
1287
2265
1588
2030
2550
2227
2397
2039
416
2300
2083
299
1588
2030
2550
2525
1666
1211
1551
2300
2249
2226
2265
2063
2063
1817
2265
2196
299
272
1773
1479
702
2247
773
1131
2204
2200
1030
753
468
1498
2511
1424
2132
394
1957
1423
2362
2703
2047
2426
2047
1826
2132
131
2426
1082
221
2540
2540
2047
978
2703
2628
2426
2426
2047
2047
139
2607
827
2047
827
2426
827
139
221
2118
2476
773
704
2703
131
2426
2426
2047
1082
221
2362
1030
1490
1520
2083
2511
2204
2269
932
2511
2204
1297
932
2511
2204
1297
1297
932
2511
2204
1297
2651
726
503
2378
2120
503
2217
2117
2616
543
2378
333
2426
1297
1297
409
272
497
333
1140
2772
1297
716
726
2378
333
1140
2614
2614
2614
2217
2217
2217
2217
726
503
2378
2120
503
2217
2117
2217
333
1140
2117
1297
1297
409
272
497
1297
2614
2614
2614
2217
2217
2217
2217
2614
2614
2614
726
333
2426
1140
2378
1297
1297
409
272
497
1297
2703
1969
1297
2258
619
1567
1058
1297
1297
1617
1617
965
965
2614
2614
2614
2614
2108
943
205
2108
910
2670
72
118
1297
52
965
118
31
2635
118
726
2635
1297
726
726
2635
726
118
31
2635
1617
1987
1617
2635
52
2635
52
965
737
2269
932
2511
2204
932
2511
2204
1297
932
2511
2204
2651
737
726
1297
1297
2614
2614
2614
2269
773
2511
2204
773
2511
2204
1297
773
2511
2204
2651
1297
2571
965
906
2349
1297
1837
2349
2052
2571
965
2571
2349
2571
2349
2571
2349
2269
773
2511
2204
773
2511
2204
1297
773
2511
2204
2651
2614
1297
1297
1297
1297
1297
1297
1297
1297
1297
1297
2614
2614
726
2614
726
2614
726
1617
2204
804
773
2614
1297
1297
1297
1297
1297
1297
1297
1297
2614
1479
1297
2614
1479
1297
2360
2635
178
705
2360
2635
1297
178
1617
2614
726
1479
2635
2614
1479
1297
2635
1297
178
705
209
1424
1030
2753
1030
1189
902
472
1036
2454
2619
773
2538
1030
133
753
773
1498
2511
1343
771
2550
2616
1030
1093
96
2378
1747
2267
2212
2635
2267
2212
2635
2550
1987
705
472
2147
2039
753
1490
921
191
1490
545
869
1987
468
1498
2511
468
1498
2511
1424
1550
1824
773
1430
1198
70
473
920
1923
664
1739
2753
1931
638
1678
1407
638
209
1424
1498
2511
1030
596
2631
235
2769
910
1131
2661
2063
1080
2743
62
2511
2204
2754
2043
2303
2511
2204
2754
2043
2743
178
497
2037
2227
729
1486
2743
638
209
1424
1498
2511
2673
869
468
209
1424
1550
1297
1261
1152
188
1498
2511
2559
2598
629
1773
2204
1045
773
2408
2204
1795
1261
1152
188
1131
468
1498
2511
1424
2063
468
1297
209
1424
1550
468
2777
2204
2428
1822
2426
2676
2616
1297
753
186
2769
279
2265
1286
1523
1368
109
2428
1826
2567
827
374
2086
618
1718
1479
794
2616
753
2769
413
162
374
109
998
2489
1718
2075
125
2245
151
2628
2619
1131
1773
927
753
794
773
930
1078
382
2729
2360
1882
2247
2216
209
1424
1550
1030
2352
2063
1030
1498
2511
2550
2247
252
1561
2204
209
1424
1550
1498
2511
753
1351
2601
1212
253
773
2511
773
1897
2043
1529
1345
447
209
1424
1480
716
191
773
72
2222
150
2528
2362
2236
685
1369
1193
2362
72
2222
2362
2236
685
1369
1193
1826
2362
938
2208
1297
268
355
1297
773
468
209
1424
1498
2511
1986
773
804
1223
1733
1567
773
1059
1295
920
1297
1913
2200
910
1131
773
2538
2257
2124
2511
2204
1715
1480
2428
1944
773
1223
1128
1824
975
1238
2204
1817
1498
2511
1754
773
1298
2204
2531
773
2226
2245
2039
2408
1795
2020
879
2265
1261
2713
1625
2019
2408
2045
503
2124
489
2063
1414
2775
1648
2488
1841
377
1441
1022
2468
1175
573
2769
2543
2769
385
468
1498
2511
516
2753
2227
592
1620
1907
1327
2300
2753
2227
489
2063
209
1424
1550
952
2511
543
1986
27
969
27
2204
2265
2204
719
910
1931
2247
1931
384
15
112
2511
1718
2511
2255
2511
2481
2511
112
1016
1093
753
1337
2784
1262
2753
112
1394
2294
2213
2204
2725
876
1739
952
1840
475
1406
988
2120
1840
468
1913
1480
2213
1480
1416
2204
2387
978
1561
150
685
2426
2426
1836
550
2204
2387
1413
51
1874
2257
1874
605
468
1363
1975
815
507
2267
851
2213
1363
1480
1498
2511
1913
1480
1498
2511
468
1498
2511
614
2298
1676
2305
76
1469
2300
503
1795
2300
2001
2657
1424
1550
2247
2608
468
1498
2511
1030
2352
2600
350
1616
2703
545
418
711
1269
463
2455
1030
1490
704
2600
1030
1501
1555
2676
2703
545
489
1892
2362
389
1844
1269
463
778
1030
910
589
1826
685
1424
1550
1030
1975
2476
861
1501
1555
2676
2703
545
910
1279
2188
2332
1817
81
468
1913
1498
2511
1363
1498
2511
1639
2307
1139
753
312
1661
1490
1406
2428
468
1074
2616
1547
225
463
1561
2426
226
1826
537
773
842
2083
773
1561
1561
2426
1297
1425
656
1894
753
1616
226
368
1131
1167
2039
545
1576
704
118
569
773
1031
2204
1490
226
827
374
2703
812
2426
2567
468
1692
1297
853
1093
1006
471
2265
1984
1093
731
2154
666
1561
1167
1336
176
2204
2200
339
2729
938
1692
226
368
910
2630
1247
2154
1904
1380
2539
2265
2204
489
853
368
2347
545
1472
2616
463
1821
2550
226
368
2428
404
2567
871
226
368
1113
2550
2426
116
2611
226
368
2616
2426
753
116
226
368
1616
2200
524
773
209
1424
773
771
1480
910
2660
1261
660
1559
65
1297
1616
771
773
384
15
1297
1128
1824
2265
1439
468
2753
95
209
1424
95
2265
2204
1156
2424
1896
468
764
312
853
463
2494
2519
962
2711
2734
209
1424
1550
209
1424
1480
686
339
14
503
468
209
1424
1550
2257
2511
1462
793
2200
22
503
716
2204
1357
139
1286
2063
93
908
2204
2711
2273
908
2204
2711
374
2204
753
1286
1639
2041
1693
793
1899
2204
1286
2476
2170
247
473
2385
2039
793
2200
919
468
1498
2511
2743
2684
908
1534
2386
2684
130
175
2454
35
209
1424
1297
2597
1580
1477
1704
1813
1423
272
1896
2661
1678
1692
2426
2597
2598
1232
2193
1836
2193
1576
2362
1477
804
160
804
1193
804
1739
2362
2703
1524
2265
90
401
2426
2597
665
503
2063
2265
1720
839
190
614
2265
1095
2200
818
522
2247
175
1931
209
1424
1550
2204
2269
1155
2005
1343
1795
1854
1026
910
1131
773
1520
1490
1313
2511
2010
1726
2511
1718
314
771
773
1498
2511
2740
773
637
686
852
1944
2085
2041
2703
2426
100
1826
2362
2362
1022
1812
1336
2511
1718
2511
2481
2511
2725
1022
2511
773
1261
2511
2481
2511
2255
139
2511
2255
1175
2511
2255
2511
2725
1022
1554
852
1944
1479
2426
100
1826
2488
2428
1017
773
2204
2204
852
2204
1945
1635
2619
637
686
852
1944
2265
468
209
1424
773
1520
468
773
468
1297
1144
1528
1561
766
2426
2336
1093
1133
823
1561
2030
1561
1616
753
566
1758
1514
1022
2360
1046
1561
1133
978
1479
2283
597
1957
891
1024
2428
1045
1490
1297
639
1183
1144
1528
1561
766
1093
1133
823
1561
2030
1561
1616
753
1022
2083
2038
2550
1525
2204
687
1720
1509
2296
1015
1336
116
1327
1597
2119
2338
2362
1498
2511
209
1424
1550
773
1313
1220
614
2265
2362
746
1253
2597
2204
2200
339
769
2007
122
205
1304
1423
1837
138
205
209
1424
1498
2511
1370
2729
938
503
711
109
1131
842
1896
541
243
772
1363
468
1073
1957
773
299
598
976
1504
2728
1477
1477
1477
1477
209
1424
28
921
1895
159
2263
1858
2753
2119
1396
190
1550
141
910
1131
472
2347
1363
141
1220
468
1913
1259
1550
949
1504
1913
1498
2511
1498
2511
2204
773
1030
1640
1661
773
2772
209
1424
752
2204
1107
946
468
1577
468
1498
2511
1030
2753
1131
2550
1913
1498
2511
2213
1363
1498
2511
1030
1479
1424
1550
468
1424
1550
468
1297
209
1424
1550
468
1498
2511
1424
1550
209
1424
1498
2511
1620
2628
2772
390
1561
2597
351
516
1561
2597
2772
1520
1620
2781
2154
1561
2257
2511
2727
1913
2725
932
2511
2725
2204
2063
1410
680
2648
2545
1567
773
2265
801
1520
2571
2265
2204
2016
2597
2506
2204
2725
2597
2543
2204
209
1424
244
2745
1275
938
841
1918
2685
2311
308
514
1825
2321
2362
1435
1423
1559
2178
2616
514
2616
1921
2426
131
827
673
374
466
938
804
2657
1189
2743
615
244
2745
2569
1098
476
2743
1837
1826
58
1407
2485
2743
58
2214
131
1826
1640
2273
569
2548
925
685
1515
2484
150
395
2548
1980
2372
494
472
1113
527
2193
2550
395
2372
1725
1892
1559
1030
842
2264
450
2204
403
553
1341
841
1275
2454
938
1085
1242
910
1192
377
2480
1635
2205
2336
2075
2257
2511
2204
2727
1913
878
1455
1269
1635
2075
409
2418
2548
2772
292
823
545
2282
2464
1044
2769
309
1045
570
1648
2441
1720
1648
1648
191
2545
2389
2769
1479
2182
2618
1032
2193
197
1193
2360
2550
2360
473
2618
516
473
2350
1283
2073
287
2029
1640
2193
24
775
2193
2077
2360
2550
52
151
1355
1535
827
2638
1355
1055
711
2086
812
1758
2142
2549
2550
197
2368
1587
51
910
2254
1157
1584
618
1640
2777
1876
309
1455
2257
2204
1022
569
2065
740
2530
1061
199
1342
2265
2740
575
1435
1423
1559
2178
2616
1030
2422
1061
753
374
1262
2769
308
514
2265
468
2777
1692
1896
2352
1030
1400
585
2065
2729
545
1269
1837
1837
2740
2616
674
1093
2048
1826
100
2426
2769
374
1155
545
1336
1440
131
1837
1965
2389
472
2204
1925
1030
231
2550
1297
2687
2438
2265
1918
2372
1155
2616
479
2372
869
1097
395
96
2372
925
2204
1925
1030
1288
1342
794
2075
2352
419
584
2464
309
2676
2676
1837
1837
514
100
2426
1425
2544
2500
2616
1235
2038
100
2426
1155
2454
309
490
2222
2245
2336
2332
272
1333
488
478
11
2686
2441
2332
1826
1294
308
514
2028
2500
1336
2122
1232
1483
2480
1232
2490
1836
2769
1408
2196
2064
17
2694
434
902
2500
1661
1490
1157
1620
2777
2204
2245
1030
1757
96
2769
185
2064
1160
553
2649
459
1340
827
1748
1737
1030
801
1490
2770
96
667
2083
2753
1709
2086
2745
1739
1662
185
2736
1718
858
2345
186
1297
1923
1606
2362
314
2511
2204
473
191
2362
759
794
514
823
2426
1261
2204
2424
1629
2426
969
2214
1269
1343
1407
969
2265
2093
1640
1015
827
1124
1840
589
2454
965
962
827
906
1340
2743
1013
171
2296
2709
131
2709
2047
641
861
1479
1269
545
131
514
1269
1826
1826
1826
1704
2538
740
2450
2039
139
816
1490
2204
1570
816
1029
2042
1093
681
1187
1192
1286
2265
1297
411
1269
2063
2204
1297
299
2265
467
932
1128
2608
472
1030
2257
2204
1022
411
116
2372
1345
2500
2041
2597
841
1725
2139
2245
1554
2428
716
2058
2139
2500
818
2299
2122
1326
395
1064
1640
2193
1483
1087
340
58
2688
1030
716
2621
340
840
43
1293
740
1554
2500
1688
1935
841
395
910
51
1940
750
2749
2485
925
1725
1516
841
1193
2284
841
2372
1639
269
1840
109
2372
2454
1620
1758
395
1064
925
1942
2193
1564
1064
925
794
1054
1001
910
1935
2255
2485
910
1326
2217
150
395
1297
2217
2485
2499
2360
2352
419
1072
1840
2058
1975
2389
2657
1189
2743
615
925
685
1515
2484
150
395
925
2120
1640
2426
1530
2686
395
2743
1097
685
1515
150
395
1297
753
773
1288
932
2265
405
2426
2077
1269
2214
1812
2030
2426
1994
2426
2426
2559
2030
368
2030
1396
1192
1286
2265
468
1297
760
171
2426
2138
181
131
827
221
1773
2043
793
1336
773
793
2013
2245
1423
131
1837
2616
351
1741
2703
131
2426
176
131
2624
2245
1082
1648
1209
250
1336
1935
2323
2616
2500
1837
1837
545
2336
1320
51
773
1269
1773
2214
969
1547
2214
1557
753
2426
510
2571
2494
1648
1297
773
400
1923
1606
1032
395
2426
2091
2426
2077
2624
740
1554
2500
1688
1935
841
395
667
1847
2100
208
2500
1688
2548
1940
2476
841
1918
2548
1269
885
197
1193
446
409
2418
1425
2676
2676
1837
1837
514
100
2426
2282
2454
309
2476
861
2237
1519
1155
2454
309
2441
2332
1826
1294
308
514
1648
191
2119
545
1193
2372
2085
495
1155
395
1648
191
2441
2041
495
1155
395
1193
2372
1343
224
1648
191
1381
1157
1620
1650
2204
1230
730
339
1498
1523
2028
1320
1739
910
185
2204
1360
1462
827
1286
434
2030
1297
1695
1126
2247
2608
133
1030
1297
175
1519
2095
2777
2428
1519
2500
318
2352
1030
351
1049
807
1490
2120
2632
230
1269
2632
130
2426
395
1193
2624
2119
2467
2426
760
109
2619
1279
910
2227
116
2162
2372
969
1812
403
2563
1616
1606
1297
1297
2261
1396
2687
231
2336
2789
1294
823
827
2273
2469
2077
1996
2743
1297
2544
1342
677
2040
2769
1297
1655
2619
1279
1297
1648
2616
116
1193
1297
565
1925
1336
232
925
2001
1925
1102
1459
199
1342
2065
1975
1718
102
2769
1761
185
1175
1718
1155
489
2204
2428
374
2000
2769
679
2245
2030
309
2389
1851
2177
224
2548
490
478
482
308
309
773
2565
490
309
1455
2352
1030
351
1049
807
1490
1975
1190
315
374
318
1918
1269
2632
2548
1269
885
197
1193
1031
1269
1639
1648
1269
747
1279
1648
191
1193
686
395
2428
1279
2147
2245
2619
1269
427
2617
471
1896
605
490
997
2204
687
585
578
1920
1925
2299
1925
1326
1343
1297
2242
1300
1620
1155
1155
1336
2204
1030
840
2299
2417
2257
1896
2511
1930
2204
1671
469
1776
1580
1189
1189
1720
2500
1688
841
1128
1131
1975
318
910
1013
2372
545
2332
1773
1648
191
545
2454
2372
1648
191
545
2372
1547
514
2454
523
2753
178
326
2616
1773
1648
2616
637
910
2227
116
1434
2372
1648
2616
116
1193
1297
1925
150
1931
2485
1166
2083
927
2416
471
1489
2753
468
2204
1718
244
2452
2753
155
1561
885
1205
2093
2454
2362
879
815
885
1561
2441
2484
1561
2204
2204
2195
685
1561
2204
2195
2047
1561
2204
1896
1247
2204
1718
2576
1561
1556
2047
2426
2047
2426
41
1561
2338
928
645
618
1269
2753
1472
618
2063
2769
939
1718
1801
1275
2484
2196
885
1739
20
2150
998
740
764
1561
685
2239
2538
2063
1297
910
1326
885
1015
2616
2743
128
885
1561
925
1336
171
793
685
1561
73
2441
1454
545
150
1837
685
150
1837
685
150
1837
685
2566
1561
1556
2426
1561
2482
823
1561
2441
545
618
2227
312
685
487
2441
2703
585
773
468
867
116
1279
2047
618
1440
2729
1030
2539
2265
1561
885
773
1718
2204
1718
1249
1258
1223
1295
1490
2511
2204
2010
352
2597
773
2426
2204
552
528
773
2426
770
2686
965
122
969
2597
773
2426
2204
552
528
773
2426
770
2686
965
122
969
2597
773
2426
2204
552
528
773
2426
770
2686
965
122
969
2597
773
2426
2204
552
528
773
2426
770
2686
965
122
969
2597
773
2426
528
773
2426
770
2686
965
122
2214
2597
773
2426
528
773
2426
770
2686
965
122
2214
2597
773
2426
528
773
2426
770
2686
965
122
2214
2597
773
2426
528
773
2426
770
2686
965
122
2214
669
910
1131
2726
468
2204
1561
41
2047
618
1653
2441
2398
1646
2233
1935
2501
2204
1015
2753
1556
2441
2426
1342
473
1148
1326
1561
532
39
2694
1336
4
1166
2743
2713
1295
1490
2265
1006
1988
773
1755
1732
1430
209
1424
1550
2517
1022
1520
2204
1373
2300
1299
1320
849
2454
1363
2414
2621
2549
2550
1363
1795
1022
844
1193
1363
2454
2372
1363
346
1363
649
1196
1363
326
1022
844
649
2550
1139
1771
773
753
2265
1975
1261
248
2773
2722
753
1969
771
773
150
299
2265
1498
2511
753
1498
2511
1498
2511
1363
1139
2653
2378
346
1363
1139
1296
2653
1139
1363
1139
1296
150
2426
2378
906
2378
969
563
1297
79
921
1648
1648
1297
497
185
346
1297
1363
1139
1296
346
1022
1297
2378
565
1297
1987
99
1648
1297
1128
2740
2543
619
2653
1022
1336
969
1297
1714
150
299
2265
1363
1139
2213
1987
79
1363
1139
719
2653
2378
1045
1987
79
1363
2213
565
1363
2213
1139
1131
1956
705
1869
2251
209
1424
1550
1639
1913
2378
1498
2511
1498
2511
2307
2213
1363
1498
2511
209
1424
209
1424
1480
1498
2511
2274
2269
506
205
1561
2193
2691
1975
2352
902
1007
2463
1464
205
1561
2782
1491
1720
1274
796
1116
394
1975
2734
2753
299
1116
2063
9
2352
2241
2598
425
1191
773
771
1498
2511
2389
2426
1477
150
2426
2597
1580
131
827
150
351
2597
2304
2426
2597
2660
2767
2607
150
2426
34
827
359
2769
637
2426
2597
1921
2063
1692
209
1424
1297
1868
2362
1477
150
1580
1477
1580
1477
1580
226
804
2362
131
2426
150
2204
1407
1477
150
1407
96
2215
2473
2426
2567
20
943
471
374
2300
2204
2753
2352
2711
2257
2711
1297
1913
2247
1876
2608
467
1220
2550
2729
133
2332
2093
364
2651
2668
2651
97
2362
1031
1153
1406
753
1343
1153
1999
910
1917
2616
753
1620
2543
1773
2616
1336
1032
39
2332
118
1030
686
773
1639
804
1699
773
1626
2476
861
2028
391
436
1479
2047
2528
503
563
2047
2559
921
1795
72
131
2426
51
2362
150
2193
355
902
1400
2193
2362
2093
1902
29
2528
2379
2528
131
2426
2332
1479
2047
1567
1539
1396
1030
795
2542
2753
1486
2269
379
1167
1030
2025
2542
176
131
827
2360
2597
2542
131
827
2360
1561
2542
1316
2269
2752
2426
2597
2077
1030
382
902
1400
2666
391
640
795
773
1460
2200
209
1424
2265
2204
2528
503
753
295
2542
2734
1343
1045
568
1617
1480
661
468
615
2204
2240
795
2542
724
1015
44
2332
2200
795
1975
2542
724
1015
1761
1297
2550
1131
1297
1297
1297
1479
150
618
1793
160
1024
85
51
2362
1400
850
2275
1400
850
2285
2362
2275
2285
910
827
191
773
724
1015
1343
2528
2362
1400
850
2275
2362
761
724
685
1407
1336
96
52
724
1015
1785
2269
795
2691
1618
2193
2534
2691
769
466
938
2542
1757
1931
724
1015
2411
289
2575
52
1336
2539
109
72
131
2426
1400
2193
489
1343
1075
2537
1620
2500
1639
160
306
711
1297
952
1343
1754
773
1490
2362
1837
2362
100
1336
1153
1406
753
1343
1153
1999
910
1917
2616
753
1620
2543
1773
2616
1336
1032
39
2332
849
1739
773
1639
804
160
109
1316
2691
568
349
568
503
349
2528
503
151
45
1316
2691
71
349
2753
1639
2528
990
503
1215
244
522
185
2204
1316
2691
71
45
764
349
795
2269
1567
850
2269
2753
850
2269
1144
1246
1316
349
2086
2668
1144
2573
2598
1720
618
1538
1030
262
778
1480
2608
253
1490
1247
2566
72
72
1796
2449
2476
861
2542
2567
72
1154
1112
1796
1153
858
2753
1238
772
2265
1472
1490
704
262
1896
262
2401
2362
704
965
2668
186
2769
2668
2362
1406
910
704
2360
225
795
2766
1931
2766
1073
866
1320
850
2362
2183
2528
2668
2668
965
825
1837
2362
374
1223
965
1073
1570
2302
2488
51
1305
2269
1570
2629
2163
2269
620
1720
1526
1570
1520
2362
2668
2362
2227
183
364
2651
2668
2651
2616
2668
2362
1837
2668
2668
1837
2362
704
1363
1545
1987
944
2362
1837
965
1837
1904
965
2362
2130
1833
965
1833
2119
2214
969
965
910
1406
2593
2659
209
1424
641
938
273
1342
1490
1791
2753
2073
2323
1131
1947
2265
746
1721
2117
231
1721
2543
2633
1336
1837
2364
1969
1837
1837
1297
709
2071
1944
1721
1490
866
1648
802
1342
1721
2117
1885
2769
468
1498
2511
468
1297
209
1424
1550
468
1498
2511
2247
1030
2740
615
2204
2307
1030
2352
2063
2265
1128
2608
1072
2550
1616
2688
1718
753
2195
1355
197
2707
377
1804
1097
2550
2467
2550
2550
1192
1428
545
2753
1547
357
1462
2511
2204
2727
2511
2204
1804
2204
1718
2415
2170
1129
1343
374
2688
1692
209
1424
2083
95
2265
489
2752
861
910
2330
569
1030
2170
1129
1343
1800
470
545
1406
910
1479
1739
1826
1560
503
1131
2265
1406
719
2265
1030
1093
2337
2362
1739
2161
95
2265
1809
133
1030
2247
998
740
1053
2616
1532
409
1552
1767
1559
2352
2550
773
2193
1162
1808
2300
773
197
2265
2453
1498
1523
998
1214
503
910
1368
1326
1925
1320
2028
841
244
1498
1523
2085
921
2544
2616
418
2041
1053
2616
1532
409
773
2085
921
2544
2616
418
2041
2204
85
651
2085
2204
921
1593
2227
746
2360
2028
773
1424
2753
1192
60
932
121
2165
2083
773
1030
133
908
2204
473
1030
1975
209
1424
2729
1030
2063
773
2548
401
793
1102
913
413
1423
468
1498
2511
2247
1370
209
1424
2729
2063
1297
2213
2063
1363
1498
2511
1697
2336
1490
1342
1632
2063
468
2303
2616
2543
1707
1966
827
497
2753
646
2616
1547
2550
2133
827
366
2439
618
2550
2303
2616
694
537
685
1297
1113
2435
39
39
211
2362
2303
969
1705
1139
2019
1288
1705
1139
2362
1480
1217
1217
1217
186
1139
189
1396
2360
1271
1271
150
1480
150
1480
2703
2426
1217
759
1022
395
1217
139
2426
1217
1022
395
131
1217
131
131
139
346
346
1022
2550
1259
1143
1759
2340
346
100
2362
2145
958
615
1721
1754
1969
1480
2217
1193
2426
1001
2703
1480
1217
1217
1217
186
1139
2033
1480
793
753
2426
1217
2300
2213
793
1621
2426
1217
1139
66
1217
793
1544
1022
1520
1143
1022
1295
1006
1217
2511
2204
1718
1217
2511
2204
1022
2511
2204
1022
2511
2204
1022
2511
2204
473
2511
2204
1022
2511
2204
473
2511
2204
1022
2511
2204
473
2511
2204
1022
649
2511
2204
1022
2511
2204
1022
2511
2204
346
2511
2204
346
2511
2204
377
346
2511
2204
377
346
2511
2204
377
346
2511
2204
377
2482
1295
1616
801
1721
1944
192
1539
346
574
574
2362
737
150
395
150
395
2372
1193
395
2372
395
1193
150
2362
2432
2133
1193
2362
1193
1193
969
2360
1193
1193
2362
946
1193
1193
1217
1193
1217
1193
1217
1721
1754
1744
1217
2119
150
2426
2480
746
1620
1689
1217
1975
2545
2119
86
2426
1193
615
1217
2454
1327
1217
1620
1921
1650
192
2119
1006
1217
1648
1396
389
2119
1395
406
2362
1297
635
804
2426
565
2426
1640
1102
2426
2454
1092
2733
2362
1006
2426
1217
1648
1480
1786
1327
1249
1620
1223
1721
1648
2647
1327
86
1854
1620
939
729
2753
2084
2391
2571
1297
1217
2691
1208
2550
938
2263
166
2753
2033
1721
31
96
2691
1721
1368
2573
1297
574
333
2426
1648
2571
1396
799
2550
2486
39
39
211
2362
2303
969
1286
2464
516
2303
640
1467
1026
2550
2426
1396
1786
503
2362
2303
39
969
2303
2303
2362
753
1498
2511
1498
2511
468
2303
2616
1944
1490
2616
2214
1407
969
497
2439
618
2300
2378
1128
2740
1545
2543
278
2133
1648
1297
178
497
497
2753
2449
773
702
1648
160
306
1648
1297
2023
2426
1650
2426
1640
2454
2414
2414
1648
1297
2300
2303
2616
86
2214
2389
1892
1659
2616
1660
618
2426
497
1648
1297
1237
2077
2550
2717
191
1490
2300
2550
1988
753
773
2511
2204
2754
2026
969
2258
1131
1957
209
1424
2200
2414
2300
670
1591
2533
468
1297
815
2511
773
1718
773
472
2204
384
15
902
1286
2265
569
1396
793
2378
1512
1735
1022
2424
1923
545
1223
1148
2497
1639
1639
793
917
1109
1639
2041
1148
2664
2010
2340
1336
1726
190
2643
2002
2753
60
468
842
572
2204
2728
2028
2204
1887
1104
2785
815
2511
773
1718
773
15
1704
1490
1923
1109
489
1343
2093
1490
209
1424
1550
468
615
2777
2265
755
2396
2204
2550
2265
988
1550
2428
209
1424
1550
1836
368
1897
107
1061
131
2426
131
2426
1626
1396
2426
2651
2607
468
1498
2511
209
1424
1498
2511
753
965
116
1480
1498
2511
160
1327
1561
2032
2539
858
965
851
858
635
1283
1396
1396
385
2542
1511
959
72
1928
2362
2329
2329
2362
52
468
1498
2511
1424
1550
133
1030
1913
1498
2511
2213
1498
2511
1030
2109
1136
1424
1550
209
1424
1620
1616
2357
2204
2550
1498
2511
468
1498
2511
1424
1550
1238
2204
1680
2265
1554
753
2511
2204
1030
1006
2121
2209
1324
488
2591
1336
52
2119
82
1336
488
606
2247
1370
1413
1030
468
1913
1498
2511
1498
2511
468
1424
1550
1387
2329
1676
72
910
2119
612
72
1223
1660
2598
2329
910
1925
1387
656
2227
1720
2518
168
487
2441
2269
1336
123
2269
2769
2598
2661
1710
2476
861
2539
2204
2227
1342
131
827
910
802
962
473
2753
2227
1676
473
374
1697
1385
827
507
116
2204
468
468
242
1357
2215
131
827
470
746
1590
2616
1733
131
827
2300
827
910
2664
471
1090
209
1424
724
1136
1561
1024
470
712
1906
489
2753
588
1561
2168
1733
1073
1259
712
2108
1906
1561
1406
827
31
1733
31
1653
289
1653
2269
289
2311
2769
2269
1015
1099
1739
2753
2671
1561
2168
849
2167
2168
1703
349
2669
1927
1024
280
13
1633
2362
2654
2046
332
472
704
2528
1336
563
1108
2204
2528
1482
1407
827
1015
1161
901
1991
351
2046
238
2097
1015
2185
1336
1144
1586
1571
1561
1826
2674
2108
2108
238
2439
827
2337
2108
901
2674
77
238
2097
2528
1131
2362
15
150
1161
901
238
31
31
31
2362
1855
1366
2679
1282
861
623
2434
2542
62
556
556
556
2337
909
2674
740
823
2049
2168
351
1653
2528
2362
150
1161
901
238
31
31
31
2362
2030
2528
2668
2269
1561
1437
827
238
827
31
2598
563
1108
2204
910
1229
2703
1048
2259
1341
2007
315
2282
910
836
2528
2362
2236
1193
1161
901
238
31
31
31
2362
2269
1561
26
1855
31
2528
1511
2254
1144
1720
2269
1561
31
280
2428
13
77
2528
238
2108
1342
213
1653
2285
2007
2352
86
2669
269
31
1015
31
31
2603
2265
1720
2269
1561
2265
26
2550
2048
2362
2236
1193
35
1048
2259
1193
1161
901
31
965
31
2362
1053
2259
2530
2769
2269
1015
1852
1015
289
2068
172
695
2362
827
69
827
69
827
2311
2528
1795
2269
655
1107
2337
2119
2043
925
2362
31
1838
1466
78
2362
421
2732
1795
2039
72
901
1528
1360
1821
1697
1001
1107
2337
2269
505
910
2119
2269
31
1838
2039
2491
2482
2108
1852
2098
1627
1550
553
1019
1342
1284
2300
1697
706
537
471
1413
471
1073
938
775
131
827
2108
1561
565
2269
1648
827
1297
72
2269
31
72
840
276
768
234
1103
1653
2528
712
794
1561
2269
2671
2046
925
200
901
470
712
1906
2753
588
1561
2168
1733
1073
1259
712
2108
925
2560
1831
1038
2108
31
385
2769
2269
1015
1906
1342
280
665
775
827
1161
901
1720
2528
1341
1720
965
1093
2528
1544
2108
2045
2362
150
1161
901
31
2362
470
2426
2362
150
1161
901
31
2362
86
716
2247
2269
1561
31
2550
2528
1511
836
2528
69
1343
2528
69
1297
2209
910
949
2454
2209
2362
150
1161
901
31
31
2236
685
1369
1193
31
31
1161
901
2362
2528
1511
2542
31
1015
2269
31
910
2269
1561
2269
2753
131
2426
1826
31
31
31
468
209
1424
1550
489
1567
2345
2113
1259
1082
705
1479
827
290
471
2282
2122
2204
1232
528
1561
827
1616
121
468
2729
1498
2511
472
773
210
1396
621
615
2426
2300
2753
1396
621
1539
1773
1741
1621
1015
2747
2030
1396
621
1773
2476
2426
2432
221
1045
120
1561
2426
1557
2324
2428
1444
1396
621
2560
809
2543
2428
1479
1015
1825
853
1313
2559
226
1015
1574
2428
58
2426
823
1396
621
209
1424
1550
244
2452
2619
2228
925
100
44
2571
746
1498
2511
565
773
1520
1145
1298
2146
1708
863
209
1424
2753
253
1298
489
1490
807
602
2075
773
2698
773
1298
473
2017
468
1826
773
1274
470
160
1490
1795
2020
1064
2017
2749
2017
251
773
1795
1676
773
921
2265
1442
2340
2226
2616
793
1591
2362
314
150
2426
2624
1297
2511
2204
2511
2204
2511
2204
2511
2204
2511
2204
2461
2511
2204
2511
2204
2511
2204
1157
2511
2204
346
2511
2204
346
2511
2204
1799
1444
2511
2204
2204
2204
2511
2204
2511
2204
2511
2204
2511
2204
2511
2204
2226
2362
209
1424
773
1297
1498
2511
468
1896
1498
2511
1363
1139
2119
903
377
96
1036
1987
1139
1791
2119
1363
2213
967
191
1102
1297
171
346
1022
1297
673
1076
1297
2300
133
1363
346
1022
1720
2484
1297
1363
1139
1987
760
2550
1363
2069
2571
2550
1363
346
1022
1701
160
2378
1363
1022
1987
1299
133
1363
1297
2426
1640
760
333
2426
1987
1594
333
2426
773
2571
1189
773
2689
1944
1520
2040
1676
773
160
306
773
1274
2564
209
1424
773
1498
2511
1363
2550
760
333
2426
2550
2426
1296
1363
1193
753
532
773
2204
1498
2511
773
1676
2755
2444
2484
937
468
1297
1299
2265
1944
1490
1498
2511
773
801
468
518
1297
472
2449
2378
333
827
967
1648
479
1297
2449
2378
1243
333
827
2633
479
2694
1297
1299
1884
1648
333
2426
1987
967
1648
2378
2671
1297
2454
2372
1297
1539
2378
333
827
2378
333
827
702
2372
1297
615
967
1648
2372
1297
1539
1617
1022
1594
333
2426
248
1648
1539
1594
1139
967
1648
1095
702
2378
333
827
753
773
1498
2511
2213
1498
2511
1128
1253
664
382
1128
605
1676
472
1343
771
2727
1468
435
1620
2265
2360
2727
1804
364
316
1825
2482
807
965
1468
1804
1620
2265
2727
1468
435
1620
1498
2511
2254
604
1570
989
1975
2488
1176
682
1595
2647
473
1595
2647
1720
1641
1804
31
1545
1804
760
2566
2441
962
41
1068
2019
468
1297
2593
1554
2362
1313
2511
2204
2223
2727
2170
1129
1295
314
1313
2195
1355
2511
2204
2727
2511
2204
1804
1804
1804
2511
2204
1804
2511
2204
1804
2511
2204
2727
2511
2204
2727
1192
2511
2204
2727
2511
2204
2727
2511
2204
1804
2511
2204
2727
1773
2511
2204
2727
1773
1795
347
1795
314
997
1795
997
1261
314
965
1166
1193
1166
1193
1166
1193
1166
1193
1166
1193
2259
1166
1193
2259
2511
2204
2727
2511
2204
2727
1166
23
718
2362
1559
2265
801
2753
2135
2265
1498
2511
2727
801
2300
1030
773
801
2362
675
801
565
86
965
2362
2727
2362
1069
2727
1355
764
2727
1804
729
1116
1975
2322
2559
1363
1030
2352
2063
2265
316
1773
1407
965
468
1498
2511
1424
1550
468
1498
2511
2777
2352
2065
1030
2476
100
1837
882
2597
2733
1618
1425
2428
2023
1326
96
2597
100
882
1568
1218
2597
2143
91
1327
2597
1837
2484
666
1015
1275
1670
1758
100
1837
882
2127
1336
1720
100
882
170
1837
882
100
882
2567
1618
2597
961
2288
1286
197
2204
1611
666
1561
1327
100
1323
759
2597
2597
2427
2045
2325
1837
2597
1817
2204
1570
2731
753
1580
1561
2204
1445
2194
737
617
1445
2194
1913
1498
2511
1363
1498
2511
2550
468
1913
1498
2511
2213
1363
1498
2511
209
1424
468
512
364
772
2738
1030
847
2265
73
272
374
1006
978
2651
2739
1457
2542
1229
1559
2651
2069
2632
1030
133
1030
1498
2511
2559
770
1686
1450
1030
1174
2204
1795
1717
2204
1795
2204
1717
2204
1795
1717
1030
2204
1795
2204
1717
2204
1795
1717
2204
1795
2204
1717
569
1450
664
2204
1795
2204
1717
2204
1795
1717
2204
1795
1717
2651
2204
1795
2204
1717
2204
1795
1717
2204
1795
1717
128
2571
1396
910
1537
1686
2651
2069
2632
2454
1686
2028
1336
2204
1795
1717
2204
1795
1717
489
1021
1509
2370
1817
2651
2227
372
1283
2454
1686
2028
1336
2028
2753
501
1055
1481
492
1292
759
847
1557
615
902
2753
537
1030
939
492
1299
2651
978
1030
2352
1512
2379
2028
2669
1818
291
1870
2204
1795
1717
1406
2454
185
2651
978
1180
1030
1297
468
1498
2511
1424
1550
1297
1975
773
2226
1249
1258
160
306
1498
2511
1102
2063
2265
1754
773
209
1424
1550
773
753
1424
1550
760
375
2525
2117
2288
2597
2581
2362
1572
175
51
2548
2362
1327
2454
2426
1327
1915
1327
1917
636
636
1327
1247
1837
278
2362
2560
65
2366
2466
2288
2288
1837
1561
1327
2493
2256
1906
1015
571
885
1147
1154
938
2589
904
1702
1895
1030
2706
1718
2300
1525
1487
2143
2753
52
1957
955
1837
1015
773
1498
2511
910
1957
1090
1514
2288
2300
118
2288
1574
540
95
1487
635
2288
886
635
514
197
635
2511
2204
2269
1561
2143
374
2428
2143
2050
2257
2511
2204
2727
1913
2204
2725
932
2511
2204
2269
1561
1702
268
1498
343
2526
343
1718
1642
268
314
1837
314
1837
1965
672
1739
1224
2488
374
938
704
1155
1472
1895
1518
185
760
375
2525
2117
2288
1739
1224
2488
861
489
2204
687
1498
1523
2686
1487
286
294
2300
888
2729
938
1487
534
2257
1874
2421
1487
34
2641
910
38
773
1498
2511
294
2300
888
1019
888
503
601
2205
2362
2686
2362
221
2686
1561
1837
1327
2204
2200
339
374
938
704
1155
1472
1895
1193
1773
2143
1233
1561
910
1895
161
1102
1487
185
2282
2582
74
2593
910
2356
2362
1940
1940
441
2464
1915
2464
1917
636
1965
2058
907
2464
136
827
2269
278
1327
2454
2426
1327
1915
1327
1917
636
636
1327
1837
2362
2269
407
2288
2360
700
2030
2597
2257
2511
2204
2727
1913
2204
2725
932
2511
2204
2269
1561
1702
2362
1155
1837
2119
1837
2119
1837
2362
1154
2063
26
1718
2300
704
2030
2597
910
1479
1327
1500
764
648
908
1837
814
2257
2511
2204
2727
1913
2204
2725
932
2511
2204
2269
1561
1929
596
330
2257
1896
2511
1930
2204
1671
469
1776
1580
1189
1189
716
2063
2204
468
2332
618
1297
374
1342
131
827
465
468
1297
2753
65
607
1342
2265
2204
1381
1640
1620
2426
395
773
1297
2001
1157
1620
2550
618
2336
1336
2336
2142
2550
197
1363
896
2426
395
2372
1297
1363
2019
885
1819
618
773
2204
1343
1754
2265
2352
1030
2265
794
463
823
773
209
1424
1550
468
1424
1550
1264
2625
773
2426
2484
2306
2689
473
2618
1060
2193
2674
265
1060
979
265
2204
1274
2381
1283
468
1498
2511
1424
1550
209
1424
2597
729
131
2426
1167
1477
150
2597
150
2426
2661
2703
2204
2597
1826
1353
131
827
2597
2607
150
2426
2291
1800
1342
1860
1322
830
1310
606
2753
2254
2412
921
612
2102
485
2204
2753
2098
2607
380
2454
2769
2362
2426
2275
793
2275
1580
2275
2362
1168
2300
2362
2426
2597
2360
2598
2572
2426
2597
764
2426
1918
2426
2597
1826
558
2426
2597
1167
2047
2426
1747
131
2426
1380
969
2426
2426
2597
131
827
2426
2597
1488
1795
2753
2426
2597
2204
910
2063
2265
51
1561
2481
2607
1954
1999
131
1479
1561
549
118
2615
131
827
570
171
131
827
2661
95
2204
2753
2098
2607
380
1342
1632
131
827
1117
1567
921
131
827
2436
1592
2753
721
2078
83
95
2265
1190
288
275
1654
468
1297
209
1424
382
2265
2528
1511
724
1015
753
773
1480
1498
2511
773
801
1913
1520
346
2300
1363
2213
1363
1480
1498
2511
1324
1639
760
1547
760
1304
2138
299
2206
2170
1129
62
969
1324
771
1324
1639
760
1547
760
1304
2138
299
2206
2170
1129
2298
2733
468
1498
2511
1424
1550
2300
31
2772
1363
1498
2511
468
1498
2511
1424
1550
468
1913
1498
2511
468
1363
1498
2511
910
1773
544
2336
1319
677
652
544
1944
910
1773
544
2336
1319
677
652
544
1944
753
773
468
1913
1498
2511
1424
2063
1363
1498
2511
2265
2360
131
1791
2597
2120
2378
962
1530
932
377
1616
2170
2597
2119
1791
2323
1620
2543
2378
2349
2300
932
377
209
1424
1312
146
1368
1574
965
685
86
2616
1327
2063
773
2538
1958
1128
1824
2265
569
2063
1297
2273
2487
2550
1336
1866
1743
847
1520
2298
2550
2326
1795
2571
2063
5
2495
2103
847
2753
949
847
448
209
1424
1297
1975
2227
266
2621
352
1336
1009
2360
1116
1813
1675
938
1853
847
1297
2204
1913
242
1956
2204
1396
998
2204
769
1817
2204
489
1093
150
299
2449
1850
971
325
1804
2
1261
1140
118
160
1636
2258
1812
1928
1957
1804
31
2637
204
2265
1804
2258
1975
1957
1406
1804
971
2570
2379
641
96
615
2222
686
2597
1804
1957
1299
2653
691
2691
1975
641
2488
2557
1620
2257
2511
2204
2727
2204
2204
2725
932
2511
2204
1804
423
1804
1641
191
2546
1641
1804
1286
1329
2295
1787
1641
1641
682
1804
1113
1823
31
402
873
2
2257
2511
2204
2727
2204
2204
2725
932
2511
2204
1804
2428
381
2322
2454
2362
1574
760
2204
1913
769
1817
2204
468
1022
218
2265
1425
2071
773
1480
2247
553
1635
1195
1561
2413
2643
1944
214
1653
1479
930
1078
1524
2265
1030
511
1022
2407
939
468
930
1078
537
1490
2559
2661
1479
1972
2643
2075
2700
1561
637
15
1471
2643
1944
1561
2559
2377
2116
1471
635
729
1015
2413
2643
1754
1832
250
753
773
1366
2204
753
773
1030
463
2413
2623
2043
1366
15
2120
2413
556
753
2643
2075
1488
2377
1366
2204
15
2361
2413
2347
827
1561
1785
15
1231
1477
2426
179
1477
1561
2377
341
2413
2630
569
341
2300
1944
2428
1944
2377
1561
2566
1591
649
1984
1944
2377
1561
2360
2001
62
2377
2043
1269
823
1477
1015
1327
341
2413
1944
299
274
2431
272
583
1327
2703
1561
2595
732
1865
2300
341
1591
2643
1944
2115
1720
2361
429
2752
607
1207
341
2413
2630
569
341
2300
2377
2691
861
2001
823
2691
2413
1754
2413
1561
2377
2643
1754
1561
2103
458
667
1648
1847
472
341
2300
2643
1869
1944
2691
2753
2300
516
910
1561
1269
1155
2643
1944
192
2339
2043
2426
615
341
1561
2489
1395
401
1477
2426
1060
491
1477
2426
1269
761
1015
2178
131
1015
823
2426
913
1773
516
1477
2426
2120
794
2361
1477
1471
2377
2193
2041
1472
470
1477
2308
615
2043
2223
2769
2377
2300
773
1036
639
2720
2007
279
1477
1561
1598
2742
2361
2428
2754
2347
2691
1488
274
341
1133
2686
2377
773
1297
468
1297
1754
1490
1498
2511
209
1424
1550
52
1014
626
1437
2267
2635
467
2360
1632
2566
1463
2773
2773
13
773
2119
52
2367
2550
2204
884
1721
2408
2204
2711
368
681
2214
2204
2711
908
2204
2711
2204
2711
2204
2711
2204
2711
2204
2711
2204
2711
2204
2711
2204
2711
2204
884
1721
2408
2204
2711
368
681
2214
2204
2711
908
2204
2711
2204
2711
2204
2711
2204
2711
2204
2711
2204
2711
2204
2711
2204
2711
884
2408
2204
1145
2043
969
368
681
969
2204
1145
908
2204
1145
2204
1145
2204
1145
2204
1145
2204
1145
2204
1145
2204
1145
2204
1145
2255
1826
2255
528
361
1826
2725
361
1162
2374
187
1721
2725
1721
473
832
938
884
2360
1721
2360
368
681
2214
2204
2711
908
2204
2711
2204
2711
2204
2711
2204
2711
2204
2711
2204
2711
2204
2711
2204
2711
884
2360
1721
2360
368
681
2214
2204
2711
908
2204
2711
2204
2711
2204
2711
2204
2711
2204
2711
2204
2711
2204
2711
2204
2711
884
2360
1721
2360
368
681
969
2204
1145
908
2204
1145
2204
1145
2204
1145
2204
1145
2204
1145
2204
1145
2204
1145
2204
1145
1801
2245
1908
1795
657
773
2025
2441
2398
962
1621
565
2464
1477
2426
2597
2269
753
1616
1740
2664
1477
2661
1528
773
597
1030
209
1424
1550
468
209
1424
1480
2213
1363
1550
1297
468
1297
468
2449
1232
2124
2550
1452
215
1715
1498
2124
2511
2499
2204
1913
949
1756
467
1529
729
1457
299
1430
773
219
949
1692
263
1430
1261
1297
2684
423
1490
214
2549
352
391
2549
352
2244
2113
1022
773
791
702
214
503
468
1490
153
1297
2684
759
1022
1430
1261
1969
503
1849
263
910
2639
802
1795
2408
2020
1893
1498
2511
2265
2245
2328
2600
2758
615
1363
2221
2362
1326
2257
2204
618
2204
1559
1640
1396
773
2497
2028
1336
2362
2204
773
2511
2204
1297
2204
773
2511
2204
2651
1837
1826
2426
2426
2676
1826
2426
2676
1826
2028
221
2214
2362
1430
1261
2676
2198
1923
1726
2426
1462
1258
2418
2426
975
702
773
1795
1575
1739
1988
1261
2362
1905
1258
1613
1640
773
1668
975
2113
1258
1180
182
1039
1258
503
1180
1208
1774
252
1726
2426
1462
1258
2418
2426
1051
2595
1258
794
221
1102
2597
1026
1498
2124
2511
2499
2204
1913
1715
2511
2204
1022
503
2373
2107
2538
314
2645
1223
2645
2645
2645
2645
2645
2511
2204
1022
2447
1036
2616
2447
1036
2243
2447
1036
2243
314
1036
2616
2243
2616
1914
2255
1232
1914
2255
1795
1914
2255
1232
1914
1311
883
1914
1914
1026
1498
2124
2511
2499
2204
1913
1715
2511
2204
503
2373
2107
2538
314
1726
2645
1223
2645
2645
2645
2645
2645
2645
2645
2645
2645
2511
2204
2447
1036
2616
209
1424
1498
2511
468
1913
1498
2511
2247
2213
1363
1297
978
216
2727
2481
100
118
1795
1261
2226
2362
2301
2727
2481
1754
773
1498
2511
1774
978
2511
2204
377
2727
503
2373
2107
2538
314
2645
1223
2645
2645
2645
2511
2204
2727
978
2447
1036
2616
2447
1036
2243
2447
1036
2243
314
1036
2616
2243
2616
1914
2255
1232
1914
2255
1795
209
1424
1363
1498
2511
1913
1498
2511
468
1498
2511
1944
1490
704
209
1424
1550
2729
1030
281
772
1209
1250
2204
2269
2426
2269
1380
351
1739
910
585
1131
1030
1975
758
209
1424
1836
2193
771
816
684
2127
1030
706
364
2204
2269
2426
1836
1726
2481
2269
1380
1030
281
1692
816
1250
2269
1167
493
2685
2204
2269
2426
2193
1889
1801
481
1001
1097
2204
2269
2426
1343
2204
2269
1826
2685
2204
2269
2426
2597
902
2524
150
2269
1380
2753
1942
131
827
2597
2204
2193
2426
902
1368
1030
764
816
1250
2204
2269
2426
641
671
2566
1561
2269
479
2191
1635
1836
827
2269
2193
602
1209
1131
2204
2528
2269
1380
1232
2754
1263
2129
467
2342
2044
401
2528
2269
1380
2528
1436
1179
2653
191
2441
2467
1154
442
818
2762
393
198
65
2265
1678
2500
1239
2386
1250
2269
1380
2735
1209
401
1133
1187
2269
1380
1045
772
430
1648
2441
2269
1167
1330
2653
1648
816
2740
2703
772
430
368
2753
155
2528
2269
1380
2752
955
1678
2193
543
772
1209
1330
2001
2528
2269
1380
1144
364
2441
2398
2193
2269
1167
2200
2193
861
1250
1094
772
430
1480
2193
1889
14
2265
468
1297
131
368
805
1975
1957
2544
835
618
1498
1523
2204
118
2511
2204
687
1230
468
2204
2204
1718
131
368
805
1975
1957
2544
2063
2362
2204
2725
932
2511
2204
618
1297
2204
2725
932
2511
2204
618
1297
737
885
1640
2362
773
1430
1298
374
2200
1923
2362
150
1193
395
150
2362
2769
1309
760
1285
1249
1193
851
2133
1193
2391
1303
468
1498
2511
773
1498
2511
2543
2063
1396
373
1006
710
1896
1550
2247
118
2063
1225
2467
632
2273
1207
2204
1144
44
841
2063
1480
2204
2777
1923
1978
773
2239
1479
2303
2691
1111
1329
209
1424
2740
2182
133
2362
618
131
131
131
2119
1837
2362
747
2332
131
1942
2772
468
1720
138
146
1336
1720
764
52
906
2247
1370
468
1498
2511
1913
1498
2511
773
2063
2608
1824
655
430
1626
1336
1498
2511
1913
1498
2511
1363
468
1984
2338
2075
209
1424
1550
209
1424
141
98
1283
1154
1658
1029
374
2256
499
2474
2542
1283
2426
251
1704
2204
1144
1283
1773
2426
260
631
1520
1006
876
1826
468
2265
1720
237
2528
1498
2511
1424
1550
861
2703
938
951
2628
241
938
1995
1343
537
2139
570
2769
1526
516
1692
685
2674
910
1162
2204
2725
2144
938
2144
938
2204
2725
938
2299
211
1720
1845
2204
2725
2543
2753
1845
570
2300
1762
309
489
2548
1739
910
503
1045
1931
685
2543
2548
2616
2045
1407
969
2214
686
2543
1639
543
794
1718
1767
1639
2573
1155
1721
2204
2725
665
2550
409
2204
2725
925
2428
1648
735
938
2038
1479
2542
211
1580
1561
2300
1336
2193
211
211
1580
1561
2217
696
2550
1594
2550
1594
2550
2550
2543
1594
2550
1155
1561
2047
827
279
150
473
473
1001
1326
2550
2550
2368
2655
2550
473
1001
472
503
503
1618
14
2550
2360
2300
2204
2725
1061
2204
2725
2098
2550
1095
1739
516
2766
2144
711
201
733
2521
1093
740
1969
1773
116
733
962
1297
2635
685
2595
470
2360
2550
1650
2300
96
133
1030
1297
1128
2608
537
2600
605
2265
468
1022
490
2352
1030
1547
2674
296
1396
1139
1129
286
1136
1297
2635
1128
2740
2063
773
1490
1676
1196
492
920
2265
1289
427
2204
2725
2382
2007
711
201
733
2521
501
1559
998
2204
2725
2769
2204
2257
2204
1022
1712
2300
1773
2483
2772
733
514
2426
1801
2550
2093
733
2550
1309
1
605
1969
2362
2362
1041
1773
81
2093
2712
733
962
1980
2703
733
116
2543
116
733
100
641
600
735
938
1482
272
2204
2725
1648
733
1343
2773
827
2436
150
746
553
2769
733
910
1162
2204
2725
2144
938
665
1131
733
373
1080
116
489
2548
427
573
516
514
211
2204
2725
454
2303
2204
2725
910
653
2422
769
2441
2398
853
2356
1093
2543
2740
2204
27
2258
1561
2753
1336
211
2753
283
2204
2725
1670
1561
2661
1479
2542
1336
405
211
2619
2595
470
2360
2550
1650
2300
665
1131
733
373
1080
116
2360
733
2349
685
2360
2550
2439
618
685
1429
618
2360
2550
131
827
211
2258
1561
2426
721
131
827
827
1648
185
2204
272
2007
1338
938
1639
2204
2725
211
2258
1015
2753
1638
746
2428
1501
2007
2265
2715
569
1396
109
494
2386
2753
630
573
2722
1166
910
374
1567
2769
962
1139
1129
1022
2349
286
1136
2671
1562
2347
1139
1145
2528
685
2668
2305
618
1767
2007
899
2204
1704
910
109
575
131
827
2265
2396
2204
2598
2269
1400
1117
827
827
753
278
1395
746
2269
962
753
1969
2769
753
1670
131
2426
2300
134
1336
2145
2269
2349
827
685
2668
2305
618
489
1639
1559
728
1256
910
346
1166
503
775
618
2098
910
1139
1129
2668
685
1336
2397
2616
685
2204
2725
1648
733
1343
2773
827
2436
150
746
553
2769
733
1343
2139
2329
1845
733
910
1617
861
2703
938
2144
938
2204
2725
1902
2144
309
2204
2725
1093
2144
2204
2725
2543
489
1155
1721
827
1721
2427
2043
2360
2204
2725
2543
2598
685
2360
756
685
2043
630
685
1343
2204
2725
2300
792
2193
211
150
2426
733
150
2426
1707
1068
2144
2769
309
489
2454
309
2144
26
1635
827
150
2300
910
2521
211
1561
2137
1327
939
2441
2398
2358
41
2607
385
1660
618
131
827
211
2258
1561
2426
721
131
827
827
1648
185
211
1561
1093
2193
211
2204
2725
2193
211
1289
1297
1140
2753
4
1297
2258
211
2217
211
2426
2120
1297
2258
827
2426
2441
2398
2360
2441
2398
2336
309
2144
2300
516
733
211
1561
150
2426
2300
1594
211
1561
910
472
733
2300
211
1561
2543
733
2349
2300
1095
2182
2245
686
31
2598
51
2300
409
2360
2360
694
516
489
211
1561
1093
2193
211
2204
2725
1336
910
51
608
1594
1297
1618
1155
2217
211
1561
86
2204
2725
565
1594
1297
150
2426
1618
1195
776
1113
1713
1297
150
2426
2543
1618
2217
1092
503
503
150
2426
2217
2550
503
503
1648
1155
2217
2753
4
1297
2258
211
2217
2691
910
2217
1594
1139
831
1594
1297
211
1561
86
2204
2725
2300
2217
2550
1594
1022
26
1635
827
150
2300
489
473
2521
211
1561
2137
1327
489
2134
733
71
185
2729
211
1561
185
910
2521
1561
2137
71
733
221
312
1344
1096
2204
2725
2204
26
794
1297
2329
2204
1297
878
209
1424
1550
1297
209
1424
1550
2103
847
756
1367
793
2308
413
2441
1773
793
1905
2454
746
209
1424
468
1498
2511
1616
997
2733
1336
209
1424
1550
468
1480
1498
2511
1480
468
2265
2753
314
1997
2606
869
1498
2511
1297
773
2559
209
1424
1297
773
1480
1424
1550
2560
2063
2360
346
2550
932
1363
2481
346
2745
1539
2550
1906
1010
1085
2632
2396
809
1351
2213
1363
2300
374
2213
2544
2357
1913
1070
116
209
1424
1989
1754
312
997
1480
1498
2511
2247
346
2356
2458
977
346
647
2550
1969
2063
221
1795
2360
2550
671
823
655
1030
1975
262
1635
1797
2559
2426
2360
2193
2550
2360
910
1518
2362
965
1826
2559
2426
2362
2729
1030
2028
1561
2269
451
772
2235
1731
1366
577
344
2245
344
2193
344
1144
472
2360
2193
479
468
1498
2511
1363
1480
339
1498
997
585
2063
2045
1498
2511
2063
2204
1498
2511
2357
585
2063
436
967
1648
1102
2025
122
2378
209
1424
1261
160
657
1440
1479
545
1110
545
1479
1547
1243
2378
663
2245
1526
746
1479
2158
2378
753
772
967
997
2378
753
997
1297
1022
1297
2449
116
1479
1297
1639
545
906
1400
2414
1243
2378
2372
1297
161
116
545
1566
1895
1479
1297
1479
140
840
1479
272
1297
1070
339
30
1363
2378
1653
2378
346
2379
910
2019
1026
1721
468
1498
2511
1424
1363
1139
876
1363
1801
346
2555
503
1363
2378
346
641
2502
1895
2063
2362
2397
326
1721
2378
2426
1721
1721
2379
2362
1193
1721
2607
2258
2362
1297
2426
1721
282
2464
1363
1022
2378
1180
2543
346
2204
2265
1772
1408
1363
1139
876
1363
1801
346
753
1969
773
1498
2511
2753
436
1297
209
1424
1550
1297
1363
1297
1913
209
1424
1550
2028
2441
116
550
1082
2528
990
2668
52
2183
52
2289
1024
910
498
2754
463
51
470
2193
1001
2339
2043
2753
1648
827
2043
2043
2043
2193
910
2259
2222
2362
2236
1992
2259
131
341
2362
2528
2773
2043
2043
827
1648
2043
2193
1357
2528
52
2120
2426
341
2332
1969
2568
341
1676
160
72
341
773
468
1297
2047
2426
2259
602
1648
2441
2545
2352
773
1648
2441
602
131
2426
2545
1490
2528
2559
2258
2247
967
2517
2028
2441
116
550
1082
2528
990
2668
52
2183
52
2289
1024
2671
2321
990
2454
775
2183
2769
2426
116
2441
2398
463
827
236
2028
2441
116
161
463
1278
827
2001
2245
1341
1030
2528
1511
773
2362
932
2511
2204
2528
1297
932
2511
2204
2528
2651
2183
965
2183
2183
618
618
618
965
618
1269
618
965
883
2214
618
618
618
618
618
965
618
1269
2214
542
618
542
965
542
1826
1837
1826
542
1826
2362
1520
2362
1253
2753
2203
1279
181
2426
1720
2259
2236
1193
1992
2259
1193
685
685
2528
685
1987
1053
2362
2528
150
822
2393
2250
2245
1648
1561
2426
2428
1168
1357
116
793
2753
1648
827
2528
2362
2236
685
685
1369
1369
1193
1992
2259
1193
1992
2259
1193
1992
2259
1193
1826
822
1826
2428
1826
2258
2362
801
2528
52
1786
773
685
2379
2528
207
1520
751
2586
2245
2438
793
2753
1648
822
1488
77
2393
2250
822
1488
77
2393
2250
822
1488
77
2393
2753
1648
822
1488
77
2393
2250
128
806
921
1648
2426
2776
1648
2336
1089
2336
2258
289
602
1520
618
618
618
965
618
1269
806
1648
1603
809
806
2573
822
1488
77
2393
2250
1681
2528
1511
116
2336
2185
131
2426
2258
1561
1865
1223
2754
2200
2265
2715
910
2496
1406
2193
1001
1648
2441
1406
2265
2325
2788
2247
321
2662
1288
2265
801
1520
2204
1452
1455
704
793
801
2528
52
1786
773
685
2379
2528
207
1520
209
1424
1550
1754
1298
1297
364
888
1012
2712
773
492
1030
2550
95
2265
2511
2425
1139
386
1539
2753
116
1554
209
1424
1030
1480
1498
2511
1261
2204
1381
773
618
543
479
2269
479
1022
844
1343
2220
473
81
2063
1479
1750
55
801
1490
1022
209
1424
704
468
1480
2265
2063
664
1490
2293
2753
2204
244
309
2643
2753
945
159
414
2258
463
2643
1343
2619
2769
1408
861
1045
771
773
1498
2511
1424
1550
1297
471
2245
1343
289
131
556
131
556
965
131
556
965
1023
116
2360
209
1424
1550
209
1424
1297
1498
2511
2145
1437
2671
1640
1561
2607
1280
715
2607
1574
827
1368
472
253
1437
2214
773
2689
2703
1675
773
2204
2725
921
773
2538
920
773
2164
118
1498
2511
1498
2511
1424
773
1498
2511
1343
771
468
1498
2511
2428
1957
1363
209
1424
1367
825
2492
1960
1498
1718
2454
489
1424
1424
617
888
1741
1424
2183
617
2205
2183
1498
343
1416
2725
825
1498
2511
1890
160
2716
1532
1777
664
1292
117
2246
2387
2543
664
206
1570
707
2204
2257
2204
1022
2753
2246
2200
664
2257
2124
2204
1715
1343
1365
2536
1377
1274
1389
897
1661
1570
1274
1661
1490
2408
1274
206
1490
1804
664
110
2523
1804
377
2408
2254
2015
116
1550
2456
1570
1804
660
202
1795
1661
1570
1804
1490
910
1806
2712
2408
1676
660
202
1795
1661
1490
1804
2426
2481
1676
794
2408
910
1537
1529
1339
2745
2786
1090
2362
910
1795
1490
910
824
2500
2126
2408
2328
2454
1490
2500
2716
569
1071
2408
1490
577
1567
185
442
206
1661
1490
2548
1795
1298
1804
1594
1715
2408
1561
924
2716
1636
707
1571
1561
737
2332
1377
707
1490
2408
1795
503
1375
139
1298
2039
1490
2025
1327
2458
2323
664
1377
320
1363
2257
2204
618
2204
2440
664
175
617
1377
2257
2124
2204
1715
315
1661
1570
175
2245
1739
1462
206
1570
1471
118
2204
2523
306
1339
1676
544
1676
773
1490
826
773
955
2204
2523
306
231
2523
2511
2204
2511
2204
2269
2528
2511
2204
2511
2204
2528
2511
2204
2511
2204
377
2511
2204
2528
2511
2204
2754
2026
1978
2511
2204
2197
2511
2204
2528
1376
2753
1462
2458
664
1676
2369
503
2257
2124
2204
1715
2013
2710
2608
2257
2204
1022
2536
2323
664
2716
1377
1804
1791
1720
1345
2408
2257
2204
1022
1676
1713
660
202
1795
1490
1804
711
737
660
202
2408
377
2753
1472
790
1795
2408
2716
1274
2408
1754
1661
1570
206
1570
2716
1377
2585
1490
1298
2752
1022
51
707
1274
1804
897
1661
1570
374
2300
1550
649
2234
1965
2753
65
958
2323
664
160
2716
2227
1923
707
1661
773
660
202
1377
1377
206
1570
2753
664
1040
344
2571
664
65
2753
2728
2712
1896
1911
2543
664
206
1570
707
185
117
1305
1757
2484
2745
1336
1518
1672
1292
707
60
1913
1498
2511
209
1424
1498
2511
1347
468
2204
157
1326
2441
2784
1347
178
468
2265
1821
31
2033
809
2247
967
2262
2045
1937
479
2753
1302
1676
1102
2510
2543
1030
2245
2272
1712
2045
1155
1468
1336
2122
1148
661
468
1913
1480
1498
2511
1480
2200
568
885
1015
2519
1912
568
2019
615
1121
2360
2550
1912
468
1297
2213
2550
1363
1297
753
965
116
2613
1550
1773
264
371
1718
2619
2589
965
1327
1913
1480
1363
1480
2550
2193
2550
1906
2521
1223
1368
2747
1286
2163
877
2559
569
2352
2729
1030
479
1490
116
1286
2753
1131
841
735
938
1067
2424
1347
981
468
2550
744
2784
2247
1383
773
2300
52
2768
2598
527
981
2552
1347
1016
987
2360
2753
2213
2063
1363
1297
2753
605
2265
60
569
2063
1297
1748
1792
47
628
1093
2543
2598
1498
2511
569
2769
2028
1762
2753
1156
2028
1320
93
1981
1440
2028
2616
1547
794
2551
2028
1102
434
2028
1102
1762
2028
1320
640
2611
434
685
1561
1462
827
827
1561
2119
1462
685
1327
1561
2454
2587
697
1381
1462
2426
93
2028
2030
434
1870
1381
753
2426
394
2028
1102
1479
1102
2028
1870
1381
131
2426
1462
2426
394
2028
1102
1479
1102
2028
1870
1381
2426
1576
2030
2587
394
1479
1490
400
697
910
398
685
434
1462
2426
685
1193
1297
2426
910
1836
1561
1561
2352
2028
297
1022
1759
2391
1479
2426
1258
1865
52
1462
2426
1616
771
1363
1022
84
1299
2028
1320
1193
2454
2372
2257
2511
2204
2727
1913
878
1841
1566
2257
2769
209
1424
2257
2204
1022
2247
478
816
2753
1479
816
2200
1490
706
697
468
1498
2511
1498
2511
503
1616
2647
1837
138
1297
1297
436
2204
209
1424
473
1890
2607
553
1867
2036
2288
1286
2635
213
1093
2571
1225
2526
1837
1093
1636
871
1323
1969
2734
1720
209
2691
401
1795
2193
2193
826
503
1116
987
2321
2603
468
802
773
1342
987
2321
802
780
2043
2031
306
1145
1673
2528
1511
957
1561
2269
1923
773
1407
1812
2528
2269
1957
2269
52
773
2538
1073
850
684
2528
1511
1726
289
1400
2597
1400
2753
2519
1400
2597
1400
2528
1511
2119
850
2668
2668
806
2668
806
764
850
2668
806
1400
2534
2668
827
2597
131
2125
2426
806
1400
764
850
2668
806
1400
2534
2668
827
2597
2047
2125
2426
806
1400
806
2597
131
2528
1511
1343
827
806
72
827
806
1720
2259
289
850
2269
2528
1511
910
836
289
836
69
612
2204
1741
769
2597
69
2269
2336
2528
2336
1580
928
2362
2204
2725
932
2511
2204
2754
2026
2204
2725
932
2511
2204
2754
2026
2511
2204
2754
2026
2754
638
2119
2754
928
2511
2204
1718
2511
2204
2754
638
928
928
969
925
39
39
2119
638
2365
925
770
1580
965
2365
928
969
2365
770
39
2362
1793
2011
2379
1957
2605
928
537
2365
928
2615
634
1691
1352
255
1259
770
753
1881
1697
2145
2026
2035
928
2561
2362
1193
2725
939
1128
2428
1554
1754
773
2248
1478
1295
1925
1498
2511
2643
299
2206
1229
1367
2270
847
843
253
1207
773
1805
1297
1913
1704
1180
1139
1223
1006
1109
2449
1430
1108
2360
2548
910
2390
910
982
1261
314
1523
2651
1327
1261
314
2481
2481
2481
1648
2651
2213
1363
1498
2511
1424
1498
2511
767
339
1371
109
346
1620
1093
2559
1143
2426
2481
2336
321
1722
753
827
2360
465
2426
2481
2336
702
1479
2484
2426
473
1778
2362
2145
321
1722
753
827
2390
1795
2550
333
2426
1987
333
827
52
1692
1155
602
2336
2691
1987
2454
333
2426
793
808
2670
1223
686
1988
1987
1371
1131
2265
2245
1408
477
115
2550
793
333
2426
2567
2426
753
881
2597
2340
2769
1211
2226
529
686
1988
2616
605
1299
1320
793
2484
2598
925
2193
2214
2214
221
221
1545
1299
52
2214
2214
221
2550
2550
529
1987
1284
2769
221
793
221
2550
2300
793
2769
1143
2753
1536
221
503
1536
272
2300
503
2204
2245
1143
998
2454
2769
2627
1795
529
333
827
311
1580
333
827
1650
115
2550
333
51
1545
1143
171
729
1886
2204
1706
2232
753
827
1015
2119
1479
1969
2426
221
1143
171
1676
51
2204
2550
529
1987
793
892
884
2598
2204
2753
161
221
2584
115
2550
2226
1580
311
2550
333
827
7
2550
333
2426
1987
333
2426
1305
503
333
2426
1159
2550
1539
2093
51
221
1773
793
1223
1143
2426
753
491
1020
808
1116
1022
1905
2145
1212
1175
2550
214
2550
333
2426
1987
1102
1143
171
279
1143
52
2564
221
283
2329
1399
702
2550
503
2454
2745
2215
1817
2204
680
2204
468
2511
2481
1520
503
503
1490
1313
2511
2481
2511
2481
2204
262
910
1128
1131
676
771
773
1498
2511
2661
95
2560
2063
59
2204
771
773
1498
2511
2108
827
2597
2705
719
2108
827
2597
615
2686
615
2686
1561
2519
2426
615
2269
2597
1561
2482
2703
1852
2334
2108
2528
85
2269
2597
2705
2528
85
2269
2597
615
2686
468
1424
1550
2453
2030
1189
1682
374
1259
1477
61
131
118
2668
1685
1118
1030
1030
1030
1297
1526
349
574
2441
2398
2193
1477
61
827
2753
1030
1570
618
1269
1975
209
1424
1526
349
574
2441
2398
2193
1477
61
827
2753
1030
760
2453
823
116
1836
827
2426
1826
2436
116
618
1269
1773
1570
618
1269
1975
939
1175
1030
2453
2030
1189
1682
1414
563
1259
827
1477
61
2441
131
118
2668
1477
61
51
2753
2426
2043
793
2441
1030
468
468
1498
2511
1424
1550
1480
1424
1550
1512
2294
1432
1396
1885
2286
1396
468
2265
1854
876
2265
2304
209
1424
1704
706
467
1342
1342
102
1853
1437
773
1498
2511
2729
1030
279
2118
1490
2204
2204
1402
1480
2543
2476
2245
951
588
2543
753
55
312
1395
685
1023
2571
1199
2314
964
1568
1826
685
853
508
1342
2618
853
1675
1568
48
2766
853
49
1342
706
2193
2441
51
908
2204
2711
2204
2711
1336
1221
965
1327
605
950
301
2619
2093
656
668
2336
1718
1674
1755
286
2204
2454
2001
2336
1674
773
2362
793
150
150
793
618
150
1580
908
1327
2362
209
1424
2204
312
463
1836
131
827
680
1093
2362
2098
2743
2562
967
997
2638
1286
2483
1131
1680
2256
473
2220
773
628
333
925
1721
31
1182
2665
1232
2691
1768
2227
2697
211
843
1812
473
1890
2633
2263
1721
1038
773
1567
2204
1490
2204
1152
188
1967
1975
1490
1773
629
1720
468
1498
2511
1498
2511
1424
1550
1490
704
2093
661
468
1498
2511
2616
100
2119
251
1975
729
432
812
1472
2428
100
716
173
806
1826
2257
2511
2204
2727
1913
2204
2725
932
2511
2204
2528
806
1313
2245
2616
100
2119
251
96
1327
2528
2227
209
1424
1550
468
1498
2511
209
1424
2630
2323
209
1424
2269
2315
2426
251
468
1498
2511
2001
2488
2215
2204
2416
266
949
756
2163
280
791
2300
361
1405
1901
1863
299
352
2492
2753
2263
31
1884
1863
2753
1424
1928
281
607
910
1895
1647
1442
2428
2492
2063
2204
468
2265
489
1155
131
2047
1286
2047
565
1648
2047
2740
576
131
2426
773
1286
2047
465
81
2441
1393
1286
1393
150
395
910
704
2743
910
1326
437
1393
395
1672
2426
656
910
2501
1232
2691
2238
1232
131
2426
2566
2441
2398
463
1175
960
2668
2205
2441
2193
209
1424
1180
1975
2050
1965
1761
2362
216
2441
131
827
938
2621
131
171
1070
1148
1434
2204
1561
1987
803
2441
1094
2640
34
1574
2441
2398
2336
2028
131
171
680
773
191
2441
2047
1648
2441
1975
216
2441
131
827
910
2254
1393
2071
925
545
2753
1393
395
302
2640
1648
2205
910
2254
1393
2071
925
641
81
2441
1393
81
2441
1393
374
1498
2511
910
2501
1232
2691
2238
1232
131
2426
1190
2720
2204
368
1826
490
1880
1232
1061
1232
1232
618
2693
493
2265
2204
618
618
2607
2668
41
131
1336
618
2743
2624
1297
139
1155
131
1561
2047
41
864
131
2426
26
191
2441
2047
2426
1297
932
468
2525
2360
54
2007
1795
773
1720
137
1156
137
150
1314
545
2753
2671
2227
2597
590
2753
2671
2525
1314
545
1498
2146
1614
2257
2362
1259
2204
2725
932
2511
2204
2528
377
137
2204
2725
932
2511
2204
2528
1327
2204
2725
932
2511
2204
2528
89
2204
2725
932
2511
2204
2528
1327
1327
2204
2725
932
2511
2204
2754
2043
2204
773
2511
2204
2754
2043
2172
2204
12
932
2511
888
630
156
688
688
1259
2204
2725
932
2511
2204
2528
1327
2204
773
2511
2204
2426
2676
1826
691
2619
1498
343
2526
343
1718
314
1837
314
1837
137
1982
910
1223
1888
1614
374
1571
137
1343
1517
1837
2204
2725
374
137
2528
289
2405
2753
2063
377
209
1424
1297
1567
2528
1403
1015
1906
209
1424
60
1424
1550
773
1498
2511
1826
853
686
1871
2337
374
571
910
2147
910
2568
2559
585
773
571
622
55
55
2611
1839
706
773
1755
1957
1249
1490
1223
840
2063
1498
2511
1114
1923
2193
2718
2360
2744
2204
794
1402
773
726
1423
686
1568
1283
2647
1356
2062
1803
1283
1826
1093
1840
2599
1284
195
55
876
1284
2386
2598
2021
251
1014
178
1597
2573
2193
468
1297
1381
463
1826
685
1491
1840
773
1892
2093
1030
1975
1128
116
1342
2362
862
1489
910
585
1131
563
2204
489
1128
1030
2352
2204
1462
1490
2500
1480
1986
1923
1490
804
910
585
1131
2247
209
1424
2204
794
773
251
1272
191
1866
902
470
1870
1030
2051
2269
1297
2651
1135
1135
1135
1641
472
2214
902
814
847
965
126
2214
902
814
902
814
472
969
1641
902
906
1648
191
902
847
847
1641
906
1648
191
847
126
969
126
847
965
847
1550
804
804
902
1424
737
1424
2557
1550
1261
2441
2105
692
122
649
856
2734
2428
1059
2228
659
2105
1066
1754
1155
2488
2630
2616
1006
544
2753
544
808
1498
54
1801
2488
2488
2258
2488
2747
299
1297
753
1935
1630
944
722
2163
1286
2265
861
847
902
1948
1676
160
902
489
492
1361
461
2557
997
2598
2511
2204
1804
902
1295
2557
2598
965
2616
2630
2511
2204
1804
902
2557
2511
2204
1804
902
2557
2511
2204
1804
902
2557
2511
2204
1804
902
1795
314
997
1795
997
2247
770
122
2441
1687
1406
808
2630
1773
2245
209
1424
1550
209
1424
949
436
1361
1305
2753
52
1295
773
1795
209
1424
1550
1616
209
1424
1550
2360
2428
162
1720
847
2360
2616
786
2559
858
2753
1343
2616
1407
1393
691
2258
2372
1297
938
150
2426
2521
2197
2481
2372
787
503
312
131
1650
150
2353
2616
2753
1131
150
2347
1269
3
2170
1129
109
2136
2428
1498
2511
2729
2065
628
150
2426
2753
2028
150
2332
1736
2428
2426
2345
553
2399
1866
1758
121
2379
1986
2362
2247
2608
1396
1544
306
2703
847
1975
1264
318
1001
2332
150
1561
150
2426
150
150
2120
932
150
131
2426
312
131
2426
1336
2521
921
2515
869
588
365
2567
489
1939
1320
116
1327
733
413
808
2214
2512
1030
2063
2265
2247
1030
468
1480
1498
2511
1424
1550
2352
9
2205
944
468
1297
209
1424
1550
1297
1424
1550
206
1570
391
1913
1498
2511
1363
1498
2511
773
1130
2063
209
1424
1130
2207
374
2200
2691
1001
131
2426
962
949
2428
1388
2646
827
2412
2607
1567
2449
2436
2204
1045
1580
1580
544
962
2269
2740
2265
1720
1313
2129
2784
2764
1394
1313
1060
202
964
314
2511
2204
1804
1804
1804
2511
2204
1804
1804
1804
2511
2204
1804
1804
1804
2511
2204
1804
2511
2204
1804
2511
2204
2511
2204
2725
2511
2204
2725
2511
2204
2284
2511
2204
2598
2511
2204
2598
2511
2204
2598
1591
2129
2784
2598
1591
2129
2784
2598
1795
2129
2784
2598
1795
2754
2616
2754
928
928
2129
2784
2598
2511
1432
1193
2129
2784
2764
1394
1053
2511
1432
2725
2511
1432
2725
1795
314
997
1795
997
1336
2488
2204
468
1297
209
1424
1550
209
1424
773
367
2265
1498
2511
1397
773
468
1550
702
1155
2204
2045
2119
827
100
1327
2777
2265
2063
528
1336
468
1498
2511
1424
1550
468
571
1396
780
186
635
827
2083
827
2725
1840
1840
1890
869
1667
1878
54
1090
2441
2566
2426
2160
2467
1327
299
1896
1498
606
1112
2598
2255
938
1327
1144
524
1327
827
1882
685
2742
2257
1896
2511
1930
2204
1671
469
1776
1580
1189
1189
1801
1284
1726
1972
1284
1498
606
1112
2598
2255
131
2426
2651
2651
184
2677
986
1396
2426
2597
1400
1561
2426
1232
2204
2231
2426
861
827
943
471
2265
2528
2200
1812
827
1396
2368
2772
2089
1228
2651
1082
2426
1220
571
2543
1626
827
2119
186
1327
827
100
1837
226
2632
374
96
1648
1050
528
2426
2467
827
2769
1408
1344
1093
2476
861
490
340
1154
2089
1284
2265
1886
1234
1610
2625
1755
2426
2597
2651
827
1396
2441
2204
1284
1918
2753
1648
2651
1739
1826
1725
2651
1498
606
1112
2598
2255
1549
1284
308
1396
2426
998
2597
729
1284
2346
2204
938
571
2089
1228
2651
1082
2426
1739
1167
2045
1957
914
1561
226
2725
1767
827
385
1030
1480
1498
2511
1030
2528
1836
1561
2204
273
2196
618
1025
2753
2441
1836
827
1986
2362
2426
198
2072
618
1718
2362
553
1163
1131
910
1286
2600
209
1424
2362
1354
764
1836
827
2204
563
2528
2769
1836
1286
1561
794
2269
1355
72
1644
741
2528
52
1407
827
612
1015
390
185
1293
585
1074
921
2441
1836
1286
1561
388
2441
197
2426
618
1718
1194
1033
1561
910
1741
1479
2204
1355
827
1637
1355
1561
2136
2298
1673
2247
29
1030
2550
2360
2356
1490
704
988
1030
2204
1532
1368
1238
1093
910
1259
1015
183
1423
471
1259
1015
1206
1423
1286
2269
2360
2269
910
1943
2632
2428
295
938
2360
2186
434
1812
2428
175
1813
1561
1329
2598
2355
1015
1826
1286
1561
2449
2200
2119
2204
339
290
171
1232
2426
251
2247
2600
1275
1720
72
1130
1672
1015
827
86
2528
1599
2753
155
273
1720
2528
2537
618
1131
111
2528
1511
1329
923
2528
2200
858
2528
1836
1561
185
1355
1556
2528
1104
1836
1286
1015
312
2528
2269
2528
2204
1373
1779
2426
1366
1022
844
2360
1882
2057
2691
2528
216
2269
2006
215
258
827
1816
391
1396
952
858
2204
873
373
2745
1896
436
1396
2528
2269
1760
1731
1975
1438
253
2269
2571
1396
2360
512
618
1293
254
2550
2368
1001
618
1965
1561
2269
2368
1702
1840
262
778
2458
596
2204
131
2426
776
1520
2164
1836
827
489
2426
1836
2607
793
112
1490
257
374
2389
596
2204
2184
858
1957
588
2360
1085
104
988
1490
2589
1201
2163
1490
704
1396
2671
2594
948
2458
1265
35
1128
2600
1128
740
1923
1490
2208
35
1128
2703
1896
939
1739
2528
1511
910
2542
2196
1561
244
1639
992
1739
2753
1262
244
1498
1523
109
1355
1530
827
65
2265
1496
2753
585
1131
1030
486
1128
141
1975
2204
40
1530
2362
2265
819
131
2426
776
952
1836
827
939
1030
2753
537
1876
362
568
1275
1720
72
1130
1672
1015
827
86
2528
1599
2753
155
1342
2362
911
1030
2753
2568
2027
1836
368
805
131
2426
776
1479
1836
2426
251
118
1232
2426
251
1116
2607
131
1826
2436
1336
1326
1836
251
1935
2668
1561
1987
1489
2441
2398
51
793
1648
2441
434
827
1220
1293
2528
2753
1526
1286
1561
2269
2160
2043
2528
952
337
2321
1128
613
545
2362
951
1648
1998
2362
618
618
2362
2642
1965
244
2028
671
1550
1561
1987
1220
1987
2206
1220
1293
2528
2753
1526
1286
1561
2269
1286
1561
2269
2624
577
2528
2362
553
1144
2597
1758
1368
1835
1765
2766
195
1561
2269
231
1836
2426
2093
2265
512
618
911
1045
72
764
2528
2269
1574
1355
1876
1128
613
2247
2454
1926
2362
1446
910
14
687
118
2213
1363
1498
2511
1913
1498
2511
1424
773
2729
2063
773
2265
1297
1892
783
773
1180
1261
857
2616
2133
2030
1193
2435
131
827
1015
41
2079
969
1836
368
2604
1297
1807
684
1424
2661
726
2030
1193
1142
2426
395
2360
1253
131
368
2045
2284
1773
2260
1739
2200
2247
175
1931
374
1490
1131
1567
2204
2528
1511
1461
2668
2437
2269
1407
1812
2528
2362
2236
1193
2426
2267
2426
1400
2426
2362
1754
1923
773
1297
773
1520
1720
773
1504
1137
2269
72
850
289
2528
1511
1479
850
289
2668
2023
2668
1400
2437
2668
2120
2437
100
605
2488
2528
1511
2269
1601
1366
1516
2528
2269
96
52
1739
1424
2265
1761
2269
96
1957
605
734
2265
1902
2516
2231
2265
2628
2538
1539
1580
492
253
773
489
664
704
1196
270
209
1424
1539
1196
2753
2671
2040
253
773
2300
1650
2671
2269
2204
2725
773
2511
2204
2754
2249
684
2204
2725
773
2511
2204
2754
2249
684
1297
2204
2725
773
2511
2204
2754
2249
684
2651
2214
1648
413
2146
910
116
773
1520
468
2414
2296
592
1270
999
436
2414
1463
1754
773
1498
2511
773
1520
270
2389
1059
1539
492
468
1498
2511
2265
209
1424
1498
2511
209
1424
771
773
1093
1544
2703
827
2362
2511
2204
1718
1295
346
2550
197
2511
2204
2284
2511
2204
2284
221
2511
2204
221
2511
2204
2528
2511
2204
2528
1795
1261
2511
2204
1718
1295
346
2550
197
2511
2204
67
346
2511
2204
2725
1795
2511
2204
2725
1795
2754
2616
2754
928
928
2511
2204
2725
1022
2511
2204
2284
221
1261
2511
1718
314
2426
401
2204
2269
2691
1595
2511
2725
1022
2511
2204
67
1022
2511
2204
67
346
1261
314
2426
401
2204
2269
2691
1595
2511
2255
2511
2255
2511
2255
2511
2255
2511
2255
346
2511
2255
2511
2255
2511
2725
1022
2362
1944
773
801
661
641
503
2300
1912
1022
844
1034
1813
2269
2550
773
2710
2204
2245
44
823
1480
773
1986
771
1223
209
1424
2265
436
468
2265
930
1078
1424
496
436
1863
289
629
1887
2598
2294
2389
1102
374
323
1887
2656
1720
770
794
1054
1093
2753
2336
902
1336
1709
902
1335
1225
2436
1394
1052
823
1394
2470
2286
2294
1396
490
1396
489
1720
2286
2294
1396
2470
1396
1957
1748
1396
1550
2550
2438
1220
1934
2542
1810
2286
1396
2542
655
805
1292
1776
1107
1396
116
1776
2753
1864
664
889
1753
569
1396
135
1371
1550
2753
2119
1396
2300
1718
2550
195
450
1715
178
2175
1718
1371
2550
1718
2470
479
1396
1657
1396
312
711
963
1934
2476
2399
1683
753
770
2470
1394
1396
2200
2740
2753
2119
1934
116
1155
1225
2652
1741
998
2548
889
2550
1718
2470
479
1396
2550
1396
1796
2724
1934
1498
889
711
1810
2200
2740
2753
2119
1934
116
1155
1225
2652
1741
854
1892
1819
366
490
660
2101
2119
2265
2204
51
605
1718
2294
2383
655
2063
1396
2303
2294
1396
2119
112
1396
1249
2383
2294
95
112
1396
1998
2635
516
2383
2294
209
1424
374
189
1550
2204
823
1394
2470
2286
2294
1396
490
1396
490
660
2101
2119
2277
1986
773
804
1480
2213
773
2063
1363
1498
2511
1984
269
1022
150
299
2269
1155
2538
1093
1539
1307
1445
1155
2235
377
2323
2573
1297
2323
377
1407
763
1561
753
773
1343
771
2265
1498
2511
1913
1498
2511
209
1424
1767
1704
690
1648
545
1509
1014
734
1648
1320
2773
2441
118
2711
2734
1640
1014
1249
2265
468
1297
1720
740
1932
168
2157
2235
2205
1983
1424
2316
2596
630
299
2428
799
711
2063
2397
455
2460
1643
2362
1336
1250
2694
740
1932
168
2157
2235
2205
1983
1424
2316
2596
630
299
711
2063
2428
799
711
2063
2397
455
2460
1643
2362
1336
1250
2694
75
995
2222
2157
1498
2362
2204
12
541
893
351
2742
468
81
970
1704
2544
1381
320
2362
1643
970
50
81
1896
156
602
738
1323
31
807
630
1324
614
2512
910
2028
1047
320
1896
1401
2460
2362
60
468
1480
1498
2511
2528
2269
2045
804
1561
2437
1897
2193
2597
1561
251
312
2528
1812
2604
2528
1511
2612
2247
773
209
1424
1030
1661
773
870
209
1424
2207
2265
773
1030
921
1713
2033
2511
2204
827
347
1030
220
1826
2559
827
2232
2511
2204
1022
346
1026
773
1223
347
2426
347
2426
2559
2093
2232
389
2362
1802
347
2426
347
2426
2310
347
2426
2213
347
2426
347
2426
347
2426
2362
1143
760
2213
52
346
2379
667
347
2426
1847
347
2426
1095
2232
2204
544
2387
1680
1795
209
1424
607
2063
1498
2511
2550
773
921
2538
2063
988
773
2584
920
1944
773
1298
1498
2511
209
1424
1550
2753
468
2725
2204
2265
1826
1757
1931
870
1904
251
910
1479
773
2265
198
95
2265
468
1543
65
2528
1511
2336
208
2269
1400
553
2170
53
711
2007
815
2269
2585
1561
2269
286
451
1102
451
2632
2119
969
1836
2193
988
2528
1511
2265
1836
2193
2045
2528
1511
2300
1128
1824
468
1498
2511
1480
615
2204
2204
2204
1543
65
2528
1511
2336
489
2163
544
51
1687
2703
2265
2265
910
299
1676
72
51
2426
2204
2269
2269
542
2597
2119
1297
1639
326
1612
1984
2204
1734
841
827
2453
2204
2007
2638
1286
96
2204
2728
2083
939
564
1351
2265
60
2728
209
1424
1297
569
2542
2426
2426
242
254
2204
2528
1407
827
1015
60
2047
41
1006
1209
932
35
2265
841
2426
2743
827
2028
1320
1639
837
2545
1326
827
2585
1532
2204
1030
2514
764
794
1737
2025
794
1060
2618
618
116
769
95
2549
1532
1326
827
1532
1907
2063
2204
921
1036
719
2426
2743
2204
1030
2514
2300
2204
1952
2166
2356
2257
1896
2511
1930
2204
1671
469
1776
1580
1189
1189
1326
827
2204
1030
1249
2511
2204
1223
1612
1238
837
2535
794
1737
1342
596
2489
2753
284
2007
1284
1935
2386
1612
516
326
221
466
312
2618
1737
522
1795
841
1532
1180
244
2454
171
564
1229
1612
326
45
724
2402
2047
2426
996
915
2441
1878
1696
2098
2272
2032
163
2204
827
2753
1826
2709
2621
528
915
1329
2204
2725
1712
2098
1612
1262
2542
160
1616
533
112
1297
528
868
121
1169
1616
2063
1396
1073
729
2514
773
2739
773
151
1326
2300
2204
2308
413
151
518
1969
773
2538
2577
1131
113
1244
1639
1821
2753
2502
478
1509
372
503
1676
677
2265
1561
2441
1612
827
685
1336
326
528
528
171
1639
1284
2753
588
1501
827
1068
1180
1472
2265
1424
157
1895
483
1612
2511
2204
2753
155
1640
1225
773
2204
1030
2439
2262
60
1297
345
1175
1030
1245
171
827
1532
1206
2428
841
827
1532
1206
2428
503
528
719
2426
2753
1262
2474
1801
62
2362
1520
1223
1045
2585
1739
1093
2362
468
1297
339
564
1351
1501
528
1920
2502
528
901
2753
95
2265
2204
2528
1896
2728
2454
885
528
171
528
827
2638
2426
2597
116
1327
1561
528
2204
685
565
1612
827
1343
2175
2300
2676
2028
1320
528
2598
1036
1329
856
528
1327
2196
2426
2204
685
1612
1131
1780
685
1720
2204
2528
2163
2204
2725
664
1006
475
2511
2204
528
100
374
864
868
475
2548
2265
60
2362
2163
2294
2511
2204
2725
2294
884
1450
112
2511
2204
528
2163
2294
2511
2204
2725
2294
884
112
1450
2511
2204
528
2362
665
2265
1561
2441
1612
827
564
930
1608
1742
2500
2265
284
2550
2204
468
1297
295
2643
711
109
2539
217
2384
1692
2269
1093
764
965
1692
2269
2769
109
1620
2269
2769
357
109
217
2384
1692
2269
2269
932
2528
1511
2753
1131
1722
468
1498
2511
794
773
2511
2204
2754
2043
1143
1471
2511
2204
2362
1837
1826
395
1826
395
131
1826
395
1826
395
1826
969
2362
346
551
1143
753
827
271
753
299
976
209
1424
1550
209
1424
1480
1498
2511
209
1424
1704
2204
2567
2227
1232
471
374
2544
1232
2360
2205
2362
2426
2567
2300
939
939
1386
2204
1189
2257
1896
2511
1930
2204
1671
469
1776
1580
1189
1189
65
65
1232
2426
1561
251
2204
1197
2204
1297
2338
1232
2426
2597
1904
251
1232
2426
2597
2368
1297
1424
1550
1567
2204
861
1520
377
910
1128
1131
773
2428
1944
773
1944
2589
1061
377
1754
930
1078
1207
95
2265
1896
1180
118
1616
804
773
1059
1295
773
988
2124
1715
773
1923
1975
1713
2580
1726
661
771
2362
2511
2204
503
2373
2107
2538
314
1726
2645
1223
2645
2645
2645
2645
2645
2645
2645
2645
2645
2511
2204
2362
2360
1897
990
804
2119
1944
1313
1923
920
1297
1944
773
1120
1755
2772
244
1931
2265
468
902
2265
2265
191
2441
1648
2200
2204
2063
2426
395
514
1269
618
1297
569
2063
1490
1223
374
1837
1341
2193
2560
2550
2501
2322
1144
1022
468
1022
844
463
191
1209
773
1740
1520
920
2517
1490
1795
1430
2356
1508
503
2373
2107
2538
2511
2204
2754
2249
684
503
2373
2107
2538
314
2645
1223
2645
2645
2645
2645
2645
2511
2204
2754
2249
684
2447
1036
2616
2447
1036
2243
2447
1036
2243
374
2200
605
150
299
2204
2644
1996
2426
969
1032
764
405
1015
209
1424
479
1949
773
753
2193
1917
1648
1193
2193
1022
2360
2388
2564
191
2441
2042
2753
2245
163
480
2630
1522
711
2227
1326
479
2772
450
823
2193
951
686
2715
2265
2204
773
2538
2332
2200
224
2728
2265
1297
1757
1931
773
764
1561
545
2740
773
1483
2067
120
1648
2441
427
120
191
2441
2735
2338
773
1297
191
1423
1297
2753
1131
773
1155
116
1620
2693
191
514
1501
51
2111
2698
2039
2731
1343
2030
2226
1726
1022
1223
1648
2441
2042
408
308
309
939
1230
453
2245
1557
753
618
41
706
1022
853
1490
1923
920
253
2063
197
1301
2204
1424
1297
2454
2362
571
171
349
1836
368
2362
463
1836
131
827
2374
31
131
827
618
1209
2360
131
1269
1826
2753
2254
1876
339
2668
1836
368
468
1498
2511
773
2226
660
2406
2426
2567
686
773
990
2426
2597
773
716
2703
732
1244
594
773
614
773
2226
2245
2045
2338
773
2426
2597
251
1509
209
1424
553
2745
1561
1935
2576
1837
1343
1407
814
1837
31
96
1035
543
1007
468
1297
1498
2511
2745
1284
1498
606
1112
2598
2255
2063
2410
2338
1443
31
1837
2743
1498
2511
1424
1824
2410
1707
1498
2511
46
1616
1773
1005
2426
2481
333
122
2550
2041
1773
2681
1572
1006
573
315
192
1281
1336
2621
52
2779
333
827
1343
1332
333
122
2550
467
2446
2299
494
2550
2539
622
1962
1286
910
116
95
1498
2511
1639
1498
2511
109
1034
2041
2616
2207
2550
1336
2500
545
295
2548
2300
1034
2616
2362
2193
2300
2769
51
1155
2633
913
2336
352
691
2300
2193
2550
1026
1139
1713
2598
925
844
2406
2550
2598
2743
333
312
1022
2747
2688
1594
1139
122
2550
2688
2362
965
1034
925
283
239
1299
2758
2127
2616
1547
160
657
746
2616
750
1433
1299
2598
150
807
1773
283
1193
150
807
1773
1034
1726
1326
1026
2193
2391
998
2543
150
150
2598
770
1594
1022
2362
965
150
770
2362
1144
2323
224
1692
858
1461
1045
449
1139
479
333
1034
2769
1258
2583
2314
1258
2003
2406
1258
2380
1203
545
1479
2616
412
1773
1034
1034
1326
2406
2566
2141
1258
2684
772
756
997
2621
2651
1026
2300
1258
2583
756
657
1931
1773
2406
2141
224
910
2484
1034
1286
2204
2416
2064
224
988
1034
667
1847
2336
2362
717
2141
1258
2583
967
657
2753
173
197
212
2204
929
2550
921
2566
1034
2352
1258
2583
1034
1776
1144
2086
2201
1916
967
997
224
2141
51
1144
1912
1758
1034
1336
1935
1281
2598
2550
209
1424
1498
2511
753
494
1034
1840
1501
2039
1977
1555
1555
1763
139
2426
2481
1281
122
2550
2549
2550
2426
2481
2752
122
2550
1343
1539
1729
746
264
2438
2550
2141
900
2545
784
1148
139
1973
1740
1556
2616
1675
656
910
1479
280
964
2045
746
1879
122
2193
2550
489
1180
121
2247
553
1498
2511
1498
2511
1639
2743
1144
1227
1034
2743
898
2550
1097
1034
1343
1639
1555
1555
2426
2481
1281
122
2550
2549
2550
2779
333
2426
333
122
2300
938
2621
122
2550
1720
1152
848
1336
1973
2414
578
1738
864
1620
605
1739
2265
68
535
2245
910
1892
63
1216
2265
2204
1658
1156
2063
823
2204
244
910
1131
1030
2247
553
468
1498
2511
163
862
944
1836
368
862
618
2690
1279
1836
368
1817
2204
197
975
544
902
1523
472
1171
2640
2616
746
468
2543
858
2362
839
1484
2549
1030
2740
1259
1355
1015
1396
2368
827
1396
2368
1396
2426
209
1424
468
2204
2204
1355
131
827
1897
680
1713
1717
2204
1795
884
1717
2204
2711
2511
2204
884
908
2204
2711
1263
2598
1963
2204
374
2598
1963
742
503
1963
1263
1297
2039
2441
503
2760
22
472
762
114
1775
2511
2204
884
908
2204
2711
1219
161
2618
1545
503
1333
75
746
618
2245
1317
1506
1131
2579
1541
920
2362
908
2204
2711
2204
2711
2360
344
2362
245
769
2200
2392
1211
2698
2753
13
1220
2753
95
1045
1264
1524
2226
2245
2725
2479
1739
2753
1506
726
2030
2585
1812
526
492
2511
2204
884
908
2204
2711
2511
2204
884
908
2204
2711
209
1424
1550
472
503
1333
2426
618
279
1525
2336
1812
2139
75
746
2787
2622
658
286
1498
1902
164
967
1297
1400
262
1342
1524
2300
374
2200
1342
2704
503
2426
1773
1333
618
279
1045
1975
553
2317
299
1652
272
782
1131
1975
526
2454
114
2511
2204
884
908
2204
2711
2753
2389
1733
270
1654
1758
2386
2284
967
964
503
1083
161
1297
2514
1418
1359
2336
2476
1894
1963
1501
905
503
385
52
1757
2599
1361
2511
2204
884
908
2204
2711
2550
2054
2426
2502
618
1524
618
673
5
503
2426
1361
492
2511
2204
884
908
2204
2711
920
952
2745
1986
968
177
1648
191
800
1963
365
2511
2204
908
2204
2711
2204
2711
2204
2711
2547
920
910
404
365
177
1648
191
800
344
2661
95
2265
794
369
2231
1128
1297
2263
2618
2426
2636
990
503
75
746
618
279
2372
209
1424
569
1498
2511
967
191
1594
1139
1498
2511
2556
2454
1423
2204
1795
1676
553
503
1333
2461
791
967
997
1475
1721
209
1424
1550
2071
2616
1479
2129
1692
635
2043
2226
96
1720
27
1355
2754
146
1972
2043
2753
450
27
226
2729
185
1859
447
1154
2598
1957
2007
1355
2043
537
2734
2754
1551
1068
2753
1055
185
1338
1555
1343
1711
560
168
1172
2754
858
1030
2245
2657
2300
2525
2454
2226
1030
1451
2600
2464
477
516
536
2754
1305
1065
2531
145
2204
2200
2430
2480
1462
1620
26
1305
1144
1488
2226
580
253
2226
2598
812
1634
1030
2063
2265
139
1305
1343
2458
2737
1336
1030
1757
185
1211
1305
1986
2696
2007
160
516
1065
1986
516
615
1073
1692
1305
134
2043
2300
1017
715
516
1065
2043
2300
1305
2777
958
2703
1305
2511
2204
2754
2193
2683
2683
183
1305
1922
2643
753
168
2043
2753
2300
1286
1366
1305
1969
2127
2300
1690
27
226
168
389
1017
1190
2043
2703
516
1065
2300
2703
2511
2204
2754
2043
822
822
1488
2226
1859
1017
1921
2598
1985
326
1305
2550
1616
1336
753
1045
2005
432
2598
168
2300
1305
61
2039
2754
2200
1305
516
2300
1355
27
160
2300
1542
468
801
1498
997
141
2753
2608
1030
1480
1498
2511
1918
2511
2204
2598
615
1424
1550
96
1720
27
1355
2754
146
569
1551
2119
2598
490
1957
1338
1555
1343
1711
560
168
1172
2754
858
2650
2247
468
1498
2511
209
1424
1550
468
1913
1498
2511
1363
1498
2511
489
2488
773
1223
1196
920
1482
1520
2063
356
2265
975
1896
2753
1817
1297
615
1480
753
771
160
997
2703
2378
2753
1131
1498
2511
1801
1297
1671
1297
2265
1675
2226
1559
1479
2287
801
1520
1520
1295
346
2550
197
2481
2511
2204
1718
2511
2204
1718
2511
2204
2284
2511
2204
2284
221
2511
2204
793
161
2511
2204
793
161
2511
2204
2284
161
2511
2204
793
161
2511
2204
793
221
2511
2204
1795
314
997
1795
997
1261
2511
2204
1718
1295
346
2550
197
2481
2511
2204
346
2511
2204
346
2511
2204
377
346
2511
2204
377
346
2511
2204
377
346
2511
2204
2725
1022
2511
2204
2284
1022
2511
2204
2284
221
1261
314
2511
2204
377
2511
2204
377
2511
2204
377
2511
2204
377
2461
2511
2204
377
2461
2511
2204
377
2461
2511
2204
346
716
2030
1498
2511
1801
1297
1671
1297
2476
861
1128
2740
569
2265
394
468
615
2439
964
1326
2500
1896
2204
1817
1297
1745
2063
1363
1297
1205
773
2063
1913
921
2265
436
1363
1817
1297
2265
468
150
299
468
1498
2511
1424
1550
209
1424
773
2511
2204
2754
2043
1754
384
15
1754
773
773
2332
2511
2204
377
116
2616
1509
1140
2357
2063
1498
2511
1490
704
773
1430
1676
2511
2204
1490
1795
1430
2356
1508
503
2373
2107
2538
2511
773
1718
503
2373
2107
1313
1166
314
2426
1826
1580
2449
2257
2124
2511
2204
1715
2769
1223
840
1648
1904
1826
2740
840
1648
377
394
31
749
116
2616
1509
1140
753
773
2336
1297
1498
2511
2258
346
2689
377
910
753
1525
272
382
760
1520
2014
1155
773
1274
1718
1068
96
969
849
2560
2364
814
1423
571
198
123
1277
2329
2362
607
1430
2300
2102
449
1697
1520
1068
463
2769
1297
468
1913
1498
2511
1424
2063
711
395
1336
2454
150
2426
2352
1030
2265
773
2213
2063
1363
1498
2511
910
1131
209
1424
666
1561
468
1297
1080
1168
1175
1150
665
1726
1423
666
1561
635
468
1923
773
1986
771
1030
1400
2550
2266
2668
401
2362
1669
2668
2200
1490
664
2360
2621
2550
842
2119
159
2204
1986
661
1223
374
1479
1606
2557
2362
814
1641
814
2362
752
1804
31
1249
773
1223
1205
1584
773
1093
1223
596
289
544
652
2336
1523
1944
2269
773
2511
2204
773
2511
2204
1297
773
2511
2204
2651
1298
1298
773
793
793
2703
2426
793
1580
1580
1580
2426
773
773
1837
773
773
1837
793
221
773
139
793
221
793
221
773
1030
794
1606
773
1913
1498
2511
1498
2511
910
1521
1804
1539
2629
753
2753
1408
2648
272
2204
1225
2252
144
2546
2753
2265
1286
769
2
1547
1116
691
1530
160
306
2454
691
691
150
691
51
691
2519
820
2753
1957
1804
682
2729
1030
2063
2360
773
2269
932
2511
2204
1804
932
2511
2204
1804
1297
932
2511
2204
1804
2651
882
1129
118
906
2119
2119
691
1140
1804
150
691
1140
2360
691
2519
1355
2119
118
1140
2753
1286
691
160
306
2119
1140
1804
1479
2343
544
1253
2204
596
2753
1616
544
1400
544
652
160
353
691
1479
31
139
1804
1498
2511
753
773
2265
2336
2753
2486
1030
2476
773
704
2213
773
1498
2511
2740
773
1093
1757
2265
2522
1804
1011
1232
973
1850
299
2113
1606
1223
2257
2511
2204
2727
1913
2204
2725
932
2511
2204
1804
1313
1387
649
281
1435
1720
1937
1387
1658
2753
1313
1387
503
740
1383
1387
626
503
1975
2360
1387
1313
1937
2362
997
932
1295
2651
2193
2511
2204
1387
2651
2129
2784
2129
2784
2129
2784
932
1261
314
2511
2204
1804
1804
1804
2511
2204
1804
1804
1804
2511
2204
1804
1804
1804
2511
2204
1804
1804
1804
2511
2204
1804
1804
1804
2511
2204
1804
1804
1804
2511
2204
1804
2511
2204
1804
2511
2204
473
2511
2204
1804
2511
2204
1022
2511
2204
473
2511
2204
1804
2511
2204
1022
2511
2204
473
2511
2204
1804
2511
2204
1022
2511
2204
473
2511
2204
1804
2511
2204
1022
2511
2204
473
2511
2204
1804
2511
2204
1022
2511
2204
473
2511
2204
1804
2511
2204
1022
2511
2204
473
2511
2204
1804
2511
2204
1022
2511
2204
473
2511
2204
1804
2511
2204
1022
2511
2204
473
2511
2204
1804
2511
2204
1022
2511
2204
473
2511
2204
1804
2511
2204
1022
2511
2204
1804
2511
2204
1022
649
2511
2204
1022
2511
2204
1022
2511
2204
1804
1022
2
2511
2204
1804
1022
2511
2204
1804
1022
1053
2511
2204
1804
346
2511
2204
1387
2651
2362
1480
1498
2511
753
222
753
1804
2258
944
26
2550
823
2205
2362
489
711
2300
2769
2481
2686
635
2288
1336
2641
377
2204
178
2544
503
601
858
2045
2481
2686
635
943
471
2046
640
468
1498
2511
2511
2725
586
1437
2578
2471
2104
503
2740
1718
2471
1969
2344
2628
2368
619
35
2368
1511
51
1935
1651
160
1327
2567
2753
2227
51
2766
2578
2686
1327
827
1007
1327
2117
1007
1327
932
242
503
601
2686
635
2648
1199
2494
2767
2691
2567
619
178
2544
503
601
858
2045
2481
2686
635
1795
468
1498
2511
1720
1458
1936
2288
2578
2686
635
1343
1837
1499
503
2360
2686
1327
1556
2471
706
823
773
1755
694
86
2471
635
750
2686
503
601
1284
635
2597
2686
2598
514
314
2471
1984
514
1606
773
1648
2362
150
490
2362
2033
2368
31
2209
306
2394
31
2618
1007
1327
2493
2256
827
1498
1523
2120
2484
2686
1561
108
478
504
2368
2618
2481
205
1015
2288
31
2618
2566
2502
1385
1830
391
2686
1323
2360
1817
635
312
2209
503
250
2336
1102
1815
2545
49
365
1697
2336
2209
2686
1015
760
773
1498
2511
2481
2686
635
2288
1336
2641
2245
2033
2368
31
2209
306
2394
2753
2362
44
151
1661
2525
2598
1618
306
2481
503
2481
503
1594
503
2578
1594
503
1284
586
1437
2471
2227
1718
2542
2227
2204
2725
2449
2471
51
1899
2488
95
1733
203
1919
1718
1617
1225
1498
54
2447
1801
2488
2488
2258
637
2204
1424
1550
468
1913
1498
2511
1363
1498
2511
2417
1030
910
1128
1131
1022
2362
314
2511
2204
2269
1561
1702
2511
2204
2269
1561
1702
1698
2511
2204
2269
1561
1702
139
2511
2204
2269
1561
1702
1155
2511
2204
2269
1561
1472
2511
2204
2269
1561
1472
2362
1512
1498
2511
2452
1396
2307
2093
2362
2769
2554
1323
1327
1561
2678
1716
1561
2571
2769
1837
2597
64
2269
1545
1640
1396
1498
2511
1030
1297
52
820
239
544
1065
1725
685
1568
2618
2110
2550
2257
1896
2511
1930
2204
1671
469
1776
1580
1189
1189
773
1520
2182
1804
2426
2481
2212
2745
1984
2204
2745
2405
2212
1672
1327
377
2426
2481
2212
635
1131
1061
635
105
1924
2780
544
2067
1180
1258
1773
773
685
814
773
2226
527
2374
827
746
85
503
544
2352
1030
685
1568
2360
2388
773
391
2360
1594
762
1026
1342
1764
2483
209
1424
2748
287
51
2193
2586
2193
618
2025
541
2029
312
2766
2441
2663
2426
2204
1342
2615
544
468
281
326
773
2616
2257
1896
2511
1930
2204
1671
469
1776
1580
1189
1189
1193
1833
1180
1193
2426
2550
2480
851
1193
2119
1363
2379
1193
869
1193
1819
2131
1620
1193
763
116
1156
2093
2039
116
1770
1193
150
395
2133
2651
1297
395
2428
1786
1193
2047
2616
2647
2651
1193
2426
1176
2204
1155
1193
869
2616
161
794
116
150
395
1193
869
2428
579
1975
96
921
1795
773
2300
932
2511
2204
473
1297
932
2511
2204
473
1297
2047
2047
1826
1826
2047
1193
2047
1193
1826
2047
1193
2047
1193
1826
2372
1030
1498
2511
2616
1957
1479
1620
702
2484
2204
925
1676
702
1795
299
2538
2449
1030
2204
209
1424
1550
209
1424
2247
468
1498
2511
472
1975
2543
1975
773
613
638
2725
2204
468
1498
2511
374
1761
2204
2204
1795
1717
2734
2360
2769
738
2227
1396
1143
209
1424
1498
2511
468
1913
1480
2213
1480
2300
544
1523
2263
544
2246
51
544
2528
1417
544
211
2362
2528
605
2293
2265
1509
1932
168
2157
1697
2043
2521
72
1419
2528
1180
1168
2661
1424
2265
2560
2063
2163
1523
2528
2573
827
2163
1523
2528
2573
827
489
2528
827
1648
1104
823
2204
2725
1776
2284
2282
2071
910
704
150
1097
96
1297
150
161
793
2200
919
1639
231
150
1920
1995
2063
2120
2296
2204
2725
383
910
284
639
1646
613
1127
759
1992
2571
1189
2777
2063
1297
1128
2608
740
244
2777
778
704
150
161
1336
2397
1995
1670
116
582
388
2769
231
2336
2284
1175
1567
2541
286
607
1486
86
2721
545
2476
773
704
1726
299
2043
2200
773
1223
1492
2204
2063
2120
2296
2204
2725
183
613
2265
1128
284
2378
2265
1355
660
2296
927
1975
113
1180
2227
364
1808
1992
2537
2754
1154
442
2227
2122
231
2336
286
927
2661
2771
1726
1995
46
133
2204
773
1030
1297
209
1424
2729
1030
2539
2281
2265
2083
1099
2245
2035
150
299
317
150
1097
1297
2598
807
150
925
1086
413
1367
807
793
194
793
413
1367
133
2336
2360
1039
150
2336
2428
1104
823
2204
2725
1776
2284
1400
449
2769
1620
1045
2267
2336
2204
1718
2204
1757
1931
1486
2347
746
161
1661
2511
2204
2725
1101
150
1297
448
397
1444
1498
1523
490
2299
2204
468
1297
773
1131
124
1128
547
468
1498
2511
1424
1550
209
1424
1068
1108
2204
2114
2488
773
1498
2511
1093
2488
773
2414
2204
2550
2616
2554
1597
1804
191
96
2197
1612
773
1720
2196
1232
888
2356
2511
386
2063
2257
2204
1022
1030
2390
1022
771
773
1498
2511
1371
910
1670
1371
1415
773
2679
2328
2753
2254
2444
2683
1371
2661
95
2560
2063
1371
2560
2063
1168
706
2397
1652
2271
2205
2661
95
2560
2063
471
2740
1073
2753
1521
2205
1761
2254
468
2247
773
910
1670
388
231
2336
1013
773
2428
1131
1490
385
2120
1663
386
388
209
1424
1168
706
823
507
2542
2204
2542
2643
471
1704
466
2007
1479
1836
1561
1561
1561
472
1113
1561
727
553
473
2350
1283
2461
221
2350
1283
2461
2300
1987
333
827
2007
2300
2204
2684
352
2332
949
1720
955
1427
118
2300
649
2684
2273
2454
1758
1343
2204
925
333
2426
1758
122
352
352
1471
333
2426
1073
1427
118
352
1144
1707
2441
463
1258
1045
1336
1045
769
2542
2028
1320
2722
141
96
1498
606
1292
1258
1561
1498
2511
2542
753
1498
2511
516
1424
569
2769
1498
2511
1343
2083
2578
2691
2426
377
1922
2542
2426
2500
2426
750
2426
2426
2753
2608
1022
1890
1940
939
2500
1129
1709
377
671
2362
71
827
1129
2691
2481
2170
1129
2454
185
939
656
740
2653
2204
2426
1836
1826
1909
1654
773
1685
2389
1501
2055
773
1654
789
656
740
2653
2204
2426
1836
1826
244
2452
1720
2653
2258
1826
2426
377
2566
2204
2200
72
1720
1826
2426
1237
2106
2753
109
2542
2653
893
1620
2500
1646
1129
1498
2511
2146
2753
1131
2550
516
843
2542
772
1129
2481
2691
671
1620
685
2488
772
1129
1297
1424
1550
468
2378
2592
346
2550
2200
2204
2550
2593
2757
1722
1260
938
109
2753
1479
1918
1424
2616
1604
1801
2297
2713
1931
1368
227
2360
2299
925
1570
711
2777
185
1073
2548
2428
2769
1739
1013
2245
1260
938
109
938
1672
2204
925
1326
26
1696
1550
2204
2697
2599
2030
309
489
563
1969
395
1022
1030
2753
1620
1030
1757
185
1440
2362
116
86
1424
629
2063
1287
2204
2753
2204
925
1799
171
1363
1498
2511
1545
1640
1030
2476
1498
2511
1030
2204
2697
2599
2030
309
1336
764
1800
874
716
2086
2449
2064
1609
1266
1381
1071
1918
1799
2223
2204
148
51
1529
861
2227
1720
2204
1336
2332
228
496
2039
516
1065
1720
823
1799
2223
224
134
209
1424
1550
468
1498
2511
96
1297
1297
272
1150
1157
1754
773
1297
1498
2511
773
1363
1498
2511
1363
1498
2511
436
1616
2265
256
1297
1923
468
1498
2511
1826
685
1568
632
685
1531
1383
2458
1871
777
1342
632
2177
2362
2432
2616
746
279
2773
1261
1516
647
1871
1723
685
1597
1917
449
2193
853
685
2041
427
2085
2360
312
116
774
2489
1871
1183
299
2265
1761
489
1516
339
2360
389
1106
2500
818
404
685
2218
2362
1616
1559
1295
468
306
656
938
589
1616
2362
1773
404
1585
1342
1518
272
1440
1136
1154
1840
2753
2218
685
1837
2091
138
985
1826
1871
209
1424
471
2265
2488
1093
2028
2265
231
2336
1896
1261
139
503
2753
1593
364
1488
160
333
827
2484
2204
925
2769
1139
489
1529
1272
900
1155
2488
2517
2265
2031
333
2360
333
2572
847
2031
1825
816
2481
2398
808
1022
306
1223
1524
2549
479
160
333
827
1201
2204
1561
2269
479
1131
221
1102
1395
2269
479
2269
2364
2426
2597
2204
1561
2597
1561
1327
2426
1826
793
553
1721
2290
2507
1139
2362
778
910
1162
773
1479
955
2246
1721
344
1490
389
151
1286
344
39
2516
1384
2265
954
1524
930
1078
2298
568
2362
1767
1720
2045
1440
512
251
866
1890
2616
1383
2616
537
570
2769
2362
1155
1155
2204
2362
364
827
52
1632
1632
1539
1327
1906
1561
1796
2311
2441
2138
1327
1498
2511
2631
81
2545
333
1845
2269
2265
1739
494
861
827
1328
910
769
726
1632
568
1944
87
2321
1632
2352
1795
2339
2362
2204
1145
2362
1184
1632
2367
2362
908
2204
1145
2204
1145
2204
1145
2204
1145
2204
1145
2204
1145
2204
1145
2204
1145
2204
1145
2204
1145
2362
1632
884
602
467
2552
1545
1178
2362
908
2204
1145
2204
1145
2204
1145
2204
1145
2204
1145
2204
1145
2204
1145
2204
1145
2204
1145
2204
1145
2362
1384
1128
2231
2680
1834
1567
657
657
827
997
1431
1042
52
569
1431
74
2745
2634
725
2267
2635
2362
908
2204
1145
2204
1145
2204
1145
2204
1145
2204
1145
2204
1145
2204
1145
2204
1145
2204
1145
2204
1145
2204
1145
2204
1145
2204
1145
2204
1145
2204
1145
2204
1145
2204
1145
2204
1145
2204
1145
2204
1145
2204
1145
2204
1145
2204
1145
2204
1145
2204
1145
2204
1145
2204
1145
2204
1145
2204
1145
2204
1145
2204
1145
2204
1145
2204
1145
2204
1145
2204
1145
2204
1145
2204
1145
2204
1145
2204
1145
2204
1145
2362
2428
1383
773
2414
526
2392
2557
503
2267
1733
1006
2204
109
2204
2428
1795
773
773
1795
1567
1423
2292
815
773
1943
1117
2557
1795
773
2714
809
262
2265
2766
1748
1545
1297
621
2657
2001
2292
1383
773
920
1236
2033
908
503
1053
773
1116
503
1117
497
503
1757
2557
2734
1693
565
773
2557
1258
503
2557
1757
920
1676
2653
151
2350
2096
2428
1795
773
2740
333
1845
1083
1733
608
2269
2265
1739
494
861
827
1328
1155
1766
1795
1490
1632
920
365
2269
2360
1632
157
1956
773
2702
920
887
389
2356
1739
1501
1496
1145
2387
1115
2362
1313
1295
822
2124
2204
1145
1145
2691
2204
1145
2753
538
473
1313
1295
473
1720
2245
664
374
1387
2362
1697
2205
2163
677
1990
46
2362
2511
2204
884
908
2204
1145
2204
1145
2204
1145
2204
1145
2204
1145
2204
1145
2204
1145
2204
1145
2204
1145
2204
1145
2204
1145
2362
2362
997
967
2005
2511
2204
1011
314
1295
346
2550
197
2481
1399
2511
2204
1011
1795
2511
2204
1795
1261
1295
346
2550
197
2481
1399
2511
2204
1718
2511
2204
1718
2511
2204
2284
2511
2204
2284
221
2511
2204
793
161
2511
2204
793
161
2511
2204
2284
161
2511
2204
793
161
2511
2204
793
221
2511
2204
1011
1795
1261
2511
2204
1718
1295
346
2550
197
2481
1399
2511
2204
346
2511
2204
377
346
2511
2204
377
346
2511
2204
377
346
2511
2204
2725
1022
2511
2204
2284
1022
2511
2204
2284
221
1261
2511
1718
314
2511
2204
377
1145
2511
2204
377
1145
2511
2204
377
1022
2468
1022
2511
2204
377
1022
1022
2511
2204
377
1022
1022
2511
2204
377
1022
1022
2511
2204
377
1022
1175
1022
2511
2204
377
2461
2511
2204
377
2461
2511
2204
377
2461
2511
2204
346
2511
2204
346
1261
314
1166
1193
2511
2204
377
2511
2204
377
1145
2511
2204
377
1145
2511
2204
377
1145
2362
2414
2550
2204
503
1795
773
625
326
2352
780
908
503
2140
1751
2557
503
2745
2646
615
827
2035
2358
2047
2426
209
1424
2389
119
377
2258
869
2616
2571
377
965
773
1383
884
884
1184
433
1632
2603
2001
2204
884
1632
1261
2697
150
377
150
377
118
2571
1791
2120
2691
377
2265
118
618
1001
2204
31
150
377
326
468
1498
2511
209
1424
1550
209
1424
1498
2511
2543
61
2518
1913
1498
2511
1498
2511
468
1498
2511
818
1021
2204
2119
340
2190
516
51
2573
150
1297
542
2362
147
2753
1648
1935
1571
1920
2043
2226
2362
1136
542
2043
66
2155
2204
939
2733
1648
1648
542
632
939
1648
2265
191
340
1414
2298
2476
861
1512
234
939
1648
2265
191
340
2063
2300
1648
2476
2753
2119
191
340
2733
2204
1580
637
261
1297
1143
1363
2232
1639
2559
1363
2232
2041
1423
1545
1363
1986
2705
1022
150
377
264
1722
1363
1363
1363
1925
1297
1363
1022
644
346
2753
1412
1925
1676
1022
644
2550
1363
793
413
2214
2550
1412
1697
2336
209
1424
468
1424
1550
490
1154
2769
253
1351
938
1490
1223
1297
1989
519
2378
617
377
213
1424
2598
1969
1155
2484
2426
1022
150
2426
1351
938
1497
2550
2426
1121
617
605
1022
160
827
1022
150
2426
1640
150
2426
1711
1022
150
1640
1022
2378
1121
617
2550
2083
1351
938
2378
617
210
2650
565
2525
2360
2378
617
1039
2378
1553
617
1720
966
1758
1351
938
2703
1030
2323
1791
213
519
2378
617
1351
1653
2063
2757
1791
2323
2594
1280
2120
1139
1795
503
1490
2248
2245
1342
2728
377
2703
2500
1896
1297
470
2378
209
1424
1297
2247
1130
2207
2265
2265
1261
2204
209
1424
773
468
1498
2511
2204
753
1567
773
2036
1030
2352
2265
773
1520
1740
1754
1286
2265
1498
2511
2769
206
773
276
1313
1608
997
2204
687
2745
1199
2706
2204
1498
997
2428
295
2548
1479
2426
265
2733
649
346
449
2269
2464
1690
934
2213
1812
449
2269
2549
2560
365
2269
2045
938
2362
2269
2549
556
685
2193
556
2060
685
2138
520
2362
333
2426
793
1479
2362
556
1561
1327
1102
2362
2230
2218
1175
449
1001
978
2549
2227
955
1683
1722
1812
938
2362
2269
685
2193
2772
969
685
2193
2138
969
2362
333
2549
1653
2269
2360
868
978
2426
2230
2218
346
449
2269
2763
2545
711
2137
1722
2451
72
910
2227
1143
2670
1387
1636
434
2598
2585
351
2204
1477
1424
1550
209
1424
545
2336
88
2362
413
150
1297
468
1517
1155
2632
807
191
1320
2247
2216
468
2265
2728
801
150
2743
2435
1097
793
2284
374
88
2585
910
585
1131
2063
1297
2063
1297
2063
1297
2063
1297
2550
1129
2327
1676
209
1424
1498
2511
2213
1363
2378
1498
2511
1498
2511
468
1913
1498
2511
1424
794
1210
1642
1156
845
1498
2511
468
1913
1498
2511
468
1363
1498
2511
2063
1480
2421
412
2571
2063
1480
1297
2247
1130
2265
468
51
2528
2362
2439
2362
2362
2236
685
685
1369
1369
1193
1992
2259
1193
1826
2439
2362
2121
2539
1545
468
1297
952
773
2247
2207
1131
1297
1754
1490
1676
1019
2528
1390
747
1336
1791
751
2586
468
1480
209
1424
1550
1131
1261
2414
2550
1422
1297
1712
2544
2362
2245
763
299
779
607
1533
1754
1795
1145
1498
2511
204
1408
997
220
503
278
1320
1788
1804
487
1030
1975
647
1128
910
1131
1177
2729
2063
2745
2300
2352
1030
2265
2753
1030
2204
133
1795
1298
209
1424
1550
2247
133
1030
1498
2511
2063
2753
1479
773
1045
857
299
2727
1327
1804
1561
691
209
1424
753
773
1295
2063
2108
568
770
116
2538
391
1290
2691
2329
2691
973
814
2616
1520
1739
2753
1479
954
2093
2247
1975
2204
116
2550
209
1424
1550
209
1424
2204
2543
569
2088
617
617
1297
374
2300
2265
60
374
2200
2204
1266
1199
1896
2204
687
52
930
2360
2543
1976
1976
1875
2204
1718
51
2204
12
12
2205
2204
2441
224
134
2204
2725
2753
2753
773
2728
1810
151
2543
1935
65
1230
818
1474
1368
1237
1283
1320
2594
1474
2497
2489
2205
2204
1718
108
607
1342
340
1976
65
1342
1173
1594
1718
1976
1568
2212
161
1669
1098
2454
2204
1718
2606
1515
224
2497
1320
2426
2597
2204
1718
309
1320
574
2566
2193
2550
2671
2039
1022
1759
1704
1320
1935
805
1718
1512
1220
12
2205
2204
2441
224
134
2204
2725
1690
1367
1015
2204
1718
2336
1022
566
1757
1931
96
1396
2200
479
1396
2368
2619
2327
2548
1984
1498
1523
1220
1424
2265
910
848
1045
1841
1950
679
2265
615
1128
537
773
2265
1841
118
1144
2204
417
90
818
821
2336
2247
2753
1128
2200
2204
2725
1718
545
667
1976
462
2048
224
456
1648
456
191
2651
2028
2331
818
2389
2265
2265
1379
2211
340
1976
65
1976
1704
1320
1935
805
1718
12
2205
2204
2441
224
134
2204
2725
2753
1128
1189
2362
939
550
1650
2204
1718
2336
667
1976
462
2048
224
456
1648
456
191
2651
2028
2204
12
1800
467
1950
679
1483
2729
1006
1044
1024
910
1537
2030
309
2777
1692
1896
818
2454
1950
2265
1379
2211
1266
1199
118
1896
2328
249
1569
2650
1608
2204
1379
2265
225
1489
560
1600
1515
2265
1900
1350
1045
1957
521
2332
1185
2360
2375
467
1950
679
649
1583
185
1166
2511
2049
2265
225
2701
1100
2720
598
1550
209
1424
2352
1030
2025
1490
2204
279
168
771
1490
1006
2265
704
503
1207
1252
2204
2725
468
1501
1989
1754
1252
1480
1498
2511
1164
1509
1937
468
932
2265
2428
1944
773
2360
168
1336
550
1063
2332
2204
123
2740
1613
1720
2204
1432
1107
1498
2511
872
1432
1913
2430
2204
888
1490
1872
2204
1047
1490
2689
2550
2204
1295
468
468
647
1030
2204
209
1424
1550
468
1297
1913
468
1498
2511
2247
1030
2616
96
1290
1641
1641
973
468
1913
1498
2511
1498
2511
2352
1030
382
1490
2753
2608
2550
2083
2362
1269
1896
605
614
1297
2616
1639
413
1490
1639
2769
545
1639
1800
2593
1472
2265
2360
190
1720
1721
2204
468
1297
545
1343
1639
494
2265
1721
413
2428
31
1721
2349
374
1864
2204
2247
1931
1479
773
1975
2300
299
1650
773
1580
1676
2204
314
2511
2204
67
2008
2511
2204
67
2008
2511
2204
1721
2511
2204
1721
1804
413
2511
2204
1721
413
2511
2204
67
413
1547
1721
436
2769
704
965
1677
2616
2619
965
209
1424
1550
