2668
2457
829
2355
619
136
1938
698
1461
1671
1094
1063
1094
2206
107
2717
1783
1974
133
523
837
958
2195
2668
2033
613
334
1654
848
2668
443
2372
2731
443
845
1671
443
1497
2717
1783
523
1994
2480
1455
1837
1178
2729
43
2717
2323
565
1837
2453
2094
1837
1555
754
2168
2060
2542
2542
1640
2317
2411
2623
550
1640
1626
733
2864
2668
924
2195
1483
2403
2015
1378
848
1520
2149
1538
345
1746
1579
133
2403
2015
1473
1579
1112
2518
2691
1783
565
2526
2238
1407
1729
1430
971
2163
956
1620
2403
2518
1260
2948
2379
1004
1407
2716
762
565
1579
1887
2199
2321
2094
2341
1579
1313
2348
2970
1483
692
971
1357
1579
2516
2000
2570
2411
480
1733
2206
2266
2518
1655
2948
1283
2034
848
845
2195
2570
2391
2948
668
73
827
2741
848
2206
519
1112
2195
1746
848
2716
958
1953
1636
2035
1579
1567
2753
2214
945
404
848
765
1222
848
519
1112
1429
2755
2391
1523
2025
2732
2358
1660
480
1733
171
297
2756
1728
692
2547
2726
1112
2195
2368
1483
2403
2403
2015
76
2403
1390
2348
1746
1579
2403
157
2391
1588
2954
2691
954
1105
546
2948
1283
157
2025
2391
1579
2770
448
872
321
2195
1130
972
2518
65
2359
1671
65
1055
65
827
848
2876
770
2535
1696
848
2665
698
2915
2174
2665
698
2404
2691
2665
2195
827
827
1782
612
1813
1487
1316
2254
2948
385
2665
698
2954
2780
1765
2954
2665
2404
2025
2948
2794
1268
2732
1112
2404
2691
2665
1112
1516
2665
698
1105
1082
2025
1458
1105
1620
2660
1105
2492
2880
2195
827
827
1782
612
1813
1487
1316
2254
1112
2214
2390
1827
2338
2174
2674
2665
698
2404
2691
2665
1668
1725
1487
1784
2516
2734
2691
2691
519
1938
2391
1724
2030
116
1339
2756
1413
1588
2954
2691
954
1105
2948
2372
1813
2073
1516
2807
2948
337
523
2056
1433
958
523
2411
630
142
1658
204
958
1538
163
2073
2453
2073
2742
2195
1304
1637
523
1633
2749
2533
2742
1247
523
1558
1454
2742
2614
1733
2732
2195
2036
1158
2206
437
2073
2804
2864
1222
1226
2623
1724
1304
2660
2143
400
2804
1639
2516
1639
1839
2073
2804
2804
1639
1514
46
78
1051
2660
2305
1998
2073
2073
2073
2812
523
2537
2533
992
942
727
1671
489
1222
1887
848
573
895
523
1994
1903
2887
848
1671
523
362
2174
1067
565
1430
170
2174
1067
565
1430
170
362
1671
1473
523
631
1410
2749
1454
2742
523
1903
2073
2804
2742
2620
2599
388
1929
1112
2948
2684
1018
2411
2834
1018
706
1679
1018
992
1567
1516
1642
2804
1574
1868
1809
2948
2734
2439
2372
1642
2905
2045
412
734
1434
2726
1728
1429
2593
985
523
2853
2908
2211
1671
104
2948
1868
2837
654
1574
827
872
1703
922
1516
985
641
2837
418
2046
1588
2691
418
2046
2861
2411
1112
1112
1105
827
2704
1248
1573
701
97
992
1112
983
1351
1409
2962
2804
2518
672
2403
2691
209
89
1654
1920
1421
2717
1654
1920
1421
1654
1920
380
1421
1329
672
2518
2954
1105
2404
2954
2691
954
2954
1105
2849
110
2731
273
942
1746
1579
2061
2453
1517
1567
1746
848
1112
1112
1567
935
2084
1746
1579
110
2876
2123
273
515
2025
95
1125
677
67
2206
1125
1487
2471
515
2025
2195
1105
2404
2954
2691
954
2954
1105
1185
677
1389
2724
2600
2605
2323
2280
2805
2837
2390
1426
2195
1765
1579
1947
1920
236
1509
733
1866
1579
1226
2516
2341
848
2694
983
2730
1620
2323
1588
2954
2691
954
1105
2411
2004
2195
2411
2518
2691
1866
2721
901
2948
2004
2691
1866
2721
901
2691
2896
2691
2691
2691
2691
2691
2691
2691
67
2623
1116
2804
2623
1116
2388
2623
1116
2388
2026
2402
1323
2026
2402
1887
2026
2402
1323
2026
1406
964
1323
2026
1406
964
1323
2026
1406
964
2026
2026
2026
2026
1887
2026
902
2026
2026
2615
2026
964
2026
1887
2026
92
92
2026
92
92
2026
1887
2026
902
2026
2026
2615
2026
964
2026
1887
1124
1887
1072
1072
1013
2623
1116
2804
2623
1116
2388
1072
1788
1013
1354
349
2691
1866
2721
901
2948
2004
2691
1866
2721
901
2691
1866
2721
1750
2691
1866
2721
2691
1866
2721
2691
1866
2691
1866
2691
2410
2691
1866
2691
1866
2691
1866
2691
1866
2691
1430
2171
2691
1866
188
2691
1866
2691
1783
2691
1783
2691
1783
2691
1783
2518
1567
2692
2195
848
983
2730
1620
2323
149
1795
903
848
515
2025
170
1866
2600
2600
2657
298
1452
1407
717
2516
848
2858
1567
848
2411
2948
1226
2514
2200
2962
31
1487
2348
2025
1579
486
2404
2954
2691
954
2954
1105
2948
133
2514
1909
2127
2254
1019
1821
2348
2651
942
2152
2986
2512
2034
1579
1134
515
2025
79
2909
1620
1136
1083
1608
163
2124
2254
2931
25
2176
1579
848
53
2195
412
1470
2025
965
924
1579
2609
422
2516
2785
458
1024
2697
2513
2948
1033
1244
932
2795
916
1461
2865
1226
2795
1480
945
2101
1407
1296
719
2820
130
1783
2334
1004
275
1837
2411
277
2820
2334
2348
1866
1783
1024
2411
1108
1363
965
2219
2587
1056
2360
2461
1464
2461
2127
871
1839
2348
516
1620
100
1868
450
1639
717
1620
1498
1464
631
1368
1664
1095
1868
1620
2563
1498
2545
2348
1788
1313
1868
1620
1452
2348
1368
1664
569
2372
322
2453
2692
2453
1603
321
276
191
2348
515
2876
191
2372
2599
824
958
1277
2535
1866
248
1105
2404
2954
2691
954
2954
1105
1036
1746
848
1965
321
1579
1062
1277
2876
2530
817
1703
2876
1340
2359
2716
1247
848
1365
922
2160
616
773
2195
2691
1866
2721
2876
824
1866
248
2372
1382
2119
824
2788
2795
2373
1868
133
1866
696
2391
1226
2236
85
993
341
1866
2510
1033
1866
2916
1650
1813
2313
1783
248
1866
974
223
1866
248
848
1620
565
180
762
1866
248
696
2795
1452
2535
2795
1584
2795
696
1633
1620
201
2795
2593
1620
2535
1620
2535
2795
2510
2535
1620
2535
2795
2510
2535
1620
2535
2795
2510
1384
2939
1866
958
696
773
2195
1866
1357
958
1069
248
2530
1112
157
2391
2404
2954
2691
954
2954
1105
422
2582
2444
653
2459
612
2928
1412
612
1073
2459
612
2928
1813
2837
2079
2403
2044
817
2403
2724
817
2848
2781
2543
1620
1907
1861
1130
2403
1837
1746
848
2543
2865
2282
808
817
1903
1907
1407
2864
817
2640
2630
1502
377
2518
749
1918
2091
2804
171
447
2453
1232
923
2518
749
1062
2848
817
1620
1620
1711
1620
2403
2724
2927
1625
2804
2453
1620
2403
119
1363
2258
1620
2403
515
2668
2948
515
945
2691
2952
2691
2952
1450
2886
2176
2453
2518
718
2763
1924
1112
1567
718
2763
2121
523
2832
2731
2731
2731
1596
1626
1409
2046
2369
1647
1504
1182
2090
329
2533
1311
1866
2146
1526
1514
1647
762
2691
2952
2691
2952
2150
2094
1658
2411
2150
1870
1626
1487
1887
2395
1401
1429
2948
2400
133
1226
2691
1430
2812
1494
1082
2597
719
735
2848
1588
2348
1555
698
1057
890
1868
1620
992
196
1321
1004
1555
1330
871
1849
37
1236
2335
2781
1788
2366
495
479
1484
707
2132
2367
79
2005
2435
565
2865
1136
921
2948
2132
565
1698
113
2803
1279
605
1013
2936
2457
1620
1057
950
214
2981
177
2508
848
2411
495
1620
1094
214
177
2981
1654
713
2248
2864
1788
1004
674
37
2403
2502
121
1788
1813
1588
1788
1436
484
674
2338
2981
698
500
728
1620
1491
37
2403
1813
966
2335
2781
2707
1417
1555
1620
2899
758
2177
1813
2348
1004
2254
826
1620
2876
2348
1788
674
2338
1620
2876
1555
958
37
1236
2662
2795
1866
834
266
2917
2174
2366
766
1863
814
55
1588
2348
148
1555
1620
37
2403
2206
1004
1813
2707
1417
2565
37
2403
1620
317
871
2335
2781
1788
2366
2707
1417
1620
1717
728
958
37
1236
1813
55
1588
2348
2348
2834
37
1236
2981
177
728
1620
37
2403
1654
890
1567
2707
1417
427
548
2939
1588
1057
1588
1555
698
1464
1421
1417
1109
2703
1421
163
1109
2521
1664
1622
68
868
2707
1417
518
2041
791
827
2910
1618
848
573
2508
1795
848
37
2403
1084
340
2382
1555
1212
1274
1057
107
848
573
2442
1813
848
64
2254
940
749
2525
1243
2335
2781
933
2894
1542
2731
2876
2403
2403
2115
1573
1971
971
172
1588
848
816
2206
859
1057
1654
1733
1130
2348
2338
1497
2726
1130
2348
1158
427
1555
958
2795
1849
37
1236
1967
548
2939
1588
698
1620
17
2804
358
593
2905
2095
1487
64
1555
2525
1620
2731
2781
2876
1588
2795
565
2206
1453
1625
2246
2466
64
837
1720
1453
2926
1956
1588
2348
620
1239
1567
1926
1330
2325
813
236
1642
340
1063
2905
2048
548
2939
518
427
1407
2984
1244
2182
2453
2466
1222
2127
1579
1822
2948
1080
605
1018
182
848
2508
1461
1930
1654
194
1461
37
2403
1057
950
1620
1620
1094
1588
2981
1491
1057
1279
1461
1930
1654
1868
450
1057
2981
2651
942
2195
2404
2000
2691
2042
1296
2931
1620
1094
1588
2981
177
2195
1620
1057
2915
2981
518
1588
2981
1057
1620
1654
1920
2411
515
1158
1620
1057
950
1620
1654
2518
863
1278
1620
1094
2149
1588
2981
177
1158
1036
2981
1620
1620
2981
2731
1620
2981
2403
1620
1094
1057
701
122
273
1620
273
1930
1920
1930
273
2981
1920
1620
1920
1837
838
1887
848
1057
2494
1620
2403
1057
1887
1130
2348
450
1057
1057
64
762
1429
37
2403
863
612
1412
1887
1049
2691
2691
1079
871
1049
1412
2403
1136
1620
2359
2403
2731
2876
1620
1055
2403
1051
1051
2403
2731
2876
1051
862
1402
1051
25
1055
2781
1051
602
1051
1051
2675
2359
1051
2335
2691
2691
1051
38
1094
1055
1055
2359
933
848
2915
2691
2525
1620
2781
2876
2731
2781
2876
1412
1765
1049
2717
2691
1079
2717
1412
2359
2403
2403
2403
2731
2876
1051
1051
2691
1866
2721
2717
1130
2085
2404
519
2931
1620
1057
2981
1057
1920
1421
553
518
1920
107
1249
2348
2518
2834
2981
1057
1920
762
1222
1321
487
2391
748
808
1112
2865
1158
1620
1057
950
1620
1654
2518
863
1278
1620
1094
2149
1588
2981
177
1158
1036
2981
1620
1620
2981
2731
1620
2981
2403
1620
1094
1057
701
122
273
1620
273
1930
1920
1930
273
2981
1920
1620
1920
1720
1620
1057
950
827
2981
1057
1620
1094
1239
2348
1740
950
1574
755
958
404
37
2403
1620
1654
2391
748
827
848
829
1225
565
1035
2206
1436
234
1575
2066
924
1575
2348
981
1130
2348
766
2285
1130
1964
792
879
168
2206
1885
1130
1964
2372
2348
257
1832
2615
1866
1588
505
2085
2348
2439
2170
512
1036
604
479
2348
2071
2285
1130
1588
1964
1600
2207
1588
2095
1130
1588
2348
2518
1868
1349
2795
1813
2663
2948
1555
1330
2206
1575
37
2403
2948
2453
1160
2599
72
427
1555
958
871
2795
1849
37
2403
2335
2781
1788
2366
2390
1175
1574
2886
2047
832
64
2931
933
1904
1622
68
427
674
37
2403
2338
1620
37
2403
1182
1620
1930
1654
1920
1654
1057
950
1030
2628
2723
1575
2050
981
2391
1910
2691
2386
1304
983
2187
2602
2386
515
1837
2206
2726
2070
848
37
1057
2981
884
2411
1279
630
37
2403
2411
2516
848
1822
158
2865
2981
518
2981
1137
848
2726
1130
2348
2391
2865
651
1226
1161
550
980
2548
2248
1765
569
2390
1004
2723
2248
2976
2648
1588
518
2348
2518
237
1117
2254
412
2019
1887
565
2439
604
604
2153
2425
2000
2151
1809
2348
2981
698
1351
2981
1057
1620
37
2403
1182
1057
950
1654
37
2403
1436
50
2151
1809
974
1620
37
2403
668
37
1236
2837
2423
2151
1809
974
37
1236
2981
698
1160
167
1788
1182
2149
37
2403
1620
1654
1429
2176
1461
37
2403
1057
950
2411
981
928
2151
1809
2348
2453
884
1611
871
698
871
1340
1866
2896
2535
2569
2348
1712
884
1057
698
2246
1330
871
884
1057
337
1866
2599
2896
2535
1813
884
2411
37
2403
2411
438
848
573
884
2411
2348
848
573
2508
2948
2403
2411
350
1249
890
698
1057
1567
1620
1094
2246
1330
186
37
2981
1057
2391
748
519
1130
2348
1788
2444
1567
2707
1417
427
548
2939
1057
1555
1330
2540
1555
37
2403
871
2335
2781
1788
2366
519
1788
2444
1661
884
1057
2540
958
1130
37
2403
1356
1057
950
2981
1057
1062
871
884
1057
2931
698
1398
2206
484
2453
884
2246
1330
871
2206
2083
2246
1330
871
884
701
11
1398
2391
748
1658
1514
515
1650
965
147
1356
2948
848
1487
848
2865
1660
718
2928
256
958
2928
1819
2852
2249
2290
2094
2694
1588
2838
718
2657
523
2832
718
2657
992
2896
1746
848
2834
2742
565
2390
2411
1296
997
718
2524
21
2876
1055
2644
2834
2411
1033
2039
195
1863
1866
1135
648
2530
2948
72
2948
2876
2599
2508
2896
848
1615
1571
827
2411
1765
983
2508
1182
1062
2848
2508
1746
848
2411
2025
2508
1746
848
2411
1388
752
971
1783
2600
1866
188
1783
136
153
2852
1866
2140
2313
1783
1535
692
1452
2413
1783
992
2567
1388
752
971
1091
2691
1866
1783
749
2195
2948
1283
73
2971
2878
1294
994
515
1458
1872
2074
2025
1105
1608
826
1429
2094
623
2625
780
1252
1065
867
2123
2535
2763
2123
1363
2599
515
1478
73
1478
2948
2674
2295
1407
2763
1094
649
364
1222
241
1514
1082
1334
2019
1401
2795
64
1825
1149
2524
759
2127
2795
2524
1082
1227
2795
2657
759
2127
1825
2524
1601
2404
624
624
2000
275
2813
612
195
2813
1134
1296
1134
1698
1642
515
2813
2813
1671
848
2099
1383
1200
1304
1887
1995
2774
1487
2513
848
343
879
563
1724
1660
1487
1907
1620
2668
2610
1004
2411
2668
1650
1487
1903
973
2668
1304
1383
848
2508
1304
1514
1158
2668
914
2530
659
2876
2535
2660
871
2535
1650
450
1620
2124
2915
2876
2535
770
2535
816
2535
450
1633
2530
2665
1718
1529
2535
450
38
2254
2045
2535
2535
1620
450
958
2633
1868
2535
450
1620
1062
2876
1866
1357
2535
691
2876
1136
2535
1529
2535
450
871
2674
1868
2518
509
2518
2518
509
2518
1620
1136
1019
2535
1516
871
2535
1146
1620
2518
874
1516
2896
2535
1733
509
1516
2518
2480
958
2530
2518
874
168
2518
2732
2884
2176
1887
848
1313
2522
2732
2765
1004
2411
848
1365
565
1795
1746
848
1856
565
1719
2910
2527
2875
2369
881
2411
2124
2931
623
224
958
2123
2535
617
958
2123
2368
2876
269
617
269
958
1527
2948
2121
2472
2948
617
1527
2124
1827
2535
2123
1887
224
958
2876
1567
2535
2876
2742
617
958
2042
2876
1813
1062
110
2755
1579
2612
1789
894
2763
492
224
958
1813
596
1866
1550
2723
2548
1487
1626
733
2390
971
2717
733
2523
1718
2774
965
1813
965
1473
2411
1473
848
908
701
2113
2363
574
542
1538
2206
307
2084
337
2948
337
824
2369
1409
986
2124
2931
2535
617
1827
2535
1495
2535
2852
617
1571
1387
2515
2010
2535
617
2948
41
2010
2535
617
699
2411
2852
1788
343
1887
1226
2562
1222
2865
2445
1845
1620
2190
2876
2515
474
958
57
2515
1359
145
992
2861
53
233
2865
2876
30
2518
2876
2518
1978
2948
427
1588
1620
1658
2558
2726
2070
848
1365
1079
2896
2876
2931
1620
1813
2896
2876
450
1620
1813
2896
2876
2931
1620
1813
1516
2896
2876
450
1620
1813
1516
1516
1516
1280
2334
1620
2915
1280
1136
438
1650
2254
2359
1055
1866
2645
932
1527
1827
2530
1620
2274
2726
824
2876
2359
958
932
2010
2876
770
2530
2530
1724
1354
2530
2625
2876
168
2535
64
2876
958
2528
2515
41
2876
1282
1620
2948
2515
2535
739
2865
1658
72
2530
2876
958
2010
2876
2948
2411
612
958
1179
2876
2852
1470
958
2876
1470
958
2515
1470
2876
2861
2730
958
2668
1846
965
2195
1907
1620
2411
2516
435
2195
2668
848
1365
53
1866
224
958
965
958
2010
1620
2948
2515
1370
955
824
1620
2025
1409
2046
1765
96
1866
2886
2886
1601
2852
1788
840
1866
2852
1866
492
1019
986
2535
1866
2010
1866
2010
1572
2729
2084
1746
848
2857
1633
623
2010
2876
1616
824
2852
523
2522
1866
1887
1813
2048
2516
1407
612
719
148
1639
2411
2603
1920
1079
1226
1084
1835
1671
176
724
1866
1837
1079
2838
388
2206
2219
2411
2195
992
2341
2404
2000
2691
2042
2123
2113
2363
641
266
343
596
971
1947
2668
1620
884
1813
884
1019
932
2442
2057
958
96
2931
1620
2948
450
958
2852
2017
2852
450
1620
2070
229
2865
2910
1608
2535
1637
2509
1620
1813
2535
2535
1146
1813
1578
444
1765
1538
96
2153
2463
1813
1596
2284
2415
1578
2866
1578
96
1338
2796
2516
2513
2516
523
1024
1819
2100
1276
958
591
591
958
1495
2017
2690
170
1879
2195
2852
1866
1596
2512
1034
601
2190
1596
2750
475
1018
915
2124
214
2553
1854
2369
1147
1886
2411
1579
717
224
958
832
2516
2107
990
1421
2113
2363
1108
298
1579
38
994
1280
450
1620
1813
1620
2915
1280
1136
1588
2691
180
2530
1653
1497
2948
872
2820
1412
2490
2820
2691
1866
2691
1866
2721
901
2691
1866
2721
2876
2691
1866
2721
133
2348
1024
507
2490
958
2948
1619
1620
2403
2010
1620
2948
872
2820
1004
2547
2948
1222
1279
1478
1564
2231
2411
836
2324
2169
2014
1478
2785
1478
2318
388
2094
515
419
1907
958
2579
2195
2503
2545
2948
2764
965
733
1588
1178
2691
2049
965
2780
2691
2691
965
2834
2411
438
848
2948
2411
1273
2573
2576
958
555
2935
1837
692
2935
2876
2123
929
2151
2763
994
592
929
2489
780
1315
2307
2000
1596
1478
2489
662
2489
2735
1466
1574
1222
1359
2341
2000
73
2404
2000
2691
480
1757
1757
1487
1421
2124
1527
2948
2254
2359
2838
2411
73
2206
1813
2231
2411
1546
1900
992
2599
1929
848
438
983
316
1111
2505
2522
848
2948
1070
2518
1284
2599
848
910
1524
34
2579
353
2411
1658
2411
435
2404
2000
2691
2042
2206
2465
2966
2615
2637
1222
2291
2445
2165
2231
1487
1473
1813
994
1783
1854
565
1784
2886
2723
2604
2057
958
2123
133
1866
1813
2542
958
51
435
171
932
1412
2490
1940
1898
2153
2886
1412
2490
586
1567
1447
1793
2591
824
958
2516
2729
2857
2341
2524
2480
2254
2480
2948
2400
167
408
2535
2535
548
450
1620
2480
2480
2379
2411
1363
1487
507
1620
2691
1894
2920
2037
2837
983
427
2691
21
1894
682
2723
924
1696
992
1696
1462
2518
21
1487
1573
1894
1920
1588
2691
1894
1894
2518
1112
157
1389
2612
2867
1894
983
2391
2948
1226
991
1112
2000
2457
1658
321
1180
2516
1746
848
631
1660
422
2009
1841
848
965
2856
2324
2174
1623
2865
2411
1729
2348
2000
2876
2673
768
2290
799
2886
983
1733
1344
502
180
2339
2970
2886
983
2852
768
2413
2339
1733
1434
626
2806
530
1940
133
1728
523
1588
1588
2755
2513
799
387
1407
1388
2657
799
2413
2886
612
2928
2413
2804
2413
2691
799
2691
799
2691
799
1887
799
387
843
2600
1866
1084
2413
2886
612
2928
2413
2886
612
2928
2413
2804
2413
2691
799
2691
799
2691
799
1887
2928
2513
1657
1516
236
2254
1926
1434
2940
2252
586
654
133
2628
2657
2928
141
1497
2516
777
1055
1239
2754
799
2886
845
2852
1620
1292
1388
502
213
1357
128
974
2313
974
2911
544
1419
230
298
1407
1497
992
1364
1644
2504
2699
565
1680
1591
38
1421
2846
1743
922
2546
958
2928
710
824
2966
2731
523
824
1451
2704
2516
1845
74
2504
2731
2045
605
2480
710
824
2404
2954
2691
954
2954
1105
2516
1738
74
2504
990
523
2480
1268
1845
74
2504
1389
2453
567
1130
903
159
1813
1421
734
882
517
2480
523
992
942
2263
163
1421
171
2480
631
2673
2948
1911
2042
668
2876
958
1359
1866
523
710
1338
2516
848
158
447
2628
1866
1642
2592
14
719
2604
1079
387
435
719
2939
1650
1112
1112
708
1112
2178
1866
1013
2691
1409
2178
1866
1013
2691
1409
1829
1829
1204
929
1204
2367
1783
1051
929
1401
1783
1783
1401
1401
548
2076
1409
2948
180
1223
1866
2948
665
1409
1149
280
843
843
929
1547
2804
2619
843
2886
2731
843
765
1447
30
2886
843
2848
843
2611
843
2611
1051
2611
2611
2611
1567
2611
2611
612
719
1826
1401
2611
2359
2611
1051
929
843
2848
843
2611
843
2611
1051
2611
2611
2611
1567
2611
1055
612
719
1826
1401
2611
498
2611
1051
2611
612
719
1826
827
1401
2611
2611
1887
291
1920
1049
869
1204
906
1783
2528
2838
2528
798
740
1412
2623
796
714
2804
1204
714
622
479
1204
622
479
1204
622
479
1204
1843
622
479
1204
929
622
479
1204
929
622
479
2691
1783
2691
1783
2691
1409
2691
1409
2691
1783
2691
1783
2691
1783
2717
2691
1783
2717
824
2482
1829
2691
1783
2717
2691
1783
2691
1783
2691
1866
824
2691
1866
2691
1866
1168
2691
1079
2691
1079
1887
387
622
479
387
1887
622
479
349
1079
1887
622
479
1920
1783
869
1204
906
1049
2528
2838
2528
798
740
1412
2623
796
714
2804
1204
714
622
479
1204
622
479
1204
622
479
1204
1843
622
479
1204
929
622
479
1204
929
622
479
2691
1783
2691
1783
2691
1866
824
2691
1866
2691
1866
2691
1866
2691
1783
2691
1783
2691
1783
2717
2691
1783
2717
824
2482
1829
2395
1508
1213
1822
1630
291
1920
387
2838
1729
906
1783
2528
2838
2528
798
740
1412
2691
1409
2691
1409
2691
1409
2691
1783
2691
1783
2691
1783
2691
1783
2691
1783
2691
1783
2691
1783
2691
1783
2691
1783
1887
387
622
479
387
1887
622
479
349
1079
1887
622
479
1920
1783
869
1204
906
1049
2528
2838
2528
798
740
1412
2623
796
714
2804
1204
714
622
479
1204
622
479
1204
622
479
1204
1843
622
479
1204
929
622
479
1204
929
622
479
2691
1783
2691
1783
2691
1866
824
2691
1866
2691
1866
2691
1866
2691
1783
2691
1783
2691
1783
2717
2691
1783
2717
824
2482
1829
2691
1783
2717
2691
1783
2691
1783
2691
1783
698
2691
1409
2691
1409
2691
1409
2482
1729
2691
1409
2691
1409
2691
1783
2691
1783
2691
1783
2313
2691
1783
2691
1783
2691
1783
2691
1783
2691
1783
1887
349
1079
1887
622
479
1920
1049
869
1204
906
1783
2528
2838
2528
798
740
1412
2623
796
714
2804
1204
714
622
479
1204
622
479
1204
622
479
1204
1843
622
479
1204
929
622
479
1204
929
622
479
2691
1783
2691
1783
2691
1409
2691
1409
2691
1783
2691
1783
2691
1783
2717
2691
1783
2717
824
2482
1829
2691
1783
2717
2691
1783
2691
1783
2691
1866
824
2691
1866
2691
1866
1168
2691
1079
2691
1079
1887
387
622
479
387
1887
622
479
349
1079
1887
622
479
1136
2516
2785
1504
2411
47
2102
1222
2948
322
2411
1938
2948
302
2846
2864
1740
565
1018
2195
1279
1039
2391
1650
2195
291
1112
2163
1112
542
1887
291
1084
2691
1783
337
2937
2313
1783
2550
2164
1734
1920
1049
869
1204
906
1783
2528
2838
2528
798
740
1412
2623
796
714
2804
1204
714
622
479
1204
622
479
1204
622
479
1204
1843
622
479
1204
929
622
479
1204
929
622
479
2691
1783
2691
1783
2691
1409
2691
1409
2691
1783
2691
1783
2691
1783
2717
2691
1783
2717
824
2691
1783
2717
2691
1783
2691
1783
2691
1866
824
2691
1866
2691
1866
1168
2691
1079
2691
1079
1887
387
622
479
387
1887
622
479
349
1079
1887
622
479
1920
1783
869
1204
906
1049
2528
2838
2528
798
740
1412
2623
796
714
2804
1204
714
622
479
1204
622
479
1204
622
479
1204
1843
622
479
1204
929
622
479
1204
929
622
479
2691
1783
2691
1783
2691
1866
824
2691
1866
2691
1866
2691
1866
2691
1783
2691
1783
2691
1783
2717
2691
1783
2717
824
2691
1783
2717
2691
1783
2691
1783
2691
1783
698
2691
1409
2691
1409
2691
1409
2691
1409
2691
1409
2691
1783
2691
1783
2691
1783
2313
2691
1783
2691
1783
2691
1783
2691
1783
2691
1783
1887
349
1079
1887
622
479
2718
291
157
1112
2178
2348
1013
2691
1783
2178
2348
1013
2691
1783
1783
2729
1403
388
2631
2411
846
848
1222
708
2411
984
2691
67
1548
1487
291
1401
157
1808
848
2655
2691
2359
2416
78
1866
2416
2906
1373
2123
2530
1373
2123
2833
2123
2530
2833
2123
958
2238
565
2341
2411
2383
2411
2896
848
2868
2896
2046
1201
1409
2896
554
2123
2896
2123
2896
2530
2123
4
2530
2663
1866
4
431
997
2896
1784
2123
2124
2530
2124
2663
1866
2530
431
997
548
386
1247
291
1944
2933
291
1201
1729
2662
1201
1729
2046
2379
1293
848
1579
1627
2404
2000
2691
2042
2865
2605
479
2892
2503
1235
431
431
903
1579
773
2948
1226
1039
1432
743
362
565
2338
2324
1198
848
2704
2411
73
1179
73
2542
958
2544
2838
517
2404
2691
2151
2688
2404
1473
1562
2335
1588
2691
407
2866
2335
2688
2404
2151
2838
517
2404
2691
2151
2688
2404
1473
1562
2335
1588
2691
407
2781
1732
2335
2688
2404
2151
2838
517
2404
2691
2151
2688
2404
1473
1562
2335
1588
2691
407
2335
2688
2404
2151
2838
517
2404
2691
2151
2688
2404
1473
1562
2335
1588
2691
407
2335
2688
2404
2151
2838
517
2404
2691
2151
2688
2404
1473
1562
2335
1588
2691
407
2866
2335
2688
2404
2151
2838
517
2404
2691
2151
2688
2404
1473
1562
2335
1588
2691
407
407
2335
2688
2404
2151
2838
517
2404
2691
2151
2688
2404
1473
1562
2335
1588
2691
407
407
2335
2688
2404
2151
2838
517
2404
2691
2151
2688
2404
1473
1562
2335
1588
2691
407
2147
2335
2688
2404
2151
2838
517
2404
2691
2151
2688
2404
1473
1562
2335
1588
2691
407
2147
2335
2688
2404
651
2195
655
1588
163
1588
2691
774
2941
1588
2691
407
2866
2781
933
2941
1588
2691
407
2781
1732
2781
933
1668
1588
2691
407
2781
933
398
1668
1668
1588
2691
407
2781
933
398
1668
1668
1588
2691
407
2866
2781
933
398
1668
2729
1921
749
273
848
1866
2516
848
158
2287
2169
515
2025
1608
519
1664
884
2123
2391
519
848
848
2948
1746
848
1732
2103
1866
2530
2876
2508
2448
2379
2508
1746
848
1569
832
2948
1226
654
2726
2858
848
2579
965
623
2723
1125
2379
2382
479
683
1134
848
2732
486
2804
2516
2513
848
1130
2392
2094
848
2348
1637
72
2257
1582
2508
2392
2392
1351
981
2656
1650
1487
2931
1190
2107
1783
2774
2931
1813
2348
2254
1407
2348
2795
2674
2348
2795
72
622
479
1013
158
848
1487
2025
1919
2948
605
848
1487
2379
848
2742
479
1487
548
2195
1746
848
2025
2948
2379
2948
1226
2508
848
2948
1249
703
64
1650
2975
2518
2034
2174
136
266
2668
2457
2206
2788
2411
2948
108
2411
1813
1429
2896
2124
2718
404
58
994
1365
523
994
2338
1395
545
2247
2744
1788
1866
2411
2257
2872
2163
848
1380
2411
890
2780
1188
2605
1642
1065
2123
1211
1494
1341
717
427
2094
2123
404
180
2141
1341
2160
216
565
992
178
2866
783
2732
994
90
1341
90
1004
1487
992
423
1596
2955
529
848
2227
2896
2094
992
2718
677
2123
1920
445
1920
2735
2437
1866
1429
1940
1141
273
848
1642
848
2948
41
2631
438
848
2896
2123
2535
90
2249
2123
827
1383
1200
1579
1425
2390
565
2411
2691
2862
2518
874
2254
814
1930
1232
2597
1055
38
1232
893
38
2597
1051
1930
749
1232
749
2456
814
2597
2359
2518
2804
240
904
2863
2176
2149
472
154
904
2393
2970
2518
21
2123
958
1733
213
2123
958
1733
1574
213
1574
1574
2518
2518
1567
472
958
958
1323
162
958
958
1331
1226
107
1429
910
390
2045
958
1112
307
1579
1130
1579
628
1112
472
827
1487
422
2460
2657
2948
1487
605
848
2948
2379
2948
1226
2411
2551
2391
427
337
1866
1055
1868
1190
995
1647
1866
2359
1019
2774
1813
1401
2516
2411
605
848
1616
2948
57
827
872
1300
510
1603
2350
2689
157
1112
852
1547
848
2887
848
608
1784
1866
2774
1783
2781
2174
2665
698
2404
2691
2665
515
827
2723
867
2731
2943
1112
2149
2723
715
2943
74
326
2763
867
30
1659
2365
958
867
994
326
2763
2019
1036
1235
2404
2691
2665
2948
385
2665
698
2954
2780
1765
2954
2665
2404
2948
2794
1268
2732
1112
2404
2691
2665
1112
1516
2665
698
1105
1082
2025
1458
1105
1620
2660
1105
2492
2693
2880
1675
2195
1303
108
2365
958
1813
2943
74
1616
817
2365
958
1907
1105
2492
2693
2880
515
827
2123
2821
1620
2943
1907
827
1579
2365
958
2496
1105
2492
2693
2880
515
515
2042
1351
958
2099
74
1105
2492
2693
2880
515
1696
1942
1105
2492
2693
2880
515
2821
1947
2546
958
1105
2492
2693
2880
515
163
1947
1105
2492
2693
2880
515
704
1579
1105
2492
2693
2880
515
515
848
1105
2492
2693
2880
515
2724
2546
958
994
2530
1105
2492
2693
2880
515
1696
2124
1676
1654
2365
958
1105
2492
2693
2880
515
515
1965
321
2365
958
1105
2492
2693
2880
515
820
2755
2432
958
2323
110
2365
958
1869
1105
2492
2693
2880
515
515
1947
2943
1105
2492
2693
2880
519
867
30
2723
2432
958
867
994
827
1579
1344
1676
1620
2943
1105
2492
2693
2880
519
848
1344
867
2123
2876
2535
450
2365
1620
2094
2358
2163
2732
139
2742
1268
1199
2948
1226
2025
269
519
2665
698
2628
2025
2518
1268
461
1199
2025
941
916
1084
2358
1082
2049
2025
1458
1458
1004
1268
1112
1235
2000
157
2025
2121
623
1837
385
1458
2025
2896
1112
308
1462
2954
682
1112
2025
2699
1555
2195
1588
2279
228
1813
2691
73
519
1112
1458
1222
1608
1458
1063
2206
65
2518
2954
682
1112
2025
1112
2518
519
382
2390
2094
1662
929
2242
983
1671
1149
983
1671
1189
2195
2656
2404
683
1579
2593
1678
1582
2605
1866
2195
1579
1814
2025
990
133
2326
1588
2954
2691
954
1105
133
2326
2094
2034
2391
1112
515
2025
1112
1746
848
2508
157
1112
1588
2954
2691
954
1105
2834
2850
855
848
2518
1579
1887
1520
2513
565
2526
2238
2716
2691
1783
2691
1783
565
2526
2238
1407
1729
1430
971
2163
956
1620
2403
2348
2348
2348
2615
2348
1783
1783
1783
1887
1323
1887
1323
1887
1323
1480
1887
2518
412
1084
1997
848
1062
362
422
139
2948
1919
2453
2625
1520
422
139
362
157
2195
1458
1837
2358
1226
2195
2404
2691
1105
2391
2351
2391
1503
1018
151
548
1430
1070
2522
548
1866
2386
2196
548
427
1018
550
2196
2939
2196
2149
548
2882
719
2570
900
900
1284
1284
1808
900
2386
1887
1808
548
2196
433
380
400
2196
548
433
380
400
816
1429
344
1637
879
1866
433
2677
2176
163
548
548
548
1017
734
515
1373
2606
832
2536
2882
1763
2411
2176
2674
2516
1279
2391
1623
102
190
1781
983
2508
1112
2254
2365
1620
821
157
515
2025
1105
2195
848
1588
2691
605
1293
1254
1783
2704
800
2668
169
2797
1455
2182
340
1506
2000
1062
621
1907
1795
2943
1480
1994
1724
672
2403
2691
2882
1421
1654
1920
1421
1654
1920
380
1421
672
672
2403
2691
1480
2804
548
597
2804
1495
1654
1920
1553
1654
1920
1553
1654
1920
1920
1421
672
672
2403
2691
1480
2804
1654
1920
1553
1654
1920
1553
1654
1920
1421
1654
1920
1421
1654
1920
380
1421
672
2599
907
2682
2518
2949
2460
1480
2404
1235
2195
73
2516
2785
1136
1822
157
157
528
2025
528
1579
1480
1866
65
2466
958
2010
2046
1753
1487
1226
1588
617
2876
1455
619
136
2174
1623
2338
2865
1779
2010
1409
2046
227
1487
1401
1341
1588
2224
1341
1588
2691
2224
2920
1588
1007
1588
2224
1341
1588
2224
1341
1550
1341
1588
2691
2224
2920
1588
2691
2224
2920
2920
1588
2691
209
2224
1550
1588
2691
209
2224
1550
209
1550
2540
1671
1094
1401
983
672
1341
2962
1866
1588
2691
2224
2920
1729
25
1055
2886
2731
1784
336
1813
2731
273
2876
1055
1055
2123
1055
883
1055
2657
993
1866
418
659
1559
110
1201
1409
2103
1866
1226
1409
21
64
2062
1729
1729
1729
1601
2886
2062
1729
2359
821
2153
1374
1866
62
2480
2480
1920
2480
1783
659
1920
1866
1296
2060
2144
2151
2043
1226
900
172
21
2697
2905
172
21
1341
2795
2962
1259
412
1226
21
1487
1573
2795
1068
2306
1588
1068
1068
2795
2795
2962
1920
1920
2459
1420
2795
1920
1920
2795
1259
2795
1259
1654
1920
2781
349
1930
2194
1654
1654
1920
2781
349
1930
1654
1654
1920
380
2781
349
1930
1654
1480
38
1480
38
990
1480
38
990
1480
38
800
2334
800
2334
2967
2334
680
2967
2334
680
2795
2962
2795
257
2527
1626
2394
515
2948
2729
538
2888
2202
2101
805
2046
1588
2691
228
64
805
1866
1401
701
2795
2962
2948
1222
605
2411
2876
21
2247
2000
992
2508
848
2948
1725
1222
1919
2060
2866
1062
1860
681
2411
309
2516
2785
1588
382
2705
1809
2795
1516
2941
1112
157
2391
2174
2665
698
2404
2691
2665
2195
1965
321
1049
2195
1965
321
1049
1765
1072
2948
385
2665
698
2954
2780
1765
2954
2665
2404
2025
2948
2794
1268
2732
1112
2404
2691
2665
1112
1516
2665
698
1105
1082
2025
1458
1105
1620
2660
1105
2492
2880
2195
1965
321
1049
1226
1620
1094
2404
2000
2691
480
708
213
1620
2981
2392
958
201
941
1620
1620
2781
644
848
2174
1620
1620
933
1620
2781
644
848
2174
1620
1214
1620
2731
2123
644
2525
1620
2781
644
848
2174
1620
1620
1620
2781
644
848
2174
1620
1620
1620
2781
644
848
2174
1620
1214
1620
2931
2931
2931
2123
644
2525
2123
644
2525
2123
644
2525
2348
1357
958
2153
565
201
974
2662
1664
1463
1984
958
2017
2442
2057
962
180
958
598
2662
1312
848
880
2411
73
2338
1579
681
2411
1004
1813
644
2931
1668
2508
178
2392
2933
848
1365
2516
958
1136
1330
848
1887
958
1136
2662
698
631
848
2662
519
2848
2599
1556
1112
1084
698
1130
2025
2755
1487
1112
296
983
1920
2741
848
784
1112
1239
2348
450
958
1579
1070
2183
2518
1579
1313
1112
983
958
2123
644
2525
73
1389
2508
848
958
2876
848
2876
848
1813
1588
1555
1253
958
1903
848
270
2348
1146
958
2348
1146
958
2508
848
2392
2392
1903
637
2834
398
1660
450
1620
605
2202
2411
2269
848
2392
2799
1933
1624
2508
848
2348
875
958
1953
1371
698
1189
848
689
172
2348
2691
2053
1004
871
191
172
1330
2053
689
172
2413
1371
698
337
335
1407
2176
2599
1765
848
2726
2025
2060
2599
1765
848
1340
1407
519
2848
2599
1556
1112
1084
698
1130
2025
827
1954
2508
1112
2269
2392
2392
2903
958
2915
2060
2348
2163
1094
2662
170
337
2749
1514
2243
1094
1339
2981
2348
2931
958
1555
1182
693
2942
515
1389
958
1136
1555
816
845
515
1725
158
848
2390
2411
565
2391
2876
2662
2535
2662
2124
2730
2915
1136
1949
958
2277
1620
2876
2745
974
2948
2530
2338
958
1949
450
2028
2948
1633
958
2528
958
2876
1955
1949
2411
1765
2046
1409
2046
63
1201
2254
2359
879
542
1624
2763
2656
2889
904
281
2730
958
680
2323
523
1994
340
2644
2597
1409
2603
2644
2597
2876
38
2597
412
2531
2341
1409
2046
2968
275
1409
1671
1365
362
96
879
657
1436
2782
1140
1949
1620
2566
515
1389
2948
2206
438
2508
573
2876
958
515
2625
2411
2948
1252
1887
1079
2142
2535
36
282
681
848
2508
1013
2518
2691
1866
2721
2795
1620
2876
871
2367
2367
2367
274
2691
2691
1866
2691
1866
1866
2962
2795
2795
871
871
2876
2876
2535
2369
1866
1866
1055
1866
2359
1866
1866
548
2962
2717
2795
2962
2795
548
1958
2535
1516
871
1516
2795
1495
2795
1516
1866
1495
2212
2212
1252
2876
38
2689
2212
2212
2691
2781
2876
2731
2876
2212
1866
1055
2212
871
2795
2359
871
2348
2876
871
2124
871
2876
1620
871
1620
2124
2931
1620
2124
1516
2535
871
2876
236
1728
1041
1079
1507
1620
1620
2535
450
1620
2518
1225
2716
2206
1004
2250
274
2876
38
2689
1821
274
2839
1313
2839
274
2839
2839
274
2839
2839
274
2839
2839
2691
1866
2721
2623
1116
2804
2623
1116
2388
2623
1116
2388
349
1116
2804
2388
2804
274
274
274
2061
274
274
1887
274
1887
274
274
1887
689
1323
1124
1887
689
1323
1124
1887
689
1323
1124
689
1323
1124
689
1323
1124
1887
689
1323
1124
1013
2250
2411
171
654
2453
78
2411
2551
1112
158
157
2516
353
178
914
515
1222
2865
2756
178
2104
515
1618
1112
157
1121
1105
2219
1458
2025
2788
827
2373
871
1189
1620
2530
930
1345
992
992
654
2411
2584
2876
1813
734
1813
992
1876
971
1746
848
2948
762
1672
1693
1620
2140
2036
2323
720
515
2025
1354
2983
1105
1004
826
1109
749
2939
2518
2085
872
2952
1677
1677
2518
1249
2085
2928
1109
1677
983
1259
2379
1647
946
879
734
946
879
623
1866
623
1620
2342
2918
1813
496
2285
885
1654
462
1004
1907
2219
2212
64
539
2918
641
1407
879
1660
293
496
1409
2491
1890
431
1409
1730
2641
1409
2046
2499
2101
1019
1786
2641
879
641
2411
1734
1407
612
507
1783
1409
2795
2717
1678
1866
696
1084
14
1407
1866
1866
2348
547
1866
1723
2663
1813
1201
2795
2599
1813
2918
2379
97
1908
289
1855
1409
2865
1429
2214
2391
364
298
266
157
1855
1596
1671
1765
2489
2046
72
1951
1866
565
1409
1962
1633
932
2046
921
2318
2918
932
630
1866
623
1866
699
1626
2663
14
2046
2530
1149
2663
610
2939
2939
1966
14
2046
1084
2741
1340
1382
2948
680
2939
791
14
2046
1677
958
2915
351
1677
2918
1866
2046
1951
1866
1160
1732
2046
565
2141
879
62
2795
1958
2918
2206
2231
2411
1886
2254
1654
1654
2948
1222
654
2948
2254
1421
2348
1866
2718
827
2795
2214
2391
1569
412
849
932
1573
479
2731
1409
1920
2927
423
1647
946
879
2942
1409
273
2918
641
2411
1622
426
643
2948
2228
2108
2001
992
1887
1622
2891
643
2228
2108
2001
2411
1183
1626
2411
2391
2379
1813
2321
2390
1697
1409
1896
1772
872
426
1130
2416
1866
1579
427
1407
1182
107
879
1866
1827
428
2755
2795
72
762
1527
992
1866
680
2039
428
2795
2518
404
1915
2101
1255
724
2795
1454
2103
2603
1454
1149
773
1018
2718
827
2795
2214
2214
72
2795
2948
1650
2918
108
1409
1920
1866
64
1920
1013
1401
1407
1620
2918
733
2824
2254
1055
1804
1324
2222
2530
1988
740
1412
2390
1658
2390
1407
1388
2657
799
2691
2657
1783
2413
1909
1388
2413
1909
2804
2691
799
2691
799
1887
843
1495
2852
1866
1783
1084
2413
2413
1909
1388
2691
1783
2413
1909
1388
2413
1909
2804
2691
799
2691
799
1887
843
869
1866
1477
2765
2691
2852
1783
1555
2413
507
1783
2795
1388
2413
2691
1866
1783
1783
1407
1388
2657
799
2691
2657
1783
2413
1578
983
42
947
983
2516
1679
2413
2804
2413
1733
2413
2413
2691
517
1212
780
843
2432
1079
1400
2691
2657
2852
1783
1555
2413
843
869
1866
1477
2765
2691
2852
1783
1555
2413
1407
1388
2691
2657
799
387
2413
1578
983
42
947
983
2516
1679
2413
213
2804
2413
2691
517
2691
517
2738
2691
2657
2691
2657
1137
2691
517
2459
1137
2459
2691
2657
2691
2657
1887
843
869
1866
1477
2765
2691
2852
1783
1555
2413
843
2432
1079
1400
2691
2657
2852
1783
1555
2413
1839
843
1813
1477
2691
1866
1013
843
2754
799
2728
427
612
2557
2691
799
799
1013
843
2754
799
2728
427
612
2557
2691
799
799
1013
843
1487
2691
2657
1013
843
2432
799
2691
2657
1013
843
2943
128
1413
799
2691
2657
1013
843
1813
1601
2691
1866
1013
843
2691
2403
1617
2605
2691
1866
1013
843
1456
2689
893
2676
799
2886
983
612
893
2691
799
799
1013
843
2656
2691
1866
1013
2390
1626
1297
958
1779
685
983
2359
355
889
1866
1495
542
2513
2129
1007
2341
2411
2886
2657
2423
2763
1594
1407
1388
517
2876
958
2691
1866
2721
2876
1049
349
349
2413
956
2767
349
2691
1866
2721
901
2691
1866
2721
901
2691
1866
2721
2876
2876
2691
1866
2721
2876
2876
2691
1866
2721
2876
1168
2876
2691
1079
2691
1079
1887
387
1887
349
1079
1887
1079
1354
349
2413
956
2767
349
2691
1866
2721
901
2691
1866
2721
901
1354
2413
956
2767
349
2691
799
2691
799
799
1733
799
2691
2657
879
2691
2657
2691
2657
1137
2691
517
2459
1137
2459
2691
2657
2691
2657
2691
1866
2721
901
2691
1866
2721
901
1724
1130
1018
570
1639
2506
570
570
2372
2473
2859
431
770
2977
2955
213
2506
971
2948
2732
678
992
1222
2408
1249
178
422
2310
1642
2788
73
1547
848
965
1473
1658
2411
2741
662
1938
1765
1388
2657
799
2691
2657
2413
1909
1388
2413
1909
2804
2691
799
2691
799
1887
843
2600
1866
1084
2413
1909
1388
2691
2413
1909
1388
2413
1909
2804
2691
799
2691
799
1887
843
2691
2403
248
2691
1866
2600
1866
1084
2413
696
1718
958
2943
1783
1520
1783
1520
974
2348
2348
1813
1620
484
1733
2783
985
2082
1084
799
2928
2741
2254
1417
21
1055
565
1297
958
2513
1182
343
1837
1511
180
1545
1945
1407
2337
1620
2042
2691
1866
2721
2876
1866
349
349
2413
956
2767
349
2691
1866
2721
901
2036
2691
1866
2721
901
2036
2691
1866
2721
2876
2876
2691
1866
2721
2876
2876
2691
1866
2721
2876
2615
2876
2691
1866
2721
2876
1887
2876
2691
1079
1887
342
1887
342
1354
349
2413
956
2767
349
2691
1866
2721
901
2691
1866
2721
901
2036
1354
2413
956
2767
349
2691
799
2691
799
799
1733
799
2691
2657
879
2691
2657
2691
2657
1137
2691
517
2459
1137
2459
2691
2657
2691
2657
2691
1866
2721
901
2691
1866
2721
901
1633
216
680
1407
1388
517
2876
958
2691
1866
2721
2876
1049
349
349
2413
956
2767
349
2691
1866
2721
901
2691
1866
2721
901
2691
1866
2721
2876
2876
2691
1866
2721
2876
2876
2691
1866
2721
2876
1168
2876
2691
1079
2691
1079
1887
387
1887
349
1079
1887
1079
1354
349
2413
956
2767
349
2691
1866
2721
901
2691
1866
2721
901
1354
2413
956
2767
349
2691
799
2691
799
799
1733
799
2691
2657
879
2691
2657
2691
2657
1137
2691
517
2459
1137
2459
2691
2657
2691
2657
2691
1866
2721
901
2691
1866
2721
901
2625
2513
542
1644
1631
958
2516
2513
2749
1436
2069
2007
565
2191
922
2271
1521
2954
1235
2404
2954
2691
954
2954
1105
2404
2954
2691
954
2954
1105
2219
479
816
1055
1284
2518
922
2852
108
2411
2254
1055
1239
2254
21
1523
2049
685
983
2247
1461
1055
2175
518
515
1516
178
1756
431
1313
2321
848
2518
1055
2518
773
2195
2084
848
696
1703
2025
2986
2461
2271
2754
2419
2852
992
2154
848
2563
926
2506
2506
2943
431
2321
2339
2948
1655
2084
852
2948
322
2579
740
2111
452
2333
1235
2625
2922
2206
2544
2189
2444
213
2506
2671
832
2341
2518
2625
1235
1358
2737
2518
2166
2657
965
2195
2404
2780
2691
2335
2691
2691
965
2691
2386
2904
565
344
650
1856
565
2837
2458
1866
2254
1082
1334
2046
2349
2559
1825
749
1601
2955
1413
404
642
2928
1149
1601
971
2948
2732
678
2948
2161
1149
2524
2948
1686
657
1461
1149
2524
2391
2379
1631
2453
2865
431
2774
2669
1010
2222
2950
1463
2390
76
216
2238
1055
2948
2390
565
1844
2511
2222
1866
1637
2271
1494
2656
965
733
2507
721
924
2948
733
1804
1882
848
965
2691
2386
623
848
2124
1357
958
1372
1212
1010
2886
1601
2124
1339
1527
2948
1988
236
2390
236
1664
2625
2000
1883
8
2834
1658
740
2111
965
2950
565
692
1837
680
1660
548
565
1010
2222
2886
1494
1733
2886
1494
550
1650
2579
1407
2546
1446
1051
1131
1407
2069
2508
2392
2948
1650
2852
452
1379
2939
633
1658
2625
2657
514
1837
343
1650
343
2852
1839
1280
1248
2931
1947
2611
2656
1018
1624
1538
1393
2442
2410
1813
1866
2195
1389
217
780
121
2151
2837
1631
1105
1420
1947
1798
1826
1678
1947
2516
14
1947
1798
880
1248
1866
2852
1167
1947
1947
1798
2123
2691
2410
803
2804
2399
843
2691
1866
1612
404
1700
2410
1620
1099
2046
1409
1947
1696
803
2804
709
2451
213
1746
848
2219
2195
2741
250
2549
1947
1798
1947
1798
1585
986
2611
1837
2485
2034
1579
250
331
1375
2370
1947
2847
2514
2453
2948
1355
515
2710
2391
1465
515
1015
1487
1105
1112
983
848
2516
2195
2094
848
2003
1746
848
424
1860
1837
2948
2213
2518
2404
2000
2691
2042
2296
2296
2518
1436
2034
848
2054
2025
2195
2094
2458
1588
2954
2691
954
1105
848
515
1943
2238
1105
827
950
2254
1487
1487
520
515
2411
1112
157
2391
1588
2691
1568
1757
1896
1568
1608
1863
2867
1112
2846
1429
1007
2182
1222
2195
1112
2924
2195
2411
39
427
2671
2195
523
2056
2663
2668
2153
613
2314
2518
2518
1559
2662
1007
1815
1930
2403
2665
2665
2403
2646
2665
2518
1847
2755
2804
827
455
2504
1815
444
1047
455
827
2201
1527
2912
1949
1703
1838
693
2876
710
240
1047
2876
565
1620
958
2876
2472
591
612
2411
2797
2518
507
2870
2730
2790
523
507
2870
2730
2790
523
507
2870
2730
2790
523
507
2870
2730
2790
523
507
2870
2730
2790
523
507
2870
2730
2790
523
507
2870
2730
2790
523
507
2870
2730
2790
523
507
2870
2730
2790
523
507
2870
2730
2790
523
507
2870
2730
2790
523
507
2870
2730
2790
523
507
2870
2730
2790
523
507
2870
2730
2790
523
507
2870
2730
2790
523
507
2870
2730
2790
523
507
2870
2730
2790
523
507
2870
2730
2790
523
507
2870
2730
2790
523
507
2870
2730
2790
523
507
2870
2730
2790
523
507
2870
2730
2790
523
507
2870
2730
2790
523
507
2870
2730
2790
523
507
2870
2730
2790
523
507
2870
2730
2790
523
507
2870
2730
2790
523
2518
2948
2305
1224
1815
2201
2948
2400
2714
2154
2518
605
921
1312
2668
2599
681
1112
515
2867
2391
848
2411
1620
1654
945
903
1094
2338
153
2365
2321
229
2668
2024
2391
848
2195
872
848
1588
2954
2691
954
1105
848
2508
882
1579
2104
515
730
845
2195
734
2404
2691
1105
827
2512
882
774
2609
1105
1024
515
2795
681
2674
1239
413
1480
1499
1407
565
2864
885
551
565
170
1356
1112
992
157
243
2172
1808
1550
2316
136
1860
2518
1588
1588
1588
2691
2224
2920
1588
2691
2224
2920
2920
1588
2691
2224
2920
2920
1588
2691
2224
2920
2920
1588
2691
2224
2920
2920
1588
2691
2224
2920
2920
1588
2691
2224
2920
2920
424
1487
2518
424
1487
2606
1550
2905
389
2103
1463
1588
1383
2691
1383
1427
1870
2817
2862
2224
1316
1070
1642
1279
1767
2648
2453
1604
2224
2928
1813
2516
1487
2928
1966
2829
307
2966
21
935
2829
1813
1487
2928
422
2829
326
1550
2316
983
1966
1788
548
2516
1238
2795
520
2411
2516
1487
755
107
1487
1808
749
1918
2715
21
935
2513
1352
1351
2516
1487
2628
1487
1604
1550
2316
983
1222
1919
2411
2732
1920
1921
2369
1776
1401
2518
1341
1588
2224
1341
1588
2691
2224
2920
1588
1007
1588
2224
1341
1588
2224
1341
1550
1341
1588
2691
2224
2920
1588
2691
2224
2920
2920
2518
1112
1567
107
2920
1588
2691
2224
2920
2920
1550
2316
983
827
2939
1550
2316
983
1588
2691
2224
2920
2920
2394
623
1642
623
2394
1642
519
517
2866
1066
2941
515
517
412
2941
2691
1601
971
1903
848
2518
848
2334
1930
1676
1676
1930
1930
1051
1947
1930
612
843
1765
848
1212
2348
2403
1947
2456
2795
2795
72
2254
2365
1620
133
2795
2368
1676
1080
1055
2795
2123
2123
1620
2795
450
2516
2365
1620
1676
1930
2795
450
848
1907
2795
2123
2123
2795
450
2516
2365
1620
1907
1676
1930
2795
450
2795
1930
2365
1620
133
450
2795
2368
1055
2795
2123
2123
2795
450
2365
1620
153
2795
1930
2254
2365
1620
133
2795
2368
1676
1080
1055
2795
2123
2123
2795
450
2516
2036
2365
1620
1676
1930
2795
450
2599
72
133
2795
2795
2795
72
2795
2123
2123
2795
450
2516
2036
2365
1620
1676
1930
2795
450
2795
1930
2795
2518
2195
1547
2730
2542
1163
180
2046
1039
515
2579
1180
619
136
1401
2411
2453
2622
1866
1003
1007
1582
1007
21
172
21
394
258
1582
2631
1582
2404
2064
1765
180
2937
97
2981
734
2622
678
2724
2174
515
2025
2948
2664
73
1813
1746
848
2508
2404
2000
2042
2341
2404
2000
2042
590
2948
2599
1887
1579
515
1887
1579
2948
1506
1313
1455
848
1520
637
1765
2691
1783
1579
1887
1520
2513
565
2526
2238
1765
2691
1783
1579
1887
1520
2513
565
2526
2238
2716
1765
2691
1783
1579
1887
1520
2513
565
2526
2238
1903
1579
1407
2691
1783
1430
971
2163
956
1620
2403
1579
1887
1520
2513
2948
412
1516
1579
2544
362
2625
2570
1783
1579
1313
345
1483
565
565
2120
2260
1128
438
740
1412
827
882
2034
2690
2260
1586
1226
282
2906
2324
2742
565
2219
96
1632
19
427
2531
2348
2834
28
1407
1430
971
2163
956
1620
2403
1866
1024
1357
183
592
930
2385
1463
1057
1717
1795
1182
2937
2322
2856
2768
2570
1783
2756
28
142
2857
2712
2000
781
1728
2096
992
297
19
2434
2238
1756
542
806
1226
848
1520
515
1642
2000
2348
2948
515
1642
2391
1249
1506
827
1248
236
548
1579
992
848
2411
438
1112
983
78
2411
848
2704
691
515
1698
1112
108
1866
1079
1298
2411
1487
450
157
1112
2394
848
2034
2094
1112
157
1588
2954
2691
954
1105
2034
2690
1388
1579
1051
1051
2391
1356
848
2195
848
1588
2954
2691
954
1105
1279
2411
1037
515
2195
773
1567
107
2640
830
1383
1200
848
546
2051
827
1548
2202
1780
1714
827
178
1548
2394
623
848
2341
2206
2946
249
1780
1726
515
515
1588
2954
2691
954
1105
681
2390
2704
681
1007
1480
591
2390
2787
794
2053
1480
1461
658
2490
1550
1620
830
2080
2865
2254
990
275
2057
958
1620
830
1620
1498
1055
2948
2254
1815
2535
1788
1526
850
2535
1018
2094
515
681
848
2804
1588
2691
954
2025
2920
848
2691
74
1462
886
2535
2206
2130
1658
1550
2364
2495
830
1461
1654
1920
1421
1815
2535
515
2535
1146
1620
2516
2535
1787
1018
146
2742
15
1373
107
734
1084
1813
2516
1401
1813
103
1550
1643
176
1200
1401
1260
992
848
21
1401
2255
2795
2668
21
1401
2080
2411
2948
364
2638
2837
2741
1550
2723
958
565
1620
2515
2535
681
74
2671
2535
1866
1955
1866
1620
2195
2668
427
2411
2744
2518
2419
1013
2691
1013
2691
1389
1013
2691
2848
871
871
871
1516
871
2518
2195
1588
2954
2691
954
1105
2518
2682
2411
2404
2000
2691
2042
2084
338
2103
2870
391
2467
1954
391
2518
2886
1406
1406
929
1406
1477
1477
1477
2467
1533
2140
2467
2467
2518
1903
2467
1813
1288
2447
1920
1249
1954
2518
719
1533
2707
1249
929
2254
1866
1920
565
1866
1920
2403
2691
2657
2555
1245
1049
2518
2411
2467
1406
2516
2103
2391
131
2351
2411
848
1907
2195
848
1588
2954
2691
954
1105
2854
2391
2609
2094
2668
1323
1407
1407
1222
992
1555
612
2623
2668
1343
257
612
1588
2623
1110
2516
2225
2896
2101
680
2659
1815
1480
1588
2691
2785
2457
2623
2664
2112
2341
848
1024
1226
422
412
2922
2411
848
2411
2948
848
1866
2369
932
1514
1887
1866
565
96
2852
2454
2338
2567
1463
2391
1112
1907
1268
1112
2933
2404
2000
2691
2042
1809
1868
1095
1112
2948
1325
2724
1351
2804
1112
1713
2046
594
959
1030
677
422
1505
1660
431
2739
548
1082
1334
143
1495
1995
2852
770
1082
1866
2286
188
1616
1821
2508
1082
1828
2739
548
1082
1334
143
1495
1995
2852
770
1082
1866
2286
188
1616
1821
2060
2542
832
2184
770
1866
1746
848
1404
2195
2404
2954
2691
954
2954
1105
2657
2249
2886
2515
2657
2931
958
2472
2342
2757
1495
2442
958
1620
2515
1386
153
2341
2404
2000
2691
2042
2933
2808
2411
1518
2571
2931
958
1620
1495
2442
1620
958
2515
2865
236
1548
1487
848
965
2490
2886
153
1821
681
848
1439
2025
2657
2249
2886
2515
2657
2390
1647
614
292
2948
2821
259
1529
653
2804
427
1647
2886
612
983
2160
221
1365
565
2886
612
983
2160
2160
2067
2948
2152
1620
2886
1024
2516
2391
2865
550
1222
1701
842
2445
699
2668
770
2823
202
1484
1813
263
248
2508
1079
242
1463
2186
1082
1062
2531
1742
1423
1633
2718
2411
1143
1616
1363
2819
1084
1754
59
885
992
2372
2948
668
369
703
1445
484
1539
2046
1313
2489
1596
1280
717
608
1280
2105
717
1423
2662
1022
369
2600
2400
481
992
133
2622
608
2290
752
1160
1082
1158
2206
2834
2411
2597
754
2369
1143
2508
1079
242
904
2948
2141
1409
2491
2691
904
2615
369
2491
2334
12
1004
1605
1813
1678
643
1454
2819
1024
1506
514
2209
2518
2691
2453
830
2597
1082
832
2265
830
1182
2544
773
1409
2513
1827
2413
2369
2597
369
2369
2597
369
1820
548
1022
2547
717
1082
1022
1226
612
1082
2547
2663
1462
719
612
241
2981
2691
1013
1022
2852
717
565
369
2546
2233
2546
766
1508
1075
2726
2856
2125
2717
2522
1647
1080
1313
2125
18
1671
904
1495
1423
2546
1650
2160
2334
904
2865
2668
904
2546
1962
2781
2943
1703
904
1309
2795
2735
565
2206
837
1024
719
2054
2254
1024
1514
2206
63
2605
904
2779
1230
2518
1230
612
2668
719
1013
2691
2724
988
2403
1989
1051
78
1051
1059
503
1230
2403
1989
1051
78
1059
503
1230
1051
719
1013
2691
2724
988
2403
1989
1051
78
1051
1059
503
1230
2403
1989
1051
78
1059
503
1230
1051
2403
1989
1051
78
1051
1059
503
1230
1051
719
1013
2691
2724
988
2403
1989
1051
78
1051
1059
503
1230
2403
1989
1051
78
1059
503
1230
1051
719
1013
2691
2724
988
2403
1989
1051
78
1051
1059
503
1230
2403
1989
1051
78
1051
1059
503
1230
1051
719
1013
2691
2724
988
2403
1989
1051
78
1059
503
1230
1051
719
1013
2691
2724
988
2403
1989
1051
78
1059
503
1230
1051
2403
1989
1051
78
1051
1059
503
1230
1051
719
1013
2691
2724
988
2403
1989
1051
78
1059
503
1230
1051
2403
1989
1051
78
1051
1059
503
1230
1051
2403
1989
1051
78
1051
1059
503
1230
1051
719
1013
2691
2724
988
2403
1989
1051
78
1059
503
1230
1051
2403
1989
1051
78
1051
1059
503
1230
1051
2403
1989
1051
78
1051
1059
503
1230
1051
2403
1989
1051
78
1051
1059
503
1230
1051
719
1013
2691
2724
988
2403
1989
1051
78
1059
503
1230
1051
2403
1989
1051
78
1051
1059
503
1230
1051
2403
1989
1051
78
1051
1059
503
1230
1051
719
1013
2691
2724
988
2403
1989
1051
78
1059
503
1230
1051
2403
1989
1051
78
1051
1059
503
1230
1051
719
1013
2691
2724
988
2403
1989
1051
78
1059
503
1230
1051
2403
1989
1051
78
1051
1059
503
1230
1051
2403
1989
1051
78
1051
1059
503
1230
1051
719
1013
2691
2724
988
2403
1989
1051
78
1059
503
1230
1051
2403
1989
1051
78
1051
1059
503
1230
1051
719
1013
2691
2724
988
2403
1989
1051
78
1059
503
1230
1051
2403
1989
1051
78
1051
1059
503
1230
1051
2403
1989
1051
78
1051
1059
503
1230
1051
2518
1024
904
1079
1773
1423
369
515
1105
2404
2954
2691
954
2954
1105
2094
2518
2518
971
1105
2640
2981
843
2981
2459
2604
2925
1089
2459
136
2459
163
1051
612
612
719
1700
2
2518
1064
2004
2609
1407
1112
2516
848
425
1344
2518
2954
2348
1013
2691
2348
1013
2691
2419
2348
1013
2691
2348
1013
2691
2691
1430
2691
1430
2691
1430
2691
1430
2691
1430
2691
1430
2691
1430
2981
2981
1430
1430
2795
1430
2981
65
2795
1430
65
2896
65
65
2518
1407
1620
507
1783
1388
1795
2413
2131
1407
349
2691
1430
2948
2004
2691
1430
1073
1839
1013
507
2
1388
2948
1868
2
2948
1868
2
2691
2896
2691
2691
2691
2
2691
67
2623
1116
2804
2623
1116
2388
2623
1116
2388
349
1116
2804
2388
2804
274
274
2691
2691
274
2061
274
274
1887
274
1887
274
274
1887
1323
2026
1887
2691
1383
82
1137
2691
1383
82
2691
1383
82
2388
2623
1116
2804
2623
1116
2388
2623
1116
2388
349
1116
2804
2388
2804
2691
1383
82
2691
1383
82
2388
2691
1383
82
2691
1383
82
2691
1383
82
1013
1354
2459
2948
1868
2
2691
2459
2691
2459
2
2691
1866
2691
67
2691
1866
2691
1866
2691
1430
2171
2691
1866
188
2691
1866
2691
1783
2691
1783
2691
1783
2691
1783
2691
1783
349
1079
1887
1079
827
1112
313
2453
2195
848
827
133
2628
2372
2189
958
100
848
165
133
2668
1340
958
1004
2225
2411
1461
2876
2494
2876
2359
2477
2763
2763
2158
686
1283
2857
1887
2411
2948
2404
2000
2691
2042
1642
2750
1866
2348
2411
1180
2599
2516
499
565
2939
1062
1461
990
2322
38
2127
1127
1783
1340
1332
1421
2704
2254
990
2322
38
1783
196
515
2453
2391
2948
1222
2282
2411
2411
1487
1033
1784
2816
1866
2348
2348
2095
768
785
1200
2391
2442
107
2153
2886
1975
1620
412
825
2348
2518
1620
2729
2922
2404
2000
2691
2042
1461
990
2322
38
1127
1783
1340
2000
1127
2348
2518
2348
2254
1837
1795
2412
2518
1284
2379
2391
528
2411
2215
2932
95
1642
515
2411
2518
1285
990
1057
2322
38
1421
2348
2518
1421
1407
2383
580
450
1868
1950
2488
1620
848
1616
645
990
2322
38
1421
2518
548
1647
848
2348
1588
2691
1150
1579
2348
2411
974
2774
1813
1383
2212
624
2780
2045
827
1383
2212
1060
624
1257
1714
427
2780
773
1567
1588
2049
2780
2212
1084
1594
2952
2000
1257
1714
631
1810
678
837
624
604
2212
2185
2808
2182
2380
2780
579
1100
731
2320
1886
2411
1383
604
2311
2049
1839
2391
2865
1586
1586
1383
1026
2049
1678
1806
2665
1019
1127
2722
2049
1588
2049
1060
2335
2691
1127
1809
624
2007
2411
1650
733
2451
1417
848
1112
163
1868
2508
2834
2625
1313
137
1616
980
2548
1765
2691
1579
1887
1520
2513
565
2526
2238
2716
2691
565
2526
2238
1407
1341
2962
1407
404
672
1920
2691
390
983
1574
2327
801
1975
1434
21
2804
1388
294
2413
2948
879
1672
1672
1729
1887
1729
1887
2952
2804
1729
349
2623
349
2691
2053
2691
2053
2691
2053
2691
2657
2691
2657
2691
2657
2691
2657
2691
2657
2691
1866
2691
548
2691
1866
2691
1866
2691
1866
548
2691
2623
1116
2804
2623
1116
2388
2623
1116
2388
349
1116
2804
2388
2804
1341
2962
2723
1341
2962
2723
1341
2962
2723
1341
2962
2723
1341
2962
2723
1341
2962
2723
1341
2962
2723
1341
2962
2723
1341
2962
2723
1341
2962
2723
2399
2723
2399
2723
456
2691
1550
2399
2691
1550
2399
2691
2691
2691
2691
1866
2691
1866
2691
1866
2691
2691
565
2526
2238
1407
349
2674
1868
2599
2375
1114
1341
1462
2399
2723
2399
2723
2399
2723
456
2691
1550
2399
2691
1550
2399
2691
2691
2691
2691
1866
2691
1866
2691
1866
2691
2459
681
871
2931
1516
235
474
1235
1516
491
2459
2535
2516
2730
958
2119
235
1516
199
2195
1588
2691
1813
1421
2535
958
668
2459
1105
1516
848
1821
2535
696
1696
848
1130
2219
848
886
1084
1758
2083
2978
1660
945
2516
350
2338
2468
2338
1642
1290
2195
369
2025
1125
2489
2544
565
2410
2723
1866
418
1969
1860
1160
2103
1912
2749
523
2832
1482
2404
2000
2691
2042
1226
2518
1158
2411
2453
1470
2530
2876
2141
1434
2411
2530
163
1745
2530
163
2518
209
1732
698
842
958
2864
2390
1326
791
2530
1095
2404
2954
2691
954
2954
827
1502
2456
2025
1887
848
1346
565
2518
848
2369
2731
548
1671
2731
2848
1565
1671
1565
548
612
843
2528
848
565
2839
38
2518
515
2025
1184
1642
2518
1813
988
2039
1860
2876
1429
2896
848
1665
1434
2948
1226
322
328
246
987
1378
2000
1191
1409
107
1756
2063
848
2518
2508
778
871
1935
1994
1755
354
2933
2834
1994
2000
2206
267
1664
2530
1095
1994
576
591
2206
2219
2732
745
2391
2206
2451
1620
2948
1828
1642
2530
1095
2726
2390
1891
2411
2390
2176
1813
2876
988
2876
2968
2651
1912
2219
778
2726
1579
2876
576
2889
2856
2390
2768
2456
2804
2456
2804
2530
163
1868
2544
2294
2896
2535
843
46
1158
546
2000
861
2948
438
848
2458
479
983
1746
848
2518
2369
1866
2731
1866
2731
2848
1554
2839
38
2518
2471
1808
1588
579
2691
1588
1383
2691
2928
1203
64
2691
2928
1808
2341
2453
1570
1960
2327
2556
1808
2508
1112
1218
1454
1813
1579
1070
133
2751
958
100
991
1112
872
2448
827
2719
2254
21
2719
974
2745
2723
2948
450
2410
958
682
2948
2441
81
21
2719
2410
21
2410
2258
991
1112
827
257
2490
2860
2745
2948
1664
2860
2751
21
21
991
2410
1620
966
21
827
872
1746
1579
2732
2766
991
1112
618
1642
2516
618
2084
848
2411
2341
848
2404
2691
2923
1746
1579
848
2691
1783
2313
2956
1841
1478
1845
1316
2379
2094
427
2411
553
1149
2524
565
2034
2313
2359
992
1222
848
2948
992
412
2732
2668
422
2411
427
848
515
2391
748
515
2025
992
515
1405
2046
1596
2461
1894
1125
2046
1294
974
2391
748
1813
1004
1380
1696
835
1866
1866
21
719
2820
425
420
2459
2656
2411
2379
1105
2195
2025
836
1642
1904
2179
2391
2195
2025
992
965
2404
2780
2691
2335
2691
2691
546
1463
1105
2404
2954
2691
954
2954
1105
2508
848
2411
1003
1365
2442
958
1813
958
216
958
216
1732
1365
958
216
193
699
136
800
1642
2730
935
2379
2219
1401
983
1863
390
672
136
2508
2928
1639
2066
2743
848
577
266
2781
1813
2411
958
2636
1409
2795
2046
2515
2530
2663
1866
1491
2763
2530
2046
2095
1813
2530
1095
2663
2743
848
1004
2411
1813
1642
1567
2395
641
1407
565
2668
1407
1866
1049
2876
1388
517
2876
958
349
349
2413
992
332
2886
983
612
2691
1866
2721
901
2036
2691
1866
2721
901
2036
2691
1866
2721
2876
2876
2691
1866
2721
2876
2876
2691
1866
2721
2876
1168
2876
2691
1079
2691
1079
1887
387
1887
349
1079
1887
1079
1354
349
2413
992
332
2886
983
612
2691
1866
2721
901
2691
1866
2721
901
2036
1354
2413
992
332
2886
983
612
2691
2657
2506
799
799
799
2691
2657
2506
799
799
1733
799
2691
2657
879
2691
2657
2691
2657
1137
2691
2657
2506
517
2459
1137
2459
2691
2657
2691
2657
2691
1866
2721
901
2691
1866
2721
901
872
1543
1363
872
1866
1180
2948
2379
2391
2219
2411
814
829
2948
882
2936
2411
1199
2082
25
1601
1695
25
1601
1409
2222
512
2411
904
805
1866
25
2524
207
1723
725
2915
958
2876
2597
390
1409
603
1070
2731
2597
207
1597
2597
841
2876
1597
2535
2876
2663
1276
1190
2535
1004
2488
958
2876
38
1873
565
1407
452
958
2597
201
2597
1019
2597
2741
2886
983
2876
38
2656
850
1873
2840
207
1597
2717
2095
390
1734
1920
2360
1055
2717
1866
1055
2599
1490
1478
1538
2489
60
1434
293
879
1660
2500
1504
1190
762
2593
799
2886
25
1494
1407
1592
2169
2948
9
2411
2528
194
2886
1760
612
612
612
929
2391
1642
848
1487
2877
1940
2403
1563
470
848
1024
515
2025
2500
1761
2948
605
64
2518
693
1620
1236
1813
892
2340
2403
2060
2542
2166
2542
151
2948
1813
2042
1896
958
515
827
1573
1620
1896
1065
1726
1813
1658
2411
1004
1521
1461
2876
523
2480
214
2553
1854
431
2390
2876
2359
2508
2269
2518
1401
890
2533
965
1333
2832
2876
988
992
605
2941
2948
2471
965
2904
1813
965
2508
21
1401
827
1671
2649
1574
1094
1671
1094
427
2404
2780
2691
2335
2691
2691
965
1401
965
1887
1579
965
422
992
108
1222
619
136
2865
2691
1588
2691
619
1053
2411
1343
1495
2338
2865
1660
1866
2837
2837
2809
832
1112
21
1866
1401
2741
837
666
2446
1494
2812
2361
733
2446
1866
2837
1019
170
136
1866
170
1786
1866
1920
900
2691
2886
1866
170
2060
136
2403
2060
2490
2060
1920
770
1405
2060
2542
965
2615
1588
1407
507
172
689
172
2419
2302
349
2413
1388
2509
1563
324
170
1407
294
2691
378
107
1094
2507
1226
666
21
158
111
1494
2837
2244
2174
2725
21
111
1494
1019
1112
163
1406
1672
2411
2948
2668
2457
1222
1574
136
1351
1401
2637
1112
79
2480
2657
2621
1994
1166
1374
1112
157
2391
1588
2954
2691
954
1105
1642
1125
663
2668
2391
677
1527
2391
2351
2795
2674
2516
687
1588
382
2705
1809
2795
1516
2411
816
1516
1909
740
1412
2597
2657
1130
612
983
1245
958
2124
612
1359
2928
2948
1065
612
612
612
958
1062
2148
1929
848
2411
515
2391
1978
1112
1112
157
2518
1579
1887
1520
2513
565
2526
2238
2716
2691
1783
2691
1783
565
2526
2238
1407
1729
1430
971
2163
956
1620
2403
2348
2348
2348
2615
2348
1783
1783
1887
1323
1887
1323
1887
1323
1480
1887
2518
2169
596
218
848
2138
1112
157
2391
1588
2954
2691
954
1105
1062
515
1579
1887
2195
1514
2460
1579
2104
845
1340
1520
1492
1579
1184
2054
2770
1007
542
84
1018
2206
2231
2411
2852
2530
1897
2411
719
1024
2411
1042
2411
2391
2411
1746
848
1042
1866
2359
2334
2334
1550
1620
830
1989
958
548
2535
1788
236
548
2530
2010
2411
2933
2411
762
2656
2795
2334
2411
2948
1849
2334
701
2656
2334
2334
719
2820
924
1403
2391
748
170
337
34
2031
1840
2411
2474
2516
1176
348
1550
2518
2518
64
1013
1079
1550
1637
72
2334
1616
72
1211
830
724
724
2546
1013
1079
1550
2795
46
1550
1449
927
2795
1375
492
565
2334
830
724
693
595
2795
1984
1620
2535
1620
214
2535
717
724
2948
450
1955
2411
2411
1647
2948
890
2295
1024
612
2714
780
450
958
2795
2246
958
201
2295
2009
1620
2246
958
958
1631
824
2876
2535
1136
958
1631
824
2876
474
2323
523
2516
958
1631
824
2876
2535
2876
318
427
513
1525
2195
2411
2516
848
1866
1180
2518
2767
2411
2195
2411
2691
2609
2795
2656
404
681
2804
871
2195
133
2795
2656
404
871
548
612
1412
2795
2656
2795
232
2518
2795
2697
2151
2518
2906
1365
2682
188
2656
1165
1671
1989
2206
1813
2954
1487
2348
1487
622
2852
2379
1650
965
2391
2379
1650
1407
1335
2348
1637
72
1650
1642
965
2283
623
422
844
2041
1105
677
2404
2954
2691
954
2954
2948
1642
973
1407
1710
1650
400
391
2518
1668
2343
508
1668
2518
515
515
1579
2732
586
294
1966
294
586
2182
370
337
2000
2195
1588
2954
2691
954
1105
2841
975
2372
2446
2200
548
1495
1947
2535
2123
1256
1620
1620
38
2160
565
1887
2896
1947
1495
1887
2931
1620
2123
236
1887
1887
1887
65
38
958
992
1024
2348
1813
2422
2788
1388
2450
2411
1503
2697
1222
1919
2697
2723
2422
2625
1450
2404
2615
2866
2202
2306
2255
1866
2928
605
2785
1516
2948
2508
848
573
1303
573
1388
2948
1222
605
2697
1626
974
2530
30
214
958
1200
1073
1866
2103
1887
392
992
438
2327
848
2348
2948
134
1765
550
178
2551
2116
2390
2085
2948
1222
1279
2390
2085
515
2723
1474
1226
560
1487
723
2876
188
2391
2686
2505
2085
550
1478
1642
2085
1899
2948
439
1642
2724
2505
2791
1239
1070
1180
1249
2888
517
2154
2411
2551
992
78
523
1813
2390
2085
1846
826
2933
523
2480
2085
2086
517
519
1497
515
1226
2763
1004
78
523
2391
827
2933
2480
550
2404
2691
2064
188
2010
1813
2518
188
2085
2948
550
1487
188
2085
1484
1939
1650
1813
2913
565
1425
2745
2570
1709
606
427
2349
1673
515
2195
2000
1566
2570
1434
1841
2219
2745
1746
1579
780
918
2321
1434
283
848
2948
1420
848
1616
1084
140
1301
516
1330
1239
836
167
958
2123
2795
1516
2948
762
2886
2515
1091
2141
2451
515
848
1605
848
2691
1783
2745
2808
2154
1130
848
1630
2808
1866
28
2909
2342
1620
1578
958
515
1105
827
1947
2123
517
827
2123
1784
1896
994
517
1401
2928
1024
1650
1813
1192
1429
2313
1192
2723
1313
602
2795
1821
1409
2948
2225
2313
2795
602
1638
2148
2313
1600
136
136
602
2411
1074
602
791
2433
109
2313
2483
515
2025
2391
2481
1473
2512
1579
2948
1105
2414
2628
1112
2954
2080
2390
1063
727
2174
2665
698
2404
2691
2665
1249
1130
2384
1857
1249
1130
2384
1857
1032
1429
800
2384
680
2745
1579
1950
848
1072
565
557
1130
1579
2948
385
2665
698
2954
2780
1765
2954
2665
2404
2948
2794
1268
2732
1112
2404
2691
2665
1112
1516
2665
698
1105
1082
2025
1458
1105
1620
2660
1105
2492
2691
2880
1249
1130
2384
1857
1032
1429
800
2384
680
2745
1579
1950
848
1072
565
557
1130
1579
980
2518
1765
2691
1783
2745
1579
1887
1520
2513
565
2526
2238
2691
1783
2745
1765
2691
1783
2745
1579
1887
1520
2513
565
2526
2238
2691
1783
2745
1765
2691
1783
2745
1579
1887
1520
2513
565
2526
2238
2691
1783
2745
2518
2518
1765
2691
1783
2745
1579
1887
1520
2513
565
2526
2238
2691
1783
2745
1765
2691
1783
2745
1579
1887
1520
2513
565
2526
2238
2691
1783
2745
1765
2691
1783
2745
1579
1887
1520
2513
565
2526
2238
2691
1783
2745
2518
2174
2674
2665
698
2404
2691
2665
762
2290
1004
401
1514
1866
1725
848
2931
2322
1866
516
1057
1234
1866
364
516
2322
2442
516
2322
1866
2018
2642
213
133
1158
2195
321
2494
2774
1062
2785
388
1664
2518
803
1887
1671
612
612
719
2526
213
133
612
1412
1603
1507
2254
2359
803
1930
2518
1746
848
1112
2195
2411
1929
2453
1112
654
2724
1579
2411
1112
983
848
2195
2411
1706
1112
2909
2785
182
46
848
780
2195
346
1671
992
342
2390
2806
1226
412
2742
1642
1487
848
2195
2442
2322
2442
2886
142
2931
516
2322
2931
2322
2442
2322
2442
2886
142
2931
516
2322
2931
2322
1517
2886
2915
2747
2322
213
656
342
2493
1507
692
2103
963
2508
1112
983
2034
1746
848
1471
2195
848
2315
2756
353
2411
2551
2126
1215
1145
2599
2948
1866
824
992
164
1120
1603
2416
2334
2411
2668
971
2416
740
1222
133
1866
1671
1633
1091
732
2668
2915
1130
1938
1042
1650
2348
573
2795
2962
1429
1091
971
2660
848
1388
269
1039
2832
405
1660
762
2749
2795
1390
848
875
2948
971
492
1783
2795
1430
1430
2933
1430
1805
2359
1866
1430
2804
142
682
2334
2804
833
1430
2915
1430
65
142
682
2334
2495
2671
1783
1079
2832
515
827
1615
2518
191
211
2518
1430
1746
681
848
2774
2518
1091
2795
2788
1091
2348
1003
1409
2001
2651
971
2206
1490
848
2219
353
1746
848
1062
1073
2372
1354
1091
2101
1866
1866
2108
107
200
2411
1335
709
663
2550
2411
14
2518
2804
1045
1498
2359
142
2095
2348
1136
2795
827
2002
895
2348
2101
1565
142
2095
2948
1395
1866
1902
1765
724
523
2508
1746
848
2570
2774
2516
147
2195
2924
211
1567
1615
2518
422
2570
1430
1222
2858
723
1037
422
2948
2239
1866
1788
2206
2231
1658
2411
2948
623
2101
2348
2101
2338
2674
1463
1401
974
1813
1606
2795
2962
990
2795
2480
1487
2857
1421
2238
1866
1004
2931
1733
2101
565
1421
992
2372
2411
1866
565
1664
2341
2080
2865
2391
1813
1487
2411
72
1866
1813
2745
2392
2542
507
1783
2795
1388
2413
1079
387
349
2691
1783
2691
1783
1887
387
1887
349
1079
1887
1079
2774
965
2948
2896
1746
848
1222
1919
178
2668
2102
1650
2254
1636
2175
1222
2471
2386
2542
2817
2525
21
2309
2300
1588
2525
2419
2781
958
1786
216
507
1783
2795
1388
2413
507
1783
2795
1388
2413
1079
387
349
2691
1783
2691
1783
1887
387
1887
349
1079
1887
1079
1079
387
349
2691
1783
2691
1783
1887
387
1887
349
1079
1887
1079
2034
390
827
1007
2774
678
107
971
2795
1463
1567
464
848
1579
992
2626
848
1436
1112
157
2391
2411
612
507
1783
2795
1388
2413
2691
1866
1783
2980
2745
28
72
2594
1487
1044
664
2663
971
1044
664
871
2403
1678
1487
2060
1091
2348
2442
241
28
178
2668
1222
157
1112
1487
1241
965
1487
450
1407
1800
2795
2745
1033
241
2915
2745
2392
2663
1044
664
871
2403
971
965
1487
2931
241
133
241
450
971
2617
1297
2795
2745
2542
507
1783
2795
1388
2413
1079
387
349
2691
1783
2691
1783
1887
387
1887
349
1079
1887
1079
507
1783
2795
1388
2413
1079
387
349
2691
1783
2691
1783
1887
387
1887
349
1079
1887
1079
2834
1813
1487
1804
2834
1261
1626
2254
710
1146
958
2847
680
2254
710
1146
958
1473
848
965
880
366
2664
1373
149
1913
1623
1182
2254
2516
1947
681
848
1947
1813
2348
2439
1910
2691
2386
2904
1473
1866
2453
848
1388
655
1866
992
2726
2070
848
1947
848
1813
2348
2439
1248
1514
958
1387
2530
2627
201
2530
1090
1108
958
201
2530
1090
1426
958
1387
2123
1813
2060
2542
848
2748
1887
1866
1487
1514
1182
1618
495
958
1699
2391
2865
1158
2411
1373
1620
1699
1387
2263
1100
631
1947
1387
1620
450
762
1373
1222
1344
2174
2674
2665
698
2404
2691
2665
2321
2665
698
2404
2691
2665
1105
157
97
1105
2403
515
2195
1070
1806
133
2404
2780
2691
2335
2691
2691
965
2691
2386
2904
2404
2780
2691
2335
2691
2691
965
2691
2386
1961
1144
958
201
958
1359
958
1961
2513
848
2516
1407
2516
2959
2516
1827
1144
848
1765
2595
1555
1961
2195
97
1586
958
1083
1407
2391
2391
2609
2195
515
2954
1105
2404
2954
2691
954
2954
1105
97
2865
965
1739
515
1588
2954
2691
954
1105
1746
848
2865
965
1492
550
1668
2937
2269
2896
805
2046
2662
1444
2313
2411
2948
108
1222
515
1389
427
1229
1079
210
2795
2195
2411
210
2795
930
1323
1033
2516
1323
210
330
465
1229
724
2348
2948
696
2313
2795
1229
724
2812
2084
1018
1079
2508
1229
137
445
565
2411
1667
2503
1079
1229
2411
1647
1018
2084
1079
2281
2313
1703
1868
1055
2668
515
1644
2735
1356
2518
1042
1603
1698
64
803
1079
2540
1766
1229
1639
2392
740
1412
1620
2668
1567
1746
1579
1313
2518
2254
2313
1079
1229
623
1775
803
204
1356
2411
1647
2025
1487
1813
548
1866
1430
2939
2896
1887
2795
2535
1420
689
1495
1866
2852
1866
2948
2348
1495
1866
2348
717
468
2195
2668
163
1229
1055
2795
210
210
2896
1079
1018
1079
1229
1772
2359
2254
1229
2359
2195
2348
1866
1495
343
2411
2072
1866
1229
1079
515
2411
1497
241
528
194
1079
2939
1725
2195
1568
724
1186
871
2369
1229
2369
1013
1079
1669
573
2516
770
1783
724
2313
1783
1172
1866
2392
1229
1079
1013
1079
2644
669
2936
193
965
2084
2124
2535
438
2535
1019
2000
1624
515
2025
1642
827
848
1051
1114
2095
1930
2195
1389
2404
2954
2691
954
2954
1105
2691
2657
1954
2724
2518
1567
236
2457
2254
929
1843
1507
963
1461
1868
2804
1239
816
2705
1784
236
548
2600
2359
612
843
1073
1843
1807
929
1082
1866
1930
1406
2705
236
1954
612
719
1970
2707
1371
929
1954
1955
2503
2948
605
929
2968
2705
1004
803
1462
2518
2705
1055
1055
1406
1406
2384
929
2403
1249
236
1406
2518
1616
2857
337
112
2518
2219
1018
1596
2220
958
1953
2535
1953
2535
2516
2755
1155
2968
2894
2070
2182
1724
232
668
56
1421
2948
2518
1588
2691
1383
2691
1866
2721
1930
775
775
992
1949
775
775
775
1421
100
2948
1639
232
1633
1186
775
1930
775
2530
775
1051
1815
2516
935
2755
1421
2176
2516
247
343
1421
2755
1155
1297
1018
2160
1421
247
38
232
2182
2968
2404
382
232
232
2225
232
1220
1007
775
992
136
1186
262
2243
1434
318
932
2968
2729
2896
848
848
1222
2508
983
848
880
1813
431
2948
1815
38
1866
1401
2394
515
1642
2948
612
507
1407
1837
2070
1782
2301
1782
2404
2000
2691
2042
515
1588
2954
2691
954
1105
1268
2404
2691
954
1519
163
2825
2404
2691
954
771
1596
2335
2825
153
2391
1746
848
1949
2730
1620
850
2774
2876
2566
1949
1579
1516
412
2644
1603
1303
1516
406
1841
1813
209
1731
2759
2234
2726
1039
1588
2691
2603
2101
2644
2603
2411
2625
648
2905
2960
1427
1463
2195
2411
209
2516
2127
1595
1244
2603
2254
848
1200
1070
246
2519
1373
2516
1880
2453
606
897
2000
2876
2218
2518
2615
929
903
1579
2516
1292
1434
1084
2453
1903
1051
932
2254
2691
1409
2691
1409
349
1051
2691
1409
1866
1808
2691
1409
1866
1808
2691
1409
2615
1866
1808
827
2195
1746
848
2948
750
2843
2094
350
2804
2518
1051
2518
412
818
1868
2804
1051
992
2861
1407
1698
1783
830
2254
548
2804
515
2391
848
848
1024
2603
2716
2518
843
1866
1866
2691
2403
1678
2605
843
1866
1866
1870
2656
843
1866
1423
2101
1091
1055
2359
843
1866
1091
1055
2359
2656
843
1866
1800
1409
2795
2717
2359
1409
1055
1091
1055
2359
843
1866
2717
2656
843
1409
1866
1409
1678
2656
843
1866
1800
1409
2795
2717
2359
1409
1055
2313
294
1091
1055
294
294
2359
2359
843
1409
1866
1409
1968
2656
843
1866
1866
2691
2403
1678
2656
843
1866
1866
2865
1222
1588
2691
507
1866
1866
2657
2480
2628
2657
1994
2886
1601
1306
1196
1948
1374
821
2506
1374
1407
1049
1866
1388
72
922
843
1866
1409
2795
2717
1350
843
1866
1409
2795
2717
696
1084
1678
1407
349
1051
2691
1409
1866
1808
2691
1409
2615
1866
1808
2691
1409
1887
1866
1808
2507
387
1887
2507
349
1079
1887
1079
2507
843
1049
1866
2603
622
2644
2518
1746
848
2508
612
2392
2195
1588
2954
2691
954
1105
992
1881
2323
2419
1909
123
2088
2657
2966
2422
2323
1041
2657
1153
2876
2195
2657
2419
2731
2323
1249
1620
317
2404
2954
2691
954
2954
1105
2195
2406
2394
1096
1235
2195
1588
2691
2729
2731
1909
1639
2657
2419
1807
929
899
577
2323
1249
1079
2635
2730
528
107
2876
2458
502
1249
2730
290
1965
2876
800
1072
1762
180
1909
756
604
425
1866
2323
528
992
1222
479
2928
965
1004
733
1887
848
2391
2411
1363
1813
965
719
2054
1733
1055
1055
2359
2359
2359
2359
1055
689
172
971
719
2348
1323
452
2516
830
2567
349
636
2691
871
1049
349
636
689
172
971
824
689
172
971
76
2691
2060
830
2691
824
2691
824
2691
1168
2691
1079
2691
1079
1887
622
479
387
1887
622
479
349
1079
1887
622
479
519
708
2034
848
565
1152
2411
1725
1567
1687
133
1136
958
2453
848
1616
2060
2060
2525
2518
2025
1389
992
1222
2599
1887
848
2545
2391
1226
2418
1650
965
2192
1579
765
1506
2174
1623
1588
2151
808
427
2848
479
2060
2525
1887
848
2391
827
1746
848
1854
1616
1470
681
848
1222
2508
983
848
2391
2609
992
1222
965
681
1112
1725
848
1764
2404
2780
2691
2335
2691
2691
965
515
2025
2628
2518
2094
612
843
1994
2649
523
2480
955
2342
958
1696
2731
1603
684
1588
2691
2124
214
2553
843
2195
1588
2954
2691
954
1105
741
1316
974
1866
1316
546
1626
569
444
1004
1249
2348
1866
2893
741
1468
2095
2484
1019
1080
1966
1569
2599
780
1866
2970
2175
142
2348
981
2348
1866
1212
2348
2313
1146
956
2879
2660
2795
2846
163
2127
226
668
2982
2518
1779
1603
2752
427
1658
740
2111
2000
2411
1596
1430
800
1282
2206
2438
2804
1639
65
2795
2036
971
1407
523
2000
2348
740
1412
296
732
2729
349
1079
869
1204
349
46
236
2804
349
46
236
46
1204
2346
2691
1783
2691
1783
698
2691
2691
2691
1656
1656
1656
1656
1656
2948
914
2124
2838
2348
191
1620
1567
210
1795
2726
2372
193
565
191
1620
1603
800
2124
871
2124
681
2348
698
1079
1678
471
2795
681
971
1686
2795
2348
971
971
2795
681
1813
390
2494
971
1550
983
672
2403
2691
2019
1866
1654
1920
1421
672
2348
830
390
2494
2682
2348
21
983
672
2403
1408
2920
1783
672
2403
2691
1654
1920
1421
971
1582
672
672
2403
830
597
2804
597
1654
1920
1421
1654
1920
1553
1654
1920
1553
1654
1920
1421
2731
1654
1920
1553
672
672
2403
1408
2920
1783
597
2804
1058
1654
1920
1553
1654
1920
672
2723
1654
672
1955
2101
2682
1001
681
2206
780
971
2080
2084
740
1412
469
2628
2795
2838
2857
1084
2124
2838
1908
2795
1550
830
1989
2080
1588
2691
2124
179
1260
848
2948
779
214
2553
1736
800
202
2795
2662
2124
2838
2107
1495
143
2348
2237
1579
158
2516
843
1647
1866
805
1640
805
2348
1462
2717
2931
1190
2107
1866
725
1144
958
143
2348
1462
1813
25
958
1403
2411
2223
740
1412
1229
1079
1079
796
714
2939
2804
714
46
2939
2346
2939
2939
2939
698
46
2939
1430
2939
2931
1620
2939
2931
2731
1620
2939
2931
1620
2939
1620
2939
871
2731
2939
871
2939
1137
2939
2931
1930
2939
1930
2939
2939
1887
2939
1079
1887
2939
2379
1813
2691
1640
2691
2518
1746
848
1640
1626
2795
548
1498
800
435
2518
2269
2518
1866
1866
1866
1866
548
1866
2795
2962
1866
2795
2962
548
2518
179
548
1222
2858
1567
2195
97
2948
2896
1746
848
1965
321
1035
848
1317
1866
2290
848
2518
1287
337
2522
1317
848
1313
343
2522
2933
427
1868
1529
548
1323
1866
1007
681
786
2151
2290
2475
2516
1965
321
2795
2962
2290
2749
2290
1866
1007
681
938
2656
264
404
1866
1007
938
2656
1019
2453
1980
404
1866
1007
298
2290
717
962
1837
992
2724
548
2804
2582
2151
2290
717
1866
1866
2886
2359
1866
2195
1588
2954
2691
954
1105
2195
848
1588
2691
2406
1516
2543
1588
2954
2691
954
1105
2101
648
474
2073
2742
411
443
2905
2085
1516
2795
1190
2516
848
2518
1249
458
2411
2628
1642
1642
1642
1650
1154
2886
2338
85
2662
1866
2489
2290
1345
2605
843
1813
1477
900
2691
2886
2691
1866
1013
843
1813
2734
2968
2691
1013
843
2516
2567
1456
2413
2691
1866
2563
2413
1257
1284
1454
349
46
349
46
349
46
2691
2896
2348
1808
2691
1313
2657
1808
2691
2911
2657
1808
2691
548
2657
1808
2691
548
2657
1808
2691
2657
1808
2691
548
2348
1808
2691
1866
1866
1808
2691
1866
1866
1808
2691
1866
548
1866
1808
2691
1550
1808
2623
1116
2804
2623
1116
2388
2623
1116
2388
349
1116
2804
2388
2804
1341
2962
2723
1550
1341
1642
1808
1642
1341
2962
2723
1550
1341
1642
1808
1642
1341
2962
2723
1550
1341
1642
1808
1642
1341
2962
2723
1550
1341
1642
1808
1642
1341
2962
2723
1550
1341
1642
1808
1642
1341
2962
2723
1550
1341
1642
1808
1642
1341
2962
2723
1550
1341
1642
1808
1642
1341
2962
2723
1550
1341
1642
1808
1642
1341
2962
2723
1550
1341
1642
1808
1642
1341
2962
2723
1550
1341
1642
1808
1642
2399
2723
1550
2399
1642
1808
1642
2399
2723
456
1550
2399
1642
1808
1642
2691
1550
2399
1550
1808
2691
1550
2399
1550
1808
2691
1550
1808
2691
1550
1808
2691
1550
1808
2691
1866
1866
1808
2691
1866
1866
1808
2691
2542
1430
2542
1808
2691
2542
1430
1137
2542
1808
2691
2542
1430
2542
1808
2691
2542
1430
1137
2542
1808
2691
2542
1430
1013
2542
1808
2623
1116
2804
2623
1116
2388
2623
1116
2388
349
1116
2804
2388
2804
2691
2542
1013
1013
1808
2691
2542
1013
1013
1013
1808
843
2644
900
2691
2886
2691
2563
2379
1316
1987
1815
2341
1936
2411
2540
1887
2103
163
132
578
1808
476
1601
1279
612
2707
2086
672
2403
2813
612
614
2359
1611
2804
548
597
2804
1495
672
2391
945
1494
132
578
1808
1886
1430
1696
151
1588
2691
1430
1192
236
2195
2514
108
2411
73
2341
2411
2404
2000
2691
2042
236
1239
1082
1334
1866
548
2852
958
2348
1083
1409
2046
431
1620
1819
2154
1866
2651
942
2084
2195
2480
236
717
2749
236
1243
1923
431
1620
2625
1907
2313
1409
2046
2321
2092
2791
1620
1082
1334
515
2025
2948
1125
965
515
2413
349
2413
1388
2509
1563
324
170
1407
294
349
2367
14
1563
2516
2952
2649
2685
1854
2691
2060
2862
2691
2060
2542
689
172
689
172
2691
2060
2542
2691
2060
2542
689
172
689
172
132
2060
188
1323
132
2060
132
2060
689
172
689
172
689
172
689
172
132
2060
188
172
1323
132
2060
132
2060
172
689
172
971
2563
1664
689
172
971
689
172
2952
1664
689
172
2952
689
172
971
871
689
172
971
689
172
971
2563
689
172
971
132
2060
188
172
1323
132
2060
132
2060
172
689
172
689
172
689
172
971
871
689
172
971
689
172
971
2563
689
172
971
689
172
971
2563
1664
689
172
971
132
2060
188
172
1323
1664
132
2060
132
2060
172
689
172
971
2563
1664
689
172
971
689
172
971
971
1664
971
689
172
971
689
172
971
689
172
971
689
172
971
689
172
971
689
172
971
689
172
971
689
172
971
689
172
971
689
172
1588
689
172
1588
689
172
1588
689
172
1588
689
172
971
1664
689
172
971
689
172
971
1887
689
172
971
689
172
1079
689
172
689
172
1079
1887
689
172
349
1079
1887
622
479
1354
349
2413
1388
2509
1563
324
170
1407
294
349
2367
14
1563
2516
2952
2649
2685
1854
2691
2060
2691
2060
2542
2691
2060
2691
2060
2542
2691
2060
2691
2060
2542
2691
2060
2691
2060
2542
2691
2060
2862
2691
2060
2542
1354
2413
1388
2509
1563
324
170
1407
294
349
2367
14
1563
2516
2952
2649
2685
1854
2367
14
72
622
479
2367
14
72
622
479
2691
2060
2691
2060
2542
1354
324
170
1407
294
349
2367
14
1563
2516
2952
2649
2685
1854
2623
1266
1424
622
479
2623
1424
622
479
324
1424
622
479
2367
14
622
479
2367
14
622
479
1354
1407
294
349
2367
14
1563
2516
2952
2649
2685
1854
2623
1266
1563
1424
622
479
1354
349
2367
14
1563
2516
2952
2649
2685
1854
2623
971
622
479
2623
971
622
479
971
622
479
971
622
479
2623
971
622
479
2413
622
479
2413
872
2933
1019
887
1616
887
1837
1868
337
1892
337
1654
2495
2948
2400
992
2865
64
2518
2726
2570
1061
1448
25
2876
2535
884
1670
2745
2341
2411
1841
1813
2348
438
848
2480
958
2730
565
2518
2518
2508
1112
1409
2603
1590
1018
2415
2717
1434
958
1963
1223
2540
1110
2254
30
1462
2731
74
1062
2516
2119
2603
566
2483
422
2533
518
2153
2886
2966
2905
1994
1107
2123
1055
2480
2876
1055
2480
2480
735
1421
1821
824
958
2948
118
443
990
958
2933
600
824
25
958
2657
2323
2966
1421
2731
443
2704
2948
824
958
2731
1427
2838
1421
2882
431
2027
1284
2905
1994
1916
2948
2861
1270
2530
443
1149
30
1149
2662
2731
2948
1270
2692
2718
2396
2411
1746
1579
2948
2176
2411
2865
2657
2323
1866
1866
205
1866
2948
1287
2297
596
1718
1994
768
2533
1574
2323
2975
64
1588
2691
1620
901
1813
2763
654
318
2254
2045
2603
2516
481
523
1994
1443
1217
30
523
1994
2480
1866
1197
2518
1725
2896
2411
744
1050
1603
523
1994
1443
1516
2411
2391
1972
2349
2411
2948
2400
431
548
2046
2046
1296
250
1201
1409
72
2124
2123
72
2717
2535
2123
2084
1620
209
72
2717
2124
2123
2084
1620
209
72
2717
2535
2123
2084
1620
209
72
2717
2124
2123
2084
1620
209
72
2535
2123
1264
2230
879
1409
1223
2603
2931
450
958
2717
209
805
2472
260
1866
2603
1995
2702
2533
1664
1375
1620
1717
1183
1866
523
443
2124
214
2553
1223
823
1450
2671
958
2717
2472
479
651
2124
214
2553
523
443
2516
2119
2876
1911
38
958
1995
1887
2533
960
914
992
2493
992
1183
1866
523
443
2124
214
2553
1222
1279
1795
1182
108
2411
2742
2195
2256
1408
1784
2127
1019
2848
1808
476
32
1007
163
1808
2848
1408
1808
1241
1019
1473
2084
2972
1579
1019
2933
1434
2968
1516
2968
1626
1955
670
2055
23
1835
143
89
1497
1516
2411
2411
481
1277
1103
2404
2000
2691
2042
1837
1808
61
1588
1383
592
2507
2931
2665
698
282
2174
2665
698
2404
2691
2665
2516
2731
1938
2411
35
2896
2876
1944
1715
2763
1429
2176
826
1620
2876
2731
1920
577
2411
2404
2000
2691
2042
2948
385
2665
698
2954
2780
1765
2954
2665
2404
2948
2794
1268
2732
1112
2404
2691
2665
1112
1516
2665
698
1105
1082
2025
1458
1105
1620
2660
1105
2492
2880
2516
2731
1715
2195
1588
2954
2691
954
1105
2775
2726
1994
2048
1955
2338
701
154
2178
1994
557
2516
2295
1127
2411
73
1513
1478
1642
2508
1746
848
730
1907
1222
107
1011
874
2390
1533
2140
2467
1463
1334
1866
1671
1741
57
2140
971
1334
1866
1671
1741
57
2140
971
157
832
872
1579
447
515
1588
2954
2691
954
1105
2723
266
268
1574
136
1567
1714
476
749
2269
573
1313
765
2391
515
597
2338
1639
2795
1866
696
1660
965
2948
2896
1746
848
1226
2411
1004
2199
2674
1579
2457
1642
2516
1249
965
619
136
644
917
651
1226
1367
1813
1089
958
1842
2804
2225
2108
1703
75
1226
2391
842
450
2334
989
565
1620
1620
1734
64
2516
2971
884
1813
450
2535
236
768
1434
2948
236
2153
565
450
1620
1647
2516
2971
2148
1529
2225
2338
1620
2516
2804
236
1856
565
1866
824
1620
2348
2084
64
2518
2742
1620
309
450
1868
1866
565
824
2348
375
1574
619
136
689
2369
1660
92
2034
1579
2697
2948
427
1588
2888
689
1660
671
1660
2215
1588
2888
689
1660
1516
730
515
139
766
2489
2000
2948
1784
422
2460
1608
1827
2981
1313
1105
667
1018
2508
1866
2862
2651
762
1538
1451
526
1018
2221
2785
897
1018
1520
1033
2862
1866
2862
632
1630
2671
974
2716
354
78
1620
2348
252
2459
2716
2348
1703
133
2459
2931
450
816
1222
2094
667
1018
2896
1579
2837
515
325
1373
2422
1293
586
2348
181
1357
1866
1676
1520
1388
1357
1388
1235
668
1520
1995
2124
958
1029
527
1105
1313
565
1078
2127
1292
1434
2127
2197
2518
290
222
974
181
191
2000
2903
1388
1357
2459
668
2348
1703
2546
2662
1388
2931
233
2459
479
2755
2163
2867
1357
2915
2348
1866
974
450
2931
1173
730
2459
1388
2516
2348
992
2400
1999
993
1105
1377
2662
2931
2716
2197
1880
377
2453
670
768
1434
768
1891
427
2915
1783
1866
2348
2348
191
2931
1105
816
1062
1354
2124
1813
1357
2219
2795
2795
1051
2795
777
2359
1783
1215
307
1620
193
1703
2411
974
2948
1725
2691
2771
2771
1055
1303
1926
2298
2518
1926
943
2516
1220
2795
992
1351
1461
2795
1055
2558
2718
974
567
2795
1930
1357
404
2948
1886
193
1051
1703
1434
1621
1357
2348
502
2442
103
2651
942
31
974
1784
1894
2804
358
2438
2791
1357
698
1909
1909
1903
2459
2104
22
1689
415
2948
412
2671
2691
1866
188
872
1703
2459
1837
2640
2391
1226
188
2804
706
1312
345
2084
85
993
2718
2625
2861
2513
2009
1788
2662
698
2729
2716
2442
1783
1430
2348
2459
1388
2348
2439
2948
364
2246
1413
2459
299
1078
827
1783
1430
2095
2862
1920
2465
1378
1909
1312
2348
324
540
1703
2931
2422
2494
1105
2640
2915
1909
2516
1740
1866
474
2459
1831
1039
999
1821
180
1620
1357
2459
1866
2862
1105
1313
942
2124
2206
1421
1678
2422
1160
999
2931
1575
2516
156
777
2359
848
573
848
1357
1357
1813
1357
1650
2868
2640
2459
1340
1105
1313
2964
2459
2656
2459
2403
1678
2656
1112
2954
1866
1013
2691
1866
1866
2419
1866
1013
2691
1866
1866
1013
2691
1866
2795
1049
2359
1159
2459
1520
1430
2981
2795
1049
1430
1430
2495
1430
1620
1620
1620
1430
612
719
730
2459
1388
1620
1084
2495
2495
1430
1430
612
719
730
2459
1388
958
1084
2495
2495
1215
2256
2459
843
2857
2495
2640
2640
2640
2640
2640
3
2640
903
1703
2640
1691
612
507
1388
2821
2459
636
2716
2495
1691
2219
837
1388
967
1062
667
204
107
2651
942
2640
1703
2459
2906
2438
1615
2824
2459
1871
1105
1347
2755
2716
923
2931
2896
2124
2535
1520
467
974
1866
71
2824
1866
2716
1647
2459
2254
2824
197
2348
2948
588
2903
1520
1868
2640
1347
2459
1515
2348
1575
2127
1288
1244
356
2348
1809
2948
2565
2276
1373
586
2565
1729
2348
190
296
2359
586
269
1661
586
1436
2812
2348
795
1729
2348
1288
586
1795
992
1836
2348
2193
586
1019
1777
512
1339
2127
1581
851
2411
1596
1297
958
502
1084
971
523
2480
1732
2124
214
2553
1461
2563
2795
2962
2927
1004
918
848
1806
1965
321
2124
1079
2563
1079
1105
1089
936
971
2981
2254
971
523
2480
2931
502
958
971
2948
1664
958
1105
1089
2383
958
1297
958
1184
2876
1297
958
2459
2182
204
1461
2824
2459
2399
1287
1682
2640
2495
1105
1079
2516
2545
2645
2716
2348
1164
2640
2459
191
2927
1574
1048
2254
2563
2166
2127
2726
1105
1620
502
2716
1620
1004
1105
958
2422
247
1357
2214
2931
1413
2563
936
31
2348
1703
2547
958
2024
1297
2933
2348
2774
1903
1866
2862
1520
2422
1616
2246
1413
1145
307
1105
2726
651
848
427
2795
1950
1434
1620
1596
1138
1813
2459
2472
1901
1062
848
1903
2933
2459
1119
2387
1901
1909
848
2931
25
958
958
2459
2876
848
1801
2931
565
2876
848
1909
2931
25
958
958
2459
2876
848
1801
1801
1909
2931
565
1055
2876
848
2931
25
958
2876
848
1801
1801
2931
565
2876
848
1903
2931
507
2516
992
427
1996
2691
1783
507
1222
1534
1671
1463
2254
2124
1985
38
1765
2124
2124
1740
2174
1909
2931
507
2516
992
427
1996
2691
1783
507
1222
1534
1671
1463
2254
2124
1985
38
1765
2124
2124
1740
2174
2931
507
2516
992
427
1996
2691
1783
507
1222
1534
1671
1463
2254
2124
1985
38
1765
2124
2124
1740
2174
1130
2742
2821
1357
2465
144
202
2707
191
427
2411
2518
1055
2348
2795
1055
2348
2518
2422
1841
345
1703
827
1909
1357
2029
103
1158
974
2864
1461
2540
974
803
1190
2518
2359
1357
2422
1055
1357
2422
2518
2439
2723
1288
2795
1926
2518
2348
2968
1784
2377
1703
1357
2422
2494
2518
871
2931
2931
1909
2518
1112
1249
1095
924
204
2898
1310
1434
1222
1688
515
1588
2954
2691
954
1105
872
2195
311
1401
1417
2553
2518
1533
2140
2467
1055
2518
2514
149
1334
780
2516
971
696
1130
1999
1664
1746
848
440
291
1746
848
880
715
1112
1660
2025
1062
73
2518
1725
2154
2411
1184
2411
1112
1378
291
1678
1783
2603
1636
1725
1746
848
1380
291
2025
2518
1473
1579
2691
1409
343
1756
1803
1112
2011
992
1112
1765
2691
1409
1579
1887
1520
2513
565
2526
2238
1765
2691
1409
1579
1887
1520
2513
565
2526
2238
1765
2691
1409
1579
1887
1520
2513
565
2526
2238
1765
2691
1409
1579
1887
1520
2513
565
2526
2238
1765
2691
1409
1579
1887
1520
2513
565
2526
2238
1765
2691
1409
1579
1887
1520
2513
565
2526
2238
1765
2691
1409
1579
1887
1520
2513
565
2526
2238
1765
2691
1409
1579
1887
1520
2513
565
2526
2238
1765
2691
1409
1579
1887
1520
2513
565
2526
2238
1765
2691
1409
1579
1887
1520
2513
565
2526
2238
1765
2691
1409
1579
1887
1520
2513
565
2526
2238
1903
1579
1887
1520
2513
2022
241
1756
1795
1389
2512
1409
1746
1579
2691
1409
2920
2195
2453
519
2200
2939
2359
1795
2154
1746
848
886
2025
2732
2518
874
1430
1430
1401
1620
1620
1571
2915
1813
2931
2497
1731
1813
2931
2545
1620
1292
1620
2903
2781
2611
2518
1571
2102
2518
2025
321
1401
1620
764
2154
848
87
211
1461
2359
2540
211
2267
404
291
1746
848
187
1296
2334
1380
291
848
880
715
1112
1473
848
676
992
1813
2025
2518
1013
669
2704
2348
1888
770
2313
1871
2933
2313
1079
1229
1079
1821
2313
2704
1788
1013
1079
2195
1588
2954
2691
954
1105
965
1567
1055
2127
1112
157
2391
1112
2508
2195
1845
1182
652
2084
983
727
2741
1881
244
983
2390
2508
1822
1430
1748
729
1619
2095
729
1619
2095
729
1619
2095
729
1619
2095
729
1619
2095
729
1619
2095
729
1619
2095
729
1619
2095
729
1619
2095
729
1619
2095
729
1619
2095
729
1619
2095
729
1619
2095
729
1619
2095
729
1619
2095
2508
1091
383
1657
639
1067
1067
1481
523
1689
1350
1516
236
1516
236
1516
236
1516
236
1516
236
1516
236
1516
236
1516
236
1516
236
1516
236
157
2508
1822
1887
2644
2351
1619
2095
2728
2101
1516
236
916
2689
942
1182
2289
548
2804
2101
1567
2804
2729
2101
163
1495
1639
2101
1567
2602
2366
607
523
1084
1454
2101
1224
1725
2518
2195
1039
1965
321
2388
2101
1567
1246
548
556
1277
1203
211
519
1112
1112
1625
2456
2804
2372
1678
14
1051
519
1112
983
2195
2039
2414
2456
2804
2321
2390
1213
1837
2948
2858
1793
1252
2101
136
1112
1765
542
2411
515
133
1474
2757
2418
532
2785
2924
1112
2411
2883
1052
2518
2212
1936
2508
1112
2948
837
1224
1203
2605
1837
1366
2948
133
2391
510
528
96
2533
523
2757
362
322
1092
848
96
992
1822
681
515
2391
1822
2481
2508
1822
2094
2544
157
2195
2456
2804
2094
2390
2423
1837
2456
308
519
2195
2390
872
2732
1226
848
2369
2948
1811
1579
848
1471
2948
1821
2411
802
523
2757
1084
2668
2741
2456
613
711
523
2101
1224
1203
827
1112
2718
2411
157
2195
1636
1112
2518
1930
698
814
1051
1051
933
21
2518
515
2837
827
1389
2404
2954
2691
954
2954
1105
848
1930
1654
1711
1620
1620
1813
2195
1567
2421
1841
2896
1746
848
1112
2411
1647
93
2516
1702
2513
843
2490
1866
2518
349
342
342
342
2507
342
902
342
2507
2691
1079
2348
1808
2691
1866
2721
2123
548
2123
1866
1808
2691
1866
2721
1866
1808
2691
1866
2721
1866
1808
2691
1866
1866
1808
2691
2410
1866
1808
2691
1866
1866
1808
2691
1866
1866
1808
2691
1866
1866
1808
2691
1866
2721
2931
1866
1808
2691
1866
2931
1866
1808
2691
2410
1866
1808
2691
2410
1866
1808
2691
2410
1866
1808
2691
2410
1866
1808
2691
1866
1866
1808
2691
1866
1866
1808
2691
1866
1866
1808
2691
1866
1866
1808
2691
1430
2171
2348
1808
2691
1866
188
1866
1808
2691
1866
1866
1808
2691
1783
2348
1808
2691
1783
2348
1808
2691
1783
2717
1866
1808
2691
1783
2717
824
1866
1808
2691
1783
2717
1866
1808
2691
1783
2348
1808
2691
1783
2348
1808
2691
1409
1866
1808
2691
1409
1866
1808
2691
1409
1866
1808
2691
1409
1866
1808
2691
1409
1866
1808
2691
1783
2348
1808
2691
1783
2348
1808
2691
1783
2348
1808
2691
1783
2348
1808
2691
1783
2348
1808
2691
1783
2348
1808
2691
1783
1887
2348
1808
349
1079
1887
1079
2507
2518
2656
2834
1407
1596
1866
762
460
1004
72
1866
1019
1765
974
2034
2518
507
2413
387
188
2691
1407
452
349
342
349
342
342
622
479
342
902
622
479
2691
1079
2691
2691
1866
2721
2123
548
2123
2691
2691
1866
2721
2691
2691
1866
2721
2691
2691
1866
2691
2691
2410
2691
2691
1866
2691
2691
1866
2691
2691
1866
2691
2691
1866
2691
2691
1866
2691
2691
1866
2691
2691
1866
2691
2691
1866
2691
2691
1866
2691
2691
1866
2721
2931
2691
2691
1866
2931
2691
2691
2410
2691
2691
2410
2691
2691
2410
2691
2691
2410
2691
2691
1866
2691
2691
1866
2691
2691
1866
2691
2691
1866
2691
2691
1866
2691
2691
1866
2691
2691
1866
2691
2691
1866
2691
2691
1866
2691
2691
1866
2691
2691
1430
2171
2691
2691
1866
188
2691
2691
1866
2691
2691
1783
2691
2691
1783
2691
2691
1783
2691
2691
1783
2691
2691
1783
2691
2691
1783
2691
2691
1783
2691
2691
1783
1887
2691
622
479
387
1887
622
479
349
1079
1887
622
479
2518
2516
848
2628
1866
2518
1426
565
1644
2451
1516
2195
157
2391
1588
2691
1650
2411
1746
848
21
983
445
2948
1734
2948
1813
2101
1947
2348
21
672
2403
2691
1480
597
2804
1495
1654
1920
672
2691
1654
1920
1421
1866
1421
1654
672
1654
1654
1920
1421
830
1813
672
2403
830
1654
1920
1553
1654
1920
2731
1553
2123
1654
1920
1421
1654
1920
1421
1055
1654
1920
1421
1055
1654
1920
1421
1654
1920
1553
672
672
2403
830
1654
1920
1553
1654
1920
2731
1553
2123
1654
1920
1421
1654
1920
1421
1055
1654
1920
1421
1055
1654
1920
1421
1654
1920
1553
672
672
2403
830
1654
1920
1553
1654
1920
2731
1553
2123
1654
1920
1421
1654
1920
1421
1055
1654
1920
1421
1055
1654
1920
1421
1654
1920
1553
672
2391
2896
1746
848
1380
2411
1841
848
965
992
1140
2348
2348
2403
2206
1004
2000
2411
1633
974
974
2916
565
565
2411
1647
1019
830
1004
72
1866
927
2348
2403
2663
268
2411
1588
1947
1866
2852
2391
2148
1947
994
2948
180
2101
2348
2403
2663
1866
1356
2729
1112
2094
157
2025
2785
1279
2411
515
2948
2664
2411
1316
605
848
2834
2411
1436
1018
1535
882
695
1112
415
171
977
848
1226
2518
2948
2812
2025
2518
1226
2939
1516
1190
46
2602
1498
1480
2939
2559
46
2453
701
2939
1480
46
1079
98
2948
2094
1907
2404
2000
2691
2042
73
2404
2000
2691
2042
1813
497
166
2472
1736
1813
2842
1809
2508
1112
422
2516
1746
848
2612
515
2391
879
848
1788
2518
605
848
1746
848
2948
2400
2525
666
759
291
2102
2668
2182
291
1783
2795
2948
2228
1434
828
702
2717
553
1495
1079
346
1079
2650
450
213
929
1209
2948
696
2948
1843
929
236
2334
216
2417
236
2334
73
871
2674
827
2334
1105
422
2460
1260
1260
623
762
178
435
2788
2518
2411
2459
2931
2459
2253
1907
1620
1963
1112
1960
1907
1630
163
2948
733
2025
1112
447
1907
1620
266
987
1788
2422
827
2948
133
1024
1351
1024
1082
612
1645
2160
821
38
821
2928
1334
612
719
2490
1024
1887
2411
2705
987
971
1013
337
2348
1788
2459
2649
1813
1550
2429
2931
958
1813
236
2238
1105
2119
2896
595
1105
1105
1033
1620
1699
2140
2151
1179
2323
523
1297
971
2852
1473
2411
1660
1189
733
624
1487
2206
1813
2369
2103
2206
1182
2726
1813
1427
1866
2140
1462
1672
1725
2276
1018
1407
1334
1388
2459
2459
2656
2691
1866
2691
1866
2691
1866
2691
1866
2691
1866
2691
1866
2691
1430
2171
2691
1866
188
2691
1866
2691
1783
2691
1783
2691
1783
2717
1168
2691
1079
2691
1079
1887
507
188
1407
452
2459
2459
2656
2459
2459
2656
2691
1866
2691
1866
2691
1866
2691
1866
2691
1866
2691
1866
2691
1866
2691
1866
2691
1430
2171
2691
1866
188
2691
1866
2691
1783
2691
1783
2691
1783
2691
1783
2691
1783
2691
1783
1887
349
1079
1887
1079
2141
527
2516
1397
1082
1334
827
2518
2518
2634
2691
2691
1866
1013
1930
1013
1930
2634
2046
2634
188
188
1055
188
1866
752
188
548
2046
1567
188
1334
188
1055
1334
1334
1334
1866
752
1334
548
2046
1567
1334
2046
1495
2518
133
719
1412
1954
1547
1112
612
2691
1866
612
719
1456
1907
1620
1620
2948
1625
2422
1226
2904
1650
2411
1334
1866
1909
1082
2459
2741
612
2369
2390
2661
1740
1788
2518
2542
1082
1661
842
2876
2931
1620
2876
993
2876
2876
2123
1357
842
842
2876
1650
343
958
565
2716
1650
958
2069
515
2025
2948
2896
848
2896
1112
1378
1527
1391
2896
1112
427
515
2391
423
1540
196
1080
2691
1480
2804
64
2058
1654
273
1571
1480
1288
1094
2691
1480
1480
1288
1288
412
1819
1288
1480
976
64
1106
2731
336
2691
1094
2516
2407
565
1671
1834
2830
1144
2422
2599
2834
1407
70
343
2459
167
1620
1182
133
2321
2538
1475
2141
2214
2219
1024
2948
565
788
565
1425
2459
1561
1620
1596
2141
688
2864
1104
1613
1945
1866
2141
2214
2407
914
688
1903
1407
2516
848
1487
2152
1880
1487
548
2931
516
2334
1866
612
1054
64
2334
2931
2656
612
2094
1079
719
2600
1783
1049
719
2600
2795
1049
719
2600
1783
1049
719
2644
1783
1049
719
2795
2644
719
2691
1783
2526
213
133
719
2691
1783
2526
213
133
719
2691
1783
2526
213
133
719
2691
1783
2526
213
133
799
387
719
2656
719
2526
1733
133
719
2691
1783
2526
213
133
719
2691
1783
2526
213
133
719
2526
1733
133
719
2526
1733
133
719
2691
1783
2526
213
133
719
2526
1733
133
719
2691
1783
2526
213
133
719
2691
1783
2526
213
133
719
2691
1783
2526
213
133
719
2691
1783
2526
213
133
799
387
719
799
387
719
2656
799
387
719
2813
1900
848
1158
245
2411
1130
2966
1468
245
434
2948
2109
1226
245
2411
1336
2032
347
1329
180
517
1330
2948
1709
606
377
2060
2542
455
1642
1642
1668
1070
2828
945
2691
2386
2085
1808
1668
2033
2928
2691
2386
1491
1894
2691
2386
266
734
1356
2518
1880
2411
515
1389
2774
2167
2094
1660
1314
2055
2588
2615
2896
737
2888
2931
2637
754
1623
870
451
2588
737
1518
2637
1186
2948
2971
2981
1756
827
1279
266
734
1356
2518
1880
172
717
1442
2605
172
717
548
1054
163
2516
2928
2691
2386
2085
1808
1222
1567
1668
1057
1668
2691
2386
1603
2245
2308
1860
177
2518
2741
577
1495
2504
1222
1567
110
2295
1668
2741
774
2295
1668
2741
774
548
1980
548
1668
2518
1668
1057
2518
2386
2629
2429
843
169
577
548
14
1409
577
1495
14
1409
548
1495
1938
492
1938
492
1620
1866
971
843
2518
1870
2896
2085
2147
1588
1850
1383
1870
64
2828
548
2553
1668
559
2245
1070
1963
1696
1005
1574
2828
2256
1196
2928
2691
2386
246
2386
1724
2386
2691
2386
2691
2386
2691
2386
2691
2386
2085
1808
2628
1626
1992
1017
548
287
2729
1052
2828
2918
301
2202
1696
2818
438
1813
1671
1837
782
1091
983
2854
1671
1896
973
480
2570
2075
300
1582
2553
1299
2084
983
1299
2084
1401
2918
1592
2946
1887
1740
543
2968
2629
860
2245
2623
2386
2629
605
1740
6
1514
2386
2629
860
2245
2516
1740
543
1887
1668
1281
1281
52
2245
605
1281
295
2948
36
2518
2948
2931
2392
1583
1281
1668
1857
1857
1880
2167
1450
1668
1588
2691
1430
2939
2829
1375
2729
1567
1743
455
2386
1430
2478
1588
2691
1583
1668
1279
1621
2612
2369
2127
2896
137
1668
1401
983
312
636
1514
605
2615
2888
322
2202
2907
1592
2948
605
2202
2888
1668
422
1668
163
2085
2147
2910
1018
1896
1858
2181
1640
117
2404
2000
2691
2042
1757
517
1870
1671
930
2975
717
1929
2691
1184
1233
136
1929
698
619
136
1111
451
2174
737
2888
1588
2691
91
1725
1668
1389
2732
1711
1668
79
900
2628
2254
2713
1363
1363
2548
827
1703
2896
2886
1494
2812
1837
2948
1281
1801
1281
1784
515
2818
2605
848
2167
287
2831
27
1642
2774
2548
1108
322
1495
1703
2850
1495
2804
1639
869
1212
2391
1118
827
1057
2147
2245
1668
328
1583
2080
1948
1281
1241
1190
2245
2522
64
2386
2629
1389
1560
1538
2460
2774
2548
2933
2045
2518
1055
2518
2478
912
382
1279
163
1026
548
1857
1567
1668
1057
2379
1226
1668
2866
1588
2691
188
2772
552
1671
552
2390
1035
400
717
1887
1229
1054
717
1248
2820
717
967
510
1462
717
1887
2174
170
983
357
2290
696
875
64
1601
1275
1399
2928
2290
1668
1259
2097
2928
1301
717
1401
2928
225
357
2290
696
1671
2654
2887
1671
412
1625
2419
1389
2386
1281
2386
1281
2691
2772
2505
853
890
983
1662
1281
2386
2629
2039
1294
2629
2519
2245
2245
605
1281
1583
2948
2915
2392
1668
2837
1813
2386
2629
2392
1668
2837
2386
2629
1569
1765
596
2508
1668
1668
1571
1130
2147
2873
801
1642
2386
454
2147
1733
1994
2817
2338
961
1894
1668
1668
1294
2245
2704
520
2033
103
559
1301
2844
548
1495
1229
1650
1583
190
1294
2245
2774
2458
246
1070
136
2707
2042
2127
1724
2483
886
1868
1401
1926
2948
2873
900
1668
1163
1190
180
2937
1671
1668
367
1007
1401
2311
1007
900
1007
190
2513
1401
1072
2644
2431
1401
1668
2948
681
1813
2369
2127
1401
2886
567
1401
1307
438
1813
2394
696
2268
1668
2591
696
698
717
567
2334
717
898
548
1229
1054
717
2127
548
548
1229
1229
2127
1994
2928
2547
1765
2937
967
2127
510
1765
1007
1592
1813
417
2829
1668
1708
1994
2602
2127
1994
227
99
1668
1994
1358
1356
1668
2774
2245
605
350
202
2369
21
172
21
172
169
1356
2518
1163
1668
501
2888
1721
2785
1621
1037
388
1668
2687
2872
2386
2629
1894
2522
2981
2280
717
1887
1229
1054
717
1248
2820
717
967
510
1462
717
1887
2174
170
983
357
2290
696
1880
2508
1668
121
2483
1813
1671
1094
1583
1428
872
353
64
1601
1275
1399
2928
2290
1668
2388
1668
1926
2202
2388
1668
2369
2127
967
749
983
64
1401
983
1259
2097
2928
1301
717
1401
2928
1312
2948
2394
2452
246
1668
2483
225
357
2290
696
1671
2478
2202
2548
1696
2867
2198
1452
2123
2077
2257
2206
2788
2411
2198
2257
1187
2194
2194
2942
2123
273
513
1906
994
2194
2194
110
2203
391
637
2194
2194
2942
994
2194
2689
893
2203
391
1172
2123
1498
958
2194
2194
958
2194
2194
958
2194
2029
110
2203
391
1112
1452
2123
273
1036
1746
1579
1822
1268
1112
2206
1660
2198
2656
107
1452
630
845
2756
2360
2206
1823
157
1112
2391
2195
1588
2954
2691
954
1105
2348
994
1798
29
201
1256
2887
2781
2948
2682
201
2545
1226
651
271
2094
992
322
1420
850
2123
2611
2590
405
2731
2113
2535
2906
2730
2469
1435
2535
2948
968
1874
2731
230
1827
2530
994
1866
2041
2516
1866
1947
2123
1798
515
2025
2195
1588
2954
2691
954
1105
992
2933
257
517
791
2298
57
1487
1401
517
1487
517
1053
2920
1808
2053
2820
1808
148
2219
2070
2202
1642
1642
1588
2691
1487
636
1401
519
517
2628
273
2807
246
1650
64
1936
103
1342
1622
1401
1866
733
1746
848
1622
1401
2918
103
1342
1401
980
2548
625
2918
2807
2518
1642
605
872
848
1380
404
1746
848
2357
1866
1401
1536
848
974
992
5
523
443
1866
654
158
848
1792
1936
2124
1740
2968
2970
400
983
1339
1085
2756
1616
213
1085
479
2518
1734
2391
748
2518
874
2535
27
848
2413
2413
2413
2413
2413
2413
2820
2490
2820
1996
2795
2876
871
324
2691
2691
848
848
1996
1996
1996
1930
1430
2939
2983
1013
1930
1671
1669
2312
1996
612
2490
1051
2312
2312
1996
612
2490
1051
2312
2970
2876
1930
1500
1500
2795
2795
2795
548
871
871
2795
2359
871
2461
2348
2651
2516
405
1930
2535
1807
1055
2876
2427
2651
2516
405
1051
1051
2876
2731
871
2795
2731
2363
1733
1733
2363
1996
612
2490
843
1733
400
985
1085
46
2363
213
1051
1516
1051
1516
871
1516
2795
1516
2518
2518
874
2124
27
848
2413
2413
988
2820
2490
2820
1996
2795
2731
1620
871
324
2691
2691
848
848
2124
1996
1996
1996
1430
2939
2983
1013
1930
1996
843
2915
1671
1669
2312
1996
612
2490
1051
2312
2312
1996
612
2490
1051
2312
1357
1085
1930
2795
2795
871
871
1051
2795
871
2795
2359
871
2461
2731
871
988
1930
1930
848
2795
25
1620
602
1620
565
176
213
1516
871
1516
2795
1516
2518
1813
2522
1401
2107
2756
1085
2334
236
2939
2094
869
1079
1041
136
780
1612
2741
1994
2518
2094
1182
85
930
1937
1813
2335
848
2503
2195
2404
2000
2691
2042
992
848
1313
1260
848
2948
2709
2525
2716
1287
1837
848
515
2732
2094
515
2732
1696
882
848
546
2473
1813
1429
2558
1156
2625
848
2034
73
783
2630
2359
1907
945
2657
1588
2954
2691
954
1105
2657
2682
2419
588
1907
2113
2323
2630
1985
1679
104
2948
1355
1579
1436
765
2453
982
781
2323
549
1907
1620
1696
1634
1144
1907
2657
1819
2010
474
2852
561
2948
1033
1907
993
1409
1616
2338
2931
842
1633
2154
1620
2657
588
1907
2323
1588
2954
2691
954
1105
2404
2000
2691
2042
2399
2225
1603
1963
2404
2000
2691
2042
1588
2954
2691
954
1105
2625
2338
2656
2801
107
1588
2691
1487
2338
2656
1642
1880
1626
2095
21
1284
2886
245
2480
2101
2322
38
1920
1757
672
2403
2691
2053
597
2804
1516
1654
1920
1421
1672
1654
1920
1421
1055
1654
1920
1421
1654
1920
380
1421
1654
1920
1421
1055
672
1019
671
548
2595
495
1620
2010
1407
1555
507
2716
2516
1413
1453
1954
2674
2691
2657
1783
2416
78
2516
1413
1453
1954
2674
2623
1116
2804
2623
1116
2623
1116
349
1116
2691
2053
2691
2053
2691
2053
2691
2657
1477
2691
2657
2691
2657
2691
2657
523
1887
2691
2657
2
2691
2459
2
2691
1866
2691
1866
2691
1866
2691
1430
2171
2691
1866
188
2691
1866
2691
1783
2691
1783
2691
1783
2691
1783
2691
1783
2691
1783
1887
349
1079
1887
1079
507
1516
1388
2674
2691
2657
1783
2416
78
2674
2691
2053
1516
2691
2053
1516
2691
2657
1516
2691
2657
2691
2657
2691
2657
523
1887
2691
2657
2
2691
2459
2
2691
1866
2691
1866
2691
1866
2691
1430
2171
2691
1866
188
2691
1866
2691
1783
2691
1783
2691
1783
2691
1783
2691
1783
2691
1783
1887
349
1079
1887
1079
2391
748
2795
2464
2822
739
246
2599
72
848
2101
2704
1679
1842
2348
2948
275
2372
658
1406
2948
1401
672
2403
2691
2053
597
2804
1516
1654
1920
1421
1672
1654
1920
1421
1055
1055
1654
1920
1421
2174
1654
1920
380
1421
765
1654
1920
1421
1654
1920
1421
1654
1920
1421
1654
1920
1421
1055
1654
1920
1421
2384
1654
1920
1421
1055
1654
1920
1421
672
1080
1401
2733
2160
2101
327
1184
2279
2379
1407
1961
913
562
1694
1083
1620
1626
2691
2524
1407
1412
1407
207
871
1049
1620
2459
1105
1388
2781
207
1809
2459
2518
207
1407
1588
382
2866
207
1809
2459
2518
1051
740
2516
1413
1453
1954
2674
349
1051
1388
2657
2403
1531
2876
2155
1795
2516
1413
1453
1954
2674
2413
2691
1051
2657
1105
1388
2459
1645
2459
2691
2459
1588
2623
1809
2459
2657
1105
1388
2459
1645
2518
1051
2691
1588
2623
1809
2459
1105
1388
207
1809
2459
207
1783
1588
382
2866
207
1809
2459
170
740
1412
349
2516
1413
1453
1954
2674
1954
1954
2691
2053
2691
2053
2691
2657
1477
2691
2657
2691
2657
2691
2657
523
1887
2691
2657
523
1105
2691
2657
523
1105
2691
2459
1105
2691
1866
2691
1866
2691
1866
2691
1430
2171
2691
1866
188
2691
1866
2691
1783
2691
1783
2691
1783
2691
1783
2691
1783
2691
1783
1887
349
1079
1887
1079
1407
207
1783
871
1049
871
73
2411
1487
515
515
1588
2954
2691
954
1105
1567
2224
1478
1642
2224
1294
2755
1487
2599
1813
2422
2113
2422
1495
1866
1027
925
747
2518
1027
2447
1027
2264
2896
2419
1027
2447
1027
2264
2896
2419
2518
548
1866
2422
2801
1105
1491
1621
2341
2264
2264
2923
2020
83
1051
83
1240
1434
925
2453
1193
1930
2020
2264
1579
1866
1463
1516
224
958
1660
431
2471
965
2195
733
1804
2390
1401
2278
2837
2577
1144
2140
1052
602
958
548
1866
2518
2386
2542
1434
21
2518
2931
958
2518
1780
2124
1055
1055
2518
2933
827
502
2124
1743
2948
2931
2472
2852
1866
133
1866
2290
565
2535
958
2518
1780
2535
1055
2518
2774
1678
1019
1178
992
848
2705
133
2948
2152
1070
2516
2218
1019
2624
565
848
1019
137
2730
958
1949
1421
515
1159
2774
965
2774
2920
965
1808
712
1633
1650
2240
556
1158
2341
1079
703
992
2240
992
1094
392
2123
2017
1620
2915
1409
2167
974
2103
682
405
1094
2160
523
1620
1711
2937
824
2017
2876
2848
1487
2031
523
1094
2618
2751
1416
992
46
1620
2937
1497
1738
1620
1717
1784
412
405
1205
1085
958
46
958
992
243
623
1866
2607
1784
848
2948
1070
1746
1579
2865
2791
2169
173
691
515
1698
1841
447
965
2411
515
2516
848
2516
105
2834
1660
2579
965
422
2657
824
246
1813
1620
2411
1327
1746
848
702
209
1057
2254
89
2691
209
209
2731
1920
2123
89
2691
209
209
2731
1920
2123
89
2691
209
209
404
2876
89
2691
209
209
404
2876
89
2691
209
209
1813
2731
2876
89
2691
209
209
1813
2731
2876
2864
209
1559
177
1746
848
2774
2394
623
1642
1426
1048
1970
1055
727
871
2516
958
2730
450
179
848
2518
343
1432
2094
2411
2348
2411
1633
1795
2348
1146
28
1062
2915
2948
1412
612
358
2368
1903
28
1340
2348
1016
719
2348
2611
2348
2663
843
2348
1136
2781
1097
2359
843
1677
2909
843
2348
2915
2781
1097
2359
1412
1136
2781
1097
2359
1412
2442
2781
1097
2359
1412
2442
2781
2368
1097
2359
843
2348
1136
2781
1097
2359
843
2348
1136
2781
1097
2359
843
164
2795
2716
1729
1430
971
2163
956
1620
2403
2348
2348
2348
2615
2348
1783
1783
1887
1323
1887
1323
1887
1323
1480
1887
843
2348
1136
2781
2368
1097
2359
843
2691
965
2403
248
1062
515
1642
2000
1532
1222
2896
2411
1420
1579
546
2518
2084
1936
1765
2220
2442
958
2017
2057
958
1887
1647
2017
1887
1925
565
1365
1239
2368
958
2084
2368
958
450
2017
1516
2017
2368
958
922
450
958
2774
2804
2063
1616
1838
1033
565
180
1365
2017
1083
2730
958
832
2518
2288
2896
1746
848
1658
1134
2948
1887
2411
2704
2195
490
1698
848
2518
773
2896
1746
848
2742
565
1559
1685
2948
2896
848
2195
992
2084
1995
1182
780
848
848
1313
1143
2508
2518
780
701
1671
1616
343
1579
2600
2206
1813
550
848
2518
1579
2400
2600
2724
1055
1004
2271
2411
848
827
848
2025
2195
2453
1868
2886
2804
2094
1821
2518
874
27
1306
301
2886
1055
2886
2518
2391
1112
2060
2525
848
2948
1249
2379
2341
871
2795
1079
2927
1436
2662
871
1079
1312
1838
2383
1965
321
1080
175
2084
1158
848
158
496
1112
85
993
848
2379
2544
171
997
1965
321
1287
1222
423
848
2254
423
2379
2508
2863
548
2804
2389
2535
1102
211
181
548
321
65
1051
2359
1955
2742
342
46
2495
921
565
848
1764
848
2261
236
348
871
630
2662
1444
2905
2948
412
2411
419
2887
871
1007
515
2157
1440
1033
681
436
1239
1007
441
211
2379
1249
1608
916
2039
96
675
992
1287
447
965
689
244
1454
992
2400
2865
2599
2834
1781
176
1671
1765
542
2516
848
914
2189
2832
1340
523
321
1340
2305
1224
1282
2068
188
2085
2141
1292
2886
2533
983
2948
1887
2167
105
1454
244
2948
605
2084
848
2948
2400
2189
1083
958
523
2832
848
1030
2404
2691
2923
2025
848
2691
1783
2948
2400
2948
2400
2865
965
2948
1916
1650
2140
2397
1454
1902
1454
2516
405
2948
1765
542
565
565
2863
368
2529
1412
958
1083
1925
298
1197
717
958
33
2616
1860
2628
2366
2516
848
158
422
1039
848
447
2411
515
1579
2770
133
996
848
2948
2724
719
2490
2392
2025
515
2025
2516
233
2732
2948
2400
1179
565
1927
902
346
2774
1642
1574
1279
2495
2195
1608
875
1628
2941
481
519
219
586
631
2453
2127
1920
2628
1574
515
1588
2954
2691
954
1105
1280
2422
2931
2838
2319
2459
1831
1854
2422
2795
211
1105
2640
1283
2459
2640
2247
140
1357
2253
2219
211
1167
1813
2691
2372
2195
848
1588
2954
2691
954
1105
2195
1389
2404
2954
2691
954
2954
1105
1279
1105
974
1084
1091
1407
2368
2103
1620
612
983
76
2642
2756
2625
1658
844
1588
2603
2795
612
191
1733
1627
2603
1576
2341
1257
2383
1860
2795
1611
1888
2663
1821
2795
2948
953
2535
1866
1430
2012
2516
496
958
1523
1055
2127
1215
2915
2795
2516
170
2499
2642
1215
515
2025
2206
728
1550
2724
1079
1642
2394
623
2774
814
1588
1550
382
1375
2459
1164
2948
2331
2795
2962
2638
89
2741
2085
2795
2962
442
2101
595
2628
2459
2631
1550
412
2761
762
1813
605
2085
2795
2962
2704
506
1555
1550
21
2865
114
890
2933
2824
1620
888
1463
2422
608
830
1079
1587
871
450
922
1588
1550
830
1260
2503
1650
2812
2391
623
1222
1646
422
2601
519
848
965
1788
1658
2060
2542
2948
1896
2763
2101
958
2152
958
2763
1018
31
2453
2876
1401
2876
273
1620
38
2876
38
75
2266
819
2599
819
523
2000
1160
722
2876
958
2876
710
2518
1138
2060
2542
1813
1250
2668
1746
848
2518
2392
1887
958
1426
965
1683
1279
2723
481
1256
2948
1516
2723
178
2379
808
2122
2390
2551
2042
958
647
427
2202
1654
2948
827
1588
2691
2731
336
2628
1514
1461
2668
2348
1896
2876
710
2420
2535
31
1866
2732
2206
1008
2516
2174
675
2042
958
1567
1487
965
519
848
1727
1084
2195
2876
2731
74
519
233
2372
1396
2630
1785
1813
1596
660
171
2668
1828
515
2876
2869
371
2876
2042
1365
1658
2948
73
1461
1421
737
2042
523
2480
955
2480
848
958
233
116
519
848
2628
1514
2668
2544
992
1461
2415
523
2480
517
958
2195
2540
2630
1732
2254
2731
74
845
1620
2630
1603
958
2674
2535
2338
916
710
565
1733
2730
824
1620
136
136
2948
2201
848
371
2630
2869
1212
958
136
1184
2835
2876
2309
2148
1436
2411
2453
517
958
2309
1429
2027
2662
517
515
2025
1420
1620
2806
1957
1352
2195
2876
710
2518
2887
1620
2323
2968
2887
1907
1343
2042
443
955
1249
2195
848
1588
2954
2691
954
1105
1222
2865
108
178
2668
2102
1650
2254
1636
2175
1222
2471
2386
2542
2817
2525
21
2309
2300
1588
2525
2419
2781
958
1786
216
507
1783
2795
1388
2413
507
1783
2795
1388
2413
1079
387
349
2691
1783
2691
1783
1887
387
1887
349
1079
1887
1079
1079
387
349
2691
1783
2691
1783
1887
387
1887
349
1079
1887
1079
2896
1746
848
1929
1112
422
1574
266
2668
2457
1222
2051
1574
619
136
1112
157
2391
1112
2195
1426
2060
2542
2585
637
1383
1316
1579
1887
1145
2513
2338
2453
423
1383
2933
2127
848
1626
1149
1004
848
2774
1642
2628
2516
848
158
1407
2723
2447
445
810
1855
2404
2000
2691
2042
1471
1642
2460
965
733
1960
1783
2941
812
2127
2054
2865
1296
1866
2903
1018
2948
1795
1750
2508
1487
1678
2535
2296
2000
1440
2254
1854
2850
418
958
742
1160
2515
1907
958
1904
2518
2516
1579
2206
2946
2174
2792
2404
2000
2691
2042
2516
1201
2795
1750
2057
1678
1201
2795
1750
2442
14
958
2915
14
1678
1678
1182
133
1907
2103
14
924
1125
2453
2369
2948
97
1178
2720
1210
444
1907
1630
2323
666
1201
2101
872
1654
2054
2359
97
1823
1907
2404
2000
2691
2042
1461
1055
1865
345
1620
2657
2219
2453
2079
1647
1201
2603
2874
848
762
1201
2518
14
992
958
742
958
992
1297
343
2981
1297
2508
848
2948
2341
2404
2000
2691
2042
2124
2948
2093
2651
942
2821
2640
1105
1105
1388
1105
2459
1913
2348
2948
2401
958
1916
1737
830
871
425
352
2795
2948
871
2399
2459
2824
2422
709
2052
2321
1907
2466
969
53
2411
2366
1249
358
2154
351
2169
427
892
2837
1070
2446
2170
2920
678
945
2446
1450
1894
21
2928
1671
1494
108
2411
1948
829
2948
814
2601
1627
892
2837
681
1383
1870
965
2254
1055
2627
1690
1411
1768
604
1611
2254
158
158
2601
1070
2837
1259
2668
531
1740
604
1894
2723
2366
158
1855
604
148
158
604
882
158
2668
1080
2446
1450
337
1313
1313
1796
1407
2948
2394
2061
1766
956
134
2744
1698
2937
1407
762
1894
1381
519
2446
524
679
2656
420
2411
2169
2341
1249
2060
2542
230
1866
2656
1084
2243
612
2229
1866
1866
1658
1429
158
1611
829
427
2353
655
2446
2837
615
2446
2516
615
2503
1485
687
2446
1241
2225
1463
220
2744
1080
1280
993
2411
1647
2195
157
2794
515
2411
965
2458
848
2841
10
924
1887
1463
2195
2741
2080
1241
1616
1241
2516
2411
1062
2341
422
139
1642
1841
1470
1642
124
2657
2508
612
983
1110
2290
412
2896
723
2254
273
2087
832
515
2025
2391
2376
1174
2948
328
1642
1478
971
1487
2348
2391
427
848
2227
1363
848
2025
2607
1949
2628
1815
38
1020
2200
2628
38
515
848
1815
38
362
2201
565
874
507
1815
38
2870
523
507
1815
38
2870
523
507
1815
38
2870
523
507
1815
38
2870
523
507
1815
38
2870
523
874
507
1815
38
2870
523
507
1815
38
2870
523
507
1815
38
2870
523
507
1815
38
2870
523
507
1815
38
2870
523
1249
1180
2372
2136
2348
1808
1125
565
1644
848
523
2832
1773
1751
1748
1936
1200
2948
2400
2714
1158
2102
431
1501
459
848
583
2195
1507
1495
421
1596
2955
1949
988
892
848
1425
542
1818
2206
431
2102
848
2195
1815
38
1421
2889
1182
827
988
2516
848
158
2664
422
220
2411
848
2457
1497
1784
2348
2034
1354
1182
1658
974
1813
2050
565
1633
2779
2516
848
1938
709
2749
718
2876
1884
1518
2795
2795
2906
2763
848
2411
2516
2749
1514
2069
1765
2489
2699
2518
848
1013
1703
2518
2896
718
2876
548
2124
2931
1620
1784
2876
548
1733
1784
2876
2931
2981
617
718
2876
133
1620
1887
1786
1887
2489
1973
2457
1407
680
546
680
1786
680
2462
1004
848
2411
992
133
1412
170
337
1633
1319
1187
171
605
848
2948
605
2729
848
444
1633
1765
565
423
1813
133
1363
171
848
765
1445
1313
1765
1504
466
2123
2359
1407
992
65
2124
2795
2410
1909
824
2410
2535
1990
1893
718
2876
2019
2795
1893
2795
1616
216
718
2731
2812
2348
899
718
1369
1423
718
1837
275
1866
2547
718
1363
2359
2795
2962
1156
1985
2348
2338
2410
718
133
2313
2516
631
869
605
1746
848
2948
869
848
515
1487
2391
1846
2609
1354
2411
1765
2575
2127
1588
2691
2518
1866
1866
2359
1866
2518
2391
2391
2918
2391
535
1732
2206
2338
2716
983
2339
983
1019
565
565
2034
2206
1813
1642
1222
2858
1813
30
2726
1434
1660
2359
1461
421
2141
2356
1788
2411
2922
2014
78
2391
1347
1647
2495
2124
2535
1620
2411
1461
1654
2379
2206
2381
1813
2206
2231
2411
2948
1222
2858
1567
2086
2195
2518
2359
21
1222
605
2269
21
983
2391
1660
2359
2359
1062
73
2411
1516
2518
2453
1664
1461
1559
2391
2254
1620
1654
983
893
1620
1654
1421
1055
1654
2948
2254
2359
2948
2195
1588
2954
2691
954
1105
1654
1620
1855
1736
608
2651
942
2691
1866
2721
2876
1654
2254
1620
1699
275
2254
2359
2704
824
2948
2254
1654
2657
1033
2142
133
2254
1654
2948
1620
2657
824
1407
1501
612
2429
2896
2931
2931
2931
2931
263
1620
263
2060
263
2060
1887
1941
387
1887
349
1079
1887
1079
1354
1909
1866
2721
2876
2876
1866
2721
2876
2931
2876
1866
2721
2931
1866
2721
2931
1866
2931
1866
2931
1866
2931
1866
2931
1866
2931
1866
2931
1866
1430
2171
1866
188
1866
1783
1783
1783
2717
1168
1079
1079
1887
1354
1430
1620
1620
2479
2657
2657
1887
2516
848
1642
983
1779
2120
1112
2195
1112
2338
1084
1651
609
2597
1856
565
2290
904
1222
515
1490
2195
1295
2404
2000
2691
2042
169
548
1409
2158
1813
1897
2195
2404
2000
2691
2042
1813
2103
1409
2411
1000
425
2379
1756
1608
2214
2451
1279
1473
2411
2395
2508
519
1112
1130
2025
1112
2655
2603
445
1303
2290
1746
848
1439
2290
2453
1463
2461
1313
1079
2379
2391
1112
1226
2025
1225
171
2724
992
2025
1112
2391
2411
2922
180
1409
2656
2662
1409
1223
2656
2883
2662
1409
1223
2656
1800
2603
2948
1827
1188
2246
2603
2662
1409
2103
180
1604
2662
1409
2865
180
1604
1409
1986
2149
2795
1038
1409
1112
548
25
2763
2411
2948
605
1746
848
2043
2025
1222
1919
2411
2195
848
1588
2691
1568
1757
1896
1568
791
2202
2411
2781
2127
2547
2123
2876
2335
958
782
196
2458
2731
1920
690
1086
324
1373
1239
2442
2292
2731
273
867
994
1567
950
903
2728
2948
1733
1588
2954
2691
954
1105
1746
848
184
2411
2195
1966
65
2756
2124
2630
2657
1497
2683
1837
121
892
1733
2948
2225
2518
1013
507
2948
2546
1620
2630
2413
2691
2751
950
2413
2413
2413
2413
2413
2413
2413
2413
2623
1116
2804
2623
1116
2388
2623
1116
2388
349
1116
2804
2388
2804
2413
2413
2413
2413
2413
2413
2413
2413
2413
2691
2657
2691
2657
2546
2691
2657
2691
2657
879
2691
2657
2691
2657
2691
548
2691
2657
2691
548
2691
1866
2691
1866
2691
1866
548
2691
1866
1013
1013
1013
1013
843
2432
799
1013
843
1047
1869
2518
1479
2910
515
2025
2508
1401
983
2121
1903
1222
438
21
983
2865
2169
2948
2865
209
1247
2644
1995
1337
1550
1620
830
1989
1887
456
2599
2896
2795
337
2348
1203
1550
2804
2948
2453
2508
1112
2656
2545
2804
2674
1051
427
1407
1660
2009
178
322
696
2261
209
2404
2000
2691
2042
209
1809
450
1588
382
2705
1809
450
168
1616
450
1620
1084
1323
1407
2948
2758
2535
2674
1323
1407
2495
699
2411
209
1550
2948
696
1287
1084
2732
663
2628
1514
548
515
2798
1373
1226
2508
1112
422
992
1658
2000
871
2795
2599
1733
960
1809
1051
2535
2674
1498
1620
2114
1620
2535
1051
1620
2535
2674
515
2404
2665
765
884
1588
1057
1417
1588
2691
2151
2151
64
2858
1813
2127
2553
2876
1813
595
64
681
2518
2174
380
1057
884
627
1588
1809
1620
848
2781
2876
1757
2174
380
1057
884
627
1588
1809
1620
848
2781
2876
1757
2518
1761
2379
992
1768
609
2638
1920
404
992
515
1920
1920
992
1027
1007
404
2447
2896
2447
1989
1051
2611
2348
2403
1051
2611
1920
1051
884
2403
609
2638
1989
2348
2403
2611
1920
992
1141
1920
992
2725
1027
2447
2725
1018
971
992
2705
2206
992
2725
609
2638
1027
2447
2725
609
2638
1567
2698
2547
2725
1406
1837
1027
2447
2725
190
2078
1477
1027
1954
108
1855
1406
184
1855
1477
1556
1920
2732
133
1249
133
1897
2411
1027
2447
1954
2586
1163
2948
848
2379
609
2638
2366
609
2638
2461
1556
971
1668
1027
2447
2725
1650
1027
2447
2725
992
2384
1920
2178
46
2403
1920
2698
2725
609
2638
971
1726
1307
971
2725
2447
609
2638
1315
1920
1588
829
971
2725
2447
609
2638
1315
1920
971
2725
609
2638
1588
971
2725
609
2638
2849
1920
2516
1920
158
681
1920
2461
1556
971
2366
2698
1478
2224
1920
158
681
837
1920
412
2729
1698
2391
1978
612
546
2461
903
2948
447
2151
1406
2724
21
1401
1813
1550
1654
1249
2366
2948
605
2948
2665
1027
2447
1406
2400
1477
2518
2359
1406
1406
1654
1588
2224
1341
1920
136
1421
2896
2447
2403
1051
1989
633
862
609
2638
2403
1421
1421
2896
2419
633
1421
1421
2896
2419
1989
1421
1421
2896
2419
862
1421
1421
2896
2447
1989
1051
2611
2348
2403
1051
2611
1920
1051
884
2403
609
2638
1989
2348
2403
2611
1920
1421
1421
2896
2447
929
2403
1051
565
1866
1920
609
2638
2403
1421
1421
2134
929
2403
701
1421
1421
1027
2447
1567
602
1421
1421
2896
2419
602
1421
1421
1027
2447
1567
602
1051
1421
1421
1027
2447
2725
1421
1421
1027
2447
1567
609
2638
1989
2348
2403
2611
1920
602
1421
136
1654
1406
1406
2518
2379
971
992
1222
1249
1887
2411
1896
2542
2180
2101
2892
2411
2118
596
1517
163
2413
2542
2254
2507
2195
2411
2060
2542
1062
2411
2922
1222
1919
1797
1182
2212
2060
2542
2880
826
1401
2507
2195
740
2060
2542
2948
2542
1429
1894
1600
1894
225
2615
2542
546
683
163
892
971
1091
2962
2516
2000
2518
1429
2518
1266
2518
2094
1318
2948
2195
1837
2518
2518
2045
2254
149
1765
805
412
2317
971
2094
2195
2411
1076
2195
2948
2939
2404
1103
1105
892
2962
1588
2691
1896
1389
1757
1389
2623
2226
1375
2691
1866
2962
2516
1809
2962
805
731
2320
1989
1866
1394
971
404
2887
1394
971
158
1989
1470
2359
2927
163
2206
2260
1806
2236
2948
2665
805
2046
171
2193
1220
1863
2480
1421
2907
2682
2668
519
2929
400
985
2254
1813
1421
2946
2807
2837
1696
1698
1642
848
1650
1470
1866
1487
2544
2592
1547
84
2000
2918
2206
2691
2084
848
637
2625
971
1478
717
2141
2512
958
1387
2948
2152
1487
263
1441
1642
1249
1487
1642
263
2948
2865
2372
1228
2094
1813
1813
628
2707
612
273
1273
273
2774
1401
1641
1907
1115
1440
1340
2799
180
1082
2046
1886
2246
2290
1866
2884
1577
1533
929
1082
2755
1082
2529
929
2516
2046
2948
1577
1533
929
565
337
2765
1720
1866
1920
891
1533
929
1533
565
2426
2628
1533
891
2774
1112
1897
2948
2794
1344
1863
2518
2508
1112
312
2518
2366
2195
1866
273
1141
1082
1334
605
1141
273
2467
1462
21
992
2694
2691
2657
2920
1380
2834
848
805
1023
1007
2948
1122
1007
2800
1913
2732
2391
2785
1464
337
2765
1720
1866
1920
891
1533
929
1533
565
2426
2628
1533
891
1464
2948
2694
2404
2025
2920
848
2691
2657
1023
1746
848
2933
1746
848
2516
2826
1868
2978
1249
1843
929
510
565
1421
2628
565
79
674
1533
1313
1533
1679
565
2254
1421
1698
2404
2000
2691
2042
517
1870
1671
1279
304
886
705
1417
1533
674
1954
2070
1608
565
1222
2707
612
2508
2084
848
1887
2955
2605
2597
2542
1718
1082
2656
2597
2542
1718
1856
1082
2597
1839
2658
924
2597
1082
2103
1082
832
612
1406
612
2170
1004
108
2411
1866
2707
2628
1082
1130
2046
789
1022
1920
133
1421
2082
1866
2896
1866
895
2404
1977
672
1472
1401
2404
1977
2142
2649
2404
1977
1866
2962
672
1259
672
1472
2404
1977
1821
1160
2046
1920
612
929
2447
904
922
1112
2834
1658
2411
427
2423
1514
2359
2804
816
2939
612
843
2516
1004
1807
929
419
1082
1616
1240
1079
1495
1866
2691
1866
1440
1051
2691
1440
1051
2423
2405
1401
728
807
2438
2170
1837
2820
1672
2085
1866
605
2886
1368
1406
1795
1024
1257
2046
605
1917
2391
57
721
2084
1746
848
1130
1938
1019
1837
1567
1204
1965
321
2467
1436
1439
259
929
2726
1533
2210
2927
2339
688
2948
271
848
757
1625
1966
1588
2691
2025
2920
848
2691
2657
1896
1757
1757
1757
337
2765
1720
1866
1920
891
1533
929
1533
565
2426
2628
1533
891
631
1866
674
1533
929
2755
891
929
1334
2379
2508
2628
21
770
904
1082
1334
2948
1866
1855
2254
1055
1866
491
1141
1907
1115
1440
73
2404
2000
2691
2042
365
1081
2391
2788
1212
827
612
2295
2948
2664
1821
1514
715
2732
2391
2858
2732
1625
2202
107
1401
1436
1579
612
2295
1813
983
1510
1082
1112
169
1931
1306
1696
2195
2948
2664
2206
2411
2046
1765
363
2068
791
1090
2046
1082
2508
1715
1943
612
1588
1779
2390
2661
182
2668
1514
2691
1866
1440
2804
2691
2657
1440
2804
1877
2232
1440
2254
1648
1440
1877
2718
2411
2834
770
1082
2046
1579
1642
1487
1533
2140
2467
1821
2597
1082
1007
548
1082
548
1082
1082
1495
691
1082
548
1082
1082
2206
344
1514
2864
2000
2131
1514
1071
1866
492
674
1533
929
565
2516
594
2948
463
1112
2508
2885
337
2788
2390
365
1588
2691
1568
1757
1896
1568
992
447
965
815
2391
612
2219
2404
2000
2691
480
708
612
2094
1401
2597
1577
1533
2944
216
1533
674
1533
1249
1334
1866
565
1303
1249
1843
2518
2467
1533
2140
2467
2467
2518
1533
876
1533
2374
216
2374
1533
2626
1533
876
1082
57
1533
2704
2948
1344
2651
942
1567
1533
2341
278
2467
2321
98
2391
2351
1112
2060
21
2060
2542
1696
856
1644
1112
473
2453
2948
1222
1226
1696
97
1226
2411
2896
2123
1660
1947
2896
2123
1660
1947
848
2896
1947
1660
1947
2896
1947
1660
1947
848
2931
1620
1660
1947
2852
1866
1226
331
352
1660
1947
848
1633
2530
827
1845
404
2657
2657
2657
2852
2529
1947
1740
2123
848
872
2865
1823
2411
1841
2896
1746
848
1642
2118
2411
515
431
2411
2365
958
2341
2518
2682
2411
1113
1112
422
1110
2000
2365
958
2954
1013
2691
1783
1013
2691
1783
2419
1013
2691
1783
1013
2691
1783
2691
1866
2721
2691
1866
2721
2691
1866
2721
74
2691
1866
2721
867
2691
1430
2691
1430
2691
1430
2456
2691
1866
2721
2123
2691
1866
2721
2123
2691
1866
2721
2123
698
824
1798
848
1228
2518
848
2334
1930
1676
1676
1930
1930
1051
1947
1930
612
843
1765
848
1212
2348
2403
1947
2456
2795
2795
72
2254
2365
1620
133
2795
2368
1676
1080
1055
2795
2123
2123
1620
2795
450
2516
2365
1620
1676
1930
2795
450
848
1907
2795
2123
2123
2795
450
2516
2365
1620
1907
1676
1930
2795
450
2795
1930
2365
1620
133
450
2795
2368
1055
2795
2123
2123
2795
450
2365
1620
153
2795
1930
2254
2365
1620
133
2795
2368
1676
1080
1055
2795
2123
2123
2795
450
2516
2036
2365
1620
1676
1930
2795
450
2599
72
133
2795
2795
2795
72
2795
2123
2123
2795
450
2516
2036
2365
1620
1676
1930
2795
450
2795
1930
2795
2518
1696
2848
2721
1621
2084
25
2931
848
30
1588
2691
1568
1757
1896
2848
1182
2219
2518
1863
1970
992
65
2018
2206
2195
1660
1268
2025
1262
733
2887
1866
848
1284
2518
1262
2897
774
773
733
2920
1808
1112
655
1808
1866
1342
513
1268
2025
2580
1268
1199
2518
2025
2518
2390
2394
1642
848
1262
2518
733
1462
1383
2896
1866
2828
2613
801
1975
1494
2948
2714
2928
2615
721
1714
2379
1586
1621
1434
945
2848
97
193
737
1279
2014
1112
1248
1596
2055
1434
2948
2865
924
1468
2804
2547
2799
2731
2651
2848
2876
988
2123
988
654
2206
2070
322
1434
837
2804
1930
2651
2948
163
2848
2731
1363
180
2848
2769
2391
2195
157
2025
965
733
924
2848
681
988
1725
1070
30
1222
271
2518
1868
767
2804
1994
322
2139
2732
163
2848
988
623
879
2050
2651
1948
2774
2195
289
1733
213
929
163
1079
322
1434
623
2516
1551
945
2848
988
322
523
1994
1434
2774
994
2662
1866
1620
422
2933
2541
1226
2804
2948
163
2848
2691
1866
2721
2721
811
2848
1498
2051
1375
220
232
988
1579
1112
2848
988
1639
2948
946
2576
994
988
2948
1664
1463
2014
1642
924
1112
565
1112
1879
1112
2453
1112
1625
1112
2379
546
2732
1312
2409
2848
2848
997
873
2726
232
1424
818
1375
988
1158
1733
929
2294
1260
1436
2518
992
1625
2335
100
988
2118
1857
381
136
30
1249
1588
2954
2691
954
1105
2379
2094
84
2411
2726
328
2656
677
2612
2195
1621
184
1037
677
2411
2055
2948
1813
2781
1158
2349
565
1856
2848
232
1218
1182
1260
133
848
2731
1363
2176
827
2804
1284
133
2483
1284
232
988
2948
2931
1112
2918
1866
1401
848
1112
2094
1070
848
2948
2061
2453
1698
1112
2195
1222
1226
708
1112
2195
2070
1620
2411
1112
1620
1144
163
1162
2925
1203
827
1909
211
515
2933
1813
279
1361
2705
992
812
2518
1062
515
2034
1746
1579
479
1222
1919
872
1579
2379
133
965
2518
848
1019
1158
515
2755
2518
2411
2625
1112
2195
2379
528
1112
882
2755
1822
1222
2794
318
2411
2379
848
827
2411
1136
2017
450
958
1426
971
1222
1468
107
2391
590
515
2579
733
139
848
827
2025
2704
691
515
2508
1112
677
2411
2508
1112
1491
848
2516
1746
848
158
2741
2348
2795
1866
2348
1024
1907
2195
1899
770
1880
2691
802
2723
2948
133
2681
2723
126
1588
2691
2723
1650
2460
422
515
1588
2954
2691
954
1105
2849
777
1894
2948
2254
1813
1671
1094
2605
2691
2837
1288
2518
2691
2837
1588
21
2159
1894
143
1001
1055
2518
2379
2948
2697
837
2691
2359
2386
1019
2857
2254
1626
1440
1351
1463
2691
2359
2820
983
2820
1094
2371
54
2691
2952
1677
1677
2391
2008
1516
2941
2691
2359
1417
2691
2359
2958
2386
2691
2359
2623
2367
1582
2623
2367
380
983
380
2623
2367
2615
983
2615
2623
2367
2570
2359
2623
2367
558
1055
2413
900
1284
2886
2886
1808
2386
1585
523
2691
2359
2691
2359
2958
2386
2691
2359
2623
2367
1582
2623
2367
380
983
380
2623
2367
2615
983
2615
2623
2367
2570
2359
2623
2367
558
1055
2413
900
1284
2886
2886
1808
2386
523
2691
2359
2691
2359
2958
2386
2623
2367
1582
2623
2367
380
983
380
2623
2367
2615
983
2615
2623
2367
2570
2359
2623
2367
558
1055
2413
900
1284
2886
2886
1808
2386
2254
523
1401
523
2691
2359
2958
2386
2820
983
2820
1094
2371
54
2691
2952
1677
1677
2623
2367
1582
2623
2367
380
983
380
2623
2367
2615
983
2615
2623
2367
2570
2359
2623
2367
558
1055
2413
900
1284
2886
2886
1808
2386
523
2691
2359
2691
2359
2691
2359
2820
983
2820
1094
2371
54
2691
2952
1677
1677
2958
2386
2691
2359
2820
983
2820
1094
2371
54
2691
2952
1677
1677
2623
2367
1582
2623
2367
380
983
380
2623
2367
2615
983
2615
2623
2367
2570
2359
2623
2367
558
1055
2413
900
1284
2886
2886
1808
2386
546
1837
322
2202
1813
2820
983
2820
1094
2371
54
2691
2952
1677
1677
829
2915
619
136
515
2896
848
1929
1112
2948
2195
1819
1698
2174
2665
698
2404
2691
2665
2404
2000
2691
2042
2404
1409
1580
2150
2070
2948
385
2665
698
2954
2780
1765
2954
2665
2404
2025
2948
2794
1268
2732
1112
2404
2691
2665
1112
1516
2665
698
1105
1082
2025
1458
1105
1620
2660
1105
2492
2880
2404
1409
1580
2150
2070
2094
1580
2150
246
1647
1112
157
2391
2174
2674
2665
698
2404
2691
2665
2665
698
681
2404
2691
2665
1112
2569
660
2820
2668
1061
1002
1740
1795
2495
2009
1160
719
2054
2518
1616
2518
1740
337
2520
2570
2952
1896
1886
2656
1822
2174
2665
698
2404
2691
2665
2404
1409
1580
2150
2070
2948
385
2665
698
2954
2780
1765
2954
2665
2404
2025
2948
2794
1268
2732
1112
2404
2691
2665
1112
1516
2665
698
1105
1082
2025
1458
1105
1620
2660
1105
2492
2880
2404
1409
1580
2150
2070
1222
2896
438
1746
1579
1380
2411
2834
1487
572
2516
848
1956
991
1112
2149
636
2322
935
1430
1783
2391
1900
2948
2254
990
2322
38
2127
1783
1462
337
100
2745
2348
1652
72
2745
2322
2379
677
2668
2532
2195
1222
2378
2391
2404
57
2599
2219
1969
786
1899
1696
268
298
2637
1813
1963
774
1249
2025
65
1579
1388
1579
2691
1783
450
1620
1112
157
1579
2770
2391
515
2025
1401
2732
2755
1279
1514
2453
1866
803
777
2518
2359
1055
2518
1813
1055
1866
2644
2140
2359
1866
2644
2140
2909
958
2774
2060
2542
2039
957
1813
1461
672
2403
2691
1654
1920
1421
2359
1421
1654
1654
1920
1421
1055
1421
1654
672
2379
1303
1783
1495
565
2771
1297
1839
820
1650
269
1079
1773
992
2190
1583
1715
869
321
349
1079
309
869
571
2623
796
714
2804
571
236
1204
1204
1204
689
172
1371
689
172
1079
1887
349
1079
1887
1079
869
321
349
1079
309
869
571
2623
796
714
2804
571
236
1204
1204
1204
689
172
1371
689
172
1079
1887
349
1079
1887
1079
869
321
349
1079
309
869
571
2623
796
714
2804
571
236
1204
1204
1204
689
172
1371
689
172
1079
1887
349
1079
1887
1079
869
321
349
1079
309
869
571
2623
796
714
2804
571
236
1204
1204
1204
689
172
1371
689
172
1079
1887
349
1079
1887
1079
349
1079
2623
2804
2623
1371
2623
2623
2482
2623
2482
2482
2623
2623
2384
689
172
2413
689
172
2413
689
172
971
2594
689
172
971
1887
689
172
1079
1887
349
1079
1887
1079
1866
1229
46
236
349
1079
309
869
46
895
349
46
236
2804
869
342
2482
1887
342
1052
342
1229
869
321
349
1079
309
869
571
2623
796
714
2804
571
236
1204
1204
1204
387
1887
349
1079
1887
1079
2795
1229
349
1079
1729
2804
1729
1733
2413
1041
2413
1733
2482
2413
2413
1733
2623
1783
2623
1783
2623
1783
1887
387
387
1887
349
1079
1887
1079
1229
46
236
349
1079
309
869
46
895
349
46
236
2804
869
349
1553
929
349
1553
163
2482
349
1553
929
2623
1783
1887
349
1079
1887
1079
1229
869
321
349
1079
309
869
571
2623
796
714
2804
2411
2140
2644
216
565
2276
2241
1821
565
2672
843
869
1866
1477
2765
843
2644
2651
942
2933
521
2852
2140
2906
2604
1783
2745
548
843
2745
2644
843
2644
678
548
2745
1783
2599
1813
2749
843
1423
2101
2745
843
2745
2656
631
608
1505
2268
2668
630
1182
2852
1495
191
2745
1130
2604
2795
1630
1297
2745
2644
820
1839
2379
2948
515
2391
837
645
1461
2359
1761
2662
596
1866
369
2411
981
353
2404
2000
2691
2042
546
2411
630
2399
369
2369
2948
2664
1062
1273
515
921
1432
709
2195
618
1222
1226
2404
2000
2691
2042
1586
2000
2691
2042
2503
515
1650
1633
924
2852
1866
2039
2933
2206
1813
21
2928
1711
1007
1625
2195
2119
1837
97
612
843
1813
1477
2691
2053
843
2144
2948
72
188
843
2140
1477
1672
803
11
971
1672
1477
2691
2657
1477
843
2140
929
1672
803
11
971
1672
1477
2691
2657
1477
843
1073
1843
1807
929
1082
1866
843
1883
1082
2691
2053
843
1620
1866
2605
843
2865
1222
1588
2691
843
1423
2101
843
2656
843
1423
2101
2745
843
2745
2656
843
1423
2101
843
2656
843
1620
1866
2403
2656
843
172
843
843
2265
1550
843
2542
1588
843
2265
1550
170
843
1626
1630
843
2691
209
209
2605
843
2054
1813
843
427
1485
1936
879
843
2688
2781
843
2717
2656
843
776
2656
1848
1597
843
2528
2890
2656
843
2691
209
209
2656
843
209
2542
1588
209
843
2060
2043
1588
2525
843
55
983
2615
1788
1588
843
2656
1407
1388
1249
2140
929
1860
303
1860
303
213
2738
1137
2691
2053
2691
2657
2691
2657
2691
2657
1887
1868
1909
2615
1887
387
387
1887
349
1079
1887
1079
843
2516
1004
1807
929
419
1082
843
1620
1866
2403
248
843
2644
843
2745
2644
843
2644
843
2717
2644
843
1678
2886
2524
2644
843
1620
1866
2403
2644
1260
2141
2214
696
696
1079
2423
1024
2094
1495
1079
2838
565
2852
2852
2458
1495
2458
992
2700
1079
1773
1866
2644
2852
1495
2745
2730
565
2411
1596
921
992
515
924
2391
2511
1004
1588
2691
567
191
1639
1868
1616
2626
1239
1495
76
2127
2084
1866
1495
827
2723
2948
2400
1070
21
1401
2503
1401
848
882
275
929
1495
1866
929
2716
2518
2563
2563
2359
2563
1055
1866
2563
2359
2518
1620
612
914
1783
2101
507
2716
452
1866
2413
1783
992
2567
2691
2781
2691
2896
2691
1866
2691
1866
2691
1866
2691
1887
1354
2367
2691
2781
2623
2780
2780
2623
1328
1323
2623
1328
2623
1328
2623
1328
2623
2691
1866
2691
1866
2691
1866
2516
2729
213
1746
1579
2086
2518
992
1746
1579
2837
827
671
2774
2895
285
1579
808
448
903
1579
2204
657
1746
848
2599
1934
765
1210
1650
1887
1080
629
651
34
2518
1184
2518
2745
1013
2691
1783
2745
2939
2518
27
2070
2518
2518
27
1712
2348
1733
963
2518
2348
1733
963
895
1733
133
565
832
2518
27
895
895
107
895
895
895
2518
2369
1821
895
496
895
827
1783
586
1783
1567
2174
390
1852
216
1733
133
963
2745
2348
1421
2254
974
2864
1852
216
2948
2254
701
1733
133
963
1421
139
877
2968
1852
216
2865
2206
564
2255
1852
216
1421
2348
1652
72
1044
664
1866
1759
2663
1044
664
2257
1852
216
2228
1866
2981
1866
2348
1206
1866
979
963
2745
1373
1357
1733
133
1866
39
1852
216
565
979
1733
133
963
2281
1733
133
662
719
2820
2348
2967
1866
612
1491
1412
612
1047
1733
450
1189
1727
191
1733
133
2915
2348
612
2392
992
2321
2560
515
298
1509
1929
1746
1579
1112
2391
886
343
2915
1388
1222
890
2070
2081
958
765
1596
2293
163
958
2763
2572
2318
1795
2206
2390
568
1886
1926
2359
1055
2631
147
1365
1456
2081
1055
2779
848
565
2359
1304
2034
1648
866
2182
2965
992
1069
2359
2318
423
2372
1461
1222
2154
848
2948
1625
848
765
1244
2453
1788
2461
487
1200
2518
1116
1596
347
848
1813
805
2046
2732
1550
2981
397
1866
2852
2344
2070
2876
383
2701
1868
2948
2299
431
1740
2735
1658
1788
2732
1401
457
848
880
565
1222
2508
2724
2152
1550
2535
2348
1226
830
21
1550
1989
450
958
765
830
1765
830
1620
1340
74
233
2530
2948
2046
1004
765
958
1666
1055
2068
2101
2967
2530
2359
2068
2795
2535
2948
1586
1887
1487
848
636
411
1376
1487
848
848
848
2544
2197
2409
2948
1674
2411
1550
1620
830
1620
830
1429
450
871
1620
678
2635
830
2461
1718
924
450
1620
196
1083
1620
1132
1282
742
2530
2535
1630
1827
2348
1550
1182
678
1620
1831
1516
2535
2628
1602
1620
128
2530
1635
1596
431
427
2411
1633
848
1280
848
1827
724
2120
1827
2140
1190
1827
2535
848
1831
1527
848
1596
1626
1866
946
879
848
946
879
848
2876
2682
2101
2464
1620
160
699
958
848
400
2876
516
2876
848
1543
2647
1596
1626
548
2046
548
1550
2535
400
2876
826
1976
516
2876
2535
1144
1620
843
1507
716
1079
1507
958
2151
1079
1507
1795
2800
1827
2010
2530
2948
890
1596
1887
946
305
848
2876
958
1813
724
1866
2876
1920
25
2876
1920
25
958
1423
724
1866
1813
2876
1920
236
160
305
2800
946
879
850
2931
305
400
2876
724
1866
1486
1550
2535
1280
548
2931
2392
958
516
2876
516
1620
2915
516
2876
1620
2515
400
2876
666
1280
2704
958
2915
659
516
2876
724
1866
1813
2254
1620
2010
1282
347
804
2101
236
160
946
879
2254
2334
1671
2545
717
958
400
2876
1144
1827
946
879
2346
133
958
400
2876
1144
2346
680
133
934
400
2876
516
2876
110
400
2876
2839
958
516
2876
2839
958
1516
2046
2628
848
519
2876
2869
2029
2113
850
1084
958
2535
2018
1821
2535
2660
958
1813
2530
2665
958
1826
108
1596
2731
2131
2876
2869
2113
1421
2029
2440
1462
2948
2282
848
1813
2628
1401
1627
1538
2390
1017
2219
2948
2508
2628
848
1401
2219
1765
1401
848
2770
1143
546
687
2254
2254
1620
830
992
2896
2227
1320
1857
2334
1040
2535
2152
958
2704
848
1461
1421
958
2838
2535
2966
565
958
2501
2530
1516
73
2896
1202
2411
531
2460
1113
2948
827
2792
988
2933
848
1813
1696
1249
1887
1866
1180
1650
21
21
958
2010
666
1643
848
2034
2876
1055
1055
1024
1388
872
1866
958
41
2876
2411
565
2689
1101
2876
934
2012
724
167
2763
848
2948
2948
727
2390
2409
2153
1579
1856
680
1003
2572
848
1395
2390
2366
1112
2558
1788
2391
2508
97
400
2639
2356
1914
1434
566
2206
2034
1678
1003
423
762
236
565
2876
958
786
2010
2535
1125
992
2945
2876
423
2334
1271
2530
1642
958
2334
2341
1827
2530
2019
1035
1857
854
1922
958
1095
2876
565
2609
1857
2535
958
1660
73
848
1813
565
617
958
837
1079
1507
2609
2876
1119
837
1055
1055
2034
1055
2948
2821
2535
2101
1516
2948
1830
2674
2535
1079
346
717
958
848
2530
2101
2070
2777
1516
698
1866
1497
848
1055
1358
848
2034
1024
2236
1320
2948
1866
696
2268
2101
1125
2757
958
217
487
1231
2101
298
1827
2535
1793
2268
872
960
2404
2615
2866
2202
2306
393
2801
2928
848
2404
2000
2042
2774
1457
1903
1579
1887
1388
2508
1024
1388
1579
1024
1388
965
1304
666
1827
1671
1004
848
886
2508
1024
203
586
1055
2359
2631
765
848
1626
1903
1457
550
2548
1579
1887
1388
1004
848
1388
1055
2359
736
586
1660
965
1588
2049
1060
2335
624
965
965
2572
848
848
1620
1132
716
1507
2516
516
1222
1069
2461
2127
2631
848
765
1813
2359
1055
668
2111
958
1136
193
737
2070
2081
958
2515
1550
2530
1827
1793
2383
343
1004
1516
2101
1550
2530
1625
848
1550
1401
400
2876
516
2876
2154
848
2366
2915
2448
1983
2359
1055
519
1752
2886
1024
2948
830
1226
1225
1827
2535
1501
1231
1827
2535
74
2704
2010
958
2599
2967
2530
2530
2516
958
2535
753
1827
321
2674
1055
631
2535
2795
1095
2516
1740
1795
992
768
1434
1788
882
2967
200
2530
958
2537
565
261
1203
848
1550
2443
2379
2656
1823
848
2697
2530
1813
2795
961
2599
780
2800
180
569
1813
2599
2887
2795
2530
416
2795
180
343
1838
2948
1222
2664
848
1837
1625
848
1304
2034
1813
965
1827
1231
2535
1793
1399
519
438
848
261
2409
2518
38
848
2551
2404
2000
2691
2042
1420
1202
1231
74
415
848
886
1461
2494
2876
1055
1312
565
1401
1866
1550
2530
1116
1596
1401
2453
1812
2530
717
958
2931
1976
1312
1526
848
1650
2800
796
2068
1430
2131
431
844
2668
1788
65
2876
2572
2206
2148
2772
2749
1144
2701
2069
2668
2518
2293
163
958
2852
569
1633
120
1962
1660
1071
1912
431
2530
2865
1144
780
2271
431
1156
866
120
2411
958
400
2876
2530
565
2103
1550
617
826
516
516
2876
2530
617
958
516
2876
400
2876
516
2876
110
1680
2572
1527
992
1507
2127
2545
617
958
104
2248
1434
1528
1260
350
2334
1040
2535
1169
958
2151
2530
977
958
1527
809
2530
2372
2010
956
992
2896
1725
1487
848
2227
2718
2411
2965
1434
1716
1144
958
848
2390
1725
1866
848
1841
1813
74
233
2530
2948
2046
1004
765
958
1666
1055
2068
2101
2967
2411
73
311
2334
1024
1388
848
1616
2334
2254
1813
2508
1919
958
1359
2530
1813
768
857
2530
1527
1359
958
2876
2530
1440
2153
565
1559
958
2876
2530
2615
854
2568
1039
1793
2547
1265
2535
565
1527
2648
824
1130
1700
2410
1827
2535
45
2628
1231
74
2948
848
1313
2933
2535
1993
2795
2359
1813
2359
2534
2404
2000
2691
2042
1866
1678
163
2611
1993
14
2611
1827
364
1759
2804
1868
2599
2254
2804
1004
1421
765
613
2804
992
765
1429
871
871
992
2876
2535
871
2876
517
1375
1588
2691
2480
719
1024
1388
1279
2041
1602
1620
958
1602
2535
201
2530
314
2516
247
2127
1550
830
2572
1120
2730
958
2599
1827
1135
2530
2766
2206
1008
2359
1055
2359
2318
992
666
2372
848
519
2572
848
872
1660
1703
719
2886
837
1231
1827
2535
74
400
2876
1461
2503
180
2530
958
601
1827
2535
824
38
2530
1527
2508
2924
1112
2518
2411
2508
1746
848
880
1887
1746
1579
2195
157
2506
1374
41
133
2290
507
2820
1866
1166
1374
2103
1239
1455
1353
1383
1951
247
542
1642
992
412
2009
178
2404
2000
1642
2948
1322
107
1355
1642
965
422
1660
654
2411
605
1746
848
1226
1746
848
2933
848
2107
1813
1650
1112
2390
2516
1740
1579
850
2458
2195
766
636
2095
2802
492
2770
1248
1735
2095
1650
733
965
733
1436
1860
1813
2039
2375
2780
2518
843
843
1264
843
843
147
843
2133
147
843
2348
147
843
2519
2723
147
843
147
843
1866
147
843
2657
147
843
2745
2095
147
843
2095
147
843
2657
147
843
2657
147
843
2596
147
843
1480
147
843
1550
147
843
147
843
2542
147
843
1746
1579
147
843
209
2716
843
1588
2095
2723
843
1808
2446
843
983
971
843
843
2691
843
843
1887
1808
843
1401
843
843
523
1994
848
1870
843
1434
848
1870
843
2290
1870
843
2060
843
2446
843
843
2060
2525
843
2060
2542
843
228
1579
843
228
848
1550
843
801
843
843
733
2716
843
843
2528
565
843
1386
2623
843
523
843
1407
1388
1137
2803
1200
209
992
108
604
1200
2691
209
2446
965
992
579
2691
1746
1579
1808
1579
965
965
1588
2049
1060
2335
2865
2518
2094
1746
1579
1200
733
608
2518
2780
2691
1746
1579
965
965
2205
2528
1383
1746
1579
965
1579
1808
1746
1579
965
1808
1746
1579
965
424
1383
1678
21
2518
2628
733
2552
927
965
1714
733
2541
1161
2094
1783
2458
1062
2770
1481
138
2095
1144
2495
1365
2570
209
1134
2540
733
733
1134
310
1808
848
427
2516
405
1278
2219
2661
2518
2206
2834
1857
1733
213
213
1733
2934
577
2570
2095
2857
140
2723
2141
1530
922
1733
2570
213
1429
2206
2518
138
828
2726
1501
848
1112
157
2391
1579
2770
681
848
2948
2774
1866
1642
2516
848
158
1222
740
2111
1024
2928
2195
1588
2954
2691
954
1105
2790
2966
2134
2875
2730
2134
1960
1733
57
2731
827
848
845
1105
2404
2954
2691
954
2954
1105
1112
2094
1746
848
1130
132
1489
2652
2483
2948
213
554
1746
848
2195
2668
1112
1746
848
2948
1560
479
683
515
1105
2404
2954
848
2628
1642
422
2732
2228
492
435
1642
2516
1579
447
422
2290
139
1180
1222
1919
2948
269
848
2411
2060
2542
151
2542
2522
2723
220
2745
2439
2723
2348
2594
958
220
1735
2702
1348
1633
1813
2745
2730
2480
268
382
1588
2691
1827
2535
191
1738
431
955
1018
2254
2030
2731
266
1497
1049
1771
1407
191
2530
2723
337
1866
523
1041
958
965
733
1899
1678
733
476
1601
801
1887
596
1788
2656
188
2085
965
2060
476
1809
1808
476
1808
476
32
612
1808
476
1809
1808
2516
965
2404
2780
2691
2335
2691
2691
965
1765
2060
172
1989
1487
1269
2395
983
2341
2102
1455
2886
2781
485
2923
1588
960
2801
372
2351
1477
2045
2254
2948
2518
1477
1477
2518
1608
2948
848
2351
1084
897
2896
2447
378
2781
2923
1624
2176
1491
1942
613
1696
1431
1654
2202
2174
619
136
2338
2865
546
2867
73
837
1417
2411
2206
2008
2140
1740
1055
1417
2102
2723
1588
2691
2723
2867
1618
1429
73
422
515
1588
2954
2691
954
1105
74
1415
824
990
939
1620
1862
2152
872
133
595
1588
2954
2691
954
1105
2579
965
422
139
1642
1650
1642
992
136
2928
681
2508
1746
848
2332
2948
605
1746
848
1900
2581
2206
1803
1185
178
2390
1965
321
1813
548
2127
805
1866
1473
158
1746
848
1863
1184
827
2214
2605
1866
2795
1866
1633
1013
1079
1303
72
1866
1866
548
1079
1824
1866
2254
1866
188
1007
1316
992
1354
2411
1323
1707
1797
2411
2195
236
1866
2656
483
2795
1615
837
1866
2804
158
2439
2756
832
2021
2628
133
1866
2656
2804
1142
2290
1866
2567
1866
2290
436
2638
1450
17
2232
2488
2717
1783
236
216
565
1946
236
1866
2656
217
2795
2518
1866
1266
1424
1866
1051
2577
1671
1866
1051
1866
2577
1671
2518
1062
1866
1318
1266
2531
2290
577
1866
1450
2290
17
1487
1866
133
2948
577
2804
1866
427
1266
1279
178
1774
2046
548
2717
1783
805
2404
2000
2691
2042
548
1105
1816
992
1813
2954
402
1430
1887
848
2518
1105
1816
1226
2518
548
2804
2167
1512
2127
1381
1013
2411
1866
2338
2567
836
2656
2540
2717
1130
1783
57
2605
1866
427
1866
1055
2691
1866
1866
1866
2691
1866
1866
1866
2691
1866
1866
548
1182
1965
321
2290
435
2341
2411
1912
1212
2228
1679
1664
1866
1977
2638
1866
1450
2290
2475
548
2804
1868
1498
1226
1506
2948
1450
548
2804
1498
1112
837
2723
2689
893
2348
2025
1765
523
2668
619
136
2174
1623
2865
1343
1588
2691
375
581
1588
2691
619
1053
1620
850
2914
2060
2542
2341
958
2915
862
2880
2515
565
2379
2206
2231
1487
1241
1269
409
2206
780
1252
2876
2530
770
958
657
1949
2876
1119
515
2948
1222
605
2399
2876
2730
2668
1949
2876
38
1866
1252
2730
958
2948
1949
1949
2876
38
1866
770
740
1412
2508
1887
2570
2948
108
1813
2348
2605
2795
2795
548
693
2691
693
693
2691
2348
2795
2795
693
816
1357
1483
971
236
2981
79
1467
1498
2981
971
2338
2671
1079
194
2795
693
2948
2896
1965
321
247
1856
971
2896
2795
1813
2570
848
2726
64
693
2369
816
2107
780
1516
1958
2948
654
848
1529
1516
2795
1386
65
291
1579
765
1567
1507
2369
1239
2101
1565
2948
353
92
2107
16
1128
2411
894
2674
1907
170
337
2404
2000
2691
2042
1616
1887
648
1279
1112
2516
2083
1418
565
2935
1929
1112
740
1603
2260
1806
648
2094
848
2107
295
307
980
2148
994
722
2763
930
2931
1896
515
2025
65
689
523
2857
1007
2623
2688
1671
2685
2554
1085
1007
1627
2691
1866
2688
1729
523
1007
2504
2688
1671
2685
2857
2937
2367
2688
1671
2685
1932
1085
2937
1627
1007
349
46
2688
1671
2685
523
1029
1907
427
2937
296
2335
2528
38
1085
257
2870
1351
2654
1085
2654
2348
2403
2795
2124
1085
2654
2174
1920
26
445
1085
2654
1920
2124
1085
2654
2124
2103
824
1085
895
427
2065
2833
2948
1125
2065
2833
2201
1354
1182
565
640
2065
2833
2948
1642
523
444
107
515
1222
1407
517
2060
2542
151
2542
2948
1813
867
2123
1793
867
2123
608
2530
2763
974
525
2763
994
1880
72
2348
2876
1518
867
2123
266
2348
1062
2123
1130
2508
2259
2774
965
623
422
1222
2329
2070
2268
780
2865
2453
2795
1068
2306
1588
1068
1068
2019
32
1855
1920
188
1920
2596
2019
2795
1068
2306
1588
1068
1068
2019
32
1855
1920
1920
188
2019
2732
2516
2513
111
2948
2876
1157
481
73
2025
1070
1910
1487
2691
770
2206
780
111
1203
1407
2195
349
1893
2804
666
2341
391
2691
1866
349
2781
2804
2623
615
1690
2623
615
1690
2060
1690
2060
1690
2623
615
1690
2623
615
1690
2623
615
1690
2623
615
1690
2623
615
1690
2623
615
1690
2920
1690
2920
1690
879
2920
1690
879
2623
615
971
2623
615
971
2623
615
971
111
2623
615
971
111
1690
1137
2623
615
1887
2623
615
1887
2952
2804
2952
1011
1011
2623
615
1137
2623
615
2623
615
2623
615
2615
2623
615
1137
2623
615
1137
2623
615
2623
615
2881
1588
971
188
2623
615
460
188
2881
1588
971
2881
1588
971
2881
1588
971
2881
1137
2881
2881
2881
1137
2881
717
2881
1137
2881
1783
2881
2881
2881
2615
2881
1887
2881
387
2881
387
1887
349
1079
1887
1079
2668
992
1222
2195
2195
1588
2954
2691
954
1105
932
2948
515
2174
2674
2665
698
2404
2691
2665
1875
666
958
2876
2876
89
2691
209
2515
1788
1866
1401
1633
1222
133
1866
1401
1734
1866
1588
2691
2224
2920
2886
2123
1603
1827
2123
2530
211
2228
2530
2027
958
2365
1588
2691
1827
2535
191
2480
883
971
2656
1588
2691
2359
1620
1866
1857
2657
582
2897
1588
2691
1601
2886
1601
2886
1541
821
2153
1374
1866
195
658
62
1588
2691
2124
214
2553
2480
2480
1783
184
2095
974
2046
1588
2691
2255
245
2480
2101
2322
38
1920
1757
1920
1757
1920
2745
2745
1757
1920
1757
1920
1757
1920
1757
597
1550
2399
696
1495
172
672
1588
2224
1341
2691
1859
1866
2948
1875
2549
2195
2404
2000
2691
2042
1021
1144
2657
1344
965
2664
2174
2674
2665
698
2404
2691
2665
1354
2691
2862
1615
2518
46
964
1620
41
964
1620
2948
1414
1051
1051
2359
964
1620
1051
1051
1930
2518
1279
2948
1414
337
2668
41
1421
622
2804
1498
1051
2257
133
1421
2359
2359
2948
2896
2665
698
2195
848
2174
2665
698
2404
2691
2665
2257
191
622
701
2404
2000
2691
2042
2697
2948
385
2665
698
2954
2780
1765
2954
2665
2404
2025
2948
2794
1268
2732
1112
2404
2691
2665
1112
1516
2665
698
1105
1082
2025
1458
1105
1620
2660
1105
2492
2880
2257
191
622
701
681
2665
698
2954
905
1222
2794
2404
2691
2665
1249
1938
2975
2746
2896
1567
848
903
1746
1579
1380
1407
884
848
992
1567
376
1112
319
2411
837
848
2969
2195
1819
1698
1112
157
2391
1389
827
872
1621
602
1638
1981
1638
1480
38
602
1638
2348
2933
2971
2046
2046
64
2948
2518
2313
2359
1055
2518
515
1389
519
1304
1579
613
1650
204
2695
548
1866
2896
30
1495
1866
965
548
1866
163
2731
1495
1866
965
548
1866
2664
1584
1190
1696
2731
1495
1866
548
1866
2896
30
163
2731
1495
1866
1385
965
548
1866
2664
107
1190
2731
1888
1696
2908
1821
1760
983
1491
1696
2731
1920
1584
717
749
1760
983
2749
749
2256
1696
2731
1920
2749
749
1166
983
1584
749
2522
488
1323
1866
1037
388
2195
1389
2404
2954
2691
954
2954
1105
2391
923
399
2195
2902
1658
2195
157
2123
1225
2411
1354
1942
492
2876
816
2876
548
2527
1633
2518
1942
548
1340
1942
1620
1062
337
2876
212
135
1856
2228
1866
2852
2731
212
1866
523
2527
1942
548
2861
135
1841
215
1942
492
837
2824
133
2876
1813
1286
2876
265
2876
135
1942
492
2876
2948
2861
1049
2832
1929
1112
1112
290
1907
492
2604
2662
2691
1866
2721
2876
1520
2290
696
2876
845
1903
2731
1062
2741
2941
837
1079
1507
848
1340
2716
1794
584
1841
2896
848
1182
2733
994
793
2290
2763
1660
213
2506
254
1746
1579
1841
271
1746
405
185
2516
404
2928
1975
2657
1746
1579
271
2691
2657
719
2820
2691
1866
2721
427
719
945
2731
2876
2691
1866
2721
1783
719
837
2731
2123
2410
2876
2691
1866
2721
1783
719
945
2535
2403
1678
2731
2410
2410
2691
1866
2721
1783
719
2876
522
958
2691
1866
2721
2876
1866
719
2113
38
2691
1866
2721
2876
1866
719
2876
522
958
2691
1866
2721
2876
1866
2333
952
1760
983
2731
1920
1696
2391
2206
1746
848
1182
404
2928
2506
2014
2928
1975
2915
97
1375
528
1087
2527
1660
848
880
780
1420
2453
1062
2195
2651
848
765
2013
2195
170
337
1260
1487
2025
1538
1504
1765
980
1344
2321
719
2820
1049
522
958
2845
1639
1
2804
1639
1049
2545
1084
2005
519
848
1200
1616
565
2214
827
717
1620
862
2141
135
2731
2391
400
1608
2451
298
746
719
837
2731
2876
843
2876
719
2113
38
843
2876
719
2113
38
2407
1245
133
2876
1007
1304
2508
1304
983
2872
2163
848
1200
848
1365
848
1520
848
780
668
1095
808
298
848
512
1765
1866
2542
1718
1813
1495
515
2025
923
862
1079
1049
1375
2273
2731
1878
136
1965
548
1049
1072
1277
492
2876
740
1412
1868
2876
548
1407
1013
2691
1866
2721
2876
548
349
740
2691
1866
2721
2876
548
2876
2691
1866
2721
2691
1866
2721
2691
1866
2691
2410
2691
1866
2691
1866
2691
1866
2691
1866
2721
548
2691
1866
2721
548
2691
1866
548
2691
1866
548
2691
1866
548
2691
1866
548
2691
1866
548
2691
1866
2691
1866
2691
1866
548
2691
2691
2691
2691
2623
1116
2804
2623
1116
2388
2623
1116
2388
349
1116
2804
2388
2804
2026
2402
1323
2026
2402
1887
2026
2402
1323
2026
1406
964
1323
2026
1406
964
1323
2026
1406
964
2026
2026
2026
2026
1887
2026
902
2026
2026
2615
2026
964
2026
1887
2691
1383
82
1137
2691
1383
82
2691
1383
82
2388
2623
1116
2804
2623
1116
2388
2623
1116
2388
349
1116
2804
2388
2804
2691
1383
82
2691
1383
82
2388
2691
1383
82
2691
1383
82
2691
1383
82
1013
1407
1013
2691
1866
2721
2876
548
349
740
2691
1866
2721
2876
548
2876
2691
1866
2721
548
2691
1866
2721
548
2691
1866
548
2691
1866
548
2691
1866
548
2691
1866
548
2691
1866
548
2691
1866
2691
1866
2691
1866
548
2691
2691
2691
2691
2623
1116
2804
2623
1116
2388
2623
1116
2388
349
1116
2804
2388
2804
2026
2402
1323
2026
2402
1887
2026
2402
1323
2026
1406
964
1323
2026
1406
964
1323
2026
1406
964
2026
2026
2026
2026
1887
2026
902
2026
2026
2615
2026
964
2026
1887
2691
1383
82
1137
2691
1383
82
2691
1383
82
2388
2623
1116
2804
2623
1116
2388
2623
1116
2388
349
1116
2804
2388
2804
2691
1383
82
2691
1383
82
2819
762
1846
837
245
345
1144
2149
1190
2948
1603
1650
848
1813
2025
2518
992
1365
1182
1279
477
2625
340
1473
2411
2506
1695
1556
2430
1004
2546
1487
2379
1774
2195
546
1633
2852
1181
2391
1882
1588
2691
567
191
2865
2834
2395
657
2411
2069
374
2865
2275
1860
2140
217
958
2176
2535
2852
2034
548
1620
2657
548
734
799
1461
2865
922
2546
2754
2516
105
996
848
1540
1621
965
1841
780
657
1065
612
2928
548
958
1297
958
612
983
1407
1388
1041
502
2691
1866
2721
901
2876
2876
2413
956
2767
349
2691
799
2691
799
799
1733
799
2691
2657
879
2691
2657
2691
2657
1137
2691
517
2459
1137
2459
2411
2231
2411
435
2982
2174
2772
1487
2772
2404
2181
2000
2379
2174
1412
2411
797
323
983
1671
1459
848
1866
2082
444
2103
1866
2855
2140
139
2754
2852
577
2599
733
1952
2318
1555
1354
140
2506
1374
425
565
2506
1388
1773
1909
2506
2948
605
2948
2628
1642
965
1359
2460
766
2489
2206
657
1487
1065
2876
548
958
1407
2691
1866
2721
901
2876
263
1249
2359
1055
38
2359
1388
1041
502
2691
1866
2721
901
1334
1049
2413
956
2767
349
2691
799
2691
799
799
1733
799
2691
2657
879
2691
2657
2691
2657
1137
2691
517
2459
1137
2459
2691
2657
2691
2657
2691
1866
2721
901
2691
1866
2721
901
2691
1866
2721
901
2036
2691
1866
2721
901
2036
2691
1866
2721
2876
2876
2691
1866
2721
2876
2876
2691
1866
2721
2876
1168
2876
2691
1079
2691
1079
1887
387
387
1887
349
1079
1887
1079
1407
2691
1866
2721
901
2876
263
1249
2359
1055
38
2359
1388
1041
502
2691
1866
2721
901
1334
1049
349
2413
956
2767
349
2691
1866
2721
901
2691
1866
2721
901
2036
2691
1866
2721
901
2036
2691
1866
2721
2876
2876
2691
1866
2721
2876
2876
2691
1866
2721
2876
1168
2876
2691
1079
1004
1866
1910
2178
479
1642
1304
1491
2327
1821
2178
479
2446
344
2256
479
110
107
1618
2327
1808
1910
1304
666
1601
1491
424
2651
942
1062
673
1714
1103
1351
479
2518
2327
1808
1019
511
2411
1339
427
2411
1863
2928
2656
2850
479
1808
983
1863
2516
479
231
1684
733
1103
2327
1808
1491
2516
2928
410
565
2948
1516
2411
945
2195
1487
2599
2411
2542
1888
770
1018
1658
151
2060
2542
1813
1429
1226
1363
2774
209
837
2367
14
2060
2542
2446
2718
1354
2741
2060
2542
1765
1266
1582
1473
1658
2513
1765
1003
2195
2404
2954
2691
954
2954
1105
2518
2313
2518
2379
1863
1105
2116
2195
2404
2954
2691
954
2954
1105
1105
2880
1642
2880
836
2948
1383
1951
1588
1951
1383
2691
2195
1105
2710
201
2195
1487
950
2070
619
136
992
2668
2668
2638
2254
2359
848
681
1412
2490
2820
2948
1401
1189
2391
827
1088
2518
2704
2721
1866
1401
1340
2131
632
965
733
2906
2599
1363
965
1588
2780
2691
2335
2691
2691
965
2691
2386
2025
2948
2948
1746
848
1746
848
2699
703
2749
2290
1552
2257
1813
848
1042
661
2948
269
848
1222
196
2411
1004
654
1383
1200
1491
1746
848
1714
1342
1813
2411
73
2948
605
1543
515
2025
1919
515
2025
2195
136
2379
565
992
133
733
2404
2780
2691
2335
2691
2691
965
2691
2386
2904
2391
2411
2948
2664
2551
178
73
2579
733
992
19
2691
2386
1304
2391
565
1407
780
965
550
971
965
1660
2404
2780
2691
2335
2691
2691
965
2691
2386
1304
2391
2379
1961
1144
958
2124
2535
25
2123
96
1388
343
2959
565
958
1297
565
1388
2124
869
2718
1626
2516
369
1837
992
2453
2016
874
369
1626
730
2411
73
2195
2379
1866
2644
343
395
1407
709
1145
2939
1866
2852
965
843
2600
1084
2413
2691
2563
2413
2691
2896
2691
1313
2691
1313
1813
2419
2691
2691
2691
2691
2546
2691
1866
2721
2123
2123
2691
1866
2721
2123
2615
2123
2691
1866
2721
2123
1887
2123
2691
1079
1887
622
479
1887
622
479
1354
349
2691
1268
773
965
2516
958
1297
2379
740
1626
848
2268
2948
1626
848
2268
773
2931
958
1947
2123
958
617
2535
1740
565
565
671
1388
1407
1506
2959
1388
1495
1837
357
2959
2716
1827
2594
958
2124
1526
481
733
733
1518
2411
2195
2941
2375
733
2404
2780
2691
2335
2691
2691
965
2691
2386
2904
992
133
2948
1159
788
412
1085
2379
2182
1961
2513
357
2959
1827
2594
958
2124
1505
2852
2644
623
2295
342
2404
2000
2691
2042
1487
2948
2605
2348
1075
958
2605
2600
2916
2742
548
481
612
1491
1506
2411
2219
1608
2214
1660
2195
2935
1746
848
2411
2948
427
2404
2691
2923
2025
2657
848
2691
848
2034
1407
1626
2599
1813
2490
328
1401
2948
958
1947
2123
2535
2876
958
1407
1647
1144
843
2600
1084
2413
2691
2563
2413
2691
2896
2691
1313
2691
1313
1813
2419
2691
2691
2691
2691
2546
2691
1866
2721
2123
2123
2691
1866
2721
2123
2615
2123
2691
1866
2721
2123
1887
2123
2691
1079
1887
622
479
1887
622
479
1354
349
2691
1268
2691
1268
2691
1268
1268
2691
1268
1268
2691
133
2691
2691
1268
2691
1268
2691
1268
2691
2691
1313
1813
2419
1268
2691
1313
843
2691
2403
971
248
2691
1866
2600
507
1388
2042
2123
2453
2123
2691
1866
2721
2123
1866
2691
1866
2691
1664
2691
1866
2691
541
1887
1354
2413
2691
2896
2691
1313
2691
1313
1813
2419
2691
2691
2691
2691
2546
2691
1866
2721
2123
2123
2691
1866
2721
2123
2615
2123
2691
1866
2721
2123
1887
2123
2691
1079
1887
622
479
1887
622
479
1354
349
2691
1268
2691
1268
2691
1268
1268
2691
1268
1268
2691
133
2691
2691
1268
2691
1268
2691
1268
2691
2691
1313
1813
2419
1268
2691
1313
843
2644
848
2691
2386
2886
2691
2563
843
2795
193
565
696
2691
1866
2600
843
2795
193
565
696
2691
1866
2600
843
2795
193
565
696
2691
1866
2600
2379
1455
2369
2411
1420
2411
1571
318
2893
2657
1585
958
2852
395
2516
369
958
2516
1407
2959
1144
1407
772
2875
958
831
2834
2411
1746
848
1082
1084
1407
1334
2546
1388
1813
2268
661
1660
2920
1524
958
1813
64
2817
1765
1780
2124
2313
1055
2359
2584
2876
1813
2060
2542
1177
958
992
1567
2697
837
958
38
958
2651
405
2411
2411
2341
1947
1798
1004
2219
170
337
2933
1647
1909
1417
2254
2303
2506
2303
1067
2508
1401
1024
904
1230
1082
1616
73
958
1813
2422
1626
2597
405
709
2411
1312
848
965
2391
2379
2411
733
1813
320
1663
64
2442
1620
565
2379
515
2411
2545
992
1344
733
2404
2780
2691
2335
2691
2691
965
2691
2386
2904
1813
2060
2542
2931
958
2731
2194
2335
25
2127
208
1896
2876
1264
2064
136
958
640
1538
1579
1813
64
2948
2411
958
2631
2442
1620
565
1417
1658
2206
1813
1896
2876
1264
2219
2876
2335
1486
1407
1280
762
2375
965
733
1907
2404
2000
2691
2042
2948
2664
1039
2391
1779
2000
1813
903
2755
1487
1158
220
2411
1454
1699
2419
2094
1487
519
1487
2094
2953
298
1316
2953
1340
1454
1699
2223
2492
2347
611
2939
38
38
2657
97
748
1069
1660
422
139
97
814
1514
965
1596
2195
1588
2954
2691
954
1105
929
1149
983
1204
2789
2102
2404
2000
2691
2042
1757
517
1870
1671
1279
1279
2411
2705
1184
946
879
2054
1813
1761
2182
2876
2338
1135
519
318
1487
1588
1388
1620
2657
1733
1480
1368
1406
2518
1654
1920
1421
2359
2518
2705
1259
21
1650
2718
2411
2102
2500
1947
2876
2530
2876
38
1647
1973
542
1019
1633
565
2834
343
2233
2516
958
201
481
2948
2665
958
1462
1413
2042
2447
1808
476
1494
2224
550
1626
2948
97
2911
699
97
2453
2824
1492
2404
2954
2691
954
2954
1105
2948
9
2392
1866
719
2820
2054
2411
1023
1178
2411
1588
1388
1620
2657
1588
1388
2657
1023
672
2403
1023
2691
1023
1654
1920
1421
1654
1920
1421
2896
672
1388
1620
2657
2413
2656
2413
2656
2691
2657
799
2691
2657
799
1168
2691
1079
2691
1079
2615
2691
1079
1887
1354
2413
2656
2691
2657
2640
2691
2657
2691
2657
799
2691
1887
2691
2657
799
2691
2657
799
2691
2657
799
1868
1887
387
387
1887
349
1079
1887
1079
2691
2657
799
719
612
2928
2653
1642
1633
2691
2657
799
492
2459
1616
2509
2140
2795
1049
1013
337
2691
2657
2429
2804
1615
2429
2656
1055
2795
1615
2218
1436
1007
2104
2804
425
1007
2104
1282
548
2459
2411
1813
2705
900
2886
2705
672
2403
2705
2691
2053
597
2804
1516
1654
1920
1421
2705
1672
1654
1920
1421
1654
1920
1421
1654
1920
380
1421
1654
1920
1421
1055
672
1037
992
337
2391
2516
1478
2195
1654
1920
1421
2359
2195
2379
2411
1633
2852
1866
422
474
2436
2054
1024
1555
2392
1633
565
1608
1279
515
2411
2195
107
1650
2195
858
1886
2413
2656
2195
84
2388
1105
2795
2254
1055
435
2404
2000
2691
2042
350
2254
2795
1055
2795
2103
2359
2490
2459
2656
2429
2804
2602
2804
1795
1514
2939
1147
2195
2422
858
2459
2656
2795
2103
1055
1837
875
1279
2948
1592
2391
2351
2195
2206
1017
2411
2176
2195
2411
1273
2195
2019
2824
1837
107
2195
2824
2219
2518
427
1406
119
958
2524
2671
46
2551
1072
1105
449
1516
2795
2824
2628
2459
337
2640
1639
153
2824
2656
1620
1024
2640
1954
1516
613
2742
1639
832
992
337
2056
1675
2886
1235
612
1024
2513
719
2490
170
337
2741
1024
1497
105
1116
1407
2094
530
2732
612
2513
1105
1407
2490
2640
2948
1639
1105
1407
2206
2338
1407
958
1620
2657
2411
2206
2231
2411
624
476
1494
1401
2886
2886
2762
1055
2359
672
2403
2762
2691
2053
597
2804
1516
1654
1920
1421
1672
1654
1920
1421
1654
1920
1421
1654
1920
380
1421
380
1654
1920
1421
1055
672
2413
2656
1909
2691
2657
799
2691
2657
799
1168
2691
1079
2691
1079
1887
387
387
1887
349
1079
1887
1079
1354
2413
2656
2691
2657
2429
2691
2657
2691
2657
799
2691
1887
2691
2657
799
2691
2657
799
2691
2657
799
1868
2691
2657
799
1868
1909
1887
2411
1436
1401
2886
2886
2359
2359
2391
2379
612
1407
719
1718
438
2411
719
945
2535
719
837
2535
387
719
2656
719
945
2535
387
1407
1388
1620
2657
2413
2656
2413
2656
2691
2657
799
2691
2657
799
1168
2691
1079
2691
1079
2615
2691
1079
1887
1354
2413
2656
2691
2657
2429
2691
2657
2691
2657
799
2691
1887
2691
2657
799
2691
2657
799
2691
2657
799
1868
1887
387
387
1887
349
1079
1887
1079
387
719
730
799
387
1407
1388
1283
799
2691
799
2767
1283
2691
799
2767
1283
2691
799
770
2691
2657
799
2691
2657
799
1168
2691
1079
2691
1079
2615
2691
1079
1887
387
719
2960
958
387
719
747
1065
862
862
2403
2384
2403
1989
1989
387
719
2273
1620
387
719
1052
387
719
2411
515
1127
2518
1642
1127
2732
1795
2810
73
1698
1642
1497
2968
635
848
165
133
1620
2675
1112
2668
1636
1725
1487
2154
1112
2948
2794
827
848
1746
1579
519
1112
422
1085
1620
985
1620
2099
1187
2834
824
519
848
941
1860
1828
1085
1620
2656
985
1620
751
1537
2675
2834
2195
2684
2335
1699
2675
2176
36
952
2392
985
1620
2054
1339
2675
2886
2392
985
2726
2500
837
2886
138
2675
2335
213
613
2006
1746
848
2668
2794
1746
848
1841
2896
1248
848
1112
2195
2794
2359
1866
1855
337
1669
2341
2411
2404
2000
2691
2042
1495
1654
929
1660
2400
447
1082
1334
2662
2313
1886
2411
173
1671
1654
1696
696
2518
1930
803
929
983
1601
929
803
2667
2667
1671
163
2518
546
2916
1866
1007
354
2852
2717
1671
1654
2254
1866
2651
942
248
2195
1567
2338
515
97
677
2070
2366
2206
2781
2901
2411
1863
34
2125
2640
2125
1245
1079
565
1633
2125
1473
1671
824
724
2262
824
1079
2141
291
992
654
377
97
1795
2084
1438
1072
2407
1194
1228
587
2657
2407
2620
180
724
2518
44
587
2657
623
1970
2341
67
1795
2061
941
883
1477
1809
1733
1625
1725
824
1079
2481
619
136
375
724
242
34
107
929
2948
46
2948
2861
929
1079
1124
1049
448
587
2061
2886
50
2657
1809
1112
157
2391
1658
2411
1506
1620
2174
581
1434
848
2508
2948
1588
1620
2107
2812
2579
965
680
1671
791
88
2508
1079
242
1866
974
1866
53
2640
1108
612
2928
1681
2160
481
1165
1671
1473
2411
550
2508
848
573
1108
1473
848
573
1408
1401
983
1392
2054
1158
2411
178
2551
2102
2941
129
2579
1555
1588
1620
2107
139
2518
1312
289
2508
1112
1130
1323
929
1440
1429
1704
291
2948
762
42
2640
1813
1112
2154
2508
848
1365
542
2887
1579
281
958
2391
1356
2915
2608
1009
1222
429
101
848
680
2717
1841
848
2579
965
1491
422
2948
1764
848
848
2725
479
2896
2084
1383
1200
2540
1995
2453
1487
2545
2948
2530
2682
2101
405
2411
565
879
2640
724
2838
1487
1470
831
848
1544
2113
163
800
2931
2730
1374
163
1559
599
1547
2195
2480
236
2127
425
1305
1658
1180
225
2094
1664
2578
1514
1765
848
2729
1724
2195
2774
2628
1642
1642
481
2516
1813
892
168
1158
992
525
2938
958
1547
992
1514
1725
2938
1620
1645
2154
2876
1429
2604
1144
1467
958
1813
2394
515
1642
2948
1112
133
2795
967
157
2195
2948
2404
2000
2691
2042
2411
765
380
2042
2478
140
2837
733
1899
1112
2948
157
1199
1112
138
733
1579
880
2025
1616
2070
1087
132
1489
163
1994
848
1616
2025
1260
73
565
2379
2948
1222
1344
2404
2000
2691
2042
2054
1795
515
827
848
1344
2094
1502
1299
2599
2411
2000
2931
698
2691
2195
2254
886
32
1417
812
2054
1783
1432
2252
575
974
41
2174
1999
1866
1296
2941
812
1920
1055
519
1579
2770
1678
1003
1756
808
837
2202
1540
2127
515
2127
2254
2379
2948
837
1855
1588
2691
2255
391
1866
21
2391
1043
515
1105
1696
544
864
1455
709
719
586
548
1866
2640
1019
1866
691
2433
2146
2640
2510
125
2516
2459
1866
1515
2545
213
1018
608
1339
824
2564
2657
2216
1907
824
1907
824
1907
1963
1724
1620
1693
2195
1588
2954
2691
954
1105
2054
1462
2731
74
2518
1055
2518
1960
1057
2254
2852
2933
2497
2824
850
490
2025
2518
1406
1516
1516
1186
1954
46
1024
1887
1130
1316
2322
130
2741
2931
1866
2455
54
1133
2589
1055
1211
2010
2348
1866
515
519
1463
1664
2057
180
28
198
2322
130
1725
1487
1304
1365
848
2176
1887
848
2411
2195
2404
2954
2691
954
2954
1105
2113
958
1256
1866
1054
2826
133
822
2577
405
1383
848
837
2103
2174
765
2795
2962
390
2399
2948
848
2411
515
848
2704
1888
515
1698
719
612
2195
395
965
2391
2896
848
992
158
848
965
2508
612
1084
1909
1620
2577
1144
449
1620
1256
1696
2577
163
1473
848
2691
1080
2411
848
1668
1274
69
958
1256
2660
1588
2763
2042
770
2530
770
2931
1252
1065
2876
848
2042
770
2530
770
2931
1252
1065
2836
1620
2010
2876
848
238
1765
2948
2558
427
565
2270
848
2070
2453
2804
803
38
612
843
38
38
38
46
612
843
1055
2359
890
958
1256
958
871
2640
1231
1313
1795
2741
2508
1112
1960
1732
886
1343
1007
2774
2025
1579
1804
1112
157
2391
2579
965
1359
422
1393
1650
642
2939
2219
2535
2795
1497
2865
546
1569
2449
107
2930
879
2682
1722
1134
1375
1440
1025
1605
7
523
1616
2733
2206
948
2948
1420
2668
1185
2948
2755
2466
301
2939
1219
2755
2535
2731
642
1954
2195
2444
180
180
1906
1671
2662
2123
180
1620
2751
1387
2409
2424
305
971
2254
2518
2119
255
958
2777
2540
2682
467
1620
2781
2050
1436
2968
1084
2668
2050
2123
2123
2123
2668
1340
830
2567
830
2391
1650
2691
2386
965
2332
1514
1910
2327
1696
2939
1616
2786
1422
992
2195
2014
1642
1821
1514
958
2730
2876
2411
1529
427
646
1620
1313
1051
2779
1529
450
2334
450
1550
274
309
2516
236
919
450
1868
605
2689
1620
100
2516
247
2730
2876
1866
1620
869
2348
2188
613
2148
2668
2148
2948
2032
309
450
816
1620
2214
2041
2516
2089
1620
2348
1866
1357
2334
1813
309
450
816
2518
2516
1620
1036
2419
1170
2419
2328
2404
2000
2691
2042
2404
2000
2691
2042
2404
2000
2691
2042
2174
2665
698
2404
2691
2665
2195
1395
1703
1360
1272
30
2124
1703
2494
2731
30
1802
2359
30
1802
2359
30
1802
1802
1055
2731
1802
1055
2731
1802
1802
2948
385
2665
698
2954
2780
1765
2954
2665
2404
2025
2948
2794
1268
2732
1112
2404
2691
2665
1112
1516
2665
698
1105
1082
2025
1458
1105
1620
2660
1105
2492
2880
1725
2662
2731
1579
913
2951
1288
1105
2492
2880
2871
1703
2951
361
2749
30
30
515
2731
1703
681
30
1105
2492
2880
385
14
923
1458
847
2025
2025
1105
2492
2880
2195
1395
1703
445
180
30
827
1579
1105
2492
2880
827
1703
1360
1272
194
1055
2174
2674
2665
698
2404
2691
2665
1112
157
2379
2391
951
2774
1036
1235
992
1268
2483
2025
1660
867
994
2544
2854
2837
827
2699
1555
1588
2279
228
1813
2691
2918
2219
2390
2599
694
2365
958
2862
2442
2483
2686
880
1866
307
2952
2766
2127
3
2943
74
1857
1588
2691
2943
74
501
1563
827
848
2593
2365
958
2411
2404
2954
1112
157
2379
1226
1112
515
1538
2000
2404
2691
2665
681
74
1960
2365
1620
74
2742
340
1696
2174
79
74
2651
903
450
958
2365
2824
2254
2458
1004
817
2365
958
1907
1004
204
1112
163
903
2896
2906
2730
958
1297
2611
1966
848
2094
2730
958
2611
1966
848
2094
742
2365
958
2750
1018
1747
298
2404
2691
2665
272
2862
632
577
181
2393
974
450
2365
958
2789
974
450
1160
2948
1761
817
2365
958
1907
2611
945
1004
974
2379
41
2948
2865
2952
2835
2174
2674
2665
698
2404
2691
2665
77
1134
1866
1028
723
1220
974
1966
1579
2379
2219
2411
442
2865
2948
133
1633
2365
958
1436
2365
958
666
2393
2038
2731
994
1260
1188
1055
2365
958
592
2195
2393
2948
1222
2801
217
2948
2865
1112
2391
1112
1650
1526
974
450
1620
2393
1453
2379
1268
1112
2723
867
994
2379
1608
848
1445
937
2348
546
1395
2886
1601
1526
139
2365
958
2975
2393
2865
351
2379
1112
2365
958
1813
2943
2123
1813
2862
1815
1620
1057
2254
2862
2199
191
1907
481
2365
958
848
2034
1084
2948
2195
204
2805
1620
740
1866
1239
2365
1620
2837
348
1490
837
2365
1620
2943
74
1320
827
2272
2095
2348
1357
1620
2123
2943
74
1363
2123
74
1554
2142
2729
2943
74
1239
2101
450
2365
958
2665
698
2404
2691
2665
1567
2393
2365
958
2628
204
1631
1105
108
2411
370
565
2729
1660
2442
590
1407
2365
1620
2195
1407
370
1776
2495
2948
1222
1344
590
2391
623
1526
1795
2341
1042
2271
2471
2928
628
72
1866
2174
2348
72
1866
2368
2174
1620
244
72
1221
762
2379
827
1235
2195
1947
2365
1620
848
2453
1222
1579
2948
2358
2691
2025
2391
1650
1112
1407
1407
1388
1137
2803
2691
1383
1383
174
1870
486
486
1200
1790
2716
2716
1407
749
2254
256
479
1407
1407
2948
2679
1407
2679
1407
2767
1407
1407
2948
2679
1407
2865
1112
157
2391
1559
2411
2365
958
1492
157
2391
414
2837
1588
2691
2943
74
590
2206
2609
2665
157
2391
66
1200
2057
958
2368
1019
507
1783
2795
1388
2413
2691
1783
2948
2004
2691
1783
2174
2665
698
2404
2691
2665
2195
1567
2723
2731
2393
2948
385
2665
698
2954
2780
1765
2954
2665
2404
2025
2948
2794
1268
2732
1112
2404
2691
2665
1112
1516
2665
698
1105
1082
2025
1458
1105
1620
2660
1105
2492
2880
636
2195
2723
2393
2731
2760
1105
2492
2691
2880
2110
275
2034
848
1105
2492
2880
515
1453
1698
30
827
1579
2393
515
2535
2124
273
30
2379
546
666
1055
2365
958
2975
2393
2985
2040
2379
1608
2451
827
1538
1235
2948
848
2793
1497
2365
958
1055
2095
2263
515
1866
1845
1633
2365
958
2195
1783
2365
958
2379
375
2127
1813
2530
1158
1018
974
2948
848
848
2348
1344
1036
663
2732
1783
286
2732
1866
2920
1936
2774
1415
157
2918
2379
1608
848
2375
2886
1601
2696
585
1866
2657
992
337
1526
1514
1875
2948
1686
848
2518
848
2365
1620
1514
1492
1112
2228
2365
958
2918
2174
2665
698
2404
2691
2665
1675
2195
1303
108
2365
958
1813
2943
74
1616
817
2365
958
1907
2948
385
2665
698
2954
2780
1765
2954
2665
2404
74
2948
2794
1268
2732
1112
2404
2691
2665
1112
1516
2665
698
1105
1082
2025
1458
1105
1620
2660
1105
2492
2693
2880
1675
2195
1303
108
2365
958
1813
2943
74
1616
817
2365
958
1907
1608
487
842
848
2094
265
2411
765
380
2042
1190
2478
140
2837
2195
2948
404
1746
848
992
2518
2707
1407
349
1388
1137
2707
1049
1795
349
1598
700
1190
349
1388
1137
2707
1049
1795
349
1598
700
1190
2691
2542
1430
2691
2542
1430
1137
2691
2542
1430
1137
2691
1215
2691
1583
2542
1137
2691
1583
2542
1137
2691
2961
1215
328
1137
1137
622
479
1137
622
479
2691
2961
1137
2691
2961
2691
2961
2691
2961
303
1887
303
2691
2961
1137
2691
2961
1137
2691
2961
1137
2691
1583
2542
1137
2691
1583
2542
1887
349
1079
1887
1079
2691
1583
2542
2691
1583
2542
1887
2952
2804
2691
2711
2691
1583
2542
1887
1407
747
1430
349
1598
700
1190
2518
2288
1549
2741
681
2937
800
1430
2896
2980
2941
861
2657
2195
2169
1407
1363
1813
2657
1412
1456
884
2403
754
2299
1052
1620
2246
2691
2657
1783
1052
2846
1620
2516
958
1633
2404
2042
2025
2920
1013
2691
2657
2195
67
2404
958
1947
2611
740
1491
2871
740
2111
890
740
1412
2149
816
1172
2263
1942
749
929
1868
740
1550
2399
2290
2518
1550
828
689
2729
2471
2327
133
945
2928
2948
2118
1866
768
945
2386
548
1668
1857
1497
21
2321
548
2359
1855
405
1550
2453
2651
2106
612
1388
548
740
2111
1070
2933
612
2939
1813
1477
2939
2494
1615
1232
2749
2391
546
2025
2834
2321
826
565
1803
2345
2438
1965
321
548
2359
2318
1037
2948
1550
837
1550
2518
1650
2820
1550
719
2865
666
479
2518
2928
2178
479
1642
2178
2060
2542
1013
2060
805
21
2178
479
1642
2178
801
1642
2060
805
21
170
337
2369
1409
2046
848
2852
856
1644
343
1837
2948
2794
848
133
973
427
805
21
2928
479
2060
2542
1013
2060
805
21
801
1642
2060
805
21
2729
86
1642
2706
2070
2726
2901
119
2060
2542
1494
2338
2182
1487
992
2625
1795
2094
2476
2453
2141
2060
805
21
672
2403
2691
672
2403
2962
672
2962
2804
1219
602
1678
2049
746
1837
2691
1303
548
1866
1007
548
2359
1866
1855
21
2372
2025
1062
1401
2341
1222
2051
375
619
136
605
1401
1024
2948
2372
167
2123
2717
1783
2615
2094
291
848
1182
1084
1529
1783
613
2848
2804
1620
2359
2254
848
1618
2574
829
291
1007
811
1783
2734
2717
1783
180
2717
2123
2101
1765
1007
337
2411
2902
291
1264
724
970
1079
1480
2838
1084
1606
724
1079
482
929
46
2741
2756
1079
1773
791
2599
1195
1204
848
2206
1004
2411
2084
848
427
2490
291
971
2250
971
1347
2649
869
155
1204
2773
971
2250
971
2795
971
2250
971
2795
869
155
1204
2773
971
2250
971
2649
971
2250
971
2649
869
155
1204
2773
971
2250
971
2795
740
724
732
971
2250
971
1347
2649
2623
796
714
2804
571
236
1204
1204
714
622
479
1204
622
479
1204
622
479
1204
1843
622
479
1204
929
622
479
1204
929
622
479
622
479
2623
1116
2388
622
479
2623
1116
2388
622
479
349
1116
2804
2388
622
479
2413
622
479
2413
622
479
2413
622
479
2413
622
479
2413
622
479
2413
622
479
2413
622
479
2413
622
479
2413
622
479
2413
622
479
2413
622
479
2413
622
479
2413
622
479
622
479
2623
1116
2388
622
479
2623
1116
2388
622
479
349
1116
2804
2388
622
479
2413
622
479
2413
622
479
2413
622
479
2413
622
479
2413
622
479
622
479
2623
1116
2388
622
479
2623
1116
2388
622
479
349
1116
2804
2388
622
479
2413
622
479
2413
622
479
2413
622
479
2413
622
479
2413
622
479
2413
622
479
2413
622
479
2413
622
479
2413
622
479
2413
622
479
2413
622
479
2413
622
479
2413
622
479
622
479
2623
1116
2388
622
479
2623
1116
2388
622
479
349
1116
2804
2388
622
479
2413
622
479
2413
622
479
2413
622
479
2413
622
479
2413
622
479
622
479
2623
1116
2388
622
479
2623
1116
2388
622
479
349
1116
2804
2388
622
479
2413
622
479
2413
622
479
2413
622
479
2413
622
479
2413
622
479
2413
622
479
2413
622
479
2413
622
479
2413
622
479
2413
622
479
2413
622
479
2413
622
479
2413
622
479
2413
622
479
2413
622
479
2413
622
479
2413
622
479
2413
622
479
2413
622
479
2413
622
479
2413
622
479
2413
622
479
2413
622
479
2413
622
479
2413
622
479
2413
622
479
2413
622
479
2413
622
479
2413
622
479
2413
622
479
2413
622
479
2413
622
479
2508
1412
2490
612
291
1647
2612
2411
1647
1813
2597
2734
2717
1783
1626
1055
2359
2101
2219
479
2094
46
952
359
1055
1868
1529
1868
740
2383
816
1783
613
1401
1603
461
1783
613
1639
359
2717
1783
2206
1980
1795
816
1783
613
1033
444
1846
1460
2084
848
2948
1686
2169
2411
2341
1055
291
1633
232
1218
1375
1462
724
64
2256
1450
724
1204
1204
1303
1450
2948
674
929
1491
929
1303
1450
2948
674
929
1491
929
291
2781
444
2156
344
2549
2000
73
2622
73
2411
2404
67
1729
2042
517
1870
1671
1279
2411
2948
2674
515
1013
2691
1783
1013
2691
1783
1783
682
586
1783
1783
1783
682
988
586
1783
682
586
1498
1055
895
1783
1013
2691
1783
1013
2691
1783
682
1783
1783
682
1783
1783
682
586
515
2334
1105
1226
220
2411
2508
2954
1746
848
353
1746
848
479
2518
1887
1383
515
2025
1312
808
867
2549
2731
1228
803
2461
445
418
867
2154
1975
1980
2046
867
2103
867
941
1328
2931
1868
1620
2906
1975
872
867
824
2516
2778
2530
2668
382
1680
344
681
548
1077
2749
1826
445
1445
2948
837
2731
136
2518
30
2876
2194
2876
2194
30
2518
2535
2876
2194
822
958
2731
2141
958
2530
30
1409
2046
958
1753
2046
2194
1662
867
30
992
337
1907
958
2195
848
1588
2954
2691
954
1105
2195
1588
2954
2691
954
1105
2691
1866
1073
517
990
958
2195
848
1588
2954
2691
954
1105
2195
1588
2954
2691
954
1105
922
2246
1303
1994
829
2355
1574
619
136
1407
1813
2471
980
548
2516
2732
2453
2939
1601
2886
548
2495
2195
848
1588
2954
2691
954
1105
515
1588
2954
2691
954
1105
1724
515
2025
1535
2605
2954
1105
2404
2954
2691
954
2954
1105
2391
2351
730
1907
1112
651
1018
910
213
1299
2174
848
1574
992
318
213
1299
1923
1574
31
213
1299
2041
1256
958
2948
1866
2176
1991
1256
958
1813
1401
2518
21
2359
2518
1588
2691
1620
191
896
2742
1308
1746
848
75
992
733
565
1496
515
1588
2954
2691
954
1105
1226
2234
613
878
2928
209
1356
89
992
1813
158
1158
2516
773
1220
2411
2282
507
1983
1813
985
517
2234
1220
985
2837
2948
1588
2691
2807
246
1455
1260
1283
2807
1837
1283
958
985
2214
1065
1866
958
1136
2535
1746
848
31
2875
1487
1886
2411
1696
1487
519
2025
1127
2195
2034
1467
2368
1125
1127
2439
1383
2025
1579
2404
2000
2691
2042
1127
2411
1323
1127
1609
2628
2968
623
2948
533
1106
2518
2726
1144
997
2723
1127
2518
1004
2896
1112
1127
2518
1340
1579
1313
65
565
1003
2931
1620
170
337
1084
2934
1127
1783
1004
2599
2348
2598
990
2322
38
275
515
2522
2948
380
700
1094
2060
2542
151
2948
700
1732
2075
2060
2542
1677
1019
515
2025
1698
1202
1330
2000
848
2411
318
1965
321
848
1313
565
1313
2411
237
344
2219
2518
98
344
958
2451
1963
565
1506
1671
548
34
2257
1055
1866
2968
1436
830
762
2732
548
2682
2605
2657
548
824
1647
2656
2644
2644
830
827
1866
992
875
2262
494
839
1347
1130
2402
515
2025
2391
848
2628
2195
1389
2651
236
1013
1079
2635
2195
2000
1013
1079
2650
1137
1079
48
236
1079
2838
2148
2594
2973
1018
1080
2689
387
2838
2545
450
2093
2154
2668
2763
2763
517
2716
2605
2477
2185
2600
642
952
1601
2605
1222
619
136
2338
2865
1413
2000
1343
192
102
2865
2085
612
523
2411
2516
848
158
1380
496
2411
246
1746
1579
1436
1821
1071
2411
2219
2518
2518
2663
136
2516
2359
2359
2518
2348
2663
1866
136
1866
827
1409
1607
136
631
1866
691
2663
844
1866
1567
1866
1145
974
2663
1866
1146
2101
1358
133
1696
1903
1258
1866
1409
1492
2404
2000
2691
2042
2729
1126
519
136
136
158
1866
2795
2974
1866
1770
1837
2694
2404
2691
2923
1746
1579
848
2691
1783
2313
133
1251
1239
1620
2911
1866
74
2948
2553
1588
2691
418
2046
2411
73
1389
2391
566
1866
1642
2516
848
133
1642
965
1806
848
2518
2508
1900
97
2518
595
2530
681
1620
1212
1620
871
2182
2861
2741
958
2102
1765
573
1671
2348
1866
763
1994
1620
214
1014
1827
377
2516
308
958
2915
1136
1247
2741
958
2219
2566
1222
1626
2933
455
1454
1813
1226
2979
512
1222
447
965
2411
1363
2025
1725
1487
2348
1856
871
2124
2535
445
2118
1620
1144
1212
443
2757
2348
2048
2114
958
2540
573
1463
2757
1596
2458
2391
1112
2794
2195
515
1673
2254
1051
2515
919
827
2173
2231
2352
455
1614
1215
1316
1579
941
2518
919
1819
1215
2519
1795
2391
2195
1588
2954
2691
954
1105
2599
2834
1658
1520
550
519
424
1116
1636
2341
2948
1222
163
1668
1029
565
780
1733
2668
1455
1642
2518
2713
2386
1495
843
1813
1401
2948
586
983
1574
843
2388
1430
2896
1401
983
2386
2369
1574
843
1813
1671
2439
274
1316
900
2386
843
869
2850
717
1905
1671
2439
952
900
2533
1119
2628
1166
990
2820
983
2820
1094
2713
900
2713
1284
2713
2713
2886
2713
2886
1493
2713
476
2713
476
209
2713
476
32
2713
476
2060
2713
476
345
900
2713
1284
2713
2713
2886
2713
2886
1407
349
349
2691
2542
1430
2691
2542
1430
2691
2542
1430
2691
2542
1430
1137
2691
2542
1430
1137
2691
2542
1430
2691
2542
1430
1137
2691
2542
1430
1013
2623
1116
2804
2623
1116
2388
2623
1116
2388
349
1116
2804
2388
2804
2691
2542
1013
1013
2691
2542
1013
1013
1013
843
2516
2046
1495
843
2850
696
2748
2442
717
2518
782
1920
2691
2691
2724
782
1920
431
1866
1616
1495
1955
2744
291
1495
869
210
2253
1909
211
2407
236
2118
1909
1079
1773
2518
2931
2838
1079
342
1013
2623
796
714
2804
1204
1204
2691
1495
2691
1495
2691
2691
1495
2691
1866
1495
2691
1866
1495
2691
1495
2691
1866
1495
2691
67
1887
342
1887
342
2931
2838
1079
1079
1013
2691
913
1059
2691
2691
2691
2691
1555
612
1006
1268
541
1887
387
387
1887
349
1079
1887
1079
2518
291
696
73
1588
2954
2691
954
1105
2137
2788
2704
2516
2000
2410
2515
958
1491
2515
1620
116
1226
1746
1579
1134
1459
1567
1094
2410
2731
1574
1559
1809
2615
2410
1273
2256
1202
2411
681
515
2025
515
2025
2254
1783
427
1461
1434
1084
2000
1127
2668
1127
412
515
2516
2254
1160
1036
1421
2379
294
2538
430
2837
528
1538
2034
1579
1854
515
2025
612
2813
132
578
1808
2517
2516
2330
1987
1487
2395
2471
2813
1808
2813
612
2920
1808
64
1588
2243
1383
2243
612
163
1316
900
476
1649
1910
1808
2928
163
132
578
1808
1601
1149
2524
2726
97
1018
992
2697
2206
1813
983
612
2813
1478
2391
945
132
578
1808
195
2540
1114
971
612
672
2403
2813
612
614
2359
1611
2804
548
597
2804
1495
672
1112
157
2391
1588
2954
2691
954
1105
2174
2674
2665
698
2404
2691
2665
1951
1588
1951
1383
2668
424
2019
2070
2691
1487
1470
2195
2411
2665
2404
2691
2665
2691
1808
1429
2174
2665
698
2404
2691
2665
2195
484
733
2025
33
1084
2741
689
689
2195
2411
2404
2000
2691
2042
2948
385
2665
698
2954
2780
1765
2954
2665
2404
2025
2948
2794
1268
2732
1112
2404
2691
2665
1112
1516
2665
698
1105
1082
2025
1458
1105
1620
2660
1105
2492
2880
2195
484
733
2025
33
1084
2741
689
689
829
2355
1574
619
136
2411
515
2948
678
1027
2447
2453
2781
2264
2453
2102
2404
2000
2691
2042
2127
275
2447
445
2359
1279
981
2716
819
2466
971
1588
958
2876
1555
2716
2016
819
251
1084
2131
2516
2335
2981
1212
251
1084
2593
958
2515
971
1661
2535
1417
1588
2348
2518
105
2060
971
608
1516
2628
2795
427
814
2016
1967
2948
1354
971
2442
2795
1516
1057
848
1429
1588
2348
2518
2206
1813
2045
2788
1091
2599
2466
2926
1569
1588
2348
2518
2851
13
102
2016
2016
967
2948
1033
728
958
2884
2349
641
728
958
2682
2000
1084
170
981
589
2682
2411
1863
1097
1910
965
1184
2718
2016
2349
922
213
2512
958
1462
1588
97
2206
1004
1004
408
1733
1212
1629
2535
1867
958
2206
1004
2114
2814
2656
1866
848
922
2246
1303
1887
1019
922
1887
848
2656
1866
890
843
1620
435
1866
843
2691
965
2386
2886
2524
848
958
1085
933
1717
2524
1733
1212
1871
251
958
2524
612
1733
1212
1629
1661
1036
2535
2948
1309
958
1733
1212
1629
408
2391
748
2206
2486
2217
2948
505
848
565
1205
2206
1200
1004
848
992
64
2269
848
55
1588
2095
2561
1866
2865
379
848
573
2699
2466
2512
958
1813
1588
922
213
848
2726
1555
2512
958
1588
2948
2865
2896
848
2948
2000
2834
2948
1226
565
10
924
965
719
1611
1051
2525
1620
2525
983
2691
965
2525
689
172
971
2563
2525
1620
2781
2876
2535
719
2399
2525
1620
2525
983
2691
965
2525
689
172
971
2563
2525
1620
2781
2876
2535
719
2348
1323
452
2516
830
2567
349
636
2691
871
1049
349
636
689
172
971
824
689
172
971
76
2691
2060
830
2691
824
2691
824
2691
1168
2691
1079
2691
1079
1887
387
387
1887
349
1079
1887
1079
719
871
2403
940
689
172
971
871
2525
1620
2781
2876
2535
719
2348
1323
452
2516
830
2567
349
636
2691
871
1049
349
636
689
172
971
824
689
172
971
76
2691
2060
830
2691
824
2691
824
2691
1168
2691
1079
2691
1079
1887
387
387
1887
349
1079
1887
1079
189
1004
2372
1603
25
2730
2323
465
1004
1605
214
2553
38
1813
2730
2876
2265
1447
2506
2524
518
1643
1603
25
2730
2323
1474
1765
848
1159
848
25
958
518
848
315
1827
2535
431
431
1136
2466
1019
2662
958
1966
73
1105
2404
2691
1105
2918
2724
1588
2348
2518
384
2788
1091
2599
2466
2281
2716
922
2372
2579
863
1866
612
719
2113
38
2691
1866
2721
2876
1049
719
2348
1323
452
2516
830
2567
349
636
2319
2691
871
1049
349
636
2319
689
172
971
824
689
172
971
76
2691
2060
830
2691
824
2691
824
2691
1168
2691
1079
2691
1079
1887
387
387
1887
349
1079
1887
1079
719
1136
1620
2691
2060
2525
1620
2781
2876
719
523
2876
523
1994
2453
523
523
2691
1994
1994
1049
719
2348
1323
452
2516
830
2567
349
636
2319
2691
871
1049
349
636
2319
689
172
971
824
689
172
971
76
2691
2060
830
2691
824
2691
824
2691
1168
2691
1079
2691
1079
1887
387
387
1887
349
1079
1887
1079
2391
1184
515
2391
375
619
1053
2729
992
768
102
1574
2948
605
1024
1082
1334
1082
1334
1866
273
605
2467
363
1273
1866
1920
1024
1082
1003
1334
1003
1003
843
1783
837
1866
2795
1003
843
1783
837
1866
2795
1003
843
1783
837
1866
2795
1003
1003
843
2657
1388
1843
1533
1602
780
843
2657
1533
2773
474
2310
843
2657
1388
1843
1533
1602
780
843
1783
837
1866
2795
1003
843
1783
837
1866
2795
1003
843
1783
837
1866
2795
1003
843
2657
1533
2773
474
2310
843
2657
1388
1843
1533
1602
780
843
2657
1883
1082
938
843
2691
1866
2691
2403
2605
2391
1112
1112
1105
2404
2954
2691
954
2954
1105
2215
2948
1268
1112
1458
1642
2174
2674
2665
698
2404
2691
2665
1642
2939
481
2174
2674
2665
698
2404
2691
2665
2174
2665
698
2404
2691
2665
2060
1616
548
2741
2948
385
2665
698
2954
2780
1765
2954
2665
2404
2948
2794
1268
2732
1112
2404
2691
2665
1112
1516
2665
698
1105
1082
2025
1458
1105
1620
2660
1105
2492
2880
2060
1616
548
2741
2174
2674
2665
698
2404
2691
2665
2174
2665
698
2404
2691
2665
2060
1616
548
2741
2948
385
2665
698
2954
2780
1765
2954
2665
2404
2025
2948
2794
1268
2732
1112
2404
2691
2665
1112
1516
2665
698
1105
1082
2025
1458
1105
1620
2660
1105
2492
2880
2060
1616
548
2741
2476
1105
2174
2665
698
2404
2691
2665
2060
1616
548
2741
2948
385
2665
698
2954
2780
1765
2954
2665
2404
2025
2948
2794
1268
2732
1112
2404
2691
2665
1112
1516
2665
698
1105
1082
2025
1458
1105
1620
2660
1105
2492
2880
2060
1616
548
2741
2145
1407
2495
404
2876
2060
2542
2518
689
172
1079
1887
689
172
349
1079
1887
1079
1354
2413
992
2896
142
682
2962
1795
349
1729
2570
2691
2896
2691
2060
2542
965
2691
1783
2691
2060
2542
965
2691
1783
2691
2060
2542
965
2691
1783
2691
2060
2542
965
2691
1783
72
2691
2060
2542
965
2691
2691
2060
2542
965
1354
349
1729
2570
2691
2691
2060
2542
965
2691
2691
2060
2542
965
2691
1783
2691
2060
2542
965
1354
349
1729
2570
427
2691
2060
2542
2691
274
2691
274
1808
2691
274
2615
2691
274
1808
2691
274
2691
274
1808
349
2518
1112
157
2025
2391
385
1458
1222
1268
2665
698
2404
2691
2665
2404
2691
2665
2025
2404
2691
2665
2516
1679
2674
1158
73
2948
2664
1516
2414
515
180
2123
2530
1765
2937
2544
2651
2368
1671
1596
1626
2017
2123
2729
1095
1866
2348
992
1313
2189
952
1112
157
565
2668
2206
1813
2348
660
1407
612
1497
1620
2338
565
1783
2518
1713
177
1733
1620
1717
1340
1733
1620
956
2453
608
2169
2664
2518
2691
1430
1620
1620
1051
1051
1620
2848
1620
1620
682
2638
1620
1620
682
2638
1620
2518
1608
2034
438
612
1473
848
343
1520
2716
1407
958
1226
1480
1079
1407
2535
2535
1821
1620
2123
1480
1079
1407
2535
2535
1821
1620
2123
2516
965
2379
157
2453
1616
2453
2195
157
484
2411
2195
2500
203
824
2824
2359
1241
2034
133
2418
1765
2518
1608
2034
2094
1345
565
1616
519
848
2195
2108
2411
992
337
1313
1837
889
824
2195
2716
2834
2948
848
1813
1112
848
1616
2954
1013
2691
1783
1013
2691
1783
2419
1013
2691
1783
1013
2691
1783
1055
1055
2359
479
2848
1055
827
2195
1960
2123
2530
1093
1620
46
2195
848
1588
2954
2691
954
1105
1516
770
595
2704
1495
2034
1538
1269
2625
1579
1866
1495
1958
236
2082
1868
1579
1019
1887
1567
1507
1958
2041
2334
1105
1112
510
40
2455
1813
2403
2909
1689
515
2025
2774
848
2411
519
1664
28
1463
1784
848
880
1887
827
848
528
2025
852
848
1143
2558
515
1030
2254
2657
1487
2948
2723
2167
2442
2348
1620
2403
682
2948
1589
328
1620
2403
682
2668
2896
2887
1620
2403
2657
143
2403
1007
3
1455
1039
2398
2552
2047
1784
701
2124
2630
412
1799
2154
1421
817
824
1077
2251
1851
991
2887
958
2114
2348
2057
2348
1620
1294
832
717
2750
2704
2254
1294
1487
450
1358
2948
337
1866
1237
1263
559
89
1110
1596
196
2823
2668
592
1660
2348
2518
517
2064
958
2776
2948
400
347
2724
2390
1226
2059
1813
2404
790
2670
1046
2886
958
2876
2768
16
2438
2785
1090
2706
343
2931
2665
698
2414
848
1151
2918
1889
2638
2651
479
706
1853
2921
1896
2042
1190
1163
958
427
2518
848
1928
623
1895
909
446
2235
1632
2084
2480
2060
2542
634
2152
202
1018
2682
178
2267
2861
527
2411
600
1018
478
992
2176
2480
958
100
1346
903
246
600
1018
2498
1516
1571
1490
2753
2453
347
1490
55
1848
2064
239
958
2876
682
2882
517
243
565
2905
1212
408
2876
2453
347
2438
2948
3
903
2518
2060
188
246
2127
2219
992
1705
1046
21
2886
2665
1462
398
2348
958
2876
1650
21
983
1856
565
879
958
2201
870
1106
2948
2064
958
2876
2558
2718
1588
848
1896
1757
1705
64
21
2886
398
2518
2404
1977
2668
2823
2542
2148
958
523
766
2480
1887
523
1182
31
1621
412
663
699
2542
1664
2966
958
2758
958
517
412
2390
1864
958
2876
2865
2385
1894
2666
389
548
531
758
2628
2542
1226
519
2518
2379
1658
1460
2243
1609
4
224
2728
2140
1574
992
2931
4
224
1454
971
2348
2886
2728
517
1795
1312
837
1574
2728
2662
517
1837
2728
517
1476
2948
213
2348
398
2700
2886
2948
213
971
2518
46
239
2728
2246
2728
2707
1930
517
2042
848
517
2933
517
2728
827
2542
2718
2411
2648
2948
2128
1138
2965
1138
2516
2965
121
121
247
2391
1588
2391
1429
1813
517
1417
1926
1661
1620
2827
2045
2180
517
2948
2064
1721
2321
2390
958
2114
2515
1904
958
2515
2114
565
1120
2060
2948
107
637
1352
204
517
565
2411
2896
546
1497
2948
2152
2080
2682
2411
1004
2700
1330
2338
1407
971
349
523
958
2876
2869
1599
2668
1095
1039
2865
2027
2153
958
2428
1095
2857
2404
2691
2923
2025
2060
2542
1013
2691
2060
2948
1906
992
958
2114
2515
565
668
586
1112
2391
2516
2495
1650
2300
2837
1856
565
517
456
1062
648
2447
534
2939
2127
1495
1668
710
1110
2516
2300
2390
478
517
2023
710
343
992
1495
944
517
2774
2309
780
879
2335
848
2876
565
2516
2153
523
1317
1114
1729
1821
1158
2411
73
2243
1894
2225
2324
2763
1420
1894
2682
1621
2000
769
1732
1913
2948
2400
2724
203
1081
2151
1703
2219
1866
2518
667
1625
2518
1784
517
958
412
765
548
1620
1620
548
850
377
2628
2804
818
958
1813
1168
958
1190
978
1620
2598
2409
377
992
658
710
2060
871
2219
2518
667
2173
377
667
443
922
78
64
1620
1119
1866
523
38
717
1018
518
517
958
2190
523
992
681
2080
2837
698
2665
698
1704
170
337
2404
2691
2665
992
1033
1721
2763
1658
2665
698
422
746
2219
2731
2584
2518
2094
2723
958
821
107
1358
2152
2584
2394
1239
2584
958
425
958
1778
523
1698
1004
2042
2657
2684
1101
253
548
1112
422
2411
945
2080
1216
2483
2348
2724
1351
2527
1057
333
2928
1664
787
548
1182
163
2080
1065
2167
1784
2928
2516
2411
1222
2896
2378
2391
1703
2518
1813
1658
2518
427
517
1588
2243
493
1757
1678
2933
1896
479
2948
2742
2707
1930
2671
1462
184
2174
1490
307
2662
1417
2372
517
1567
2725
2174
2948
1600
408
2064
517
2391
1588
1480
2446
1795
579
1480
554
1948
1866
2348
2982
1567
2362
2446
2127
827
1996
2948
1296
1412
2490
1303
944
2391
2351
2195
2406
944
879
1703
2691
209
2174
2674
2665
698
2404
2691
2665
1112
157
2391
2174
2665
698
2404
2691
2665
2657
1105
1639
2795
2411
435
2948
385
2665
698
2954
2780
1765
2954
2665
2404
2948
2794
1268
2732
1112
2404
2691
2665
1112
1516
2665
698
1105
1082
2025
1458
1105
1620
2660
1105
2492
131
2336
2880
827
133
1529
1105
1219
404
925
848
2665
698
1995
2699
2919
1746
848
431
383
1620
2515
2123
1136
2745
893
2948
2664
2745
2341
1226
2920
2411
2391
1112
157
872
261
852
546
2902
1795
673
1244
2745
2736
2745
2348
2483
2410
2883
2123
284
2410
2081
1870
1141
2410
1671
1429
2483
2410
2123
2931
1620
842
1057
842
1057
842
2123
1920
2410
1288
1616
2208
1980
2731
479
2410
2176
2070
2322
1930
1620
988
1620
2804
479
2411
2518
1930
1057
2731
1057
1051
2322
2208
1057
2731
1051
2731
882
2906
2070
2518
2
1746
848
2195
404
1746
848
2745
1380
2411
515
848
2699
848
886
2745
515
2784
2518
865
2049
2404
1105
2810
2025
1112
2569
1608
565
1746
848
2948
848
1522
2727
1746
848
445
1049
455
1994
2745
698
2756
21
517
770
2174
2665
698
2404
2691
2665
2404
2000
2691
2042
110
1717
2081
2410
958
1813
2745
2095
2948
385
2665
698
2954
2780
1765
2954
2665
2404
2025
2948
2794
1268
2732
1112
2404
2691
2665
1112
1516
2665
698
1105
1082
2025
1458
1105
1620
2660
1105
2492
2880
2404
2000
2691
2042
110
1717
2081
2410
958
1813
2745
2095
2174
2674
2665
698
2404
2691
2665
97
2896
1049
1746
848
2745
431
2763
788
958
671
2948
605
848
2811
21
983
158
2817
1494
981
2525
21
2507
727
515
1389
2195
1588
2954
2691
954
1105
2668
2104
359
73
67
136
1642
536
1813
946
1620
2652
1158
2948
997
2948
1309
958
1795
754
369
1004
2254
369
965
848
1182
515
1158
2668
1182
73
992
670
2861
2886
1292
1093
799
2094
1979
1886
2391
2341
2404
2000
2691
2042
556
733
1746
848
1746
848
1380
2668
1550
1593
724
1226
1579
158
1239
1660
2628
1180
1182
2390
349
2691
1866
2691
1430
2171
2691
1866
188
2691
1866
2691
1783
2691
1783
2691
1783
2691
1783
2691
1783
2691
1783
1887
349
1079
1887
1079
412
515
848
1035
2206
2834
724
648
349
46
236
2804
349
46
236
46
2691
1783
2313
2691
1783
2691
1783
2691
2691
2691
2691
2623
1116
2388
622
479
2623
1116
2388
349
1116
2804
2388
2804
2795
2388
622
479
2723
2920
1137
2920
2931
2774
1642
2513
515
1642
2503
1051
1131
2876
2702
1049
507
188
1407
452
349
349
1051
2691
1866
2920
1808
2691
1430
2171
2920
1808
2691
1866
188
2920
1808
2691
1866
2920
1808
2691
1783
2920
1808
2691
1783
2920
1808
2691
1783
2717
1168
2920
1808
2691
1079
2920
1808
2691
1079
1887
2920
1808
387
2507
387
1887
2507
349
1079
1887
1079
2507
612
2034
74
39
1678
958
2535
1007
1600
1815
871
2195
2254
2411
515
2404
2000
2691
2042
1127
2458
1112
1965
321
1146
1620
565
343
1452
1297
1620
1965
321
2348
211
1620
48
636
450
1868
1616
1620
290
2535
1335
698
2535
2535
770
698
1620
1292
431
515
2088
2095
2348
1146
1620
1303
2931
2348
2348
2529
2795
971
1620
1297
1293
1018
2810
1620
106
2348
670
2000
1112
157
286
2518
1052
1112
2149
966
1417
1055
1516
2535
2253
698
1098
2516
1620
1588
1809
1620
848
2781
2876
1757
1757
1757
1055
2864
631
2662
1620
1631
2348
1868
450
2804
1226
2151
2348
97
2335
431
1620
2948
1287
2515
1813
2254
1417
575
2516
1660
1112
626
2334
180
2154
2516
1620
1292
2516
958
1662
288
1821
180
2089
97
20
2151
1139
738
2151
1130
698
842
1130
2770
958
2530
668
879
431
741
2151
974
2628
2402
1813
2810
958
169
575
1291
2151
2348
2974
958
1815
1323
2535
2348
974
2516
1959
2151
431
1839
958
2795
2660
2151
2660
2795
2662
1620
1188
2385
209
1743
2603
2151
2740
958
1699
2535
2151
974
2013
1297
2354
1866
2916
100
1866
1182
2182
1244
631
2967
2535
2182
2151
1868
2821
1516
2535
2151
1868
1610
2281
1943
1620
450
1839
2660
2535
1868
1367
527
2151
2190
921
2318
2182
1961
1918
2060
1330
1184
2334
1821
974
2662
1620
2774
1821
2348
2403
693
1888
2348
2847
1997
958
2774
974
958
1662
288
1356
2544
773
2098
1620
1292
1813
626
1733
2334
762
2108
115
848
431
762
1596
2805
1997
2898
1620
1292
150
2518
548
2057
958
1054
1055
2516
1588
2433
1588
1809
1620
848
2781
2876
1757
1757
2931
958
2392
1054
1133
2516
1620
1292
1098
1717
1588
1809
1620
848
2781
2876
2896
2516
958
1733
2516
1588
2433
1588
1809
1620
848
2781
2876
1757
1757
2442
958
2864
1620
1359
1620
1292
1098
1717
1588
1809
1620
848
2781
2876
754
1051
1048
1495
1054
2125
2068
2518
1837
2108
2411
699
1429
971
2334
971
1004
654
1620
2039
201
2348
359
2334
2252
719
2820
427
2392
2605
971
727
2516
1588
2433
1588
1809
1620
848
2781
2876
1757
1757
1098
1717
1620
1588
1809
1620
848
2781
2876
2518
719
2348
1323
452
2516
830
2567
349
2967
636
2691
871
1049
349
2967
636
689
172
971
824
689
172
971
76
2691
2060
830
2691
824
2691
824
2691
1168
2691
1079
2691
1079
1887
387
1887
349
1079
1887
1079
719
2915
2731
2876
848
1620
2359
2403
1031
1051
1051
1051
2731
2876
848
1051
862
1402
1051
1051
25
1055
2781
1051
602
1051
1051
2675
2359
1051
2335
1051
1051
1051
38
1094
1051
2518
2094
871
2967
1004
617
1620
921
2318
1660
2768
1468
1323
1707
2508
1112
2757
390
2060
698
343
2535
519
1620
791
830
2539
2978
2060
698
450
2794
2518
1965
2607
1749
2060
698
791
2535
1813
307
1112
848
1965
321
698
1856
2875
2334
2458
1749
417
1620
2195
97
2195
2948
2664
848
2348
2516
958
1297
848
1928
2942
2348
1236
2516
496
1965
2518
974
1236
2334
2516
958
2516
1588
2433
1588
1809
1620
848
2781
2876
1757
1757
2516
1588
2433
1588
1809
1620
848
2781
2876
1757
1757
2931
1620
1098
1717
1588
1809
1620
848
2781
2876
1801
1620
2915
450
1813
2348
2403
2516
1588
2433
1588
1809
1620
848
2781
2876
1757
1757
2931
1620
1098
1717
1588
1809
1620
848
2781
2876
1801
1620
2915
450
1813
2348
2403
2516
2981
2516
1588
2433
1588
1809
1620
848
2781
2876
1757
1757
2348
2403
2516
1588
2433
1588
1809
1620
848
2781
2876
1757
1757
2518
1437
2947
1633
2348
1733
2334
921
2318
2333
383
1813
2060
2542
383
1249
2494
1171
2749
2931
2931
309
2363
2516
2453
1620
850
869
2516
2453
2363
2363
1062
2535
1620
1461
38
2691
2654
2151
1588
2691
2151
2865
2535
423
1497
2442
180
958
309
2757
958
1297
719
2392
2151
2691
2060
2516
958
2876
719
2338
1678
2348
719
2057
1620
2876
848
2334
719
1136
1620
719
2338
1678
2348
719
2057
1620
2876
848
2334
2931
958
343
719
2442
1620
2876
848
933
1620
719
2442
1620
2876
848
933
1620
719
2442
1620
2876
848
933
1620
719
2338
1678
2348
719
2057
1620
2876
848
2334
719
1136
1620
719
2338
1678
2348
719
2057
1620
2876
848
2334
719
1136
1620
719
2338
1678
2348
719
2057
1620
2876
848
2334
719
1136
1620
719
2338
1678
2348
719
2057
1620
2876
848
2334
2933
958
1136
2391
2206
1765
1469
296
2369
2218
2110
313
1158
1182
2745
2348
1599
1516
236
1091
2411
1062
1354
2518
971
2518
1091
2674
2948
1819
1516
236
1282
1633
895
1657
1786
1813
542
1207
2101
733
2117
2876
1182
2146
1657
1182
2950
760
2744
1203
2745
2348
373
638
2411
1658
1062
965
1557
1912
2763
1695
2472
2515
2515
992
1041
2763
958
965
453
2594
2101
1620
2876
2508
2254
2147
2714
2315
2190
1004
1887
1786
1765
2084
1487
1817
225
1887
1668
1351
2745
2968
72
1813
2745
2583
990
154
1075
1495
1668
2931
958
2763
1622
2795
1926
1226
2745
2804
225
2656
1636
2493
21
2570
2101
2656
209
2086
110
2905
2367
41
777
2691
1055
1445
2535
2876
2558
2472
2411
1407
992
2594
2795
2928
2544
1527
974
1516
2795
1657
1516
236
565
236
1147
2901
733
2788
1657
1019
1696
443
523
1994
1744
21
33
1725
623
523
1994
1926
2516
2000
754
733
236
2487
1160
226
1012
987
537
1417
1588
2280
1516
236
963
1516
236
346
1671
2948
1123
1788
1639
1516
971
346
2668
1264
1588
1389
2651
2788
1091
2682
1079
32
1654
2254
1055
275
1866
1567
1783
2127
1783
78
1920
1783
2359
2733
1516
236
1354
523
2480
2876
2103
21
924
2480
660
236
1374
432
2516
2757
2757
1527
983
1516
236
2528
767
349
46
236
166
2322
2691
1994
2939
166
2322
2691
1866
2721
2876
2931
2691
1866
2691
1430
1620
2939
2606
2322
2691
1866
2721
2931
2691
1866
2691
1430
1620
2939
166
2322
2691
1866
2721
2931
2691
1866
2691
1430
1620
2939
166
2322
724
869
1603
2795
87
1671
523
504
844
2535
396
2757
1473
983
337
2304
444
945
523
2480
2763
2874
1488
2124
1004
269
697
958
139
1658
1033
924
1887
2506
1447
1921
1041
2516
631
955
2506
2480
844
1447
2480
2846
1018
2865
1407
958
420
523
443
1925
2174
2843
1783
2359
1765
983
96
1207
343
2154
2411
2656
1765
2812
821
2533
1473
523
2656
2726
2533
2349
879
1473
1473
2515
1310
1497
2411
1846
1359
1516
236
1657
1660
2348
1372
1212
2674
1359
2101
1429
403
550
1313
484
1582
2101
1018
1027
1783
2254
1692
998
1421
1586
1658
2411
108
983
1516
236
1657
1791
1926
2724
2682
2174
737
681
1887
2732
821
983
2562
1453
2174
1813
1926
1401
983
1244
1769
776
2697
523
663
2668
1316
2341
163
958
2833
523
1480
2889
1642
523
958
2735
2437
2458
958
2114
2515
1696
2876
921
2318
2391
2948
2723
1547
2000
515
2886
1409
305
2506
1994
2162
2550
2457
1007
2887
2876
2876
958
1786
1095
709
971
1043
2886
1527
19
1982
471
2876
96
2000
2135
565
565
2935
987
542
1887
2717
2210
2154
2369
523
2865
1887
983
523
120
2411
1999
1743
2489
1283
2411
696
1516
6
1813
1925
1692
1657
971
1487
1588
2745
2745
1813
1516
236
80
393
1417
2795
691
2019
2548
2948
2553
2948
550
80
1417
894
1671
573
1813
2101
1686
2411
2189
1420
2886
983
73
2657
2657
2886
2928
958
1627
2886
2928
2003
1052
474
1302
1620
983
2957
1052
2195
1579
515
923
25
1866
2852
2943
2948
1309
1420
1239
2886
983
2273
1869
1620
2515
171
780
931
1401
2446
2446
2446
1129
1920
2691
2060
2542
719
2931
2948
2084
848
2446
679
2601
73
679
2691
2060
2542
2446
294
604
2643
1671
2852
1356
1079
1079
349
1729
2570
2691
2691
2599
2446
73
2060
2542
2446
1429
1248
2446
2060
2542
2060
476
604
2601
2060
2542
524
604
1485
2060
2542
2446
1729
2570
1729
2404
2691
2923
2060
2542
424
21
133
2601
1485
524
2961
1430
2948
1567
2518
2518
136
136
501
1051
136
1671
2518
2963
206
249
2862
206
2691
2691
2060
2542
206
1918
85
2060
2542
1729
2570
2341
2662
2446
1242
2691
2060
2542
1429
2918
2392
2094
1463
1464
2691
1729
2570
2691
1729
2570
1464
2321
2060
2542
2446
1616
2000
1616
879
1340
1866
1887
2060
2542
1464
2691
2060
2542
1729
2570
2691
2060
2542
1729
2570
2691
2060
2542
1729
2570
900
2691
2886
1815
689
2601
1729
2570
900
2691
2886
1815
689
2601
1729
2570
900
2691
2886
1815
689
2601
2060
476
1373
1808
1729
2570
900
2691
2886
1815
689
2601
2060
476
1373
1808
1729
2570
900
2691
2886
1815
689
2601
2060
476
2367
1373
1808
1729
2570
900
2691
2886
1815
689
2601
2060
476
1373
1808
1729
2570
900
2691
2886
1815
689
2601
2060
476
2060
1808
1729
2570
900
2691
2886
1815
689
2601
2060
476
1480
1808
1729
2570
900
2691
2886
1815
689
2601
2060
476
1480
1808
1729
2570
900
2691
2886
1815
689
2601
2060
476
2348
1808
1729
2570
900
2691
2886
1815
689
2601
2060
476
1808
1729
2570
900
2691
2886
1815
689
2601
2060
476
1808
1729
2570
900
2691
2886
1815
689
2601
2060
476
1550
1642
1808
1729
2570
900
2691
2886
1815
689
2601
2060
476
1550
1341
1642
1808
1729
2570
900
2691
2886
1815
689
2601
2060
476
1550
2399
1642
1808
1729
2570
900
2691
2886
1815
689
2601
2060
476
1550
2920
1642
1808
1729
2570
900
2691
2886
1815
689
2601
2060
476
1550
1642
1808
1729
2570
900
2691
2886
1815
689
2601
2060
476
1550
2060
1642
1808
1729
2570
900
2691
2886
1815
689
2601
2060
476
1808
1729
2570
900
2691
2886
1815
689
2601
2060
476
1550
1642
1808
1729
2570
900
2691
2886
1815
689
2601
2060
476
2542
1808
1729
2570
900
2691
2886
1815
689
2601
2060
476
2657
1808
1729
2570
900
2691
2886
1815
689
2601
2060
476
1866
1808
1729
2570
900
2691
2886
1815
689
2601
2060
476
2519
1808
1729
2570
900
2691
2886
1815
689
2601
2060
476
1808
1729
2570
900
2691
2886
1815
689
2601
2060
476
2053
1729
1808
1729
2570
900
2691
2886
1815
689
2601
2060
476
2920
1808
1729
2570
900
2691
2886
1815
689
2601
2060
476
2053
1480
1808
1729
2570
900
2691
2886
1815
689
2601
2060
476
1808
1729
2570
900
2691
2886
1815
689
2601
2060
476
1808
1729
2570
900
2691
2886
1815
689
2601
2060
476
2920
1808
1729
2570
900
2691
2886
1815
689
2601
2060
476
339
1808
1729
2570
900
2691
2886
1815
689
2601
2060
476
726
1808
1729
2570
900
2691
2886
1815
689
2601
2060
476
2053
1808
1729
2570
900
2691
2886
1815
689
2601
2060
476
2053
349
1808
1729
2570
900
2691
2886
1815
689
2601
2060
476
2691
2601
1808
1729
2570
900
2691
2886
1815
689
2601
2060
476
1808
1729
2570
900
2691
2886
1815
689
2601
2060
476
2053
1229
1401
689
1323
512
2691
274
1622
306
1650
2600
1720
2060
2542
2446
2195
2411
2446
111
2852
903
24
1819
2815
2446
1241
754
683
1430
2680
2446
2600
2060
2542
2446
1464
2691
2060
2542
2691
1208
1373
132
2820
132
2820
1809
132
2060
132
2060
132
2820
132
2820
1809
2691
1208
1373
2691
689
172
2691
1208
1373
172
132
2820
132
2820
1809
2691
1208
1373
1464
1495
1249
1464
2691
2060
2542
1464
2446
202
139
631
2852
2060
2542
2446
73
1273
1242
1463
2446
1429
1464
2691
1464
829
107
1514
2600
2446
2668
887
2542
2446
2516
206
762
2542
2446
2644
276
2852
2198
2070
206
2060
2542
2446
1965
321
2290
2446
1236
2154
2060
2542
2446
127
1401
412
1485
2691
2060
2691
2060
2473
2446
805
1714
2060
476
412
2948
2266
2060
2542
2446
2664
524
1765
887
1609
914
1837
2411
1633
1813
887
660
2000
1813
2424
2446
871
2084
1079
2804
1079
1725
2980
597
2804
2678
1079
1158
1463
2674
2446
2916
871
2968
2424
2446
727
1784
2680
2446
1361
871
681
1401
1148
2804
597
2804
597
170
1079
1893
1361
2804
404
1784
2795
1813
2453
1567
257
871
2446
871
404
2101
1463
1765
1579
914
347
1163
180
1462
871
2601
168
921
1267
829
2391
193
565
1226
431
147
734
654
604
31
2446
1257
2680
2446
1729
2570
2795
2774
2313
2717
32
556
225
1866
2837
2136
1671
132
132
132
1808
2404
2042
1284
2918
444
2516
1079
548
992
1686
1079
2341
2518
193
565
108
2411
2920
2411
2060
2542
2446
1485
2691
2414
2503
127
887
360
127
2542
1373
360
127
73
2446
2446
1236
2691
2060
2542
133
136
1647
1363
2916
1363
887
2825
2446
206
127
2101
1362
524
2060
2542
108
2542
49
479
2948
1999
2446
524
2600
2060
2542
2446
2403
1495
1249
1430
2732
73
1241
2601
2060
2542
127
1323
1714
1485
2918
740
1412
807
2774
404
2795
2446
1079
1729
2570
832
2688
2691
274
1930
2341
1671
2446
2688
1813
2623
922
72
892
1079
829
2896
1079
1079
1463
2631
2446
2916
2254
1079
2399
2685
548
1079
1203
2446
188
830
2446
492
1079
2680
2424
827
612
2490
2094
890
565
949
872
337
1412
612
2453
2246
740
2111
2219
349
1729
2570
2691
2691
2691
1783
2313
2691
1783
2313
2691
1783
2313
2691
1783
72
2691
2691
2691
2691
2680
2424
871
871
2424
965
2424
871
1887
871
2424
965
349
1079
1887
1079
1354
349
1729
2570
689
1323
2685
1808
689
1323
2685
1808
689
1323
2685
1808
689
1323
1808
349
679
524
1734
679
1729
2570
2483
1930
1729
1184
1200
1182
2446
2313
1407
1289
1813
2313
992
2625
719
2518
1813
2483
949
1024
2516
2009
132
2668
225
2837
1837
2341
2668
2470
2439
1678
1383
2049
1837
404
2627
892
2828
1383
1870
2650
2439
733
565
1313
1650
161
679
524
1711
2366
678
394
2900
1257
2446
1464
21
752
274
1487
188
1989
1487
1487
127
1257
2920
1487
965
21
752
1257
274
1487
965
1257
274
1257
1487
965
1464
2680
2446
1464
2680
1809
1487
1257
2920
1487
1257
274
1487
1257
1487
2424
1809
1487
2424
1487
1487
2691
188
1487
1487
127
2680
1809
1487
965
1257
2920
1464
2424
2446
1464
1257
2920
1487
1257
1487
1487
1487
127
2424
1809
1487
965
1257
2920
2424
1487
965
1257
2920
1464
515
965
1567
1615
1384
1671
1094
719
1671
1094
689
719
2685
1055
1887
983
1898
2691
1729
2570
2691
1729
2570
2516
837
612
2490
1384
1671
1094
1356
65
2691
274
2411
2948
73
1461
2689
1249
517
837
2941
1809
382
1793
546
1231
1793
2068
2967
2530
216
565
107
2153
2019
2547
1650
1461
2689
1603
2842
2530
1410
1620
1728
1257
337
1178
2457
2010
958
2391
1527
2981
920
2668
2457
698
322
2202
1588
2691
2480
1351
1588
911
1095
2391
2391
2981
2206
761
1650
1461
38
2858
546
2718
2411
1434
1833
2356
2708
2409
38
1592
2890
1813
1947
2763
658
2530
1434
1244
1434
1244
427
2516
1621
701
2254
1434
1912
1733
2202
1588
2691
2480
1606
2842
2530
1080
1795
2351
2282
2936
2668
2457
872
1461
2948
1603
958
2010
152
1434
2842
2530
64
1588
911
1095
1158
412
1018
2668
2457
94
2858
1720
2202
1606
2530
1588
2691
2480
2933
2948
1603
2010
958
2742
2948
1222
2865
2391
748
2865
2668
2896
1866
2896
1866
1241
2837
2948
225
2394
2795
1407
191
827
848
515
519
517
2390
353
2495
1813
2837
515
2025
2206
2231
2411
2795
2338
2674
519
2691
992
1222
2103
2639
1720
2691
1487
2391
882
827
515
1478
1127
2948
1567
882
1813
2632
1127
2722
1429
1828
681
1127
2442
607
958
2948
565
848
848
1487
1866
2628
