694
281
1389
2427
237
3029
2312
2524
3076
299
1624
3422
607
2662
3276
3021
1456
3231
2201
1768
1456
3029
3422
3261
2892
2427
1504
1389
237
3110
1887
2599
2812
481
2288
854
843
2739
884
2820
1740
1495
181
2047
1935
884
418
27
1300
682
2500
467
1781
27
1389
183
3258
2047
1254
3303
2043
391
2375
1684
2288
1141
2415
481
2288
1633
3022
3419
1291
2548
2054
1820
2438
3422
3274
2167
2382
884
2778
3417
2820
1495
181
1245
1935
2047
2778
1193
2134
2113
3276
3422
2820
884
2297
2778
1853
2557
2557
2512
1389
275
1960
2793
2857
435
886
3292
1389
949
3417
3422
1218
3422
949
1030
1370
548
3384
584
3189
3417
1088
1520
1620
1684
1976
3341
2898
1666
1715
1084
2899
227
92
528
1288
1059
206
3422
1715
73
504
206
1059
1715
1084
1389
2783
1389
2963
555
1684
3261
535
886
1621
3292
1349
3292
1583
2175
1084
3076
1501
2288
3189
1717
76
2778
535
2054
2043
3333
2503
535
1349
1030
2290
362
2490
2679
1059
2270
3136
2895
2784
3085
227
1456
2288
1552
284
955
2536
227
23
1683
1683
2724
2536
2778
2357
279
252
1014
1014
1842
2138
3300
1370
1084
816
2536
227
3136
552
1088
23
2844
3136
837
2052
227
1727
227
481
102
227
1370
102
552
1445
1088
23
2844
528
1370
528
584
528
23
2539
2539
2539
528
70
528
528
227
118
1483
227
2588
3183
528
1683
2138
3437
92
2279
227
3098
816
2536
1809
227
531
227
401
426
531
531
531
531
501
3422
206
227
531
1383
531
401
1622
531
1059
808
2616
1483
1483
2321
1483
2760
584
227
206
1624
1959
550
2357
1417
3296
2288
2778
2930
1456
206
1455
914
1793
1084
2167
829
1456
1456
2778
829
2966
1456
1641
281
3357
1456
1088
1088
481
2333
118
2588
1456
281
1455
1842
1715
1084
1601
2778
535
3111
928
2340
50
859
1264
1084
2475
1030
2053
829
1264
1972
453
2829
1624
1218
1455
914
928
3096
2125
2288
870
1497
1456
3422
2288
349
528
2839
535
2640
2638
2544
2820
32
1322
2055
2951
2951
3401
2121
2049
416
886
1089
1626
3417
1455
1045
1042
2414
1045
958
2414
76
1455
3285
1986
489
1659
238
2288
1713
2498
620
1185
76
3417
1583
160
2414
918
2235
3397
2839
2414
1205
1651
1616
1000
3296
2210
489
2414
3269
1455
2118
1616
1713
672
1389
2541
1389
672
467
2438
1389
1288
1389
1194
3437
1793
1088
2304
2228
1259
881
467
2778
535
1389
2951
2396
1389
281
1598
2288
2288
2288
2288
2951
227
584
227
282
227
282
1322
227
227
282
1322
2588
227
118
227
584
227
2588
1598
1582
222
928
3292
1077
1150
467
3417
1336
751
2724
3292
1077
3159
1077
1072
2887
2507
368
2760
755
2126
1336
1683
2887
32
2802
3327
2563
2054
2142
2311
3292
1077
2724
2334
886
2207
2985
2887
1573
3240
550
2887
3261
241
1634
1885
2724
550
2290
2611
264
1456
1669
859
2887
3276
2731
1918
265
2724
3417
829
3437
1412
900
1607
2334
1336
1669
687
3406
1941
270
453
1226
973
698
2887
2618
812
2618
2892
3422
264
1456
1384
3292
1698
564
3292
2823
970
317
1456
2585
1941
3422
829
795
1336
467
98
3193
2255
1456
1336
1088
1809
1088
1609
1088
1609
2616
146
1609
2616
146
584
1683
1336
1609
1683
2724
1860
1683
3318
584
2588
1456
50
2194
2966
1336
366
1199
1281
1175
1308
1215
1881
1336
2290
2679
2288
3079
483
2341
2174
1573
1336
2290
1669
1030
3276
678
2129
884
3292
1077
1194
2812
1030
2475
1077
1456
1077
2685
1456
457
2288
142
2288
2564
368
1558
519
2234
187
368
368
2839
1546
368
2675
633
1336
2887
598
633
598
633
447
598
1178
598
1178
447
1178
3086
3086
1089
1622
630
3086
368
1558
519
2234
187
368
368
2839
1546
368
2675
633
1336
2887
598
633
598
633
447
598
1178
598
1178
447
1178
3086
3086
1089
1622
630
3086
2564
884
3422
3200
1150
3417
829
2323
829
994
3417
2207
2311
1160
467
829
1109
1150
282
1333
1885
2724
550
264
2455
2192
3018
1336
50
2887
900
1336
886
2399
142
2887
33
886
2399
142
1336
1633
2288
2159
1336
1622
1573
1336
2290
3292
1077
2724
2334
676
2288
23
2536
1456
2517
2288
1456
1456
2624
608
1456
23
23
1336
1622
1582
2288
1456
608
1456
1456
1336
1622
3258
325
264
3258
2724
325
264
2724
325
264
2724
325
264
3292
3382
146
3292
144
3292
144
3292
144
3292
705
3292
705
1456
1281
2061
2311
2290
118
1336
2054
1633
2288
70
2288
3292
1077
1336
1976
123
2895
2138
2054
2570
550
2812
1456
1336
1609
1456
1336
2304
1456
2585
1609
501
550
2536
586
2537
1412
2536
1336
1412
1609
2389
2887
536
2125
923
3171
467
1573
2887
2916
960
32
1573
134
2966
886
2399
1336
1624
227
509
467
2427
237
1150
3189
2288
366
531
118
3023
1150
926
3417
3189
2288
1074
439
221
2951
1863
1074
3189
2245
467
457
3417
3153
617
1892
290
884
829
617
1778
2834
2438
829
1633
1413
1863
2904
1901
1384
1621
3292
1349
3292
535
2288
2073
2964
2288
2542
981
509
1989
829
509
3320
829
509
1989
829
509
829
2225
1715
829
3422
2438
762
483
518
1281
937
2530
518
2297
525
3189
535
829
2973
1194
713
509
2073
509
1715
505
3404
282
2717
3153
2618
2892
2252
2812
1598
757
2344
2054
2812
934
2344
2676
3111
1669
1497
3153
1240
1778
2288
1513
1497
3153
1085
1778
366
1389
810
97
1863
2778
795
2844
628
1863
1456
1327
1863
1456
2431
2431
493
1456
1069
264
1863
1658
2311
1633
1863
1633
1863
2503
1150
467
2389
143
33
1307
2290
659
493
583
2344
75
493
2431
859
1715
1715
1064
1456
1340
2907
687
509
1340
1456
3422
2438
518
937
762
518
2443
914
2245
282
2288
981
3189
2288
426
2245
829
3153
987
3341
1539
2288
1863
501
1863
1568
184
2514
126
1718
1863
1863
1863
584
584
1863
1863
1327
1863
2907
981
2288
366
3189
1150
509
457
2983
683
493
221
1539
282
1293
2288
1789
2951
870
3417
2933
33
898
859
898
1793
861
282
1175
2335
3138
3314
493
708
1718
97
467
282
1612
3314
2585
1175
1389
1972
1281
989
467
3417
2043
2645
2499
547
3341
1901
2475
468
886
966
981
2288
2288
2907
2382
1857
2054
1869
914
2404
1063
981
1594
2136
2344
1327
281
2344
75
1327
1863
2404
1063
2344
75
112
528
3022
1327
1327
596
2043
2473
2618
2892
708
2344
404
795
1327
1677
467
2288
1281
2750
3007
2548
3341
1539
2288
2907
981
2298
1795
1667
1281
52
487
1150
3310
3263
414
2225
2344
1150
2471
1327
3263
2539
488
404
404
584
404
404
2660
404
2344
1327
2325
404
1106
2054
994
3417
1931
1333
2043
2453
467
1456
1456
467
1456
914
2798
2564
2907
981
2564
3076
1389
151
1150
3153
780
493
708
1718
97
467
3417
1456
1456
2382
1456
1863
1863
1327
1863
1456
2043
1793
1922
1718
2812
2473
2311
2344
75
1863
1605
2311
335
2344
1150
1863
1456
1456
1667
2870
3184
2616
1456
2805
1456
1030
362
2254
708
623
2963
1718
2415
681
122
521
1960
2180
493
92
1281
3179
2344
3422
3021
2044
537
2154
3383
1863
32
467
1781
1456
2048
493
2344
1773
2335
42
1456
510
3074
2009
215
924
685
467
1781
283
994
2828
2043
2587
311
510
2827
845
1456
808
1826
898
434
2029
1456
2134
3314
467
769
1603
1089
2936
928
3417
687
916
2820
884
2125
2438
1507
884
1027
1135
3153
97
3261
802
1456
1456
1718
1863
1863
1327
1863
1456
281
829
2618
829
2806
2455
3068
920
1778
2778
186
2043
2290
2427
467
535
829
349
3128
1976
2501
859
1841
2288
2288
1789
2951
2288
2187
1322
2288
221
1327
2288
221
1327
2325
404
404
934
493
457
932
1060
1789
2951
934
221
1718
3228
3228
221
3076
1718
1411
2311
2054
1030
1690
3276
2778
2624
1571
2135
832
1308
2288
83
2339
2427
237
3029
2899
318
3029
281
829
1322
2290
237
3029
847
1536
2735
467
281
1389
99
584
2131
3111
812
2892
1384
3292
99
584
812
1698
1384
3292
99
584
237
2288
3343
3111
2159
3343
2288
3153
404
3422
2138
994
2288
1598
2887
1543
3276
1048
536
550
1349
1456
529
1456
3437
2719
453
1922
3112
2528
2650
2719
2054
914
1504
1074
2311
2778
3417
886
3171
961
2470
657
2207
2887
779
2311
281
2618
2892
2618
812
798
1389
932
151
2778
1634
1607
2801
2288
2920
1794
1455
118
2288
3422
2724
1389
2920
3422
3422
2288
3412
44
829
3111
326
3422
2311
2290
2492
1669
1356
2655
3064
3107
259
172
1297
2104
1500
3412
396
1456
1456
2685
1088
368
2685
2685
368
1456
457
3110
467
3030
887
77
795
2539
1471
56
1460
1860
467
900
2474
1605
829
3380
3035
453
898
1456
889
509
2650
2603
1456
9
2559
648
716
2868
2244
1059
104
1229
1953
23
1016
604
160
809
1263
1713
2868
3264
1344
1659
2966
77
23
2868
1847
1350
2544
2194
809
1389
886
2201
227
2717
780
1062
3341
1645
1953
829
520
227
2376
2966
2557
443
3189
3417
2966
2966
807
2288
2717
1456
2854
3422
2131
2410
844
1583
807
3085
1587
812
780
2507
419
3180
2562
446
3035
1456
31
362
3422
3022
1456
3086
592
592
592
2685
2685
368
2685
368
1088
2685
1456
2828
564
2157
2561
423
23
754
2983
1694
3005
366
169
2054
887
1823
1813
31
1577
1307
3165
1605
780
2494
2405
780
366
1616
1587
226
2490
179
1646
1877
2557
1160
3402
71
2244
2557
443
2148
1587
1160
2279
3402
372
605
3422
1264
1500
604
2244
1456
453
1264
780
2778
1088
3113
2735
467
2374
3114
3111
2677
1673
281
1389
780
2977
3433
3035
3111
1959
3085
1587
812
780
1960
275
3110
1508
959
1660
1308
2507
419
3035
1539
3180
1727
1982
1542
280
2311
3153
749
77
118
2539
1088
3079
2007
281
3292
1701
1579
1587
50
3232
2490
3402
1160
2556
1583
237
623
2311
226
795
886
2201
501
1259
886
33
229
2112
3189
3301
2131
2920
1794
1620
962
1747
2786
3301
2131
1178
2174
2608
1089
2562
992
282
1349
550
992
2778
1456
1456
531
531
481
264
1809
962
531
962
17
282
962
529
282
2624
529
2624
3088
1809
992
2624
992
2616
992
2616
992
2616
992
2616
531
992
282
531
118
2869
531
2588
1456
3261
535
2828
3189
3301
2131
2608
2198
2966
2608
3301
2131
2608
1178
2766
2926
3036
3301
2131
2404
3302
3311
3029
282
1667
844
3302
2131
33
1773
584
1667
844
2786
282
1667
844
3302
2131
33
3205
896
2404
3022
2539
3029
3036
3301
530
2043
2507
2603
419
887
3035
419
2731
2131
3222
3248
725
77
2902
336
3049
1645
2539
3035
3226
887
2778
33
1194
418
2311
2104
1456
3110
1860
368
2539
2603
1456
1456
3110
1860
368
1088
2539
2603
1456
1658
3022
467
1960
1456
3086
592
592
592
2539
2685
368
2539
2685
368
1088
2539
1456
3110
607
1811
2054
467
32
886
1307
1587
3388
1918
852
3301
2131
1456
1088
2539
1456
232
111
1456
1088
1456
795
3388
2134
1548
1860
1684
53
3111
1409
3029
1577
1307
3121
2148
1577
2427
2611
623
831
1577
2705
2427
2611
623
1307
1389
1060
110
479
1389
1583
749
77
2539
807
1088
3182
467
453
467
1587
1389
3301
2131
1455
770
75
1587
780
3111
1959
3189
623
54
1389
928
494
1641
2427
2311
1577
2427
318
3029
1456
3111
2427
70
1389
1661
2840
705
2772
2148
2589
3021
2938
1661
2508
3110
3422
2639
32
1646
2104
1661
2508
3371
2508
50
1288
3444
1455
1661
2508
625
509
2187
2288
832
2225
1200
1349
960
48
3021
1661
2508
3253
1349
3276
1504
3074
1175
33
687
2257
2979
625
1661
2508
3288
1178
2508
32
70
3189
227
832
744
814
1661
2508
3288
1178
2508
3110
3023
509
3021
2634
2508
625
61
1980
2920
1175
33
509
1200
1349
3422
1573
509
3074
2528
2174
2245
2951
2778
2775
2775
3303
1006
1790
2427
949
2775
1006
795
481
420
1389
2939
548
1405
2541
2775
1910
3111
2369
3022
1542
2255
2996
52
2731
3417
1150
3087
1622
282
1251
2544
2303
529
90
52
617
812
2892
1384
3292
2892
1863
2288
994
3261
881
1041
2876
2679
3111
3159
3223
1389
1542
1074
229
889
2999
3276
453
2809
1322
3214
2809
210
2717
1281
1288
2685
2951
2778
2951
210
1813
2951
3313
604
2427
237
1456
949
1624
1455
3029
2288
76
3276
281
2665
2812
1455
770
2951
3277
829
2427
237
227
457
2427
1710
1509
544
1324
1542
3153
2618
2892
2618
812
3111
1264
2624
1827
138
2876
1068
2840
368
3417
2382
1705
623
453
1587
780
2892
812
3111
2377
1542
1624
1074
2629
877
1520
1671
1007
687
572
2342
3093
555
2704
1535
780
886
3292
3076
2043
657
2174
282
795
281
886
3292
1174
2916
2916
2013
509
521
2140
335
2311
1744
2054
2499
2427
467
3417
2311
1412
3079
1042
1539
3079
1281
2778
2717
1633
2711
1251
281
2618
2892
2312
3111
1976
1539
2288
2778
1089
2508
1455
1630
1960
3189
1069
2828
2812
1826
1456
2507
928
2288
892
919
1718
919
2311
1088
2288
2288
1251
531
584
1088
2650
2650
1088
1593
2772
531
282
531
282
1322
2833
531
282
1322
2650
2588
531
118
531
584
531
2588
2438
1497
829
2427
237
3029
1389
770
928
3134
3143
32
1349
366
2288
1017
35
2312
553
1593
2772
509
3111
1264
2717
2288
2528
1308
1794
1542
3029
1456
2407
2655
1349
282
2490
2597
2895
227
2966
2288
3276
281
2724
2409
573
2752
2427
1826
2812
3111
3344
3111
467
837
1768
1921
1284
3360
2536
2131
2131
1175
3337
2507
2536
750
901
1264
2618
2892
2618
812
1456
550
3360
584
550
3360
17
2616
2616
1456
1456
3360
2536
1690
2325
2131
2539
3287
2335
3288
2382
2335
1641
2812
2784
944
3360
2536
2143
1456
1633
2655
550
3360
584
550
3360
1284
3360
2536
2131
17
2616
2616
1456
1690
1264
3419
837
2131
2536
1641
372
2207
616
2536
758
2533
3417
984
3360
2279
1264
372
3360
2536
3276
1056
281
1579
668
287
1384
1621
3292
1349
3292
535
2618
2892
2618
812
2252
3314
222
1793
17
2536
1860
2812
1478
3295
3153
1779
2215
807
984
3360
1605
1264
3111
3095
2827
318
1456
2712
1349
550
2290
227
2895
745
3269
521
58
3360
2536
790
2148
1715
2306
1455
1713
2820
2220
617
2771
3186
1389
2054
1455
1389
187
2396
1717
3029
859
3329
932
1456
3190
2612
187
2752
281
3276
2134
1548
3261
1007
404
2232
1327
2325
1327
1007
404
1605
2409
397
2040
584
2054
284
2409
919
2989
404
3153
1218
467
1781
1059
32
1909
2042
1264
3269
521
1456
1327
2325
1456
3300
934
914
3261
1007
404
3228
2409
562
3261
1007
404
2029
507
103
3422
871
187
1456
1327
584
1824
1007
404
1456
2220
281
2618
886
3292
2892
2704
2618
797
1715
1854
932
3366
2455
2588
1532
1972
1456
1675
1316
2054
2335
3261
2335
1539
52
110
730
617
187
1783
2167
2685
281
2618
812
2564
2564
68
2043
1048
2961
2493
1715
617
2122
2823
889
2564
2167
2685
2564
914
2963
1389
2256
2685
1834
2705
1618
2122
2453
1652
1722
886
1722
2850
1338
1722
1300
1722
3422
360
694
730
2054
2665
1428
1007
404
3388
2597
2325
1633
1122
2406
3153
1456
2705
3313
1030
2343
584
3047
2455
336
2728
2724
1624
2704
73
3025
992
604
955
1539
2787
2290
955
1952
2288
3088
2624
281
2624
702
410
365
237
3029
2288
2528
2650
1666
2288
2998
1922
608
1068
2508
617
812
2892
1384
3292
698
3320
2508
35
2624
3111
1264
829
923
886
966
2486
3171
1383
2742
2742
2688
2742
2288
1383
3341
282
3235
17
1614
628
662
17
380
2207
1042
1349
232
3176
1636
2933
131
886
2201
1413
126
347
2977
1659
2639
1456
1684
3422
366
64
435
563
2399
2444
264
1080
1587
237
1389
2312
1194
3422
1690
2038
5
2038
2148
1456
1219
1218
868
35
829
2255
2704
2503
50
281
2618
2892
2618
812
1918
2333
2212
3171
535
829
1384
1621
3292
3292
227
2677
1542
1078
1976
962
358
1786
265
1645
1456
2778
1088
388
467
531
584
531
481
531
2474
312
531
584
531
2588
1642
1232
962
2756
1389
509
2089
1976
1543
2778
2064
919
467
3110
467
2756
829
1976
83
23
962
962
2073
3422
349
3261
2624
3247
1607
2251
362
2029
1349
362
1812
2624
270
1577
1389
3134
3310
1669
1567
467
2490
282
549
878
467
2288
67
744
814
1048
962
962
2389
282
1316
2115
814
2920
467
2067
962
2389
549
962
467
3417
2115
1440
282
549
814
2920
814
2296
227
2945
962
1349
3134
2288
962
2499
837
2288
1455
2388
1249
1357
1336
3189
467
1456
916
2717
2704
3370
2474
924
1959
2288
3189
2458
1456
1088
388
531
584
531
481
531
531
584
531
2588
50
3412
2966
1274
1586
1510
3399
886
1385
966
1324
3134
2427
2288
3189
237
1389
282
549
814
2920
814
2296
227
2945
962
1349
2443
1131
2215
2648
962
3412
2966
1274
1586
1510
3399
886
1385
966
1324
2312
2778
2624
3111
829
2312
962
3134
3421
561
2630
2480
3292
1389
2486
3189
2194
2966
1274
1586
1510
3399
886
1385
966
1324
467
1455
962
1455
2288
1238
1844
219
3076
877
2064
3270
856
23
1634
2961
2706
550
3269
1489
2724
2140
1853
272
1683
332
3296
3393
509
795
1543
550
92
2557
23
1383
780
174
2507
914
1961
2064
23
550
2624
3223
3264
2966
1455
829
2180
1127
2488
3417
3422
2362
23
1389
3012
218
2333
2311
1437
2665
1582
2034
914
1582
2034
3142
101
669
1853
2624
609
2507
290
227
687
1018
3422
1389
3074
2828
2778
2047
3107
2892
747
452
1481
2323
2298
2290
1389
467
467
770
2288
1489
2140
859
837
282
928
923
2892
2427
1764
237
2288
687
2564
877
1479
2611
884
2564
3111
1717
2812
448
467
2735
467
467
2648
467
1683
2054
1877
467
228
2735
884
884
968
3114
448
884
3323
2564
1515
467
3164
1389
1976
1515
343
2317
467
1208
781
1683
3369
3276
2564
2333
157
3022
1959
1683
2290
194
2054
3111
1717
2812
448
467
2735
467
2648
467
1683
2054
2839
448
467
1877
467
228
2735
884
968
3114
448
884
3323
2420
3276
2107
1000
467
3276
1264
3276
467
2228
467
2632
467
738
2333
157
3022
1959
1683
2290
194
2054
1683
1666
467
2820
2054
3065
2107
2766
2611
426
1297
1595
2429
1515
1219
1575
418
1935
3024
1202
3074
1941
281
884
2931
1351
884
349
1515
3422
2822
2194
1976
2474
1666
467
2820
2054
3065
2107
2766
1972
1976
2731
467
8
1351
1515
290
1542
1583
479
3022
54
1504
2620
3276
281
1389
1504
884
2438
2564
2839
448
467
2564
2043
1418
886
1338
448
2677
2621
1220
1347
2839
2564
2420
3276
2107
1000
467
3276
1264
3276
467
2228
2564
2310
467
581
1351
1515
2054
1575
1790
1515
1082
1575
2473
884
228
1515
467
1478
467
1606
3360
1683
2272
581
1351
2993
1351
1059
2677
1888
1770
1547
676
1384
877
1479
2611
884
886
467
2474
1515
467
3164
1389
1976
1515
343
2317
467
1208
781
1683
3369
3276
871
1351
1515
3065
2107
245
467
1351
1515
2735
884
228
886
497
1683
3422
870
2778
1351
1515
3164
467
2820
3022
157
1683
264
1402
3022
644
467
1683
2371
467
216
1351
1515
713
1515
2528
467
3323
1259
901
523
70
3107
786
17
758
3110
1456
758
1456
2517
2369
3182
1684
3107
786
17
281
2717
1456
3107
2618
2892
2618
812
1351
1515
2685
2820
1684
467
2731
1351
2474
2645
3189
1175
2288
1322
2187
2288
1455
1322
2187
1669
780
3111
3111
2211
1669
3171
264
2288
3111
2778
3261
2547
829
396
2549
1442
780
3134
1078
780
2757
453
2775
676
396
404
525
50
2245
2528
2650
971
3292
1322
1828
2528
2290
3088
57
2288
3292
1322
466
2778
1322
3393
795
3292
1322
1828
2528
2290
3088
57
2288
3422
3328
1174
2288
2298
994
1336
829
2528
2650
547
2288
493
1976
2650
1976
2731
3320
2508
688
837
1793
282
2215
1793
745
1669
131
1633
1809
3422
2631
2766
1281
2778
2324
2143
973
331
2290
321
2290
2631
358
3067
3422
3153
1102
1715
3153
227
776
2333
2724
227
3062
3147
2801
1486
3438
2731
23
2335
546
2557
227
2219
2801
687
2288
2288
608
2801
2984
1349
2778
509
2089
2269
3213
1683
2801
227
1308
1794
282
2215
2207
3080
962
2174
282
2215
837
282
2215
92
2950
1389
92
1847
944
3422
880
2509
2288
512
3422
92
1539
2288
2301
2390
1929
1297
943
886
1270
2461
3111
1646
1226
226
2631
2207
1455
932
1389
849
1812
2624
1577
1389
2563
1497
603
3076
3437
23
3422
2557
1645
23
780
2034
2407
1396
2259
603
3261
1456
3088
2259
1793
54
1389
3009
1456
2657
1633
3261
826
92
2557
23
780
2194
1455
2559
3261
2180
287
623
3062
1972
740
3088
2555
3261
829
2984
1349
2778
509
2089
282
2215
1389
770
1308
1794
282
2215
1793
3313
837
1624
2624
3189
2288
3341
607
2983
3147
2868
1793
776
2131
3166
1793
2288
3324
2288
1445
2624
1187
3422
349
1286
2861
1211
1672
618
2413
1365
1812
1059
2828
3225
465
3422
3093
754
1802
23
546
282
2557
3329
1812
2290
1918
282
2215
2062
509
131
2953
2362
2207
1249
2388
349
1249
1995
2685
1386
2504
2972
1226
362
3088
2555
614
1249
1226
1972
70
2828
2638
1226
1646
3088
900
349
2645
118
3422
70
1389
1030
286
2624
1336
3422
227
2415
2089
2047
3166
23
227
102
83
23
227
23
1445
962
2624
52
282
605
962
1445
1119
3422
282
2215
3422
2215
282
1000
3422
2655
1853
1349
2438
2366
1860
227
102
1269
153
2215
2724
2215
3422
2637
2731
2965
1860
1812
2624
3088
1507
2288
3022
2111
435
2515
227
1812
2528
2650
1160
1226
1576
1764
3088
1972
698
2406
70
3417
504
3088
1080
2197
3183
2778
2143
973
226
618
1812
2624
551
170
661
3422
2679
1260
2624
1146
632
1489
2406
87
42
2882
70
3422
70
1018
3111
2866
3022
829
1616
2775
2775
467
3292
550
488
1175
2484
1607
550
3292
550
488
1175
2484
1607
550
3292
1976
23
2335
779
1391
3320
1624
461
2070
1088
2276
3292
3292
3292
3292
3088
3292
3292
564
3292
564
1389
607
2752
2427
1690
1389
2879
1542
3337
3111
859
563
2399
2588
1389
2778
3261
2892
1030
1483
3076
928
3303
3303
2475
989
1120
1389
1384
2312
226
33
3419
549
1116
1175
509
72
2524
19
933
3189
2985
509
160
2288
509
2985
2778
3292
881
1389
1771
2524
1455
3325
994
2207
1809
1579
2778
2284
2635
1809
303
1579
3412
321
466
321
466
466
3320
3422
2616
282
435
2549
263
1000
336
3022
3382
790
2005
321
532
1384
3356
3292
611
2288
264
2640
898
1456
466
3292
714
3292
714
1435
1435
1456
2043
1809
1384
3292
316
1678
886
1338
3031
3422
3031
395
259
138
889
2895
2887
2043
2453
1504
2778
2517
1455
2589
1455
1504
2778
1941
1384
3292
316
829
1579
303
3383
2225
259
1384
1456
1577
2589
1389
2043
3377
1717
1384
1456
547
777
3149
2065
1621
1384
1456
281
780
2490
282
633
2232
1633
1456
981
1970
3023
829
3023
1970
3076
2907
264
2288
886
966
1632
1926
981
1337
32
2564
3023
1970
3076
2907
2564
2473
2290
465
2490
981
1666
2907
1389
1455
229
2549
1806
271
2887
2232
844
757
3036
3076
1658
1337
2564
3023
1970
3076
2907
2564
2608
254
1989
958
1571
3269
521
3364
1456
3292
1333
1926
1926
3292
1327
1089
3292
1064
2138
3292
3292
3292
3292
3292
1150
3292
1150
3292
1150
3292
1150
3292
1652
564
3258
2376
1633
3258
2376
3106
3258
2376
3106
1926
2376
1633
3106
1633
2355
2760
564
1456
3189
33
1483
1481
2608
2043
981
84
3219
2207
2453
254
3144
1308
3137
221
3261
2892
1336
1970
1960
1970
1194
3036
2608
617
812
2892
1384
3292
3093
2113
3111
347
3444
2407
99
1988
550
1542
3183
2326
2312
1542
3153
780
829
829
99
623
1389
1467
2775
1264
1909
281
3074
281
1389
1705
780
886
3292
1389
1194
3076
2288
1322
1715
1456
612
2508
2508
1456
1993
2564
1993
2798
1370
719
719
887
2307
3360
3248
719
2463
3035
96
719
3035
1013
512
1561
2763
2307
2307
23
773
114
77
2564
281
2618
2892
281
2618
2892
2618
812
836
3076
1150
1322
2778
2175
1150
1322
1684
2778
994
1863
3176
358
704
1175
1472
1462
2752
3422
3274
1389
3076
50
2383
1504
331
1684
5
1150
2839
3093
2778
829
2389
904
35
2290
2427
467
3261
829
3417
994
1060
2665
3153
3344
1389
141
3303
2047
2054
829
3276
610
3107
1842
1622
2951
1622
1322
3189
430
2314
2297
1322
2435
1011
2484
1322
2624
2806
1389
1455
1622
1322
2624
3214
1224
2951
1150
3422
2062
2951
1011
2951
2435
2314
327
2187
1322
1413
509
1455
1224
234
2828
347
467
2503
3303
1094
2503
731
1413
1175
2702
3303
2983
141
509
3320
1153
3303
3303
837
584
731
2288
1455
3189
221
2078
1322
3097
2474
2933
701
1150
731
2288
1030
701
1150
2288
3417
1389
2951
2951
2288
2004
2288
3223
2951
2288
731
2288
3223
2029
623
2549
2187
2951
2314
327
32
3110
3189
1150
3074
3344
563
2399
1083
3365
1150
2290
465
708
623
829
358
829
264
1456
623
75
623
829
528
1349
860
509
2335
1175
1669
3002
1074
3261
1727
2679
3288
1322
17
336
3162
1322
17
1715
509
634
2207
898
623
3189
2335
509
3100
1793
1322
17
3261
1727
2645
2009
2211
3171
623
65
2675
1507
2335
2207
2711
1539
1715
509
3199
3441
2001
2756
2073
50
623
623
3306
2455
623
2335
509
2207
3275
3100
1402
1692
2335
1793
623
1264
3111
2162
528
676
361
3024
913
2904
805
241
963
623
1504
1249
1135
2589
2427
2616
1717
2112
1135
2043
1135
2054
1598
2728
1389
1150
657
1322
17
1793
509
634
2311
3153
1322
17
509
634
509
92
898
3199
1322
17
1322
17
3162
878
877
623
2054
1008
1455
676
3074
1264
2562
1322
17
1456
10
1456
2485
847
270
3023
1322
17
15
528
1620
2207
15
1216
528
2000
1175
2916
131
886
2201
3022
2539
1000
1322
17
1669
3111
3422
454
333
222
2887
1055
2716
3153
1336
366
3253
1336
2844
1022
3039
550
3422
931
3422
3022
33
1064
1456
3269
51
2148
1456
2844
550
2844
1683
552
1088
2844
1683
2844
2844
2719
2719
1860
1683
1683
488
550
2719
2844
433
550
1456
1504
1690
2887
2043
1582
2290
2616
222
2887
1242
1504
1457
3366
1826
2507
886
561
1514
3292
721
407
1308
1712
2887
3433
2844
1022
3422
550
1666
573
2244
573
366
1587
2814
1683
2536
2104
1683
2536
1039
1633
1330
433
2081
3422
349
222
3269
521
1853
1336
366
1349
550
617
812
2892
1384
3292
1882
1622
2839
933
1813
3189
2288
457
1456
1391
2611
3147
3292
3292
1322
3292
1150
3292
1150
3292
1456
617
812
2892
1384
3292
552
493
1887
2288
3320
2951
226
1483
2130
281
1918
3153
1110
1336
1150
2427
1083
3150
840
453
780
2645
2204
617
50
625
881
2333
1622
2951
780
1551
2933
679
3100
1793
493
1383
3111
3159
281
1389
780
2499
881
453
780
2288
1398
1288
131
2293
1715
221
1336
1456
2470
2288
32
781
1456
1340
1456
3100
1322
509
1340
509
23
1322
718
2187
1322
493
1684
829
1456
584
404
928
2724
2187
1322
900
1322
2839
1976
1146
1322
3025
2679
2951
2207
1060
1074
2288
1659
2639
2920
1794
718
1715
2288
812
2892
3112
1322
1150
1624
1074
2616
465
3076
2996
829
1281
2140
2650
482
3211
2477
2290
2563
2623
2072
3422
2290
1658
3153
2140
2650
2140
532
869
2996
829
206
2475
3153
2140
356
2290
3112
1455
493
1976
493
1383
493
1786
901
2911
2951
684
1308
1794
2711
670
509
2089
701
509
1264
1099
334
886
2959
2959
282
2888
1383
70
3407
2043
2311
546
795
1456
584
1456
2290
1456
584
1456
493
1383
628
3320
901
2236
1322
1221
1150
2288
1109
3320
1288
1456
3422
349
900
1456
321
466
2778
1322
795
1456
1789
1322
3112
2528
2650
914
1483
2951
2638
1789
1322
2618
812
2618
2892
3268
1310
657
1941
1060
1504
2951
2290
2427
3261
829
2561
1072
3161
2645
3341
3417
226
3357
676
467
1281
3159
1389
2470
2288
832
1456
1389
1641
1542
2624
2933
2956
807
1287
3417
1174
2723
1060
222
1358
2761
550
2070
2624
550
1872
2337
1594
550
1683
550
1683
2624
2798
550
488
1293
745
1583
2288
550
2624
1424
3320
627
1320
1977
218
467
1583
488
550
599
779
2624
3279
225
1793
550
1456
1340
1456
2983
550
1456
1456
1793
529
1683
994
2983
550
3320
1624
461
2070
1088
2564
836
2564
1555
2043
3036
2174
2069
2820
1424
2624
1607
550
740
488
488
382
335
2588
928
821
3367
3276
2490
3365
2966
1923
1874
3422
78
2157
2425
2333
2054
2665
607
641
389
1504
3364
2407
12
1064
1518
1855
2796
1539
781
1110
3313
124
453
1633
3422
641
797
2388
281
886
3292
1219
2667
2667
3110
3029
2288
1989
3300
981
1337
668
2207
2427
1389
366
981
1389
1030
3076
2490
3193
3089
1178
1178
1178
1873
282
1042
1266
1178
19
675
2344
75
2778
2208
1042
248
425
2848
1587
2892
780
708
1264
1384
3292
2892
564
3292
2742
2742
2742
368
2618
812
1766
1894
2702
3335
1542
1074
1375
2453
687
881
1389
607
1035
211
687
1673
3274
1310
1035
3366
812
780
1375
2509
1088
3422
536
2670
1403
2287
1383
3386
1978
1022
3277
2528
1690
2265
1456
1022
466
3329
2135
623
229
623
2892
780
1377
1577
621
1377
1577
2597
321
2528
1977
1658
3328
1976
1336
1322
99
1456
3258
1481
2975
241
3107
575
1877
1135
2820
2388
2331
1547
2138
32
1281
3074
932
621
3328
3111
2034
3076
1389
1060
2783
881
1150
2312
3261
2892
509
1017
33
932
1208
2920
1794
2951
318
933
3400
35
2985
509
3111
3159
2029
1621
1455
1264
1389
235
3020
1456
2034
2034
509
1322
282
282
2773
3159
962
559
3076
932
2951
535
3417
3193
2321
1969
3029
2288
2528
1017
2907
3150
625
1222
2920
2047
2920
2047
1017
1064
1383
272
1222
2920
2047
2920
2047
1017
2307
1622
272
1222
2920
2047
2920
2047
2528
1017
3427
272
1222
2920
2047
2920
2047
325
23
1886
1222
2920
2047
2920
2047
1017
1064
1383
272
1222
2920
2047
2920
2047
1017
1622
272
1504
1222
2920
2047
2920
2047
1017
1622
272
1222
2920
2920
2047
1017
1064
1383
272
1222
2920
2920
2047
1017
2307
1622
272
1222
2920
2047
2920
2047
1017
1622
272
2288
1194
58
2920
1455
2528
1222
1483
1624
3417
2920
118
465
281
2528
687
3193
2823
3111
467
3022
2290
889
2624
832
2731
3143
3417
1606
1522
3067
886
3233
3417
52
834
1362
3193
2778
3417
2624
2129
932
1156
2288
530
968
2048
2899
2288
575
945
1768
2863
1790
2691
2677
1669
172
1393
1455
467
3417
229
1598
467
2920
3422
1264
3111
1288
3412
3366
2129
1389
3377
3193
3417
2131
2724
325
1654
1135
3417
2255
1135
1771
1402
3111
1288
1135
3417
2474
1456
886
3417
1926
1391
2539
2307
3292
886
3417
1926
1391
325
23
1886
3292
886
3417
1926
1391
2528
1017
1064
1383
272
3292
2828
160
161
886
3417
1926
1391
325
23
1886
3292
1926
1391
325
23
1886
3292
2490
1391
325
23
1886
3292
3292
3292
886
3417
1926
1391
2528
1017
1064
1383
272
3292
1926
1391
2528
1017
1064
1383
272
3292
2490
1391
2528
1017
1064
1383
272
3292
3292
3253
3292
886
3417
1926
1391
2528
1017
1064
1383
272
3292
1391
2528
1017
2307
1622
272
1504
3292
886
3417
1926
1391
2528
1017
3427
272
3292
1391
2528
1017
2307
1622
272
3292
886
3417
1926
1391
325
23
1886
3292
1391
2528
1017
2307
1622
272
1504
3292
886
3417
1926
1391
2528
1017
1064
1383
272
3292
1926
1391
2528
1017
1064
1383
272
3292
2490
1391
2528
1017
1064
1383
272
3292
3292
3253
3292
886
3417
1926
1391
325
23
1886
3292
1926
1391
325
23
1886
3292
2490
1391
325
23
1886
3292
3292
3292
3292
3253
3292
886
3417
1926
1391
2539
2307
3292
1926
1391
2539
2307
3292
2490
1391
2539
2307
3292
144
3292
3292
3253
3292
886
3417
1926
1391
2528
1017
1064
1383
272
3292
1391
2528
1017
2307
1622
272
1504
3292
3292
886
3417
1926
1391
2528
1017
1064
1383
272
3292
1391
2528
1017
2307
1622
272
3292
3292
3417
3417
1926
1391
325
23
1886
3292
3417
1926
1391
2528
1017
1064
1383
272
3292
3417
1926
1391
325
23
1886
3292
3417
1926
1391
2528
1017
1064
1383
272
3292
3417
1926
1391
2528
1017
1064
1383
272
3292
3417
1926
1391
2528
1017
3427
272
3292
3417
1926
1391
2528
1017
1064
1383
272
1391
3292
3417
1926
1391
325
23
1886
3292
3417
1926
1391
2528
1017
3427
272
3292
1757
886
3417
282
1507
1395
282
1349
536
550
23
3373
550
2711
2089
1349
1507
1715
1194
2553
2064
366
1349
758
391
2054
2624
917
509
1064
1175
3445
2731
1654
3422
3356
3110
466
1039
2409
33
2174
2724
1349
1212
2977
482
3422
1349
3320
282
396
3137
994
282
227
2801
917
2724
227
1365
745
1290
3193
1456
809
1290
1059
1149
227
2801
2624
1212
614
2801
227
1598
2235
3320
1349
3422
1793
227
3422
2631
3260
2455
2427
3261
2054
1549
1869
3417
264
2290
3417
3261
2892
2624
2801
324
2624
698
1235
618
1030
227
2428
719
2677
3366
2920
118
2288
2290
2724
2288
2920
870
2288
1153
3400
535
924
3417
535
3341
2288
886
3417
1135
535
3270
2528
2920
366
2920
1391
325
23
1886
3074
2539
2307
3417
2827
2290
932
2138
1194
3395
1090
3366
2129
3111
2054
1288
1533
886
3417
227
2977
2801
45
270
2609
3320
3422
1520
2828
1391
2528
1017
1622
272
1504
917
2724
23
550
1507
23
1789
2624
814
481
2539
2307
33
3433
618
2184
2624
2322
618
1504
3336
2801
1059
3366
2129
2766
2390
3422
2679
2288
1504
294
52
227
618
2539
886
3417
1175
776
45
2287
1445
3147
290
1200
3137
886
3417
2778
2054
467
1637
1059
441
2983
644
2801
1235
618
1504
294
917
1669
3366
227
3422
2631
2427
467
1456
2778
2288
2288
531
2288
2333
531
3417
965
3193
603
564
1391
2528
1017
2307
1622
272
3292
603
564
1391
2528
1017
2307
1622
272
1504
3292
2490
1391
325
23
1886
3292
1712
1513
467
2288
264
2147
3422
1382
70
2288
3329
944
2624
1059
2801
3366
2129
1389
2637
1793
290
45
76
608
2290
2427
2778
2624
795
531
481
531
3417
2288
2528
1926
1391
1017
3086
272
3292
1391
3292
3417
1926
1391
325
23
1886
3292
3417
1926
1391
325
23
1886
3292
3417
1926
1391
325
23
1886
3292
1712
1497
1135
2677
3417
2109
3341
535
3417
3183
326
98
2528
2651
2602
3417
3341
535
2987
2474
2778
2453
1288
2801
3417
3417
2616
467
2388
2711
3417
3276
3159
1384
368
2203
2120
2361
2528
2528
3022
889
467
3022
3111
2054
1288
564
2801
751
1060
237
1059
237
2288
2966
227
3165
227
33
751
3360
530
1455
237
2288
227
2707
237
2288
2966
227
3165
1349
2707
1383
1371
3413
3153
23
1611
895
1758
2366
237
1349
3165
1826
751
1349
3422
3165
2756
1365
1761
3422
3274
2311
2588
564
2801
751
1976
886
2201
2135
2478
623
2311
1389
3341
1389
281
2645
2455
237
2288
520
227
2054
3422
2827
563
2399
2616
2225
1389
230
932
1389
1030
1070
2677
3417
2427
237
32
795
481
3422
584
1793
1456
281
2504
765
2616
1333
2650
2406
1598
2369
1620
2920
1794
769
784
2362
510
366
366
1616
1455
2927
3417
2982
3019
795
1658
2311
2057
2528
1004
2406
3422
990
691
1482
1803
1375
1717
1972
2376
70
618
3310
467
338
2403
1030
3261
847
1030
3422
615
1646
3358
3022
432
754
1226
1249
3422
2679
1582
2528
1004
1456
1715
1288
623
928
1511
754
928
623
3265
683
110
877
1827
3410
3377
2724
2001
1624
461
1976
321
2022
2724
395
282
2288
3422
356
2920
1794
221
1481
1665
604
335
2724
898
1665
3111
3276
2724
2001
1624
461
1976
2724
2724
837
681
1456
2645
2983
1134
765
2616
1333
2650
2970
932
1715
3183
1827
336
3093
478
681
836
2820
2624
1598
668
2007
2288
281
780
83
1918
623
3189
2455
2778
172
2828
2966
1456
2778
2131
1264
509
372
2840
1203
2920
2916
2288
2288
1681
617
812
2892
1384
3292
453
1912
1582
467
1791
2312
2976
1322
2507
2989
453
321
2650
795
1520
1322
467
1781
2443
2731
3417
2507
2989
2616
1582
3097
2979
2616
2758
1067
617
812
2892
1384
3292
1712
812
2892
1384
3292
2616
321
2650
812
2892
1384
3292
2616
3164
3111
3444
467
3111
3095
1582
1504
2427
1389
2851
561
3189
2778
966
829
3199
3189
3029
2288
3417
3189
33
509
2288
3111
1582
237
2288
349
1017
795
829
604
28
817
2778
966
829
3111
347
3444
971
2311
2288
2288
1633
2372
2840
2131
2427
3189
33
509
2508
1455
2840
3021
2840
2616
2840
3184
817
423
2977
21
509
1017
3022
2851
561
2312
978
2039
2333
1375
2311
2288
2288
1633
2372
2840
2131
2427
3189
33
509
3417
2724
829
3111
3412
3111
226
131
632
829
2187
1322
3422
3171
1384
3292
1384
1621
3292
1349
3292
535
994
2776
1456
531
1959
584
1809
962
531
962
17
227
1959
531
2588
1456
1624
1074
563
2399
2455
1083
3365
1150
1504
1946
2201
1249
1809
1916
2776
1712
1281
2778
795
481
2924
1455
75
623
780
1705
2605
1456
623
2717
1347
1500
2698
122
3111
2377
1773
1942
814
1320
919
3088
919
1960
618
3327
2606
3437
2761
2557
126
2557
2145
23
1634
2607
3147
2674
2557
3176
1261
2724
1320
1942
618
2290
2616
1942
1633
919
3088
2616
1456
1455
1922
1879
1219
3054
467
467
3422
2631
900
2766
2846
227
814
140
1320
99
3422
2145
814
255
3085
812
780
2287
2557
160
227
52
1022
2631
1721
3224
2485
2387
1683
2145
2926
623
3088
2287
2557
1721
3224
2735
884
414
3029
1059
467
467
1272
2631
467
2387
1683
32
2288
227
466
2985
1571
757
1416
795
1416
757
264
130
2648
881
552
326
552
2977
3320
2054
1505
2994
1872
35
2302
623
2025
1846
1455
2557
1384
3292
1336
467
3307
2778
3417
886
3171
961
2470
1983
829
1701
2329
434
434
3163
877
2564
3422
2311
2290
2492
1669
1356
2564
2801
2517
1446
3422
1669
936
1627
2549
2981
3404
3022
676
1860
2517
13
1375
3341
2717
259
210
886
2225
961
2645
1462
2135
2745
32
1783
1336
1412
3022
611
1507
1150
2685
2333
1579
3422
994
836
1472
1462
1175
2312
3422
33
564
467
2064
3022
2399
829
886
966
2982
2983
1336
1545
829
2438
928
2778
1684
829
886
1336
1391
284
3363
1264
2983
1336
1627
277
2778
1462
1412
1349
2029
264
1456
396
676
1412
227
603
3416
2820
1412
391
2887
1412
2054
2665
1389
2312
2778
1030
1456
2274
3022
1542
33
1154
2298
2933
1389
2778
797
1715
973
928
3261
2892
604
1014
973
3085
2288
886
3292
2778
264
153
3111
3189
33
3193
412
1456
206
3096
3096
118
2288
3085
2983
3111
1389
1060
3422
2427
467
535
1732
1456
3096
3096
2279
3096
3085
3096
2778
777
3422
1053
535
535
1621
886
1621
3292
617
812
2892
1384
3292
1264
2288
2717
1264
3189
3422
3284
1007
2382
467
104
1946
2549
617
812
2892
1384
3292
1793
2344
1007
1634
2704
617
812
2892
1384
3292
203
981
463
812
1698
1384
3292
203
981
463
2294
237
2288
1950
928
1281
3074
779
1391
3320
2288
1215
3292
3292
3292
3088
3292
3292
3292
564
3292
564
3320
2625
2681
1389
829
2618
2892
396
812
3189
2288
2907
981
2907
981
2389
502
757
2960
3417
2070
2089
2739
3219
509
3277
281
2618
829
981
3327
281
812
2618
1643
203
981
281
2618
829
981
3327
1633
981
273
97
281
780
509
829
1150
2983
829
2298
994
2288
2563
1587
459
1456
1622
2333
1622
1456
325
1322
3204
1333
2504
768
3314
2497
1322
237
1622
459
1715
741
2833
1813
2951
611
2288
3189
2288
741
2833
1322
1789
2951
2187
1194
3276
1322
1389
3341
1264
396
3111
358
1264
780
1150
1455
2187
2951
780
2961
1633
58
2539
3431
524
1330
780
2961
1407
1264
780
2892
50
347
180
871
1135
829
281
632
1542
1624
1389
1542
1264
2624
812
780
1389
1060
780
70
3422
1264
368
2288
2631
1336
687
3417
221
829
687
829
2826
33
501
1336
2968
1778
2427
237
1389
730
2288
3069
2288
1384
1590
898
282
2533
2344
1587
599
1715
1178
1715
1007
1336
1194
3111
3189
3417
3422
2245
2288
2966
2966
2677
3189
2288
2382
467
3417
1791
2312
898
1715
2043
2427
3298
3153
573
467
2887
2966
3153
3341
3076
2312
3153
2618
812
3111
1106
281
829
1504
829
2290
1658
3153
547
3269
521
3153
1110
3029
832
2077
1034
1336
3189
2887
2828
2778
1633
416
33
3261
1456
1336
416
33
2414
416
1017
33
3153
1069
1456
23
776
1456
1456
321
2022
23
776
23
776
1456
3153
1456
2474
1333
2624
1827
23
290
1587
2618
2892
676
2288
1527
3176
2288
1297
1542
3422
949
1204
1633
3258
1633
3258
156
3258
156
3258
156
1413
3258
156
1413
3258
156
1413
3258
1413
3292
3292
1064
2138
1542
3422
1264
1423
812
3019
1264
344
241
2185
1135
2532
859
2043
1709
1709
1709
1709
1709
1709
1709
1709
1709
1709
1709
1709
1709
1709
1709
1709
1709
3386
1709
2536
2290
75
1709
2536
859
1455
1281
2427
1764
859
1709
2907
2290
1918
281
1389
821
3186
1456
3206
2892
812
2311
617
3314
2475
3341
1497
3206
1976
1384
3292
2823
780
2742
780
1587
279
1384
3292
2823
780
2742
780
1384
3292
2892
564
3292
1064
2742
2742
2742
368
1384
3292
2892
564
3292
1064
2742
2742
2742
368
1375
2490
1389
1587
1264
1389
857
2257
3422
2778
3258
1633
3258
156
3258
156
3258
156
1413
3258
156
1413
3258
1413
3292
3292
1064
2138
3292
3292
3292
3292
3292
3292
3292
1587
780
3007
3276
3176
279
1264
832
326
3314
1709
2536
2054
919
2963
708
1695
404
243
1347
3089
687
3422
318
3153
2438
3339
881
1785
35
1017
1456
1456
3422
814
1456
1456
2892
1456
1456
1308
2920
1456
1456
1264
453
1705
623
780
2892
780
812
1603
1410
3111
2377
1080
1918
281
829
812
550
2985
550
3320
321
550
1793
776
2778
2724
550
2528
2490
2470
530
106
1622
1194
1720
1041
550
618
617
812
2892
1384
3292
1826
1633
321
1455
3314
453
2711
1633
3379
2933
1389
1455
460
1587
3111
3431
550
1571
2724
3320
358
1918
802
524
3422
283
1793
3223
2288
2968
326
2624
2717
829
3027
2618
2542
2389
423
1587
1456
2125
2645
3313
3153
498
923
2043
3276
281
923
2167
1783
225
886
2406
3292
2427
3344
3341
3422
54
2588
1389
2427
237
2288
1950
2427
349
399
2532
2312
1333
336
2288
2563
1038
2288
1455
3193
2298
2724
2288
1972
829
1827
3410
2801
3417
1106
3029
2288
2985
509
3111
2866
2288
3422
2724
2724
462
923
1375
1518
2778
2775
2288
971
3110
2677
2775
2775
2677
1757
3029
1281
3292
1333
1976
23
2335
632
1384
3292
3111
399
2532
3292
3088
3292
481
1959
3292
481
1959
3292
481
1088
1088
1088
1088
1088
1417
399
2532
1715
2528
2650
2013
1504
2778
966
1030
898
730
2270
3422
795
3171
886
1621
3292
1349
3292
535
2775
2820
2775
2775
2069
1384
3292
1659
2639
1417
399
2532
2455
1455
399
2532
336
3276
281
795
481
790
584
3111
1582
3041
166
617
1264
3074
3111
3313
1542
283
989
1684
829
3153
768
1030
2499
3153
3269
521
3022
2820
3419
2054
206
1587
1684
829
884
3417
617
3153
1264
2618
2892
2618
812
3153
2645
3112
467
2618
2892
2618
812
3111
282
221
2563
1624
3320
914
1308
1794
3422
3242
3189
2892
2717
829
1863
404
837
795
754
282
1791
453
3356
2618
2892
2544
584
336
2611
1715
1456
1088
2544
1322
1456
3422
2544
584
349
584
928
3276
222
1456
282
2368
1182
550
3390
1322
626
1322
318
612
2131
281
2624
780
886
3292
3093
1389
1194
3076
1455
2288
281
3111
2096
2507
1030
3422
1455
2735
467
2801
453
1264
2616
2735
467
2705
281
2892
780
453
2735
467
1582
3422
1732
226
3107
1336
618
1456
1732
758
467
1860
467
1607
390
467
32
467
779
1310
550
2724
1793
3140
2396
657
407
1809
751
2887
668
2490
3276
2703
829
467
2618
884
2168
2588
1389
2479
1182
3004
2676
1456
75
932
3153
467
1336
467
2717
32
1633
2290
467
2230
1661
2618
2618
2427
3347
453
884
2618
453
2455
3261
2230
928
222
1336
1544
3022
2230
2131
900
1089
3115
366
2465
1412
1288
3067
2333
3029
3115
2230
1412
3269
2443
1456
1775
1587
2618
2704
248
2812
771
467
1039
2704
1715
549
1455
521
453
1327
588
2812
227
971
153
2312
531
1809
531
584
17
102
531
102
584
584
102
2685
1084
584
1157
1022
1157
1022
1251
584
1022
1251
2685
1157
1157
1157
1157
3358
525
2616
1157
2793
1288
1162
1077
886
1162
3292
701
1162
1077
983
1918
2985
1336
2537
1620
2312
658
1384
1162
3292
701
1162
1077
1946
247
607
2565
1918
1389
3276
2288
2312
1747
1212
687
3422
1264
617
812
2892
1384
3292
3093
58
1088
3085
812
780
1389
960
48
3422
3253
962
1623
227
1389
1889
2108
1587
3422
281
332
734
3397
52
3403
1059
1542
32
1456
75
1587
780
1705
3259
1251
2120
2029
1014
2771
3111
2377
623
1014
3397
52
264
1588
2771
3397
52
2704
227
2771
2427
3347
708
1264
780
812
780
2026
3063
1684
3159
687
969
3111
326
2611
2650
1582
483
785
91
1160
3253
2533
2694
2288
3253
1778
59
2760
418
1497
2475
12
520
961
3022
1542
2150
1175
1097
1583
1577
1389
886
204
3303
85
951
520
366
2288
3437
1030
91
2804
281
2618
2892
1624
2427
1083
237
2288
2933
1598
2601
2427
237
2288
1389
237
3417
2427
318
399
2532
318
1633
104
751
1297
2382
1084
751
3405
92
520
1059
356
1793
1030
227
2801
2588
1455
227
3189
3422
3085
812
780
336
2290
3325
3193
358
1018
2340
623
229
1389
623
3422
708
2892
829
812
1264
2892
1095
453
2244
264
52
1562
2499
886
1308
1349
354
1308
1338
453
1038
2544
65
1104
3327
623
1478
835
1264
1389
2820
884
623
623
877
467
623
571
914
467
453
3276
607
3023
99
2694
2187
1322
1322
92
1322
814
1041
2812
2208
955
1022
795
953
281
886
3292
1611
3186
1022
1504
3074
1175
919
607
445
1175
1022
3422
349
2569
642
1041
2716
818
2507
1041
1504
1288
1175
2539
501
3135
521
1456
99
617
623
676
1150
1960
623
3417
994
426
1605
1150
1633
932
827
886
118
2054
467
32
2288
264
1976
1389
2312
829
3422
237
3417
2269
3422
133
363
2269
427
1089
1768
709
281
3057
2290
535
2775
2528
2288
617
812
2892
1384
3292
1264
1671
235
812
1698
1384
3292
1264
1671
235
281
1455
973
3422
2679
2563
1000
3111
2369
1389
1542
2778
272
780
2084
453
3114
2704
2853
1587
1976
2311
2802
1558
1455
3194
1587
1389
2312
2597
2408
1587
3093
1006
2704
1194
2288
3422
2245
962
2389
53
3194
1587
2853
780
886
3292
148
1370
3277
1571
1456
1715
3106
1456
1756
2544
795
2778
3261
2544
1370
1456
2812
1370
837
2544
1370
1251
2544
1175
1642
1370
376
1264
1281
2778
1684
1410
221
2207
2047
1483
2778
1322
3267
2798
1322
913
2154
172
1322
453
1587
1705
3206
886
3292
2892
886
3292
812
3111
2377
3341
1264
933
1070
1281
2778
2951
2435
741
2435
2685
2957
741
3153
1577
1389
933
221
1793
1389
3076
716
453
3320
933
741
2951
150
3206
886
3292
2892
886
3292
812
3274
2626
1389
535
2312
2775
2335
1745
2564
1377
328
1715
1332
1715
1389
836
2528
193
2170
2628
3113
1060
1389
780
3422
3274
32
3021
1745
2351
3422
318
32
3422
3274
2311
3074
1785
35
2626
2892
1308
2920
1065
2626
1585
21
2174
574
2438
3339
881
1785
35
1017
1078
389
780
535
2775
1322
3199
3199
2351
1013
1990
1745
2564
1013
1715
1624
1745
2564
237
467
2288
467
1613
3159
3193
2288
2775
1771
2626
1389
1013
1785
35
1297
1494
2225
1497
829
3153
1810
3079
3320
35
5
467
2288
117
2778
161
3193
2225
2288
986
509
886
120
1176
1324
2354
282
2288
1622
981
586
1194
1070
1389
1175
1970
2887
282
221
2312
1389
1384
3276
1383
3137
705
3320
1075
282
2427
237
1950
1336
706
2290
860
2290
2230
2131
1199
1218
706
673
2501
1336
1075
115
2716
1389
2564
2587
1194
2230
706
1363
1336
860
1850
1464
1075
1308
1794
126
1336
1203
2514
2564
18
1150
42
1203
1464
1308
1794
42
1850
1464
1203
657
3364
1456
1864
2230
1375
932
1389
501
1989
3085
812
780
453
1264
780
1705
2768
1395
1119
1645
2335
546
3111
2377
1624
1455
32
3189
2427
467
3261
1616
1083
1644
617
812
2892
1384
3292
2812
282
1455
529
3422
2766
282
529
2812
282
584
3422
1264
1472
3150
2616
2775
1011
453
1587
780
2312
3261
2892
1497
829
396
1753
2029
1579
2054
2665
886
3292
2275
2892
814
2123
2438
264
1456
250
2438
1464
2820
2757
396
396
1753
396
259
1078
1813
259
829
2775
2775
1826
3417
1813
44
3422
3310
396
2138
2143
1621
2757
396
2657
829
316
453
1587
780
3111
3159
1587
812
780
453
3320
281
1659
2639
1135
780
2549
3167
3145
2427
3046
2179
2645
65
2054
2665
2043
2704
698
3022
584
1478
70
584
3422
453
2588
153
3292
144
3135
2588
2288
584
2685
2588
2288
2288
2588
2288
584
584
2685
2588
2588
584
584
2685
2588
2588
584
453
1264
780
2382
267
2588
1633
1690
453
1264
812
780
3111
2377
2492
3422
318
623
1497
2892
829
3111
281
1132
453
1587
812
780
3150
3183
23
2661
2563
221
1336
2778
2951
1976
1918
2951
3292
2544
2801
2104
2544
1813
2951
611
2047
2951
2047
2951
2047
2951
325
1322
2047
2951
2
221
1336
2312
939
1194
1624
1455
607
1497
2652
2778
2951
1483
227
829
829
281
709
1712
1333
2288
271
1864
2716
586
3023
1150
1389
932
689
1456
1624
3074
2194
2611
1056
3110
603
3416
1455
1095
3090
2819
599
2854
2323
2823
2288
750
1624
1389
1717
1389
1032
2616
2826
2829
561
2438
1389
2827
2075
1575
1456
509
1219
1455
2528
3110
32
621
1297
2759
3218
70
917
2839
2539
584
453
1264
3206
2933
3264
3189
754
3111
3159
1959
932
886
3292
1346
1948
2202
70
131
48
1579
2298
2679
2298
550
23
550
488
1082
2528
1080
2624
829
2724
795
2778
488
550
65
1633
2801
550
2950
2679
241
795
3313
2624
1030
2290
3264
1793
2631
1683
2624
3223
1812
1059
1216
1789
2624
2427
2778
2624
2778
2776
3153
481
2778
797
1715
1652
790
2491
2624
2427
3159
2614
1658
227
550
227
2724
1683
2624
2235
2174
2174
3422
1264
1135
1122
2780
2244
611
2624
1455
608
3254
2724
608
3088
795
2778
227
84
3088
1499
2244
1652
133
3054
2555
1055
550
2624
957
3422
2679
2311
2679
2244
2801
1059
2364
3314
1685
1481
2970
1504
2714
2290
613
2528
926
2714
227
2631
23
270
52
1486
2557
2638
23
270
698
1793
2801
23
2259
134
1507
795
2694
52
1386
1793
1395
1549
973
2054
2665
1455
2054
580
227
1809
3422
318
1391
1455
608
550
1017
3292
3292
3292
3292
3292
3292
3088
2616
1605
829
2631
3191
1389
1658
2550
2311
1598
521
2473
1720
2714
42
1135
530
1445
2549
3277
3176
2624
1622
1135
2364
2290
2679
1335
11
668
282
11
617
812
2892
1384
3292
3235
2021
282
1835
829
282
1835
829
2778
2892
829
2758
2021
829
1456
1389
2933
2524
881
1389
281
780
3111
963
780
1336
2288
3320
1338
35
33
1150
2524
3111
3159
396
3276
1030
829
829
2650
466
1322
2724
2187
1322
466
1322
2778
1322
795
33
2685
1322
535
1722
466
532
2724
2187
1322
33
237
1177
1336
221
1587
2933
70
829
2731
901
2680
2653
1015
2438
2694
777
2906
3111
1669
2312
509
1722
2178
1678
901
1605
2528
1316
2778
1175
829
3320
1338
35
1316
2776
2304
227
2645
2313
676
93
1547
467
2064
2778
829
467
1793
2343
187
2729
2438
676
1722
2906
3276
1175
1336
221
1587
1177
1793
466
466
1322
2724
2187
1322
466
1322
2778
1322
795
2685
1322
1030
3422
1860
1456
991
1322
676
1694
2288
994
1336
1633
829
1868
2694
777
2906
2680
676
70
3128
1860
2194
3111
1669
687
118
1633
230
1542
2544
1542
2588
1633
1060
3422
829
3153
3397
1264
829
3022
1542
3111
2383
282
264
1455
1194
932
1336
2053
2196
634
795
1455
226
3111
1702
2298
2288
886
2406
3292
1457
884
2775
1194
2312
1542
623
2536
1088
2872
1683
881
1349
550
2603
1001
881
837
1088
453
1018
3206
3111
2032
2616
2844
623
1365
791
3416
1715
501
1403
2536
2778
2603
2613
881
808
623
1753
881
56
1753
1088
2603
881
1245
1690
832
817
751
1542
2549
3422
2812
2069
2588
23
2652
2616
2588
1633
751
2406
1875
768
2564
2652
2616
2588
1633
751
2406
1875
768
2564
3314
886
3292
2043
1322
2454
226
2769
2951
1442
1074
453
2829
617
812
2892
1384
3292
504
3364
1384
1012
3292
2940
2892
1384
1012
3292
2940
2892
745
3276
467
2273
467
2380
886
3292
1389
3404
2407
1194
989
3258
1456
908
829
1456
617
812
2892
1384
3292
504
3276
3322
1012
2753
1264
2546
709
3281
1836
54
1389
281
617
812
2892
1384
3292
2600
2778
2892
396
1456
989
3292
908
829
884
2820
852
3193
2642
2054
1465
3013
1575
3292
994
3292
2054
1465
3013
2528
1089
530
416
1683
3258
3258
1089
2414
2414
3292
1327
1089
3292
1327
1089
3292
1150
3292
1150
3292
1064
1327
2138
3292
3292
3292
3292
3292
1064
1327
2138
3292
3292
3292
3292
3292
1150
3292
1150
3292
1150
3292
1150
3292
1150
3292
994
1456
1384
3292
3024
812
2892
1384
3292
698
745
2290
1111
170
1456
2490
2082
2250
2528
919
1456
2414
886
2776
1089
2414
2082
1089
2344
23
1456
584
2414
2414
1456
453
2812
919
603
3416
2643
1111
170
1918
453
399
2532
2585
1417
3172
2620
1456
194
2930
2257
2251
1456
1345
2429
3422
349
2778
3088
372
3066
2643
14
2556
1620
2312
2920
17
672
470
52
1389
1542
438
2269
1598
2298
1710
2290
2611
399
2532
3292
914
2968
399
17
1226
2290
237
2288
1219
399
1196
928
2841
2926
1675
2509
2778
1456
1017
1669
1712
2922
3198
3064
530
3
2428
2131
174
1455
460
2624
1022
84
2140
1375
3422
949
2290
949
1456
399
1196
914
2490
2611
399
2532
3422
989
1456
1456
237
2288
2427
2783
2408
1281
808
2616
272
2436
3422
2616
399
2532
1456
2490
1926
3292
144
1926
1088
1088
1926
499
1926
1088
1088
1926
499
3292
144
3292
144
3292
144
3292
144
3292
144
3292
144
3292
144
1456
2443
159
1683
605
33
2509
856
1088
2500
478
1624
607
1811
3029
3189
2801
2427
1504
237
1659
1089
281
2645
248
2801
2564
374
2564
1960
1018
1946
2951
2569
3314
2263
45
2671
2235
374
3111
3111
1959
3022
1271
881
2539
3022
881
2549
2904
881
3022
1322
3280
881
2631
2207
1456
1264
482
1583
1715
584
3076
1389
1132
409
2507
187
881
52
2382
52
687
1793
52
2933
2603
2507
2395
1793
35
1135
2369
1712
2507
2799
3004
2311
2290
75
1511
881
2724
2933
281
1389
3023
2288
944
1150
1440
2507
604
1322
3021
625
1116
2259
795
1887
1863
1243
2611
3147
2507
2811
604
1224
241
2951
2564
493
2839
3422
177
493
2839
2756
1322
2064
2611
3147
671
493
2854
2564
2704
2244
2778
3147
248
1041
2933
2507
453
1224
234
780
2382
1500
881
2427
70
1211
2756
2507
2933
282
2507
509
812
3153
3280
2951
3280
3147
2507
687
3147
2507
2192
2799
1322
2390
3021
3023
881
52
1322
402
38
826
3153
829
2820
3417
914
582
1264
617
812
1698
1455
1384
3292
1224
2611
3147
52
2724
3277
2933
2507
1271
1322
1389
3093
881
52
1456
1088
1456
1456
1389
1322
318
1017
933
1461
1211
1194
212
2507
310
1615
687
3140
2311
1548
70
1211
1455
1211
884
584
2025
1384
1135
3292
1154
2742
282
1048
2685
2455
2455
3422
1365
35
3235
2218
1976
1322
3021
35
2407
21
1238
3280
1481
858
1456
196
2686
2716
1715
2507
1389
1322
2250
623
1971
1456
177
2778
1322
881
177
1456
2778
881
1082
1218
933
3194
552
1456
812
3280
2951
2439
623
2778
881
1106
2228
884
240
2549
3417
1358
415
3422
1187
1365
349
3314
1264
687
1456
625
1175
509
509
509
509
509
509
2094
227
509
509
509
509
509
509
1624
668
1030
1389
3076
3422
70
3134
358
33
2404
776
898
2652
2679
2564
1715
1168
744
2187
2564
3189
2288
2528
1316
2528
2650
237
3029
2288
2528
2650
3189
2528
3029
467
3189
3412
2427
237
3029
751
1633
1583
790
1455
1182
2043
1727
3223
1539
744
1952
1018
1946
1669
358
758
1715
2549
358
282
153
210
1809
1715
2713
153
2740
889
3313
1659
2639
2920
1794
1384
3292
1281
3074
2062
509
35
227
3422
487
881
795
509
226
336
631
749
881
3253
509
2705
678
50
1246
2311
1705
2564
3422
70
70
2564
2569
509
2187
944
1322
881
631
484
2187
1322
684
625
493
2787
1455
493
1817
3422
2724
493
484
2290
2439
2290
1384
1456
1326
2802
1326
2066
3417
1349
2288
366
1438
1030
744
2288
366
2288
501
509
33
2288
33
32
2966
509
23
1175
625
2290
536
32
2288
832
530
509
32
2778
1308
1794
2557
2985
2288
3422
2619
817
3192
493
2887
2167
521
3422
2724
70
2311
2290
467
2985
3025
3422
1976
1022
705
3025
2427
237
349
1017
795
1478
881
2455
1659
2639
2089
3422
2724
817
3422
70
70
2288
98
3193
3076
1634
1308
2920
2021
3197
1634
2288
1793
1456
3036
3055
3135
795
453
780
3422
1455
282
2288
2288
2528
2611
2455
1175
1389
1264
443
3417
3367
617
3111
540
2830
1264
467
607
3023
98
1456
1456
3320
281
932
2312
2778
481
1219
2528
2650
1504
2054
1866
3390
676
2989
1237
1384
1338
1923
368
1481
1856
2399
2054
1851
3074
795
365
1768
3313
1425
716
2032
1504
1970
2399
2054
1504
1658
1946
2379
1697
2648
2290
1837
2298
994
1855
2288
367
2778
2892
2043
2453
282
2288
226
2488
1024
367
1024
795
336
781
2806
248
2618
2892
2618
812
2562
1771
3314
781
2265
1511
282
2544
1349
1634
914
2544
749
1095
3022
1771
3111
2377
2265
2138
270
1984
2138
2138
552
51
1971
2766
1000
605
1727
1874
1030
362
836
795
944
623
2043
326
172
1456
2043
3111
687
1194
1074
1918
3079
1264
54
1960
201
1034
201
3111
2594
3444
3022
1771
2427
1788
3076
2291
89
2963
2083
587
886
3292
3111
488
2333
1070
2288
2977
2244
777
676
607
777
1669
3193
1542
1456
623
2427
2616
623
267
267
676
607
777
3193
886
3292
2561
3032
3209
50
3274
99
1389
2312
3064
3107
1024
1455
359
2524
3422
3274
221
3417
802
3193
99
1786
1455
3183
3088
1715
681
2288
681
2820
181
2167
181
284
754
1669
928
3088
919
3261
603
564
1926
3353
1430
516
1690
1015
1015
3253
3258
146
1926
146
1926
146
1926
1088
1088
1926
1088
1088
3292
3292
3088
3292
1322
3292
1322
3292
1322
3292
1322
3292
1322
3292
1322
3292
1322
3292
3292
3292
1064
2138
3292
3292
3292
3292
3292
3292
3292
564
33
396
3322
3203
2054
2759
2820
467
467
3203
962
17
608
608
603
564
1926
3353
1430
516
1926
146
1926
146
1926
1088
1088
1926
1088
1088
3292
3292
3088
3292
1322
3292
1322
3292
1322
3292
1322
3292
1322
3292
1322
3292
1322
3292
3292
3292
1064
2138
3292
3292
3292
3292
3292
3292
3292
564
33
396
3322
3203
2054
367
2043
3111
3153
657
1267
3341
2279
1416
2333
1174
467
3417
3422
2588
3111
2961
1633
1088
1088
314
795
837
944
1678
2812
1088
653
314
1389
1060
2054
2665
131
2761
2145
2375
1683
3022
1542
2721
561
547
1074
2933
1455
914
3274
1389
282
1654
1349
550
281
3206
2892
812
1298
2141
2141
1030
1675
1689
1041
1756
3422
2439
1135
1558
2288
1455
770
467
326
1497
1587
2624
2290
2904
3074
3329
870
1652
611
829
928
829
2528
2585
2966
3276
3159
3189
1389
2966
2288
1456
3276
1456
2288
2288
481
2366
3221
3221
2366
1456
76
1349
3320
3320
2287
3320
2174
1308
1794
1212
33
3422
1456
625
1322
1322
81
1336
625
2134
1074
340
35
1055
222
35
2951
3305
1558
625
2174
625
2307
2836
1456
687
3171
841
2951
2427
1860
823
2064
3422
2200
2787
625
282
283
3110
2312
499
1456
3276
3159
1455
500
2833
928
1633
638
1633
2427
3377
1322
1633
2427
3029
2827
2588
1389
920
1452
70
1621
777
467
546
884
2333
1875
2054
2288
2694
1621
2115
1542
3320
32
2951
2312
829
2167
3261
829
928
829
1455
237
2288
928
3261
829
2618
2892
2618
812
70
467
568
1011
3194
2618
2453
2474
467
1542
3111
347
1976
1702
2933
426
1150
807
1960
418
281
780
1178
3111
3159
453
1587
812
780
3111
3344
2257
632
1264
115
2054
2427
467
2760
535
1384
1621
3292
1349
3292
466
2288
1552
797
1456
2724
1384
1135
3292
2008
2135
467
1456
2756
466
1456
1456
2685
1088
368
1456
1715
2230
2539
898
1624
1308
1794
563
2399
1083
3445
2887
932
1068
1068
586
33
1068
2230
2539
2966
509
1793
1114
898
655
2528
1308
1794
1281
3421
2567
34
1789
1715
371
1570
1715
1715
1455
1114
1715
1542
264
129
2839
3137
3052
2920
1308
2549
2180
1061
3052
1028
2034
2319
2962
3143
3421
2230
1060
2389
115
1060
3261
535
2645
1379
2211
2473
3111
2054
1083
1389
1558
1644
1114
1715
2340
1308
3137
2851
2896
3137
1508
1690
1336
1690
1616
1570
1114
898
2323
349
3276
655
1336
366
2778
1308
2286
604
2230
2131
2230
2131
10
2234
1715
1782
3199
2455
186
2933
2245
327
3341
2435
2297
1960
663
1030
1875
2054
1624
2479
226
518
937
762
1504
2778
829
2635
467
535
2475
2054
2054
2015
923
2475
1783
923
1249
1809
304
1784
1455
2225
898
898
509
1194
518
1000
2290
2892
1456
227
1042
1042
2535
2535
1456
1478
1336
1699
518
937
3022
510
336
1218
914
1863
3219
836
2655
1667
932
2344
1863
467
1826
2344
2812
404
2344
795
252
199
33
1857
3189
134
2964
19
2645
2565
644
1455
411
2043
1504
3314
526
1778
850
2311
1715
655
518
2054
914
3219
898
2167
3111
859
1045
898
2427
467
3417
403
1616
2435
2685
1308
1794
2435
836
928
1455
1045
898
1628
2148
525
186
327
2665
327
2964
1389
2245
1281
1455
2778
2255
2253
131
2628
2205
617
812
1698
1384
3292
453
2316
2030
2832
1705
365
617
812
2892
1384
3292
453
2316
2030
2832
1705
2853
3320
3366
2892
812
3111
2377
1583
2760
2724
625
1178
453
1715
1178
743
2595
1178
1456
2358
1389
2817
1281
1693
3276
2093
844
844
1005
2861
1718
1175
40
1146
2655
2104
844
743
2595
844
1178
633
625
2294
1624
2054
2861
2927
1150
509
2664
1656
664
1504
2429
1645
1575
2904
900
1645
2564
2043
3421
2664
1175
1532
2148
1194
2119
1281
2288
2704
2054
2665
3029
3029
2288
2585
3076
1389
2083
1809
1520
2614
54
1389
623
1384
1135
3292
1154
1389
1322
1863
621
27
3269
1960
3276
1383
2194
2389
2532
2365
3050
2298
1074
1389
2778
3303
3107
453
2544
2640
467
3422
1382
467
1389
160
321
3110
467
3422
1484
3276
1389
459
623
1455
1218
2694
3104
829
908
396
539
1578
396
1462
2714
3292
3382
146
834
1607
3329
550
3292
1322
1333
1853
1322
1322
3292
1322
1333
1853
1322
1322
3292
1322
1333
1853
1322
1322
3292
1322
1333
1853
1322
1322
3292
1322
1333
1853
1322
1322
3292
1322
1333
1853
1322
1322
3292
1322
1333
1853
1322
1322
949
3258
1322
2699
779
3292
1322
884
2820
852
3193
2054
1465
3013
3292
1322
2490
2528
474
1578
508
2427
1712
2054
3159
2376
2054
1578
2683
1888
474
1578
508
2427
1712
2054
3159
2376
2054
1578
2683
1701
2355
2820
1996
2524
3111
3159
1322
1552
832
35
3360
989
1984
1226
3320
1022
3386
2536
3386
2536
2588
3153
2983
1445
2831
1322
2828
2944
2528
2313
2775
989
2775
2775
2528
926
2321
3258
3389
2778
829
2971
3140
1976
621
3292
1322
1715
2812
2951
2421
282
2288
356
3189
1336
1030
3062
3292
3382
146
834
1607
3329
550
2528
914
1633
282
962
282
962
1336
282
2528
932
412
564
962
2588
681
962
2812
153
1710
282
790
282
790
501
1336
118
1080
2588
282
2054
284
1821
1455
2528
1208
1751
1875
467
2922
2435
237
467
1616
3341
1322
3405
3276
3159
886
3258
290
1370
2531
594
621
2047
3107
2887
221
571
282
3320
1030
2431
962
58
2148
3389
1972
2438
3261
829
1721
3422
2812
1088
2916
1030
2812
2290
3093
3389
1605
467
1605
621
795
1194
3276
2566
467
2778
621
3110
160
3422
3274
3303
900
3303
883
226
2781
2902
3422
2781
1868
264
883
3422
2616
259
2373
797
1715
290
1501
2694
3022
799
3292
3382
146
834
1607
3329
550
3292
1322
1333
1853
1322
1322
3292
1322
1333
1853
1322
1322
3292
1322
1333
1853
1322
1322
3292
1322
1333
1853
1322
1322
3292
1322
1333
1853
1322
1322
3292
1322
1333
1853
1322
1322
3292
1322
1333
1853
1322
1322
1456
2823
1875
467
2922
2435
237
467
1616
2324
3137
1622
1322
3417
3189
1793
1976
2916
933
493
2434
1507
2778
3147
2778
2812
2778
493
2302
987
1322
881
3147
1322
2288
1456
2916
795
1456
2070
1322
493
1322
2951
1793
1090
3276
3159
3303
3389
3303
222
900
2699
921
3374
3422
318
230
1415
264
1624
607
1811
32
1389
226
281
2892
1972
3422
2616
2951
2673
2288
2778
2407
928
2812
1226
2288
2312
3261
829
2616
2951
2673
2288
2503
2760
326
2508
2887
284
1150
2536
2167
3261
632
829
3059
284
3036
859
453
2135
1783
2665
131
777
3067
2778
886
3292
2275
2892
2933
3384
1078
1297
2288
1813
2951
611
2775
777
3076
3261
2427
1456
2288
1456
1320
1793
255
2624
1456
227
227
2685
952
2528
227
2761
1456
2752
1577
2793
2427
118
255
2536
2288
2611
481
2225
2195
255
3111
3344
2549
481
1133
2022
227
2761
2174
255
1942
255
535
2333
836
2225
2812
255
2585
2288
366
3303
1790
2717
829
467
3417
3417
881
884
2820
852
3193
2642
2054
1465
3013
1575
3292
994
3292
2054
1465
3013
2528
1926
584
3292
3382
146
3292
3382
3382
146
3382
3292
994
1288
93
1111
170
1236
467
391
1504
2778
2304
3382
1622
1175
799
2717
2618
2892
2618
812
1375
672
1389
1281
1909
50
366
2288
2826
3422
3153
1226
2235
366
2443
914
222
3261
829
2406
3422
396
829
264
2043
2288
1297
1715
3153
1456
2528
1683
584
1456
745
3274
756
974
523
683
936
550
881
2288
2537
70
237
2537
536
1634
2705
1976
467
3417
1946
881
2775
3417
2704
676
414
1281
524
3417
3382
1598
2007
1375
2311
89
747
1059
1950
237
1375
2290
237
3029
2288
89
3422
1389
3412
812
2536
2288
221
1308
1794
2286
1333
2298
1727
928
1684
2298
146
2288
2288
2311
3417
467
467
1455
2228
3261
523
2801
2311
2801
1542
2645
2311
1288
2142
2311
1389
45
2618
2892
2618
812
2645
2054
3327
3193
33
2801
1583
435
390
3137
2290
2916
32
2288
1455
1504
1946
1690
1135
2427
467
3261
535
829
1384
1621
3292
1349
3292
535
1030
1976
3189
2288
2645
2244
1389
1264
3422
718
1074
1714
2569
418
2616
1455
1587
1622
618
1456
2564
1322
2064
92
2361
1322
2304
2187
2288
3129
1622
1322
2064
92
2361
1322
2064
1322
2064
919
535
92
2361
1322
2304
862
1443
2131
1923
2404
2564
418
1386
1322
2187
1435
1322
2631
1976
1011
1582
3065
2746
2495
2465
3153
2618
1542
2134
2333
2951
2187
2567
2148
298
2288
1322
1284
795
2504
928
2887
281
2618
2892
2618
812
1194
2983
237
3417
3276
2486
1362
2528
3029
3417
467
3422
2590
893
886
886
886
886
496
1446
3292
1446
336
404
1264
3074
2989
2926
1456
1175
918
2007
2524
3022
1542
32
2966
623
1582
618
3087
3110
509
2801
511
3383
3087
509
2801
1715
2778
2324
1226
795
1922
2840
453
623
617
812
2892
1384
3292
321
2650
3320
1089
2508
530
994
509
1308
1794
1455
1089
2508
2507
3021
285
2839
1845
1089
2508
2977
2208
2983
1089
2508
713
2528
321
3110
1001
1001
2588
1083
3022
1771
1542
2298
2778
790
2245
1218
1778
518
3404
381
1778
937
1976
1045
1336
3313
1327
1381
118
336
518
2311
1089
1068
3320
1633
2143
1336
2143
2245
281
2618
2267
1715
845
2668
3153
2618
1778
1456
3325
1150
1456
3325
1150
1778
1456
283
2319
3378
2081
3085
58
884
3417
2815
1030
2234
2215
3276
2290
1608
1605
1150
1175
2054
687
1456
1456
2303
1718
1456
1718
2303
97
2131
1456
3182
1718
1103
1175
772
1456
859
818
886
723
1666
1456
1456
859
467
3417
994
2207
3153
366
467
2288
221
2207
3153
2618
2503
1778
1483
1264
1666
2047
83
1918
1264
1194
2812
2298
994
71
2230
1582
2558
1194
877
407
1809
2778
2245
17
2649
186
2047
2245
282
713
282
1153
1045
3147
509
2194
1440
780
453
2069
698
1249
2638
282
1042
2714
2562
487
2535
626
3022
1771
3313
1547
1389
1150
467
2180
58
3417
2438
884
2887
58
2605
19
1030
1148
884
884
1375
3111
815
1017
282
2044
3277
3321
1245
1150
76
1336
1150
1778
916
2776
1445
1638
1264
361
3189
3029
2288
281
1865
1918
780
1778
1150
1456
2298
1715
842
32
2544
3402
2544
1160
529
3320
2167
1030
1174
479
2832
545
281
1389
3176
222
795
2778
2570
2081
617
812
1698
1384
3292
1690
2832
812
2892
1384
3292
1690
2832
2766
1389
1587
1587
1025
1095
1615
687
3320
493
3280
1322
1789
2951
487
881
748
2536
1455
2507
3320
1445
2564
1445
819
1445
1052
1155
719
881
1322
2064
2187
2288
1155
719
881
1322
2064
389
881
2933
625
881
3252
1940
1000
1322
3327
1322
2381
1322
1322
389
881
2564
1288
389
881
2549
1456
719
881
881
2304
881
719
881
584
2304
1456
281
1455
1504
2288
1475
226
1918
2778
1475
2508
17
227
3422
2288
17
1389
1771
780
1558
3111
3159
2645
3422
949
227
366
227
2064
1969
971
1475
2508
3022
790
603
564
3292
3292
3088
3292
481
3292
481
564
2490
1926
1475
2508
1391
3292
144
3292
3292
3292
3088
2724
2427
237
3029
1861
5
131
3422
3171
1710
561
3171
1717
237
2775
1504
2778
3422
2933
1389
3076
17
131
17
1456
2778
1829
1456
1389
1281
1624
1267
1389
1060
2054
2665
3029
2288
1884
3161
2427
3261
535
1389
2427
2611
1389
2427
1083
1690
1389
1281
2778
535
2775
535
2775
535
2775
1281
3074
971
2528
2444
1456
396
961
367
971
399
1281
3074
603
564
3292
3292
3088
3292
481
3292
481
564
2490
1926
1395
17
3292
1391
1519
3292
1391
1860
1391
1391
3318
1391
2588
3292
3292
3292
3088
2624
2778
795
481
2427
407
1809
2460
3111
2594
2211
1281
3074
2528
453
3417
1389
971
1456
564
1088
2288
2288
2288
1256
2288
531
481
1256
1809
531
2409
962
2685
962
2215
17
531
2588
2778
2438
2341
3111
2211
1542
3074
284
2288
1587
2581
1783
2665
3093
284
1164
281
829
2427
1083
914
1375
1976
603
2983
284
3363
3112
1244
326
3363
2062
509
509
24
870
326
1340
1280
284
1587
1440
453
453
453
453
453
453
2255
466
1408
62
3412
892
1438
467
1160
1171
561
1950
2724
2711
1921
298
638
2528
2427
3046
1759
561
2427
2343
561
1991
529
3415
467
1491
742
1491
3167
467
829
2778
2298
1573
509
227
1475
2775
2775
829
829
908
396
3078
1578
396
1462
2714
1076
2407
2305
509
3199
509
2340
1412
481
2617
2026
1715
2617
2288
2288
118
2503
1074
3111
3159
1389
1542
1281
2562
1771
564
1135
1771
2665
1389
19
3320
1322
1884
1135
829
453
2926
1582
1336
3079
1082
1094
2503
3110
829
3110
2503
19
2455
1678
1759
1140
2043
1249
1383
1455
3261
3110
1538
3153
467
3422
3153
1219
1793
3422
3153
2826
1011
467
3153
1456
1456
1456
1529
3022
1456
3422
5
331
623
2618
2892
2618
829
3111
1669
1815
1234
2892
1384
1012
3292
2940
2892
3422
3031
3022
3169
467
467
886
3292
2892
2823
2618
2742
2618
2892
2606
467
3292
2624
1322
2290
2427
237
2288
2075
2766
1785
623
2438
663
1976
467
50
50
2054
389
623
2123
2047
1690
623
1598
763
114
3417
237
467
3417
50
3341
688
900
1456
2228
688
3153
2616
3022
3340
467
227
2180
50
1815
1234
2892
1384
1012
3292
2940
2892
3422
3031
3022
3169
467
467
886
3292
2892
2823
2618
2742
2618
2892
2606
467
3292
2624
1322
2645
1793
745
75
2887
2564
2581
2665
2806
2113
70
264
420
1588
420
118
743
2564
1024
453
2594
404
780
1384
3292
617
3107
2887
146
2279
1089
1864
3116
2887
2297
3074
2892
829
2438
2616
2594
2355
2054
3241
1960
2548
607
2355
2054
146
2830
2194
131
1455
2290
2194
131
2324
769
240
769
509
121
1316
331
1455
3111
1288
2887
2724
2581
2665
2806
2113
70
264
420
1588
420
118
743
1066
420
829
1607
1607
795
339
547
1607
2887
1455
1456
919
3437
2887
2778
1456
708
3382
1456
1683
1609
1456
550
1786
1683
536
2232
2724
3437
2288
2778
3161
1389
1771
3422
237
131
1389
2778
237
3417
3422
1000
2290
3074
151
2475
2043
1425
3364
2054
793
95
1456
281
1384
2120
1281
2778
282
1395
1384
1703
2361
2235
2232
3388
1456
2207
1456
2589
994
282
790
2382
282
1489
994
2443
1504
3313
2481
391
2129
1541
327
327
1504
465
1624
227
829
284
1078
1431
919
2887
3277
1941
820
1456
1456
146
146
1456
1793
550
2724
283
3186
1456
1384
1703
2361
2054
793
1633
3020
2290
1960
1150
1456
1150
1583
2167
904
1751
1791
1336
1976
1024
2533
3106
1845
1336
3100
1322
2455
3422
2455
829
829
2744
1633
829
658
2324
295
1768
1972
1976
1342
1456
2290
964
2618
2892
99
2234
1715
795
2234
2798
1605
2054
1633
1983
99
1336
2054
3269
1751
795
1598
2594
290
1150
282
2798
1541
795
1541
3417
881
435
1316
410
3111
694
3161
1281
3074
1804
2828
989
467
886
2677
282
391
2932
603
554
3013
2481
2724
2481
3013
2937
3013
1638
812
2257
3189
2585
657
2207
3341
1481
1751
2834
1281
2645
2009
2211
1281
1924
2095
1615
2297
2288
2798
282
3020
2778
1751
2054
793
1281
2597
2904
1624
227
1384
1703
2361
928
1624
1281
3074
1333
1333
2588
227
1932
1926
836
3364
1624
2207
2548
1281
3074
811
2580
416
2257
3422
928
3013
3013
300
1425
1030
2778
1633
998
2427
2611
1645
1717
264
1456
1194
2290
1211
2658
1218
2452
2290
2820
886
966
416
1167
539
5
2182
3392
1793
2887
1376
3277
1456
919
1298
3382
2597
3422
3422
281
1382
2123
623
1395
564
3292
1322
564
3292
1322
780
564
3292
1322
1659
1381
1322
1322
1381
1322
1322
433
2757
2382
3171
2007
1558
2704
1456
617
1669
2288
1573
1793
131
1771
3422
1582
3422
561
2290
70
2167
3261
535
1875
349
1060
1976
2966
3159
524
1103
2539
229
1389
949
3189
23
550
2588
1074
3023
23
550
1790
2564
550
2288
2335
3215
2509
550
1683
1175
17
1017
272
2409
2758
2288
2564
829
509
2340
1389
2902
509
221
3393
2902
2833
2902
2902
281
2083
587
886
3292
905
2253
3159
1768
3161
2201
2449
181
415
2194
658
340
35
1558
1384
3292
3111
1456
900
1456
550
550
146
550
1456
32
550
58
1762
272
529
2290
3383
1625
550
3382
75
2290
3122
75
1609
3273
1625
550
1153
705
281
1972
2290
2427
2611
1456
900
623
521
2443
914
1918
625
2839
552
881
881
870
2839
625
552
1887
625
1456
1666
2244
1727
1436
1583
928
2616
2778
1577
1921
1887
2212
3153
1456
2504
1633
625
2839
552
1633
881
552
645
1887
465
645
625
2302
1199
2561
625
2839
552
521
3158
884
2174
687
2839
625
1456
2766
1322
832
645
2839
210
2611
3147
1907
3021
645
625
1456
210
3147
2854
2134
914
1718
1336
2207
118
1336
1793
1030
237
1336
3417
2887
1624
2249
2234
2249
735
2043
1194
1700
916
33
1150
2751
17
2288
1690
1336
2043
1793
1336
1194
2312
1542
336
2549
989
467
3022
3111
2797
617
812
1698
1384
3292
3039
795
799
674
1309
812
2892
1384
3292
674
1309
617
812
2892
1384
3292
674
1309
1633
1455
770
625
2335
1175
3302
625
3049
1389
3189
1954
3110
356
2043
1281
2778
56
2775
467
2775
614
33
1567
2157
2775
1645
1389
3022
1542
1389
908
1375
3111
3444
1281
2778
2475
3199
2775
1353
2760
989
539
1281
2778
2694
676
2317
1833
2766
920
1281
2694
2438
539
1690
467
614
481
914
1226
886
3292
1538
2616
3076
2812
3422
349
1204
2778
2148
2778
3261
829
989
2775
2288
539
2288
2778
2902
539
2685
2820
2919
2138
539
2138
399
2532
1578
321
2288
1204
1204
3422
318
399
2532
1375
1281
2778
1011
3422
584
2668
1813
1734
825
1857
2731
716
716
2549
564
3422
1976
2043
2616
2527
1204
1539
1715
2043
1504
989
1061
745
2528
2650
829
1793
1030
1559
2820
829
275
2438
3422
2820
2775
2820
1204
2820
797
1715
914
3171
886
3292
1538
2775
1577
1472
2427
1669
1878
1582
440
975
3047
2201
3001
2668
1813
1734
1857
2731
1194
3320
2775
467
2337
1455
1389
1389
539
908
111
459
467
1456
539
829
467
2288
3400
2270
3356
2174
2245
227
795
481
320
1690
3417
1813
973
2812
2174
3439
676
290
1616
797
1715
2775
2775
914
687
396
2681
1690
2775
3417
222
882
2778
1598
3076
1918
309
829
989
2290
3329
2288
3422
1308
2427
3417
3104
2640
603
2754
1281
2778
2775
1717
886
3292
1538
2775
275
3341
1456
2694
2297
366
2775
366
2778
787
1456
539
829
1960
2528
1390
3422
1834
829
3076
3341
2257
3426
2500
1599
2325
1599
2233
3371
1599
2290
1868
914
2820
2760
1375
3341
531
2288
584
1389
1204
3341
2288
17
3288
17
453
2466
833
3417
3329
2288
1645
1389
1375
2677
2775
3074
603
564
1926
1194
2490
1926
1194
2997
1664
966
2820
325
264
1721
1633
966
325
264
1926
325
264
3258
325
264
1926
325
264
2290
564
2064
2683
2821
467
2775
1281
2312
2694
829
1456
3443
2775
2312
539
2389
481
1102
3217
344
1455
2528
2650
3422
2427
318
1633
56
2775
2775
2274
2588
1389
2438
914
465
870
2826
914
1000
914
2288
1226
2288
2245
399
2532
1151
3320
1472
1462
908
320
2778
2778
908
1310
1793
3314
2778
3176
2775
1375
3189
3029
2288
2920
1794
1953
1370
453
1558
807
2288
2920
1794
2298
1953
1084
2563
3189
2288
2525
1953
2288
814
3199
1620
1084
2389
1953
2131
3422
2427
1669
1389
2985
509
2525
1953
2985
509
2985
509
528
2131
3199
2645
1504
2724
2210
187
382
3422
2985
889
1375
3111
3344
2391
807
509
2920
2916
1084
3422
2427
3274
1017
3199
1455
1587
3153
303
2032
1407
2766
131
1407
3199
3412
2210
187
1573
509
873
1370
2131
687
886
3292
2275
2892
1644
564
3292
1644
32
1573
1370
2131
2029
1953
2724
2778
2624
1226
795
481
1684
1456
2679
2034
2201
2427
45
2083
587
886
3292
973
1308
2920
1794
1620
1927
1084
2563
471
1389
1542
265
3439
2933
2148
2298
1573
992
3199
1953
829
2525
1953
2427
2347
1455
2924
3261
829
3111
3422
509
1017
509
335
1573
509
1084
2539
932
1308
1794
118
2702
1370
509
1084
2539
2397
1616
1237
1308
1794
3274
1017
509
3422
2985
2135
3320
955
509
1308
1794
2298
1573
509
1017
1644
2679
1573
509
1504
1288
1793
2760
2977
3159
349
1598
2298
1749
1030
2194
1395
870
2952
2586
1862
1308
3137
2978
1793
1591
114
1226
1616
1918
870
2952
2586
1862
25
1669
3312
1530
1960
2047
149
52
677
1278
1180
3342
1809
763
2108
923
2298
1264
2924
3400
1102
483
3079
2975
3417
1264
886
3147
3023
2766
2288
3038
2714
795
114
2714
3166
248
2867
3147
2894
1281
2717
3422
2823
2070
2089
2288
2801
2089
3166
2514
2335
270
3147
270
2335
15
1684
1717
2235
389
3137
2916
2288
829
2624
1827
914
3276
1875
2455
877
2290
870
2290
70
2288
3038
2138
2886
350
2138
3153
2288
2290
2288
2978
3176
264
3296
1447
3176
3056
2288
3159
1790
251
1692
2121
2519
2685
2630
539
2519
3417
2631
2760
2474
2519
147
1793
3303
1796
3422
1669
50
1587
3400
2528
532
2854
1389
2298
3382
3417
70
32
2778
2564
467
1813
2544
3086
3382
2564
70
2288
2926
2288
2839
281
657
2665
358
1783
2665
2581
2665
2665
281
2424
2812
3193
886
3292
2490
2597
749
2081
1110
1921
1713
281
3241
467
852
467
1575
281
886
3292
2490
3277
2207
1455
3314
1694
2631
2724
1472
1389
2175
3074
2225
1575
607
284
3107
1475
17
886
3292
467
1575
281
886
3292
2605
1322
2270
2494
2951
194
1901
368
1000
2265
3193
1288
1056
2812
607
3313
1380
2776
3093
2705
886
3292
358
829
230
3417
535
1264
758
2589
1322
1371
2054
1389
2812
1497
1660
617
2780
2054
2042
1168
2920
1322
219
2435
1389
1791
1168
512
1168
1322
832
512
726
2288
3189
282
899
1060
2561
552
757
1200
2951
899
625
701
3337
1318
146
2382
2966
509
2311
3276
3422
1200
1542
1771
3110
1794
1573
1384
3292
1976
1918
98
2528
2288
1622
1161
2833
1774
1793
2312
1308
2509
2192
2269
282
3137
994
2983
2288
2563
1542
453
584
70
281
2618
2892
2618
812
2134
1548
2812
1925
1207
2536
445
584
2221
1456
1456
1456
1456
453
70
2618
2892
2618
812
3110
1456
2022
564
3292
301
2536
445
584
1456
2290
3276
3148
2288
3301
1150
2288
1960
2920
1794
1624
1074
1074
2645
3112
1322
99
2054
2665
836
1060
1389
3022
2704
2257
623
1194
453
2551
1226
453
1322
2209
3417
2198
2966
2966
227
1528
814
1346
713
1308
1794
1017
33
2245
2245
1735
2966
2407
525
2966
227
33
33
1735
2966
3215
70
1690
1336
2245
3176
3111
2677
1389
3246
564
1633
1528
2288
797
1715
564
1088
2820
467
2245
2566
884
2047
2245
2859
2503
898
3320
1762
1483
2778
994
226
1389
2472
2778
56
1336
2778
2245
2778
2597
3176
2245
1633
1778
1466
2966
33
1778
2288
2778
362
937
1089
33
1288
2503
870
2778
1150
829
687
2312
928
2312
2298
2778
3422
2250
1194
2983
928
1327
2652
1859
2298
3171
2007
2288
3422
1358
3320
550
282
99
1070
1542
1060
1758
3382
578
99
2112
3320
1215
1741
183
2731
1215
780
2926
2528
281
1389
1381
3111
2377
2427
318
2705
1018
2892
1489
2679
1025
829
2427
2616
187
2588
1389
883
3292
3064
3107
1000
3394
1389
829
785
1483
829
2611
1074
1809
1715
1633
1064
1809
3445
832
2409
321
466
1039
2409
2409
2616
2409
466
1039
2409
3292
227
1088
1715
1162
3356
1976
2631
1322
2407
599
281
886
3292
3384
1135
2581
1640
1226
3022
1772
1084
2702
1308
2920
2564
459
1912
1582
1640
1084
2828
3422
1520
3189
3417
3403
35
1377
3064
1370
870
1486
540
2793
2200
2225
2032
2054
1006
1758
1972
2564
1264
521
65
12
326
1587
326
1182
3320
459
1912
1582
1640
1084
2828
3422
1520
3189
3417
3403
35
1377
3064
1370
870
1486
540
2793
2200
2225
2032
2054
1006
1758
1972
2108
2113
3293
1794
3259
1370
2895
1370
2778
52
72
33
1794
2574
1039
2528
914
1370
1949
1264
286
1402
1582
617
812
1698
1384
3292
1912
1582
1640
1389
2163
1640
1084
2702
19
2108
1150
932
1308
2920
2886
45
1135
1732
1389
1640
1084
540
888
2069
528
2069
1456
1504
1340
1456
1456
1504
1340
1456
1640
528
2702
1308
1794
2828
2778
3261
1456
1336
2616
1640
2677
76
617
812
1698
1384
3292
2941
1771
1429
89
1150
2438
2778
1308
1794
2507
2679
578
2187
2381
58
881
1022
2507
2381
1322
1322
389
881
2250
1484
881
389
1619
2920
3422
994
509
1483
1585
3422
453
58
881
2212
1456
1041
1657
2381
617
812
2892
1384
3292
698
2381
881
1022
453
2445
467
2288
1322
552
933
757
933
281
780
3111
836
3076
1587
2007
1030
3150
70
2242
221
3261
2892
1442
1587
2289
33
2242
1605
33
3150
780
1587
3269
1960
1389
2453
2490
795
3110
2840
32
76
1873
32
1736
1175
2508
2778
2508
2453
177
1472
248
2508
2503
33
2389
2840
2135
2340
2778
3261
2892
1442
1587
1082
2443
3076
623
2508
2453
480
3153
3276
3313
1587
1218
607
1089
1864
2716
3266
2528
1583
65
1089
1172
281
2889
1089
2508
1389
1264
2966
1501
780
168
1135
1605
1264
453
2288
2049
3263
1172
1336
3201
1175
1970
2889
1089
2508
2716
1089
3263
1172
780
1542
281
2618
1624
3276
1375
3029
1456
1281
2778
2288
1014
2427
70
928
3417
1014
1281
3074
3422
3417
3189
2288
2427
2135
2548
1798
3422
1669
3111
3412
687
17
2766
1389
1030
3076
3422
70
535
1375
1281
265
535
3422
3422
318
3412
1375
131
2548
1389
2776
2288
1014
3422
3377
3412
3422
1976
2336
1384
1621
3292
1395
2823
1621
2977
1732
404
3292
383
1463
3171
2775
814
15
1030
2775
578
1182
3421
535
2475
2839
945
467
2475
2635
908
1375
1281
2778
971
1456
3422
70
1281
2778
2775
2288
206
1391
2288
1391
509
1529
1809
3292
3292
3292
3292
3292
3292
301
1588
3292
301
2395
3292
301
2395
3292
301
2395
3292
564
1088
3074
2509
2685
2685
1475
736
1183
2245
284
2685
284
2245
2399
284
2685
2399
284
2245
3203
284
2685
3203
284
2245
446
284
2685
554
284
3417
481
971
1614
1088
833
833
1088
833
833
3417
2685
833
833
3085
2288
971
1614
1088
833
206
1588
3085
2288
971
1614
1529
1529
1435
2685
368
1088
833
1588
1088
1588
1088
3417
584
3417
833
3417
488
2685
3417
1529
1529
1435
2685
1014
368
833
2288
3417
2288
1529
1529
1435
2685
1014
368
3162
870
106
3162
870
106
227
584
227
481
2288
3162
870
106
227
2685
952
2528
3422
2616
2761
227
2685
2683
2395
227
2395
962
2395
1809
962
227
962
17
282
962
282
2023
2023
2023
962
2023
2395
227
118
2288
3162
870
106
3162
870
106
227
584
227
2588
3162
870
106
1088
1088
833
2288
833
2288
833
1088
833
833
1809
404
2640
883
2083
1809
883
3292
1389
3276
2256
973
883
131
3189
1456
2427
2611
2455
131
2298
2820
467
2778
535
1030
1389
3076
281
2892
812
2778
206
3417
2298
1389
2290
237
3022
3029
3417
200
1614
318
2735
467
3029
1456
1389
3412
1455
1942
227
2761
698
1721
1587
3317
3111
2628
2043
878
3095
1942
668
2761
32
3139
595
3310
399
2532
318
1793
1942
1942
3422
1826
1035
2496
2427
237
227
2288
2237
2466
1942
1249
3253
1942
524
814
2081
2933
282
369
1020
2290
1461
3313
50
347
2211
1281
2298
318
2645
3417
58
1942
70
467
58
1942
1826
1717
2455
231
52
1097
3076
1389
50
1582
121
1721
3392
227
611
1620
227
2761
1226
1826
1721
1035
3212
1826
433
1035
869
19
1320
457
1665
3422
237
105
2288
932
1035
3417
1918
618
676
1511
1486
2624
834
3417
2801
3054
1645
3417
1030
2698
467
908
467
3417
3422
70
2288
2536
832
2288
2288
467
2544
1959
2288
617
2121
561
407
2083
1809
137
467
2312
2820
467
618
2244
2606
617
812
3385
467
2820
1031
795
884
3422
2212
2778
482
50
2473
2606
2899
1053
1389
3141
2290
949
264
2778
797
1715
973
2069
133
33
509
2985
1271
1456
227
2288
584
227
102
227
1809
1415
102
1088
1415
1349
2778
1047
2624
2455
3387
2778
467
3189
2121
623
481
2888
2215
17
17
1088
2839
2839
2839
2839
2588
2588
2645
377
2724
687
1767
453
1846
687
780
886
3292
1698
467
3292
780
2742
2823
970
1389
770
2694
908
396
779
167
1587
1389
618
1060
1504
2616
3029
2892
1047
2624
1573
3422
1573
2288
3189
50
467
2288
814
1375
1365
1622
3422
2149
142
2787
2439
1022
281
812
780
3085
812
780
2778
2624
1226
618
1270
618
780
1288
1587
780
2474
3076
488
1715
488
1194
2350
3276
1715
226
1129
625
2719
832
1398
1715
281
1059
3088
2663
2528
1140
2528
33
3088
2900
3086
3189
623
229
1135
623
2382
2892
1456
2427
2112
2136
623
1542
1644
3417
1830
618
829
3054
917
2724
2070
368
1082
2624
1996
795
481
75
1264
780
1705
3111
2377
2288
530
1089
2508
2536
668
2839
2839
2415
2536
281
886
3292
1264
2563
226
2940
3377
618
635
2507
290
2288
2724
1395
3215
2509
550
1861
396
2259
3422
347
1264
2382
1267
1793
3147
3410
2288
3153
3153
584
550
2624
550
2624
3088
646
2638
3147
2054
2926
668
3088
1607
3054
681
898
1819
699
1218
2563
99
2557
248
2054
2513
1389
2778
2624
2134
1548
1577
1389
1389
3023
618
2029
1281
2549
2783
2298
928
3258
2778
638
227
2395
584
2650
746
1727
2314
2685
836
2782
2685
841
2298
2685
2043
2290
2427
708
623
655
1264
3412
2756
1456
99
3215
2509
1634
2899
1351
957
99
2557
3036
2801
2507
2977
3098
2557
2288
3417
2029
1014
1727
2314
2685
1504
3364
2828
2047
3029
3111
2429
2524
623
2618
2892
2618
812
2167
1914
3417
3029
1914
2288
3189
1665
1194
3362
1717
3313
3111
1926
1055
284
550
3292
705
3292
1327
1336
3292
1327
1336
3292
1327
1336
3292
1064
2138
1455
1669
1275
2177
1264
453
2926
467
2643
1499
2705
2618
3341
2135
133
2528
1520
550
2724
2528
2167
607
550
2724
2125
2455
2614
1264
3276
2618
687
3189
2288
366
3029
1456
3276
467
453
467
2618
1712
1456
1916
1336
2549
3112
2618
3422
884
2043
445
1336
687
2490
362
3037
2105
226
837
2539
3261
550
488
1478
550
3296
488
1865
550
3422
1095
1216
1389
1455
550
2717
3440
1923
1194
2495
550
445
3422
2342
814
1972
453
1302
1163
1951
884
2645
1489
2053
698
1756
1944
2618
2892
399
2532
1456
603
564
3292
2138
2376
3292
2138
2376
1984
3292
3292
3292
3292
1984
3292
2138
2376
1984
3292
3292
3292
2138
2376
3292
2138
2376
1984
3292
3292
3292
2138
2376
3292
2138
2376
1984
3292
3292
3292
2138
3292
2138
1984
3292
3292
3292
1984
564
1456
3183
2081
911
688
23
688
1471
1471
399
2532
1583
1456
603
564
1926
3292
1322
3292
1322
1128
3292
1349
3292
1349
3292
1349
3292
1349
3292
1349
3292
3292
3292
3292
1349
3292
2138
2376
3292
2138
2376
1984
3292
3292
3292
2138
3292
2138
1984
3292
3292
3292
1984
564
1456
2043
1455
336
3153
1456
2624
2778
3341
535
227
2761
962
230
1771
227
1320
255
227
2312
255
318
153
2333
227
2761
230
1261
3086
3111
840
1281
1690
227
3029
3422
795
2778
3029
918
3422
760
1456
836
1389
2624
1598
281
1389
2624
2977
1440
2778
3111
281
632
2312
1261
281
780
453
1264
1264
75
2624
1455
29
681
2778
3417
2288
3277
2312
2062
509
1135
2624
2507
795
481
1504
2312
3422
2588
1389
2933
1060
3111
3159
453
1264
812
780
1375
453
1264
780
3261
2892
2290
760
3111
326
2594
3444
281
1715
687
2174
237
1909
3417
3412
681
2290
237
3029
1059
760
1349
3111
1669
1074
2043
2311
3422
2588
1501
1060
618
2029
1059
829
1288
2288
1513
1669
2288
832
2293
3247
618
718
2025
2287
2637
1978
23
23
718
23
837
227
520
1761
2034
227
3422
2029
2438
2287
718
23
3422
1976
2438
1942
467
623
1389
812
2892
1384
3292
1582
2641
2618
1320
2920
1235
2265
1473
1022
2766
1389
550
2557
2288
3320
2171
1802
2557
1976
3397
2288
2557
2171
1264
2208
2171
618
2557
2171
623
358
2892
1406
2892
564
3292
2288
1683
780
467
227
3189
3029
1208
32
2064
1208
1793
1389
611
2338
221
2427
3261
829
760
770
275
281
2665
2042
831
1826
617
812
1698
1384
3292
708
1007
3194
3153
1793
2311
2507
1624
2645
1074
3146
1702
1150
1634
617
812
1698
1384
3292
167
1605
617
2389
585
1455
233
1918
3276
2212
3189
623
229
1007
1211
328
622
3076
3153
2257
3422
206
1875
708
1587
2827
237
366
1456
1690
2427
3261
829
1471
335
2467
884
836
1264
883
668
3428
722
930
2509
2979
886
1395
1383
1542
623
1264
1504
2060
2875
623
2014
1556
1264
467
2288
2854
2288
2543
3292
1446
2528
2309
1098
3288
3346
754
281
2892
58
1809
1455
2800
2290
763
2735
467
100
1446
599
50
2060
445
584
1455
2539
2655
2290
584
1875
623
2645
3269
521
509
1620
1766
3189
32
227
1624
3029
2288
1455
716
2704
521
2180
33
33
126
3181
1084
2926
528
1622
2311
242
99
3386
87
1887
1705
1095
3386
1084
1161
81
1160
2131
1297
1251
1278
81
1160
2131
3050
1251
1278
1084
2539
2876
1885
2043
2198
272
1084
1016
2642
1241
1084
272
1084
1456
1456
617
812
2892
1384
3292
1732
2800
1278
1288
528
1000
1054
2507
2312
605
1342
1456
1175
1456
1370
528
1088
528
1809
2800
1370
528
584
2800
584
2800
1098
1622
210
2800
583
607
701
1582
1241
1084
3316
2800
1370
3316
1416
1456
131
521
1297
1098
528
1822
2246
1251
1503
528
1622
1030
3320
2043
2427
3419
2820
2140
2714
108
370
151
2195
467
2500
717
2288
1555
859
687
797
1715
2760
282
617
812
2892
1384
3292
1633
135
2800
1484
2800
1098
528
1622
1251
1503
1194
2766
1674
2195
2509
2507
503
944
1462
1389
3153
3320
2383
617
812
2892
1384
3292
453
3164
1084
494
1793
435
3184
2244
2796
1920
272
528
1241
528
2290
1278
971
1456
1456
1456
1251
1251
1251
1456
94
611
3422
1003
763
528
957
2540
3263
1251
2539
1011
3021
3064
1456
1641
1711
1727
3021
1456
1922
611
1055
1241
1084
50
2134
1920
1022
2839
1022
1155
2244
1887
3411
1322
1022
3093
3168
1022
1095
1022
144
3181
285
617
812
2892
1384
3292
453
3039
2814
1194
2989
3393
1370
1084
944
3422
687
3419
1455
131
3261
3115
2207
2198
272
528
795
1456
1456
1456
1456
617
812
2892
1384
3292
453
2101
1000
528
1161
1582
92
2131
812
2892
1384
3292
453
3039
812
2892
1384
3292
2704
812
2892
1384
3292
453
3039
2814
3261
847
3112
2970
528
1040
210
1684
1022
1279
1278
2963
1890
1789
1946
2051
1633
2580
2131
1281
2060
2897
1959
2180
2886
859
2473
434
919
2043
494
832
2131
2605
1272
19
2800
1251
2605
1732
2507
1503
2120
1013
1539
23
617
812
2892
1384
3292
242
99
2507
1706
2442
175
1084
3422
2099
1206
3422
494
1890
528
1278
528
3346
1084
919
1241
528
528
3346
1084
919
1241
528
1492
503
1000
2528
687
3419
290
2778
528
1622
1161
617
812
2892
1384
3292
2963
2539
1084
2515
2169
1084
1297
1251
1278
2605
1633
1826
1370
1325
847
3422
1520
1251
528
1622
2562
2312
3195
2281
148
1084
836
3314
2904
3111
1959
187
2886
2562
2539
2549
1284
1264
1389
1030
3118
693
1732
242
1241
528
1598
528
1622
1455
2540
528
1622
1030
3153
1241
528
1890
528
1622
1456
528
1456
687
1251
1040
1084
1022
2443
14
2509
3292
301
1370
3292
301
1370
3292
301
1370
3292
301
1370
3292
301
1370
3292
301
1370
3292
301
1370
3292
301
1370
3292
301
1370
3292
301
1370
3292
301
1370
3292
301
1370
3292
301
1370
3292
301
1370
3292
301
1370
3292
301
1370
3292
301
1370
3292
301
1370
3292
301
1370
3292
301
1370
3292
301
1370
3292
301
1370
3292
301
1370
3292
301
1370
3292
301
1370
3292
301
1370
3292
301
1370
3292
301
1370
3292
301
1370
3292
301
1370
3292
301
1370
3292
301
1370
3292
301
1370
3292
301
1370
3292
301
1370
3292
301
1370
3292
301
1370
3292
301
1370
3292
301
1370
3292
301
1370
3292
301
1370
3292
301
1370
3292
301
1370
3292
301
1370
3292
301
1370
3292
301
1370
3292
301
1370
3292
301
1370
3292
301
1370
3292
301
1370
3292
301
1370
3292
301
1370
3292
301
1370
3292
301
1370
3292
301
1370
3292
301
1370
3292
301
1370
3292
301
1370
3292
301
1370
3292
301
1370
3292
301
1370
3292
301
1370
3292
301
1370
3292
301
1370
3292
301
1370
3292
301
1370
3292
301
1370
3292
301
1370
3292
301
1370
3292
301
1370
3292
301
1370
3292
301
1370
3292
301
1370
3292
301
1370
3292
301
1370
3292
301
1370
3292
301
1370
3292
1644
3292
1644
564
2096
1389
453
1000
1857
2453
3023
2507
2488
2564
1706
2442
175
1084
3422
2099
1206
3422
494
1890
528
1278
2564
3261
1923
1503
528
2120
1013
1503
528
2120
528
2246
1580
2120
605
2311
2724
528
2120
133
552
1088
1845
1084
2154
2311
1084
3421
1251
528
2120
687
841
2131
3184
528
2120
605
2368
1251
1503
932
2507
2564
1241
528
2119
1622
1684
332
1128
1890
1921
1241
1084
1622
2564
226
494
617
812
2892
1384
3292
698
92
2361
2951
2564
1322
99
1435
1793
1150
2311
2564
2043
808
2043
281
3111
366
366
1456
3276
2724
2187
2414
416
1082
1199
1970
281
780
1309
832
2414
416
3341
829
900
3079
2677
3422
836
1322
52
2290
2724
2207
2522
1322
1322
52
2442
3422
2631
1322
2522
1322
1587
1194
2524
1598
3389
2007
2897
2007
1150
2951
1389
281
623
3422
3422
467
535
886
2406
3292
535
2775
886
2406
3292
535
2775
886
2406
3292
535
3422
621
1322
1402
1322
1150
2801
2685
1322
2442
782
1322
2801
1322
1402
3276
99
3276
222
1322
2442
1607
1683
1762
1402
621
3276
3422
2677
2054
2685
2047
3107
829
2892
780
1828
2528
911
908
3253
174
829
1578
3107
539
1578
1462
2714
2047
1543
382
1345
779
1860
1701
2754
1163
3078
2475
2047
1090
3276
3159
2427
1247
886
3258
621
621
1174
1216
477
2297
1456
1345
3159
3276
3261
603
564
603
1383
399
1607
45
126
399
864
2601
284
933
325
2539
325
2539
325
2539
325
2539
399
603
399
603
325
2539
399
603
325
2539
325
2539
325
2539
325
2539
325
2539
325
2539
325
2539
325
2539
399
2399
2508
1755
1829
1456
3248
1578
1456
1456
1755
1829
1456
3248
1578
1456
3258
1322
1322
3258
1322
3258
1322
3258
1322
3258
1322
3258
1322
3258
1322
3258
1322
3258
1322
3258
2245
1322
3292
1322
1322
3292
1322
1926
1088
1327
3292
3292
3292
3292
1064
2138
3292
1809
3292
3292
1809
3292
3292
144
3292
3292
3292
3292
144
3292
3292
3292
3292
144
3292
1327
3292
3292
2245
1327
2245
3258
2245
2245
3258
2245
2245
2245
1040
3258
2245
2245
3292
2245
2245
3292
2245
1324
407
518
3224
407
1683
1926
1088
1926
1088
1926
1088
1324
407
518
3224
564
1926
1088
2812
875
391
3261
603
603
690
603
1383
399
603
3367
1383
399
1336
690
603
3367
1383
399
2047
690
603
1383
399
2128
603
3367
1383
399
690
603
3367
1383
399
1844
603
690
603
3367
1383
399
690
603
3367
1383
399
690
603
3367
1383
399
237
2202
690
603
3367
1383
399
464
690
603
3367
1383
399
690
603
3367
1383
399
900
1828
2528
911
908
3253
174
829
1578
3107
539
1578
1462
2714
2047
1543
382
1345
779
1860
1701
2754
1163
3078
2475
2047
1090
3276
3159
2427
1247
886
3258
621
621
1174
1216
477
2297
1456
1345
3159
3276
3261
603
564
603
1383
399
1607
45
126
399
864
2601
284
933
325
2539
325
2539
325
2539
325
2539
399
603
399
603
325
2539
399
603
325
2539
325
2539
325
2539
325
2539
325
2539
325
2539
325
2539
325
2539
399
2399
2508
1755
1829
1456
3248
1578
1456
1456
1755
1829
1456
3248
1578
1456
3258
1322
1322
3258
1322
3258
1322
3258
1322
3258
1322
3258
1322
3258
1322
3258
1322
3258
1322
1926
23
3258
1322
856
1322
3258
156
1322
3258
156
1322
3258
1322
3292
1322
1322
3292
1322
1926
1088
1327
3292
3292
3292
3292
1064
2138
3292
1809
3292
3292
1809
3292
3292
144
3292
3292
3292
3292
144
3292
3292
3292
3292
144
3292
1327
3292
3292
1388
1336
3292
3292
1926
1088
1926
1088
1926
1088
1388
3292
564
1926
1088
3292
564
1926
1088
2812
875
131
2475
971
2806
2475
467
850
1483
1238
539
3062
547
928
2438
519
928
2138
920
829
621
1336
1667
328
644
2475
621
621
829
908
1120
3107
539
1578
396
1462
2714
509
358
2475
3422
3274
1535
321
2778
1828
2528
911
908
3253
174
829
1578
3078
1578
1462
2714
1076
2047
1345
1090
3276
3159
2427
1247
886
3258
621
621
1174
1216
477
2297
1456
1345
3159
3276
3261
603
564
603
1383
399
1607
45
126
399
864
2601
284
933
325
2539
325
2539
325
2539
325
2539
399
603
399
603
325
2539
325
2539
399
2399
2508
1755
1829
1456
3248
1578
1456
1456
1755
1829
1456
3248
1578
1456
3258
1322
3258
1322
3258
1322
3258
1322
3258
1322
3258
1322
3258
1322
1926
23
3258
1322
856
1322
3258
156
1322
3258
156
1322
3258
1322
3292
1322
1322
3292
1322
1926
1088
1327
3292
3292
3292
3292
1064
2138
3292
1809
3292
3292
1809
3292
3292
144
3292
3292
3292
3292
144
3292
3292
3292
3292
144
3292
1327
3292
3292
1388
1336
3292
3292
1926
1088
1926
1088
1926
1088
1388
3292
564
1926
1088
3292
564
1926
1088
2812
875
391
3261
603
2047
690
603
1383
399
2128
603
3367
1383
399
690
603
3367
1383
399
328
284
690
603
3367
1383
399
690
603
3367
1383
399
237
2202
690
603
3367
1383
399
464
690
603
3367
1383
399
690
603
3367
1383
399
2509
3224
690
603
3367
1383
399
564
603
1383
399
391
399
1383
399
1383
1578
3325
2355
1578
2240
2549
2248
603
1619
1475
2886
3203
2508
2508
2508
2917
2886
3203
2508
2031
1653
3203
2508
2508
2508
1456
1015
3203
185
2266
2399
1456
1015
2943
2399
106
3295
2064
3417
3104
2047
2047
2047
2047
2047
2047
2047
2047
2047
2064
3417
3104
2064
3417
3104
3078
2047
229
1389
963
607
3276
229
1578
1030
2820
3276
886
1768
3258
2823
3276
3276
1383
281
281
829
2618
3189
2288
1456
3392
1456
1847
114
3112
1456
1889
114
3022
608
2508
35
2508
35
226
716
12
2508
625
781
944
1064
2618
2892
2618
812
281
2892
886
3292
1288
3110
550
608
2043
2215
3417
994
2563
3417
2887
1367
886
3417
886
3417
886
3417
886
3417
886
3417
886
3417
1455
1106
509
728
1389
366
1375
526
797
1715
1652
3173
206
33
3007
2966
3173
17
2966
3173
282
282
227
2452
3007
1253
17
2693
1972
524
838
2556
797
1715
526
3256
2776
2331
1308
1826
838
2951
282
1749
1349
550
3422
1826
838
2557
1684
1456
1805
3064
3107
1059
1308
3320
730
965
282
282
33
2711
2120
2589
282
599
1308
871
2556
2589
962
3320
2407
3276
2492
932
1879
1308
1417
282
2657
749
2822
3189
2470
3422
1417
282
599
237
749
605
1520
1308
1520
1059
2288
735
1349
550
237
2470
264
3341
780
1281
601
5
2288
3189
2505
2083
1809
1362
924
1389
2554
245
2645
1534
125
52
3267
2896
1838
1527
125
1375
2806
282
1243
1717
282
928
524
282
3203
17
2966
2288
206
962
1619
965
2007
1658
3422
1501
453
3382
282
550
3417
282
2616
33
3417
1694
102
2393
962
1308
133
3417
2333
2390
1690
2694
1694
173
282
2668
32
1230
2657
2887
282
763
2407
2887
3261
282
3422
1456
1809
1088
1088
282
584
2887
282
2624
2333
23
2624
2839
584
23
2685
2839
1064
1064
1416
2839
584
2616
2839
2544
282
552
1088
552
2544
1809
1088
1088
1088
3263
552
552
3263
832
3263
2887
2393
1694
102
2616
3263
2694
1694
102
2660
531
2660
2544
1322
1322
2544
1322
3022
3022
2544
3022
2544
1088
3263
3263
1456
1375
125
2290
2469
529
2288
282
131
326
2544
3189
2951
2887
2427
237
2288
760
2611
1622
2201
883
2083
1809
883
3292
1767
3276
678
2129
2143
1059
2582
2582
3074
2966
2288
1792
1456
1194
3173
2395
227
481
1809
962
227
1809
2395
17
17
227
1761
1761
962
2288
2288
2288
2288
1761
1761
118
2288
1761
2588
1133
2331
321
3181
466
1761
290
23
318
2311
617
812
2892
1384
3292
3029
1150
3189
1996
3261
2892
2618
509
33
1375
3111
101
2904
366
2778
652
509
3366
2926
652
1430
475
1114
3327
2290
652
3366
1627
1045
1068
2148
2580
1336
1045
1068
1089
2508
3079
1793
1336
3079
3111
2594
1844
1281
2151
2290
1264
836
1264
2257
1134
1793
2311
3269
1455
521
281
780
2892
812
1587
2382
1500
2573
3186
2679
2131
2180
3111
3159
2971
2926
652
2986
2069
928
1089
3101
2312
2312
1034
398
2775
535
2775
3292
1333
1926
1926
1926
2685
1633
3292
1327
3292
1064
2138
3292
3292
3292
3292
3292
3292
3292
3292
3292
564
3292
564
3292
466
1039
2409
3292
2043
2580
1336
1045
1068
2148
2054
914
1030
1336
668
181
2290
237
1045
1068
1970
1034
1970
1976
1456
1622
3204
1336
1178
633
488
3382
1456
608
1178
633
914
604
17
1336
1443
2711
2536
17
1034
1089
3107
3356
1456
1089
2508
1089
2414
115
2230
3086
3086
1456
3383
2936
1456
2828
3074
2207
221
1336
1456
1622
3086
1456
2532
859
1456
1089
2508
1089
2414
115
2230
3086
3086
1456
3269
1455
521
3029
2887
2492
3422
3274
1264
2926
652
2986
2069
928
1089
3101
2312
2312
1034
398
2775
535
2775
3292
1333
1926
1926
1926
2685
1633
3292
1327
3292
1064
2138
3292
3292
3292
3292
3292
3292
3292
3292
3292
564
3292
564
3292
466
1039
2409
3292
1034
3159
1089
1673
3159
1089
1442
1806
3269
521
151
2131
1034
1336
221
3153
3223
1918
932
1218
2638
2539
2725
2685
621
2887
509
2187
33
2920
118
3393
509
282
3029
2288
467
2042
2453
2490
623
1715
1633
1456
1178
1456
1456
1178
1456
1875
1542
365
3093
1499
1715
623
1264
623
1389
1380
1060
1264
2581
2665
3341
3417
312
2606
1455
2624
467
1004
290
2820
481
2645
2312
2624
3313
2370
2588
784
1132
3417
1226
797
1715
2082
2528
467
1226
884
2494
2624
3417
3111
2369
2594
2735
884
2474
1219
3110
1888
584
1017
1888
3370
3370
1888
3370
3370
3292
3292
3258
2376
1633
3258
2376
3106
3258
2376
3106
1926
2376
1633
3106
1633
1888
1888
1888
2913
1888
1888
2820
1888
2820
1888
1888
2820
749
2893
2820
2123
749
2380
2820
2123
749
2380
2820
2123
749
2380
2123
749
2380
2123
749
2380
2820
2123
749
2380
564
623
1264
6
2734
1016
2523
623
2697
470
3206
776
3107
1455
2796
314
2455
1456
1678
2285
113
308
1218
776
2476
1789
2054
776
1455
113
2895
2476
1329
113
308
1789
2054
776
3261
1146
1529
1529
763
776
3424
776
618
2081
1455
121
2422
3445
801
1456
1088
2631
1455
776
776
3288
51
2749
1853
1456
1088
1088
325
1088
368
1678
2104
2104
1456
801
467
584
801
187
1808
2376
2108
3153
795
2694
2054
357
338
2455
1456
3111
467
900
3292
2054
1465
3013
1575
1888
584
1017
3085
812
780
1712
2655
2475
3189
564
467
3292
467
928
396
375
676
900
3276
1529
509
3437
1529
1088
1920
584
509
584
2427
2616
509
584
584
153
900
2766
1678
2232
955
1088
2778
829
2778
776
829
2778
795
2828
884
2899
1666
2679
3060
884
3110
549
3292
396
3292
2054
1465
3013
1575
1888
1017
900
1583
1456
467
779
1391
2528
56
1678
3292
3292
3292
3258
2376
1633
3258
2376
3106
3258
2376
3106
1926
2376
1633
3106
1633
1888
1888
1888
2913
1888
1888
2820
1888
2820
1888
1888
2820
1888
1888
2820
749
2893
2820
3292
777
1776
641
3292
777
1776
3292
777
1776
3106
3258
2376
1633
3258
2376
3106
3258
2376
3106
1926
2376
1633
3106
1633
3292
777
1776
3292
777
1776
3106
3292
777
1776
3292
777
1776
3292
777
1776
564
884
2474
3292
584
1017
3292
584
1017
3292
584
1017
1666
884
467
583
1823
1809
2474
2756
884
779
884
226
1583
1793
2820
884
368
1456
886
3292
2343
3417
2820
884
349
467
583
1823
1809
1435
1435
1435
1435
1435
1435
1435
1435
1435
1435
1435
1435
1435
1435
1435
1435
1435
1435
1435
1435
1678
382
467
2977
1175
801
609
1583
2765
2131
281
414
1671
1826
1717
2104
2508
2081
75
1587
780
1705
3111
2377
2427
318
623
368
795
1078
264
2820
1829
3341
2312
248
389
3341
2312
1678
1088
3438
1435
3294
3438
884
1281
989
2766
1455
1575
2244
1456
884
1666
2685
1435
368
2685
2685
368
2685
2685
3088
1435
3088
2685
3088
3088
3110
898
1745
395
1715
900
3278
1715
1825
2772
1529
2029
453
1633
1809
1823
928
1666
281
467
329
1123
1645
2304
366
2488
900
3206
564
3292
467
3292
801
1891
2542
2776
2961
2225
1633
1088
1088
2528
99
2961
1678
618
603
3416
1876
467
3422
2716
646
780
1537
1768
3276
1135
1771
530
1678
1823
1705
1678
1823
599
1750
2207
698
1813
459
1678
1823
453
1633
3078
200
1809
1823
3184
603
2468
749
1809
2717
3292
265
3088
1678
154
2201
3388
584
33
584
2966
1737
584
3388
445
584
1218
413
754
1070
1455
2228
2528
1001
1097
2094
584
3388
2335
445
584
584
889
2244
2475
1633
1088
1088
467
584
795
1575
235
2244
2475
464
1575
754
435
1905
2983
314
1959
2671
3048
1857
1575
584
1789
2014
2142
698
3288
1633
2836
1575
445
2539
1845
3164
530
366
774
645
495
2081
2812
467
530
2340
865
378
1678
2624
368
314
919
368
470
2345
3013
2054
2217
2631
1678
368
2465
1587
3165
2054
357
2131
1512
1442
2054
357
2694
1825
2469
2388
1825
2772
3422
3438
2127
990
1435
1435
1771
1197
2054
1435
1435
2715
2475
1913
1500
2963
3292
1162
2616
395
261
2775
1542
1456
2778
1825
467
779
1853
1715
1825
2772
1575
3292
2054
1465
3013
1575
1888
584
1017
1194
845
2312
989
1676
999
1389
926
1715
971
1926
369
2907
625
509
267
509
2600
509
509
3292
3292
3292
3292
3258
2376
1633
3258
2376
3106
3258
2376
3106
1926
2376
1633
3106
1633
1888
1888
1888
2913
1888
1888
2820
1888
2820
1888
1888
2820
749
2893
2820
2123
749
2380
2820
2123
749
2380
2820
2123
749
2380
2123
749
2380
2123
749
2380
2820
2123
749
2380
564
65
1684
625
1012
2312
3111
877
326
1455
2700
2954
779
3320
584
70
1529
509
2616
884
584
1088
584
459
584
70
375
884
160
884
414
623
780
623
3416
1264
3261
1727
1608
1456
1607
23
1129
809
1068
2508
2724
795
1607
1855
1715
2054
467
629
3261
1633
623
2153
623
75
1456
106
1921
1025
1581
746
3159
2922
623
75
91
106
1507
281
780
3111
1106
2167
2778
1226
2624
2679
3402
189
2288
3437
1634
1288
1793
2704
550
1267
758
2760
499
758
2288
101
488
2154
550
1826
1322
2288
1308
2624
3010
2624
1922
790
1281
459
1872
1634
2677
550
1598
1947
2288
884
2705
2624
1316
3382
604
2563
361
2665
3419
2665
2490
780
2640
2717
3258
2581
2665
1826
3110
281
2618
2892
2618
812
1504
2043
1582
1622
2700
2504
2290
70
914
535
829
1384
1621
3292
1349
3292
535
1384
1621
3292
1349
3292
535
3171
3417
540
3422
1669
2140
2532
2140
3292
2388
3381
1455
3078
2339
1887
1699
2140
3292
2388
3381
2140
3292
2388
3381
2140
3292
2388
3381
2140
3292
2388
3381
705
3229
437
2140
3292
2388
3381
2140
3292
2388
3381
3434
2140
3292
2388
3381
2140
3292
2388
3381
3434
406
3434
406
2140
3292
2388
3381
2140
3292
2388
3381
2140
3292
2388
3381
2140
3292
2388
3381
2140
3292
2388
3381
2140
3292
2388
3381
2140
3292
2388
3381
3229
3418
2724
608
3296
608
2140
3292
2388
3381
2140
3292
2388
3381
2140
3292
2388
3381
2140
3292
2388
3381
2140
3292
2388
3381
902
406
2140
3292
2388
3381
2140
3292
2388
3381
2140
3292
2388
3381
539
3263
3107
2140
3292
2388
3381
2140
3292
2388
3381
1619
2140
3292
2388
3381
2140
3292
2388
3381
1444
1619
2140
3292
2388
3381
2140
3292
2388
3381
3229
2224
2140
3292
2388
3381
2140
3292
2388
3381
1195
2140
3292
2388
3381
2140
3292
2388
3381
902
406
2140
3292
2388
3381
2140
3292
2388
3381
2224
1383
2140
3292
2388
3381
2140
3292
2388
3381
2224
1383
2140
3292
2388
3381
2140
3292
2388
3381
2140
3292
2388
3381
2361
3263
2140
3292
2388
3381
2140
3292
2388
3381
3263
2140
3292
2388
3381
2140
3292
2388
3381
290
2054
2140
3292
2388
3381
2140
3292
2388
3381
3072
3013
2140
3292
2388
3381
2140
3292
2388
3381
2140
3292
2388
3381
2140
3292
2388
3381
2140
3292
2388
3381
760
1456
265
760
2339
2140
3292
2388
3381
2140
3292
2388
3381
2140
3292
2388
3381
2140
3292
2388
3381
2140
3292
2388
3381
2140
3292
2388
3381
1542
2140
3292
2388
3381
430
2054
1264
2616
2829
226
1389
434
3076
928
410
908
2366
453
1264
3206
2892
812
2382
1500
3314
524
1000
2366
1030
2523
2366
2705
3111
2377
2473
524
1000
2366
575
3314
504
3014
2366
779
584
70
45
1389
282
1539
1373
3226
1218
2167
2427
535
886
1621
3292
1349
3292
535
2775
2775
2775
2475
1384
2121
3292
914
829
886
1621
3292
1349
3292
535
2775
797
1715
98
1563
2776
797
1715
3274
2933
767
962
2778
3303
928
535
535
1507
2225
1333
417
2388
2564
1281
3292
1064
2138
271
1864
2716
586
3023
2564
2887
58
2778
509
3320
607
1322
1150
1389
3110
2778
535
2887
2645
2207
282
2950
1389
1483
829
3107
2842
3422
3072
2812
282
101
3223
2331
1
2705
1
2333
3314
3422
2679
501
367
3072
2963
928
2735
467
797
1715
1389
624
859
657
932
281
1972
49
1150
2288
3276
2951
3186
1150
923
324
470
3422
1658
535
2396
483
1917
2947
1624
1389
3422
2455
884
2872
2288
331
1218
2427
760
3422
632
1288
851
1249
2083
1809
2778
777
2475
1048
3422
994
3417
509
3110
2148
1972
1483
2778
2167
797
1715
1384
3292
1384
3292
3111
52
928
624
847
2312
2298
2475
2312
2778
3074
3292
466
1039
2409
836
2312
466
187
3314
3178
632
2821
676
1411
3111
326
1669
2812
1194
2887
1030
1175
118
2242
2312
2778
2778
1389
281
54
1073
1389
146
2279
1598
2887
1243
2985
2887
687
2312
829
2167
829
1150
2312
1507
829
2062
2887
603
564
1391
1089
3079
2129
3292
3292
3292
1327
3292
1327
3292
3292
3292
564
3320
3332
623
1264
1219
92
583
679
3261
493
944
3261
1395
1416
281
780
3111
2383
1542
3085
812
780
1370
3136
1006
2702
1308
1456
612
612
3135
1088
1974
1456
2507
886
2813
1308
1338
1322
2307
1456
3263
1416
1322
2539
3263
1416
1322
2539
3263
1416
1322
2539
1456
2539
422
2564
1281
2624
1175
1791
2312
2920
945
1282
2333
2564
1796
2920
2298
3088
1898
3329
1622
1322
3417
622
73
2307
2288
2920
3422
2724
2298
2724
2717
1622
2624
3088
727
3180
307
3093
2705
932
1135
453
2892
886
3292
3276
281
3111
422
1671
1713
1456
3263
1416
1322
2539
1456
1542
53
54
281
3189
2288
1362
617
812
1698
1384
3292
2704
2620
617
812
2892
1384
3292
2704
2620
3111
1281
264
3253
111
1684
1018
2871
1669
500
1140
1226
820
126
19
479
15
3422
237
2288
3189
3110
989
1722
3153
2660
1621
3111
2429
1389
1507
687
237
1018
1134
8
2875
2694
264
1659
1384
3292
753
3422
3274
3364
1389
1705
1264
3189
623
1389
453
1705
1264
3206
2892
812
3111
2377
3111
2377
2408
623
1598
75
1110
3153
933
210
679
3112
1150
2951
100
1264
1389
3153
229
410
2933
2167
1030
1148
829
1972
336
467
453
623
1705
780
3111
2377
3276
467
1456
3153
1456
2333
358
2043
1456
1456
2333
358
2043
1456
2645
2966
1370
235
33
688
99
2101
1456
3422
2549
178
1633
372
550
13
1030
2290
3277
2679
509
1226
1715
509
1370
1084
949
2163
1535
1066
687
2225
2163
2549
3261
1912
3151
509
714
3119
1030
1507
1639
1167
3292
1346
1210
2173
1308
1794
2920
2995
2793
1284
883
932
352
1271
2207
99
2438
2549
1582
634
2798
1088
2536
2290
144
3115
3022
2539
2536
3029
1308
2920
3029
1853
835
994
2288
2539
528
3022
2207
817
77
2778
1456
2966
1389
1060
617
812
1698
1384
3292
1912
1582
2679
687
389
886
204
3303
204
2776
1322
886
204
3303
204
2776
1322
1095
3022
1771
1245
1135
1006
2966
1389
403
2760
2778
2015
2702
1370
2438
1308
1794
467
2288
1620
2312
221
221
2101
2340
2455
453
1912
1582
2679
2886
1809
634
2108
2163
1006
1727
111
1264
1908
2032
666
812
1698
1384
3292
1264
2886
2101
1809
1150
3111
1717
467
2288
1853
2131
2778
1308
2920
1587
2131
1308
2920
2173
3199
795
2966
3199
252
1370
2778
1585
847
1857
1962
1245
281
1809
3199
550
2886
3029
1659
33
1194
932
1308
2920
1620
3433
2677
2290
318
2225
3029
1006
1264
2054
326
1456
1681
550
1456
1504
1504
2101
2101
1340
1456
2101
1175
550
2966
2288
1456
2101
1340
1456
1194
22
3302
3110
687
1456
859
681
1456
992
17
992
2333
992
2900
499
2603
1456
1088
2101
248
3004
817
77
1370
1084
1370
1084
3298
252
1370
349
403
2760
870
643
1006
1920
1006
1683
643
1226
1006
252
1425
870
403
2760
866
1006
1349
1683
1587
33
1059
807
2058
2622
1370
1084
2638
2916
1084
2766
131
2760
2778
403
3422
1577
2892
2453
1456
1504
1504
1504
2101
1340
2101
1340
2101
1340
1456
1456
1504
1504
1504
1340
1340
1340
1456
2827
237
2926
2169
3199
2312
1456
2298
797
1715
1226
2167
2920
1794
914
3029
2288
1245
969
1809
634
1772
1288
3383
3111
550
2169
3199
2312
1960
1520
2257
209
1766
1721
1098
2054
3422
2912
1766
1721
1098
1349
356
550
1349
1456
1504
1504
2101
1340
1456
1456
1504
1504
1340
1456
2778
2920
2029
3029
2288
2069
1772
2288
1443
1683
2539
1809
3199
927
870
1793
2894
1683
2539
1853
2539
870
870
1308
2920
1456
1504
1504
1504
2101
1340
2101
1340
2101
1340
1456
3422
1520
3199
886
32
1370
3271
778
1857
290
2578
3145
2290
1281
2778
2685
2255
2207
832
2926
467
1370
3327
1084
832
3110
989
3352
1690
1870
895
698
252
1370
3111
2211
1669
3422
200
3002
1324
986
713
3110
832
600
2592
529
2775
2775
1324
3110
349
829
2778
1793
1456
1456
481
2288
1456
1456
2288
2288
584
1456
349
1301
1666
1456
2438
2528
2427
5
2288
2950
814
237
3417
1281
1281
3313
1281
2174
501
1336
3364
2995
1281
2778
2731
347
2151
2043
2756
2695
657
1456
2665
226
1972
2924
2201
2194
1249
2083
1809
2618
2892
2618
812
3111
3310
2443
2167
2820
2685
3111
3310
3093
2820
1577
1389
1472
3111
1264
2427
237
131
318
3022
2131
3422
1690
2735
467
3317
3303
531
1793
3422
2453
2279
433
928
2685
414
2279
2333
2298
3093
2528
1106
928
2054
2665
779
2766
2820
2225
884
1270
2054
2820
836
426
1050
2335
3020
1381
2154
509
832
35
2575
2778
3302
35
2337
121
3422
3379
2933
408
1507
1507
2311
1030
65
1684
2324
282
2288
282
1288
2920
3137
3147
621
3153
2324
2335
3022
2333
2312
396
1375
877
623
65
623
1712
623
3296
812
418
708
2892
623
2961
1727
2735
467
70
1504
989
2043
2324
1455
2324
487
1727
226
2461
3107
1751
3199
2735
467
2798
795
2766
70
1226
2977
2820
1224
886
3303
2030
264
1424
2778
2685
2673
2279
167
2324
847
265
928
2776
1854
2029
2324
847
2279
2854
2039
2675
2279
2324
3154
2324
248
2324
1727
2045
559
2998
559
1635
1605
1727
2767
2212
241
1605
847
232
3422
2685
2673
2279
2141
1605
847
3213
82
1086
2778
2324
2039
2675
2564
2690
2904
33
1885
92
2195
2564
2167
2396
2675
1959
3110
210
2311
1967
1551
2152
1607
126
1464
2039
886
1338
2039
1389
3076
1000
2039
2675
230
232
3386
210
2690
2904
33
1885
92
2195
2690
2173
2439
1900
414
467
3093
161
2801
1110
1635
2324
2675
1888
1389
2131
509
2335
1381
2154
972
3020
362
2131
3379
2828
2039
2752
2977
2104
2324
2812
1684
2324
1727
2382
2778
1030
2652
509
509
625
2324
1539
35
52
509
543
3025
898
509
730
2290
3184
52
786
1395
786
2367
161
2288
2571
604
1389
2961
1903
1789
1727
1456
829
1600
70
2737
1456
1853
1456
1110
1605
2324
3093
2324
2675
1456
2324
1341
2324
2675
1635
2039
2324
1456
2717
426
1633
687
3189
1030
3062
2717
1727
928
3189
2288
1455
3422
2039
2675
3422
2679
2039
33
1288
628
76
687
517
2828
1652
1308
1794
847
2438
1308
1794
1573
3029
1549
687
2524
1389
1959
33
2196
3029
3417
3115
1998
886
1338
2039
509
1308
1794
3189
2288
457
1926
161
1633
2998
1635
2324
2324
2279
2324
2279
2324
3292
3292
3292
3292
564
2290
2427
669
3389
2279
2333
3189
2571
2455
1213
2541
3422
2778
3303
281
1389
1551
938
133
14
3414
818
1793
3261
1551
426
2514
972
2588
3386
2837
2335
19
1590
2335
126
70
628
237
2039
1590
2837
2440
19
1754
1455
2837
2588
2440
3227
2514
1754
1590
2837
2440
19
1754
3308
2180
549
1885
1288
628
3314
1330
634
2817
1264
1110
509
884
836
452
1615
281
886
3292
2475
1456
603
564
1391
2528
1017
3427
272
3292
144
3292
144
3292
3292
3292
3292
3292
3292
3292
3292
3088
1456
1918
2983
1456
1456
281
2820
481
1224
1226
3422
1089
115
1068
3111
347
1264
3422
1875
1542
3183
227
1552
70
584
546
1605
829
795
3228
1633
1841
2892
2581
2665
2561
264
2043
2427
3153
2288
971
1715
1456
981
1456
2945
1456
981
584
2528
2650
1089
1068
1456
467
2054
361
797
1715
2058
1646
1226
617
812
2892
1384
3292
3228
1552
1646
2333
1078
264
1456
453
2155
281
1389
281
3111
453
840
2528
2650
2892
1855
2288
1791
2312
617
812
2892
1384
3292
1297
3280
315
2143
829
1456
1926
1455
100
1322
1976
3292
1322
3292
1322
3292
1322
3292
1456
1715
1482
617
812
2892
1384
3292
3112
2528
282
1456
603
564
1926
1455
100
3292
1322
3292
1322
3292
1322
1456
919
1322
1552
2694
2685
2694
1300
2580
3417
3280
1483
1922
52
2650
3422
426
986
2951
1456
2047
3280
1456
1456
1288
2047
1456
1288
2150
2685
1322
2047
3280
453
1456
2892
687
2047
2047
3280
456
2951
886
3280
881
2407
336
1789
625
3022
617
812
2892
1384
3292
2047
3276
1264
3112
2528
2650
1684
829
1456
1017
2307
2731
2839
1456
418
281
2618
2892
2704
1074
884
2618
2892
3111
3269
521
281
2618
1174
687
859
1607
1690
467
453
1456
115
3269
1455
521
1323
114
706
2605
3181
795
681
2618
2892
281
2892
160
1039
467
2618
2427
3344
812
2989
1060
2887
453
1456
70
1864
2965
1970
3422
2439
706
1045
688
70
757
2230
2131
3022
467
2131
1622
1034
1412
2131
2131
151
2131
1472
2618
2892
2618
812
453
2887
812
2618
453
884
812
2618
459
2887
1607
282
2544
603
564
1926
1336
3422
2880
1336
3292
3382
146
3292
3382
3382
146
3382
3292
144
3292
144
3292
144
3292
1327
1336
3292
1327
3292
4
361
2538
1918
1539
1715
1668
208
453
242
884
2618
453
467
1622
2618
2892
1264
2940
1542
3111
1375
623
2892
812
2288
336
2138
281
2618
812
898
126
1634
1322
1845
17
2388
395
1715
1322
1976
1066
2544
399
1308
1794
2778
1322
1194
1224
2311
1690
1322
1322
584
2288
221
2618
2892
1542
2312
2778
2624
928
2775
900
603
564
1926
1475
2508
3292
144
3292
144
3292
144
2588
3292
3088
540
414
790
284
2719
3422
414
1391
790
802
1463
2298
3088
829
3022
2312
2624
785
2427
795
358
1483
2469
2312
2778
3389
1238
2624
776
1182
2337
76
962
1030
33
3173
3422
2624
2588
1771
2047
3107
829
908
396
3107
539
1578
396
1462
2714
3111
1669
2926
2624
1455
1351
3253
2288
2312
1583
3412
1194
829
2562
2333
611
414
2295
13
2288
2173
3422
2778
2288
15
237
3417
836
2704
962
1347
2588
89
2778
2624
1732
2611
535
2966
2528
603
564
1926
1475
2508
3292
1391
2660
3292
144
2660
3292
144
3292
3292
3292
3292
3292
3292
3088
3262
1690
2288
2966
900
2778
535
3422
2611
3422
2490
3153
2054
273
2313
3206
2677
2288
2703
2290
1389
3417
2427
1717
1389
3341
481
829
3341
2618
2290
969
467
3206
2257
2427
763
900
2290
949
1456
2155
2270
2288
399
2532
618
2288
284
2290
802
2288
3122
284
3330
886
3292
204
3292
2288
131
3088
2966
2288
535
356
1456
971
1857
1751
3422
1818
2473
3153
1857
2624
2288
2624
3088
2624
2312
1483
2778
829
2258
2298
1690
2470
2288
1573
1336
2112
2097
829
2396
3186
2298
3088
829
3138
2758
467
829
2288
2470
2121
2288
900
2775
2775
2607
3036
366
1950
1373
529
1622
282
1030
2624
3437
2470
1384
1621
3292
1349
3292
1384
1621
3292
1349
3292
535
1384
1621
3292
1349
3292
535
1384
1621
3292
1349
3292
535
2645
2611
2288
2288
17
2151
3422
172
1456
3064
758
2288
2624
3176
3181
3115
2201
2043
1751
328
284
1226
3153
1941
415
676
2467
540
2716
3422
1870
1209
3341
3261
829
2775
535
2775
1456
603
564
1926
1475
2508
325
264
325
264
3292
144
3292
144
2588
3292
3088
3292
481
3292
481
3292
481
3292
564
3292
564
1456
914
829
2624
1455
2470
2645
1950
2611
1455
352
777
3261
114
1080
1174
3206
886
3292
2275
2892
886
3292
2275
2892
3045
2660
3313
2660
3076
3417
5
3274
2933
358
2475
2778
2624
13
2288
2312
1281
3320
1389
1030
789
2469
2470
1456
1796
2624
1173
1976
2926
467
1456
3176
2624
584
584
584
1088
1088
2323
2288
2288
2288
2624
2288
2624
3088
2624
3092
3422
3022
446
1475
2508
1793
331
2288
2475
535
2966
962
535
318
2288
777
2427
396
3261
812
1621
886
3292
2275
1698
2766
709
1976
1456
1587
3194
2564
2645
1950
2611
2564
3422
1573
1950
282
2778
282
3069
3422
1475
2508
1135
3189
284
252
1475
245
2147
399
2532
3288
52
2288
221
1793
2618
797
1715
1226
1624
1074
3313
1007
1150
1150
1150
1150
1007
692
898
932
2907
2907
1045
898
1989
3422
1520
2407
2887
1970
1336
1841
1174
1336
1007
404
260
916
1571
2290
70
2290
237
3029
1036
1624
1811
3029
2288
2290
2288
932
973
1501
3166
1826
2996
1375
3422
1633
1281
1139
483
1281
808
1710
1721
2436
2290
3328
2290
1710
3422
3328
1059
928
501
509
2528
50
1669
2507
2207
2564
2544
303
1022
2544
303
282
1694
282
320
1455
2544
2539
1445
58
1022
1197
1445
1992
945
2544
1003
1279
1503
282
2120
2564
1000
282
1684
2544
1279
2544
1619
1455
660
2966
2288
2288
2393
1694
1887
680
3085
3085
2778
1389
282
1819
3085
3085
2778
535
1598
2892
2618
812
281
488
1389
550
1288
916
286
467
3417
1498
2616
1446
1712
3422
2678
467
3417
282
2393
1694
2694
962
2694
1694
8
1135
1017
1175
829
1583
1605
1004
2453
1005
2443
2389
3417
2839
2887
326
1014
2290
467
688
617
812
1698
1384
3292
949
2544
264
3417
812
1698
1384
3292
467
3111
467
3223
2544
1793
2866
490
3257
2312
206
1587
812
617
812
2892
1384
3292
467
3111
467
829
1587
1389
2288
1175
488
550
1030
2089
1972
1264
2143
949
1972
1984
1389
281
829
2382
2706
649
2544
1187
795
18
2544
282
3181
158
1690
2556
2544
92
962
1694
1605
1633
1872
2544
2839
151
944
2210
2455
1322
1694
1845
2544
3085
2778
2393
2544
3096
3098
282
3076
2544
2393
2544
1952
623
1705
623
3098
2393
2544
2778
795
2393
282
1000
2544
459
282
282
1000
2544
1887
2007
1921
1070
2778
2393
2544
1276
1014
2544
1389
2393
2544
347
3345
3422
2616
1715
158
1633
1715
282
372
1694
282
2288
3422
884
3337
366
2557
222
181
3111
1264
1314
2288
1860
467
467
467
3140
2043
206
1682
829
1194
2983
829
617
812
1698
1384
3292
780
2455
2290
467
688
3022
3417
2778
2978
1014
2133
1059
2778
1375
3422
237
623
2778
2427
3111
3022
1264
829
2330
2549
1135
3419
829
3085
1504
2778
2892
829
3422
797
1715
2313
535
1384
1621
3292
1349
3292
535
1892
1562
2207
2148
3417
2564
2288
2393
2544
1690
1659
3160
1887
2544
206
914
2564
1793
2677
2778
3091
535
2210
623
2312
3105
2288
17
467
3417
2828
1308
1794
1620
2207
1455
1135
235
973
760
2288
2393
2544
1690
1659
3160
1887
2544
206
914
1455
806
1932
1455
2393
2544
3085
2288
949
2288
3422
237
3422
687
3348
2024
2820
884
3384
2107
2288
2393
2544
1456
227
584
2685
2393
2544
17
17
1088
3263
2685
2393
1694
3263
2685
1455
2393
2544
1456
2352
2047
3107
1679
3261
2892
928
1771
1389
2732
222
1074
2544
1690
1922
2715
2544
282
2544
23
171
2054
22
1659
2544
1959
2288
2509
841
2544
23
282
1059
2244
282
3181
2544
1281
222
2206
962
1959
227
1226
3093
1389
2806
3017
1059
1056
962
423
2010
509
1349
512
248
248
1976
3306
1696
932
509
1349
1959
227
705
2334
1059
3085
1014
227
1455
3193
227
2334
509
3054
1666
1022
2778
1022
2288
3017
3417
1022
75
550
1976
1322
1694
1059
2839
1322
3090
1659
3085
3017
962
3017
1959
1059
2657
1322
1022
1959
227
1245
2462
600
509
2865
1322
2544
1349
2469
1403
2916
467
3422
1690
3417
2290
1501
1690
1887
2288
2393
2544
1288
2951
616
2887
3422
1690
467
764
994
3085
2288
70
962
151
70
151
2983
1456
3023
1587
2705
2716
919
790
1456
1456
584
584
1456
3422
1690
3417
1875
1521
2581
710
2312
2904
3417
2393
2544
1960
3417
680
2288
237
33
2288
206
1620
2312
2826
3085
2288
1455
2393
2544
3111
467
900
829
1682
3417
366
3405
1455
918
548
3417
467
484
1288
2812
3422
1845
2544
2042
1715
900
2820
2123
282
221
962
549
1793
17
2222
3111
2895
676
2054
3412
2290
2616
884
2455
3422
453
2043
2544
3160
2951
2887
3096
2081
133
2828
2312
3110
3054
1715
2311
2393
2544
282
1000
2544
2393
282
3076
2544
1598
617
812
1698
1384
3292
467
3111
467
2288
2393
2544
2393
1694
2393
1694
2393
1694
2393
1694
2393
1694
2393
1694
2393
1694
2393
1694
2393
1694
2393
1694
2393
1694
2393
1694
2393
1694
2393
1694
2393
1694
2393
1694
2393
1694
2393
1694
2393
1694
2393
1694
2393
1694
2393
1694
2393
1694
2393
1694
2393
1694
2393
1694
2393
1694
2393
1694
2393
1694
2393
1694
2393
1694
2393
1694
2393
1694
2393
1694
2288
2393
2544
2393
1694
2393
1694
2393
1694
2393
1694
2393
1694
2393
1694
2393
1694
2393
1694
2393
1694
2393
1694
2393
1694
2393
1694
2393
1694
2393
1694
2393
1694
2393
1694
2393
1694
2393
1694
2393
1694
2393
1694
2393
1694
2393
1694
2393
1694
2393
1694
2393
1694
2393
1694
2393
1694
2393
1694
2393
1694
2393
1694
2393
1694
2393
1694
2393
1694
2393
1694
2393
1694
2393
1694
2393
1694
2393
1694
1014
229
2961
1633
1088
1088
314
795
837
944
1678
2812
1088
653
314
1389
3422
1542
3085
812
780
453
1264
780
1624
1575
318
3029
1060
2312
453
2618
1389
281
1584
2059
509
668
2207
3382
1425
2054
793
3382
1972
467
1150
3417
2759
1504
2618
2892
2618
812
99
453
2618
2892
2618
812
1542
1549
687
2060
2655
623
3244
50
623
2735
884
467
2288
3189
467
2288
467
2544
3292
1004
990
1264
2600
58
2232
584
1264
2789
1865
2557
3022
584
795
2561
23
584
12
1587
3321
2060
2990
1309
2311
50
50
467
2288
3189
2735
884
623
1732
453
2892
780
780
3111
2735
467
2823
1793
1336
2524
115
2311
1577
19
1089
115
1659
282
1375
1288
227
1308
1794
2062
3134
1336
2778
1308
2920
1455
1960
1336
386
1455
644
1017
2290
760
1456
3107
1916
2081
2616
1336
336
729
644
550
2926
3417
2230
2430
1336
2928
2525
1577
2427
1083
1389
281
3422
421
271
1864
3107
1673
2148
1972
347
687
2148
859
1088
3269
2244
625
2806
481
799
2702
933
604
2131
957
684
933
933
1666
273
2503
33
1472
1082
1641
684
1793
493
2933
459
933
1254
221
1336
2244
1456
457
326
3111
2211
281
1389
3206
2892
812
509
1150
521
2187
1322
1323
1088
1251
1322
881
2977
2704
2812
3111
3159
2150
881
584
829
33
3276
1812
227
2298
1587
3422
1573
509
994
2887
3153
226
2143
1254
2983
2828
1059
3422
1054
2507
2532
264
1976
1323
1323
584
1323
3204
584
1669
50
467
2288
33
3276
623
3111
1066
281
2618
2892
812
2443
2886
829
2507
446
2886
1542
3107
1145
1914
1336
3276
3382
1175
488
3382
890
1150
2288
3261
745
550
3382
75
2801
2503
1336
1802
608
3307
264
1456
1153
2824
1827
3276
417
2555
3417
1543
2054
2675
3417
3276
33
1336
2288
225
1194
2265
1715
3313
3158
877
3111
227
501
1336
259
2290
3383
2207
2359
2914
1135
2704
316
1336
1402
3292
2528
2499
453
2265
1715
33
584
2265
33
3189
1389
3261
538
829
1145
2288
1791
652
2288
2382
1791
1048
226
467
2966
2288
1389
2022
564
3292
1926
530
1456
2096
936
1543
1683
1926
530
1456
2096
936
1543
1683
3292
3382
3292
3382
146
3292
3382
3382
146
3382
3292
144
3292
144
3292
144
3292
1327
1336
3292
1327
3292
3292
1327
1370
3292
1064
3106
2138
3106
3292
3292
3292
3292
3292
3292
3292
564
488
1445
618
1609
2724
488
687
2288
928
2823
264
2286
779
1542
264
129
1598
2839
2956
3382
2806
1175
488
550
536
2125
3382
2180
488
3269
1455
521
1455
3382
1316
2618
2892
2618
812
1918
621
3020
536
1349
1349
56
2756
1922
608
2174
2298
146
550
2348
415
608
2311
2440
3276
190
3341
2966
1402
608
389
13
550
2290
2916
2290
524
608
928
2724
1914
366
608
2895
2756
264
485
957
1384
1703
2361
1701
2624
1384
1703
2361
1701
550
1342
1456
3223
1456
2989
466
1389
932
2778
409
1914
1222
1048
277
33
2222
1336
3422
1336
2288
2920
459
1701
2329
3153
1281
3320
2288
1699
3078
870
1616
919
52
1976
264
2522
1976
2144
1914
3292
1582
2537
886
561
2121
407
3292
259
81
3320
1914
1582
994
2887
1446
100
3422
238
362
2255
2319
1582
3320
1914
1582
886
1162
3292
1455
1148
146
536
1634
904
1175
1395
3382
3076
146
281
780
672
1389
2926
2760
601
1690
2528
926
2138
366
1145
1844
832
1914
1145
282
1208
2222
1336
1539
866
1336
3341
535
2828
191
396
2151
467
1456
2265
3292
1333
584
1956
2409
3292
1064
3106
2138
1333
1786
584
2588
1972
2828
1481
2257
989
1922
3356
3422
2471
1504
989
176
1914
812
1145
1914
71
509
1333
2265
3189
1336
488
488
1182
2288
1793
2043
3382
2180
2537
550
488
1456
1145
3382
2453
488
1571
3073
488
795
1607
488
1860
3382
2180
1645
3025
3382
2180
1140
2528
3364
1813
23
3422
54
434
2054
321
3074
3292
1333
584
1956
2409
3292
1064
3106
2138
1926
3292
1327
3292
1327
3292
1327
3292
1327
3292
1064
3106
2138
3106
3292
3292
3292
1064
3106
2138
3106
3292
3292
3292
3292
3292
3292
3292
3292
3258
2376
1633
3258
2376
3106
3258
2376
3106
1926
2376
1633
3106
1633
1888
1888
1888
2913
1888
1888
2820
1888
2820
1888
1888
2820
3292
1652
2757
1756
2820
3292
1652
2757
1756
3272
3292
1652
2757
1756
564
2752
2288
3329
3276
488
3422
2510
550
1683
1194
3276
2517
32
3382
705
366
1145
1582
3382
2766
837
584
2724
3417
259
453
1384
407
966
2718
1504
1767
1609
2288
1609
2536
2537
1793
488
2894
3382
1793
2564
2956
3382
2806
1175
488
550
536
2125
3382
2180
488
3269
1455
521
1455
3382
1316
2618
2892
2618
812
2564
2043
3382
2180
2288
488
708
3382
3276
1922
608
2427
1712
1587
1598
106
698
242
607
1322
3276
623
187
623
3422
1577
1389
1389
1976
3422
2668
1139
584
992
2427
1792
237
2142
1587
2668
3111
3412
2288
1583
584
70
2775
832
1587
2668
2427
318
623
2778
368
1826
3189
264
961
3134
50
52
5
623
2578
3111
3412
1976
1389
1583
1456
584
3276
1264
290
584
3276
1264
2312
2778
829
3217
2685
347
2437
2854
1690
1868
3078
1690
2640
3153
2640
2444
3261
2892
829
2444
886
3292
2275
2892
708
1587
1456
2640
2820
797
1690
623
2778
368
623
3118
2083
587
52
886
3292
886
3292
2572
886
3292
561
587
1826
2775
3417
623
3428
2290
318
1717
2488
2886
368
1018
2174
1281
264
828
2111
3111
3412
2113
1823
2536
3422
1678
1823
453
54
235
1389
1389
2107
3159
235
1768
3341
1678
1823
467
2064
971
3422
3422
2616
1456
2427
2438
3292
763
2225
368
3111
1391
509
509
1529
1678
2113
1823
1435
1435
1435
1435
1435
1435
1435
1435
3276
618
2054
2217
1455
2054
3189
3276
2616
2616
368
2933
3276
3159
2167
1435
1435
886
561
2121
883
3292
1384
1135
3292
1154
564
1088
1529
2685
1529
2685
1529
2685
2685
1529
2685
1529
2685
1529
2685
1529
2685
1529
2685
1529
1435
2685
1529
2685
2685
2685
2685
2685
2515
3162
870
106
1529
1088
1678
1529
584
584
2113
1823
488
1678
2113
1823
3088
1678
2685
1487
482
2963
2113
368
584
944
1678
368
2528
56
1678
1678
1542
3074
2490
1391
2528
530
1678
368
3292
3292
3292
144
3292
2650
1524
530
1194
2174
1323
2387
1683
611
2766
524
488
70
229
1678
1678
1678
488
1678
488
2528
530
1678
368
1678
584
2307
1678
1678
488
2288
1659
1456
1587
1598
2298
2977
708
1587
1556
43
1607
1059
1598
1431
2298
43
326
1030
1529
618
900
754
3314
2396
2875
2436
2684
65
3364
467
1823
1456
3088
1060
2524
32
1456
3298
227
1539
13
1203
282
1455
528
1308
1794
1456
3298
227
227
2616
282
282
227
282
2616
1370
227
227
1370
1690
1084
2335
1690
2198
528
1690
1370
2562
528
1622
2731
528
2926
1503
528
1278
2616
1084
1370
1809
1084
1084
2616
1370
1084
2616
282
1809
2616
282
118
227
227
118
1456
2143
3107
2616
1644
2695
3422
1520
2652
2776
870
227
1456
1370
227
1456
1156
2616
1370
227
102
1456
227
1370
1456
1288
863
768
2778
2473
2776
418
3029
2064
372
13
1976
1644
109
2244
2290
237
823
1456
1219
509
528
900
2474
599
1135
2933
528
1622
1040
3022
528
2539
3022
528
1920
1241
528
540
904
1622
1157
671
418
2616
52
111
540
45
3377
1489
1690
1370
1084
3298
528
1132
1456
1088
1456
3029
2528
2509
2903
3111
70
3022
655
3422
1542
607
1587
3093
2290
2245
2288
2892
3074
399
2532
2400
820
3320
617
812
2892
1384
3292
2234
795
1412
3093
1718
3022
1633
919
3093
1336
19
1395
2556
1690
1395
633
1970
2753
3053
1336
1989
2288
2887
366
1989
116
1970
1520
1150
1309
767
2131
2131
1622
153
1746
3097
2425
2956
1622
153
2933
1831
2131
2597
153
153
1793
153
837
2131
3360
3023
2131
422
1412
226
3269
647
116
1970
668
2311
1374
2131
1412
2054
2318
19
1380
1109
945
822
1412
2148
2200
1000
1456
795
3000
2778
2234
932
1277
2288
17
3189
3417
32
267
1715
3164
1641
1456
1322
2833
1456
2717
264
829
453
2951
3314
3298
2778
2951
1322
33
52
2187
3097
1622
1322
2549
2660
2660
2290
795
3093
1144
2951
3422
318
3029
1456
1455
2655
264
1144
2951
1322
210
2951
2015
210
368
389
48
2187
2187
487
1622
1322
1456
1322
227
2833
1456
1144
1683
2288
17
1873
1520
2716
3320
1150
33
1175
904
2453
1308
1794
1794
3422
2207
1375
3276
3249
927
3296
1704
1264
2892
2290
396
2826
2257
2438
928
1815
2438
3085
530
3422
2920
2007
362
66
1857
1669
70
2978
2298
200
467
1683
1419
1389
3262
3019
1419
3029
2470
2288
928
206
33
1389
3085
1208
1389
2556
962
181
227
102
2800
42
3029
836
2438
2624
795
481
2113
1456
3022
3022
2428
2800
2800
17
3022
17
2800
2800
3022
1456
467
2113
1211
2042
1117
1456
3422
3064
2747
243
3217
107
243
2428
886
3292
2892
886
3292
3111
3422
2561
2892
1875
3022
1389
2892
1264
3029
1587
230
763
932
2134
1074
2427
1497
2892
829
632
2427
1504
2427
349
1669
237
1497
632
829
396
1684
1497
2892
829
2182
886
3292
2561
1281
2778
1497
2892
829
1281
2778
3074
2194
1322
1582
453
3261
2892
2312
3189
2408
1598
623
578
2776
1587
3111
3159
1455
1322
2064
623
1389
2588
227
1030
2966
2577
1389
2588
1389
1088
2588
227
2892
264
1456
1455
3186
509
1333
2588
227
1179
3186
2290
2427
1690
32
2108
668
281
3189
2288
143
1348
2255
3422
1060
3181
1000
2288
1976
2070
536
3417
2225
303
205
1712
35
3360
510
3156
3417
1789
205
3422
2176
625
2373
2288
226
1894
1894
226
1894
2260
226
2166
248
795
1455
2508
829
453
1116
904
3112
936
625
881
455
3360
177
3360
177
177
1829
535
2775
2985
509
33
2652
1605
829
2108
2528
3241
1709
2966
177
795
795
143
2528
795
607
1894
73
1690
19
2260
574
1894
1894
2260
362
35
467
3417
366
3286
3422
3036
486
1243
2966
1455
2528
2288
97
509
2778
3292
881
1389
1771
2524
3189
2985
509
160
1264
2455
358
3261
2892
1194
2503
35
1793
933
3320
33
318
2920
1794
2778
1659
2639
3022
3309
2288
457
403
3341
868
923
3292
1327
1926
3302
2898
1926
3302
2898
3258
1336
325
264
1336
325
264
3292
1327
3292
1327
3292
1327
3292
1064
3106
2138
3106
3292
3292
3292
3292
3292
3292
3228
1624
1074
3422
2455
3076
2201
1389
2827
281
50
1288
555
923
5
1793
2187
1322
2047
2475
2778
1322
366
2826
2655
3250
2951
829
2273
829
2717
1322
2673
2288
1384
1135
3292
1154
2742
282
1048
2685
2455
2455
349
2645
2588
1074
2933
632
2475
160
1389
281
2108
923
3261
2892
829
923
1146
3422
326
1598
2167
1437
331
1175
2288
331
2288
2187
1322
2528
926
1089
2608
1281
3292
1322
52
2724
2187
1322
3097
1281
3292
1322
52
2778
1322
3393
795
3097
1089
1542
2618
829
812
617
812
2892
1384
3292
2679
2536
812
2892
1384
3292
3112
2547
1622
1322
2288
1243
2536
2862
1456
2536
612
114
1683
612
114
1683
612
114
1683
1456
201
3386
2536
3386
210
462
3277
2624
2951
1860
2279
281
2618
2892
2618
812
2312
2524
3111
3159
698
2232
790
2290
414
795
790
2069
52
886
3292
204
3292
1455
3029
227
3029
227
52
1669
1504
563
2399
2455
1083
1060
1281
2778
2775
3422
414
799
971
2244
227
481
2131
227
2427
3314
3422
2539
829
1384
3292
459
509
3422
584
1690
1684
3422
396
829
264
1621
777
1384
3292
777
2775
3417
1384
1621
3292
1349
3292
928
754
2528
2650
3189
2288
1778
1059
3303
1006
1790
1281
2288
829
1384
3292
795
481
914
829
914
237
2288
1950
1208
2288
2826
133
1950
829
1542
3085
812
780
2951
318
1539
1178
625
2536
2702
2131
281
1389
780
1583
1178
2131
1322
2801
3258
457
2983
3147
3397
478
681
1918
2679
2724
837
3111
2174
2311
3422
872
3212
70
2290
453
3422
2616
2812
563
432
812
780
281
1389
780
2624
2045
2288
2382
2455
2225
1633
3093
1456
2045
3111
3159
1705
1264
1456
2775
1456
989
2778
1456
1312
2775
2778
2528
2536
1395
2898
603
564
1926
1475
2508
2616
3292
3292
3292
3292
3292
3292
3292
564
1456
989
2288
1456
1312
2775
2778
2288
1456
3422
3093
478
681
1322
3153
1684
759
2616
720
1542
1375
2043
1167
1322
1078
1167
509
337
2138
414
3405
3276
676
1384
1135
3292
1154
1865
1389
235
3422
3093
478
681
131
2225
2131
2636
3382
605
2933
1953
2650
833
3008
550
1753
833
3008
3382
2536
899
3008
2636
899
3008
488
899
3008
3204
1753
899
3008
1622
3110
227
2926
481
255
1860
2064
605
2761
1976
2509
2340
1501
3069
847
1384
1349
354
1948
1362
2773
3159
227
2145
1497
1587
1673
1320
2138
281
724
3292
3029
1386
932
1389
2645
1915
3354
1389
227
2145
504
342
3422
32
987
70
2277
2761
255
2375
1683
1652
1644
76
886
3292
2892
1644
564
3292
1644
2823
970
1389
2761
2904
2846
550
199
1683
281
1389
3206
886
3292
2892
886
3292
812
3111
2954
1542
1389
2054
2665
227
2528
1573
751
320
2624
3189
2828
509
2503
836
3087
509
1624
2624
1389
1587
911
3086
2294
488
550
2154
3407
453
1587
780
3111
3159
3417
1542
1375
2473
1622
325
2388
2528
2064
1455
3217
1959
917
1984
1119
3292
3153
3412
3292
1678
1281
562
2265
1384
1135
3292
1154
282
1048
2685
2455
2742
2455
623
3164
528
2528
1456
528
836
335
550
2362
1088
2528
98
550
2494
1088
2528
98
603
564
3292
265
2138
211
584
3292
3292
2138
2376
3292
2138
2376
1984
3292
3292
3292
2138
3292
2138
1984
3292
3292
3292
1984
3292
3292
564
2650
1031
870
1699
1571
2427
3046
3177
52
886
1616
1375
901
2539
550
2362
1088
2528
98
550
2494
1455
102
1022
2288
1088
2528
98
281
780
3111
623
3164
528
2528
1456
528
836
335
550
2362
1088
2528
98
550
2494
1088
2528
98
3085
812
780
3047
248
2528
2886
1030
564
1984
1633
1690
325
2388
2528
3093
1231
2064
687
248
2854
1587
780
3446
2528
453
2198
1231
3193
2388
3183
904
2135
3422
623
3422
75
812
336
2333
118
1659
2639
509
509
50
2645
1322
52
521
3022
1156
2933
1455
1594
3022
2951
1216
83
1389
2920
467
2920
118
1659
2639
509
509
318
52
552
536
1349
3400
368
1573
509
509
3422
2985
1030
1175
2089
253
33
3022
881
2089
3422
2679
1823
2985
509
600
1030
1389
131
70
237
2288
1389
3412
1624
607
3274
2933
2312
2778
928
829
3261
2892
829
2778
3422
318
3029
2427
2072
2588
1389
2628
3111
326
795
481
1493
3341
829
1074
1264
1897
1493
2624
3422
226
465
15
1964
2296
2888
2588
1074
309
1466
3422
349
1135
2887
898
2283
2469
1074
1336
281
2892
898
2453
1007
692
54
1074
2042
981
2907
3341
758
2288
1389
3317
1201
2820
2778
2435
336
829
2407
382
2312
1336
221
2207
1357
745
3276
1504
1666
1089
2508
1389
226
1264
2257
3074
2828
1264
2608
1426
126
19
1963
203
981
32
1380
1511
2717
829
1456
928
1264
1069
1456
3417
981
1337
358
42
3274
829
1030
1504
3074
1960
829
713
1456
829
908
396
3107
539
1578
396
1462
2714
1456
928
365
3276
203
981
467
2312
2618
2892
812
327
3153
1456
2290
70
829
131
1685
1044
622
2438
1456
2207
687
1384
3292
2892
564
3292
1327
981
2823
970
2742
1678
1297
420
426
2694
829
2527
1150
33
1062
3117
1216
2061
1456
2290
2311
1542
1150
3074
2828
2135
981
1456
829
908
396
3107
539
1578
396
1462
2714
1456
3074
1793
1336
2029
2892
1587
2167
467
2029
1587
215
226
2356
3276
1542
453
3206
2892
812
1705
3111
2377
1322
1308
1789
3371
5
607
918
1135
2631
2861
2536
17
1633
1395
3269
3023
70
1403
1633
3422
976
1853
1264
3107
3275
2290
687
3274
3422
1030
1710
1322
814
561
1669
1375
1699
814
1059
3018
1401
1433
85
227
2887
797
1715
973
886
1433
966
531
611
2887
687
932
2455
53
2104
3320
3422
3253
1389
2043
2528
1666
881
2975
1727
2539
281
780
2616
2475
2147
1389
1558
1288
32
2407
2298
2167
1683
1336
973
550
1336
1022
1970
1650
3382
633
488
3204
1336
1622
1178
2756
3422
318
3314
227
2485
2887
2994
1976
1336
1404
2597
1633
23
628
1336
282
227
3078
949
1045
1068
1421
1970
1199
2861
1336
552
2911
1992
1815
1354
2174
1351
2887
2290
2875
2455
973
1080
281
3276
528
2442
3204
2068
1231
3263
240
23
2442
1455
3263
1017
3259
1327
1231
3263
240
23
2442
1455
3263
1017
3259
1327
530
1089
2508
530
1089
2508
1064
1089
416
530
1089
2508
1064
1089
416
530
1322
2442
1178
625
1322
2064
3371
1885
1178
1022
530
1322
2442
1178
625
1322
2064
3371
1885
1178
1022
530
1322
2442
1178
625
1322
2064
3371
1885
1178
1022
530
1322
2442
1178
625
1322
2064
3371
1885
1178
1022
1231
3263
240
23
2442
1455
3263
1017
3259
1327
530
1089
2508
1064
1089
416
530
1089
2508
1064
1089
416
2528
530
2536
1622
1976
1375
3111
1288
812
603
3416
2427
2438
829
1497
829
2015
3292
829
1598
281
886
3292
3171
1078
3438
2427
1669
3111
2290
2427
3274
2528
926
829
1030
3422
3274
2304
603
2528
32
2043
779
358
389
535
2892
2340
2081
1455
2716
829
928
2778
795
2899
2528
282
1622
2528
3292
1322
2528
2290
481
2187
2528
3292
1322
2528
2290
481
2187
2528
3292
1322
2528
2290
481
2187
2528
3292
1322
1484
1178
2508
625
2778
1926
3292
1322
3292
3292
1064
2138
3292
3292
3292
3292
3292
3292
3292
3422
2611
1669
3422
1575
2321
467
407
1300
2685
2174
3328
908
1455
1186
2324
213
1135
2290
3007
1456
603
1684
2304
962
2588
3153
2977
1100
1456
2722
2455
3110
532
3379
2588
919
1542
2539
3086
1175
1624
2054
1148
908
131
765
1624
2304
2812
2588
1504
1361
2588
1793
1175
962
2557
2509
23
2588
919
1583
1715
3086
795
1542
1771
2878
2288
3223
2138
3075
1164
1281
2778
2892
886
3292
1624
1059
1577
1389
2566
2064
1684
539
2312
2820
908
3292
144
1179
1333
1333
2588
227
1391
1542
1455
3110
1624
668
1389
2705
2766
563
2399
1504
1389
617
812
1698
1384
3292
3093
23
584
167
1587
2761
3417
65
2311
2025
617
812
1698
1384
3292
1793
1633
584
584
812
2892
1384
3292
167
1605
812
2892
1384
3292
3093
23
584
617
812
1698
1384
3292
167
1605
812
2892
1384
3292
1793
1633
584
584
1542
2043
549
2407
2288
2473
281
2618
812
2618
2892
3111
2134
1074
3422
3274
1194
1074
399
2532
151
1455
3183
2778
1497
535
886
1621
3292
1455
3183
535
1455
509
2985
1542
1074
2427
1389
509
1389
2330
237
3029
1542
3085
812
780
1633
2801
623
1598
1669
281
780
3111
2383
1194
282
2274
832
832
832
3021
2557
53
3194
1587
780
1347
1587
2298
1264
453
70
780
1150
2933
1389
836
1194
478
1082
399
1196
1976
3093
2839
1370
23
645
2074
1587
780
886
3292
3433
1015
1813
780
2933
2548
3153
2062
2509
1456
1058
1264
1153
1264
1389
2618
2892
2618
812
780
453
2523
1041
2645
281
780
2043
3111
763
1456
1579
904
159
904
318
1504
1288
987
886
3292
2275
2892
564
3292
3422
2611
623
1375
3422
687
2624
3292
1446
3422
2560
2724
493
628
2425
3014
493
1683
886
3292
1346
2892
3292
1346
2951
623
808
1865
1389
1771
3029
3064
1306
1389
563
2399
1389
32
2096
2705
1702
54
1389
3417
2333
1622
2951
623
832
1587
1712
623
889
676
832
1456
264
1456
2724
3417
1078
886
1446
52
2288
88
623
832
1456
366
264
676
1772
2427
237
2288
1389
237
3417
2427
318
399
2532
482
617
2650
3334
1175
1389
1624
2427
1083
237
2288
2933
1598
2601
1844
320
742
3171
1455
2601
2288
617
812
2892
1384
3292
453
1912
1582
2951
1644
886
3292
2275
2892
1644
564
3292
1644
751
886
3292
2275
2892
1644
564
3292
1644
751
1690
2778
2201
19
563
2399
3046
2083
1809
886
3292
2778
973
3189
2778
1089
2508
2823
2778
1089
2508
2290
3276
2679
3360
146
465
3276
2414
3422
318
3029
1624
1455
32
2129
1918
453
623
780
886
3292
812
1598
2616
1587
2892
1194
3111
2377
623
2977
2025
584
2557
1455
915
3276
235
418
1264
3111
617
812
2892
1384
3292
3093
1455
1694
143
1456
884
3339
3261
535
1455
3193
1327
2049
2840
2049
2840
2474
2951
2187
1322
2390
2474
836
1717
1389
617
812
1698
1384
3292
3093
1455
812
1698
1384
3292
3093
1455
3029
1017
33
325
430
2637
1089
2508
1455
2544
1456
2726
2977
325
2899
884
3277
2427
535
829
1717
2585
1389
1083
1504
325
3422
760
2288
797
1715
2120
3422
237
2194
2201
2253
1598
617
1264
617
812
2892
1384
3292
3093
1455
1694
1542
2235
2333
146
1853
2333
146
1587
1308
3137
1150
1150
1424
146
2212
2063
2063
1976
1456
283
2131
1327
1456
928
2104
898
1476
768
361
2940
442
2689
1551
886
1456
146
146
584
146
1327
1327
1456
281
2618
1194
2230
1848
1588
1112
706
2717
2376
881
1456
780
2890
275
2060
3074
1336
3417
3375
3417
2778
2887
3299
1633
118
2887
687
264
1456
3276
3076
881
2679
487
1622
2207
2887
2081
2290
2655
3383
1358
2887
1455
151
3422
573
1622
366
2895
2887
2760
70
3276
926
2360
2290
1456
1456
1336
1336
1622
1336
584
3382
1336
1336
1456
1726
2054
1336
2934
955
1447
17
121
3276
2863
2588
1389
3315
118
2054
648
1455
3194
1587
3206
2892
812
836
1389
3422
3022
1771
1587
165
3194
3111
2383
467
520
2966
227
467
520
520
829
1605
467
520
520
1624
2716
183
2624
2290
3064
1000
3313
1573
509
797
1715
1767
2778
797
3422
1226
2778
1573
509
2288
3329
27
3159
2528
2473
1573
509
1349
834
3159
2563
1393
3417
509
33
3261
1607
1456
2624
172
1507
1351
282
366
1389
3366
1384
1135
3292
1154
1440
3238
2507
1288
2388
2288
2624
2357
2507
2469
3086
2106
2624
2624
1219
2828
133
2828
226
2624
2208
2557
1455
2657
1271
618
2288
2034
133
2828
3223
2034
2207
3044
318
2388
2507
2766
1271
1789
387
143
923
2677
1631
3320
903
3186
1622
2760
3261
579
1455
210
923
1678
3153
2624
886
3292
579
1456
2775
2775
3329
2288
1456
797
2778
1226
1456
779
1391
3320
2288
1215
3292
3292
3292
3088
3292
3292
3292
564
3292
564
1456
2588
1389
540
365
2288
3320
944
2064
1226
2778
618
1041
2507
3189
264
3417
3085
3422
3274
1175
488
877
2366
2299
758
550
3411
550
1536
1641
770
2125
916
2054
1793
2618
2618
2892
2618
812
3276
914
2618
281
3276
189
1666
618
1793
488
1607
1607
488
488
2724
1175
2624
3437
1793
3422
1583
1972
481
1226
50
1139
101
687
1132
467
2288
467
3276
3296
2311
2706
608
781
982
884
1106
2167
481
2042
271
1172
3320
2887
281
780
1074
994
2288
3280
1322
2435
2427
1659
3280
1322
1455
1150
2288
2288
2187
3280
1322
2290
1322
3320
2685
1322
2839
462
1659
2951
2400
2951
2180
1760
928
1384
264
264
2951
3280
3280
2522
899
1175
326
1150
949
2951
3280
687
898
2104
1088
1964
1088
711
92
2394
2931
944
1456
32
2290
2104
1088
1389
1342
1403
211
237
2447
3350
2406
1389
2564
1389
2756
1456
467
1456
965
2801
2564
3444
1281
1624
1389
3193
893
3422
2616
1389
886
3224
2742
2742
2742
1250
886
3224
2742
2742
2742
1250
1624
1080
281
829
2
221
2887
1942
481
481
1059
3111
1288
1872
3088
2490
481
586
1782
3417
3076
3261
1389
2427
2838
229
2043
2427
1690
1389
2343
3417
3189
1389
3111
1389
1584
2059
2490
1811
1582
115
1624
1074
2840
1748
1060
2564
3328
2950
323
284
2564
2544
282
2407
975
2393
2544
975
282
2544
1690
1000
282
1690
1336
1694
770
2704
1633
2861
417
284
1015
2244
2589
23
1598
1316
3054
2490
1414
1015
2415
23
1456
2951
584
1322
2951
2131
1322
2951
2951
584
1456
285
2407
1765
3017
552
2812
2399
1322
2557
3054
2428
1972
3158
2597
2951
2562
2951
584
2174
1860
1658
1456
3422
2472
1456
2951
584
1456
1765
1645
3054
2904
3158
932
1456
1826
1096
2081
1456
2894
3417
1456
1456
856
282
2544
3186
2756
1084
726
432
1015
2288
1135
284
2876
607
2887
1539
282
1071
3420
681
282
2544
1655
2887
3422
994
227
284
1135
2597
856
604
1898
1000
2950
284
1438
1633
2443
2977
1015
2887
1504
1124
2290
1684
2441
2105
1917
2685
2798
2154
284
580
3328
2950
323
284
617
812
2892
1384
3292
2704
1096
2556
1617
1030
415
2894
3417
1633
889
32
2704
453
33
1941
2406
284
2341
2557
1617
1694
552
1655
1633
808
2343
1015
2097
23
2042
2488
2887
221
282
1389
3422
1788
453
623
3206
2892
812
1705
3111
2377
3276
3224
2930
2588
2171
1400
1633
623
467
3189
1981
423
2588
2171
623
623
389
1542
396
264
3422
1384
3292
1384
1621
3292
1349
3292
535
1621
3111
1621
3253
2054
2549
2635
829
1017
632
1621
1017
470
535
1577
2438
1504
1589
483
1950
2269
257
3422
1710
3422
2343
2524
1389
3422
1060
275
3417
1059
1950
52
3422
949
3000
2778
2529
2624
1281
2298
1059
206
2758
1349
730
227
131
2298
206
1059
1349
729
928
396
264
1456
2528
1281
2298
396
2290
2427
687
1281
1288
3422
396
3029
3417
3422
847
1520
1059
2298
2138
779
641
3352
676
2290
54
316
676
3292
3146
779
2738
316
3292
2775
267
3292
2775
267
1162
3356
1162
3356
2775
267
2775
267
2775
267
2775
267
2775
467
2775
467
966
407
1701
2075
2775
2015
467
779
2724
2065
966
407
1701
2075
2775
2015
2290
2937
2065
966
407
1701
2075
1973
2015
1621
886
777
1621
779
2937
886
777
1621
966
407
1701
2075
2015
1701
2075
2015
1973
2528
1456
1844
2934
1669
3261
2635
829
1504
2778
1504
2778
206
967
3276
1060
2892
498
829
3076
2290
2892
2708
776
547
3166
209
15
625
309
776
623
1669
2311
227
3021
92
898
2168
2427
1309
2624
877
1605
2455
1375
2298
172
2624
2679
241
944
944
1683
1036
1187
2603
1365
2648
2172
1918
1389
1957
2644
3074
1264
1212
2298
2679
2148
944
3412
623
705
1376
2992
3417
326
3417
2427
2778
2624
2778
2776
3153
481
2778
797
1715
1652
790
2491
2624
2624
1194
608
2208
1349
2288
682
1492
944
2920
2397
1308
2603
886
1308
1349
354
1308
1338
2920
1308
2288
2287
2564
2920
1212
12
1215
668
608
2288
2564
3111
2605
1456
3093
780
3111
3159
2140
52
2288
866
1810
3193
2288
3111
1624
2047
2874
2911
1793
1322
881
1389
2951
2288
900
1151
3022
2288
2920
1794
70
2288
227
611
2951
511
3337
2288
900
1106
1322
1582
3112
709
535
708
2892
1389
72
971
509
2828
301
2034
3263
1004
3360
1209
33
1688
2034
1556
1264
467
3189
53
1826
1264
829
1542
1074
1455
197
1105
623
3263
131
623
54
2040
2427
847
3153
3111
3341
1389
1941
886
2201
2135
2478
1389
3189
281
829
227
3341
50
623
2032
172
118
1633
2707
227
931
206
227
1499
751
2295
118
1633
227
877
13
2148
3088
227
2206
227
605
2295
118
366
605
877
2288
1059
2989
3417
1607
2895
1455
807
227
1402
1402
1690
1417
3110
227
1607
2895
2616
2225
33
227
2029
1826
206
3206
33
859
3193
760
751
104
1758
227
2034
808
1579
3422
2439
1031
2034
3422
1788
751
2083
1809
1384
3292
3194
1587
812
780
225
923
2257
1325
2112
2174
3202
3165
3313
716
2138
931
118
3165
807
2288
2571
2220
118
3313
2326
76
2966
3165
2966
1308
1794
2526
751
481
2966
118
2966
802
2288
3165
802
2288
1308
1794
1790
3360
530
466
3422
1788
2083
1809
746
347
687
3189
2763
2801
1456
2287
1650
3382
1383
466
488
83
17
1622
1395
1456
3147
2287
832
2131
1017
550
1622
17
550
3320
917
1484
3147
550
3296
2597
1633
1125
2333
2801
2287
1022
832
1622
1445
1030
749
2539
2287
3022
1607
550
3422
550
2801
2287
1022
1082
3086
52
2255
3269
521
1194
3085
227
1383
1030
2760
3085
227
832
1047
3147
227
832
550
3085
1587
812
780
1264
3433
2624
3111
1959
1669
1375
2333
2736
832
3147
550
2287
832
1022
1445
1558
2030
2058
1582
1543
2509
1634
2603
2507
2290
2616
790
3022
2597
790
2616
1633
1622
584
584
3422
919
1633
3088
1715
227
3022
1622
1605
2311
3153
2181
2388
847
1857
2876
1264
1000
1175
1022
1445
2793
2032
768
2311
23
1347
1389
1587
2287
904
159
1082
1462
3327
1347
2644
2707
886
2201
2135
2478
886
2201
2135
2478
808
1082
2933
1389
832
1472
3085
2287
1022
2897
1622
2539
1022
3314
1484
1622
2287
2724
2624
270
1607
2287
418
1484
3147
550
2624
1361
270
3437
2557
917
3328
627
1976
1484
2287
1622
2473
1596
53
1389
1500
3379
1389
2778
2624
1224
380
1622
2539
1175
2311
2624
2439
1622
1607
2778
2287
932
2311
579
1932
1500
2802
1793
1622
453
1587
780
3422
2427
70
1583
1727
780
380
2287
1022
1484
3147
550
3422
2427
70
2707
1310
2707
1182
2736
1059
2255
2244
153
467
1853
2624
2453
1577
2707
1455
104
2438
2624
2665
1501
104
3289
281
2736
1059
3417
807
118
3085
118
2616
227
400
2259
1634
886
2201
400
2259
1634
886
305
1308
603
2555
667
2736
1059
2606
3088
227
814
3147
1877
1349
26
3147
1455
1853
2090
623
2207
2624
3022
3022
2673
1598
3022
3153
23
584
3022
847
1416
2287
1622
3142
2624
808
660
2876
2259
1634
3189
2470
3022
3417
3417
2198
2707
2828
2475
535
1644
2624
227
104
944
520
33
1659
227
795
758
1909
2557
751
227
1070
535
812
623
1389
535
623
829
623
1389
795
877
1455
521
152
884
358
227
1308
1794
3422
3274
2528
366
3360
1194
1030
1165
2624
2366
3422
2724
760
366
751
358
33
230
1455
3314
869
1175
227
1976
2736
1030
2415
3147
550
1749
1501
2009
227
832
3325
3147
2736
2556
2616
550
795
2802
2563
1030
3422
237
520
227
3422
687
33
2564
2933
2675
2977
481
227
119
2778
1789
1320
2247
1826
1721
3253
2466
1860
2288
2564
2326
3422
237
3417
1389
1976
3320
23
1035
23
1801
1349
971
3381
608
2507
1456
488
3086
3382
1789
488
1456
3383
3296
532
321
2388
2288
3022
3356
23
2145
707
2131
3189
1489
2518
1264
255
2131
3176
1659
707
23
3064
2547
2231
1456
227
102
227
1809
962
102
23
962
282
2544
282
552
1088
2951
2544
552
1445
1088
1445
2951
1322
1445
1322
1456
1456
3292
3292
144
3292
144
3292
144
3292
144
3292
1322
3292
1322
1088
1322
1322
1088
1322
1322
1322
1322
144
1322
144
584
144
144
824
824
1088
2145
1088
2145
707
144
2951
144
584
2536
144
2536
17
144
2536
144
584
144
144
1088
1622
1622
1088
3204
3204
1622
584
1622
1416
1322
3204
584
3204
1416
1322
3204
1416
1322
144
144
584
144
466
144
466
707
2145
707
466
2145
1456
3111
382
2499
2616
23
1161
2902
1622
1308
1794
1308
2920
347
1466
2288
2682
1175
2288
2429
1175
3279
2043
1026
2241
1322
3310
2951
763
1320
2274
795
481
118
2288
3422
1308
1794
2650
3320
1322
3193
235
1194
1322
52
1175
2174
1052
1456
2407
2195
481
227
481
119
2778
1789
1320
2247
1826
1721
2333
3253
2466
2333
1860
2288
118
2473
2145
281
780
2892
780
812
2704
1721
52
2007
1504
79
1322
2557
3110
227
42
680
1322
2557
2029
23
2544
1308
1794
2916
3110
227
1322
600
227
3021
1088
1539
3147
336
707
2131
3153
3110
2288
707
1308
227
1620
2312
1322
1320
1959
2288
1403
2711
2416
3110
2288
2389
1809
971
2711
1456
707
1308
1456
1456
707
707
707
707
707
707
707
707
707
707
707
707
707
707
707
707
707
707
707
707
1456
32
2298
3298
2778
1652
1288
489
923
1862
2110
2675
227
1721
119
2467
969
1860
227
2288
2588
3111
2503
2288
2589
2108
2916
1483
1585
3052
3137
2207
2916
509
1308
2920
1620
2650
2288
2494
2290
2682
2298
2823
2288
601
2920
760
2807
900
2650
2528
245
618
529
550
265
1869
2288
989
2828
3186
2528
532
1456
530
1322
2442
1445
3320
530
1322
2442
1445
3320
530
1322
2442
1088
757
530
1322
2442
1445
3320
1456
2148
1322
2417
1322
2556
318
2854
2778
1789
2509
886
1308
1349
354
1308
1338
2920
2509
237
2288
2513
2566
2775
797
1715
1511
3422
3383
1481
2288
3298
3193
1633
1786
3193
928
2288
1456
1088
3088
1809
3193
2528
3193
2685
952
2528
2528
2528
1456
1794
1620
2288
481
1322
750
1931
757
3320
2288
611
2951
227
611
2296
1959
227
1622
1622
881
272
1322
3371
272
1322
1622
1622
1622
881
272
1322
272
1322
1622
1622
881
272
1322
272
1322
1622
1622
881
272
1322
272
1322
1622
1622
881
272
1322
272
1322
1622
1794
3422
1690
1322
933
3110
2288
1622
1622
881
272
1322
3371
272
1322
1622
1622
1622
881
272
1322
272
1322
1622
325
1622
881
272
1322
272
1322
1622
325
1622
881
272
1322
272
1322
1622
325
1622
881
272
1322
272
1322
1622
325
3310
1794
730
97
2698
2174
929
1959
3110
1322
1558
687
227
131
283
227
2594
2916
1552
2714
3249
2333
465
2557
2657
995
836
3356
3269
1455
618
3110
1768
3110
2288
1322
2395
2312
605
2951
2288
3110
479
2131
1403
1959
2131
1504
2761
1959
479
3110
479
1959
2288
1308
1794
2916
2509
1456
2715
1959
3110
1261
3383
1308
1794
2916
2288
1153
600
3320
2951
1666
1322
1320
1135
987
2140
758
2624
1456
564
1088
227
481
227
118
227
2588
2685
2683
1456
3422
949
481
118
227
1410
3313
2778
3422
949
3368
877
1351
3253
3417
2509
2259
3215
2509
3147
550
2557
2288
2827
803
3029
2778
1308
2920
2021
1322
52
2966
227
1622
1622
881
272
1322
272
1322
1622
1622
1622
2333
1622
881
272
1322
272
1322
1622
1622
1622
2333
1622
881
272
1322
272
1322
1622
1622
1622
2333
1622
881
272
1322
272
1322
1622
1622
1622
2333
1622
881
272
1322
272
1322
1622
1622
2435
904
1322
737
2920
2021
2180
1645
829
2920
2778
1281
2645
489
949
227
223
1959
227
1288
1322
23
23
1322
210
23
23
1322
1017
2907
1959
227
1322
3042
2556
1308
1794
2298
2916
2951
3110
227
1288
1322
23
23
2556
23
23
2556
23
2907
3110
227
1322
1732
2556
1308
1794
2298
2916
2951
2409
481
118
1959
227
1322
1161
2902
1622
757
707
3204
1622
1322
2809
2704
881
3204
1622
1322
3110
227
1322
881
3204
1622
1322
757
707
3204
1622
1322
2809
1316
1057
1308
1794
3422
2916
1959
2288
1717
356
3110
2288
1389
449
985
3159
2801
368
460
1959
2288
3110
2288
1794
2951
1288
1308
1794
1959
227
2557
3110
227
2174
3320
23
2288
2557
2384
121
2507
2564
3402
2557
2384
2288
303
23
422
1730
2564
23
1918
2288
1455
1175
2298
3298
2269
2288
3069
1573
2269
282
3153
788
1322
3296
2951
2290
1456
3153
2694
1659
557
1095
3111
2564
1389
449
985
3159
2801
368
2564
2288
2801
2920
2288
2494
3320
303
2187
2951
757
933
627
3416
2482
1322
832
748
707
1308
1398
3320
2951
757
933
3422
749
1322
1000
840
3422
151
2951
1308
1794
1472
2298
1837
2130
32
2297
2288
611
2951
2192
1622
1322
3422
1308
2324
1789
2161
2482
1322
1080
1587
3269
2706
751
2950
2474
2648
3320
2951
3422
2161
2827
2290
2528
758
1992
2288
1066
1976
227
2365
3422
3171
1659
1717
3422
349
1976
3159
1976
2637
3384
2645
1326
2088
1174
1078
227
2566
2926
1456
1645
2828
1288
489
1659
2064
3110
1809
2933
2675
2977
481
227
119
2778
1789
1320
2247
1826
1721
3253
2466
1860
2288
1384
2091
3171
1394
2742
2114
2114
1251
2742
2742
2742
2742
2742
2742
2742
2742
2742
2742
2742
2742
2742
2742
946
2742
2742
724
2742
2742
2753
2742
2742
2742
2742
2742
2742
2924
2429
3320
23
3216
1389
1308
1794
1455
1358
2288
2288
3033
3107
2344
2288
3033
760
2288
2631
2569
2426
2631
2933
1384
1135
3292
1154
3036
932
2225
1135
1000
564
1322
17
2562
2539
1322
17
1148
2539
2290
237
3029
1389
1717
1455
886
2201
3022
2539
1000
1322
17
3274
1389
509
2062
1996
2778
2892
3422
3274
633
3292
1644
2892
3189
3417
2155
1622
509
3074
3288
633
989
32
2064
1853
479
2312
657
2054
1249
1809
932
1622
1322
2429
1322
1322
73
2288
1813
1683
445
1322
633
3288
2288
3189
2155
2288
989
32
2064
1194
1088
633
2508
1178
1088
633
2508
1178
1088
633
2508
1178
1088
633
2508
1178
1088
633
2508
1178
1088
633
2508
1178
2892
829
467
2801
2112
2569
2108
3276
2766
1786
2887
795
1336
78
2536
3242
583
2618
2443
837
1336
3276
2975
2290
687
837
1336
584
1456
2839
1622
488
3382
3204
1336
1178
633
706
1456
1213
1089
2508
1645
1336
368
2564
837
1349
1336
2315
1336
1089
2508
1089
3263
706
76
1336
1786
795
2564
1336
1089
3263
1864
1331
2887
326
284
2054
2230
2430
1501
3276
1264
1194
718
1389
281
1375
1271
558
584
790
453
2081
780
832
3153
3111
1669
623
698
2454
2265
2357
2081
3085
812
780
2427
237
3029
281
2054
2665
3189
2485
1384
1135
3137
795
3022
23
1456
2839
1416
2839
1384
1135
2536
321
2022
2716
2778
795
1456
916
1175
509
1089
1455
509
3261
1727
2208
2410
844
2131
2288
536
2951
318
567
1809
1178
2131
1507
1000
2539
625
795
2131
1322
1000
1178
3029
1322
282
2131
3022
1542
2290
2427
318
3029
1456
396
965
2136
1996
908
928
509
535
795
603
564
1391
3292
144
3292
3292
3088
3292
144
3292
3292
3292
3292
3292
3292
2645
75
623
1384
1135
3292
1154
2096
1389
226
1148
908
1249
235
932
1148
2475
3422
3274
886
2650
1281
2778
3159
281
535
2588
3159
1638
281
932
2288
2455
2042
2325
3089
521
2497
2833
1810
1455
2833
2951
2288
2187
1322
832
2833
3371
1863
2537
1571
2833
2497
1504
1150
2207
2833
1208
2778
509
1150
2714
2325
2292
3422
349
2288
1791
2312
623
1705
1060
1389
780
75
623
3314
434
1489
836
904
99
2508
625
3111
2377
1542
3085
812
780
414
404
3388
2064
481
2037
795
2104
2713
481
2812
2528
829
3292
530
1022
1976
1017
1972
795
790
584
1857
3417
2043
2995
3112
481
2597
3270
2528
2638
481
63
3093
1389
51
1607
2081
3111
2267
2194
1249
1809
2312
829
3422
3171
1384
3292
1384
1621
3292
1349
3292
535
994
2776
1456
531
1959
584
1809
962
531
962
17
227
1959
531
2588
1456
1624
1074
563
2399
2455
1083
3365
1150
1504
1946
2201
1249
1809
1916
2776
1712
1281
2778
795
481
2924
2288
282
1455
2288
3260
1187
3111
886
1308
1349
354
1308
1338
2920
531
3189
2334
2520
3292
1446
348
467
531
2475
2334
2287
2645
573
3313
1607
829
2334
2624
2724
829
2287
2624
2515
2783
829
799
2148
2475
1952
1758
807
2043
467
531
2492
3145
1501
1446
467
531
396
467
2334
2287
2549
1955
2287
829
2624
2724
2334
2977
2711
2624
1519
3374
3074
829
481
467
3417
2618
2892
812
2333
2427
687
3292
829
2287
1375
3111
1504
2013
1264
923
2618
2892
2618
812
2806
1251
3111
70
1892
2174
2724
2287
829
2624
618
2287
584
23
325
2054
1607
2287
2557
1771
457
1793
829
281
2618
2892
2618
812
467
227
1389
2180
1389
2904
2427
50
1456
2438
2334
1088
829
1088
829
1088
829
1456
3022
829
3022
3314
1826
2562
1218
549
2443
524
272
1389
1060
2606
829
1732
1389
3004
2455
540
2624
2828
1264
2705
2645
996
1660
2043
1306
2475
2507
1107
433
3261
969
2895
3422
657
3421
2475
2334
2287
3153
2473
1217
2081
2131
2154
2507
795
2562
829
3261
829
52
2334
618
618
829
1843
1793
52
1358
445
2475
3189
2624
2045
2045
579
2288
2950
1389
1333
2288
2860
2047
1970
1727
1430
2920
1970
453
2666
70
1970
1440
1456
1970
743
1970
1456
617
812
2892
1384
3292
2528
1072
812
1698
1384
3292
2528
1072
1970
3422
2470
884
2288
884
541
92
2828
181
3375
2966
1826
346
2966
3275
1715
1178
607
1175
3425
2902
1715
281
1389
2892
812
3111
3159
3022
1542
1455
76
2225
2029
1959
2034
836
1264
686
1233
2298
318
467
3029
3417
687
181
3292
676
1135
1469
181
3261
745
1175
1089
2508
3153
2089
3076
3153
1034
2887
2563
706
1034
3111
2032
467
3128
1384
1621
3292
1349
3292
535
396
264
928
396
2892
2290
2775
884
852
2043
2174
1659
1412
2703
1659
2887
3327
1504
467
2887
1950
2427
237
531
453
884
2892
1864
2167
1045
1336
2230
2167
1583
1456
93
93
1960
1282
837
837
1336
1864
75
453
3422
884
2618
1622
1060
535
1622
2528
1104
1294
2307
1622
1294
2465
1926
1412
1178
633
1089
2508
1089
2414
115
2230
3086
3086
1336
3292
1327
2311
2747
226
1751
1633
466
884
414
1793
1456
702
1456
1178
633
1294
1456
3128
2143
884
1208
3327
115
453
115
99
2618
884
2618
812
2512
1389
2427
2455
1083
1504
3126
50
2756
1412
2279
2230
2131
3278
1793
3153
2618
2892
3182
1456
706
366
1034
1010
3093
1034
2887
1336
1970
3036
2077
812
807
3153
3269
1864
453
467
2025
2618
3422
535
287
1384
1621
3292
1349
3292
535
3422
2679
1622
70
829
1122
1504
1293
1456
900
812
1358
453
2455
2029
2427
687
467
3153
3022
253
349
396
2892
1336
2622
2230
1848
2470
832
264
1456
1336
994
3412
453
1456
70
1864
2965
1970
3422
2439
706
1045
688
70
757
2230
2131
3022
467
2131
1622
1034
1412
2131
2131
151
2131
1472
2618
2892
2618
812
1606
2677
1289
2778
2131
2230
1412
1892
3140
453
1456
2679
115
2563
2427
3344
3422
2668
453
467
2643
1499
2705
2704
453
467
70
2618
2892
453
1410
687
926
812
3112
884
453
812
2618
248
2812
1633
1793
2812
2618
2892
453
115
467
2618
2892
32
2989
3314
1504
3313
3320
3417
760
919
1793
1336
1793
2335
795
928
1659
1456
32
1587
971
2455
991
3022
2869
1456
1456
1718
3122
2539
1336
1718
1718
1456
1456
1456
1718
3122
2539
1336
1718
1718
1456
1860
1001
1456
1088
751
467
1088
1088
520
1456
1340
33
3189
2288
1375
1474
1456
1829
264
1456
2892
2828
2528
1829
676
237
1336
2290
1690
1622
1622
1622
1715
832
1336
115
2940
453
105
1150
2618
2892
432
467
1963
1573
1327
426
2966
1327
3112
884
2618
1864
1055
1622
1622
1976
1582
2887
812
2724
1412
1860
1412
2812
1410
2131
2616
884
2892
70
2427
467
535
1264
1336
1489
1336
1294
1622
1034
1294
2549
859
1573
1622
1336
2563
2230
2539
1336
3022
1045
2167
1622
3186
1456
1456
1178
633
1622
1294
584
588
1456
1294
1336
2230
1779
2618
2892
2605
881
1684
1633
2561
264
1587
1425
3422
687
264
1456
2694
1587
1684
829
1504
467
1575
3076
3261
539
1030
389
795
375
1031
396
467
2645
2989
32
415
407
270
574
2616
1336
2926
32
1976
1389
2412
1336
1055
3313
3382
1336
2250
3422
1860
2222
1336
3004
115
1336
115
2312
1384
1135
3292
1154
1860
2724
2685
884
2618
2151
3045
2756
2717
1456
1783
1976
959
2966
2775
3171
3384
797
1715
1682
797
1715
2778
33
797
900
1542
1375
3341
797
1715
3189
3417
2298
1389
795
1017
33
282
3422
3109
467
1511
908
1389
2922
2290
2616
52
908
2778
2778
2775
3171
3384
396
2826
3422
3274
2778
3261
2892
812
829
3111
1511
928
535
1060
3085
227
227
3085
33
1194
2312
1030
1389
932
1060
623
3422
1456
2933
2645
3150
3422
847
1060
3111
1456
2778
1690
330
611
330
1088
1088
1088
2936
447
227
584
227
481
227
2812
1815
227
1622
1815
330
2673
2307
2135
1383
321
2528
758
1336
321
2135
1383
2135
1383
2288
2839
2288
2839
227
584
227
2588
2312
2528
134
1336
115
1055
836
2062
1336
56
282
1336
2977
2368
1336
1447
1972
3029
84
2766
1624
1389
90
306
3422
1083
2918
52
3261
829
3111
3095
2211
2062
1336
2778
2326
2778
1481
797
1715
842
1455
2312
1194
1914
3417
70
1371
250
1389
245
2635
1478
1969
272
928
3074
2528
399
2532
1669
3292
467
467
758
1336
467
467
2022
3292
1327
2049
3263
1172
1055
758
1336
467
467
2022
3292
1327
2049
3263
1172
1055
758
1336
467
467
2022
3292
1327
2049
3263
1172
1055
758
1336
467
467
2022
3292
1327
2049
3263
1172
1055
758
1336
467
467
2022
3292
1327
2049
3263
1172
1055
758
1336
467
467
2022
3292
1327
2049
3263
1172
1055
758
1336
467
467
2022
3292
1327
2049
3263
1172
1055
758
1336
467
467
603
564
1926
1475
2508
2279
2279
1391
1860
3292
3382
3292
3382
146
3292
144
3292
144
3292
144
3292
705
3292
705
3292
1327
3292
1327
3292
1327
3292
3292
3292
564
2201
1389
2311
2731
1713
1456
1573
2887
795
56
282
1336
1497
829
2167
2388
1000
531
2778
3422
318
3029
2064
1891
1949
2887
101
326
2508
2234
2798
608
2124
2887
2154
2508
3330
2887
2887
2064
2692
1949
1860
1336
2054
1447
1455
2064
1016
2784
3296
2887
2290
2692
2887
749
2725
2006
284
3330
3341
33
321
1926
1475
2508
3292
1391
3292
1391
1860
3292
1391
1860
1391
1860
3292
3382
146
3292
144
3292
144
3292
144
3292
705
3292
705
3292
1327
3292
1064
3106
2138
3106
3292
3292
3292
3292
3292
3292
3292
641
564
1960
3022
2887
2362
781
1076
2978
3074
90
1371
3111
2054
1226
1030
2624
1389
1062
42
2528
1456
840
2650
1175
2104
528
1022
1157
2453
1504
2288
826
1700
3417
1882
1623
2646
1402
932
3111
2580
1669
399
2532
1481
418
3328
344
478
681
1607
2276
623
3189
681
2724
358
226
453
1264
812
780
1827
3410
84
2751
846
2507
2321
3029
1389
281
780
1290
1308
1794
395
282
2801
295
1389
991
1548
3072
2812
701
2828
2539
3072
1456
3429
3429
1088
1088
2812
481
2242
2333
3072
3086
1456
1959
2288
1683
3110
2288
2564
264
1456
2455
2192
945
3276
2564
2453
2407
1322
3021
944
797
1622
20
1622
281
810
1333
2885
325
2425
886
3292
2290
3320
1322
3364
493
394
1150
1135
2288
3076
3261
1389
281
3276
2618
2892
453
467
2288
467
3422
2402
635
153
2191
1264
1638
1089
2887
1126
338
1336
1914
1126
2889
3061
2528
1542
227
1281
459
509
459
1336
509
1402
1336
846
2920
509
2650
2920
1336
3422
509
2916
2650
284
509
2916
2650
1712
2298
3176
1089
302
1336
1622
781
1336
1089
2916
2563
3433
2677
1607
1089
3382
1264
632
2298
1564
1456
1336
1089
2887
1264
1892
3128
2288
870
466
2528
2340
1793
1089
2887
281
1175
1034
795
2618
812
3153
32
1504
2455
2290
1218
2288
32
281
1264
2427
237
1456
32
2892
281
3276
2842
281
3276
1504
3029
1281
2562
1771
3074
2194
1783
1787
1060
281
3276
3276
2427
1690
1389
281
2618
1542
617
812
2892
1384
3292
255
1325
1584
3199
529
3054
1226
2312
2624
2624
255
2145
2962
19
3055
453
1320
1070
2443
1571
2145
2778
2492
1633
1456
255
1456
617
812
2892
1384
3292
698
3253
2827
237
3029
2717
453
128
2679
584
1503
584
836
2490
1420
509
2985
3021
52
552
749
493
1383
3400
509
501
1539
282
1336
414
33
1616
836
813
1972
1542
1389
2201
2427
45
2083
587
886
3292
1030
1389
281
1389
1062
2427
237
3029
227
1456
3422
1389
2043
928
1389
1322
2962
2298
1573
5
1456
2578
467
531
1281
3078
1652
1721
2703
2290
2427
3377
1375
331
204
467
2064
2427
687
303
3111
3111
3331
1669
1375
928
118
509
2778
2920
1794
265
1573
33
3422
2427
3377
2148
3422
2427
3377
2298
1573
1861
3111
2408
1455
3422
3377
325
70
509
3422
2985
118
509
2778
2920
1794
2298
1573
509
1288
1322
906
832
878
520
2966
2131
1456
1456
2290
2439
1288
2131
743
2595
2539
708
2290
2131
1322
2420
2484
1322
2288
3320
3261
321
3110
2288
1456
2022
564
3292
1327
1336
146
2536
2465
1089
2508
2778
583
2022
564
3292
1327
1336
146
2536
2465
1089
2508
2778
583
2022
564
3292
338
1322
493
1456
2288
3069
2288
146
1175
17
584
2557
584
2557
2564
2276
2311
2255
583
583
2645
1322
509
1030
2539
2536
1150
2717
3093
1793
146
2536
271
3076
797
956
797
549
1264
932
795
321
1333
2618
2892
812
2288
2801
3193
2288
366
1684
155
438
1317
2427
1160
1389
366
1402
2717
275
2220
438
2054
283
2655
2244
1030
2945
483
569
1715
1264
1456
146
488
1456
2290
1583
1456
146
488
1456
2564
2288
146
1175
17
584
2557
584
2557
2564
2276
2311
2255
583
583
2564
1184
3150
3189
2288
146
795
146
1056
617
1264
1322
429
3199
633
493
1322
1049
52
2724
2288
2616
933
841
2288
719
1573
1322
2576
2187
1322
617
812
2892
1384
3292
3093
146
2536
795
2174
994
607
146
2536
1456
146
584
584
584
584
584
584
584
584
3382
633
2333
1456
146
2536
3386
706
75
623
2892
1504
1035
583
2507
829
1035
1683
2778
2641
2690
1035
2675
1035
3263
488
519
971
488
2307
1756
488
1035
3263
519
2539
92
3360
2539
1712
488
1756
1330
488
519
623
2764
1022
1022
1022
2097
884
488
2528
1017
488
272
488
780
1268
795
829
467
3047
265
318
469
227
617
812
2892
1384
3292
623
1308
870
2288
3111
1121
2539
2509
2539
2965
1582
2539
321
2528
1333
3279
2104
321
1445
318
3029
2288
1389
603
1908
1727
2472
1456
928
1959
3417
3417
807
744
282
1336
2257
1336
599
92
962
1690
2288
3189
467
676
1959
3417
2544
3110
817
520
227
535
829
1384
1135
3292
1154
1094
187
2470
829
3422
70
1727
281
923
1030
1264
347
3444
2369
167
347
687
1455
1359
1160
3402
2557
3242
2679
2645
623
167
1083
1542
2677
3417
75
623
780
1705
3111
2377
281
829
1194
3111
623
623
3279
167
1011
3153
1059
520
2125
3422
83
1918
2677
923
227
2631
2563
222
751
1308
1455
1607
227
104
3085
812
780
623
832
1264
1389
2624
227
3296
3176
118
1264
751
1059
92
104
962
623
623
1715
2780
751
242
227
3422
1030
167
3111
1511
871
1389
1389
131
1539
962
2985
509
962
282
2312
2187
2290
1552
1082
2933
908
3056
3183
2427
3173
3189
1539
962
237
3337
3422
1558
2317
1326
1483
2288
881
1000
2562
881
2650
2187
2528
2290
481
2187
2427
237
3029
3364
1389
2635
1456
2528
3078
922
2884
288
1717
1484
1178
2508
625
2778
1926
3292
1322
2775
3292
2775
3292
1064
2138
2775
3292
2775
3292
2775
3292
2775
3292
2775
3292
2775
3292
2775
3292
2775
3292
2775
1456
2438
623
2977
2597
3356
2528
3274
509
227
2312
227
926
2541
2655
1456
2138
227
795
196
987
1030
2112
1389
3111
2594
2211
3111
2471
2150
1060
795
2778
2624
2288
2624
3088
531
2624
481
2081
836
1598
1577
3088
2778
2312
2977
1573
509
1456
2242
1573
509
1375
2288
3189
2312
3261
2892
607
1322
1150
3161
3111
3159
1389
1060
221
2312
3261
2892
780
3134
534
1322
611
3422
1505
814
1322
1150
358
1644
2951
832
3280
510
1845
1322
2854
3176
3422
2669
1322
2673
2427
237
3029
1701
1389
1786
584
1039
2409
928
1074
1976
1389
54
2290
2539
552
1786
531
2307
531
2195
2195
2207
2045
282
2536
962
3174
482
272
23
2509
23
1383
780
2307
2539
3263
23
1383
780
2307
1281
3023
237
623
655
1389
235
2298
1074
1389
75
623
623
2298
1074
1389
2528
532
1976
570
3341
3292
1064
3106
2138
1333
1786
584
3292
466
1039
2409
3292
1333
1926
1926
3292
3292
3292
368
3292
1322
3292
1322
481
3292
1322
3292
1322
3292
1322
3292
1322
3292
3292
3292
1064
2138
3292
3292
3292
3292
3292
3292
3292
3292
2528
2180
3106
1715
272
1715
2195
2724
1914
837
584
226
262
2140
3276
2407
2298
1264
80
1264
336
2778
76
3258
3303
1389
1914
23
2232
153
607
3276
1914
599
2298
687
2705
1336
2388
1456
2054
853
2255
865
1669
1310
1336
2388
2256
1389
1333
1064
1064
210
3147
1365
2603
282
2556
3147
282
2054
1336
2388
65
3009
3152
687
611
1654
2716
1455
3099
576
1434
1194
33
2050
221
2196
46
898
2965
2388
1662
898
2991
1187
282
1558
1072
202
2528
2576
837
584
2576
58
1809
993
1802
837
584
1715
583
1619
2839
2304
58
1455
1116
1455
2898
1577
1389
174
2507
3276
2290
281
3112
467
928
2200
1322
3110
368
1322
1070
1389
83
3313
1056
5
829
2513
1489
272
1456
467
1088
388
531
584
531
481
531
552
531
3022
23
1459
23
3263
1459
23
3263
282
282
2474
312
531
584
531
2588
2255
187
1669
1310
1336
2388
54
1768
2250
2096
829
3189
3029
2288
2778
2503
2564
3159
1762
39
2705
2791
2564
2778
118
509
2564
2705
2791
2705
2791
3159
2564
2778
1308
1794
2828
2985
1308
859
1308
1794
829
2047
2564
3159
1762
39
2705
2791
2564
2427
1150
509
1322
552
1456
493
1336
552
1456
625
2539
2288
2302
466
552
3023
3358
3425
326
859
2828
32
2081
1456
347
65
3111
3310
687
2507
1322
1161
1161
1022
2089
3166
1297
3358
2724
3186
919
459
1322
222
237
32
3383
2250
226
33
2983
1624
1598
1264
687
1264
2062
1200
1349
2330
509
687
1194
859
2259
2951
1456
3135
3135
707
1308
1308
757
1974
1456
1456
3135
3135
707
1308
1308
757
1974
1456
687
3026
1194
660
3227
32
221
1322
832
35
1793
1757
1389
2265
453
33
509
1308
1794
932
33
2564
2502
2171
2290
2731
2274
704
1713
3397
2564
2502
2171
226
3186
1504
459
2727
509
2887
960
48
3422
3345
2616
2727
509
592
960
48
851
1717
32
2502
3397
296
509
1504
2174
1573
509
2854
960
1794
509
625
1088
296
2950
2920
133
2828
1727
2081
19
2724
1161
928
3064
730
1456
2509
829
2564
1322
1161
2539
1161
1445
1322
2763
3107
2307
1161
1245
2448
1322
2564
1573
33
3189
886
2544
2791
282
2564
3159
1762
39
2705
2791
2564
2756
1161
3358
3107
33
2983
2150
579
745
1659
2639
2920
1504
2407
3074
1200
1349
2502
2171
118
509
1504
3074
701
509
3074
33
2453
1659
2639
3073
26
509
2502
2171
511
118
509
3073
2131
3231
131
2904
2502
2171
275
1573
509
296
2502
3397
914
3021
2280
1457
960
48
33
883
3383
2502
2171
2983
509
1504
2834
482
2502
2171
2645
1479
1194
2920
2502
2171
2523
2983
1116
21
509
1659
2639
1219
2828
3029
2054
2665
503
2081
3100
1659
2639
118
509
509
2778
2920
2828
2502
2171
886
2290
2731
2274
704
1713
3397
1121
687
131
2778
2920
2021
33
1659
2639
67
3393
509
67
26
509
1483
1585
33
3052
3137
2438
3313
1659
2639
2920
1793
1017
275
2920
2778
2502
2171
2523
3147
3147
2983
2502
2171
2983
829
2920
3137
928
1219
509
1789
1793
2290
2783
2029
623
2679
2225
3189
467
2288
265
363
957
453
546
2225
2388
1455
3003
2298
1505
467
2288
2485
2029
623
459
611
926
2673
997
3053
926
1823
2438
509
1045
2054
2936
221
19
1045
2936
19
2766
356
366
1175
1266
1718
2131
3076
509
1150
981
2104
1175
1789
3219
509
1658
2035
1646
2311
1598
3067
2443
1624
1074
217
2311
1187
2507
611
1337
18
981
1337
1748
1337
844
981
2907
2778
1251
550
338
2344
795
2778
1389
1777
1918
1504
3364
2549
2239
1258
2344
2131
1045
509
981
1055
981
1055
2975
3023
2258
1080
2766
1389
674
3029
99
1308
1794
2298
2679
2288
1764
979
1520
1666
2801
1308
1794
1938
1699
1308
2087
250
696
3153
618
1456
2054
2288
3422
1504
1091
1210
2523
2081
2827
2499
547
1455
399
1196
2549
2288
2288
3088
2528
1391
2528
1017
1622
776
2528
564
3292
23
776
3292
3292
3292
3292
3292
3292
3088
3292
3292
564
3422
2549
1148
272
936
1089
2508
1030
3150
1930
3153
2129
2523
1609
1742
1587
2407
3153
1456
1456
33
33
2844
2844
33
2844
1456
2564
919
550
2537
3074
1270
146
1336
2564
550
2232
2682
2724
2290
1019
1793
2455
2454
3382
2812
550
1609
3022
536
550
2887
1609
366
1456
1336
3382
75
1609
1456
2043
3150
2844
23
33
1773
146
1178
633
2523
2966
144
2557
19
3355
2288
3422
807
1410
1713
698
1022
1786
2682
2131
3422
807
2549
2523
931
144
23
226
863
1492
3313
1456
1336
531
1336
1456
2724
1336
366
2616
1456
547
1455
1012
1054
1090
823
2075
1456
900
2564
1288
1456
1118
584
936
550
2562
3382
550
1349
730
2812
2295
2564
349
1504
1946
318
1456
900
1389
1456
1456
531
1336
1336
531
1336
33
2724
1860
1456
453
1715
746
33
944
1336
1625
550
1543
550
2288
1625
550
1175
2311
1659
1625
550
550
1455
3382
2168
1624
3422
2455
611
408
1336
687
3067
3111
2806
1633
2766
2043
2756
1456
1976
146
3382
2704
2760
3320
32
1456
2980
1040
584
1456
550
552
1088
1456
919
550
2537
3074
1270
146
1336
1288
1456
1118
584
936
550
2562
3382
550
1349
730
2812
2295
50
3417
3417
1926
3292
144
3422
2880
3292
144
3292
3417
1926
3292
144
3422
2880
3292
144
3292
3417
1926
3292
144
3422
2880
3292
144
3292
3417
1926
3292
144
3422
2880
3292
144
3292
3417
1926
3292
144
3422
2880
3292
144
3292
3417
1926
3292
144
3422
2880
3292
144
3292
144
3417
1926
3292
144
3422
2880
3292
144
3292
3417
1926
3292
144
3422
2880
3292
144
3292
3417
1926
3292
144
3422
2880
3292
144
3292
2427
467
3417
3417
2872
3422
70
1539
2940
2629
2288
2756
3417
1456
2022
564
3292
144
1926
3292
144
3422
2880
3292
144
1926
3292
144
3422
2880
3292
144
3292
144
3292
144
3292
3292
3088
3292
3292
1456
1918
1456
1622
52
1456
1594
2839
23
270
1456
1622
102
1456
758
399
2532
2828
513
1283
1249
482
1175
23
1297
3404
2793
1333
248
2140
321
795
932
758
1194
2251
751
23
2766
691
549
70
795
2892
2618
812
2618
2167
2624
914
2895
2288
1456
603
564
1926
3292
144
3422
2880
3292
144
3292
3292
3292
3292
144
3242
3292
1860
3292
118
3292
118
564
1456
467
227
1389
914
338
2270
618
194
1140
347
3347
1194
509
2985
2022
564
1926
3292
144
3422
2880
3292
144
1926
3292
144
3422
2880
3292
144
3292
144
3292
144
3292
3088
3292
481
3292
481
3292
2624
3088
3292
2624
3088
3292
2624
3088
3292
2624
3088
886
3417
1926
3292
144
3422
2880
3292
144
3292
886
3417
1926
3292
144
3422
2880
3292
144
3292
886
3417
1926
3292
144
3422
2880
3292
144
3292
886
3417
1926
3292
144
3422
2880
3292
144
3292
886
3417
1926
3292
144
3422
2880
3292
144
3292
886
3417
1926
3292
144
3422
2880
3292
144
3292
886
3417
1926
3292
144
3422
2880
3292
144
3292
3417
2474
1456
886
3417
1926
3292
144
3422
2880
3292
144
3292
1622
1188
467
228
1351
2539
410
1174
3210
2649
518
453
780
2320
790
3022
1918
525
3110
1699
518
937
81
2142
2778
1327
1837
1778
814
1525
2382
789
937
3422
237
2288
1389
1918
2704
153
248
2279
1416
488
70
1456
2215
2279
1676
488
2215
488
2215
488
2215
3086
2215
3086
2333
1456
70
2279
296
2407
1511
3386
296
281
780
3111
467
3189
2288
851
886
3396
1791
2312
829
509
2312
1520
2834
2395
3199
2911
744
1045
3199
820
3227
3320
744
2601
126
19
3026
509
3320
881
2220
1666
1842
2288
1455
118
2288
3422
2295
3276
1389
1456
531
481
3108
1809
962
531
962
282
584
2850
2850
2850
2887
962
17
962
17
282
962
2887
282
3074
2528
2490
2470
325
1633
928
1456
1175
1622
2222
1389
338
1389
48
1333
3292
1064
3106
2806
2340
2125
2120
3134
3417
227
227
2427
3422
467
994
2887
2778
58
962
870
1389
2043
1030
1690
520
1167
383
1791
58
962
2311
2926
795
481
2645
3150
2054
1471
1281
3313
1175
2427
3422
1669
2043
453
3292
1162
3356
1384
3292
316
349
2999
1249
3422
391
2904
1690
603
1150
962
1358
2427
3422
641
1456
453
467
349
2298
2245
227
3153
518
2839
227
2839
745
1175
1504
989
2064
2143
396
795
396
687
399
2532
744
603
1455
668
547
1348
1174
1875
2406
467
2288
3301
306
989
467
327
3261
829
829
2288
2778
391
2043
603
2427
2588
1389
1150
1633
2778
391
994
2887
227
603
2778
227
870
1633
3422
1389
1542
335
603
1690
1684
886
3292
2865
84
928
702
1552
227
1507
391
829
1778
1794
518
121
391
531
481
3108
1809
962
531
962
282
584
2850
2850
2850
584
1809
962
17
282
962
2616
282
1088
603
1336
282
282
1959
790
2361
603
1719
50
2881
2818
1402
2255
131
603
1975
1146
2705
1690
603
3416
1073
383
2290
284
2054
2490
3276
1384
1135
3292
1154
770
1556
2311
2455
65
2660
1633
2333
2660
3066
560
1905
3212
3422
1175
1455
2374
2509
1904
42
1115
758
1456
3313
2564
3253
1389
2564
3422
2709
2077
1347
1389
1014
1865
1389
2876
13
2288
1014
2487
2876
13
2288
917
800
264
1588
560
1211
1217
550
99
144
2084
94
13
2288
2007
1182
3277
2271
1249
1134
2277
2288
2685
284
388
617
812
1698
1384
3292
2081
2704
617
812
2892
1384
3292
2029
812
2892
1384
3292
2467
2876
13
3417
2624
3111
2986
1223
2257
1732
579
435
932
3314
1389
3111
3310
418
653
617
812
2892
1384
3292
453
1756
2876
13
3417
2778
13
3417
2820
3417
2290
446
3417
805
3153
3028
3060
2624
2557
2631
617
812
2892
1384
3292
2029
2995
2704
838
812
2892
1384
3292
2963
99
13
3417
111
1462
2311
446
2539
2531
1634
284
2276
2778
3417
802
13
2288
99
949
2288
92
1634
1030
17
1690
17
195
320
1101
13
2288
99
802
3417
2168
550
2557
1016
2288
955
1578
1537
989
2138
2362
3417
2566
284
886
1911
2601
2128
2260
1826
2288
1690
2311
530
623
3300
3241
2243
1605
623
1860
2409
1107
1587
1520
171
23
617
812
2892
1384
3292
1826
2876
13
2288
2564
770
1556
2311
2455
2564
1547
2725
560
1683
3253
1389
1217
550
99
1072
3153
2054
2564
65
2660
1633
2333
2660
3066
560
1905
2564
2660
2244
1456
63
623
2706
1659
1456
1659
1645
2660
1347
2719
716
2704
2876
13
2288
76
1249
65
1756
2876
388
3417
2415
144
2084
928
2270
227
2288
2288
318
23
3388
802
1683
1447
564
284
1447
802
2557
623
1264
1135
1936
1704
459
524
211
2598
171
1809
1587
749
1683
550
1182
1440
13
2288
76
1249
2007
2588
1389
72
1455
2660
1683
284
1249
3422
1134
2277
2679
1683
2778
284
1690
13
3417
13
2288
99
550
1684
13
2288
13
3417
1542
1316
1624
550
13
3417
2231
1249
13
2288
2876
2624
3314
1101
802
3417
99
2290
1634
70
1641
585
2544
2588
919
453
1756
1582
13
3417
2624
2616
2624
2143
187
2616
2995
365
2719
1389
560
3107
1389
1624
2719
550
1624
227
144
2557
3253
2315
1683
2716
2557
162
2719
2922
3253
1683
2368
2719
2977
1690
2719
23
795
560
1074
1683
2719
550
2719
3054
2877
1455
2509
1959
550
366
2719
2984
3066
560
1456
281
2618
2892
1516
1616
2756
3417
3189
146
1683
928
501
3417
1626
520
547
3193
1690
3417
2826
2920
372
2801
3417
3038
3276
1513
2427
1712
2528
2174
3417
2701
3243
3417
331
528
883
181
3422
989
1503
2528
2806
829
656
1135
697
1619
2645
3422
1669
3063
2311
2778
603
2207
3063
2058
222
530
732
1504
294
928
2673
206
599
1456
2221
971
2290
2679
2523
2679
1984
883
349
530
2685
3292
467
204
1626
520
603
564
1391
1017
272
3292
1391
3292
3292
3292
3088
3292
481
3292
481
3292
2672
2672
564
3189
3417
2138
2174
206
3276
1789
847
1638
2719
17
3022
2685
2673
618
2801
1455
1634
1616
1399
1516
3076
2528
2650
2407
2192
3022
2685
2673
3292
2539
550
1873
2539
920
1504
1455
1652
908
3422
1055
332
1402
99
3063
1616
914
2801
550
3422
2207
2631
917
1504
294
550
1504
2631
2702
1638
2719
2719
2263
900
935
2719
17
2685
2673
2427
1037
1616
2778
1375
1455
2966
1389
2194
2083
1809
407
3292
1389
1542
1941
1920
1539
282
227
2084
2920
2346
676
1920
3085
33
2374
282
2374
282
2645
1389
1264
1047
511
1264
2655
1052
2835
1389
2616
467
2288
1389
50
32
2288
3189
467
1456
2132
1389
2427
1135
2244
2288
5
2624
2835
3417
1030
2455
1501
2854
1322
1389
1322
133
281
2043
2245
1333
2104
1727
321
1102
2951
1055
1507
780
886
3292
713
321
52
3320
1322
1582
795
754
1322
1582
453
812
3085
812
780
1757
227
2801
201
1175
1322
1622
2187
1322
1622
2778
1175
2624
3379
284
2624
70
1322
1622
618
2675
65
2025
459
2244
1715
1456
1416
886
1322
808
1683
3397
1456
2
457
466
2650
2724
2187
1322
509
3422
349
839
1322
1097
3099
1122
3153
2311
3111
1264
599
829
3189
467
227
2528
281
1389
780
2382
1500
1877
2951
1055
2333
1622
2951
2333
1622
2428
2951
3422
911
1264
923
3111
3159
2377
281
2892
886
3292
281
886
3292
886
3292
812
886
3292
206
2369
2578
2564
227
919
227
2761
2564
438
2865
1078
5
2920
814
1942
837
2333
235
3422
3274
617
229
2864
3111
1360
453
2568
1334
2440
780
2288
2544
2571
2568
1389
3320
1446
52
3292
3153
1281
3074
1059
467
1781
2274
3320
2335
2335
1715
2112
2778
718
2335
718
2974
2335
718
2907
1539
881
1727
1928
1727
2719
2382
2536
1563
467
227
2369
886
399
2532
3189
3320
2812
2335
51
1972
227
919
227
2761
2298
3088
1684
2760
481
2562
829
3261
829
2290
1410
1078
797
3292
2778
687
1384
3292
1587
1860
900
1455
2288
2174
3088
2694
2778
3269
618
1455
121
2288
3074
2528
2933
1972
3422
3274
2528
829
618
618
2940
2290
237
89
1717
1384
3048
1166
1857
2855
1456
1456
410
1542
2288
17
1430
849
1598
93
2288
17
1430
3088
2288
1823
812
578
570
2022
618
2528
1802
23
1391
1017
272
3292
1391
3292
3292
3292
3088
3292
481
3292
481
3292
2624
3088
3292
3088
3292
3088
2812
3292
3088
2812
2820
2820
1926
603
2820
603
2022
1976
23
2335
2022
3088
265
3088
1349
2288
2242
739
1009
2047
1432
753
966
1622
2760
466
3088
618
2288
2242
739
2022
2983
1022
3292
1391
2022
530
1022
1976
1017
2022
1976
23
2335
2022
3088
265
3088
1349
2288
2242
739
1622
2760
466
3088
618
2288
2242
739
2021
2816
966
3102
1707
2875
2778
966
1888
2022
618
2528
1802
23
1391
1017
272
3292
1391
3292
3292
3292
3088
3292
481
3292
481
3292
2624
3088
3292
3088
3292
3088
2812
3292
3088
2812
2820
2820
1926
603
2820
603
2022
1976
23
2335
2022
3088
265
3088
1349
2288
2242
739
2021
2816
966
3102
1707
2875
2778
966
1888
1622
2760
466
3088
618
2288
2242
739
2263
2022
618
2528
1802
23
1391
1017
272
3292
1391
3292
3292
3292
3088
3292
481
3292
481
3292
2624
3088
3292
3088
3292
3088
2812
3292
3088
2812
2820
2820
1926
603
2820
603
2022
1976
23
2335
1715
2290
2427
237
3417
5
2298
3417
2290
1218
2756
898
2195
1456
481
550
2333
550
1456
928
1358
2043
829
1281
2778
829
886
1059
3417
2847
2419
1281
3074
2528
618
2528
1802
23
1391
2528
1017
2307
1622
272
3292
3292
3292
3088
3292
481
3292
481
3292
2624
3088
3292
2624
3088
3292
2624
3088
3292
2624
3088
3292
3245
3088
3245
3245
3245
2820
1926
603
2820
603
1976
23
2335
2009
3444
1389
1526
1577
2427
2945
1389
829
1587
1542
1389
3422
2933
2778
928
2475
829
829
2778
281
2290
1909
1624
131
2816
966
131
131
226
1624
1455
32
3189
836
509
1389
3422
237
3029
2009
751
3099
1142
3422
1456
1088
751
3165
1456
1219
1088
623
530
751
3296
2070
1088
2125
608
751
608
1194
1456
1456
1281
3320
2564
1219
1088
623
2564
1219
1088
1477
2508
1456
1456
578
3239
608
3407
751
488
608
2966
1456
1269
1597
2564
530
2564
1175
1456
1456
319
2508
3273
608
536
1088
608
2966
1456
319
608
3313
453
623
3206
886
3292
2892
886
3292
812
1603
3111
1121
2377
2427
1690
1249
2528
657
2812
1793
270
3439
1455
89
50
1389
3422
617
496
1446
1083
1389
453
70
2616
623
1717
227
53
623
1264
1389
1857
1019
1537
1542
453
623
780
1705
2389
1715
3111
2377
281
780
3292
2312
798
851
2054
2665
1717
886
3292
453
1758
2440
539
3153
2556
2406
564
282
2427
760
886
2446
3292
73
603
3416
2473
3314
2600
106
795
3313
75
623
780
1705
160
1603
1587
3111
2377
2427
2954
2705
3111
3085
812
780
603
3416
1402
1455
3383
919
391
1918
1135
2290
2427
1264
1556
76
3276
32
1059
3443
3422
318
1059
2415
1616
2706
1813
316
1030
3093
2313
3417
3241
1813
1008
2757
396
1753
1587
829
545
2029
961
1583
3337
396
1753
2549
84
2328
935
2475
676
2549
2778
1566
2775
2775
3178
389
3295
3107
957
2681
919
841
3337
2382
829
1715
1793
1583
3171
19
1504
3067
404
19
2673
2839
493
509
2539
3171
2544
3422
3107
1377
2544
1078
916
950
1690
1504
3067
2640
3171
2446
2640
3417
2252
1078
2640
2605
701
676
2120
2120
3171
2640
1032
2673
2839
493
2539
3171
1715
281
1659
2639
3439
829
3111
3310
453
1705
1587
829
3111
2377
2757
396
2288
648
396
777
3178
1067
1676
999
829
2029
961
396
1753
1973
1753
565
829
3417
1455
1078
1375
2290
949
3029
2155
2537
264
1767
23
3422
3035
771
2860
2528
1720
3028
3182
877
2507
3035
1036
623
75
2290
1720
2131
623
1500
3035
754
2860
877
1455
617
1264
3419
3085
812
780
1767
23
211
23
2609
2886
2155
1622
1251
23
2307
281
1389
2778
1633
2724
23
2886
2624
2312
1890
849
3422
617
1264
829
623
456
623
3422
75
812
2892
780
3111
623
2823
187
23
2294
2861
1373
2528
2507
2100
2504
754
795
2436
3053
1598
618
1110
183
1482
1249
1456
771
754
2643
1043
1030
1720
3028
1583
2081
795
1539
603
2674
23
453
2887
1528
1308
2920
3159
1194
2290
706
517
870
1422
2887
668
1308
1794
1109
2723
664
392
2298
3189
1959
2288
932
2245
870
1288
1422
1218
2340
2054
1109
664
2608
664
2283
2962
3261
1150
2503
19
859
2059
2059
3076
2907
1422
2887
1976
2288
668
1150
1308
1794
2887
1528
1308
2920
467
3320
3277
1383
1060
2962
467
3112
2528
532
776
2618
812
2618
2892
2290
2427
3417
467
3417
790
584
1018
1322
3267
281
1389
617
812
2892
1384
3292
2812
1017
488
488
1175
1456
812
2892
1384
3292
735
550
529
1853
1609
1264
3243
1598
1264
2624
160
2288
488
2539
919
272
488
3022
2054
1175
33
745
2290
1264
2557
70
3337
1634
1793
488
2290
3153
837
3296
488
837
1017
488
3296
488
1641
1226
1455
1793
2624
1793
2624
418
1175
1633
2806
467
2624
916
3322
2821
2624
2528
926
2704
1182
2766
1598
2766
1558
3422
1000
604
453
2539
2539
780
2427
1464
3064
1669
2537
1914
1336
131
1914
1752
1110
1914
2517
810
1456
1068
1045
1068
1045
1914
1068
1932
1068
550
1068
2302
1914
2517
2528
5
1336
1504
1219
1068
1068
536
1336
623
1264
1143
3107
2054
3256
1914
2507
1175
1336
131
1914
2187
3422
349
1914
530
732
146
1914
1336
2528
1914
1605
3276
1384
1135
3292
1154
1583
3223
1914
2887
1562
1455
2321
2528
3183
820
1914
2539
3022
2528
3183
519
460
336
1624
607
1811
52
1471
2499
1372
1336
131
51
3359
2436
3422
2427
318
2679
1542
2101
1336
2778
2889
1089
3115
1017
3261
1456
2154
3305
1089
2508
775
519
650
1959
1395
795
3110
3422
775
1412
1030
1456
1336
1336
1456
1395
684
3110
1456
1456
2288
1817
2889
1089
2840
808
2415
1504
3364
48
1135
2288
1483
1585
2916
1150
3153
1308
1794
3422
2916
2288
2382
264
129
50
52
1875
829
1150
1336
817
751
2983
237
3029
227
3111
326
1497
2311
3023
1793
1150
1634
1783
1624
1074
2616
2829
2288
2614
172
2311
3112
1150
1308
547
1791
24
1791
2312
829
1336
817
751
2983
2427
237
227
237
3417
281
2618
2892
2618
812
281
2677
1456
932
1389
2427
2895
3029
2237
1942
812
2892
1384
3292
396
227
102
1261
227
2643
118
1826
2812
812
1698
1384
3292
396
227
102
1261
227
2643
118
1826
2812
3022
2673
3292
347
3444
453
1587
812
780
1732
1389
1624
3111
3159
2887
3382
1082
453
780
3093
1150
834
83
1918
3076
50
2427
237
3029
1322
1322
1322
2333
3189
3022
1605
2455
1671
1389
1336
1645
1793
1089
625
3422
1450
812
2892
1384
3292
1264
1748
981
1337
281
104
453
1976
1218
3276
2966
227
366
1364
751
2029
751
75
1308
2920
751
878
1160
2557
3402
3189
2288
3029
520
104
227
878
366
520
973
751
453
751
530
1389
1308
2920
2407
2966
1349
2717
2920
282
2717
2920
426
520
829
3261
829
3159
962
151
1984
751
520
829
227
2920
2526
751
2274
1322
1445
2539
282
23
1694
1022
2438
1160
3402
1022
23
2966
1251
529
1622
282
2544
509
1322
2438
1251
529
1622
282
2544
509
1322
118
1322
1445
2539
2673
1160
3022
2333
816
1160
23
2920
3056
2526
751
719
1322
655
2187
2288
2435
1308
2920
1616
1144
1322
3276
1789
2951
2187
1504
886
305
1308
603
1322
2130
1322
932
592
2302
366
2288
2826
1144
1322
1322
1641
1216
2920
2396
1868
467
3404
1175
3261
2892
435
2618
2892
2618
812
1783
3379
1587
1223
467
2821
1501
1826
2978
1683
949
281
2892
886
3292
2679
1241
1084
1455
2096
281
886
3292
2042
2914
241
2989
2477
1976
2311
2951
1384
2951
1322
1446
829
886
2959
2959
282
2888
1383
1167
1440
2564
1478
1772
2951
3436
2717
1319
2238
2564
1504
3364
2951
1552
1447
1504
1768
2966
1727
1322
365
2563
320
3016
453
886
3292
1446
886
455
676
2951
3422
3240
2778
2717
829
1427
1322
1104
829
1322
2778
1322
1576
1267
1793
808
2616
3417
2449
2201
886
3292
462
1771
1455
688
886
3292
607
1095
1937
3383
1135
1793
2290
1224
1322
2685
1793
2528
2650
945
1455
2951
2435
2685
1224
453
2777
389
1224
1322
69
886
1338
69
69
2660
1308
69
1446
2340
2465
3292
2139
971
2951
886
198
2951
2951
1717
886
2892
2951
509
886
1338
455
676
1446
1622
1322
2778
453
886
3292
1478
1651
2717
3417
1937
1187
226
918
2810
2866
2983
1767
1446
3417
2235
2288
2029
1446
2288
2704
52
3372
2007
1264
1110
396
607
1224
2951
2435
2235
2288
2139
1322
1446
1322
1446
3446
886
3292
462
1771
3446
1446
2427
2330
547
2235
248
69
69
886
3292
2029
1446
2288
1960
1150
126
1715
2551
1322
1224
1322
1555
482
1030
1587
1011
1504
99
617
812
1698
1384
3292
1264
812
2892
1384
3292
1264
1671
600
509
1194
3110
1336
1539
282
2288
2485
600
509
1336
2778
281
2892
632
1175
3417
1863
237
1644
237
1150
1960
3325
616
1715
126
3422
1557
281
1150
1135
622
820
126
617
812
2892
1384
3292
763
625
1299
493
1150
1135
281
1426
509
2335
1175
812
2892
1384
3292
698
1622
599
625
1299
493
2335
281
617
812
2892
1384
3292
1264
509
2348
2679
493
1299
1264
1715
1264
1456
3381
2839
1456
1607
2951
795
2534
1264
2926
2945
1456
3381
1416
1456
1715
1175
1322
2514
221
3269
521
953
3261
1327
1684
23
2962
807
1327
399
2704
1611
399
3194
617
812
3269
2342
2887
3153
2312
2892
2566
467
1781
1358
282
2288
282
1327
399
211
1886
1583
1605
3153
795
2717
321
2528
2140
914
2801
2618
2892
2618
812
221
1336
1308
1794
226
1001
3015
414
58
1683
1133
2708
2528
2778
1333
1010
1309
2979
1333
795
2528
2650
336
2414
416
3023
917
2142
3111
2704
984
584
2748
2618
2618
410
3185
2937
947
3189
832
1587
358
2288
2828
2861
2131
338
623
75
837
1050
2539
2861
2298
2532
264
3276
1264
1793
1406
2288
1683
780
2407
1793
1264
871
2528
2650
1918
281
2618
2892
2528
2775
3199
2869
535
2775
1389
1060
3261
2892
1976
3076
89
3111
3159
1542
1074
2288
2485
27
1080
3276
281
923
2427
1384
1621
3292
1349
3292
535
349
281
281
923
1336
366
3320
1384
1621
3292
1349
3292
535
1281
3167
2396
746
1527
1699
251
3433
3433
2226
3433
1527
1921
298
529
562
2873
1728
278
1527
2308
1843
1295
2399
251
3433
1491
1455
1491
3167
3433
1491
1455
1491
3167
1077
685
3433
1491
1455
1491
3167
1101
2226
3433
1491
1455
1491
3167
438
926
317
1622
2951
2311
3189
2288
552
2288
623
2820
1284
2679
2694
2951
932
2716
2333
1622
2951
926
535
926
2933
2618
2892
2618
812
2951
1322
2640
1030
1308
2920
3422
2482
1322
3320
1622
1322
2407
2522
945
1504
2778
829
3377
2438
829
396
1684
2892
886
2650
2455
2427
315
1389
2806
1860
528
2131
2288
17
101
367
118
2288
966
829
1281
2174
1860
2131
1084
2311
1389
2290
1669
2580
3029
1456
3134
76
1099
2311
89
2331
1281
2312
230
50
3265
2054
1389
909
1059
12
1375
1285
1456
2507
1389
1382
1060
1943
2025
2549
2624
2312
2290
2616
3320
52
2138
2778
1684
2064
2469
2778
281
1384
3292
1384
3292
617
812
2892
1384
3292
481
1322
2288
1789
2951
2312
1705
623
3111
281
2618
2892
2618
812
2645
3417
1384
1621
3292
1349
3292
535
2023
2705
1930
2561
2138
2549
2801
2798
2054
829
1146
886
3292
2275
1698
1732
864
2313
396
375
777
2775
3417
2869
2924
2134
859
309
2839
2043
2156
2921
3313
1983
2288
221
221
687
829
50
2438
2645
663
143
1389
3421
2290
1717
3351
2407
708
1264
1976
535
886
3292
1698
564
3292
1327
2823
970
2742
708
1336
706
932
2288
2288
1336
221
1199
1543
3382
3382
1686
445
453
2618
1598
3022
1771
2311
2963
160
99
1756
2844
3188
2438
535
1621
287
419
2288
1455
1000
2015
3292
2605
1789
790
3382
2618
1199
812
1194
3261
2892
396
586
282
1068
1389
3422
1542
2311
229
1384
1135
3292
1154
3417
3276
3159
1793
203
981
3275
153
981
2131
1643
203
981
702
1150
453
1587
780
282
1933
1425
3111
3159
1542
282
1024
3085
812
780
1389
618
227
2270
3193
1175
776
52
2897
3263
1622
52
1022
2549
618
83
1918
2335
1430
1066
751
3263
1641
687
618
900
528
1622
2025
528
751
528
2603
3147
52
751
1022
1445
1022
1622
2207
1976
2507
618
528
1022
3021
583
1445
528
1022
23
618
227
102
1194
859
832
1160
2557
751
2415
1473
1022
227
2920
1794
751
911
453
2135
264
1715
886
3292
2171
564
3292
144
2823
970
467
2539
3076
2288
751
1976
229
2427
3118
2083
1809
2201
3433
1135
3161
886
3292
944
3147
2801
42
1675
1689
1041
889
2311
3358
2624
2624
1675
1689
2714
3358
3022
1675
1689
2265
2876
1375
1078
2775
3417
3422
1669
2977
1583
2650
780
3093
369
35
3111
347
467
396
2043
687
1587
768
1455
417
2265
1455
467
617
836
1281
3099
2290
1847
3242
2983
2905
1281
1481
3162
1689
2290
1827
2883
1504
775
2564
131
2624
2324
1675
1689
1041
227
2801
3147
944
2564
2455
1901
1536
2265
444
2138
1984
2413
2507
2603
226
3081
70
2413
2225
619
1893
2148
3422
944
2228
884
2801
3147
944
1072
2331
3421
1616
2549
3070
2406
1239
886
2033
2689
2265
3141
578
3386
1534
3064
3107
797
81
829
1456
1312
2775
3292
829
1456
1000
535
829
687
1389
2624
917
2724
3192
608
161
2474
183
2638
2624
1827
3022
1633
3422
919
618
2539
2624
1062
1827
2539
1583
2624
3358
1030
821
453
1264
1827
1756
1558
687
3417
1830
369
35
1497
3153
3417
2801
2475
2580
369
3110
1375
3328
1645
829
1937
2966
2775
2775
3159
829
466
1669
3189
1497
2775
2290
1793
847
1481
1012
2298
1573
466
2775
3076
1712
521
2616
829
829
466
3062
3111
2616
1587
812
1587
2369
1827
2883
2566
467
396
2775
3022
3417
2424
33
1753
369
35
453
3189
2470
2288
836
1753
2886
1981
1000
35
1583
2624
3269
2650
1484
829
2207
3314
435
2616
3358
3189
33
369
1999
1753
3110
3110
3417
599
1753
3417
366
396
3328
604
226
3337
369
35
3085
3320
2892
3206
812
780
3111
1669
1959
281
2624
1389
3206
2892
812
131
2624
2324
1675
1689
1041
227
2801
3147
944
467
3153
1769
617
2589
3258
2775
3199
2869
535
2775
467
2798
2685
2778
3422
3303
829
2594
1582
2611
1389
886
1089
2548
3153
666
3111
2429
1583
479
3022
2649
2255
1089
2840
3422
3093
1456
564
3292
1327
1089
780
564
3292
1327
1089
1659
1412
1412
1622
1480
584
1480
3382
1480
3382
1456
1384
1768
966
1154
282
1634
1634
1048
1516
550
1389
3417
702
973
3422
2820
1402
1024
1504
1455
2187
1322
1030
2009
687
453
1587
812
3206
3422
1389
3320
933
2931
1483
2180
3111
1669
453
2081
2131
1322
913
1322
1932
453
1322
3267
3004
2694
2951
780
1456
2382
886
3292
1346
2892
3292
1346
2951
2823
321
318
3292
1346
2333
1622
2951
908
2616
1116
2047
908
2616
1582
1322
3327
3111
19
789
1116
2174
994
2288
886
3417
453
1456
832
2104
488
1456
2951
2840
33
884
2288
221
2563
3320
2047
3076
1575
3313
584
2025
3422
584
2951
949
584
2047
1633
584
3313
584
2025
1070
2288
2887
1603
493
1150
859
1322
3417
1887
687
664
3288
2839
2311
459
70
789
822
1070
1384
2839
789
881
822
1070
1504
1116
1504
2778
1322
2839
1611
1976
2637
1322
2839
1322
1976
1322
1116
2047
434
1456
3280
1456
1603
493
1150
836
1918
221
2210
453
933
1976
2311
881
1389
2054
1456
2187
1322
1194
1398
2187
2951
1194
1308
247
2951
884
3111
2704
709
453
1162
1391
780
2298
2627
1587
687
2288
2951
2187
221
2207
1483
389
2951
1614
1483
3417
1483
2469
2798
2951
2288
1813
2951
611
1614
3292
2544
1322
1976
160
3280
177
2311
349
2951
459
898
1813
2951
611
2047
2951
2833
2047
2951
3280
2047
2951
3280
3138
2
221
1336
3112
3417
2677
2929
2288
928
1672
1150
109
837
584
1322
2563
3280
1322
1002
2311
763
2951
1446
1614
1483
3417
2547
273
1210
1746
1483
2469
320
933
1322
1887
932
2474
2008
1895
1633
886
2201
1322
2288
2288
23
404
886
2201
3258
1322
2522
52
1322
222
973
3269
3092
3300
2288
1813
2951
611
763
2951
2465
1446
2290
1690
973
1456
1614
1322
1456
1088
1088
858
1224
2679
528
2333
1088
1088
3086
1341
1341
1456
3377
2616
1456
584
321
2022
1322
1976
1715
1456
2406
2503
221
459
898
1813
2951
611
1881
327
248
1456
1088
321
2140
1322
1322
1322
1322
1322
1088
1322
1088
1322
1825
321
2140
1322
321
2140
1322
1825
584
584
1322
1825
1341
321
2140
1341
1456
1322
618
3422
283
1789
2951
2631
2563
2839
795
367
2798
1456
1322
1825
1456
837
1322
2839
1080
2298
1826
1116
1783
2665
1367
32
467
790
795
2833
1322
2839
453
705
1322
933
3206
2892
812
1322
2187
1583
479
2704
744
2187
1288
611
2920
1794
744
2187
1322
1069
114
1322
929
69
2551
1322
3111
1121
3344
281
2255
1135
2047
789
780
789
1116
964
618
3314
442
2679
2951
2785
3366
453
1603
1587
1582
3206
70
1587
3422
1423
812
3142
665
3022
2951
2298
2104
3320
2951
763
2951
1030
70
1446
2572
3021
3280
1322
886
1338
886
1338
3422
465
2951
2724
3088
2594
2685
1607
2951
2798
367
2853
780
2544
467
404
1470
396
1389
453
1756
3088
2785
3366
2333
1622
1322
2624
780
2795
2624
702
1262
2435
2951
1089
644
2591
2490
3023
1089
3079
1109
1089
2079
898
2490
1089
2508
1727
281
1159
1336
3320
2564
1159
1336
3320
2564
3276
1582
1607
1336
2340
2312
2288
932
2887
668
1175
1389
281
2225
1389
2887
1175
1614
1704
1389
1336
1614
3276
281
32
2624
1455
1060
623
3408
595
1194
3219
1970
687
804
1666
3134
70
2438
1389
2869
1678
331
1389
1378
3422
1669
3111
3412
2288
282
221
3406
1264
2288
1931
1308
3290
1322
3366
1066
829
1322
3366
3422
1322
2244
2288
415
2396
2054
2102
829
1863
58
692
928
242
692
2756
227
1622
368
781
2833
1322
2792
2288
1324
488
336
1324
282
336
887
2951
799
2933
282
687
1712
153
3071
1654
282
1922
3445
604
3445
1622
797
1622
1322
368
2850
2756
1622
1322
368
2850
282
1789
881
2450
625
3269
2450
625
35
1322
2064
1347
3442
1377
424
1347
719
625
3388
625
1456
719
625
3388
625
1456
3442
625
2302
35
422
1308
1525
1326
2509
2583
35
1013
972
1322
881
1525
972
1092
1308
1525
2456
282
1326
2509
2583
2456
2043
2311
226
2104
1683
35
2547
802
2311
687
795
692
58
1456
1322
584
509
321
2022
1322
1322
509
509
221
1146
404
58
584
584
509
509
488
404
404
584
404
584
509
3086
2333
1456
1060
1389
3111
3159
2944
623
1389
3417
2483
35
221
1146
2311
2483
35
916
2503
2311
886
1167
2792
282
3227
2362
2966
2362
1389
1771
2524
1150
2778
844
1456
844
584
981
981
86
1456
1060
3153
2407
533
2499
2679
3402
2557
281
886
3292
1471
2043
3111
3360
687
227
2594
2388
1365
609
1059
1873
2189
3422
1269
2539
2778
2685
2673
3292
1633
1375
2820
2775
2775
3176
797
1715
3110
2043
919
2064
3076
131
30
2157
114
2390
649
728
3422
1175
649
393
114
3422
649
2782
1153
137
2157
3417
649
2314
2435
649
2314
75
284
1982
413
1507
1442
649
2314
226
1598
318
1241
539
1153
1087
649
2782
2715
570
80
795
1914
1582
3397
3022
886
1077
1914
1582
3189
264
1588
2288
1706
453
2528
2650
2069
2618
2892
2618
812
453
467
1543
1191
2892
2618
2618
812
1070
1389
3022
1542
1106
2288
1620
2
2983
1106
282
2288
886
1167
2792
1135
2834
237
3261
1150
2618
3111
2594
623
2677
3093
1211
3241
1389
1030
3076
3189
2792
1025
33
623
1712
1863
3320
3422
3274
3076
618
881
1389
3276
1558
3261
1389
1542
623
2792
623
229
1389
2792
2288
1267
2966
1456
625
1456
493
2839
1116
2407
281
933
1389
780
1684
623
1440
3314
1500
836
434
950
3111
1959
2043
3241
1389
2453
3422
1860
623
337
1622
2951
1456
2839
493
2963
453
1705
623
1339
780
3111
2377
2311
414
754
3422
1918
1135
2311
481
2288
3176
3422
1922
1826
3422
1216
2996
768
1045
1677
2545
32
1694
2290
1976
3036
1574
2290
3029
829
249
966
2408
1598
281
2007
3022
1542
593
2291
1384
1297
529
369
1683
3422
2471
886
2528
2707
3417
529
369
1683
1619
2453
3276
2707
2138
2207
332
520
3360
3036
372
781
855
520
700
499
3360
488
499
3360
499
499
509
3360
1455
1633
499
830
499
919
795
499
2477
3079
2928
2536
332
459
3200
499
830
3445
1264
1389
3412
2966
2611
72
473
2083
1809
1635
520
227
3153
2812
514
1633
227
118
1758
520
227
2780
751
1633
1030
564
1088
1088
1902
2288
2288
3029
520
2288
2288
3029
520
520
584
3029
481
1902
1902
2677
1902
2677
3422
237
2549
2778
1587
1756
520
227
366
1456
2288
2288
1088
1942
514
1942
514
514
514
514
514
227
520
2778
3034
187
520
2054
281
520
2054
1389
3062
326
2427
349
2054
604
2528
3422
751
973
635
919
751
520
2125
70
919
1165
932
2429
23
1607
227
1030
2624
1389
836
2528
2650
529
369
1683
2490
607
3017
2528
3276
2920
751
2728
2054
2438
2557
1918
2920
1794
834
1793
618
227
3273
2194
2174
1918
3422
2054
281
2369
923
1030
2624
1577
2624
2465
2895
1717
1389
237
1539
520
227
2528
3292
1644
3110
1853
1456
126
3181
1084
1976
1370
1622
3292
301
1370
1622
3292
301
1370
1622
3292
301
1370
1622
3292
301
1370
1622
3292
301
1370
1622
3292
301
1370
1456
2312
3422
509
1084
227
1926
3292
301
1370
3292
301
1370
3292
301
1370
3292
301
1370
3292
301
1370
3292
301
1370
3292
301
1370
3292
301
1370
3292
301
1370
3292
301
1370
3292
301
1370
3292
301
1370
3292
301
1370
3292
301
1370
3292
301
1370
3292
301
1370
3292
301
1370
3292
301
1370
3292
301
1370
3292
301
1370
3292
301
1370
3292
301
1370
3292
301
1370
3292
301
1370
3292
301
1370
3292
301
1370
3292
301
1370
3292
301
1370
3292
301
1370
2499
70
2054
399
1196
914
481
829
3110
2290
2611
2650
1624
2312
2624
2490
1671
1622
2624
2174
2724
795
281
886
3292
3189
932
1389
3422
3274
281
3261
632
829
1624
281
1605
2455
1710
2389
483
227
3078
227
1358
155
194
2290
1697
1194
2557
2614
3276
1710
227
814
2312
829
1174
2054
2778
3074
555
928
829
1080
1060
1389
1074
1384
1135
3292
1154
2427
2112
1456
501
35
2427
1715
1499
1456
625
1178
625
1715
1499
625
625
177
35
2549
2290
918
1772
3292
1446
829
1446
2288
2389
1738
1446
363
1659
1446
886
3292
1780
1446
2396
303
2729
163
849
758
1616
2678
1446
2678
1908
3249
3285
1986
1446
1000
1326
2146
2466
2163
1446
1088
2603
2603
1088
899
881
2507
2195
2507
2047
1456
282
886
1338
2047
326
705
2603
201
2225
35
1586
3280
552
1088
1088
552
1088
1088
1088
1088
177
390
684
625
627
3360
35
1645
427
1088
2603
1468
1088
2603
1468
1088
2603
1088
2603
1088
2603
1088
2603
142
1088
2603
1392
1088
2603
2260
1088
2603
214
1088
2603
512
552
3222
2603
886
1338
2603
886
1338
2574
142
2787
19
3442
1088
2603
142
2787
1391
783
1088
2603
142
2787
1088
2603
142
2787
3442
684
1227
142
2787
1088
2603
142
2787
142
2787
142
2787
2787
2787
1088
2603
142
2787
783
1088
2603
142
2787
142
2787
142
2787
142
2787
142
2787
3442
142
2787
3442
142
2787
3442
142
2787
1912
2158
886
1058
142
2787
142
2787
2787
142
2787
142
2787
142
2787
1324
142
2787
142
2787
1088
2603
142
2787
142
2787
142
2787
3064
718
625
1370
2765
1442
718
1055
142
2787
142
2787
142
2787
142
2787
1338
142
2787
142
2787
1487
142
2787
142
2787
1339
1534
142
2787
142
2787
142
2787
2787
46
142
2787
142
2787
142
2787
1194
2524
2933
1389
281
933
1389
780
199
467
281
1389
780
100
933
1793
1178
2539
1322
3111
3159
3110
1194
2778
1976
1389
981
1622
1022
3021
2536
1746
795
281
780
1389
3227
3114
221
1793
836
981
1389
1389
281
617
812
2892
1384
3292
1827
698
550
281
2396
1389
3238
3076
1389
663
3076
1389
1717
1135
949
3417
3111
3422
2129
1135
291
763
1459
1135
3074
3237
1135
3111
1135
889
509
547
1370
859
1791
962
2920
3137
928
467
2288
886
1170
1324
1370
282
1014
962
3422
2920
1370
2184
730
3085
812
780
1375
623
229
1389
623
3422
708
2892
829
812
1264
2892
453
1587
780
1705
1603
1587
3111
2377
886
3292
50
2298
146
1336
994
1178
633
3023
1455
886
227
368
2509
1336
3153
2616
2536
488
1456
146
1416
3382
1178
633
1456
226
3153
3007
226
2963
884
3153
2724
2812
812
2616
1456
2069
584
2069
584
1294
2069
519
1779
1294
1294
2069
1294
1294
2069
633
1294
2069
1178
1294
1456
1733
414
466
1336
876
1336
221
1199
2427
2616
220
2528
434
2616
1077
1402
2760
2329
2775
1701
2775
2775
886
3171
966
988
1012
923
886
3171
966
988
1012
923
1030
327
1976
2766
1199
2887
2528
2650
221
1336
1199
3276
2920
1794
2
2528
2650
945
1336
536
368
264
1456
1194
1055
1336
19
2328
1336
945
2696
751
1542
532
940
2427
2588
1135
2826
2588
812
780
1336
1199
146
886
227
368
2509
1504
99
1336
146
2536
336
1906
453
1456
146
336
1906
146
550
146
146
584
146
146
1456
2288
3417
2047
2297
2635
539
908
1060
2264
2585
1245
1937
2892
3438
2507
1887
1278
1095
1583
3438
2507
2290
2427
237
3417
15
371
2054
2427
318
1456
32
3366
3422
3269
1960
1538
3261
1456
1322
17
996
3341
432
2886
1217
2549
509
1403
2154
2192
1218
2597
2125
528
58
807
1375
3111
326
1669
154
1389
3422
3189
3417
1389
3029
1456
1773
1088
1456
1088
2685
1249
2242
1353
1088
481
2333
509
1715
1715
118
2588
1456
2290
237
2427
1456
372
528
283
2148
1264
2618
812
2618
2892
2645
2499
2616
2839
617
2298
1264
35
2911
2136
623
1052
50
623
2040
2136
623
2892
2492
883
318
3029
2778
252
2695
1135
2290
2933
625
881
658
1539
625
1773
1375
2645
3150
3417
2778
2495
453
347
1264
528
2539
550
3261
1727
1539
625
1773
1084
2539
1088
77
2539
550
3277
2916
1349
1135
550
1084
2244
1704
1952
1006
252
1745
2626
35
3134
623
1060
1135
3111
3276
252
1715
509
634
435
2136
1264
1715
3079
1633
1456
564
3292
301
1370
564
3292
301
1370
1715
33
499
1715
33
499
33
499
33
499
1715
1456
3412
2136
623
1389
1271
623
372
2225
2557
3112
1148
3161
99
757
881
3417
2135
2455
1384
1135
3292
1154
2742
282
1048
2685
2455
2455
3111
326
347
2211
3124
2009
3153
1218
3397
855
2070
1088
2863
525
1456
2539
1456
2539
832
1715
3079
1605
2611
1456
33
499
1456
1577
1389
1633
2539
2382
1715
3397
75
1715
3079
2245
2070
1088
1715
2311
575
1281
2539
3397
1972
2427
3189
2288
1384
204
2288
1501
768
2311
708
1715
3079
1778
2539
1611
1088
2806
1715
3079
914
1715
3397
3186
1778
2539
2407
2861
417
1322
17
2382
2539
488
3296
778
2311
1715
3079
1315
1778
2539
2427
3189
2288
3108
1384
204
2288
1501
3341
535
685
2312
2427
1558
3412
1456
1633
2455
1678
1759
1140
1455
326
226
1999
3296
1972
2566
623
229
509
634
3358
1163
2812
2104
2539
3064
1456
1456
2623
221
227
1587
2443
914
623
528
2539
832
1999
2623
1724
2539
2539
2623
1456
1367
2623
3142
1611
2539
2623
829
1981
1715
1715
2136
2968
1647
1715
488
1264
1150
17
615
1150
491
335
281
1237
623
301
1370
301
1370
2528
325
597
2539
2539
2539
2368
1999
2539
77
1088
1340
3318
623
1107
2603
35
2187
550
2070
1088
932
1084
2539
2618
812
2618
2892
2645
1456
521
2756
1365
2427
467
535
829
2427
1090
2038
1456
32
900
2983
1456
2474
1456
2616
467
3111
467
1456
467
2288
72
2892
829
2310
1972
1456
1455
467
2054
1587
829
2618
2892
2427
817
884
3076
3422
1281
3189
2528
2562
2539
528
1060
1389
3189
2735
467
900
2174
3022
2539
509
528
2839
655
1389
1771
829
779
2892
1456
603
564
1391
530
528
1622
584
3292
301
1370
3292
301
1370
3292
301
1370
3292
301
1370
3292
301
1370
3292
301
1370
564
1456
1074
3277
1959
3110
2820
842
2064
3274
3276
2775
2339
933
625
886
899
1456
2539
933
2539
625
2839
493
2839
2212
230
1389
3029
832
1715
509
2966
832
898
899
3371
1809
2028
2298
3328
2563
625
1504
2677
326
1194
70
3417
1034
3422
3296
3176
1010
167
2618
812
2618
2892
2766
318
2983
1249
352
3379
1582
2481
3142
3314
1860
3176
1455
336
1336
2557
1655
2125
2537
829
869
3093
1336
227
2544
282
2544
1336
2340
2887
1598
2985
1857
2798
2154
1030
2887
282
1455
282
221
1655
2007
2544
2252
2597
1031
618
453
2618
812
2618
2892
2515
1194
2136
706
222
2557
3422
2754
2570
1504
1455
2611
2388
1130
2887
2778
1089
2840
2395
2043
121
210
1573
1800
1844
2940
1633
2945
1089
416
550
2290
167
3153
2887
1972
1047
1089
591
1389
1970
916
607
1175
416
1153
1175
1089
3115
1561
2427
1712
1089
591
2988
1455
1089
416
422
2415
2288
2
2616
1226
2290
2544
2515
1150
282
281
1389
3206
2892
812
1414
2544
716
453
1633
2343
1655
2544
3206
2892
812
2081
919
1414
58
2325
1182
2257
2564
2731
1918
2887
1655
2290
1690
2324
1015
3267
953
2965
2887
848
2887
389
2564
1367
1655
1336
1147
23
1032
3074
2668
1336
2105
1198
1249
1331
1391
3107
1448
2716
1162
1391
3294
1645
2776
1659
1683
1455
1455
904
476
2522
1847
76
1162
1391
1189
1659
2279
3390
3269
1425
1392
1839
284
3330
2333
3422
1633
1336
3422
2092
1336
2537
3422
1528
1543
2288
3422
326
284
3107
1336
1552
2928
368
1536
1633
1573
1543
1336
604
3325
2288
3292
1346
32
3422
1543
1683
550
2407
1336
1683
1612
2594
284
3330
2472
3064
1659
2719
1504
1947
1182
1089
416
3404
1547
23
2716
1245
2557
671
1336
1504
2191
2288
3238
2966
2717
1860
1074
2887
780
2892
3153
284
2876
1897
3110
3029
3417
3189
1389
893
458
379
1119
1135
326
3188
2616
1633
2812
2003
3261
829
1150
1456
584
1456
281
3206
3111
2383
281
797
1715
842
1070
407
1809
1504
883
2806
3083
364
284
3330
3153
3417
1504
2105
2747
2311
2105
1756
1226
2473
459
2492
1934
957
1414
282
2544
224
1355
2778
2544
3422
1442
2540
282
426
1809
962
227
994
227
962
17
994
1034
962
2544
282
2515
2270
584
1809
962
227
994
227
994
962
17
994
1034
1336
50
2698
1855
828
1666
705
1573
1336
1336
2340
962
2105
790
813
1573
2715
1336
3422
2638
2113
284
2107
9
702
3200
1633
2616
2032
50
50
1288
1132
2710
1426
50
535
535
2232
2047
428
535
535
2475
3322
1029
1398
428
323
67
2887
2288
1029
3107
3366
1410
2614
2565
3376
50
410
3341
2608
322
539
923
829
908
396
3107
539
1578
396
1462
2714
2047
1549
655
2290
1391
904
435
504
2618
2892
2618
812
118
3176
1034
3421
2503
1004
2475
3417
1150
284
3330
2660
1437
2665
2731
1918
2887
1655
2290
1690
2324
1015
3267
953
2965
2887
848
2887
389
2887
389
955
1336
23
1015
3267
584
23
2054
1336
3244
549
2618
2892
2618
812
3269
2679
2288
3074
3261
2544
2009
1378
1809
2887
1030
2616
1226
547
604
3292
1017
50
3269
521
3274
818
2395
2105
1336
2250
3364
989
2892
1455
3199
1528
2887
1528
2887
428
284
2250
3074
3329
2887
2288
758
3176
795
2778
1793
1336
50
1090
2828
2788
910
3417
1336
2985
3154
3176
3176
2985
4
17
932
33
3375
1336
3422
3274
2933
2047
1120
358
226
3304
550
3176
1447
889
2288
3422
1837
3107
2611
2388
1587
1918
2288
32
2985
2887
1199
2290
2754
2570
1504
1455
2611
2388
318
2594
2928
705
404
3292
2427
70
441
789
908
1000
2043
1060
3111
467
3153
932
1633
836
121
1137
1392
284
3330
2548
1089
591
3422
453
3056
871
1429
2290
889
264
1456
284
2531
71
1659
550
1683
2304
799
673
2509
282
832
2544
796
1845
1336
550
282
2544
2312
2389
1649
1683
2724
1607
1336
919
2485
2588
2812
2588
207
1855
23
413
2724
2705
1414
1022
1367
1855
2819
1279
227
102
3090
1923
336
2054
2724
529
1655
227
1542
3422
349
2311
2643
2105
1124
2081
2743
2679
1336
483
569
282
2288
2105
521
1249
994
962
2043
2
2544
282
1031
1821
3079
1336
1249
1134
137
3366
222
453
1587
780
886
3292
2892
812
453
1633
886
3292
2332
2544
1031
1249
3421
1655
2131
501
282
1336
1336
1281
282
2492
2556
282
2531
2290
1821
2393
1015
282
3382
1552
282
3422
994
962
989
284
3107
1751
2042
3022
2754
1475
1655
2887
2725
1797
2645
1150
282
1456
290
1150
282
2022
564
3292
1926
1395
17
1926
1395
17
3292
144
3292
1322
3292
1322
3292
3292
3292
1064
2138
3292
3292
3292
3292
3292
1150
3292
1150
3292
1150
3292
1150
564
2022
564
3292
1926
1926
3292
3292
1064
2138
3292
3292
3292
3292
3292
1150
3292
1150
3292
1150
3292
1150
564
1456
1148
2823
1573
2570
1683
2611
2388
2459
2887
1349
836
2716
1095
1003
3206
2892
812
3379
284
1304
2245
2557
2290
632
2588
453
2618
812
2618
2892
435
1456
2054
2054
326
3189
2475
2435
2333
3403
35
1793
972
153
1633
73
1403
35
99
1311
35
646
358
932
1960
467
1064
3134
3143
2245
509
3110
633
2508
1178
633
2508
1178
633
2508
1178
633
2508
1178
633
2508
1178
633
2508
1178
633
2508
1178
633
2508
1178
633
2508
1178
633
2508
1178
633
2508
1178
633
2508
1178
3134
3143
2245
3134
2616
2245
3143
3110
633
2508
1178
633
2508
1178
633
2508
1178
633
2508
1178
633
2508
1178
633
2508
1178
633
2508
1178
633
2508
1178
633
2508
1178
633
2508
1178
633
2508
1178
3134
3143
2245
3134
2616
2245
3143
3110
633
2508
1178
633
2508
1178
633
2508
1178
633
2508
1178
633
2508
1178
633
2508
1178
633
2508
1178
633
2508
1178
633
2508
1178
633
2508
1178
633
2508
1178
1017
480
2564
99
1311
35
646
2564
2755
33
3383
604
2573
453
1587
812
780
3111
3123
586
971
1506
3320
281
780
2778
1793
1336
1622
3111
3159
3112
1336
1456
1926
1926
2685
1633
3292
1327
3292
1064
2138
1456
1264
2618
2618
2892
1288
550
227
2626
1156
2348
904
2626
625
126
2563
2841
12
3107
923
2043
3422
3274
281
1922
2840
467
138
904
35
509
3018
3018
1809
223
32
450
1339
1557
450
450
904
933
3422
3310
687
3422
1233
623
1308
2920
2298
1573
1097
48
928
1194
3422
3189
1659
2657
227
290
418
1418
1455
1032
2840
3025
829
2435
2821
829
467
44
2606
1973
1753
3292
829
535
829
2167
3261
2892
1607
2995
2776
1455
3314
2304
1322
3022
1322
2138
509
1456
531
481
893
3221
3221
531
2685
3422
1000
2871
836
1922
2840
70
2255
1264
2257
358
3261
2892
1520
2840
2415
3025
32
1602
2219
1389
1633
2717
2778
1633
2585
2679
1745
2351
1504
2778
1633
886
3292
2275
2171
564
3292
963
2760
539
1853
2288
881
3009
932
226
35
963
2760
539
1853
2288
881
2950
2616
965
2455
2290
2875
1853
1226
1322
1322
1322
281
2225
2508
1389
780
1361
2951
2951
2580
625
1178
493
1919
2735
509
2508
1633
1456
479
10
3270
2187
227
531
227
2206
2187
1322
2288
2288
2304
2528
2270
1683
531
531
1456
1264
467
453
2756
1456
1441
3311
646
1764
617
1587
187
3011
1175
2290
1583
281
2618
2933
2564
2041
1417
676
349
2564
628
282
2778
1789
772
126
282
1456
1456
1456
40
772
2404
628
1456
1264
3302
3302
2029
3302
1456
1583
628
2778
1789
772
2514
282
1456
1456
628
1680
2778
1327
1718
2052
1577
1542
1066
40
1622
1622
1622
2679
2925
3327
2041
1417
676
349
1175
795
3341
1456
3327
861
1456
1718
1456
2887
2207
160
1680
1875
3107
2311
617
3153
2235
1456
1220
1535
981
1727
2054
1455
2892
1680
1972
1285
1460
1456
1793
884
414
2887
221
2207
1456
3153
607
40
1417
3087
1680
2043
2507
3382
2516
1336
1683
536
2778
1145
881
881
1237
1765
2092
3107
2234
1336
1683
328
889
1336
1683
1089
2887
2887
1683
1624
607
2662
1389
1771
829
1942
2288
829
2920
1255
54
1389
2257
358
264
2532
1391
1017
3292
1391
3292
3292
3088
3292
481
3292
481
3292
481
265
1389
2288
3320
2288
2312
698
2966
1918
1391
2528
2174
2288
2778
2775
2650
1017
272
3292
1391
501
2288
2778
1308
2920
2021
2298
2288
1281
2562
1771
1150
1622
2951
709
3112
829
2288
2131
3079
457
916
2861
2539
3079
2679
2131
2861
886
2414
416
2861
3022
2861
2131
2618
2892
1658
1023
1438
385
509
366
2895
744
2288
281
2892
709
2288
1791
2920
2453
1633
3093
282
3017
282
2148
1633
3017
282
349
2549
623
3153
2778
1004
923
1783
2665
1437
1504
2561
264
663
281
2826
932
1264
1705
2766
2029
1264
1150
3288
2809
1504
1793
1456
1456
531
481
467
531
118
531
2588
1456
3111
326
2311
2312
2290
2427
349
314
1264
8
50
2159
2085
1224
1150
353
1017
2257
3422
206
2042
2455
2085
1224
1455
812
3076
2565
1633
428
2244
2951
1000
1322
2778
2311
2054
3422
994
3417
2
3261
1456
3153
226
1824
2655
2311
1456
3175
836
1968
844
3074
1718
2539
844
23
3074
1718
2539
870
844
829
457
2539
829
457
2539
2618
243
623
844
1718
1633
1264
884
203
981
2887
745
1793
2983
1456
2378
1941
2977
1456
1069
3153
1456
1069
812
2618
1288
3438
2854
1042
1103
844
2977
211
1455
329
1456
743
743
1979
1539
743
1979
1539
1456
1539
1718
1539
2805
33
2349
1525
1370
2539
1666
948
2564
3074
1718
2539
844
23
3074
1718
2539
870
844
2564
844
2765
1384
1135
3292
1154
2742
282
1048
2685
2455
2455
1504
3364
151
2828
1017
3074
2828
2778
844
1928
336
781
1175
2533
1219
33
1793
2533
237
203
981
1456
623
3422
3328
2407
919
1042
1501
1288
799
2140
2224
2455
2828
463
2061
2507
2192
463
3443
1963
1561
2283
2731
1042
981
2312
812
1960
264
844
859
1727
2288
1791
2288
1308
5
2288
226
2801
2956
23
2956
23
2145
2043
2956
2557
2043
2557
1634
488
2566
2288
457
2528
2650
2288
2335
2528
936
550
1683
23
550
190
190
1683
3023
2334
70
550
190
190
1683
3023
2334
70
281
75
2892
617
812
1698
1384
3292
3093
1333
368
812
2892
1384
3292
3093
1333
368
58
365
2195
3022
33
2557
366
2054
2234
1281
2778
2105
1041
281
3313
218
453
884
2643
1499
2705
2618
2892
2679
3153
812
225
397
923
2464
2618
812
2298
1080
281
2054
2665
1218
1455
914
2167
2288
524
3422
2616
1720
3398
701
3356
687
2257
2778
921
2528
3292
1322
2528
2290
3088
57
2288
2528
3292
1322
2528
2290
3088
57
2288
2833
2833
2528
3292
1322
2528
2290
3088
57
2288
2528
3292
1322
2528
2290
3088
57
2288
2528
3292
1322
2528
2290
3088
57
2288
2833
2833
2528
2650
2528
2290
3088
57
2288
1308
757
1349
1349
2528
668
453
1587
812
780
564
3086
2528
2650
1771
3022
1389
1771
3241
1135
235
2778
1389
3111
500
54
932
2528
2062
509
2018
3417
2778
2528
3292
1322
1715
2528
2290
3088
57
2288
1308
1607
187
3113
1281
2528
2528
3292
1322
1715
2528
2290
3088
57
2288
1308
2298
1573
509
2207
2288
239
2528
3422
482
1717
3417
886
2521
1338
3111
2054
1389
2528
3292
1322
2528
2290
3088
57
2288
1308
293
1950
2288
2138
1976
1389
3099
2288
2557
1622
1322
3204
881
3204
1622
1322
2839
757
1622
2839
707
1308
3382
488
550
114
1349
550
2187
1251
1322
1213
2187
881
1822
1322
1455
881
2136
623
808
2631
453
1322
494
1251
1322
281
509
1174
3320
584
3269
521
1322
73
494
881
1251
1322
281
1203
3193
3110
600
73
509
3422
2162
687
1375
1721
2436
5
227
2528
2290
3088
57
2288
1771
829
2528
2290
3088
57
2288
1308
2528
2427
70
2528
3111
281
1308
2528
1389
535
2764
114
2992
1442
1288
1456
2528
2650
584
321
2528
2528
2290
3088
57
2288
2650
2908
57
2288
599
2474
3276
510
2766
2650
2899
618
2977
1455
57
2288
2839
768
1561
1867
715
584
3223
2767
2597
510
2788
3193
768
1456
2155
1583
584
584
321
2528
2528
2290
3088
57
2288
1972
114
1329
226
3276
2298
1902
3270
1059
3276
1950
250
2427
1527
3422
318
1644
1395
603
2528
3292
1322
2528
2290
3088
57
2288
1308
1308
3292
2544
2528
1395
603
2528
3292
1322
2528
2290
3088
57
2288
1308
2321
2007
3074
1395
603
2528
3292
1322
2528
2290
3088
57
2288
1308
2288
808
237
3422
1710
1527
687
2288
331
3166
1297
2327
35
668
2528
2650
1030
3417
2473
2455
687
264
2528
818
1793
869
3320
2288
1845
1308
2544
2640
1976
2288
886
1768
2135
1383
2589
886
1768
3276
1383
818
1912
2288
869
3417
3186
2455
971
1322
2528
2290
3088
57
2288
1308
50
826
2966
1389
3193
396
780
2528
532
3292
1322
2528
2290
3088
57
2288
1308
757
1389
3111
3412
2549
3422
467
829
3074
814
923
2624
603
2528
3292
1322
2528
2290
3088
57
2288
1308
5
1589
2436
1375
3292
1322
2528
2290
3088
57
2288
1308
2778
2775
2047
1455
2438
389
535
3067
1389
2922
2528
2290
3088
57
2288
1308
757
780
535
2187
1322
881
757
2775
535
2775
2140
2270
2054
2270
1507
509
3292
1322
466
1308
3292
1322
466
3292
2544
1308
757
3292
1322
2528
2290
3088
57
2288
1308
757
3292
1322
466
1308
3292
1322
466
3292
2544
1308
757
3292
1322
2528
2290
3088
57
2288
1308
757
2054
2327
2340
2761
651
418
1031
255
2761
204
1322
1150
1182
283
881
1456
2528
3422
2212
3422
2588
1389
1308
1690
1308
757
1308
1308
1308
3364
2290
3088
57
2288
1308
757
2528
2650
3417
2528
3261
2892
2806
270
2539
1308
247
1308
757
1102
2571
2528
2650
1455
2288
110
1102
684
2131
757
757
1308
177
757
1308
757
3274
281
2528
1322
2528
2290
3088
57
2288
1308
2704
2528
2650
780
2382
1500
1066
1624
1389
1308
770
829
1395
603
2528
3292
1322
2528
2290
3088
57
2288
1308
1060
1389
780
2933
2778
3261
2892
829
2922
3422
318
3029
2528
1389
1264
324
1389
1389
3199
3292
321
2288
2528
2528
2290
3088
57
2288
1308
1059
2427
2438
829
453
509
3161
160
229
99
237
3029
1598
2645
1175
2528
2650
3292
1322
2528
2290
3088
57
2288
1308
757
886
1308
1349
354
1308
1338
2509
1514
590
3101
3412
3111
84
115
2933
1761
886
1308
1308
1349
354
1308
1338
3276
2239
115
2716
2887
282
1045
634
1528
1336
1194
115
1055
932
1607
2288
3292
3382
834
1607
3329
550
607
2288
2731
58
282
1391
2470
488
2848
592
3292
3382
146
3292
144
3292
144
3292
144
3292
3292
3292
3292
3292
1150
3292
1150
3292
1150
3292
1150
564
2490
2470
488
2848
592
2470
1633
2470
190
2470
190
3292
3382
3292
3382
146
58
282
3329
550
608
900
3292
1150
2522
2685
3433
1768
3366
2427
2083
587
886
3292
795
3022
1542
2043
1884
633
981
1590
40
2043
3422
2704
2504
2515
1458
3153
1659
1456
2054
2043
1884
849
2515
3422
2704
293
1389
347
687
282
633
2752
1826
480
2618
2892
1869
2820
3317
2490
3111
701
1264
1826
2536
799
1095
812
836
2566
279
822
385
3074
2290
2167
1249
459
1908
1478
2616
1349
263
969
23
2369
3320
2562
286
459
1633
2679
2562
812
1909
1347
1389
33
3111
2383
3320
1456
2704
1456
780
2832
973
281
465
2288
3320
2608
126
282
221
1150
2312
281
2618
2311
40
1327
1456
2983
844
596
844
596
844
596
844
596
1456
365
2618
1456
1718
1456
2054
281
1108
2288
3320
3422
2916
3417
2207
2475
467
2288
33
1017
1017
33
118
1633
1758
227
313
751
931
227
1633
1633
1237
2707
3273
2225
1349
2707
3422
1965
871
227
2136
1587
227
3259
248
230
1030
2705
923
65
2392
118
1504
2776
531
1417
1633
118
3422
687
282
886
2524
3064
2363
3325
118
1758
227
13
2438
227
2093
2966
227
832
3206
1582
2438
324
3153
3111
1959
1381
2876
1587
3202
3165
3007
1055
547
1364
751
1156
746
2776
2995
3338
2407
1055
1542
2618
2892
2618
812
281
2365
204
1542
3302
1456
869
282
2507
2568
844
799
366
2344
598
2404
749
981
3302
2508
844
2409
3269
3036
1504
826
2960
844
336
1857
2407
1577
3422
2250
1456
73
3313
3153
780
780
2923
1327
2131
1718
2604
153
2344
2404
795
981
1875
2960
510
1327
3048
3029
829
1389
2007
3022
1542
2485
35
919
2679
944
35
1456
1605
2054
1022
2539
2333
488
499
2549
900
1456
1160
1717
3153
2950
886
3292
2823
780
2742
780
2549
2783
1264
1547
1389
281
1389
365
623
75
2616
688
889
2899
467
1316
2288
1148
3320
889
467
1136
467
2544
3110
2568
70
780
1334
884
3093
989
884
2125
780
410
2717
829
2054
2054
884
221
2887
688
372
1336
3136
33
2887
3438
366
1732
1389
75
623
780
1705
1316
780
2343
2720
2757
396
3111
2377
877
2635
973
1330
1605
1756
2705
467
2965
3417
1031
2439
1553
622
2078
2549
467
900
3029
3417
221
2207
3237
240
3417
3062
50
3153
50
3310
795
481
790
3422
584
467
2288
3189
2073
3111
3142
962
668
2833
994
2207
282
2250
3320
509
3241
3147
1046
1389
1322
3320
1641
2685
1455
1322
353
2047
2778
353
1322
1483
1585
2920
2778
1224
1322
3371
69
2551
1322
1212
101
2154
671
3320
1322
748
1322
69
2551
353
2778
52
2441
1224
1322
2130
2290
226
1582
2168
1692
3230
2311
2116
2135
1873
227
2311
1610
227
3189
1251
1336
601
501
1914
1849
282
698
2293
599
2018
2245
2138
2779
2779
2293
3400
577
504
1718
227
56
1914
2966
1914
2288
331
3320
3147
2288
2167
1150
1135
2778
2892
1194
2438
237
3029
2677
1288
1456
655
3074
1333
962
2962
509
282
1150
2207
3076
453
2331
1690
3029
668
1389
3107
2608
2825
655
3320
509
607
1456
1718
2340
2167
962
1456
282
962
282
1718
1718
1718
1718
282
2624
282
2624
3088
1809
23
992
2624
992
2616
1718
992
2616
3288
992
2616
3288
992
2616
1718
992
2616
3288
992
2616
3288
992
2616
227
2366
2366
992
282
1456
3320
509
2259
3422
2427
1052
840
3347
894
1288
2778
3111
66
353
2685
2047
2951
2640
282
1718
2843
2508
2293
2616
501
1914
687
3292
3029
2833
358
2602
2047
1300
1789
2435
2951
1914
1336
3110
2564
1336
3320
509
353
2564
282
1322
282
2888
820
126
2833
1431
1994
1914
1336
1208
814
3320
3147
1683
1883
2245
2207
1501
2073
1042
1456
2716
1066
1484
3186
1389
1857
871
1389
2290
286
1224
1322
2794
2675
2564
1212
101
2154
671
3320
1322
748
1322
69
2551
353
2778
52
2441
1224
1322
2130
2290
226
1582
2168
1692
2564
1455
3314
1504
3313
1456
1690
243
1150
281
2758
2618
281
2758
2618
281
2758
2618
281
2758
2618
281
2758
2618
281
2758
2618
281
2618
2892
2618
812
2427
1389
663
466
2708
584
795
481
829
389
467
911
1633
1455
770
3422
3310
1861
2645
2579
3292
1771
1024
1384
1135
3292
1154
282
1048
2685
1771
281
2650
1699
1732
1389
3261
1389
281
50
2677
2869
789
2213
829
1577
1853
1972
1792
282
3137
3380
3076
2566
884
1120
3199
3303
3303
1316
2776
2304
227
1587
2892
1264
3422
226
2427
2588
1135
1909
829
1389
1060
3111
326
3422
3274
829
2892
780
181
1425
829
1456
282
282
282
1456
829
780
2892
1456
282
282
282
1456
2776
182
2549
3422
1976
2216
2066
607
1089
2508
3079
1374
1089
2508
32
2798
367
501
607
1089
1864
2716
3266
2528
1264
701
3152
1089
1864
2312
50
1389
3422
1542
2305
3193
911
467
599
3165
1281
3292
466
1039
2409
1281
3292
466
1039
2409
1281
3292
466
1039
2409
264
1926
3292
144
3422
2880
3292
144
3292
1327
1336
3292
1327
1336
3292
1064
3106
2138
3106
3292
3292
3292
3292
3292
3292
3292
564
564
564
1281
3292
1064
3106
2138
452
1615
2812
3275
3314
914
172
2547
928
2597
396
1455
2287
2961
2287
222
23
1456
1926
584
3292
3292
3292
3292
3292
3088
3292
1456
281
2618
2597
2895
2812
481
795
2436
2812
2421
23
3423
836
414
2287
1264
326
2082
2270
1456
2270
919
3422
2597
459
751
2043
2812
2989
466
1069
1343
466
1069
2288
1456
1438
1004
3148
1308
1222
1308
1402
562
188
949
1265
654
479
2610
654
188
1613
3086
1456
1343
886
2813
1308
1338
1701
3003
1308
3003
2920
3137
3098
55
58
2088
1766
1333
2340
3422
1543
2288
3166
1598
466
1069
1343
1845
886
1308
886
1592
3386
55
1456
1456
227
2288
3392
654
584
102
227
2387
102
2387
584
227
3088
2387
584
2685
1456
2043
55
1845
2190
1004
2610
1265
654
3291
2286
2288
264
1651
2616
2812
3111
1669
836
2083
1809
47
3276
2054
1582
3412
1455
2054
1389
3029
1456
3112
2455
752
1380
407
1809
2616
410
2564
1677
2920
1794
3404
2803
1429
1684
679
679
1832
16
2603
2564
2562
1771
3402
2652
3276
2812
2563
453
2812
3029
2618
2892
2618
812
2775
2775
3029
3029
3085
226
1389
3341
2892
2490
528
1887
1403
2207
3385
528
1887
879
1033
1403
932
3029
2389
2070
1403
536
33
1014
3320
1349
282
2778
1308
1794
1150
509
2427
1083
3422
1325
1174
2528
2528
2685
1493
2475
3261
1500
3292
2961
1633
1088
1088
314
795
837
944
1678
2812
1088
653
314
1060
2524
1624
3276
2470
2288
832
1456
1389
1375
3111
2211
2312
3153
1456
501
2312
1483
1123
2778
501
2312
1483
1123
1089
2407
2288
501
467
1123
1389
2167
928
1826
859
35
2288
924
1810
1089
282
336
3422
1264
632
535
2640
1384
1621
3292
1349
3292
535
3161
2778
2887
954
1729
2288
17
2887
3319
1032
1622
1622
114
118
1914
498
829
1690
2887
2778
2827
25
2760
1504
1061
466
1950
1504
3313
1167
2760
1914
1281
1624
1504
1946
1083
1389
829
3022
1834
2685
914
1281
3103
2614
3276
2288
3329
687
3166
2327
35
2097
3269
2288
795
2288
1281
2298
994
2288
1194
225
2054
829
2298
2624
2624
3422
829
1791
2312
829
1863
3320
1030
1074
2298
994
2717
829
2679
2148
1826
2290
1447
2194
2778
2775
535
2775
2916
2207
914
2438
2438
914
501
795
1542
3329
3023
550
488
1212
3422
3004
668
509
730
3329
281
2618
2892
2618
812
3111
3269
521
3153
74
2801
2288
2916
1308
3137
3022
1264
829
2966
2288
741
1322
1322
1583
2562
2539
2064
1074
2135
3422
623
229
1389
2180
1271
1322
2544
550
1175
1633
3153
780
2566
709
1281
1389
2297
3199
1281
2778
1935
914
2951
874
3325
2312
2340
221
2207
1281
2778
1281
2174
1690
2677
1706
2966
1950
2778
2490
621
2933
42
836
2134
2951
2187
131
917
2104
2047
2427
237
131
318
52
2951
687
611
2778
1308
1794
2369
829
2778
3422
1000
908
2312
2778
2475
76
3258
3303
1120
1135
2778
3022
1542
1959
1577
829
539
2778
1281
2778
829
3189
2966
282
2135
832
282
1771
3422
2760
2951
2933
1605
2455
2290
221
2105
1389
829
2760
2168
2225
89
1771
829
89
1322
1135
1322
1135
2588
1347
2577
2290
318
52
1669
2524
1389
2427
1690
89
318
1558
1389
1389
2854
399
2532
829
466
3029
2016
611
832
2187
3251
2312
2047
2435
886
466
66
2312
1375
3111
928
2200
1322
3417
1322
2640
2509
1322
2288
1417
467
3022
467
2544
1984
281
944
358
1782
2987
1847
944
2288
467
2180
635
36
58
2854
211
1365
211
1349
126
3181
2854
3386
2463
3288
1753
3386
611
611
2127
2854
3386
3086
2953
1264
418
2054
70
1455
1211
3422
3274
2174
994
2288
457
58
1336
2288
1150
509
716
3128
1146
550
1607
2563
2983
1532
488
1583
1456
1011
1298
1455
550
1976
1069
884
3074
845
663
2174
146
1069
2669
488
146
681
928
488
2164
146
681
3153
2892
2618
2618
812
3422
2775
2288
1384
1621
3292
1349
3292
535
287
1437
632
3178
2427
237
3029
2288
1624
607
2662
1389
1811
3029
2288
2427
237
3029
2304
282
2044
1793
2131
3277
1793
281
780
1504
2298
318
3029
3422
3274
2311
264
2288
160
1264
1587
393
981
2909
1055
688
2105
3228
2539
2618
812
2503
1150
2778
338
981
1455
2396
2694
981
844
338
757
844
2288
898
1456
1284
2333
2333
153
1456
1445
151
2404
2507
33
1359
3288
716
453
1456
981
321
2528
2404
151
584
1456
3153
1336
2983
3047
1841
1989
281
1384
3292
1741
2288
1554
1456
3228
2539
1655
2907
281
780
2311
2154
86
2907
844
844
2054
1150
237
1150
2503
2290
2925
151
977
2207
3277
981
3327
2805
1456
844
584
981
981
86
1456
3074
2288
1535
1389
712
2946
1643
981
2288
1793
2288
2389
1089
1389
2043
2907
844
550
338
844
1667
2907
2508
1508
2508
460
2637
2288
2806
981
2844
3110
2288
1456
3292
1327
981
1284
2333
2333
153
420
3292
1327
981
1284
2333
2333
153
420
3292
1327
981
1284
2333
2333
153
420
1456
919
181
2288
981
2557
2288
3417
1976
3303
1216
705
2288
1144
2951
222
3189
3153
2485
453
3206
2892
812
1705
3111
2377
2050
687
778
1308
3137
2427
1732
632
2046
1194
2312
1584
1871
687
2565
2288
886
966
310
2088
2887
457
2088
670
457
264
2302
2043
3111
86
1631
1898
871
187
2220
2043
1504
1715
1178
596
814
382
2043
3111
1658
623
3189
1292
1972
1456
2330
2343
623
1587
3408
3062
1306
2538
3153
467
2288
2235
2046
1194
3107
2565
1150
2288
1030
1976
32
281
623
1994
282
687
1654
2235
1667
1709
2907
596
3292
1064
2778
33
795
1219
3189
1336
578
3153
3153
172
3276
2806
2806
3276
245
1709
2536
1631
2138
795
781
864
133
1175
1709
1456
3022
1718
3022
1709
2907
1413
3089
404
1709
2907
3022
1718
1413
3089
404
1709
2907
1456
1667
19
1976
898
2174
1413
3288
1178
1715
1737
674
1727
1000
1676
2539
1308
1794
2138
1456
1456
1456
2704
1792
2539
955
1327
2616
1456
2138
1715
1178
1456
1308
1794
932
1676
1178
1456
1676
1715
1178
994
1000
2312
3261
2892
829
2618
3189
2828
509
1150
962
1542
1960
2054
1389
1455
2652
1970
564
2766
3115
1336
2288
1793
1970
2054
282
2288
981
2557
1641
1327
2325
33
2812
23
281
2618
623
2524
2933
2508
1638
928
1717
3422
1573
509
1375
944
355
418
3153
326
615
1854
615
3053
1507
276
2978
1000
1652
2549
831
3153
2321
1389
1000
1389
3074
2290
949
1456
1030
3029
2549
264
1339
3417
807
1771
83
1918
1976
1369
1384
812
3397
1715
648
1687
2982
668
1109
1476
51
490
284
1164
2319
2720
2756
352
2081
290
1633
2320
673
2195
2969
431
1809
1809
1809
3173
2969
1809
3173
1483
118
1483
2616
1483
1809
2969
1809
531
481
1809
962
531
2401
962
282
453
2969
372
3037
3403
962
2361
227
2361
227
3172
2646
230
2969
1358
2228
2509
2966
230
3077
2361
227
1786
1542
2950
2895
621
51
1997
2711
2415
1977
2406
3383
1837
2143
2660
3422
1658
1504
1456
3093
3276
1663
1837
701
2660
2427
467
914
3039
837
584
13
2288
1542
1542
2333
467
1781
2295
1389
1030
467
2709
2077
1456
2571
3276
2054
3422
3093
3039
2667
2509
1874
2588
1539
23
366
3172
2646
1179
2195
2588
2509
1367
1826
3039
3422
1455
2167
2721
1179
3416
3364
399
2532
33
2509
3246
2432
2304
3039
1598
919
2304
878
366
621
926
2304
2665
584
2685
1519
2849
1712
1456
3342
13
2288
1402
1456
886
2148
3107
1725
2588
366
3420
1624
1725
3420
2616
1179
1537
1694
2915
2453
2774
222
2304
2668
3039
3422
1739
453
3356
2588
2081
2304
23
366
1456
2195
1619
1624
13
2288
2298
1382
3422
2616
3356
3420
366
1542
3422
949
1456
272
227
3276
3022
281
923
768
467
467
1088
3110
1809
2307
962
2279
481
3261
227
481
2288
1959
1809
2307
962
2588
1918
1542
118
2588
919
118
2588
3292
1926
1395
17
3292
3292
144
3242
3292
144
3242
3292
3292
3292
3292
144
3242
3292
1860
3292
118
3292
118
3292
118
467
3258
2376
1633
3258
2376
3106
3258
2376
3106
1926
2376
1633
3106
1633
2893
3115
749
2893
3115
2820
2893
3115
749
2893
2527
534
2893
2893
2893
2893
2820
2893
492
2893
2893
3253
2893
534
2893
2820
2123
749
2380
2820
2123
749
2380
2820
2123
749
2380
2123
749
2380
2123
749
2380
2820
2123
749
2380
564
2490
1926
1395
17
3292
1391
1519
3292
1391
2724
1391
2325
1391
1391
2724
3292
1281
2778
3107
836
2274
2017
2969
1456
2711
2969
1469
1469
1469
2544
282
2711
1469
1469
3292
1926
1395
17
3292
3292
144
3242
3292
144
3242
3292
3292
3292
3292
144
3242
3292
1860
3292
118
1351
2054
1456
2989
1849
1552
1469
2361
227
1358
1756
2484
2646
681
3249
2361
227
816
1417
492
923
1583
1455
3153
399
2935
2735
467
2513
2485
399
2532
467
3022
3292
884
2820
852
3193
2642
2054
1465
3013
1575
3292
2054
1465
3013
2528
3292
1926
1395
17
3292
3292
144
3242
3292
144
3242
3292
3292
3292
3292
144
3242
3292
1860
3292
118
3292
3258
2376
1633
3258
2376
3106
3258
2376
3106
1926
2376
1633
3106
1633
1888
1888
1888
2913
1888
1888
2820
1888
2820
1888
1888
2820
749
2893
2820
3292
777
1776
641
3292
777
1776
3292
777
1776
3106
3258
2376
1633
3258
2376
3106
3258
2376
3106
1926
2376
1633
3106
1633
3292
777
1776
3292
777
1776
3106
3292
777
1776
3292
777
1776
3292
777
1776
564
2490
1926
1395
17
3292
1391
1519
3292
1391
2724
1391
2325
1391
1391
2724
3292
2455
1715
886
3292
2171
564
3292
144
780
2742
2823
970
3232
2588
2588
2228
467
1623
2069
3422
1321
1264
1540
2129
1519
919
2304
2588
919
1455
2969
1874
2094
282
2215
3252
227
962
395
3173
2382
3438
3261
282
1607
1456
2401
1552
1690
3420
61
2556
2778
272
1456
326
3422
1314
2778
282
227
2562
1973
1048
3292
777
777
1776
1048
829
829
785
564
891
3086
785
1048
2094
328
284
3249
623
76
1153
1062
2183
2588
1179
3153
3391
1762
2971
2509
3422
1455
2971
623
2971
1547
1732
2255
792
287
1928
2971
2257
2703
2769
623
2731
923
2290
3422
868
2214
3067
1694
3363
3422
2255
923
3422
3131
3132
3422
777
1101
3422
2427
3422
718
1771
623
2950
1135
2298
1669
399
2532
914
2778
3173
206
1598
1135
2043
1389
13
2288
770
2311
770
2117
2532
2148
281
3093
399
2532
3261
1456
1793
1264
94
13
2288
1264
621
604
3313
3173
2778
2969
1456
2588
1194
1666
459
1806
1391
1095
1011
1358
2820
2730
1542
1519
1806
2566
1389
2298
560
962
2210
1520
158
282
282
282
282
2311
1368
17
430
3093
1389
2933
932
399
2532
222
1336
282
265
1389
2735
467
2054
372
399
2935
2635
1926
1395
17
3292
1391
1519
3292
1391
2724
1391
1391
2724
1391
2325
1391
2724
1391
2724
1391
2724
3292
1391
2724
3292
3292
3292
3292
3253
3292
3292
3292
3292
3292
3292
3292
1926
1395
17
3292
1391
1519
3292
1391
2724
1391
2325
1391
1391
2724
1391
2724
3292
1327
3292
1327
3292
1064
3106
2138
3106
3292
3292
3292
3292
3292
3292
1456
227
481
1809
962
227
282
962
1336
282
1622
227
2588
2473
13
2288
1542
1786
673
2509
1865
1194
13
2288
73
1542
2588
2195
2588
366
2138
618
222
1336
13
2288
1907
3422
2161
1542
1485
1080
2195
3253
13
2288
226
2975
2733
2556
919
297
2646
623
332
1897
621
1264
1865
2556
13
3417
2528
1051
1605
2311
2922
1633
2885
2298
1306
1809
366
2812
2588
821
555
1004
1389
1771
13
2288
2876
13
2288
2231
2007
358
2778
2475
3261
812
2312
3422
3274
2704
3120
1160
2674
13
2288
780
1489
2731
1918
2933
1389
1030
1489
1826
1160
3253
3111
2971
1705
1264
704
3314
2588
2504
172
3039
1786
1542
1793
3253
13
2288
1542
1456
2824
281
1540
2129
1384
3292
1540
1513
1519
1972
1624
3422
2509
2983
749
2776
1587
2748
281
1288
1723
3356
769
2758
33
474
829
1691
2721
281
2563
3111
2971
2704
2876
264
13
2288
282
227
780
1577
2933
1389
3422
1542
1771
1218
2933
1455
914
3111
3111
1511
3022
1771
1705
1264
3189
453
1264
1705
2427
368
2705
1018
1489
708
2244
1456
3111
2377
1558
1583
1715
17
17
2499
2288
726
3111
2861
1218
467
3417
1976
2717
623
617
2257
2043
2652
1665
453
1705
623
780
1603
1587
797
2321
1347
623
3223
1793
3111
2377
3417
2792
3417
282
2288
2288
820
2514
19
450
3320
2288
2977
2499
687
662
1336
19
3320
3320
617
812
2892
1384
3292
281
2802
1705
453
2735
467
1264
3422
3344
2427
2778
3094
396
836
2724
1290
1389
1378
415
3111
2628
1456
2300
1264
75
1011
396
2987
3320
777
2298
467
2578
3111
70
3128
2616
3153
1011
1577
1389
3128
2581
2665
2438
617
812
1698
1384
3292
281
2802
1705
453
2735
467
3036
1461
2567
3276
1101
2861
1218
3111
2594
3444
3022
1504
808
1868
483
341
3422
3171
3067
886
3292
1538
2470
3153
1375
3422
3274
1264
2512
2528
3329
3417
351
837
2528
3320
3263
102
283
2312
2953
2983
3074
2685
3111
1456
1194
3055
1456
2724
1683
488
1683
1456
1633
1456
2724
2724
1456
1598
2561
3067
3153
1456
2724
1683
488
1683
1456
745
467
1175
467
2826
1853
1456
2685
2677
2288
2288
1455
1218
932
1218
2665
1918
281
1308
1794
3193
2288
1375
3107
2608
2261
225
2549
676
1456
1078
1722
3107
2602
1059
3419
3107
1137
1809
2588
1715
3425
2902
75
404
281
1389
3206
2892
812
3111
3159
1060
2007
2288
2288
2778
703
453
2808
962
2920
1794
2124
2528
2650
1308
2920
2645
1745
3111
3153
281
836
2618
281
1389
780
780
1060
3241
780
1288
3111
3159
780
632
2054
2257
1264
418
812
1030
3422
2427
3422
1425
1281
2555
2778
829
1150
3276
914
3111
3310
221
1175
3189
2288
362
33
32
2983
2475
3062
3422
467
3417
221
539
1456
2775
2828
3189
539
1456
2983
829
2775
372
3111
1757
2151
2298
859
2983
2828
989
2775
2775
2681
1322
2311
3085
2369
12
1587
1875
924
1218
2340
829
498
829
1218
914
914
2775
1218
2167
829
3076
2311
2290
829
2561
1621
829
1481
687
1456
2963
264
3258
1456
547
3153
2547
238
129
2764
229
1389
521
3068
1598
687
2983
33
1336
221
1175
670
2778
1322
2473
2983
2828
2778
2475
2892
2312
70
1030
1389
3076
2475
989
797
1715
2778
829
1167
539
797
1715
1389
92
2475
1389
1935
2820
797
1715
2775
2775
2681
1322
3298
2288
1194
2983
3189
2681
1322
2983
2151
1504
2298
1389
2775
3189
32
2820
2021
829
829
908
396
3107
539
1578
396
1462
2714
290
539
2778
2242
1402
529
2242
2635
1723
989
847
3276
1624
2668
2544
2588
2850
3422
1659
282
2588
2002
3422
1450
1313
2588
3399
3422
2042
754
3183
2892
886
3292
2461
768
754
1175
847
2290
3183
25
3131
1542
1694
1030
521
318
2103
2200
1542
3399
3157
944
2263
281
780
2288
2022
564
3292
1926
1395
17
1926
1395
17
3292
144
3292
1327
1089
1690
3292
3292
1064
2138
3292
3292
3292
3292
3292
3292
3292
564
2022
564
3292
1926
1926
2043
3111
708
623
932
1135
2321
2705
2427
3153
1456
1069
467
2760
1456
1088
2839
2888
2888
2888
2616
23
1690
645
2074
2839
2839
2888
2888
2839
1456
1504
2597
1633
2054
2557
771
552
2966
1733
2054
2557
2509
687
2089
2148
3153
2798
2904
1960
623
1500
3189
3111
1367
170
1257
2333
2888
1622
1456
2888
1456
617
812
2892
1384
3292
2616
467
1694
552
2702
242
2043
3111
617
812
2892
1384
3292
2616
229
2934
1659
1456
1054
763
1558
2167
222
366
2288
2717
1456
1297
2288
1456
227
584
227
1809
227
2544
2544
227
2588
1456
1389
1090
823
2075
1456
900
131
2506
1456
320
23
1383
52
1504
2949
1909
2396
3155
3255
1456
900
1456
531
282
531
282
1336
1336
531
531
282
3086
3086
1336
531
1456
617
812
2892
1384
3292
1826
1456
1715
2060
623
229
2386
2731
1918
241
618
222
2895
3020
52
1160
3402
2557
2557
870
2895
326
1456
52
131
1472
172
242
2138
133
2557
623
1909
3001
336
84
1447
1813
2406
177
3001
1619
2282
2778
383
403
1281
2778
2760
1455
3159
920
281
318
383
2382
3137
836
1389
1439
1439
2628
926
836
1060
829
2096
932
1081
1322
1182
3377
2438
829
2618
2892
453
1582
607
1811
3029
2820
884
281
1089
242
780
3085
812
780
32
3261
829
2778
1048
1384
1135
3292
1154
1791
1464
829
1453
509
2005
1264
2694
1659
2812
361
2129
281
3422
2588
925
50
50
2043
3150
58
1088
1088
1705
623
2312
3404
133
3259
623
862
1500
266
1088
1088
1271
2616
3025
1633
1153
2704
842
615
3292
687
1018
827
2892
2492
2892
3422
1499
1587
2081
3000
1858
1941
2321
2843
1389
1264
2966
584
3212
1264
907
50
50
1678
618
623
2940
1074
826
2122
2131
2112
2710
2616
99
884
1088
2840
3261
623
2616
60
1225
1529
153
932
2282
467
584
467
1677
2983
1678
1455
2071
1598
3056
1181
3159
632
449
2954
2926
418
2311
1764
617
2966
623
384
2473
1587
3189
2522
623
2892
623
187
916
1456
623
794
144
2104
2195
2081
1705
1587
1088
584
58
1088
1088
1088
105
2539
584
795
445
584
453
32
368
3176
884
584
58
1088
3112
2081
1583
872
467
584
58
1403
467
32
1088
1088
453
884
584
58
1403
2148
668
436
50
578
2710
623
1397
2892
3175
1790
1429
3444
530
1678
2390
3004
3142
898
1303
225
37
2899
2724
2995
314
530
1249
1716
1449
2388
2272
2019
3444
1678
368
2528
2077
2019
1575
2064
2679
2983
1678
3422
871
1678
2222
105
2539
1303
1010
105
2539
3006
2064
3422
3296
268
1455
1246
3193
2899
1249
105
2539
2567
1165
2731
242
1678
1455
2160
1880
2355
2983
1678
3422
1382
911
2362
232
2926
623
2618
2843
3102
1018
1504
2778
3422
2029
829
1384
1621
3292
1349
3292
287
1375
445
105
1529
790
584
2811
2290
3093
754
369
3388
1461
1289
3153
1088
1088
1941
3422
503
844
2528
3249
170
584
58
1088
369
1678
3444
584
105
2539
369
1088
1633
2030
3276
3159
1424
584
1786
58
1088
3388
170
3261
33
1705
33
584
1959
584
58
1088
584
369
1678
1088
1088
2522
1633
1830
1529
2539
111
1816
1633
170
3261
33
1705
33
584
1959
584
105
1678
58
1088
105
1678
369
1678
105
1678
2396
1816
1088
1088
837
105
1529
1336
870
1853
1324
1389
2187
2333
1622
2951
1542
1074
2288
944
1308
1794
1455
944
2650
3380
2682
1793
584
584
584
1793
3422
1976
1281
1624
2396
3422
914
655
366
2920
1070
281
3417
812
968
2618
2290
1456
1320
2081
457
2492
2528
2650
2945
50
281
2618
2892
2618
812
50
2594
2253
3377
1853
916
109
2854
790
2854
2844
439
447
1175
1607
2854
1175
2966
2611
2407
3153
1853
1624
2427
1389
2330
237
1336
2895
2887
3417
658
790
392
1103
1150
414
790
2895
2387
1683
2563
1055
687
264
1456
2778
281
1389
50
3317
2049
1853
1336
1667
3279
2167
2194
3326
475
134
1199
1045
3404
1068
1068
3404
1045
235
305
418
2311
281
2618
2892
2618
812
1389
1542
1455
1264
2645
2455
3269
2013
901
467
2474
194
3023
2278
1150
779
467
235
2299
980
2549
194
584
584
911
1001
3404
1633
2299
790
1976
1456
1715
1455
3314
1264
2011
2907
1182
396
2474
467
691
1860
2011
2907
1182
2043
1504
1194
1347
81
1333
1150
900
3292
2892
467
2544
1959
1150
1451
2823
2571
870
3417
3422
1520
282
2427
687
2887
1455
994
2029
623
1264
1042
493
2348
1135
509
2778
1322
2473
2563
1042
3029
3371
1322
353
2778
1322
844
2870
1218
623
1472
3314
2367
3302
623
2977
1826
1456
1150
326
1587
3106
3379
1175
958
2887
1587
653
1667
1322
1919
2916
1919
1103
3029
1264
2876
2977
1456
2382
1705
1587
3111
2377
2382
3094
352
1666
1150
1135
607
1275
2177
3311
2404
426
1018
3189
2892
812
2562
3094
908
2312
1389
3417
1683
2778
994
2951
281
2143
1456
453
1587
780
3111
3159
1264
2564
1587
3106
3379
1175
958
2887
2564
2566
467
3189
1389
994
2312
884
414
3107
3051
284
1387
3106
3111
1587
2564
1587
653
1667
1322
1919
2916
1919
2564
506
2704
657
1731
2951
3176
1042
3443
3292
1455
509
2174
2920
1794
1384
3292
928
2288
3292
973
3292
2778
1226
114
1182
973
2298
1573
509
2312
668
3329
2288
617
812
2892
1384
3292
1264
217
1671
3093
770
799
2839
1583
1389
3040
1704
1715
584
70
1715
2643
374
3276
2180
3088
3417
1084
3085
812
780
281
1389
780
281
143
1389
32
3111
72
3261
2892
836
3076
3111
3159
1542
829
1973
578
1264
3320
1799
1794
3261
829
509
3320
2503
1150
829
2288
2334
2369
701
2772
509
2854
2369
35
2624
35
2369
3021
35
1080
1060
1308
1794
837
2311
1455
2047
2685
2043
2951
1352
2839
1624
1389
1370
1084
2131
3422
2985
1598
1135
2562
1771
1389
2453
2778
780
3417
1194
3422
2288
1860
3382
767
3420
1351
2787
529
418
326
1182
668
1887
2154
483
1887
282
1442
1652
1501
3417
2389
3166
3417
1072
676
2255
3130
282
1950
1281
2954
1442
56
2887
126
315
3111
1411
1950
2288
2255
361
1950
1069
2288
586
3076
1690
1547
1389
2054
2288
2015
2288
240
1175
1950
2288
58
1793
2538
2235
3022
3086
886
3292
2823
780
2742
780
546
1922
1718
1587
3253
623
1070
1389
3111
3159
1411
2618
1950
2288
994
2207
1918
1950
2288
3153
2977
837
1322
2951
994
2563
282
270
1322
2532
732
466
564
3292
1322
1413
466
564
3292
1322
1413
1334
1322
466
564
3292
1322
1413
509
2659
607
623
1264
2235
1504
2344
628
928
2895
2344
1504
2562
1793
240
2335
2288
1950
2288
58
1389
72
836
607
1675
1689
2624
2618
1542
281
2043
1624
1455
3159
3076
3261
829
1558
1504
2778
829
3377
2438
829
396
1684
2892
886
2650
1969
2528
623
810
2739
2905
864
1478
618
1694
1634
2767
3196
1478
509
2207
177
35
3088
3381
2070
761
2070
2539
1544
795
754
1605
467
32
2717
467
2382
32
1743
886
988
2352
2352
1501
2499
547
623
1237
2892
70
1282
829
509
1017
3022
282
904
509
2167
509
2772
509
221
2453
2933
1389
3076
1347
366
1389
2618
821
3050
1684
1633
1455
3314
2704
2618
2892
2427
3344
2060
1095
3382
1773
3022
3382
1773
3022
3382
1773
146
1178
633
573
382
3314
1437
2665
3314
2958
465
12
2108
1587
2562
1771
2966
3276
281
3111
1264
1264
1271
118
227
1826
58
2887
3314
65
932
118
1175
3386
2642
3296
2288
2766
3382
837
2717
1659
3382
146
1022
2844
790
2844
2717
1659
1456
550
552
1088
550
550
1456
919
2148
2522
1264
335
1271
3270
1175
3386
2895
1470
1417
3279
1389
3314
3153
3382
1095
2668
3276
3435
2724
2409
573
2440
1382
1609
146
550
2273
1022
1499
3187
1551
716
2655
1456
2844
790
2273
2812
133
2143
414
3382
1395
790
1793
3382
1251
1455
1793
1690
3023
3386
2536
1609
2536
2616
1264
2290
3328
1041
2290
1918
1538
687
981
1389
1622
467
2054
2427
687
1970
282
2140
3110
3114
1970
501
410
1264
467
2618
599
1264
153
467
2618
812
1264
2511
2288
2288
1587
281
981
1389
1089
2508
1389
3111
3029
2288
2288
3422
2438
829
467
3417
203
981
3076
2806
2288
981
1970
221
2207
3189
2288
1382
3400
2255
3012
3388
2427
718
281
1135
3018
1264
2616
1264
829
1542
1970
2312
981
687
32
1517
2086
3219
1793
1970
1175
3208
1264
1389
453
2892
780
1089
2131
3023
1016
3023
199
1666
1456
1135
32
2288
1551
1841
2298
2532
1389
1715
1456
2539
1456
2812
2036
2344
153
2485
1089
2131
1680
3445
2765
2661
399
3023
3445
2661
399
2610
1228
399
2485
2765
2717
1638
3445
1089
2840
2549
2801
1264
2257
1542
2618
2892
2618
812
281
3276
1175
2335
3320
1322
131
2415
509
3422
226
349
3276
1375
1504
2288
2407
509
2250
509
2887
3320
2951
509
2288
3086
1375
2473
70
3156
1281
2174
2466
3022
1281
3364
932
1389
235
1281
2778
1456
2340
2466
1080
227
1473
2624
1456
837
3383
1473
2624
347
687
81
1789
2131
227
2761
1793
3253
489
1035
1455
1035
1455
3253
489
3253
489
81
1789
2131
227
2761
919
1261
2427
255
467
2145
445
1789
3253
489
227
1455
1035
3022
2245
1303
1039
1281
2677
2245
3366
227
3156
1455
467
1455
1455
1288
2142
2245
1303
1767
131
2778
1308
1794
687
227
611
2131
3422
1721
1303
453
2382
1500
780
1604
1558
3111
2377
1542
2427
237
3029
2899
318
3029
2288
928
2104
1456
1327
1456
1456
1327
1456
1007
1401
2614
898
221
2455
331
2288
5
3189
1336
2407
1273
745
1918
2756
550
181
201
1633
1007
404
105
1064
3022
1007
1581
1488
252
1695
2806
898
221
3417
221
884
859
3276
2469
221
2887
898
3320
1153
898
3235
898
3320
1153
898
3235
898
3110
2562
1455
1007
1581
2333
2298
3112
1150
467
3417
3337
42
2385
467
2288
345
2188
2654
687
2507
1976
859
2564
338
1007
404
578
1855
282
1007
404
1064
356
3147
668
404
1064
404
1488
1064
404
23
1007
404
1064
2340
1488
1064
573
1007
404
2340
2712
1218
1488
1064
404
2283
1007
404
1327
3022
3261
1007
404
927
404
2564
687
1456
1007
404
3022
919
1064
818
859
2507
509
1007
404
3022
3228
1064
3022
2325
3089
1654
1918
1757
1715
1153
1079
1007
2311
2854
3111
2866
281
1389
3206
2892
812
3111
3159
121
1480
3029
227
1365
1478
1365
2603
886
1308
1349
354
1308
1338
2920
1187
98
2557
2536
2557
2564
2536
3386
362
1403
2557
160
2279
2564
1187
98
2557
3402
2557
2564
2389
1429
1361
23
2539
1160
3402
2509
2564
51
550
2557
2564
1634
3402
2557
2564
1187
98
2557
550
2557
1455
1160
1370
1156
210
1046
1365
358
840
1030
2557
2574
1789
3310
2507
3029
2536
1160
1022
3422
237
281
1624
607
1811
52
1074
1791
2312
328
836
1634
2951
2187
3097
1417
3320
1690
1322
1322
1322
3183
65
1690
2682
550
281
3093
780
160
623
1705
1558
2187
3251
832
3097
1863
1464
3147
7
2463
1863
834
1607
1863
493
3147
2276
1070
1389
1630
285
1853
2787
3067
2187
2951
56
1336
2312
550
2187
1322
2724
1999
933
2945
2187
1322
2104
550
1194
3152
1389
2439
2187
2951
3358
2288
2113
2210
2388
453
501
493
780
3079
2926
1863
1135
1863
3189
2926
1342
1456
467
3079
3234
493
1322
372
1899
187
3161
685
2382
1322
2130
904
2311
65
1794
2724
52
1690
1863
1684
3313
2778
1987
1456
2255
2257
281
3159
2187
1226
230
2616
1582
2951
1582
1322
368
2951
1322
1055
445
1389
2187
3251
2333
1622
2951
100
2311
281
143
1135
780
281
368
2624
453
789
281
3147
70
2951
2942
2259
2704
1727
2605
667
2762
1322
1550
3320
2839
3147
928
2616
65
2366
1095
3422
886
3292
2892
564
3292
1375
2438
2888
526
2575
829
3111
3112
2724
493
52
994
1727
2382
1987
1456
3292
1753
1327
676
716
65
1456
994
2724
52
1535
1194
886
3292
1987
886
3292
1987
2892
3067
3292
1987
1322
3147
1375
1121
52
623
1456
453
2455
166
2148
763
2799
2951
2064
1651
481
552
2148
904
396
578
2951
1796
2951
2076
389
2645
2201
3111
1658
280
623
3031
2311
237
3031
2934
2820
481
994
2951
1684
1055
3176
2311
3283
2080
2054
373
289
99
2187
2951
3279
2986
1875
42
2259
1683
2187
3189
3020
2288
1683
1192
1976
2259
421
1508
2576
2839
2611
493
2839
2030
1126
459
2259
550
1567
280
2839
3147
2611
1712
2995
320
2839
2611
2259
1567
3437
2368
3417
453
780
1070
1389
3189
2288
1582
44
2187
1322
3433
2951
3021
175
3147
836
418
3031
3314
3320
3147
1106
3276
1389
829
1194
2187
3097
2951
2499
547
1633
919
1088
1088
1088
2288
2427
3417
3298
1293
2827
2054
2550
1389
1375
2187
1322
1389
1704
1771
75
1587
2852
3074
932
3422
2347
1333
2828
525
227
1322
1622
1583
1398
2840
2717
3021
35
899
1583
1810
35
3292
1322
1333
1853
1322
2551
2833
1322
989
878
366
2951
2833
2187
3097
2187
3097
2833
2187
2187
829
829
829
908
3107
539
1578
396
1462
2714
2677
2778
3258
1389
926
829
259
3258
3104
829
829
908
396
3107
539
1578
396
1462
2714
3422
1336
900
886
889
467
282
3386
2887
2259
2556
1590
509
281
3261
535
829
1684
3189
579
904
35
3280
1322
366
67
579
552
1088
1088
1088
1088
552
1088
1322
1088
1322
433
1322
1088
832
1088
488
1088
832
1088
832
2902
832
2833
2902
1322
2833
832
353
2902
1322
353
1088
1322
584
2902
1088
1088
2839
1088
1088
2839
1088
33
584
1088
832
33
33
3189
1384
1135
3292
1154
1793
1282
836
3320
175
3147
2069
1577
1389
172
2523
550
3339
1633
1690
1684
76
1683
2187
836
1489
579
453
1150
2951
780
1577
326
143
1135
19
1690
2602
1783
290
2143
2589
3111
2614
1264
3276
2257
2406
3345
3422
573
1456
2104
2187
1322
1322
32
3422
763
2799
2951
2064
1651
481
552
584
1088
2839
1322
2104
2839
2104
584
321
2140
2104
2187
1322
2839
76
2104
282
2
1658
2951
282
599
2064
1651
3422
2951
3421
2951
1446
1121
52
623
871
2455
3313
1322
1182
1489
1732
2311
172
2724
493
1683
2017
1456
1690
1322
2778
1683
3320
2611
1683
2187
1322
3147
3320
1658
3341
1826
701
1322
2298
481
1322
1826
2611
701
1322
2298
481
1322
281
2137
1389
3206
453
2382
1500
2704
1179
2704
1860
453
3318
2812
2588
2616
467
2798
2054
2615
367
3111
2383
2377
2931
2473
3261
1727
1793
1389
3029
932
3422
3274
32
1699
2516
2563
881
936
936
2961
2137
608
1922
608
2507
2616
3261
936
2541
758
467
2064
522
2516
1683
2131
2747
1264
1456
2223
1574
3276
3159
2323
2140
2812
1281
3292
3085
812
780
877
467
779
2766
467
2257
2798
1417
467
467
3292
1391
2958
467
2784
3395
2820
1697
975
1926
2609
2557
2557
2097
1179
1060
1455
521
153
2995
919
3318
919
2009
1249
2499
2812
2588
467
367
2685
3325
1012
467
1587
1569
467
1569
1375
3111
326
2455
1669
928
2616
1016
2262
1815
230
2154
2887
870
2681
338
1456
2901
3314
2290
2616
668
3110
2887
2060
1985
2887
1391
1809
3292
3292
3292
3292
705
3292
1327
1089
3292
301
3292
301
3292
564
1088
531
584
531
481
1959
2288
2839
1809
962
531
962
17
282
962
1809
282
282
282
2616
970
509
3252
1622
3022
970
2335
2685
2335
2335
2335
2335
2335
1388
3022
136
1531
1531
2335
1531
2335
1531
2335
1531
1531
1531
1531
1531
2335
1531
1531
1531
1531
1531
531
118
3110
2288
2839
531
584
531
2588
1088
481
1959
2288
2839
3110
1336
321
3261
1349
2123
3211
1622
3204
459
1342
1456
971
1715
733
23
453
1622
3204
118
2288
1794
1715
832
52
488
844
2544
3086
1622
3086
86
1622
115
488
844
2544
1370
3382
488
844
2544
3204
1370
1622
3204
1370
1622
3204
1370
1622
2325
100
52
2967
51
668
23
2887
870
2966
2288
1504
807
2920
1794
1504
807
2839
2766
1455
550
210
201
221
1756
1445
210
1308
1794
866
210
807
1308
1794
3422
3298
550
1918
2965
1068
2508
2983
958
2427
237
264
1456
349
829
2539
1624
1669
3074
466
3422
1083
2471
3129
829
1497
687
264
1456
3313
2563
1297
1644
1074
3417
3384
705
366
2920
1616
3021
3156
35
3417
2975
290
1175
2227
1624
1644
3189
1060
2288
1960
2581
2665
404
2702
3335
2549
404
3335
2702
1175
2507
2192
2325
3089
404
3269
521
3142
2533
2837
781
716
281
2618
1937
2081
2618
2042
338
3089
3425
1966
2453
3111
1060
2288
1918
932
1175
2618
1571
1583
236
2507
2192
1456
934
437
404
3335
1715
3425
2902
282
338
2539
2124
1966
2858
1583
2618
2288
1194
1695
252
1785
1715
1178
687
2257
687
2288
1336
3080
934
3235
662
1715
1068
3125
1045
1068
1715
2015
829
3261
829
757
1960
2475
1327
1718
3261
1718
2333
2311
2369
1045
1068
1715
1178
1715
2588
2325
3089
404
1455
1012
655
2588
2704
1655
2131
2054
780
780
453
1456
923
2544
1455
2288
2650
3110
1123
3292
1333
550
488
1175
2484
1607
550
284
2968
570
290
3203
284
2288
241
3386
1324
241
3292
1333
550
488
1175
2484
1607
550
3203
284
3203
284
1537
3203
284
509
2047
2331
3267
33
230
284
923
535
281
467
780
3111
2383
453
1587
873
2776
812
780
2924
467
2225
1669
52
790
1455
3153
284
481
2288
1324
284
284
17
3134
50
1281
2549
2697
1786
467
1587
942
2288
687
1834
1650
2043
1403
1999
655
1403
509
2324
2839
687
3292
3292
1834
2298
684
2557
702
1976
3076
1976
684
1976
745
1793
2812
1065
1658
1616
1751
2955
1106
1697
25
3279
1817
2597
349
2195
3422
3274
1587
2616
812
2566
326
884
2290
1389
1477
284
632
1624
989
3022
1771
225
923
2257
1389
3320
3111
1959
1669
2822
467
3110
916
290
3203
284
566
17
2588
3203
284
566
17
2588
3203
284
566
17
2588
3203
284
566
17
2588
3203
284
566
17
2588
3203
284
845
3203
284
845
3203
284
845
3203
284
1875
2697
1684
884
2876
2633
25
2656
1587
118
1684
284
535
426
1456
1587
2756
3112
290
3203
284
566
17
2588
3203
284
566
17
2588
3203
284
566
17
2588
3203
284
566
17
2588
3203
284
566
17
2588
3203
284
845
3203
284
845
3203
284
2043
3150
2645
3439
453
584
70
2588
780
3093
481
2288
3221
3221
33
481
3203
284
3203
284
3203
284
3203
284
969
886
1669
1375
2290
2778
795
481
2607
583
2507
511
481
2607
3422
3379
3193
1362
923
2544
618
3111
1690
676
267
453
2775
3417
1402
833
467
33
2288
1324
290
3203
284
1324
962
481
3203
284
3203
284
2588
3203
284
3422
284
632
467
1365
989
181
606
1670
290
3203
284
566
17
2588
3203
284
566
17
2588
3203
284
566
17
2588
3203
284
566
17
2588
3203
284
566
17
2588
3203
284
845
3203
284
845
3203
284
845
3203
284
845
3203
284
845
3203
284
2043
326
2756
1697
655
2557
2215
2557
2820
1065
3020
2965
3292
2557
3313
2778
284
2565
284
1371
3134
884
284
1164
2062
509
284
2399
290
3203
284
2288
1336
1324
2288
17
481
3203
284
3203
284
290
3203
284
2288
1336
1340
2288
17
2288
17
481
3203
284
3203
284
290
3203
284
2288
1340
2288
17
2288
17
3292
1333
550
488
1175
2484
1607
550
3292
1333
550
488
1175
2484
1607
550
3292
1333
550
488
1175
2484
1607
550
3292
1333
550
488
1175
2484
1607
550
3292
1333
550
488
1175
2484
1607
550
481
3203
284
3203
284
290
3203
284
2288
1336
2288
17
2288
17
481
3203
284
3203
284
3422
284
2399
3417
1243
1587
3428
1135
2694
1621
1587
172
284
3422
3253
1621
341
413
886
3292
2275
2892
886
3292
3134
50
3444
3031
1587
676
2775
829
2775
1587
1234
676
1504
2455
928
2143
3221
2962
467
2064
1442
687
1697
2054
3134
2245
960
2355
2828
3412
2427
614
2826
627
284
1183
76
3203
284
2839
284
1578
284
2760
886
2201
1645
627
1455
868
923
1587
2999
923
2778
777
3422
535
2475
535
535
2977
3171
535
396
2336
1384
1621
3292
1395
3421
3057
1012
1501
2499
547
777
1621
1384
1621
3292
1395
1012
777
908
2427
2611
2201
3076
1223
2083
1809
886
3292
962
284
1271
2455
1727
2469
2399
284
923
284
2398
2685
539
3053
1477
284
1762
2760
3134
676
676
3422
1234
3067
886
3292
2275
2892
2775
2566
467
33
3240
3261
2892
1573
509
3189
3189
240
1475
2508
2355
2235
1477
284
2020
339
2685
1624
1030
2240
284
2876
250
2444
309
886
3292
2275
2892
2104
2892
1698
2615
1875
2054
1690
676
131
15
375
1690
676
375
396
2775
3417
2869
2647
1113
2869
1113
535
1167
259
341
2242
914
1573
1616
181
284
667
1325
2277
2778
326
284
284
1164
2778
1697
1665
1067
2614
3276
2778
1697
326
1021
1067
3422
3082
2557
2977
3422
908
2557
632
2594
1024
2288
994
1132
1045
2987
2887
3269
1666
1074
3111
1542
1074
1060
1624
2899
192
284
1375
2645
2369
2009
2311
1389
2290
949
2155
459
2887
2290
949
3029
1336
623
1587
143
829
3261
1175
623
75
812
75
623
2892
780
1499
3153
2290
2495
1712
623
1153
2141
847
1455
1022
3022
1619
3029
1456
2333
281
1587
847
2210
2475
1456
2544
2544
1322
58
3022
1322
584
1583
1349
3022
1322
2544
2544
1322
584
584
1456
2812
2528
3422
1565
1826
2679
744
1059
744
3292
2232
744
227
1959
1633
2056
744
227
531
2427
1456
971
481
1560
1560
1712
2312
1823
1055
414
744
227
414
366
744
227
768
1783
283
2931
1175
2724
1622
679
3153
2562
1771
3341
623
2288
397
1150
467
3417
623
3422
2453
2507
2443
3269
521
1456
2340
655
98
2528
1322
2507
2192
110
52
2389
1802
2904
3153
2618
2562
1389
1771
2504
768
744
269
1793
829
3025
2066
1547
509
3189
1539
282
509
687
550
509
181
1715
1501
3166
1456
3220
1456
509
2335
509
1658
2250
2840
395
2054
3110
2288
870
797
1715
32
1624
607
1811
52
2584
3276
2926
467
2288
3292
3422
349
886
3417
2775
2775
715
1624
1455
2794
3111
2618
2892
2618
812
617
812
2892
1384
3292
1573
2887
1349
550
2564
1690
1413
2564
2407
418
453
643
2887
1055
687
524
1081
1336
2105
2823
3207
1837
1684
2105
3152
2085
1573
2887
2407
3235
282
1690
1413
3088
1634
282
160
657
2887
807
3074
2887
160
2806
3074
2665
1489
1633
2704
2668
1336
2105
172
2105
2887
2105
709
2887
1547
1135
366
1547
1389
1384
1135
3292
1154
1826
244
941
2966
2679
2382
2453
859
1342
1456
521
1456
810
1504
1456
1438
1921
2827
765
1326
3076
1456
1456
1055
1583
1456
321
2528
1456
2618
812
465
2490
1389
2704
2828
143
2776
3153
1793
3183
248
961
829
2922
763
1504
870
2076
226
1945
2817
31
962
1370
3386
509
151
2389
2131
1084
399
2532
1683
2704
2528
1391
1093
2331
1814
1167
1814
1926
1926
3422
2880
1391
3292
2775
3292
2775
3292
2775
2225
2532
1683
3377
1080
1504
3313
3261
829
2427
763
399
2532
3313
1456
1456
2311
194
1504
3183
1918
206
2138
2474
2767
2834
2549
1214
1787
2304
812
2892
1384
3292
2618
2892
2618
812
1504
2561
264
3422
510
535
2475
1384
1621
3292
1349
3292
287
1456
810
1504
1456
2499
547
926
206
3200
1059
926
2490
1926
1395
17
2775
2775
3292
1391
1519
2775
3292
1391
1860
2775
1391
2775
1391
3318
2775
1391
2588
2775
3292
2775
3292
2775
3292
3088
2775
1814
227
1095
347
623
2344
1633
365
2556
2298
2288
227
17
227
1705
3153
1542
1074
3111
2377
1918
2288
1150
2714
1150
2714
2616
509
404
1007
281
1542
3085
812
780
281
780
780
2382
1500
3111
2377
623
2892
2618
1213
2507
1303
780
780
1789
1721
3224
1022
1534
227
2761
2539
3147
3253
2466
3022
336
1445
971
2209
780
3147
1534
227
2761
2539
780
3253
2466
3022
1534
227
2761
2539
1303
3261
1456
1288
467
2507
1633
687
1456
829
43
43
43
1456
2408
623
2552
1211
829
1440
829
829
829
3022
829
1416
687
244
3259
623
51
170
2276
829
1416
1416
1624
1575
237
3029
2288
1577
1389
3076
2581
2665
3261
829
2427
1389
2187
2951
281
829
281
2618
2892
281
1389
1199
780
1336
829
1336
706
3111
1669
2032
1190
418
405
1544
1199
1336
1573
2187
2801
493
2288
3278
19
2260
3165
1194
1913
1972
2298
1264
3153
106
3223
542
5
1456
994
962
1389
222
404
1863
2756
2507
886
1863
210
2196
3332
832
542
542
3332
3422
2463
1992
542
1322
2528
2311
1316
3261
1727
2679
3332
2463
1992
542
2679
2951
3135
542
3058
1727
1976
3258
1384
1037
224
2892
564
3258
1322
1793
2425
2382
347
1264
3261
1456
3258
1727
1791
493
227
2207
2891
899
2514
1456
2382
3258
1456
2717
2676
2747
3261
1456
2966
1456
1446
1446
1384
3292
1780
2030
1446
348
3076
1218
2054
1590
712
1203
19
1336
2985
2929
2288
1918
2536
270
3386
2828
584
2741
2112
459
433
1088
1088
368
50
623
221
1336
3111
2408
1456
1446
52
886
3292
462
1771
3446
2311
1030
145
1507
1389
222
404
1863
3183
1926
3292
1322
3292
1322
3292
1322
3292
3292
3292
3292
1064
2138
3292
3292
3292
3292
3292
3292
3228
2593
2593
3228
2593
2593
3228
2593
2593
3228
2593
3228
2593
2593
3228
2593
2593
3228
2593
2593
3228
2593
3228
2593
2593
3228
2593
2593
3228
2593
3228
2593
2593
2593
2820
2593
2820
1721
1633
1721
2593
2593
2593
2593
3253
2593
2820
2489
2199
3253
2820
2820
1721
1633
1721
2820
1336
221
2717
1456
1712
2891
899
1392
623
542
3276
229
1150
2951
1134
2826
2343
2140
321
583
1442
221
1336
687
604
331
2778
3258
1456
928
2298
1264
2244
1456
1587
2806
2288
395
282
1194
636
467
2143
829
467
3258
1150
687
2054
1666
2766
2290
919
2131
3217
3258
2195
136
3217
2539
2536
1456
1791
1863
290
542
1218
509
556
2887
2887
2765
1089
1573
2187
2887
1456
1218
3076
2887
3404
1336
1655
822
799
1336
1960
1336
408
389
1960
3189
3417
366
829
3034
2143
2892
829
1218
914
1199
1970
72
3261
2892
2135
836
509
1389
3076
1375
2290
2778
229
99
2951
1771
1389
3320
99
282
1006
2310
1006
1634
1654
1182
1068
2325
2717
2702
1782
1109
221
4
282
2702
2488
1068
2508
2966
1150
2766
1370
2154
2507
1007
1456
1690
1007
1791
2
2618
2892
2892
886
3292
2043
1007
404
1370
1264
281
2618
829
2490
1007
404
3022
1175
118
2141
1389
2277
282
1097
711
282
3422
3144
2778
2920
1794
2801
221
1471
282
900
2916
2920
1794
3127
1542
1645
2783
536
1336
2268
462
668
282
536
3004
1456
2096
3189
32
2920
1535
3422
687
2282
932
687
1783
2562
1389
1771
1060
2288
2395
2427
1389
2396
2311
1070
881
1145
467
2288
2427
2966
2288
1539
282
531
453
2716
2333
2618
2892
2618
812
221
1336
807
1914
347
687
836
2290
790
2333
2798
2154
1011
2312
2053
1443
584
237
1659
2778
2382
3397
2162
2407
841
1264
1264
2824
467
3110
2140
564
2366
3258
988
2140
564
2366
3258
2778
2366
3258
988
2778
2366
3258
990
2366
3258
2140
564
3110
2288
2242
1958
3261
388
2892
2940
1896
1939
17
1810
399
2532
607
1633
445
584
2995
1809
584
2539
602
1624
612
928
137
2924
1715
584
70
2387
584
1860
584
1336
584
2387
2333
453
281
1705
3422
2588
1074
2635
1456
467
1456
2573
2407
763
453
1607
784
3142
1669
2473
859
264
1615
3258
1456
3064
2255
2029
687
418
989
181
646
2321
3107
399
2532
1194
151
2174
1264
2933
1375
695
1336
467
1781
962
1048
146
536
2910
3076
282
695
1389
2062
282
2043
1336
1199
1873
2485
2421
2288
488
579
1089
1504
687
932
335
3415
584
70
914
584
2443
227
2443
2366
1443
2950
2298
3060
2366
453
3107
2140
884
2298
775
1491
2366
3258
2366
3258
988
1542
1074
3111
1669
1959
459
467
467
2288
2485
2887
2887
2312
467
3246
181
1685
1389
1826
2812
453
3153
2312
1931
1199
1970
1281
3320
281
1389
1199
1970
3206
2892
812
3422
3176
2778
3422
829
1579
2475
2717
829
1060
1768
3337
795
2933
2892
829
498
923
2427
780
2820
3292
1644
1455
33
2585
131
1271
2508
625
3025
637
509
32
1088
2711
1308
2288
264
886
2939
2411
2447
1130
2727
2069
506
618
506
1918
1088
633
1178
1088
633
1178
1088
633
1178
928
1095
2775
1456
358
1389
2645
3276
281
1456
358
1389
3111
101
687
3417
467
3022
2801
3093
3276
1790
2801
3417
550
2801
550
1456
1294
2333
1383
2333
2333
2333
2333
2333
2333
2333
2333
2333
2333
2333
2333
2333
2333
2333
2333
1294
2333
1383
1456
1507
1715
521
2007
1793
797
2834
2455
1135
391
877
3110
2054
465
3076
530
3274
1175
2131
2288
131
1398
836
3422
2588
1389
2054
3159
3276
1264
1456
281
1389
780
1322
552
459
1322
453
1410
552
3111
3159
2383
3085
812
780
2931
1793
1264
2257
2698
122
3269
2955
326
500
229
868
828
3292
1030
3046
1542
655
1060
932
2311
2427
1083
237
2250
382
2645
2994
1704
1375
2311
2165
132
1389
65
2311
1281
3048
2427
65
2311
2920
2475
150
3111
2159
1375
1254
1389
1328
2974
1281
2165
3430
3371
3430
2311
1281
3421
625
2770
1850
625
3422
2165
132
509
668
35
625
2215
2768
2311
2165
132
1389
65
2311
1281
3048
2427
65
2311
2920
2475
150
3111
2159
281
2618
2892
2618
812
1264
795
2507
2790
3023
2933
1389
1976
2889
1089
2508
1970
1336
282
1462
855
2889
1089
2131
2145
281
780
3111
3159
3085
812
780
1926
3292
144
3292
144
3292
144
3292
144
3292
144
3292
144
3292
144
3292
144
3292
144
3292
144
3292
144
3292
144
3292
144
3292
144
3292
144
3292
144
3292
144
1542
2427
2438
237
3029
1389
2922
3186
2362
1629
148
2455
2083
1809
889
668
1445
2716
2393
2165
706
282
115
2086
2887
2165
1864
2290
769
148
1006
2043
2756
2528
2302
1976
905
3170
3276
703
1669
1389
926
2029
1483
1483
1389
926
3341
224
1652
2916
2207
621
2588
1389
1375
3422
2588
1389
2677
2933
2528
2677
1819
2528
1455
926
1791
2
3261
829
2167
1504
3364
2473
83
1918
1548
2142
834
2388
1288
2415
2288
2288
1909
1389
3389
3076
621
1504
3364
1755
1829
1456
3248
1578
1456
3258
1322
1926
1088
3258
1322
3258
1322
703
703
1926
1088
3258
156
1926
1088
3258
1926
1088
3292
1322
1926
1088
1327
3292
3292
3292
3292
1064
2138
3292
1809
3292
3292
1809
3292
3292
3292
3292
144
3292
1064
3106
2138
3292
1809
3292
3292
1809
3292
3292
3292
3292
144
3292
3292
3292
3292
144
3292
1327
3292
3292
1336
687
621
3199
1389
1483
54
1389
281
607
1811
867
3377
281
2618
2892
2618
812
3439
2528
2650
3112
3036
1281
2562
1771
869
2427
1690
1389
1346
1346
467
366
3417
467
3417
1868
2616
2829
1346
1389
237
467
2288
70
3417
510
287
797
550
1683
2288
2288
3023
1456
1622
488
1456
336
23
550
832
2557
550
1456
1622
227
1622
1926
1338
1622
1622
1622
1622
1622
1622
1622
1456
869
23
23
2340
3349
2461
226
1860
2826
33
2528
2288
2564
550
2288
2335
3215
2509
550
1683
1175
17
1017
272
2409
2758
2288
2564
1690
2288
3292
1346
279
1472
2026
3063
1504
3023
550
17
1349
2288
617
812
1698
1384
3292
3093
2557
2539
812
2892
1384
3292
3093
2557
2539
617
812
1698
1384
3292
674
1322
3358
812
2892
1384
3292
674
1322
3358
3022
264
1456
2983
829
1218
1052
829
1175
2348
898
2605
19
2685
2427
45
2201
2083
587
50
818
886
3292
2985
509
61
2920
2778
2920
118
3393
509
426
1542
2053
3189
3054
2288
264
829
3110
264
2288
76
53
1542
1264
3111
2369
687
611
808
1573
1349
3439
2983
2806
2775
3183
1252
1624
808
1573
1349
1456
52
1349
2761
618
2223
2571
3111
617
812
2892
1384
3292
453
1308
2222
1322
1322
1446
2288
3320
1322
52
100
1322
453
1224
1041
453
1308
2222
886
966
1308
1308
2222
2242
1322
1322
1446
2777
1224
3259
1326
219
886
1308
1582
840
2435
1793
1150
2288
2951
2685
3422
707
795
2839
2616
933
617
812
2892
1384
3292
3112
1224
1041
1542
2043
50
2926
2288
536
1336
1089
2508
2288
2312
2288
467
1219
859
1336
282
181
53
1587
281
1389
1199
1191
780
3382
3107
1639
1045
1068
1976
3029
3012
1175
3422
318
1976
2311
3189
3417
1658
536
1336
75
1587
780
3111
812
780
281
1089
2508
99
780
3111
3159
1624
1455
1558
32
3189
3276
3159
1175
1793
881
607
881
1022
1322
881
2811
1155
719
881
3261
1727
1455
1793
2187
1322
2381
2951
1322
396
881
3111
2806
2312
2288
2812
1322
3076
1060
829
2778
2007
829
829
632
3422
467
1384
1621
3292
1349
3292
2645
1106
1877
1150
1135
607
1582
2951
472
2382
789
1504
3364
2047
932
2679
3417
3320
32
2043
510
1070
3111
1624
131
3276
264
1456
1218
1456
227
1435
227
1322
2833
227
1322
3134
3143
2588
2685
227
2685
227
227
118
282
2535
2535
2535
2535
227
227
1042
272
17
3162
2535
227
1042
272
17
3162
2535
3086
2222
227
1042
272
17
3162
225
227
1042
1718
1260
3162
227
1042
1277
1260
3162
227
2588
1456
991
2535
2778
487
368
2562
17
3379
1462
2535
785
1598
3182
2535
17
1031
459
987
1456
3156
1416
2616
2779
2535
1456
2288
2966
1717
2801
3417
2839
1167
160
886
3417
2288
2470
886
3417
2470
17
1440
17
743
1264
281
780
3133
780
467
414
780
3265
3339
780
2646
1455
3314
617
2490
3022
1771
3111
2377
2941
3269
521
1327
3115
1455
74
467
227
76
655
3153
599
2889
1089
3115
630
3422
3021
1970
134
2279
1175
2539
2288
832
1175
2539
248
1715
17
17
743
2889
1089
3115
3422
1970
630
1455
521
2388
1336
521
886
3417
1455
3133
1912
2675
1089
3115
1690
2465
1659
608
2719
1412
2600
2315
1336
1089
3115
1412
1583
829
1089
3115
1786
1089
2508
1089
2414
115
2230
2333
3086
829
1089
2508
1089
2414
115
2230
3086
3086
829
650
1455
2230
1848
1455
115
829
599
2230
1848
115
2731
2451
1412
1178
633
1412
2685
1089
3115
366
1412
829
1633
837
1744
2465
467
852
617
812
2892
1384
3292
1684
493
1809
617
812
2892
1384
3292
3093
2113
812
2892
1384
3292
2704
530
467
812
2892
1384
3292
1684
493
1809
75
623
2892
886
3292
1817
509
1503
1194
1456
3422
281
459
2974
623
2704
1708
2618
3269
2323
349
167
1499
396
267
3193
1384
1012
3292
2940
2892
3292
3211
2704
2596
2618
617
812
2892
1384
3292
2704
1708
2596
501
838
2116
2618
2704
2618
1194
2704
2596
2618
2704
1708
2618
2704
1826
838
2116
1826
984
885
2618
2892
1264
1416
584
2618
248
1416
2618
248
17
2618
248
616
1088
625
2618
2104
1096
2527
2618
2104
856
681
2618
2029
3112
2344
1507
2196
248
2618
248
1088
625
2618
2704
1088
2618
2704
388
3079
1088
1708
2618
453
2618
2043
281
2618
2704
388
3079
2618
248
2618
932
3111
143
2951
1389
2933
1389
2013
1389
1605
2455
1327
2661
1327
2193
32
795
844
2956
17
1638
1974
1638
1974
467
2311
807
1327
33
1336
58
50
1070
1135
2288
3076
2833
2951
32
221
1806
3422
349
2536
75
3186
1715
1456
1456
177
914
1615
1389
281
3241
881
1389
780
224
795
3400
509
3111
2383
1638
1974
2221
1456
550
1294
2333
1383
1456
1638
1974
2724
1187
3223
2887
1594
3404
2001
550
2455
419
2507
1916
2453
2455
419
2288
1972
2704
1456
1456
3277
2288
2455
2563
621
3254
1064
898
2290
1316
1064
3277
1972
453
1264
3206
2892
812
2382
1500
3111
2377
3124
281
780
2407
2457
2605
94
749
1727
1558
2776
1456
1587
2618
2892
2618
812
1587
763
2778
115
3327
884
2492
221
779
1336
2562
54
2378
1941
708
258
2766
837
584
1455
2907
1022
1478
1064
12
242
2907
1022
404
2509
3261
1089
1327
3310
1281
1138
258
1456
372
3219
2887
1456
981
3228
3228
584
1456
23
2389
2597
1633
1684
2443
1633
795
790
2043
3111
435
1504
72
1281
2562
1771
812
2288
886
966
975
467
3417
3074
1523
1064
628
981
3176
795
628
814
2907
3036
2423
1260
2
1089
2508
285
726
981
2907
2549
1245
3228
3292
981
3124
749
2776
763
981
1095
1089
2508
628
2168
1692
981
2907
2473
2966
1500
2963
2453
2304
3228
858
2337
2655
1807
3228
780
1969
1633
2492
72
1095
3292
981
175
423
2741
2705
2392
1587
1097
1146
2298
2104
1102
2812
2668
1456
1542
1455
2605
2407
1089
2508
2605
1089
99
1456
2415
1089
2840
1095
3228
3153
2933
414
3261
550
2544
414
698
2907
2756
1456
3228
3228
224
1456
222
2907
1022
252
2756
1456
1690
2668
1456
1539
1633
2798
2907
844
282
633
1959
837
841
3228
1030
3142
2668
2503
3143
1104
1104
2983
3189
2288
2717
1585
2966
3236
847
2588
530
3422
3111
1375
3276
1308
1794
1219
932
33
509
3422
2985
1150
509
509
1203
403
2148
3422
2985
77
2443
1669
1264
1483
3074
35
1375
3111
2455
1483
1585
1402
3422
1573
509
2433
3276
1030
1573
509
2778
1483
1585
2778
1585
1542
1587
2618
829
2618
829
2704
433
617
1571
1582
433
2081
1003
3152
2618
829
3422
2724
671
617
248
2517
3422
2321
274
1306
1389
230
281
3307
1504
2325
519
2290
1264
395
2504
467
2288
19
2290
3422
2150
1293
3361
745
1455
521
536
227
1384
1338
2427
237
3029
227
1389
2407
2563
1573
1158
32
227
99
1590
509
634
35
589
226
2396
1813
3310
509
1561
1590
758
3422
1590
662
282
2288
3260
3167
227
139
2288
366
1455
1715
1110
509
1573
1539
1403
2787
3093
2255
2562
1226
3199
2207
2985
2073
1590
19
2985
2207
1322
3417
932
2985
1175
2112
1305
1226
2548
417
2983
1059
3341
3422
2288
2652
2129
1156
3022
1226
836
2290
1590
509
528
1322
221
625
515
1322
221
142
2756
2778
1573
509
356
32
886
2121
2778
1402
966
2760
2547
54
2766
926
1038
1683
368
282
1150
368
336
512
955
2186
625
781
226
795
1641
2425
1504
625
282
232
1614
1890
17
1089
1322
711
1763
3027
242
227
2148
285
1763
837
509
270
1715
509
23
221
2404
687
1763
21
509
3313
1150
509
2288
917
836
2382
625
2404
2027
35
221
2945
1068
2508
3217
35
2840
1763
837
282
2778
628
973
3393
35
1342
1590
509
2547
1455
2012
3199
35
335
1539
744
2290
282
35
335
3136
1809
1960
509
2985
3314
2311
51
1857
1359
35
282
876
408
3235
2084
3021
35
3021
1590
1490
3337
841
2044
2290
708
3325
509
2675
3235
35
281
2054
2665
409
509
282
1793
3079
282
409
1336
2415
1175
3110
56
2288
2288
586
3417
281
347
687
2887
1322
2778
1336
706
2333
146
2536
3277
1793
1089
2508
1264
623
229
1389
2660
99
3261
241
1030
2588
2588
3422
599
1537
1502
1542
1030
3422
766
2705
923
560
2116
1455
264
2060
1669
144
2084
2549
2624
1030
949
579
1429
579
282
560
2504
1454
227
795
1306
3417
2978
1014
3417
326
2544
2977
3337
560
336
1284
623
2195
1542
1264
1808
1281
2731
144
2084
1248
144
2084
3099
687
623
944
2892
829
1281
144
639
1281
676
2504
3175
617
884
1018
372
1959
3110
550
2588
2588
227
962
1469
962
3422
281
623
229
719
1941
3314
2215
144
2557
2778
1000
23
144
23
2195
2588
1633
1366
1542
1366
2539
2021
144
23
2778
2812
2601
1633
2290
84
1648
623
75
1547
1959
3110
2288
550
1371
950
1223
3153
1264
1389
623
832
1442
688
3153
1281
560
1226
284
2876
3267
1562
889
2105
84
3261
829
144
2084
2290
1788
144
2084
1281
1717
1384
3432
1324
251
3171
2742
2742
2288
2742
1587
812
780
2418
3104
561
1338
1281
2549
3167
3179
2519
1031
2731
3409
105
366
1389
72
2524
3422
3274
3111
2369
3022
2043
3111
1264
3297
32
2288
227
562
509
1187
2507
708
1349
550
509
795
18
1456
17
1349
550
509
2407
1152
3261
1322
32
3021
1088
2933
479
1088
270
2537
2207
2778
509
2764
1539
1715
105
1715
3422
318
3029
604
2933
1389
2143
366
453
32
227
562
832
904
1999
270
318
3029
2564
1281
1793
1152
3022
1583
2564
2043
2507
1389
2564
509
1403
536
608
1932
608
2198
1215
1881
1088
536
881
3006
1789
2564
2187
1049
1496
1863
1264
3227
3084
617
812
2892
1384
3292
2679
2576
2473
2108
3293
1041
75
623
535
1745
3111
326
3444
1411
267
3261
829
1621
777
2528
2528
779
641
3352
676
2290
54
316
676
3292
535
779
2738
316
966
407
1701
2075
2775
2015
779
2724
2065
966
407
1701
2075
2775
1504
2290
2937
2065
966
407
1701
2075
1973
2015
886
777
1621
886
246
164
41
1669
316
1336
1391
3111
2043
2645
341
2766
2242
396
2312
3111
246
164
1504
341
802
2427
485
2043
3422
2427
3171
829
1692
1481
433
604
1786
2597
521
604
1249
318
2535
17
1778
3210
2649
518
2778
326
84
72
1081
1778
2776
709
623
1292
3366
709
453
3023
1857
3022
2535
17
2704
623
3194
3263
1389
1455
897
2562
2535
17
1097
897
2562
2396
1249
914
1645
17
2535
518
2288
2577
2577
518
1712
518
1000
256
518
527
2298
2245
1455
518
3422
2245
1426
282
17
1336
2245
3422
3269
1455
521
2174
3022
518
1000
3158
2535
368
1786
2535
368
2966
2288
272
2535
3261
2940
2245
428
3313
445
2535
714
52
2232
264
2597
2311
2673
2655
2407
3007
598
1778
2192
2245
1585
2916
282
2244
1793
2389
1030
1504
2801
2174
3022
282
210
518
3158
2174
3022
2535
1249
3422
2244
1455
1410
3153
1110
2244
1456
2174
3022
2535
17
2032
709
834
3313
2704
2776
808
282
1249
453
1587
3206
886
3292
812
886
3292
2892
81
1793
52
282
368
1826
2844
2892
829
2007
3111
3422
766
1711
32
2340
1030
2013
1727
2977
1690
2382
3060
3261
518
969
687
264
1456
1357
2933
847
799
366
372
837
2053
671
518
282
368
454
2778
2798
3022
2245
1844
914
1456
186
531
1042
272
17
584
3086
186
1456
1504
2561
3067
1030
1853
2245
2940
459
1456
2940
1456
1826
799
1598
267
1778
768
2776
3282
2776
1587
1456
287
2665
2940
799
408
2232
1778
2054
1264
1080
1532
2406
2083
1809
1778
2649
186
2776
418
2940
2194
2201
418
318
1793
52
281
2820
884
3194
1587
3206
886
3292
812
886
3292
2892
2311
521
241
1030
932
1389
812
1030
971
2155
1456
3022
414
1633
2304
1572
531
481
969
3022
3162
186
186
531
1042
272
17
186
531
2588
2229
1633
3111
2029
886
3292
2250
687
1793
1455
1768
2244
1456
1249
2597
1175
1633
1712
1249
1389
281
617
2564
433
2564
2245
1585
477
186
2564
604
1786
2597
521
2564
2778
3269
521
808
487
2535
3022
1249
3422
433
2535
368
518
3124
2704
1407
487
2535
709
453
2977
17
988
3199
1055
518
3199
3199
1972
912
2225
988
3199
3222
2535
17
2687
1260
2845
3199
1110
1260
1042
2714
709
453
282
272
3156
2472
2245
3422
1455
2245
1718
210
988
3199
2564
604
1249
318
2535
17
2564
2645
335
2535
487
2535
780
2564
1778
3210
2649
518
2778
623
2564
1972
121
3260
1249
433
433
518
859
2535
17
2245
1840
2245
1840
871
1226
2427
2588
2645
127
453
227
227
584
1456
1030
2528
2650
584
282
2509
2761
227
1261
1150
227
227
836
2201
2904
453
466
321
227
2761
2618
812
2618
2892
1333
2650
663
1059
2761
2616
227
2290
2436
584
1455
3314
2563
2679
583
608
546
3356
1333
2528
2312
917
994
1336
2474
3377
1826
221
221
1336
1030
3235
1827
1472
546
1445
3314
1308
2320
546
1445
795
1607
608
2254
530
418
1445
1281
1693
1308
1794
2208
583
583
530
2357
583
944
154
546
2054
1174
904
2539
1264
1507
3206
886
3292
2892
886
3292
812
546
583
3111
2377
2490
3402
2509
282
1322
2544
1022
795
1322
17
2536
281
886
3292
797
321
3134
1455
121
349
1281
1296
966
3079
2775
2288
2778
3211
2760
3422
3189
676
1226
1154
5
3211
1456
2778
2685
2778
2685
2778
2685
2048
2778
2685
509
2778
3292
2778
3292
2778
3292
2778
1926
3292
1644
2778
3292
2778
3292
2778
3292
2778
3292
705
2778
3292
2778
3292
2778
2685
1391
2447
32
2404
509
2876
3292
1644
1959
1438
3043
3043
829
780
2447
3292
3292
1944
633
1178
509
509
509
509
509
509
633
509
1178
509
477
36
509
509
509
509
477
2320
509
36
509
477
509
3261
3261
1178
3261
3261
633
509
509
509
509
509
509
509
509
509
509
1926
743
3261
509
1926
743
554
3261
509
1926
743
3261
509
1926
743
554
3261
509
1178
633
749
1926
744
1926
749
625
749
3199
1809
2447
2447
2528
2270
509
3221
611
1333
1633
1940
966
2966
1715
1391
719
2333
2685
1341
3211
2528
1341
719
2333
1333
1633
1940
966
2966
1715
1088
477
1088
488
2876
227
584
1088
2982
3029
676
388
1088
2982
3029
676
388
467
2333
227
481
227
481
227
227
255
3211
2528
2528
227
2761
1942
908
2683
518
518
227
227
3211
1753
829
881
2948
886
16
2948
2948
2854
2854
714
1753
829
881
2948
886
16
2948
2948
2854
2854
714
2215
282
3211
282
3211
3211
3211
282
529
282
529
584
518
282
282
282
529
550
282
282
282
1976
2616
3189
2704
3079
2427
237
3029
1389
2499
547
623
3252
2640
2892
760
2717
2131
3153
1455
417
1999
1587
1909
2711
509
1308
1794
509
2089
744
829
2778
3153
1456
2276
2140
1615
1918
886
3292
2892
564
3292
881
2742
2742
1678
2742
368
2669
1852
2828
3153
2311
2343
3022
881
881
2255
917
433
2343
2616
2508
884
414
1264
1847
2098
802
2112
3406
899
625
2563
210
933
933
2212
928
2250
701
99
241
325
35
899
3314
2290
625
933
2507
832
326
3406
1182
3004
933
335
509
684
625
2302
2131
2507
2192
838
2302
552
899
625
1456
422
899
625
2302
562
2705
292
282
281
933
3206
2892
812
1587
362
1500
3111
2377
281
2475
1060
829
932
2438
829
829
2438
1375
2290
467
1336
1879
1455
829
535
2427
501
1336
829
535
3422
3022
1456
227
282
1456
2013
1504
640
1771
1389
2427
2201
1249
1809
1150
2207
1389
237
221
1336
1375
3111
3444
2427
324
923
1678
829
1455
380
994
2951
1863
221
932
2605
3076
1182
1587
780
143
881
1135
1030
836
564
3189
1194
2951
1375
50
961
1771
509
1389
3341
2312
1336
50
2499
617
1587
467
780
3171
3067
687
1644
2776
1583
1150
3422
467
1384
1621
3292
1349
3292
396
264
932
829
2427
2427
570
971
3292
1322
1333
1853
1322
1322
3111
50
3344
2436
3422
535
2475
1732
709
1169
829
3314
829
632
2353
2652
2054
3422
3277
1550
1633
1815
3422
2588
1389
3422
3274
1455
3314
2167
797
1715
283
335
1860
829
632
2257
2257
287
1783
225
2475
467
3341
2312
797
1715
2760
1030
281
829
1598
3110
3110
2312
829
3422
2475
1384
1621
3292
1349
3292
50
2433
2148
1112
467
2856
282
1336
814
2776
1456
2288
1178
633
1336
227
481
1336
227
227
2588
227
584
608
2249
1336
1178
633
608
584
1336
584
608
1336
1336
1336
584
227
282
227
1336
282
1622
1336
282
584
1456
3274
2731
584
795
481
617
812
1698
1384
3292
2616
776
3239
281
3292
3111
3159
617
812
1698
1384
3292
281
881
1389
2062
509
101
776
812
2892
1384
3292
281
881
1389
2062
509
101
776
3153
1174
623
535
229
1322
17
881
1745
2626
35
1793
3004
3223
2603
623
54
2512
1590
888
836
2657
2920
1794
1573
904
35
2330
1282
2455
2977
2499
617
1587
881
194
3320
1587
780
2645
467
2312
2438
829
604
1587
2892
2288
237
281
780
1423
1587
812
780
704
1587
2783
396
900
1615
1918
1456
625
881
2839
1456
1641
267
3313
2143
396
881
1633
1633
1380
2054
3111
2983
3314
396
933
1322
904
625
2985
2007
3366
780
1587
812
2820
884
453
1587
812
281
780
780
2288
2760
1219
1826
2104
3356
3422
1367
3266
2054
3153
99
2550
2618
2892
2618
812
2043
814
1160
952
1952
570
3417
2288
1456
785
2288
611
1312
1312
404
321
833
321
833
952
1456
2555
3383
321
785
1133
3181
952
20
3211
1678
2054
2728
1644
1652
3111
1457
3422
1456
1456
509
2104
1030
2195
3356
2685
2550
2618
2892
2618
812
1504
2778
1497
829
2778
829
1868
1579
2616
1582
366
1389
3241
1150
1135
3382
453
1375
1583
829
2435
259
829
3292
1327
1926
1926
3258
988
2104
3258
988
3258
988
3258
988
3258
988
3258
988
2724
2724
2724
3292
3382
146
3292
144
3292
144
3292
144
3292
705
3292
705
3292
1327
3292
1064
3106
2138
3106
3292
3292
3292
3292
3292
3292
1959
2288
481
2645
1455
926
2528
2650
1140
795
281
2618
2892
3192
1037
1402
1219
3261
1402
2961
1472
3311
3302
1347
3227
19
3114
1308
1794
1794
1793
1336
221
1216
282
2645
349
1558
1455
3276
1652
3439
451
2616
2475
509
2148
2938
751
528
3325
509
227
1389
1336
3320
2973
2187
2887
2704
32
1203
751
832
509
1336
509
281
2618
2892
2618
812
1875
1437
535
2640
287
467
467
2044
2872
2528
118
2288
32
2528
2310
227
50
2507
2839
2557
1357
2290
2539
3153
1892
546
881
35
51
1156
356
2507
3093
3074
2705
2966
2839
1456
1456
807
2839
1456
1456
1853
1478
2916
2288
1308
1794
2618
2892
2618
812
611
226
1437
510
666
1384
2121
3292
3422
1287
829
1384
1621
3292
1349
3292
535
2834
2044
1456
1219
1308
1456
531
481
531
118
1456
2290
349
923
2290
2746
2427
2920
3137
2288
611
2951
1322
2839
687
3189
1322
2839
1281
1666
1587
2895
1887
1809
501
795
1134
501
1417
241
2892
3112
35
3422
2985
2298
2679
714
1590
509
3422
1573
509
2778
2920
2021
1322
219
2435
552
1308
509
1264
1659
1194
318
889
52
552
1349
3400
368
2920
467
886
3292
900
2778
389
1034
3110
1017
3079
1429
84
349
281
780
1928
1089
3079
2115
2288
