1,0.0198151,0.470277,0.323646,0.0171731,0.110964,0.0581242,1,Bug-c17d7d02-ca33-4dd4-bb3e-726195d7785f,1410837920932
2,0.297323,0.115679,0.232314,0.0200765,0.309751,0.0248566,4,Bug-71d60591-9190-41af-97f2-86d05ccc77ed,1249433559988
3,0.047619,0.333333,0.380952,0.047619,0.142857,0.047619,2,Bug-4bea84d3-6d62-45f0-a777-0fa3b572ef8a,1397040809521
4,0.722892,0.144578,0.060241,0.0481928,0.0120482,0.0120482,0,Bug-95dbb9e0-45c7-4028-aa34-fb096e08d825,1356686566919
5,0.661765,0.279412,0.0147059,0.0147059,0.0147059,0.0147059,0,Bug-6442b914-1f04-4150-b6ec-13125bd92740,1328743879193
6,0.0408719,0.0027248,0.520436,0.381471,0.0299728,0.0245232,2,Bug-5d26ad97-8fa8-41a5-bdee-880abcfa4ecd,1382062371349
7,0.166811,0.529105,0.0434405,0.00347524,0.230235,0.0269331,1,Bug-0b4cde46-4b26-45dd-b36e-d864199409ba,1334693212065
8,0.210345,0.706897,0.0689655,0.00689655,0.00344828,0.00344828,1,Bug-483ba06f-296a-4758-84fe-b85d8d058b7b,1392391898196
9,0.0165289,0.00206612,0.0950413,0.570248,0.0268595,0.289256,3,Bug-0b450bb4-23f1-43c4-ad2d-79ea3f48716b,1391733874284
10,0.135135,0.027027,0.405405,0.027027,0.162162,0.243243,2,Bug-8209625d-611d-41f8-8108-da8f9779f6e8,1363349178648
11,0.109023,0.834586,0.0037594,0.0037594,0.0075188,0.0413534,1,Bug-2510dc31-5105-4c4f-a75b-15117b45bd58,1367972215108
12,0.45,0.0366667,0.0466667,0.0766667,0.386667,0.00333333,0,Bug-ea464123-6b95-4b4e-8078-9619895d414c,1349842612090
13,0.0625,0.0625,0.375,0.0625,0.375,0.0625,2,Bug-51cbeaf1-1100-4050-9247-349d7324b55a,1401057785711
14,0.593023,0.0465116,0.139535,0.0116279,0.197674,0.0116279,0,Bug-96fb7313-2126-4cf6-841c-f043f2d2ec36,1358379415756
15,0.14652,0.813187,0.029304,0.003663,0.003663,0.003663,1,Bug-d662d535-b210-4c02-8ab3-9aedbace5143,1362245595748
16,0.219355,0.529032,0.2,0.0107527,0.0193548,0.0215054,1,Bug-65baaa7d-46c6-4bd2-8c56-0eb3c6661ceb,1350124140114
17,0.25,0.0884146,0.179878,0.00304878,0.466463,0.0121951,4,Bug-5c54074d-29ed-4c66-a833-e5488244d901,1383554867389
18,0.0749432,0.611658,0.01514,0.177896,0.0643452,0.0560182,1,Bug-074338b4-527b-4832-b2cc-800613e112f8,1382904553189
19,0.00921659,0.903226,0.00460829,0.00460829,0.0737327,0.00460829,1,Bug-f52c4975-fe31-4d7d-af33-c3ccd3243f70,1345778047651
20,0.425641,0.564103,0.0025641,0.0025641,0.0025641,0.0025641,1,Bug-d241d3fd-dca9-4a17-8946-939008783ea8,1409242982937
21,0.0897959,0.812245,0.00408163,0.077551,0.00408163,0.0122449,1,Bug-eda01854-bf2b-4823-b205-83ceaea8c33b,1296163326611
22,0.153846,0.230769,0.5,0.0384615,0.0384615,0.0384615,2,Bug-439208a4-620f-4ad1-bdf1-2a12e3656499,1380150832544
23,0.0681818,0.598485,0.0852273,0.00189394,0.244318,0.00189394,1,Bug-69d37652-bda7-4cb0-97b3-8d85938409e3,1364262434937
24,0.0189959,0.823609,0.0325645,0.118046,0.00135685,0.00542741,1,Bug-2171cd12-2b10-4731-a840-b0b3f218834b,1389052824394
25,0.0739645,0.0325444,0.189349,0.33432,0.0384615,0.331361,3,Bug-cde019b5-c697-4255-aaff-9152618f1f5d,1256940377317
26,0.0333333,0.0111111,0.655556,0.0555556,0.0111111,0.233333,2,Bug-dba4b87a-8483-4f2d-8087-5d634edd4891,1398876647583
27,0.0344828,0.0344828,0.137931,0.62069,0.0344828,0.137931,3,Bug-5582a94a-dfec-4610-be47-083d39368b73,1393940917470
28,0.025641,0.025641,0.384615,0.179487,0.025641,0.358974,2,Bug-7fda2f05-c2ce-4593-84ab-9d5ac8595af4,1397702762698
29,0.0255319,0.714894,0.0425532,0.00425532,0.208511,0.00425532,1,Bug-22f3d5c0-c6af-45b9-b24c-facff56d17f5,1382720706571
30,0.0111111,0.366667,0.111111,0.0444444,0.444444,0.0222222,4,Bug-1cdcb4d5-d463-4b1d-9792-19e5768eafac,1346283706396
31,0.0328542,0.815195,0.0123203,0.00205339,0.13347,0.00410678,1,Bug-880378e8-fcec-4d13-a24b-0403a5ec1884,1405720476875
32,0.0909091,0.693939,0.0484848,0.0151515,0.0242424,0.127273,1,Bug-0b2a4c52-15b0-48da-b5b2-6acc20b0226e,1382353928209
33,0.0666667,0.0666667,0.666667,0.0666667,0.0666667,0.0666667,2,Bug-b51779f2-1580-4872-a73f-99bd1d21ed57,1366696878711
34,0.2,0.0444444,0.288889,0.333333,0.0444444,0.0888889,3,Bug-ee836732-9d55-4545-9f35-2a3b04be1aef,1378143793918
35,0.0493827,0.00617284,0.271605,0.135802,0.00308642,0.533951,5,Bug-3d5b8f1d-dd44-44c8-9cab-90415e594882,1394879309823
36,0.163673,0.796407,0.00199601,0.00598802,0.00598802,0.0259481,1,Bug-a242bd06-65f9-42a7-a49a-acb94f7f23d6,1378672930008
37,0.188679,0.255896,0.339623,0.0483491,0.0176887,0.149764,2,Bug-bc0f9eb4-8702-4867-9148-113a9ab0bab6,1363908322996
38,0.0833333,0.0833333,0.0833333,0.25,0.416667,0.0833333,4,Bug-5485d070-9f49-4463-887c-24c4968f1c02,1354907945150
39,0.118343,0.718935,0.0739645,0.0384615,0.0207101,0.0295858,1,Bug-e628fa25-f350-4d03-856a-b4fca945ed14,1405501227627
40,0.458333,0.291667,0.125,0.0416667,0.0416667,0.0416667,0,Bug-714529f6-6509-4f2e-bb9e-e9acc4244b7e,1393373389780
41,0.102649,0.642384,0.0629139,0.0231788,0.0761589,0.0927152,1,Bug-222fcde9-8f44-44c6-a014-843d9e88cd62,1394072812172
42,0.0765027,0.0382514,0.415301,0.251366,0.0327869,0.185792,2,Bug-954d5abf-b3fb-4872-a470-0595f0be1c4b,1407763769587
43,0.125683,0.00546448,0.803279,0.00546448,0.00546448,0.0546448,2,Bug-ede3a093-4cf7-483c-a3e8-de00a3f51006,1410846016421
44,0.0206379,0.795497,0.0637899,0.0637899,0.0356473,0.0206379,1,Bug-4a196175-3b0d-4043-95d1-d0d2cbc8dc0b,1357233005435
45,0.193634,0.594164,0.0954907,0.0159151,0.0981432,0.00265252,1,Bug-5e8f0cba-549e-4d7f-8d39-1fc0566046b9,1370934305237
46,0.698413,0.238095,0.0126984,0.0031746,0.0444444,0.0031746,0,Bug-abfe3797-504c-42c5-9cac-b2d1cbbe6cfe,1349929002166
47,0.0493827,0.921811,0.00411523,0.00823045,0.0123457,0.00411523,1,Bug-db93b0c4-13a8-4e39-afd9-cdfb19499e72,1367996252448
48,0.470588,0.147059,0.0735294,0.0882353,0.0147059,0.205882,0,Bug-276ed065-5ca3-4280-9272-a397159b5d02,1397515591087
49,0.14126,0.00203252,0.606707,0.135163,0.109756,0.0050813,2,Bug-3b74c6e0-c9f3-4450-942e-2d5f6fbfd52d,1346250214507
50,0.629139,0.0728477,0.218543,0.00662252,0.00662252,0.0662252,0,Bug-843d667b-636a-493c-a83c-5ae6ec71b3ee,1376752783126
51,0.151515,0.030303,0.242424,0.363636,0.030303,0.181818,3,Bug-dad9aeb1-318d-45f4-944f-fc697eba9f67,1387323085176
52,0.627119,0.0847458,0.237288,0.0169492,0.0169492,0.0169492,0,Bug-548c7943-9a6d-4efb-9b47-5a2a0f2036f4,1389395781397
53,0.752688,0.0860215,0.0645161,0.0752688,0.0107527,0.0107527,0,Bug-acbc6f84-a2a3-421e-8299-aa8663def685,1360374317925
54,0.232258,0.48129,0.0580645,0.0348387,0.171613,0.0219355,1,Bug-5c0ce3db-7c7f-47a8-91ee-289c437409ce,1383256627796
55,0.154345,0.559014,0.110246,0.0881971,0.0869001,0.00129702,1,Bug-3133c25d-37ca-470b-989a-4aba7fdeffad,1381260475640
56,0.386555,0.0966387,0.491597,0.00420168,0.00420168,0.0168067,2,Bug-b7b0f9e6-68dd-4494-90d2-9569ee557fb8,1373021085520
57,0.142857,0.792857,0.0321429,0.00714286,0.00714286,0.0178571,1,Bug-f64c3039-8e1c-454e-8b9e-03fdf680ff1f,1361790150209
58,0.00615385,0.726154,0.0338462,0.0153846,0.215385,0.00307692,1,Bug-3af39a15-7452-442a-bd00-cb84cdfb454c,1386101462817
59,0.323077,0.293706,0.223776,0.0601399,0.0657343,0.0335664,0,Bug-e0618683-d254-4aee-9c1c-19f0dcdd01f0,1390495017929
60,0.173333,0.686667,0.00333333,0.05,0.0833333,0.00333333,1,Bug-3c93478c-d6e3-40fc-b1f8-62bb3edf4d3c,1347600346813
61,0.0528169,0.792254,0.0246479,0.0915493,0.00352113,0.0352113,1,Bug-d756e272-0370-47f0-8f7f-34a6c235386a,1294948180473
62,0.607143,0.0357143,0.0357143,0.25,0.0357143,0.0357143,0,Bug-7e612e2e-c459-4e92-a3e9-6b1980c30262,1359161861328
63,0.0952381,0.0761905,0.0666667,0.0380952,0.714286,0.00952381,4,Bug-9c07a4f0-1206-4357-831d-317fd6da30d1,1395376868879
64,0.0571429,0.047619,0.752381,0.104762,0.00952381,0.0285714,2,Bug-e99a510b-dce9-4fbc-9806-b17bb9915282,1344273216621
65,0.290576,0.455497,0.078534,0.0078534,0.065445,0.102094,1,Bug-809ee8de-b5a1-46e0-a70f-c963fa28542c,1383288540614
66,0.0520446,0.739777,0.0148699,0.00371747,0.163569,0.0260223,1,Bug-8c2e24d4-eb29-4be2-9b5a-dc488437bcc3,1318972812473
67,0.181818,0.376623,0.0649351,0.012987,0.320346,0.04329,1,Bug-9af9a759-7693-4ebd-95d9-781549bee2fd,1395255635305
68,0.0242291,0.00220264,0.634361,0.0550661,0.00440529,0.279736,2,Bug-a2ba79a6-1362-488a-beb0-91a27a59db69,1272607781951
69,0.0126582,0.860759,0.0253165,0.0253165,0.0632911,0.0126582,1,Bug-161260f6-2344-4e88-b5f9-c0b8686d2c94,1375198437039
70,0.101955,0.0181564,0.782123,0.0446927,0.00139665,0.051676,2,Bug-10a35f79-3534-4240-b15c-90e7d9dfaa18,1362679941512
71,0.157407,0.333333,0.00925926,0.0277778,0.407407,0.0648148,4,Bug-7b3d6cb1-94b1-40fc-83ab-abc8a99a6c0b,1403482556630
72,0.0237154,0.00395257,0.486166,0.229249,0.0869565,0.16996,2,Bug-b61f5720-dddd-4499-899b-17c5e30df806,1397868367435
73,0.435052,0.459794,0.0639175,0.00309278,0.0206186,0.0175258,1,Bug-49187861-c9a7-44b5-809d-195ee7d9c1e6,1390789997508
74,0.414141,0.20202,0.292929,0.0707071,0.010101,0.010101,0,Bug-110f6373-d764-41b6-8dbe-ba11681f829c,1329877809285
75,0.8,0.138462,0.0153846,0.0153846,0.0153846,0.0153846,0,Bug-63b73ed3-2a5e-455f-9a58-19438a56c887,1378932116495
76,0.0196078,0.196078,0.117647,0.0196078,0.0196078,0.627451,5,Bug-6b8d27ac-9c78-4f12-8499-ff579aee8409,1375146687926
77,0.225225,0.527027,0.00900901,0.00225225,0.0225225,0.213964,1,Bug-2fcbf8d6-040e-40c2-b2c7-34c12e3dfd95,1399974380887
78,0.219697,0.507576,0.244949,0.0126263,0.0126263,0.00252525,1,Bug-196aad75-bd8d-48bb-a2bf-31b2eadc61e2,1387327783143
79,0.388889,0.111111,0.0555556,0.0185185,0.185185,0.240741,0,Bug-793520a2-e933-4b0c-adf4-4412467754a9,1388110765557
80,0.288889,0.148148,0.525926,0.0222222,0.00740741,0.00740741,2,Bug-293691ca-e082-4262-8313-41bf31109b8d,1373391899872
81,0.231939,0.0247148,0.0494297,0.0931559,0.0855513,0.515209,5,Bug-3406f406-8a55-4f83-9b21-07c9a1208de9,1384408083990
82,0.0612245,0.0204082,0.795918,0.0204082,0.0612245,0.0408163,2,Bug-eedcb979-b489-48e3-83a4-c62cf6198952,1392704466400
83,0.1,0.1,0.4,0.2,0.1,0.1,2,Bug-0513253c-275f-4d39-8cd3-caabe6b656a3,1339383643475
84,0.0045045,0.400901,0.0765766,0.0630631,0.45045,0.0045045,4,Bug-497d0418-433c-432d-8a94-ec52aee902f9,1357863064686
85,0.0105932,0.881356,0.0360169,0.00211864,0.029661,0.0402542,1,Bug-6ee0b0bc-cd9f-42f1-8869-4649d3e8a116,1238435565318
86,0.0188679,0.0188679,0.396226,0.0188679,0.0188679,0.528302,5,Bug-82986442-408a-4a3d-bfe9-26c12857baf0,1407732721744
87,0.0292318,0.82257,0.0652617,0.0197145,0.00339905,0.0598232,1,Bug-bb7af5bf-29cd-4123-bc18-d4d49458343a,1344402570559
88,0.198856,0.633763,0.0228898,0.100143,0.0143062,0.0300429,1,Bug-3fd99529-b64f-49a2-9249-6ecf0447199d,1386353334250
89,0.00663717,0.318584,0.0951327,0.183628,0.183628,0.212389,1,Bug-e161e451-b394-4a9d-8dd1-328db7046668,1351585131318
90,0.126273,0.523422,0.162933,0.00203666,0.152749,0.0325866,1,Bug-125be99c-1719-40bd-9a37-63cd9bfd7318,1361491421438
91,0.142857,0.142857,0.285714,0.142857,0.142857,0.142857,2,Bug-8023a196-3ed0-482f-92ad-3c750bc6c34f,1337137644713
92,0.316623,0.583113,0.0448549,0.0501319,0.00263852,0.00263852,1,Bug-4b3031a9-c771-4be1-81ee-5803d48be7df,1383750172444
93,0.0175953,0.00293255,0.120235,0.577713,0.00879765,0.272727,3,Bug-23acf4ed-0e10-41ed-9844-186826d6cbb5,1373038090017
94,0.111111,0.111111,0.333333,0.111111,0.111111,0.222222,2,Bug-e045aa00-a085-40d6-a6dd-cf4c2829e197,1410399370070
95,0.0291829,0.0126459,0.807393,0.0301556,0.0223735,0.098249,2,Bug-612c3aa6-157c-450b-b5fe-a8512feba2d8,1394498393354
96,0.181159,0.275362,0.0144928,0.00724638,0.514493,0.00724638,4,Bug-ca42cb52-2556-4b7e-b3c1-6f9825743121,1318457491193
97,0.0588235,0.0588235,0.235294,0.294118,0.0588235,0.294118,3,Bug-abe8b6c4-4eb5-4777-9423-8278a9919896,1354431378623
98,0.737705,0.172131,0.057377,0.00819672,0.00819672,0.0163934,0,Bug-185dcfda-3fbb-40c1-82ef-040a28a52760,1399392555581
99,0.016,0.048,0.496,0.176,0.008,0.256,2,Bug-af781e88-d7f8-45ab-90b3-818f57d6fdda,1394422333995
100,0.596491,0.22807,0.122807,0.0175439,0.0175439,0.0175439,0,Bug-049571e7-8b62-4563-be89-81ffd560a198,1403866395466
101,0.603774,0.0754717,0.245283,0.0188679,0.0188679,0.0377358,0,Bug-b80bd3c7-5367-4f56-a417-b3f6be4c5304,1372810022820
102,0.125,0.848485,0.00378788,0.0151515,0.00378788,0.00378788,1,Bug-531ef7d0-827f-4753-ab0c-a9ee6562ff3a,1341286213975
103,0.0882353,0.0882353,0.470588,0.235294,0.0294118,0.0882353,2,Bug-c44a93cc-8e88-4a05-8ccb-6d50d7eab18f,1382972301733
104,0.192195,0.629268,0.100488,0.0478049,0.0107317,0.0195122,1,Bug-ac7bb127-0fbb-4e5d-a126-4778d6dbdc09,1389203506183
105,0.224612,0.409797,0.160096,0.0669056,0.114695,0.0238949,1,Bug-1e267539-4fea-4412-acde-e7396c19eafe,1372912669916
106,0.125,0.125,0.125,0.125,0.375,0.125,4,Bug-15d7cd70-da97-4ac7-afd2-05da4b3034d7,1363490791949
107,0.142857,0.142857,0.142857,0.142857,0.142857,0.285714,5,Bug-c356046a-4533-463a-a3b6-4776ec8c0a98,1398274644864
108,0.207192,0.429224,0.166667,0.033105,0.135274,0.0285388,1,Bug-600a675c-322f-4b7f-ab47-7193a8a77914,1404178977718
109,0.116883,0.012987,0.428571,0.142857,0.038961,0.25974,2,Bug-0f1e9029-a6bf-458a-9dd2-006cab8ea5aa,1398320832239
110,0.139767,0.772047,0.0382696,0.0249584,0.00831947,0.0166389,1,Bug-04e0627d-73ed-4f4e-bb7f-56d732fc629d,1388479859312
111,0.0638298,0.0212766,0.638298,0.148936,0.106383,0.0212766,2,Bug-e2509e0e-fb56-4f89-b7f4-4e65501d8993,1351728020518
112,0.16946,0.385475,0.20298,0.0428305,0.0204842,0.178771,1,Bug-8b128984-1f1b-4dc7-b382-33f504615e77,1391092888594
113,0.294118,0.0588235,0.235294,0.0294118,0.205882,0.176471,0,Bug-26f0ccf5-97d2-4a7b-a6dd-d72710cadbdf,1369095560706
114,0.191214,0.651163,0.0516796,0.0206718,0.0826873,0.00258398,1,Bug-b6ace305-0e10-4e77-8363-b63f62c7efab,1400518864387
115,0.236046,0.583726,0.112307,0.0262273,0.0336247,0.00806994,1,Bug-273049e6-0671-4bef-884c-de413528d43f,1405388253953
116,0.0824022,0.153631,0.407821,0.023743,0.236034,0.0963687,2,Bug-1d206a61-4c61-4f78-9d37-153bb86adbd8,1320103303005
117,0.136213,0.790698,0.0465116,0.013289,0.00996678,0.00332226,1,Bug-4e7ab930-faaf-4012-9740-4e6a5ea9efab,1384261438719
118,0.0205761,0.847737,0.00823045,0.0288066,0.090535,0.00411523,1,Bug-06d75982-83e4-4c5f-a7cc-feac29673792,1371859525815
119,0.0629496,0.546763,0.0773381,0.00179856,0.280576,0.0305755,1,Bug-acf91a0a-b295-4d3b-8136-a2e3a5e9e6e5,1394486910818
120,0.1875,0.0625,0.0625,0.1875,0.0625,0.4375,5,Bug-87e660eb-295b-4296-ab98-09be7e08d785,1264562248576
121,0.256881,0.605505,0.0152905,0.0489297,0.030581,0.0428135,1,Bug-b3c791ad-e512-498b-851d-f599bf80ee7c,1364409575185
122,0.147436,0.660256,0.0544872,0.00320513,0.13141,0.00320513,1,Bug-aa8320b0-8e09-4cc6-a510-2b747d3f0dca,1275366835099
123,0.0912281,0.764912,0.0280702,0.0105263,0.101754,0.00350877,1,Bug-064847b9-13bf-4ea4-8612-32e0b0e8514d,1397668347568
124,0.268722,0.220264,0.136564,0.0176211,0.352423,0.00440529,4,Bug-07c9e338-7ae7-48e3-a872-1cb12c32f10f,1349839122116
125,0.164384,0.308219,0.0719178,0.00342466,0.44863,0.00342466,4,Bug-8d5d121d-c939-453b-bb30-40e052f47f28,1389164747336
126,0.234091,0.106818,0.122727,0.238636,0.00227273,0.295455,5,Bug-67edd8a8-db82-4108-acde-f087fe4a344c,1360719166966
127,0.0333333,0.133333,0.133333,0.2,0.266667,0.233333,4,Bug-0c2ed363-c308-4019-b13e-f5dd5af62c68,1387421757179
128,0.0427553,0.581948,0.0760095,0.0261283,0.228029,0.0451306,1,Bug-28be12e1-029e-480e-ac09-4801dc23ef85,1405541460621
129,0.0357143,0.0357143,0.142857,0.25,0.5,0.0357143,4,Bug-5aef61e7-eebd-4f7b-ad3d-e70ee8e3e8f3,1410282946010
130,0.707865,0.11236,0.146067,0.011236,0.011236,0.011236,0,Bug-a82226c1-f013-4ab8-b3c8-bfbd8011bb81,1389638062942
131,0.0588235,0.858824,0.0431373,0.00392157,0.0313725,0.00392157,1,Bug-69354e3c-0821-4a3d-99b0-4cef146317d8,1376073489700
132,0.314244,0.602056,0.0381791,0.0352423,0.00881057,0.00146843,1,Bug-c25121f0-dede-411c-9dee-ff808e435914,1188276186644
133,0.682353,0.129412,0.152941,0.0117647,0.0117647,0.0117647,0,Bug-e0cf45d5-cd44-425d-96c7-f13c518eb33b,1347030551050
134,0.010101,0.575758,0.010101,0.010101,0.383838,0.010101,1,Bug-58baf45c-3fe0-4311-9191-47dce9ba750a,1408862480498
135,0.0621118,0.00621118,0.68323,0.15528,0.068323,0.0248447,2,Bug-ea359268-bb2f-403c-b0d8-18ac74572b6e,1358526509478
136,0.297246,0.449193,0.037037,0.178538,0.000949668,0.037037,1,Bug-f12fa0e4-5c6a-4a79-bcb8-690a6d04fe05,1367014036090
137,0.0321199,0.327623,0.259101,0.0471092,0.154176,0.179872,1,Bug-d4573e9f-940f-419d-95ae-d5c72aae6dec,1394836191977
138,0.0151515,0.166667,0.227273,0.0909091,0.181818,0.318182,5,Bug-3bf0ce45-5ef3-4821-b01e-49f996d58fa6,1244682030568
139,0.644737,0.131579,0.184211,0.0131579,0.0131579,0.0131579,0,Bug-5f1d003a-530d-4b53-b693-9fe702efe8f9,1390934390887
140,0.196013,0.684385,0.0299003,0.00332226,0.0797342,0.00664452,1,Bug-a100a45f-6f17-4983-8df4-c1b5d3326a91,1334900696647
141,0.0913978,0.478495,0.0483871,0.00537634,0.370968,0.00537634,1,Bug-1f45cd01-95c0-4b8e-919b-ef15dead4ae8,1373499263775
142,0.00699301,0.00699301,0.202797,0.531469,0.00699301,0.244755,3,Bug-a9a0d444-e45a-4062-b412-ef90300ccac7,1409151002206
143,0.0365854,0.906504,0.00406504,0.0447154,0.00406504,0.00406504,1,Bug-17afb864-a7bf-4312-ab48-c97d8937dc2d,1409252067197
144,0.19164,0.490536,0.0189274,0.274448,0.0236593,0.000788644,1,Bug-917c45fd-2b5c-40e4-b87d-3c3e3761c2b9,1386483770196
145,0.0625,0.125,0.125,0.0625,0.1875,0.4375,5,Bug-64a8abcd-ba38-4814-b121-8650588a22ad,1374138607981
146,0.0601504,0.853383,0.0037594,0.0413534,0.0338346,0.0075188,1,Bug-94500d02-9a9f-4455-85c3-1003fbd40272,1381294948606
147,0.0217391,0.0217391,0.0434783,0.478261,0.0869565,0.347826,3,Bug-348c1073-43b8-4f1d-aa74-f04852033975,1375904237852
148,0.214706,0.717647,0.00882353,0.0441176,0.0117647,0.00294118,1,Bug-5e70fdd5-1f28-4e64-b43f-cb907167b179,1363723971124
149,0.408602,0.11828,0.225806,0.193548,0.0107527,0.0430108,0,Bug-7ade550f-2d69-4156-8159-1327b14f31ac,1406581372754
150,0.0295652,0.64,0.0921739,0.00173913,0.212174,0.0243478,1,Bug-c1022121-6053-4471-8ec9-e70c564ba837,1403855184158
151,0.0625,0.30625,0.034375,0.240625,0.148438,0.207813,1,Bug-ef3fbc82-7b4b-463b-bc87-8cda90cbcb93,1393267753663
152,0.471983,0.489224,0.00215517,0.00215517,0.0323276,0.00215517,1,Bug-0664724c-ce94-4000-8d36-f740f44a2dd1,1394659000289
153,0.0710744,0.163636,0.138843,0.185124,0.34876,0.092562,4,Bug-9e9013d1-97bc-49ea-b2b8-426ef26ecc1a,1385980518606
154,0.558824,0.117647,0.117647,0.147059,0.0294118,0.0294118,0,Bug-092839de-ec0c-417e-a7c6-085fc9c5a4f8,1363362889394
155,0.372881,0.288136,0.135593,0.0338983,0.152542,0.0169492,0,Bug-aaff5087-b067-4cc2-b971-85e2ad5c76a2,1394713004271
156,0.00819672,0.00819672,0.459016,0.327869,0.00819672,0.188525,2,Bug-a86edd94-da64-4b13-981b-8d1b92649847,1390228552330
157,0.280112,0.658263,0.0532213,0.00280112,0.00280112,0.00280112,1,Bug-536e70f4-3920-4491-8be8-1378ceb788b2,1395831983805
158,0.0551181,0.63189,0.023622,0.0492126,0.153543,0.0866142,1,Bug-f99c7d4e-dd05-4c6f-8626-55d7abbe4aa3,1380819166397
159,0.0784314,0.230392,0.269608,0.0245098,0.382353,0.0147059,4,Bug-152eac9d-03e7-41a1-aa51-ef68364a9770,1365547407203
160,0.0578035,0.648844,0.0231214,0.0130058,0.219653,0.0375723,1,Bug-c3172abc-e2bd-48c8-9435-b49768c1c3f3,1391160009560
161,0.163701,0.768683,0.00355872,0.00355872,0.00355872,0.0569395,1,Bug-ffb86deb-ddec-4dba-8f83-7a37aa195d9d,1388687788917
162,0.209302,0.730897,0.00332226,0.0232558,0.0265781,0.00664452,1,Bug-d03e55be-5c9b-4f0d-aa4c-a0e4aa39a5b7,1382477612855
163,0.0878378,0.00675676,0.398649,0.0945946,0.0135135,0.398649,2,Bug-662cbf1c-e5d4-40d9-8322-cecb62693095,1374104914796
164,0.0585424,0.801673,0.0143369,0.037037,0.00477897,0.083632,1,Bug-a0de996f-2fbd-44eb-ba64-faa91f83271e,1381441681996
165,0.153846,0.710769,0.0676923,0.00307692,0.0123077,0.0523077,1,Bug-2e2d3b00-0489-46fb-acab-a62d389b359c,1355520341425
166,0.0340371,0.466609,0.0822921,0.0672124,0.224472,0.125377,1,Bug-81cd423d-903c-4244-89ae-5d9b41588eaa,1356669852814
167,0.0747331,0.761566,0.0284698,0.00711744,0.117438,0.0106762,1,Bug-90bd9acf-8221-4882-b62f-7f80248dfcbc,1391369935485
168,0.0393873,0.14442,0.282276,0.253829,0.242888,0.0371991,2,Bug-a2ed3129-2075-456f-9eb2-d1b149bfa86f,1369071348226
169,0.0981308,0.454439,0.190421,0.0268692,0.140187,0.0899533,1,Bug-e8c943a2-8cf0-4753-9a6c-9541b4d1da62,1392072210920
170,0.281081,0.0378378,0.0540541,0.394595,0.00540541,0.227027,3,Bug-27f7f6a8-9ea6-4bb3-912b-db0c560aa178,1329369460811
171,0.0647948,0.911447,0.0151188,0.00215983,0.00431965,0.00215983,1,Bug-e23eee0c-8c33-4958-8700-29cec8d7e4ca,1395903167279
172,0.12426,0.706114,0.0650888,0.00493097,0.0798817,0.0197239,1,Bug-f9a75222-e1e6-4843-86b8-2fab29373bcb,1395284215390
173,0.241237,0.453608,0.0886598,0.00824742,0.154639,0.0536082,1,Bug-f5c6c5b2-2164-464e-880f-b73966e13b12,1384189936012
174,0.467949,0.0961538,0.0576923,0.160256,0.00641026,0.211538,0,Bug-1ce1b9c1-be4c-4eea-9114-61134c67e6ab,1375820424829
175,0.0833333,0.758772,0.0131579,0.00438596,0.135965,0.00438596,1,Bug-72f16e19-6234-47b4-bd13-a0e23561f56a,1310011429011
176,0.155742,0.452661,0.109804,0.171989,0.0352941,0.0745098,1,Bug-268337e9-355d-4326-acaa-fbbeb0cb69d2,1360253449243
177,0.378924,0.0179372,0.058296,0.289238,0.0224215,0.233184,0,Bug-0c65844b-a9fb-4061-9dd3-cd4d09da7fca,1368739332716
178,0.243478,0.0173913,0.178261,0.33913,0.113043,0.108696,3,Bug-2112f48a-d809-432b-98dd-4cba6df13574,1407804661327
179,0.0625,0.0625,0.125,0.1875,0.0625,0.5,5,Bug-5024fcbe-69e8-47fd-bc2a-f854cea0b77c,1386805406562
180,0.374823,0.570014,0.019802,0.0141443,0.019802,0.00141443,1,Bug-1cc71fa4-5c83-49cb-8a02-d146b839bcd2,1366844874724
181,0.473684,0.197368,0.0131579,0.289474,0.0131579,0.0131579,0,Bug-cfb32f1e-9830-4600-9775-c028bcd8cada,1362799094705
182,0.0217391,0.826087,0.0362319,0.00362319,0.108696,0.00362319,1,Bug-a5bd6c99-32f0-4c95-97bd-c94c171c6ac2,1388711031174
183,0.200068,0.489928,0.214749,0.0136565,0.0293616,0.0522363,1,Bug-cb999b24-fa99-4849-a278-ef62f1e9ad7e,1389250197566
184,0.0215517,0.163793,0.288793,0.0603448,0.224138,0.241379,2,Bug-479ed458-5b31-4045-8af8-e52202ff8502,1342973901526
185,0.198347,0.698347,0.0661157,0.00413223,0.00413223,0.0289256,1,Bug-8fa1ff7f-cca4-42ff-8f36-150b458c0374,1344032700164
186,0.196226,0.45283,0.0641509,0.0754717,0.132075,0.0792453,1,Bug-442505b6-917c-4e68-87e2-b2b0a0050799,1401235048792
187,0.0140845,0.0140845,0.366197,0.0704225,0.056338,0.478873,5,Bug-51844c89-297d-4fbf-a666-09088a3e1f8f,1395719970192
188,0.229213,0.488764,0.0483146,0.0741573,0.0483146,0.111236,1,Bug-864974bd-1e21-4446-9eba-51368f2369cc,1376349996163
189,0.0666667,0.0666667,0.666667,0.0666667,0.0666667,0.0666667,2,Bug-a6c77cf5-3648-4f65-b285-5d0e69f6df29,1333740127220
190,0.107843,0.745098,0.0620915,0.00326797,0.0457516,0.0359477,1,Bug-366d5aad-8aeb-4b9b-a7f7-e738a67e86cc,1354678719431
191,0.040636,0.758834,0.0441696,0.0273852,0.0591873,0.069788,1,Bug-b88481f1-a623-42ea-a9a9-30e168f071ac,1354563975118
192,0.0243902,0.0243902,0.219512,0.195122,0.243902,0.292683,5,Bug-a4ca6609-bf02-4a23-a51f-119bb4d1d476,1401197170101
193,0.00689655,0.0137931,0.151724,0.517241,0.00689655,0.303448,3,Bug-b8b2e6ac-bc0e-4c18-8886-2d58cf64e3a9,1401093390770
194,0.47395,0.468908,0.0151261,0.0252101,0.00168067,0.0151261,0,Bug-c6fe8b44-bd4f-4a43-a9c3-e22e6d74420d,1392372669656
195,0.87,0.09,0.01,0.01,0.01,0.01,0,Bug-e34f2883-0472-48ca-8f48-f99857c3a00d,1373068762879
196,0.146179,0.654485,0.0365449,0.00332226,0.126246,0.0332226,1,Bug-abe55d33-f2b5-4783-92f5-d562d9410a5c,1373932007279
197,0.0714286,0.0714286,0.642857,0.0714286,0.0714286,0.0714286,2,Bug-a3f02fad-2074-4851-bc53-a06d2c1b3552,1290627902499
198,0.284507,0.588732,0.107042,0.0028169,0.0140845,0.0028169,1,Bug-1d2546da-1d32-4353-bb3f-04099fabb090,1353597446384
199,0.0387097,0.87957,0.0494624,0.00215054,0.00215054,0.027957,1,Bug-8aab3df9-112e-4c80-bf9c-11edc871970d,1375216617343
200,0.0666667,0.0666667,0.4,0.333333,0.0666667,0.0666667,2,Bug-a0a9e548-ed43-4ba0-906d-f7bc49126c4b,1383995882838
201,0.0133333,0.0133333,0.533333,0.16,0.173333,0.106667,2,Bug-14c5aaf6-9dd9-4a3c-b1db-fa111b6d1237,1406142180182
202,0.0204082,0.746939,0.0285714,0.0571429,0.142857,0.00408163,1,Bug-38a1561a-75a3-430a-b3f7-9b612e4a0725,1377715290419
203,0.0916667,0.626389,0.0708333,0.131944,0.00833333,0.0708333,1,Bug-59c86bdf-90ae-4a4c-acd8-985d96f977be,1405006020298
204,0.12069,0.0287356,0.304598,0.189655,0.045977,0.310345,5,Bug-aa372d98-7d3f-49b1-9531-c85bfd67dc0c,1406333549277
205,0.0666667,0.0666667,0.333333,0.133333,0.0666667,0.333333,2,Bug-b94e1ab7-cf80-43fd-9d39-16297220c34f,1409730526588
206,0.0848806,0.864721,0.00132626,0.00132626,0.0464191,0.00132626,1,Bug-eeea688b-ea8b-4cc0-9369-c258df62eec9,1392053833831
207,0.363636,0.038961,0.012987,0.311688,0.012987,0.25974,0,Bug-6beb42b5-1982-4a3a-8502-2badd91b2a34,1358180349156
208,0.574148,0.235471,0.0330661,0.0651303,0.0220441,0.0701403,0,Bug-dca7bb59-a415-4673-9fd9-474c12379560,1379415071850
209,0.0340999,0.321174,0.119746,0.1364,0.26249,0.12609,1,Bug-15f57ace-0377-42ff-a75c-e2f9d01b5fe3,1362693096996
210,0.181921,0.667797,0.0858757,0.0146893,0.00112994,0.0485876,1,Bug-dc48b190-09b8-4b2c-91d8-adcbf2691a32,1296178825936
211,0.0826772,0.877953,0.0275591,0.00393701,0.00393701,0.00393701,1,Bug-1c722a15-a6ff-4eed-b13c-29bf1a4812f0,1354668566263
212,0.141121,0.192523,0.201869,0.178505,0.0635514,0.22243,5,Bug-ed796763-37b6-49a2-a0fb-fb504a4228a2,1371016286061
213,0.11396,0.60114,0.00569801,0.0569801,0.168091,0.0541311,1,Bug-50281acd-3dc8-47b8-ae3d-d9e11efb3597,1341267379271
214,0.135135,0.189189,0.594595,0.027027,0.027027,0.027027,2,Bug-3ba0124a-b870-4947-adb0-4009b7c05c4c,1378928426090
215,0.121324,0.676471,0.0551471,0.00367647,0.139706,0.00367647,1,Bug-80ab49fd-b3c8-4737-8d4a-97d41a69085e,1286393679235
216,0.116,0.732,0.004,0.004,0.14,0.004,1,Bug-ff574263-788a-4531-bd9d-54b463d7a2b1,1382324104252
217,0.0787037,0.740741,0.0185185,0.0277778,0.12963,0.00462963,1,Bug-d05a13b8-f630-46f1-a8ff-bd85b9692a3f,1363662283437
218,0.0322581,0.0107527,0.55914,0.215054,0.0215054,0.16129,2,Bug-10b6e871-af13-43dd-a3a3-109e8aff7f90,1402373071692
219,0.106195,0.818584,0.00442478,0.00442478,0.0619469,0.00442478,1,Bug-f6a3dac3-a3e4-4706-aacf-e75fd4de3176,1380441910909
220,0.00757576,0.0113636,0.0909091,0.382576,0.0227273,0.484848,5,Bug-28ca4d67-66bf-4080-a971-8e2733706072,1363315640620
221,0.0401786,0.941964,0.00446429,0.00446429,0.00446429,0.00446429,1,Bug-5a916ec1-5adb-4a24-bd0d-1b2375ca3d16,1371582138947
222,0.0322581,0.290323,0.0120968,0.0483871,0.391129,0.225806,4,Bug-d6255f9e-7a03-40e8-afd7-5881ed00ce9e,1386791552504
223,0.0238095,0.0238095,0.47619,0.142857,0.0238095,0.309524,2,Bug-6090d6e4-de46-48b6-8396-9582c76b8e8b,1385113288442
224,0.631579,0.0526316,0.075188,0.037594,0.0300752,0.172932,0,Bug-eaf42a2a-3033-4562-86d4-2dc9f26e95fe,1404813646304
225,0.0810811,0.0405405,0.216216,0.364865,0.283784,0.0135135,3,Bug-bbad050d-2093-4bb8-9177-b35a67849c4b,1355567600850
226,0.454545,0.151515,0.333333,0.00757576,0.00757576,0.0454545,0,Bug-ceb13b9e-aaed-44f4-baee-30265d49d868,1399978442514
227,0.181564,0.564246,0.0865922,0.0558659,0.0698324,0.0418994,1,Bug-a1136dc2-9fc2-47d7-aa3a-e51eb6e4d4b5,1338136265305
228,0.363766,0.455064,0.0385164,0.0499287,0.0199715,0.0727532,1,Bug-f0715a19-2972-4f12-a04f-9daccb55a29a,1370589391699
229,0.162745,0.766667,0.00196078,0.0607843,0.00196078,0.00588235,1,Bug-b58c4c4c-ad45-4c23-825d-5cf5df7c2725,1386179448847
230,0.433962,0.198113,0.0566038,0.00943396,0.292453,0.00943396,0,Bug-c2be05ce-6aef-477e-a315-921a28e77638,1378405237201
231,0.125,0.125,0.25,0.125,0.25,0.125,2,Bug-c40cc31e-a6be-4d43-8d6d-d4b269b408df,1366224365315
232,0.338824,0.392941,0.0635294,0.0329412,0.0776471,0.0941176,1,Bug-7d65f3d3-adce-445c-9e41-967dda1cbe4f,1338438878890
233,0.187266,0.749064,0.00374532,0.0149813,0.00374532,0.0411985,1,Bug-866769d8-71bd-4470-9e6c-5a04557c4ddd,1384978258355
234,0.0212766,0.0425532,0.319149,0.0851064,0.0638298,0.468085,5,Bug-da0e238a-802c-4bdb-b55b-520d90757cfe,1369883742801
235,0.625,0.15,0.15,0.025,0.025,0.025,0,Bug-567fe077-6410-460e-9186-0fc6f02d96aa,1355422089043
236,0.0071599,0.152745,0.136038,0.305489,0.293556,0.105012,3,Bug-45868a9c-d7ba-4b5b-afea-f0e3af306c81,1383852058578
237,0.0806175,0.346484,0.0780446,0.129503,0.324185,0.0411664,1,Bug-8d349b84-4a1b-48ab-827c-4a6989d2c31b,1408376253480
238,0.20339,0.779661,0.00423729,0.00423729,0.00423729,0.00423729,1,Bug-1b1c3e8c-fac2-4b58-8561-5be3ee09c544,1365170393637
239,0.027027,0.036036,0.117117,0.225225,0.0900901,0.504505,5,Bug-75b44314-b40c-42df-b966-000913be771f,1378281403294
240,0.391304,0.554348,0.0163043,0.0108696,0.0013587,0.0258152,1,Bug-8ec72138-81bc-46ac-9458-be738e854626,1404261112354
241,0.0758377,0.686067,0.0229277,0.15873,0.00176367,0.0546737,1,Bug-277d1e14-4a84-48ed-99d0-b25df90c65bf,1363928995424
242,0.0892667,0.191286,0.435707,0.0042508,0.179596,0.0998937,2,Bug-734a1ccc-a844-44fc-a9aa-7f0aae217aff,1282167584769
243,0.261062,0.327434,0.171091,0.0250737,0.0471976,0.168142,1,Bug-293d7241-93ff-40dd-9249-1688982e6c69,1388699221457
244,0.0321543,0.720257,0.0321543,0.0353698,0.0643087,0.115756,1,Bug-ebd3e82a-a2e2-476a-9660-e6420caf3efe,1340832228914
245,0.218487,0.0882353,0.222689,0.163866,0.0294118,0.277311,5,Bug-8cb1c129-8520-4168-87f2-823bcaae00c9,1359488225332
246,0.0745614,0.842105,0.0219298,0.0526316,0.00438596,0.00438596,1,Bug-13669fd3-045c-4797-a1e5-6a0aad07af27,1406044813204
247,0.0625,0.772059,0.00735294,0.0551471,0.0294118,0.0735294,1,Bug-95987061-a8a5-49a4-86bb-2d260e3cce6a,1368061573287
248,0.386591,0.380884,0.203994,0.0185449,0.00142653,0.0085592,0,Bug-d4aea4c0-ef4d-4d8f-a5b1-7b15600d55b9,1403588383721
249,0.142857,0.142857,0.142857,0.142857,0.285714,0.142857,4,Bug-3aaf93d6-0cc2-4ddf-acc5-34f7f673d1b1,1365465610458
250,0.173913,0.597826,0.0186335,0.0015528,0.173913,0.0341615,1,Bug-e51fdb0e-1fd5-4bd2-8593-488c8840534c,1404422232826
251,0.641026,0.102564,0.0128205,0.0128205,0.0128205,0.217949,0,Bug-b75232e4-4c79-4c28-bcb0-8846f430ba99,1388171192013
252,0.136364,0.573864,0.235795,0.00284091,0.00284091,0.0482955,1,Bug-ca271faf-0aeb-4e80-bb67-36ec7cfcbdaf,1407746996536
253,0.0598911,0.408348,0.228675,0.0453721,0.132486,0.125227,1,Bug-5ca5fe53-cf31-4274-a583-6d341a8ba743,1375472700063
254,0.120954,0.706985,0.0681431,0.00170358,0.0800681,0.0221465,1,Bug-b297ab8e-accb-4736-99d0-95d110d784ab,1391627826369
255,0.119205,0.751656,0.00331126,0.00331126,0.0827815,0.0397351,1,Bug-58d54c44-d0c5-4eef-b636-ceeb376286e6,1388974528639
256,0.0833333,0.0833333,0.0833333,0.583333,0.0833333,0.0833333,3,Bug-218cabfe-01a0-46fc-9a34-e8629b46cec6,1406829773682
257,0.00987045,0.481184,0.0857495,0.187539,0.0876002,0.148057,1,Bug-6b20dee0-fc42-41e3-b2ee-87eb8d076f97,1409722145429
258,0.0909091,0.0909091,0.545455,0.0909091,0.0909091,0.0909091,2,Bug-6afbbbae-c339-4e00-a187-6646d8d38445,1392143066825
259,0.161404,0.245614,0.312281,0.00350877,0.203509,0.0736842,2,Bug-56ff5963-a9e8-4872-92f9-d26f8e8e3817,1337219949487
260,0.734694,0.0612245,0.0408163,0.0204082,0.0204082,0.122449,0,Bug-e0db7ac5-e673-40a4-9ffe-d416ef85c2aa,1364943733355
261,0.471429,0.00714286,0.335714,0.142857,0.00714286,0.0357143,0,Bug-e664af80-4d85-4c6a-82e3-333e6faa81b2,1358384090708
262,0.037037,0.0740741,0.444444,0.185185,0.037037,0.222222,2,Bug-a92c937b-c08d-440b-9d85-94d1f5f5163a,1374624128769
263,0.00877193,0.00877193,0.640351,0.0350877,0.00877193,0.298246,2,Bug-68327a7c-cb43-49d8-9c66-f1a5739bd403,1389509960813
264,0.382353,0.0490196,0.313725,0.0196078,0.00980392,0.22549,0,Bug-c0c0e280-79b1-4254-8f1a-4ae9593db23e,1352406957355
265,0.234463,0.641243,0.0847458,0.00282486,0.0338983,0.00282486,1,Bug-c300365c-ae41-4acd-a001-92dfbb4bcc7b,1396549622025
266,0.764706,0.0941176,0.0117647,0.105882,0.0117647,0.0117647,0,Bug-3466bfc7-81bb-4aa3-af8a-6ffd8cec0fee,1323476134644
267,0.101626,0.0406504,0.199187,0.146341,0.361789,0.150407,4,Bug-3dfd9624-ead7-408c-aa3d-618ad32f0c07,1366854452314
268,0.190217,0.557065,0.125,0.00543478,0.119565,0.00271739,1,Bug-665fee90-6944-4510-aa75-5325b7c8ae6e,1386710032436
269,0.107837,0.346598,0.153098,0.0592345,0.221142,0.11209,1,Bug-84ecccfe-715e-4780-b202-5efdb128ebe4,1373603127839
270,0.0238971,0.369485,0.294118,0.00919118,0.0459559,0.257353,1,Bug-8e32a3c5-1411-45a1-9985-de7389dbaa78,1392967039793
271,0.147595,0.736318,0.00165837,0.0762852,0.00165837,0.0364842,1,Bug-1eef9fcc-52a7-4afc-bdd2-9f50cd58e0aa,1390757870122
272,0.0414224,0.701641,0.0885111,0.0642829,0.00722939,0.0969129,1,Bug-7a0c392c-0e74-4e3b-914b-d772c40022ca,1405579460966
273,0.91986,0.0475734,0.0220307,0.00957854,0.00063857,0.000319285,0,Bug-8a118fcd-0138-4458-8812-9ec0c6409f7e,1387583263301
274,0.0526316,0.105263,0.526316,0.0526316,0.0526316,0.210526,2,Bug-0b5d19a1-0bb9-414c-9af7-70a4b62745c1,1383803894011
275,0.057971,0.456522,0.0362319,0.0217391,0.42029,0.00724638,1,Bug-ff6cde70-f92a-4f43-a3fa-43ba7752a96c,1402353925162
276,0.113571,0.670837,0.0654475,0.0115496,0.0673725,0.0712223,1,Bug-5f24c37b-4c7f-4bbf-8255-3d915e8802af,1288772469719
277,0.0692042,0.200692,0.211073,0.141869,0.359862,0.017301,4,Bug-9c15771c-914f-4888-89a6-e404144ece5d,1406849035578
278,0.0333333,0.920833,0.00416667,0.00416667,0.0333333,0.00416667,1,Bug-5de06eec-3faa-411e-a5d3-e9df7ee5c369,1406716892627
279,0.736842,0.131579,0.0263158,0.0263158,0.0263158,0.0526316,0,Bug-e325a70d-546b-4c83-8c19-92076e935497,1355536848565
280,0.125,0.125,0.375,0.125,0.125,0.125,2,Bug-b6365ba5-ad66-4350-81ac-7f8fa07ed91d,1331916998195
281,0.0144928,0.0144928,0.173913,0.289855,0.0289855,0.478261,5,Bug-75c43c65-719c-489b-8e6c-7fd700dffb5d,1395774707293
282,0.10574,0.592145,0.190332,0.00302115,0.0574018,0.0513595,1,Bug-90376ade-1c83-446f-be1c-0e820b3f4a63,1354633575579
283,0.0538462,0.857692,0.0269231,0.0461538,0.0115385,0.00384615,1,Bug-60b64585-aa52-4457-a816-d59b577663a3,1389114800775
284,0.123128,0.399334,0.0948419,0.0515807,0.251248,0.0798669,1,Bug-66afdcc2-05e1-455f-9c9f-be41e7d89c98,1406016856836
285,0.104505,0.715315,0.0504505,0.027027,0.0774775,0.0252252,1,Bug-9185605d-26bd-413f-950f-ea7ea0cfa12d,1331565300427
286,0.116,0.538667,0.0413333,0.189333,0.00133333,0.113333,1,Bug-435459a7-ad7b-4ba8-824b-2aef757b787e,1348019893284
287,0.0206186,0.680412,0.032646,0.0206186,0.0841924,0.161512,1,Bug-6d400ed4-14ca-45e6-bee2-fcfef5c71b8c,1333464943969
288,0.184564,0.651007,0.0167785,0.110738,0.033557,0.0033557,1,Bug-62ac2a2b-3111-4995-b2c0-322118a9391a,1377294789502
289,0.117647,0.785467,0.0415225,0.00692042,0.0449827,0.00346021,1,Bug-3af26810-8731-4f2a-9ced-7b1e23b28012,1410561097590
290,0.133333,0.1,0.333333,0.0333333,0.0333333,0.366667,5,Bug-4f75ace7-b47a-4f5c-a86c-d53f129a19a8,1243870313310
291,0.121547,0.588398,0.0773481,0.00276243,0.0966851,0.11326,1,Bug-1d3f9b7f-99f6-432d-a847-6c52dbbca26e,1360013858556
292,0.0140845,0.211268,0.119718,0.0422535,0.415493,0.197183,4,Bug-c1ca6560-0e3a-4e14-9e82-19e08fa29b9a,1249433508832
293,0.00793651,0.0238095,0.238095,0.293651,0.047619,0.388889,5,Bug-41fce1f1-ddb8-436d-8ae8-92fcafc1e7e3,1377060131582
294,0.173913,0.0338164,0.628019,0.00483092,0.00483092,0.154589,2,Bug-040261d7-42a6-4a6f-b469-c25135d33297,1369871633674
295,0.146965,0.696486,0.0702875,0.00319489,0.0798722,0.00319489,1,Bug-40e1444a-5c54-41d9-a33d-ea99215ad4b6,1397520437672
296,0.786241,0.027027,0.164619,0.00982801,0.004914,0.00737101,0,Bug-66a61964-224e-404c-855a-a37f27b640f8,1394887106971
297,0.0460449,0.715466,0.068477,0.0779221,0.0177096,0.0743802,1,Bug-e8c6b322-d352-498f-932c-db578c9d823a,1404232999556
298,0.108434,0.827309,0.0281124,0.00401606,0.0281124,0.00401606,1,Bug-66f22370-e432-4d57-8d36-2b7ac8fded1c,1391551445382
299,0.166667,0.0333333,0.266667,0.1,0.0333333,0.4,5,Bug-cbd90c85-14ed-43f1-a407-b1d674ae3130,1380271903098
300,0.1,0.1,0.5,0.1,0.1,0.1,2,Bug-dacb64e8-0194-4d68-827d-915beaf577e9,1354136692041
301,0.321951,0.107317,0.429268,0.0585366,0.00487805,0.0780488,2,Bug-4d5f648a-d6a9-42a3-8dd0-890773d352c4,1384164996713
302,0.141176,0.845098,0.00588235,0.00196078,0.00196078,0.00392157,1,Bug-1f7e482c-9d71-4e7a-942a-cdb2e7a8aefc,1387344392679
303,0.0588235,0.0588235,0.352941,0.176471,0.0588235,0.294118,2,Bug-6e12ccbf-79d5-41f3-b716-57b3cfbb1770,1368798861087
304,0.015625,0.03125,0.25,0.515625,0.015625,0.171875,3,Bug-096f22a9-6bb5-4581-8eff-5f99f19781d7,1379455591367
305,0.366667,0.133333,0.0333333,0.233333,0.2,0.0333333,0,Bug-1d0524b8-e77e-4016-8e86-80e401b12ac9,1334440833208
306,0.145833,0.458333,0.0364583,0.00520833,0.348958,0.00520833,1,Bug-b29ab743-d113-4e0f-b452-a0eb86a9315f,1347976558276
307,0.324503,0.534216,0.0463576,0.0618102,0.0154525,0.01766,1,Bug-59da7532-adc4-442f-841d-a0c605b8b7bd,1397615399558
308,0.230735,0.564069,0.0259797,0.0237781,0.000880669,0.154557,1,Bug-7be10643-c271-4ba8-9c65-f0f4f74d1643,1408396227791
309,0.197842,0.348921,0.0431655,0.0323741,0.352518,0.0251799,4,Bug-831b878a-05c7-4be2-8c34-439cfc1f5ab9,1376080118525
310,0.0172414,0.0689655,0.456897,0.12931,0.0862069,0.241379,2,Bug-fc17fdbc-5273-4c69-b95d-5dedbf7cf767,1400748482735
311,0.0887097,0.0403226,0.0766129,0.439516,0.125,0.229839,3,Bug-9e707749-5bb5-4b94-b97d-5be8f491f6eb,1357169723050
312,0.4375,0.410577,0.0201923,0.102885,0.000961538,0.0278846,0,Bug-49918bdc-e2cd-46c7-adfd-ebfd3df04244,1348014452593
313,0.111111,0.111111,0.444444,0.111111,0.111111,0.111111,2,Bug-5c662563-2a2f-4f8e-a75e-a44afe860731,1403918925838
314,0.0103093,0.0309278,0.43299,0.164948,0.123711,0.237113,2,Bug-f532027c-d5f2-4b64-8a9f-e0473301ba33,1345823976652
315,0.21659,0.65745,0.0261137,0.0384025,0.0015361,0.0599078,1,Bug-ca3a5c2b-b040-48fa-9a53-17fb2259d537,1392808560472
316,0.0545455,0.724242,0.133333,0.0030303,0.0787879,0.00606061,1,Bug-b3f6da19-c2fb-43ca-b89b-a3e3ccd0d090,1379043089322
317,0.101351,0.780405,0.0641892,0.0045045,0.00675676,0.0427928,1,Bug-21a8473d-990c-4e22-be12-52b6c663e030,1360231320288
318,0.00813008,0.0325203,0.512195,0.178862,0.00813008,0.260163,2,Bug-1053a385-825e-41a8-adbb-11e8aa465fd0,1391824757664
319,0.125,0.125,0.125,0.125,0.125,0.375,5,Bug-a4f47f06-04c9-43ab-b536-46d95b1a10e6,1322782612797
320,0.621469,0.361582,0.00188324,0.0094162,0.00188324,0.00376648,0,Bug-43aec3f3-040b-4d77-9017-5d81cdb95867,1344811984988
321,0.389691,0.498969,0.0597938,0.0185567,0.0268041,0.00618557,1,Bug-207a540a-9622-417a-8a41-4f9e779650eb,1373448247755
322,0.119949,0.836434,0.0121873,0.0173188,0.000641437,0.0134702,1,Bug-84a85ed4-b5d6-4a2d-b425-fc5712fb497c,1383350171038
323,0.106779,0.652669,0.0893821,0.0845831,0.0029994,0.0635873,1,Bug-28b56f06-1d84-4bdb-9199-6a36d071f137,1348014268145
324,0.6875,0.104167,0.0833333,0.0833333,0.0208333,0.0208333,0,Bug-a12c05ec-78ae-4388-af90-4b4490e1e989,1400150508523
325,0.558824,0.235294,0.117647,0.0294118,0.0294118,0.0294118,0,Bug-cc383d8f-682a-4068-af3a-8ba622dd87f9,1347393338832
326,0.602151,0.264038,0.0669056,0.041816,0.00238949,0.0227001,0,Bug-350492c8-8e22-4bf1-ab69-f1185c6cde61,1366742045820
327,0.298182,0.0363636,0.570909,0.00363636,0.0218182,0.0690909,2,Bug-362b12c0-3fca-40bc-bccf-07701d4d5325,1394849882459
328,0.0645161,0.776774,0.0787097,0.00129032,0.0464516,0.0322581,1,Bug-8aae51c7-17f5-4527-9e7e-fa41dd105d88,1335950522079
329,0.0185185,0.0185185,0.240741,0.203704,0.0185185,0.5,5,Bug-672fda28-6472-44f6-bc81-ed41df2e276f,1407170054921
330,0.347202,0.338594,0.205165,0.0760402,0.00143472,0.0315638,0,Bug-3516ea84-9109-4616-b1c4-e24bdccf6013,1399985270433
331,0.0265487,0.876106,0.00442478,0.00442478,0.0840708,0.00442478,1,Bug-bfa93671-ff97-4dfd-af4f-45f2f84bfe22,1333994480377
332,0.124324,0.367568,0.117117,0.0828829,0.221622,0.0864865,1,Bug-1a84cfb3-27b5-40d0-9a0c-400de290f399,1388714330019
333,0.128814,0.60339,0.0135593,0.00338983,0.247458,0.00338983,1,Bug-d6750e57-f2c9-42d7-bd7f-e7f63d6c8e44,1385431366441
334,0.067757,0.922897,0.00233645,0.00233645,0.00233645,0.00233645,1,Bug-2b699025-c404-41e4-b57b-121e384f9fed,1276732537304
335,0.025,0.116667,0.358333,0.233333,0.175,0.0916667,2,Bug-adf51fd9-ec14-4ef9-8033-e436fe29d7ee,1381818231271
336,0.0404858,0.890688,0.0121457,0.00404858,0.048583,0.00404858,1,Bug-e2bac57a-0039-4703-9db5-bbbc6881c72e,1410487342587
337,0.0786517,0.429213,0.0337079,0.0426966,0.332584,0.0831461,1,Bug-e065d197-5ab4-4042-a328-b084783666ae,1410494954269
338,0.404082,0.0204082,0.155102,0.110204,0.102041,0.208163,0,Bug-0bd81202-bb15-4feb-b4e6-fedbc20a9bc0,1381361661521
339,0.241379,0.183908,0.517241,0.0229885,0.0114943,0.0229885,2,Bug-385ae308-9a78-477b-87da-122af6c5cfdd,1367472146566
340,0.0384615,0.0384615,0.307692,0.230769,0.346154,0.0384615,4,Bug-c8ca12e2-274a-4707-a435-b12b6d99cb04,1361792372239
341,0.0526316,0.743421,0.0263158,0.0427632,0.0559211,0.0789474,1,Bug-dd49bb20-1331-44ed-86f6-b6fb85fb5fca,1298639481032
342,0.61157,0.190083,0.173554,0.00826446,0.00826446,0.00826446,0,Bug-e5567079-1184-4fbf-91c1-37af4c4be58b,1386383197870
343,0.111111,0.111111,0.111111,0.444444,0.111111,0.111111,3,Bug-c993f33d-fe0b-4316-894f-79f86eae8114,1356789640281
344,0.712766,0.0851064,0.170213,0.0106383,0.0106383,0.0106383,0,Bug-509cdad7-109a-45ab-940a-2bb33acc788f,1377120776378
345,0.0636042,0.742049,0.0388693,0.00353357,0.14841,0.00353357,1,Bug-68fe12c0-e045-489e-a87d-65e016eb2e85,1399959902483
346,0.236559,0.74552,0.00716846,0.00358423,0.00358423,0.00358423,1,Bug-7fe8d97a-d180-44cd-9b41-c2167e934c05,1379943536401
347,0.0952381,0.0714286,0.238095,0.0952381,0.0238095,0.47619,5,Bug-07aa2bae-71a9-47ea-8273-25b8dc2fadf6,1378935173410
348,0.025,0.025,0.375,0.025,0.075,0.475,5,Bug-31b8b7b6-ca26-4c90-9047-b137394967e3,1360600933282
349,0.0258065,0.729032,0.0193548,0.00645161,0.212903,0.00645161,1,Bug-58a1fcdf-7b84-4e3b-9093-fecf5b8d691e,1336540651627
350,0.0588235,0.0588235,0.176471,0.117647,0.0588235,0.529412,5,Bug-09fe6689-89a0-4b34-a346-07997c0ebaa3,1392819381758
351,0.0402477,0.678019,0.0681115,0.00309598,0.0495356,0.160991,1,Bug-7a016b28-857e-4f2b-8d24-2587c9194fc3,1367993910745
352,0.00854701,0.846154,0.042735,0.0213675,0.0598291,0.0213675,1,Bug-e8aad964-f371-4d9b-baa0-54f0c1739dad,1335074621312
353,0.0451128,0.770677,0.0037594,0.0037594,0.172932,0.0037594,1,Bug-ff953b60-4280-43a5-bfcd-54c2e8390f27,1306806410828
354,0.0434193,0.909091,0.0122117,0.00135685,0.0325645,0.00135685,1,Bug-b26e55cf-8140-4e1e-a058-4edd538b9feb,1386357819635
355,0.0126582,0.278481,0.0253165,0.0126582,0.658228,0.0126582,4,Bug-e00e4580-5dea-44ae-b686-bed792a8a86b,1378053425712
356,0.173469,0.214286,0.0867347,0.0459184,0.25,0.229592,4,Bug-4b8bd937-cfd3-4ac1-843d-70d77ef116cb,1374882510195
357,0.2249,0.204819,0.216867,0.0923695,0.200803,0.060241,0,Bug-7db89c02-67d5-48d8-ab9a-eacbbc5ab912,1373318536692
358,0.0195783,0.887048,0.00150602,0.00150602,0.061747,0.0286145,1,Bug-d19490fc-e56f-47b6-9094-40d1a290c696,1402819695078
359,0.211538,0.0480769,0.173077,0.00961538,0.00961538,0.548077,5,Bug-e618a17b-757f-4fd6-bb0d-3967425acb50,1408497167587
360,0.0545455,0.736364,0.00454545,0.00454545,0.195455,0.00454545,1,Bug-24f87626-686a-4e45-b8da-33e7debd97da,1383067307725
361,0.181818,0.0909091,0.193182,0.431818,0.0113636,0.0909091,3,Bug-f4a547df-98e1-4f71-9083-1cdfaec86ed9,1406046392152
362,0.220787,0.343788,0.0817958,0.146986,0.0153752,0.191267,1,Bug-3943d405-7862-448b-9da3-418781344279,1400205182444
363,0.0975073,0.131965,0.127566,0.351906,0.221408,0.0696481,3,Bug-56bdba82-450e-492b-a926-7d8d75957c69,1381268275191
364,0.0785805,0.750317,0.0405577,0.026616,0.0709759,0.0329531,1,Bug-1d0e735d-ecf5-44c2-99c2-bc6c34ce645d,1385416613329
365,0.429825,0.47807,0.0153509,0.0701754,0.00438596,0.00219298,1,Bug-6bab7ca0-5367-4bcb-8bb1-1ec985b76a81,1365446993510
366,0.0700935,0.859813,0.0046729,0.0046729,0.0560748,0.0046729,1,Bug-30cc6229-2854-45d2-a543-34121ad5fd0b,1354505332224
367,0.0363636,0.127273,0.345455,0.127273,0.0181818,0.345455,2,Bug-09aa0898-7ce0-46b0-ba86-34bd4d8f8fe0,1389509219463
368,0.0285714,0.178571,0.164286,0.00714286,0.335714,0.285714,4,Bug-dd8a04b6-b8d5-48b0-ac17-fc11118d2b49,1328739163540
369,0.142857,0.0714286,0.428571,0.142857,0.0714286,0.142857,2,Bug-e1c6f5eb-9759-4bdf-90e4-f01cc32224fa,1366381496537
370,0.0212766,0.0212766,0.191489,0.468085,0.276596,0.0212766,3,Bug-8d32220e-a20d-4868-bc8a-1b9dd180f884,1407361739578
371,0.430079,0.559367,0.00263852,0.00263852,0.00263852,0.00263852,1,Bug-fc0ee580-72b8-4878-805b-8921e5a214a0,1397259944921
372,0.0477327,0.556086,0.0596659,0.190931,0.116945,0.0286396,1,Bug-ee02418f-141e-4332-92a0-8a77b1b0ae60,1400616494154
373,0.197587,0.586727,0.081448,0.0226244,0.0527903,0.0588235,1,Bug-5585019f-b2b9-479d-b889-6d8edcc759f3,1406000309641
374,0.0416667,0.375,0.375,0.125,0.0416667,0.0416667,1,Bug-328b3655-4699-4849-8e16-5687cc2bd4ee,1398241090562
375,0.0229885,0.0114943,0.574713,0.275862,0.0114943,0.103448,2,Bug-83339085-1587-4053-8baa-0bb4314a5075,1399032226623
376,0.147985,0.570529,0.175063,0.0188917,0.0390428,0.0484887,1,Bug-8d724a15-73be-4280-9e54-902e6c39732f,1380668169104
377,0.372881,0.101695,0.355932,0.135593,0.0169492,0.0169492,0,Bug-4c95d7b4-56e8-470b-ad0b-15edfac54c00,1365032561376
378,0.10049,0.363971,0.281863,0.140931,0.0625,0.0502451,1,Bug-b083bab4-5e4d-4ab4-b8be-3d87bff06e7c,1382012127353
379,0.00462963,0.212963,0.0694444,0.0972222,0.611111,0.00462963,4,Bug-8d2bfe5d-922e-412c-9401-559d7d9af4f8,1367941893796
380,0.0833333,0.0833333,0.0833333,0.583333,0.0833333,0.0833333,3,Bug-be79eec2-783d-4715-b5a8-321443f038e6,1280098133418
381,0.125,0.125,0.375,0.125,0.125,0.125,2,Bug-c963e8a1-eed6-4c1c-ad5c-6fc9c200a7bb,1405044090783
382,0.706422,0.0550459,0.00917431,0.211009,0.00917431,0.00917431,0,Bug-5d1a2c60-a129-45f6-938d-8c4341b3ef9f,1393472667356
383,0.142857,0.142857,0.285714,0.142857,0.142857,0.142857,2,Bug-4cf17de5-0d8f-4f4d-bd25-baee4cec2d23,1387810734403
384,0.0682731,0.791165,0.0200803,0.00803213,0.104418,0.00803213,1,Bug-800caa2e-b7cd-4762-b74d-7ba7c0d8c65f,1339087760410
385,0.121311,0.793443,0.0196721,0.00327869,0.0459016,0.0163934,1,Bug-cf853d03-59b4-4a80-8237-0c1a8411608a,1364483317664
386,0.0754717,0.0188679,0.169811,0.433962,0.0188679,0.283019,3,Bug-e9f037fc-5dfa-4014-be14-fd386856981c,1354603604569
387,0.0221923,0.406187,0.050213,0.108496,0.0670253,0.345887,1,Bug-32c41808-43c8-4390-bc9f-741bf67df3d8,1409684098914
388,0.150289,0.780347,0.00289017,0.00289017,0.0606936,0.00289017,1,Bug-5b4f42ef-c01b-4f29-9e13-2a399724b31f,1403071128270
389,0.140496,0.644628,0.0512397,0.0247934,0.0793388,0.0595041,1,Bug-4870663f-6472-445f-a4a7-12ef1d325661,1340622964571
390,0.45,0.2125,0.3,0.0125,0.0125,0.0125,0,Bug-cbec449b-c74c-4124-a867-03eda22915c4,1363751637306
391,0.571429,0.163265,0.0204082,0.0204082,0.0816327,0.142857,0,Bug-1e94ab15-f4d4-4880-a0a2-5c9b2cb4e0a4,1391466977142
392,0.238235,0.629412,0.0705882,0.00294118,0.0558824,0.00294118,1,Bug-59540157-9c30-4a92-b653-b73e3c231f49,1389166523769
393,0.0218855,0.010101,0.630471,0.0791246,0.0126263,0.245791,2,Bug-14a2db9b-5510-4c09-a789-1c9002a40cfe,1343899210453
394,0.140523,0.713508,0.0675381,0.0043573,0.00108932,0.0729847,1,Bug-6557bb58-685e-4b26-b9fe-74159f8548e4,1295951894997
395,0.0215343,0.165545,0.0363392,0.340511,0.28533,0.15074,3,Bug-b34f6646-578a-409a-bd04-aa5fb8217215,1385512137375
396,0.701923,0.0673077,0.201923,0.00961538,0.00961538,0.00961538,0,Bug-4f099ff7-03f8-4308-99ee-1c045a29c865,1355512068954
397,0.0532168,0.646545,0.266084,0.000794281,0.000794281,0.0325655,1,Bug-f36741a1-a080-4e0c-a2fe-5659c452b7ff,1395947595166
398,0.493532,0.0582147,0.0472186,0.388745,0.000646831,0.0116429,0,Bug-1a6207ad-2037-47f9-a5a7-200edd545a8d,1377541060633
399,0.080315,0.688189,0.0425197,0.154331,0.0015748,0.0330709,1,Bug-a8aec6d2-b6c9-4670-a103-07ee95c2dfd1,1378917384940
400,0.236641,0.435115,0.0877863,0.0477099,0.181298,0.0114504,1,Bug-7fbd46c0-2089-4b9a-9ff0-1666e19da14b,1352505489360
401,0.0116279,0.0174419,0.22093,0.0697674,0.465116,0.215116,4,Bug-f25a909e-062f-4a7d-a878-72aee3569192,1406871982805
402,0.047619,0.047619,0.619048,0.190476,0.047619,0.047619,2,Bug-65fa85f2-3fdf-4a5c-b616-af3685f363b8,1343779620356
403,0.625,0.0833333,0.166667,0.0416667,0.0416667,0.0416667,0,Bug-a625d88c-73ed-49e4-bcb4-89c325840ab3,1369516527550
404,0.176978,0.628777,0.182734,0.00863309,0.00143885,0.00143885,1,Bug-e2a12716-7ce3-4233-8262-4478798b9d6d,1384634477080
405,0.249191,0.686084,0.0420712,0.00323625,0.0161812,0.00323625,1,Bug-d700f347-e8db-4426-8b30-92cd6fb2c62e,1380865022194
406,0.105541,0.546174,0.0105541,0.055409,0.192612,0.0897098,1,Bug-9137aecf-6684-4b1f-b4de-a420bab978dd,1381452176231
407,0.0762712,0.180791,0.242938,0.149718,0.29096,0.059322,4,Bug-3bac8f43-31cf-4df0-873b-40740261c6a7,1334875643088
408,0.0526316,0.0263158,0.289474,0.184211,0.263158,0.184211,2,Bug-b5a852c4-f77d-4ae1-b3aa-5b634251bb6c,1409089998248
409,0.0686071,0.538462,0.0540541,0.002079,0.297297,0.039501,1,Bug-6b5caee9-ef32-4607-9361-b384e0710375,1396291747424
410,0.111111,0.111111,0.333333,0.222222,0.111111,0.111111,2,Bug-4990fb8c-4f6d-4c09-b757-995921588637,1391245475970
411,0.0690167,0.799258,0.0378479,0.0560297,0.00296846,0.0348794,1,Bug-0ecb0070-cd65-4b20-bd93-794ba3a1f7a3,1374379456939
412,0.0925926,0.259259,0.222222,0.0185185,0.388889,0.0185185,4,Bug-7daae5a2-d3ad-4936-948f-7213b788332a,1370374165962
413,0.0182887,0.150229,0.0228609,0.419987,0.259961,0.128674,3,Bug-9cf3ea8b-23c4-46d2-a66e-a5523358e594,1397449319651
414,0.26087,0.685619,0.0434783,0.00334448,0.00334448,0.00334448,1,Bug-9686d9e3-e1cb-424b-a40a-9c6aced87487,1387541704514
415,0.1,0.807407,0.012963,0.0296296,0.00185185,0.0481481,1,Bug-b698a95d-7453-4ed0-9da8-3c1ff8dda60a,1343860944407
416,0.312668,0.61186,0.0377358,0.0296496,0.00269542,0.00539084,1,Bug-2a050052-0f3a-4b5a-98f8-b817a78aff96,1286216206207
417,0.183801,0.565421,0.137072,0.0155763,0.0607477,0.0373832,1,Bug-ccbc066b-6cd3-48a0-ad61-cdce1eb935b2,1363996827331
418,0.0833333,0.0833333,0.583333,0.0833333,0.0833333,0.0833333,2,Bug-7249005c-25ff-4b6f-8e04-ef698e8f84d2,1246505456626
419,0.0166667,0.0166667,0.466667,0.1,0.0166667,0.383333,2,Bug-760e2957-0ca1-4c45-a253-8d992a57a39c,1383983509877
420,0.0965126,0.650446,0.0705596,0.00648824,0.0373074,0.138686,1,Bug-f141cd73-fae4-4ac4-918e-9f6f424605d7,1409165164345
421,0.0471414,0.431294,0.212638,0.0702106,0.120361,0.118355,1,Bug-7567ba0d-86ef-4c81-a774-c1ee0e46a610,1376682539693
422,0.104689,0.679389,0.0796074,0.0883315,0.00654308,0.0414395,1,Bug-69014b63-d612-4500-afaa-81d9a420de87,1378730677774
423,0.0909091,0.0909091,0.181818,0.454545,0.0909091,0.0909091,3,Bug-5baccc19-2b0e-4e4c-950e-82cf17486d24,1346447905669
424,0.373333,0.04,0.306667,0.0666667,0.2,0.0133333,0,Bug-dddf6543-5d52-44a8-b779-0a8606b6caa2,1337588593295
425,0.197917,0.00520833,0.432292,0.296875,0.00520833,0.0625,2,Bug-a9fbad6d-a8c9-407c-a04d-c0c547bad42d,1277331042592
426,0.0867925,0.724528,0.0679245,0.00377358,0.113208,0.00377358,1,Bug-5f0336d9-7d27-46b9-b886-8509250b598c,1386276141693
427,0.560976,0.117073,0.307317,0.00487805,0.00487805,0.00487805,0,Bug-4fc5636a-10d4-4c3d-a3a3-50d41150e36f,1357171078073
428,0.119804,0.674817,0.0195599,0.0146699,0.168704,0.00244499,1,Bug-7d37cf4e-3af1-4b7f-9af9-50efac2692f7,1351215985538
429,0.042654,0.848341,0.00473934,0.00473934,0.0900474,0.00947867,1,Bug-61b750bb-98b8-41c1-b34b-1909bc8fe8fb,1405483824583
430,0.225806,0.0322581,0.419355,0.0645161,0.0322581,0.225806,2,Bug-af63480c-9d29-4f44-a570-66dcdda92b6e,1380587440612
431,0.0163234,0.00660707,0.0851147,0.531675,0.0159347,0.344345,3,Bug-36cf686d-8d39-42ef-b538-84ce2cb0373d,1373053286247
432,0.120192,0.307692,0.00480769,0.0576923,0.504808,0.00480769,4,Bug-98896f80-58fa-45d8-ab30-d448caafb538,1338083353622
433,0.647059,0.141176,0.176471,0.0117647,0.0117647,0.0117647,0,Bug-26aad247-5b85-4132-869b-a1cadc48093a,1341324429551
434,0.0178571,0.0714286,0.142857,0.375,0.142857,0.25,3,Bug-533472ea-ed2a-49e1-849b-0f8a4d1bf90c,1383678365397
435,0.0675676,0.449631,0.136364,0.0159705,0.329238,0.0012285,1,Bug-388b1aac-3b6c-4d3d-a92f-da119f620aa1,1369956098858
436,0.0740741,0.037037,0.37037,0.037037,0.037037,0.444444,5,Bug-9c87c295-ba39-49fb-a7c8-f6fdf52a5aa4,1377629739988
437,0.0377358,0.0188679,0.396226,0.169811,0.0188679,0.358491,2,Bug-71b4fc3e-526b-4b89-ac8b-57a2e167f79f,1373577994456
438,0.0364742,0.66464,0.0222898,0.047619,0.0891591,0.139818,1,Bug-cda67698-d533-4d64-b7dd-1dbe197ed093,1352458579328
439,0.010101,0.010101,0.0909091,0.353535,0.030303,0.505051,5,Bug-042c5bbf-7f1b-47c9-ae31-5069b7daeaa1,1386205122790
440,0.669291,0.0866142,0.11811,0.00787402,0.023622,0.0944882,0,Bug-0f29b1eb-1e56-4992-bd1a-97083b925d49,1393630695142
441,0.0737527,0.455531,0.0954447,0.184382,0.0715835,0.119306,1,Bug-d755ae68-4da8-423d-b7e7-b85cba7c8ab6,1372745975667
442,0.125,0.125,0.125,0.125,0.125,0.375,5,Bug-7fbcbea1-a1b4-4e67-b575-39a09057f5fb,1355933765919
443,0.0427699,0.861507,0.0173116,0.0162933,0.0437882,0.0183299,1,Bug-87681d75-c376-43ec-9372-6e14b5b29422,1400197541282
444,0.111111,0.111111,0.222222,0.222222,0.222222,0.111111,2,Bug-5cbe5ba5-02c4-40ae-881c-5e9e35ce71be,1400208006758
445,0.00393701,0.00393701,0.165354,0.807087,0.00393701,0.015748,3,Bug-73d81bf0-ec57-4ea5-8263-cfad5f46927a,1375866102817
446,0.0633188,0.750364,0.0756914,0.0247453,0.0181951,0.0676856,1,Bug-4c4bb54d-9a3f-4ada-8c5a-c50c25d98781,1410521473078
447,0.0685558,0.786106,0.0585009,0.0219378,0.000914077,0.0639854,1,Bug-8d14af93-3e60-4076-8b1c-72f7e313d0d8,1381965641573
448,0.0123457,0.308642,0.0123457,0.0123457,0.641975,0.0123457,4,Bug-e6511bca-ab1e-4c5c-8b4a-9c391891230a,1392931869693
449,0.181818,0.0909091,0.181818,0.0909091,0.181818,0.272727,5,Bug-49cf50dc-8152-4163-b671-5814d7b86a33,1402094594606
450,0.217462,0.0153597,0.640259,0.0719483,0.0379951,0.0169766,2,Bug-0357ac35-3acb-4f85-9045-6ecc08a9ba33,1409851566436
451,0.0631068,0.0485437,0.504854,0.126214,0.00485437,0.252427,2,Bug-2bc5dc82-5cfd-4caf-83ba-1c045b5189b1,1374014608480
452,0.431368,0.450704,0.0245882,0.0148007,0.0112199,0.0673192,1,Bug-86ce6ef1-40c5-474a-b2c8-556e59126add,1407323722371
453,0.111111,0.222222,0.333333,0.111111,0.111111,0.111111,2,Bug-464266f8-27b0-4836-beda-90b167e55431,1407541631565
454,0.00824176,0.475275,0.0384615,0.0796703,0.365385,0.032967,1,Bug-58fbdc82-dbaa-4e87-b7b9-2e464ab44810,1382028011389
455,0.0683662,0.530707,0.0973349,0.0567787,0.0787949,0.168019,1,Bug-7c259917-ad83-4f79-ad2e-36aa1d0536ca,1321411657062
456,0.0911854,0.778116,0.0212766,0.0121581,0.00303951,0.0942249,1,Bug-5b1b3f83-bd49-421a-9841-c4ec2f2f6309,1379697413874
457,0.0833333,0.0833333,0.0833333,0.583333,0.0833333,0.0833333,3,Bug-f043f639-4bc9-4618-a023-f2078291a414,1387538372770
458,0.614583,0.0208333,0.135417,0.0104167,0.145833,0.0729167,0,Bug-49e6be58-2210-4c16-9d5b-099b625e205e,1396306300726
459,0.205882,0.689076,0.092437,0.00420168,0.00420168,0.00420168,1,Bug-9ad526dd-81cd-4767-830c-184e134fbc44,1380750055789
460,0.0454545,0.0454545,0.681818,0.136364,0.0454545,0.0454545,2,Bug-a28e9a06-a60f-4cbe-bd1d-e2368f1212ad,1360753069099
461,0.172316,0.751412,0.00282486,0.00282486,0.0536723,0.0169492,1,Bug-91be9478-3251-4437-bf4f-573d078e65c4,1408420119713
462,0.524752,0.108911,0.118812,0.00990099,0.00990099,0.227723,0,Bug-3ff56f62-c0ac-4ec7-9d97-e7474070485c,1395255624150
463,0.0985507,0.0289855,0.350725,0.228986,0.0492754,0.243478,2,Bug-d1305347-f7f7-43bf-b359-6c78170bd7f5,1347672163797
464,0.00554017,0.0166205,0.207756,0.371191,0.0138504,0.385042,5,Bug-8571d59f-8752-4747-8574-41d86132813f,1384791900002
465,0.11509,0.805627,0.00127877,0.0485934,0.0242967,0.00511509,1,Bug-9127c3a4-861e-488a-8882-1041cac17c76,1406868819115
466,0.00813008,0.808943,0.00406504,0.00406504,0.0162602,0.158537,1,Bug-399d5cf0-0624-4d37-8309-87f272e519e7,1400770004373
467,0.142857,0.285714,0.142857,0.142857,0.142857,0.142857,1,Bug-01369e85-af68-4411-be3a-f026f8ceb0f4,1381900962446
468,0.303116,0.620397,0.00283286,0.00849858,0.0623229,0.00283286,1,Bug-505bc497-079e-4c4f-8cc6-86a2a3981e47,1308869430668
469,0.476793,0.0675105,0.113924,0.00421941,0.00421941,0.333333,0,Bug-f4ec7a3f-200a-4c74-b22e-a4a2570c9b74,1260218807149
470,0.431416,0.455752,0.0353982,0.00884956,0.0110619,0.0575221,1,Bug-352de530-ad44-41ff-b733-364f74d8e5c6,1407218076386
471,0.745614,0.0964912,0.0263158,0.00877193,0.00877193,0.114035,0,Bug-0b1bbc66-de5b-4d41-b88d-abe204378217,1383869656817
472,0.1,0.1,0.5,0.1,0.1,0.1,2,Bug-2bc5c7de-be53-45b6-a797-30f20e0f809d,1393454997295
473,0.0350346,0.749567,0.0981834,0.0549308,0.0397924,0.0224913,1,Bug-fa1f5485-5f15-4734-a9a8-4485cf0283b2,1408681694363
474,0.764706,0.117647,0.0294118,0.0294118,0.0294118,0.0294118,0,Bug-9a4ffd3f-5616-4d45-bf2f-2c3e4ec97412,1374959457932
475,0.152893,0.275482,0.104683,0.188705,0.00137741,0.27686,5,Bug-8184caa5-4843-434f-a2aa-217e51910bdc,1376425237569
476,0.253807,0.670051,0.0406091,0.00507614,0.00507614,0.0253807,1,Bug-312baca2-0030-4a6a-b375-d7c39738f281,1364900215622
477,0.202873,0.473968,0.0305206,0.0664273,0.13465,0.0915619,1,Bug-ac9d91da-800b-4285-ab91-7ce1fa53b7d9,1407206004635
478,0.0490566,0.849057,0.00377358,0.0603774,0.0226415,0.0150943,1,Bug-ad017fc6-6cd9-4a99-a645-038279e0fb18,1246954317180
479,0.0314961,0.532808,0.131234,0.0314961,0.181102,0.0918635,1,Bug-391573d2-decc-40f3-b1a6-856febecb16d,1405912837896
480,0.125,0.594727,0.230469,0.0117188,0.0107422,0.0273438,1,Bug-59f15480-28af-41ff-a6e9-bef9457b1f70,1362887103034
481,0.0481586,0.580737,0.0849858,0.0481586,0.0708215,0.167139,1,Bug-864dd2e7-4553-47f9-b4d7-e0419754c933,1296450571468
482,0.0660173,0.397186,0.166667,0.017316,0.340909,0.0119048,1,Bug-8c7a948a-7f75-438f-9003-15d3662d8cb6,1347050623307
483,0.0682731,0.891566,0.00401606,0.00401606,0.0281124,0.00401606,1,Bug-6bb247a9-1be0-4e34-bf89-11c33bfbcb2b,1381824323211
484,0.0158103,0.786561,0.0474308,0.00395257,0.130435,0.0158103,1,Bug-8b716f52-dda9-4956-8a3c-1499cc80a451,1405584233537
485,0.0977199,0.71987,0.0423453,0.00325733,0.0879479,0.0488599,1,Bug-78273dcc-2974-42ed-83ba-d92ff448437d,1315609352168
486,0.109434,0.856604,0.00377358,0.0113208,0.0150943,0.00377358,1,Bug-f4dfb52e-b6f1-4b5a-9eb4-bb9744b1147f,1407971982618
487,0.666667,0.125,0.0833333,0.0416667,0.0416667,0.0416667,0,Bug-30460d40-ff74-447f-bc30-154146ae9e9d,1394489708018
488,0.027027,0.0540541,0.162162,0.243243,0.297297,0.216216,4,Bug-17281a9f-ad84-4fde-a768-88731d704db3,1397258549895
489,0.0337079,0.766854,0.0421348,0.11236,0.0365169,0.00842697,1,Bug-53cd0f7d-279a-4483-bfcd-020c34f04a6a,1404341710704
490,0.175934,0.480083,0.140249,0.0452282,0.0186722,0.139834,1,Bug-0a9719af-2d69-4162-9d2e-16ad7bcc50a8,1364328997700
491,0.164962,0.695652,0.0690537,0.00895141,0.0601023,0.00127877,1,Bug-081d12b7-8535-4cad-be4b-5afb44945ea2,1351901807458
492,0.224138,0.683908,0.00287356,0.00287356,0.0229885,0.0632184,1,Bug-a2be2255-5102-4352-adaa-d8d5bd010c5d,1275069945492
493,0.108635,0.532033,0.0501393,0.250696,0.0529248,0.00557103,1,Bug-399cf56e-f569-4c30-8e7d-b0f29934d394,1387590199800
494,0.397351,0.0993377,0.13245,0.271523,0.00662252,0.0927152,0,Bug-63b6d70c-2611-4e79-a2a1-006f40986139,1259080980065
495,0.0176678,0.69258,0.040636,0.0865724,0.123675,0.0388693,1,Bug-00dfc59d-4b24-47aa-bdbf-20f9612eb0a8,1360692167426
496,0.083685,0.123066,0.552039,0.0407876,0.195499,0.00492264,2,Bug-f5180ced-6055-4f2d-9d8f-4fa0451f1f51,1400619947901
497,0.132159,0.460352,0.138767,0.0462555,0.00220264,0.220264,1,Bug-4e533f61-9f7a-438b-bc3a-93095cf4eaea,1409833834040
498,0.763158,0.0789474,0.0263158,0.0789474,0.0263158,0.0263158,0,Bug-fbdddc6c-41ae-4056-a635-30be263a6ee9,1358556979829
499,0.0845411,0.574879,0.02657,0.00241546,0.309179,0.00241546,1,Bug-cd97be25-38c1-488b-8beb-9314655a725a,1385498472705
500,0.772727,0.106061,0.0606061,0.0151515,0.030303,0.0151515,0,Bug-c299a213-d807-4e83-9d5a-5f068936884a,1288081360121
501,0.0258065,0.354839,0.0258065,0.00645161,0.580645,0.00645161,4,Bug-b263f2ca-cbba-43ef-9c40-393fc4d6cf28,1394553894897
502,0.0645161,0.129032,0.0322581,0.193548,0.129032,0.451613,5,Bug-d120c8e4-d588-4436-bee7-daee97f70232,1352242683680
503,0.0402736,0.775836,0.110942,0.00455927,0.0676292,0.000759878,1,Bug-5c2d03ff-a469-4fd2-aa5b-e9db5d7e2986,1379385868255
504,0.00840336,0.17479,0.260504,0.0705882,0.32437,0.161345,4,Bug-ee1d5c7e-515b-4735-b184-42b4dd1475d1,1410537461533
505,0.05,0.05,0.1,0.5,0.05,0.25,3,Bug-5e3f72b8-5fff-4b73-9f56-a9da12b06fa0,1403870390620
506,0.617021,0.106383,0.212766,0.0212766,0.0212766,0.0212766,0,Bug-24107da2-e635-4a52-8589-d92c32c8aaa7,1368731615299
507,0.0990099,0.00990099,0.168317,0.178218,0.00990099,0.534653,5,Bug-74a7a8d9-1743-4a09-94c8-b7049e455588,1373424862383
508,0.247941,0.64168,0.0304778,0.00988468,0.0255354,0.0444811,1,Bug-9046efd0-fc2e-437b-a4b8-ccf6d5f55a68,1404852794662
509,0.075,0.025,0.025,0.275,0.025,0.575,5,Bug-7305a4c3-08b4-416a-9fd2-e3e8606776ee,1392380495227
510,0.710145,0.130435,0.115942,0.0144928,0.0144928,0.0144928,0,Bug-cad5269a-efba-42e3-b635-157cb35b82bf,1398329947317
511,0.0423077,0.784615,0.00384615,0.00384615,0.161538,0.00384615,1,Bug-a31df04d-34d6-43a1-ab83-6df0be8ececa,1400016900506
512,0.0122378,0.713287,0.0629371,0.118881,0.0917832,0.000874126,1,Bug-41815080-a4ea-4786-922d-feaa37402a2b,1366129308121
513,0.417476,0.0485437,0.498382,0.00647249,0.02589,0.00323625,2,Bug-d9cbad17-e87f-4724-89b1-536f3c448da8,1408605993696
514,0.144,0.72,0.032,0.004,0.096,0.004,1,Bug-de717893-2d4a-4425-88fe-b425179d0077,1395433287609
515,0.00980392,0.00980392,0.0392157,0.764706,0.0196078,0.156863,3,Bug-877ff71d-0c95-4462-b035-d27f7eebda27,1326838817499
516,0.0588235,0.0117647,0.505882,0.0117647,0.0117647,0.4,2,Bug-8c5b5303-87e0-4fba-834f-20332936e25e,1387269869782
517,0.697183,0.0316901,0.0739437,0.0246479,0.140845,0.0316901,0,Bug-f06a6996-39cb-4b2e-b4c2-ffc66a0a0ce8,1400170420245
518,0.0576923,0.00961538,0.0288462,0.5,0.00961538,0.394231,3,Bug-dc863a31-cc79-44fa-922f-38da9c092812,1398425696849
519,0.0701031,0.426804,0.243299,0.0865979,0.125773,0.0474227,1,Bug-c1582a5b-4789-4139-b9fa-64d0a65026c0,1386621613185
520,0.174174,0.636637,0.039039,0.003003,0.0930931,0.0540541,1,Bug-143ed60a-15d0-4b64-94be-fadacaa53d9e,1380016256972
521,0.0234604,0.591398,0.211144,0.0117302,0.158358,0.00391007,1,Bug-8cf871f5-0853-4712-b520-8ad399b1650d,1377903325197
522,0.0955455,0.662363,0.0426081,0.00645578,0.0832795,0.109748,1,Bug-fa552232-d65d-4942-88d9-cca5d1fd6259,1384451719540
523,0.105611,0.716172,0.0693069,0.00330033,0.10231,0.00330033,1,Bug-1e8c4873-eea8-4796-b67f-6af7d232086e,1386700970126
524,0.111842,0.0723684,0.144737,0.263158,0.263158,0.144737,3,Bug-e4c93845-d156-46d1-b872-fce98c5b973f,1405722235015
525,0.0632911,0.685654,0.0421941,0.0021097,0.194093,0.0126582,1,Bug-bf18fc2b-4f60-4da6-8c7d-7202eba3cdbc,1376547276376
526,0.137363,0.667582,0.184066,0.00274725,0.00549451,0.00274725,1,Bug-982269e0-a37d-4f47-ae35-13441f9f22bc,1398763474851
527,0.0588235,0.261765,0.0970588,0.00294118,0.497059,0.0823529,4,Bug-d00f78ed-1365-4e46-ae34-e086ee0c7531,1378772978127
528,0.105413,0.453941,0.213675,0.0921178,0.0351377,0.0997151,1,Bug-0e5135a8-0bd4-447e-8c30-3f6a21d48276,1401474191819
529,0.174941,0.574468,0.0496454,0.0283688,0.00236407,0.170213,1,Bug-1a0012d5-424a-4287-b3f2-952ba3d4ab9f,1374140526333
530,0.441667,0.141667,0.391667,0.00833333,0.00833333,0.00833333,0,Bug-265e2ddc-fdbf-40b5-bb5a-3bf50e7629dd,1410894197772
531,0.0821918,0.0136986,0.561644,0.315068,0.0136986,0.0136986,2,Bug-75fc336c-34a4-43e3-a8d4-c6b20becd8a8,1389907752412
532,0.0332481,0.654731,0.0537084,0.0230179,0.140665,0.0946292,1,Bug-7eb17d24-52b9-4cc7-befd-2b1516dec3ed,1348012533122
533,0.225806,0.0322581,0.556452,0.112903,0.0483871,0.0241935,2,Bug-4d6f4358-a040-48de-a8ba-98c8e935c836,1380304230414
534,0.0568915,0.33783,0.188856,0.117889,0.0475073,0.251026,1,Bug-7e88c570-d107-480b-8074-3a9e0c463f12,1392689141724
535,0.0740863,0.662825,0.254198,0.000658545,0.000329272,0.00790254,1,Bug-acca9edc-f9f0-4668-8c5b-6f4f4c36e6b8,1354593147339
536,0.569767,0.0232558,0.0581395,0.0697674,0.0116279,0.267442,0,Bug-c783753c-e095-444e-9b47-52f097e26f3f,1366754337279
537,0.0945709,0.338004,0.190893,0.241681,0.1331,0.00175131,1,Bug-622b7f7c-169f-4b0f-a602-ddae29b0fca6,1407177763871
538,0.573333,0.0933333,0.293333,0.0133333,0.0133333,0.0133333,0,Bug-414dedbf-1b10-4518-a8f3-8ddff9917fc6,1376506804635
539,0.271394,0.479218,0.00244499,0.00244499,0.173594,0.0709046,1,Bug-9c43ffd0-c016-416e-b2b8-dc6735c93406,1403219256574
540,0.0427892,0.651347,0.10935,0.0237718,0.0475436,0.125198,1,Bug-49cd32be-9480-4ed1-a7ea-41ecd65ed8d0,1409963414215
541,0.153213,0.818781,0.0181219,0.00658979,0.00164745,0.00164745,1,Bug-134fd251-8931-4c9a-b682-60015e0e4501,1379984815470
542,0.566667,0.0888889,0.166667,0.155556,0.0111111,0.0111111,0,Bug-a145ff6a-c69c-4a1e-8f59-84d940633c4a,1359225680490
543,0.0820734,0.440605,0.0928726,0.196544,0.105832,0.0820734,1,Bug-93b19db1-769a-4664-baeb-f732da538d9b,1406744651923
544,0.02,0.04,0.48,0.2,0.02,0.24,2,Bug-ed437209-862f-49e5-9541-1d6cd67e9437,1373565147450
545,0.0882801,0.678843,0.100457,0.00837139,0.0532725,0.0707763,1,Bug-96eca75a-4d54-474d-bc02-c3397bd3d93e,1384218054572
546,0.160458,0.641834,0.0716332,0.00286533,0.0744986,0.0487106,1,Bug-daa506f0-1ea3-49d2-87a1-b4b2e058d2f6,1375234807768
547,0.0514019,0.425234,0.149533,0.0140187,0.317757,0.0420561,1,Bug-dbd83bf1-9d5b-4705-af23-f2e2a4ac5f43,1409039164337
548,0.547619,0.325397,0.0952381,0.015873,0.00793651,0.00793651,0,Bug-f5211b1d-08ae-4431-a292-739c77565a7c,1380216772994
549,0.296875,0.0625,0.320312,0.0859375,0.0078125,0.226562,2,Bug-60120377-ef90-4bcf-95a3-c9a3c905c331,1408552358327
550,0.077551,0.605442,0.00272109,0.290476,0.0122449,0.0115646,1,Bug-729ea354-2c18-4b89-9eec-14a28b45929d,1392141934850
551,0.820896,0.104478,0.0298507,0.0149254,0.0149254,0.0149254,0,Bug-344f28b2-d741-4fb0-8029-3bb70395ab25,1397700365898
552,0.297619,0.154762,0.214286,0.190476,0.130952,0.0119048,0,Bug-50819370-601c-4243-b6ff-834f5d63ff52,1362774756361
553,0.249327,0.583857,0.0484305,0.0125561,0.000896861,0.104933,1,Bug-2bdbf471-f2cc-48d9-893a-874dd30e62e4,1364854019977
554,0.154079,0.673716,0.0453172,0.0060423,0.117825,0.00302115,1,Bug-3eabd61d-6b33-431e-9f05-b36c06549d97,1405488219248
555,0.193814,0.412371,0.284536,0.0185567,0.0556701,0.0350515,1,Bug-c521ad22-4a46-4531-a7d9-30b1876ff5f3,1341348175363
556,0.0300429,0.793991,0.0600858,0.0343348,0.0772532,0.00429185,1,Bug-fc6e908b-3943-4072-b253-68a480448129,1357780501644
557,0.0689655,0.00492611,0.561576,0.0738916,0.0985222,0.192118,2,Bug-6f6793a9-41a1-4b37-a1c4-bb7113582021,1379566959644
558,0.0237099,0.797768,0.11855,0.0041841,0.0069735,0.0488145,1,Bug-b46bc934-df5a-4b4a-ada6-dc4f7fc68aaf,1381969933758
559,0.0714286,0.857143,0.0555556,0.00198413,0.00198413,0.0119048,1,Bug-5ff7901f-f399-4199-b471-79c59438bf6b,1386377519305
560,0.0128755,0.772532,0.00429185,0.0515021,0.154506,0.00429185,1,Bug-63a759e3-0c70-4e76-8fc3-93ac09233e9b,1409795145164
561,0.125,0.0625,0.5625,0.0625,0.0625,0.125,2,Bug-7fab94b8-8fdf-4a35-92cc-1a9ec44fb683,1400084830790
562,0.204327,0.596154,0.153846,0.00240385,0.00480769,0.0384615,1,Bug-1b1e00bf-55be-48db-ae11-6da6af0f2843,1386969931575
563,0.1,0.1,0.5,0.1,0.1,0.1,2,Bug-59cd0722-35cf-4ae2-8a87-0092d8cfbfc2,1391451356269
564,0.215278,0.453125,0.232639,0.0173611,0.00173611,0.0798611,1,Bug-e428bf8c-71cc-47ef-b4a1-d0add4d6de91,1275358390061
565,0.213497,0.574233,0.0184049,0.0269939,0.0785276,0.0883436,1,Bug-a87d89f1-7476-4615-bf51-9d6834f51c21,1379932090378
566,0.0397878,0.774536,0.0668435,0.00954907,0.06313,0.0461538,1,Bug-e8dacdca-94fa-47f5-897a-c395a45b95aa,1365628456157
567,0.0158014,0.501129,0.173815,0.0812641,0.115124,0.112867,1,Bug-d2196c3c-3b56-4d5e-a05b-38bdc1afdb59,1387221609084
568,0.170213,0.755319,0.0035461,0.0035461,0.0638298,0.0035461,1,Bug-6dc3005a-02ef-421f-8cf7-56d427ab6d90,1382940754363
569,0.181132,0.426415,0.0358491,0.179245,0.0622642,0.115094,1,Bug-2e9e91dd-4d33-4c04-af4d-5c26606d4b6e,1350639165087
570,0.0227273,0.0227273,0.568182,0.0909091,0.159091,0.136364,2,Bug-0d9470b7-b017-4203-8351-d9da78d96851,1389049460492
571,0.0160494,0.802469,0.0839506,0.0148148,0.0814815,0.00123457,1,Bug-46a7e618-14d1-43c1-9e7d-9fdda792ab77,1341353361902
572,0.164835,0.629121,0.0521978,0.0274725,0.00274725,0.123626,1,Bug-fc88d1ed-8b23-4a75-a0ba-e4264ee5172f,1379756489520
573,0.0366089,0.651252,0.0346821,0.0578035,0.16763,0.0520231,1,Bug-67338e20-d7da-4e83-8f8a-a2770527624c,1395091447245
574,0.135135,0.0540541,0.0810811,0.027027,0.0810811,0.621622,5,Bug-64c3ada4-19b2-4689-a38a-89729f7b282d,1378894747206
575,0.0344828,0.0172414,0.62069,0.137931,0.0172414,0.172414,2,Bug-1c1a3fce-bac6-4d25-8208-cc3a3b8ee50c,1312825773666
576,0.597222,0.152778,0.0138889,0.208333,0.0138889,0.0138889,0,Bug-53ec9254-5af9-48ef-b4c9-15e84cdcd21e,1289859229668
577,0.0217391,0.0326087,0.793478,0.0543478,0.0108696,0.0869565,2,Bug-c971de73-0ad9-4bd6-aac1-3f687354883a,1403039559180
578,0.00758534,0.370417,0.243995,0.207332,0.103666,0.0670038,1,Bug-39ca426e-fe29-4376-9016-32ddddaf7724,1398073648160
579,0.225225,0.693694,0.0660661,0.003003,0.003003,0.00900901,1,Bug-f75ce25b-cb5a-4daa-b86b-709d1e796246,1359556241981
580,0.0123457,0.0123457,0.0987654,0.395062,0.037037,0.444444,5,Bug-0f47b8d0-8771-4a3e-8e3c-e168f4f2ae29,1358245542924
581,0.0362319,0.181159,0.26087,0.26087,0.00724638,0.253623,2,Bug-c1cc2a37-1c2b-4447-b504-5d33c929ca10,1362148202790
582,0.0122449,0.257143,0.0795918,0.0836735,0.371429,0.195918,4,Bug-8afd0f36-31ce-4933-ad3b-2b07e4995381,1391698215768
583,0.0539773,0.681818,0.164773,0.00284091,0.09375,0.00284091,1,Bug-b6ee038c-abf4-440e-990f-4f64cf21e6c1,1394835793731
584,0.0762032,0.679144,0.0360963,0.0735294,0.0160428,0.118984,1,Bug-349ae118-5339-41f9-9211-cb69c2357de1,1369766349018
585,0.0833333,0.0833333,0.0833333,0.583333,0.0833333,0.0833333,3,Bug-e423eba4-d57b-43a5-abb6-9693b45cc5aa,1382121255554
586,0.142857,0.142857,0.285714,0.142857,0.142857,0.142857,2,Bug-6e0aa6a4-4f0f-4fd9-8b76-5569be407f48,1406289042014
587,0.03125,0.03125,0.3125,0.03125,0.34375,0.25,4,Bug-a88eb571-0a66-499e-83dc-cbeb57f541ab,1379439488808
588,0.111111,0.111111,0.111111,0.222222,0.111111,0.333333,5,Bug-4fe41d9f-10bb-4c7b-a31f-e99dc775fb87,1407899096416
589,0.080292,0.868613,0.0243309,0.0170316,0.00243309,0.00729927,1,Bug-44916f04-382e-4acd-9390-c6792eccf605,1343689244798
590,0.0851064,0.00425532,0.259574,0.446809,0.0425532,0.161702,3,Bug-d18eae59-5df4-4a87-9dd5-7a0626d56dbf,1373349355782
591,0.117409,0.77834,0.0202429,0.0364372,0.00101215,0.0465587,1,Bug-eed94136-238e-43ae-95fb-93c2e31f3db7,1396403113184
592,0.430769,0.123077,0.184615,0.0461538,0.2,0.0153846,0,Bug-494835c3-2882-4363-b867-1f624705c32d,1410559026361
593,0.0911215,0.170561,0.296729,0.0186916,0.420561,0.00233645,4,Bug-c9957369-63d1-40e3-8a86-7fe7a786802c,1377880286333
594,0.0196078,0.0196078,0.137255,0.627451,0.0196078,0.176471,3,Bug-dea5a72c-09a8-4f04-b5b8-db6b625bb994,1380651133886
595,0.00724055,0.254224,0.411907,0.0917136,0.0482703,0.186645,2,Bug-db261838-e085-4b66-b534-0a96f05652e1,1384884158477
596,0.0416667,0.0416667,0.125,0.0833333,0.0833333,0.625,5,Bug-a9265e75-1d65-41b1-95fb-3f48b3e03316,1285701059282
597,0.0434783,0.0217391,0.76087,0.130435,0.0217391,0.0217391,2,Bug-e367be7d-a595-437b-b8d4-02d5681a8ff6,1410797910747
598,0.0833333,0.0833333,0.0833333,0.5,0.0833333,0.166667,3,Bug-26190135-f91b-43ae-a296-9e10ad4d6778,1406679383316
599,0.154167,0.354167,0.1625,0.025,0.216667,0.0875,1,Bug-3d9cb94f-1728-42c1-b8a2-9112050f0b79,1361829095609
600,0.345837,0.383806,0.10247,0.0333943,0.0219579,0.112534,1,Bug-5e6c0e6c-c039-4110-9eae-a7acff121843,1339804766156
601,0.188811,0.70979,0.0034965,0.0034965,0.0909091,0.0034965,1,Bug-e423e32a-129f-4d3e-9bc9-50d7381397d7,1393944949773
602,0.0416667,0.0138889,0.333333,0.180556,0.0138889,0.416667,5,Bug-000f7b58-18dc-490d-8a55-5d09a788bef9,1386894932538
603,0.0599002,0.690516,0.00166389,0.0366057,0.209651,0.00166389,1,Bug-4c1dcc3e-4872-4b69-a03d-3e036ef57bbc,1358162787109
604,0.0638298,0.297872,0.255319,0.0212766,0.340426,0.0212766,4,Bug-afb41294-cc57-47be-81de-b740c014989d,1402698531567
605,0.574103,0.393136,0.0124805,0.00156006,0.0109204,0.00780031,0,Bug-22995fc4-0b23-49e4-ad88-d530b163038f,1405989746242
606,0.147453,0.538874,0.0241287,0.0134048,0.10992,0.16622,1,Bug-2413d4de-3c86-454c-bd78-6d6f5119dad7,1359488979029
607,0.775,0.1,0.025,0.025,0.05,0.025,0,Bug-7c04a0e8-c2d7-43f0-a992-6a0403dae130,1387176643639
608,0.12,0.08,0.4,0.12,0.04,0.24,2,Bug-5dd11199-a04a-4d8a-a17b-9c946c12980e,1400267136305
609,0.00699301,0.034965,0.188811,0.447552,0.0839161,0.237762,3,Bug-ebf63e1b-a163-4ab3-a013-fe6b12cd1c7b,1365073812655
610,0.31117,0.62766,0.00265957,0.018617,0.0239362,0.0159574,1,Bug-ba69b214-523c-4dd6-a772-3f07e3c479c3,1352852646333
611,0.04,0.734545,0.00727273,0.00363636,0.0581818,0.156364,1,Bug-820a6641-6354-4316-8485-c96e95c06c28,1384973989618
612,0.0232558,0.0232558,0.27907,0.255814,0.0697674,0.348837,5,Bug-f08852fb-4935-454e-9492-f2ff09e3aacd,1366864735857
613,0.26158,0.681199,0.0027248,0.0027248,0.0490463,0.0027248,1,Bug-349b9b6c-821a-45af-a9ef-b9a245a16319,1386022188699
614,0.0909091,0.0909091,0.545455,0.0909091,0.0909091,0.0909091,2,Bug-06a200ac-0da6-4576-83a6-276e905e8e31,1373327047809
615,0.0246305,0.463054,0.14532,0.044335,0.0344828,0.288177,1,Bug-7f471bc4-5e3c-4dbc-ada9-3441eaad6932,1336530598198
616,0.118421,0.717105,0.0296053,0.00328947,0.128289,0.00328947,1,Bug-17475c5c-88b1-43f0-acc1-fd5ecf70665f,1404811565024
617,0.24381,0.451429,0.0114286,0.190476,0.0342857,0.0685714,1,Bug-957b40ca-7cfd-4b49-8111-59b79179986a,1406212762009
618,0.145329,0.743945,0.0415225,0.00865052,0.0570934,0.00346021,1,Bug-9734a811-1a4d-4eff-b10e-40cacb2f0fdc,1389894945891
619,0.814159,0.0309735,0.106195,0.00442478,0.00442478,0.039823,0,Bug-a9c8f9aa-eb58-430f-b815-0277fef762ea,1401313686851
620,0.505841,0.35222,0.0186916,0.0992991,0.00175234,0.0221963,0,Bug-2ff74492-10a2-4c31-941e-2c26b91afade,1398463313646
621,0.406667,0.0733333,0.0233333,0.0633333,0.43,0.00333333,4,Bug-ca870fdf-ae33-4a46-9632-f9dbdd3b97b0,1410841941562
622,0.0988593,0.745247,0.026616,0.00760456,0.117871,0.00380228,1,Bug-7d7aa3ae-7e4a-4f98-b736-0e90fef8892b,1375220617050
623,0.113747,0.334962,0.13538,0.158409,0.159805,0.0976971,1,Bug-488fca31-c200-4435-b175-13268c68e771,1391067130840
624,0.155596,0.498716,0.158899,0.0245872,0.00110092,0.161101,1,Bug-d1cffaff-3e1b-4634-ac9b-ea2875dd9fd4,1337217115936
625,0.232558,0.0813953,0.0988372,0.453488,0.00581395,0.127907,3,Bug-d8b8b7f4-ac72-40fb-9af7-0c7a21b50dda,1399592875616
626,0.0992556,0.200993,0.121588,0.00248139,0.573201,0.00248139,4,Bug-826794a6-8a1a-4661-aaaf-126f089383d0,1409885904705
627,0.274854,0.605263,0.0497076,0.0146199,0.0526316,0.00292398,1,Bug-75e6d0fe-465e-4176-9dcb-2a39c4cae52b,1389734238560
628,0.393836,0.400685,0.0821918,0.00342466,0.0821918,0.0376712,1,Bug-de2feb4b-a706-441a-bc26-154ff78a5b3f,1395952783389
629,0.276612,0.19425,0.156177,0.105672,0.045066,0.222222,0,Bug-a9ade851-c4d2-4774-9825-598943743594,1395315439391
630,0.140468,0.769231,0.0702341,0.00334448,0.0133779,0.00334448,1,Bug-1e9a5c5f-f2c4-4e69-a003-0f00f72939e6,1376764541548
631,0.0725552,0.334385,0.138801,0.00315457,0.223975,0.227129,1,Bug-9fc54318-ee67-4e26-8043-618459b3b9d5,1393923719460
632,0.0906702,0.793693,0.0236531,0.00919842,0.0775296,0.00525624,1,Bug-acb0ed46-f03e-460f-a75f-56e5ee2df692,1370196726427
633,0.518779,0.0446009,0.237089,0.0492958,0.119718,0.0305164,0,Bug-c984352e-5a63-44f0-9853-ab35135b260c,1383303597760
634,0.61,0.2,0.01,0.16,0.01,0.01,0,Bug-1711fecb-c291-4739-8361-e8cfd4d3a0cf,1369443057121
635,0.253846,0.566667,0.0102564,0.0410256,0.0487179,0.0794872,1,Bug-2b7ba04c-2b8b-4718-bb8d-669fa09d0ab9,1395119858942
636,0.588571,0.332857,0.0285714,0.00285714,0.0128571,0.0342857,0,Bug-3d065fda-8aa1-421a-a24b-98e5212a152a,1339428231707
637,0.047619,0.463492,0.27619,0.0031746,0.184127,0.0253968,1,Bug-5215a245-3039-451b-b70e-647797fd0418,1373053953334
638,0.628571,0.138095,0.2,0.0047619,0.00952381,0.0190476,0,Bug-d5b4f698-f797-4d24-b8fc-979b689381e2,1401900188427
639,0.0197044,0.00492611,0.605911,0.0788177,0.0788177,0.211823,2,Bug-2f76a2f5-c661-4725-8afa-6eb916f8a227,1406233868421
640,0.0377907,0.608285,0.0319767,0.0297965,0.273983,0.0181686,1,Bug-fc68632b-d7aa-405e-8ac4-cde7805c9091,1393609913224
641,0.0530612,0.853061,0.0367347,0.0489796,0.00408163,0.00408163,1,Bug-4367835e-bd52-4fcf-846a-de6d658cef8b,1373650342388
642,0.0231023,0.643564,0.125413,0.029703,0.135314,0.0429043,1,Bug-93ab00f2-4330-4af0-a8fe-c235b0d9a516,1365495149914
643,0.0208696,0.626087,0.13913,0.053913,0.0452174,0.114783,1,Bug-2083d442-dcd8-4819-895f-72f6862e08d2,1379375081040
644,0.151515,0.0757576,0.181818,0.333333,0.0454545,0.212121,3,Bug-ad05024f-00ec-492e-808b-424342bfca03,1383162165381
645,0.0171306,0.464133,0.304069,0.0428266,0.0203426,0.151499,1,Bug-e9d730cc-0c49-4bcf-973b-1ce4affa79fb,1396292744276
646,0.144882,0.652756,0.0708661,0.0149606,0.0669291,0.0496063,1,Bug-18caa18b-1ec1-424a-ab61-09d3671305e3,1384210294076
647,0.096,0.536,0.0373333,0.00266667,0.301333,0.0266667,1,Bug-b9e635df-261a-446c-989a-fa27d1efc68b,1387327851899
648,0.908571,0.0457143,0.0228571,0.0114286,0.00571429,0.00571429,0,Bug-2bd3c046-9331-4ae6-a015-106c7ce28bf4,1345380759137
649,0.549296,0.0422535,0.15493,0.0140845,0.0140845,0.225352,0,Bug-4662e767-6003-4bbb-aaec-9acf8ecb2b84,1403791010834
650,0.00952381,0.0571429,0.409524,0.0952381,0.00952381,0.419048,5,Bug-647a824d-37bd-463e-b5e7-90d4daccc43b,1409683140613
651,0.101215,0.834008,0.00202429,0.0465587,0.00202429,0.01417,1,Bug-8475e320-66cc-46d8-82d2-123e8a102abc,1365156389333
652,0.556742,0.367156,0.034713,0.0387183,0.00133511,0.00133511,0,Bug-7a4d0a95-e0c4-441b-88ff-f75eece79077,1376030624048
653,0.025641,0.025641,0.025641,0.0512821,0.282051,0.589744,5,Bug-4c5f81a6-3ec4-46e8-bdb1-42f9da0d36e1,1342054168631
654,0.0238095,0.0238095,0.238095,0.214286,0.166667,0.333333,5,Bug-b3c213a0-40ff-4e69-ab12-c840a58a7801,1401312219837
655,0.0943396,0.0188679,0.45283,0.358491,0.0188679,0.0566038,2,Bug-7d373c1e-d99c-4d1a-b442-974a6b15a6e7,1380662057542
656,0.0293132,0.721943,0.102178,0.00125628,0.0201005,0.125209,1,Bug-8ee6aa23-917c-48ff-9adf-b3a9c9d88a06,1366857259930
657,0.0635957,0.196568,0.453935,0.0138008,0.11768,0.15442,2,Bug-a6e6a3d9-b4f8-4034-b691-7c53a9a0ec45,1376005074378
658,0.0377804,0.239669,0.329398,0.0306966,0.308146,0.0543093,2,Bug-4adc4bb2-5224-4adc-acc6-c07c44437006,1274287253008
659,0.00689655,0.0275862,0.565517,0.213793,0.00689655,0.17931,2,Bug-e171ee51-f3d9-4dbe-b9be-a3ff99792fb9,1389628285912
660,0.335196,0.351955,0.167598,0.00558659,0.122905,0.0167598,1,Bug-49b36f9d-f878-4284-a51b-d1a7fb346394,1344949276788
661,0.279534,0.407654,0.198003,0.0299501,0.00166389,0.0831947,1,Bug-95f7650d-cdea-47ed-be58-67c62bcd9888,1280724808846
662,0.0980392,0.679739,0.0163399,0.0392157,0.160131,0.00653595,1,Bug-01264eaa-57a7-42fd-93fa-330dc9f9c7b1,1384843772993
663,0.0550162,0.682848,0.00323625,0.00647249,0.249191,0.00323625,1,Bug-31d12fd2-9eab-439c-b395-edeaead5ad8b,1373584405660
664,0.696929,0.259012,0.0160214,0.00133511,0.0253672,0.00133511,0,Bug-5a575020-ff4d-484d-90f1-5842c8d31471,1403303030769
665,0.0779634,0.84646,0.0453461,0.00636436,0.0103421,0.0135243,1,Bug-5859df24-0768-4e75-9d45-726e270aedc4,1380046034486
666,0.5,0.152174,0.0434783,0.0217391,0.0217391,0.26087,0,Bug-21ccdf0a-e359-4e35-8903-f2b2c01ef344,1354570846852
667,0.212264,0.617925,0.0455975,0.0330189,0.0251572,0.0660377,1,Bug-8766d3c0-cc2d-45f4-a75c-6d8ea56999c6,1377034357327
668,0.0442478,0.755162,0.0147493,0.00294985,0.174041,0.00884956,1,Bug-dd9a541f-2917-4a81-aa0a-dd15266e2d86,1399366057251
669,0.111111,0.333333,0.111111,0.111111,0.111111,0.222222,1,Bug-0dcf81e4-1b58-4054-a2aa-ec28b3198a3a,1352144107159
670,0.190141,0.683099,0.0176056,0.0457746,0.0246479,0.0387324,1,Bug-6c6a93de-7557-4282-8989-562e09c3f68d,1379120078278
671,0.057898,0.774701,0.0339836,0.0320957,0.000629327,0.100692,1,Bug-2c8529c3-a0fa-4a24-8e75-ff03272d7b3b,1321573631679
672,0.070922,0.890071,0.0035461,0.0035461,0.0283688,0.0035461,1,Bug-43e12f63-ed29-4bc1-9b68-5e2f1e932374,1366222939441
673,0.0488506,0.666667,0.0316092,0.00574713,0.117816,0.12931,1,Bug-3b973f41-c536-4cb5-ae0a-cf6e703d042c,1397265049091
674,0.0521472,0.625767,0.0674847,0.0153374,0.0981595,0.141104,1,Bug-eb33a7df-dccd-4b5f-b7f2-d90c0153c4ad,1280375380349
675,0.00724638,0.615942,0.0217391,0.0144928,0.268116,0.0724638,1,Bug-fdb0c5d3-5ca9-46b9-a285-23409e29cd1f,1274368838668
676,0.344737,0.365789,0.209211,0.00131579,0.0342105,0.0447368,1,Bug-fdff7d94-ac7b-4dfc-bf9e-eb56cb9c8a70,1392062172500
677,0.840708,0.0265487,0.0619469,0.0530973,0.00884956,0.00884956,0,Bug-9313d8e9-485c-43dd-89d2-497960047699,1394790139982
678,0.209231,0.446154,0.12,0.00307692,0.212308,0.00923077,1,Bug-fa5ed1f4-53e0-45bb-9d9e-32031d199ab3,1335464784626
679,0.0964912,0.599415,0.0233918,0.0292398,0.248538,0.00292398,1,Bug-fc26019e-f410-44e9-aabb-39532143a51f,1405986135475
680,0.0242302,0.633518,0.114084,0.0580515,0.126199,0.0439172,1,Bug-9cb9018e-8674-43a9-adda-61c0f1fee989,1359330507241
681,0.0590164,0.660656,0.0327869,0.0508197,0.111475,0.0852459,1,Bug-c3be06ef-e272-412b-863f-2e2a4eee7eeb,1408654281312
682,0.072327,0.712264,0.086478,0.00314465,0.108491,0.0172956,1,Bug-f663b8e6-915d-4d1f-8f70-51b6e3e914a1,1302854139974
683,0.135008,0.733124,0.0408163,0.00941915,0.0345369,0.0470958,1,Bug-c317a838-6a5d-4523-8176-54b12633183d,1403306347564
684,0.0621118,0.060559,0.51087,0.203416,0.0807453,0.0822981,2,Bug-e43d437b-dd07-48fb-8f4b-ec0835617282,1324396014119
685,0.0199005,0.945274,0.00497512,0.00497512,0.00497512,0.0199005,1,Bug-54d807ba-56c7-4b71-b894-098ad60ebf93,1358381505388
686,0.00813008,0.752033,0.0203252,0.097561,0.0569106,0.0650407,1,Bug-729e608a-8679-40b5-966d-65bcdd8253b5,1400183460799
687,0.333333,0.125,0.25,0.208333,0.0416667,0.0416667,0,Bug-8f8a17ad-13d3-4ebe-94f0-9b328366ced9,1358322827447
688,0.369697,0.6,0.0212121,0.0030303,0.0030303,0.0030303,1,Bug-21c92d25-57d4-4bb3-b602-c6c33d01acb6,1389709092176
689,0.0131579,0.539474,0.0131579,0.0131579,0.407895,0.0131579,1,Bug-58a1bd4a-77ce-463f-914c-40006d53d6fa,1374296211739
690,0.155797,0.358696,0.246377,0.00724638,0.217391,0.0144928,1,Bug-d988e51e-d78a-495b-a466-bfb34849ba55,1395937594890
691,0.166667,0.0740741,0.222222,0.222222,0.277778,0.037037,4,Bug-fe7ce6c2-a28a-479f-a493-ad1908de617c,1371869769235
692,0.19724,0.745942,0.0357143,0.00568182,0.0146104,0.000811688,1,Bug-5c6eec0f-2f84-4f56-ab56-a64822d8e7b3,1393335116834
693,0.0529217,0.884234,0.0198456,0.014333,0.0253583,0.00330761,1,Bug-f0547672-d5f1-46b0-bee5-92ce58e6d4a1,1338588185808
694,0.0714286,0.0714286,0.5,0.214286,0.0714286,0.0714286,2,Bug-03dc09b3-7d1e-4575-8a3f-76f91af78c0b,1366232607223
695,0.285377,0.606132,0.0919811,0.0117925,0.00235849,0.00235849,1,Bug-72657c05-c968-446a-a45a-113bfa494df1,1406728038304
696,0.068,0.864,0.042,0.002,0.01,0.014,1,Bug-974b4670-484f-4308-9ef8-cc6e65cdbdc1,1264797142830
697,0.00961538,0.163462,0.333333,0.0865385,0.25641,0.150641,2,Bug-b5b2990d-5e9d-4422-ab9e-896c6e3c5104,1387281316151
698,0.0948012,0.577982,0.0214067,0.0565749,0.151376,0.0978593,1,Bug-44f9c789-cdd7-46ba-b3d0-06e9dab07845,1378933412089
699,0.203833,0.397213,0.010453,0.087108,0.273519,0.0278746,1,Bug-b77b7eed-8010-43eb-a3d0-6a4919ea7d2f,1372941978821
700,0.672414,0.0862069,0.189655,0.0172414,0.0172414,0.0172414,0,Bug-ff29b1b7-a4a3-4fcf-bc45-17daad772a7b,1352428909757
701,0.012381,0.761905,0.0542857,0.0304762,0.0419048,0.0990476,1,Bug-4e7e4650-976f-4317-bb02-9f49f1b98dea,1379231894128
702,0.0164835,0.296703,0.225275,0.0384615,0.417582,0.00549451,4,Bug-6281e28e-b631-4920-8903-6298ab49ca28,1376089233861
703,0.113772,0.640719,0.185629,0.00299401,0.0538922,0.00299401,1,Bug-c43bdcba-3a43-4d8f-ab4c-b41425e48d89,1398195731097
704,0.410256,0.102564,0.112821,0.025641,0.00512821,0.34359,0,Bug-af676f46-2d64-46bc-a240-94ece48670cb,1363055315193
705,0.0983607,0.831967,0.00409836,0.00409836,0.057377,0.00409836,1,Bug-196b72a2-35be-4106-9a23-4fa35d90de05,1408579176571
706,0.0636263,0.0636263,0.524458,0.154101,0.124678,0.0695108,2,Bug-ff15f043-1d12-4bcc-9a75-6fe99bf1d9ce,1358365326685
707,0.115331,0.453729,0.0407459,0.155387,0.126381,0.108425,1,Bug-7a0fc892-a731-47b6-a00b-ff1765559f03,1401596201354
708,0.0191693,0.597444,0.140575,0.00319489,0.108626,0.13099,1,Bug-41abde50-6f59-4a7e-b46c-205da0ac4cb2,1286082898633
709,0.149837,0.749186,0.0651466,0.00325733,0.00325733,0.029316,1,Bug-ec6db82b-3e0e-4773-ad4b-803c14af53d8,1379638385704
710,0.0370943,0.787481,0.0471406,0.0146832,0.0216383,0.0919629,1,Bug-54ef9b9d-829a-498d-9c84-dcb77eebf50d,1384806565586
711,0.0835476,0.273779,0.273779,0.107969,0.0128535,0.248072,1,Bug-f6ccaa40-12e7-4371-9370-5093248f7e46,1391811834439
712,0.0885201,0.757953,0.055325,0.0276625,0.00138313,0.0691563,1,Bug-53652ff3-7c15-4350-90fa-6e2bc9ce9612,1380134062446
713,0.170022,0.52349,0.138702,0.00223714,0.0290828,0.136465,1,Bug-801f9715-a172-4857-b7a4-fc9452d925a3,1386236805332
714,0.184314,0.682353,0.0470588,0.00392157,0.0745098,0.00784314,1,Bug-20745eb2-6421-400b-895a-5fb81a0dd713,1222102710245
715,0.025641,0.0769231,0.74359,0.025641,0.025641,0.102564,2,Bug-1f2bfb59-15ce-4688-9fc6-7a09f3f826eb,1379780026282
716,0.0414747,0.903226,0.0276498,0.00460829,0.0184332,0.00460829,1,Bug-026bdfbe-d275-4a05-aca0-694b03ae58e3,1375745306003
717,0.262548,0.571429,0.011583,0.003861,0.146718,0.003861,1,Bug-4d26dddf-ba14-4dd9-bcd9-3f01435383e6,1388698487326
718,0.232836,0.677612,0.00298507,0.00298507,0.080597,0.00298507,1,Bug-374f8797-9d8e-4241-9d48-0ef1fbcda94d,1374206434590
719,0.0550162,0.831715,0.0517799,0.00539374,0.0550162,0.00107875,1,Bug-ab8150da-16a6-483c-8172-27e7a70be092,1357245168951
720,0.0217391,0.0217391,0.695652,0.0217391,0.152174,0.0869565,2,Bug-0bbdd899-4c40-4a6c-ac07-7fa0f3b0a5ae,1349221865828
721,0.200737,0.451197,0.0441989,0.038674,0.200737,0.0644567,1,Bug-60729d59-4af3-455b-a2e6-b65703ada1a4,1405650980232
722,0.02,0.01,0.5,0.02,0.01,0.44,2,Bug-81058491-a18a-401d-b742-9e8431e109d4,1344976751959
723,0.0131926,0.00263852,0.129288,0.633245,0.00263852,0.218997,3,Bug-f4dd12ac-24de-4207-931a-3be6c112aa46,1377635927778
724,0.117647,0.737024,0.0519031,0.0692042,0.0207612,0.00346021,1,Bug-479c11b7-113f-47e8-bfc7-2415b5fbf4b0,1396413010185
725,0.111111,0.111111,0.222222,0.333333,0.111111,0.111111,3,Bug-5d9b394b-44ea-438d-958a-a462b38b449f,1387240663566
726,0.082397,0.835206,0.0149813,0.0486891,0.0149813,0.00374532,1,Bug-ca9ffe57-a15d-43b9-978a-337f55b00ad5,1359067962001
727,0.0165289,0.785124,0.00413223,0.00413223,0.18595,0.00413223,1,Bug-dbd86dfd-fe9e-4af4-beab-01822a366471,1361283508074
728,0.0703125,0.914062,0.00390625,0.00390625,0.00390625,0.00390625,1,Bug-93e799e3-7c4d-4ae9-95b1-58aa1942babb,1388545934917
729,0.0883191,0.621083,0.0797721,0.037037,0.0797721,0.0940171,1,Bug-1406c079-5052-4407-8b3d-67a73f444d26,1359416752132
730,0.0229358,0.917431,0.00458716,0.00458716,0.0458716,0.00458716,1,Bug-afc2c90f-533e-4684-b3bf-154b028f2072,1382719993065
731,0.54902,0.147059,0.254902,0.00980392,0.0294118,0.00980392,0,Bug-e61ca596-aeda-45ee-bdab-c65e0de18914,1378940973573
732,0.111111,0.111111,0.111111,0.111111,0.111111,0.444444,5,Bug-0f14bad5-5618-4b21-afec-91103acfc66e,1358785134913
733,0.127643,0.787784,0.0250587,0.00939702,0.000783085,0.0493344,1,Bug-ab9bd5f9-8140-4491-a18c-80ade5f4b525,1376969034790
734,0.109605,0.612429,0.0146893,0.0259887,0.19435,0.0429379,1,Bug-7be816e1-1132-4806-8338-2cc7054ba0bc,1334014908504
735,0.0434783,0.0434783,0.173913,0.0434783,0.26087,0.434783,5,Bug-fe7e8de4-58ee-4027-b6c5-f2539b894c36,1343949845030
736,0.278443,0.595808,0.113772,0.00299401,0.00299401,0.00598802,1,Bug-4bad01d4-ff8d-45f4-b2f1-243769c02d6c,1383727852183
737,0.0677419,0.490323,0.109677,0.0475806,0.248387,0.0362903,1,Bug-075ea1f2-bb2f-493a-aec0-c10ceb992891,1406978926076
738,0.325949,0.427215,0.0664557,0.00316456,0.113924,0.0632911,1,Bug-2d0460a6-a29e-403a-bc01-f4853939c8e0,1394470663685
739,0.0238095,0.0238095,0.309524,0.0714286,0.0238095,0.547619,5,Bug-f76ced90-40e4-4332-baa4-b37359d64e8b,1410849411784
740,0.465116,0.162791,0.162791,0.162791,0.0232558,0.0232558,0,Bug-206e883c-44d0-47a5-9e85-c8ddec3a4167,1410384151776
741,0.168874,0.761589,0.00331126,0.0298013,0.0331126,0.00331126,1,Bug-43d553d1-c695-4971-90bb-861c67c3d086,1384298180213
742,0.0232558,0.0697674,0.44186,0.0930233,0.348837,0.0232558,2,Bug-d13bad09-e59a-4747-aa9a-8567c6c5482f,1373580187533
743,0.00921659,0.695853,0.124424,0.0230415,0.142857,0.00460829,1,Bug-8f9b2795-021e-47fb-9aa8-23b688acbd2c,1387236583983
744,0.0833333,0.0833333,0.166667,0.5,0.0833333,0.0833333,3,Bug-123494b7-d32f-4974-985f-22b84de6663e,1315943717971
745,0.557143,0.114286,0.228571,0.0428571,0.00714286,0.05,0,Bug-64588bb8-170a-4270-9d0b-bf6ca6c7d2cd,1332368488970
746,0.0126263,0.361111,0.171717,0.219697,0.186869,0.0479798,1,Bug-98ba8467-d93d-4612-a590-ac08e6227ae2,1383748968912
747,0.0552541,0.435126,0.0473606,0.23187,0.160829,0.0695609,1,Bug-f5c4b912-2407-4634-908c-74643d5b4df6,1392942906045
748,0.195312,0.0625,0.123047,0.0410156,0.347656,0.230469,4,Bug-f721c597-a79e-4650-b54a-69777678d2b0,1342682621583
749,0.225071,0.62963,0.048433,0.002849,0.0911681,0.002849,1,Bug-513ddbc0-76f2-4c18-a966-336bc395f167,1400103087366
750,0.196078,0.00980392,0.529412,0.127451,0.00980392,0.127451,2,Bug-0088e59b-debe-4d4c-b035-38e4a3dfe7d7,1385431490579
751,0.0416667,0.0416667,0.291667,0.541667,0.0416667,0.0416667,3,Bug-1f45e639-0a2f-4296-8edd-2779d2cc8ed2,1408545779644
752,0.0125,0.0125,0.1125,0.375,0.025,0.4625,5,Bug-87ad1bc5-6f59-401a-8976-1b8754d91bf1,1386569731192
753,0.0487805,0.750871,0.0139373,0.00522648,0.179443,0.00174216,1,Bug-9170614d-9f08-49d2-956e-c8d05fd440aa,1408029689987
754,0.0443548,0.895161,0.00403226,0.0120968,0.00403226,0.0403226,1,Bug-b1e994a0-bfc2-4d76-8c4c-4a6c7b9350ea,1364411112100
755,0.194719,0.712871,0.0231023,0.00330033,0.00330033,0.0627063,1,Bug-dc56f997-6c2b-48f6-a728-214e25c1ca2b,1403655309266
756,0.461538,0.115385,0.384615,0.00641026,0.00641026,0.025641,0,Bug-4cc11e5f-1e91-4453-bd8c-cc3c44a2ca4b,1357494047993
757,0.0756014,0.103093,0.309278,0.178694,0.309278,0.024055,2,Bug-6d9e23fe-e86e-49de-b5ac-0e4815c90d2c,1384432575305
758,0.117566,0.488243,0.278008,0.0235131,0.033195,0.0594744,1,Bug-d33608cd-20b8-4db3-8708-dc4a00ccbea5,1405155070784
759,0.175652,0.707826,0.0434783,0.00869565,0.0347826,0.0295652,1,Bug-aa7ec876-4ab4-4096-980f-f5d3bc20b1b1,1368131940902
760,0.0955631,0.709898,0.0204778,0.16041,0.0102389,0.00341297,1,Bug-2701dfd6-749a-4f11-a70f-0186df788db4,1400493031556
761,0.346633,0.600998,0.0141313,0.000831255,0.0274314,0.00997506,1,Bug-fb9314a5-0a77-4568-952f-3145ba5f0832,1377855760010
762,0.411234,0.110331,0.125376,0.0782347,0.231695,0.0431294,0,Bug-70123908-1dee-4c86-82d7-21cb6bd20be3,1374188186096
763,0.0175219,0.75219,0.0450563,0.108886,0.0563204,0.020025,1,Bug-7fc0da12-a04f-4f94-ab66-fe974bed803b,1381859626313
764,0.477612,0.0845771,0.0248756,0.0696517,0.273632,0.0696517,0,Bug-34056d68-9a13-45f8-b05d-a08c0f276805,1341950287758
765,0.0298507,0.0149254,0.761194,0.0298507,0.0298507,0.134328,2,Bug-86e7bb94-54f3-43c8-9798-bd7ea02a7fbe,1339450652891
766,0.33871,0.0645161,0.209677,0.0806452,0.290323,0.016129,0,Bug-16960faf-14a2-40be-806a-7801e6ab311d,1394056924105
767,0.3125,0.0257353,0.213235,0.0968137,0.118873,0.232843,0,Bug-c9736b43-6321-4ad7-a088-f55ef089f311,1361900498687
768,0.0634921,0.719048,0.109524,0.0015873,0.104762,0.0015873,1,Bug-a6bb728d-e7bf-4e4a-8f5c-7430de797360,1347385976980
769,0.06,0.103077,0.101538,0.387692,0.112308,0.235385,3,Bug-d27924de-02aa-41b2-ac17-3869bfc84439,1396895139052
770,0.0389902,0.399719,0.300701,0.135484,0.0597475,0.0653576,1,Bug-2c69e777-3957-4f2d-b1eb-d791ae762720,1359998525407
771,0.317204,0.647849,0.0241935,0.00268817,0.00537634,0.00268817,1,Bug-f9610ef7-ee4e-4aa5-87aa-455178e19e7e,1379635241113
772,0.52,0.08,0.216,0.008,0.064,0.112,0,Bug-7105866f-a60a-47e8-9acb-aa50634042f8,1359058713645
773,0.461538,0.0615385,0.230769,0.138462,0.0153846,0.0923077,0,Bug-b67d2d78-c8ef-4fba-977a-13a379885280,1380018456246
774,0.0661853,0.663057,0.0974729,0.0108303,0.143201,0.0192539,1,Bug-c5d0e729-fdf8-4ccb-aeb4-515ff8bd570f,1342274858665
775,0.696629,0.134831,0.134831,0.011236,0.011236,0.011236,0,Bug-327e85e7-130b-478b-9e3c-4eb89762ebe3,1376006296733
776,0.0614035,0.00877193,0.464912,0.254386,0.157895,0.0526316,2,Bug-a4ce942b-3b96-486b-963c-dc4c0f93504b,1406389972730
777,0.189003,0.731959,0.00343643,0.0206186,0.00343643,0.0515464,1,Bug-0423ac94-4af0-4033-8e11-8e069d7719ca,1404151902159
778,0.161326,0.671597,0.0643659,0.0115037,0.0386196,0.0525883,1,Bug-e4aa953f-0c06-4a74-bca2-2a46f2c3dce2,1371514315754
779,0.694444,0.0555556,0.111111,0.111111,0.0138889,0.0138889,0,Bug-68372f21-a458-4352-96b8-151a965effe0,1379698761263
780,0.0909091,0.724026,0.00324675,0.00974026,0.107143,0.0649351,1,Bug-d02d18f4-1053-4be9-9f28-c9a87feed5d9,1392176768613
781,0.141527,0.811918,0.0130354,0.0018622,0.0297952,0.0018622,1,Bug-d083c480-d4be-4087-a143-6b8c99331a74,1402356257052
782,0.28,0.0327273,0.232727,0.116364,0.334545,0.00363636,4,Bug-3ea637a6-2525-4274-b557-9bead752e132,1374712984952
783,0.340336,0.0546218,0.302521,0.0840336,0.00420168,0.214286,0,Bug-57154585-c110-485f-bd11-ea9fa155200d,1407945826134
784,0.182137,0.0245184,0.154116,0.290718,0.0192644,0.329247,5,Bug-5d7201c4-5dbd-4b6e-9e4f-6e07c5339108,1405026111420
785,0.0502216,0.213442,0.0642541,0.20384,0.358936,0.109306,4,Bug-8d2699fe-f7ff-4573-a61c-af3017212a4c,1381623499417
786,0.235376,0.566852,0.0181058,0.091922,0.0779944,0.0097493,1,Bug-ad01e624-cc8a-4c8d-b7c6-83115214da15,1373306485367
787,0.423077,0.107692,0.261538,0.0923077,0.00769231,0.107692,0,Bug-24f84697-799c-4fa9-9544-313849340839,1381964917232
788,0.06,0.663333,0.0466667,0.00333333,0.16,0.0666667,1,Bug-1c0d0618-d526-4f61-b907-a92bb999350e,1374119383662
789,0.255319,0.304965,0.0496454,0.0496454,0.333333,0.0070922,4,Bug-cb7b50c3-f14b-48b1-82ce-99f7b193c737,1401900677971
790,0.0681818,0.0227273,0.522727,0.181818,0.0909091,0.113636,2,Bug-8cb62d80-590f-4544-975d-881e18d29460,1342114006367
791,0.114537,0.167401,0.101322,0.295154,0.312775,0.00881057,4,Bug-33854a14-70f0-4ced-8659-38e04fbb9619,1404022759937
792,0.0806159,0.57337,0.0688406,0.0126812,0.0407609,0.223732,1,Bug-616cbec8-59cc-448e-bc16-fe73014fa2a7,1409960528732
793,0.0325444,0.115385,0.177515,0.37574,0.150888,0.147929,3,Bug-1ef1b7b8-87e5-457e-ae4e-74679ffe49f7,1389672205741
794,0.121406,0.747604,0.121406,0.00319489,0.00319489,0.00319489,1,Bug-bed309b0-201c-4e6e-9adc-c7bde32298d9,1321481335175
795,0.0438596,0.688596,0.00438596,0.00438596,0.254386,0.00438596,1,Bug-fdb8edfb-5ae2-4b7f-a134-21e859ba7f31,1338934857969
796,0.0540541,0.027027,0.405405,0.189189,0.0135135,0.310811,2,Bug-0aa15380-56bc-45ca-8752-a7a5183cbdea,1405952921706
797,0.0363636,0.881818,0.0272727,0.0454545,0.00454545,0.00454545,1,Bug-0258f25e-2476-4ea1-a5f6-c16faec7a80c,1400776297612
798,0.114286,0.142857,0.314286,0.0285714,0.257143,0.142857,2,Bug-b8addd63-7e7e-440c-ab67-8d98eca14978,1296354742718
799,0.0238095,0.0238095,0.452381,0.190476,0.0238095,0.285714,2,Bug-36fcd516-5378-474c-90f4-869fb9f5bf07,1402655839557
800,0.0526316,0.0526316,0.0526316,0.736842,0.0526316,0.0526316,3,Bug-78dd98ad-2afa-4c1c-910b-76bf04791655,1409122793590
801,0.042735,0.17094,0.230769,0.324786,0.00854701,0.222222,3,Bug-9834f403-6db5-4eeb-8272-bda47aa81e95,1362097608851
802,0.0323887,0.862348,0.0161943,0.0121457,0.0728745,0.00404858,1,Bug-46ab89af-a193-474d-bdcd-d60fa66ec21c,1369165804091
803,0.0352734,0.00881834,0.268078,0.0705467,0.00705467,0.610229,5,Bug-117b1cd4-a5c6-487d-b315-b58cb95f0ddd,1364902484345
804,0.408163,0.340136,0.0510204,0.0680272,0.0510204,0.0816327,0,Bug-ac1b6d02-39bf-413c-bc18-104e1ab1f2a8,1370282878664
805,0.116364,0.807273,0.00363636,0.0509091,0.0181818,0.00363636,1,Bug-bd0a09df-1844-432d-ad05-da56d90d0d17,1266980441694
806,0.10604,0.558389,0.061745,0.0550336,0.0885906,0.130201,1,Bug-6e41ed06-8af3-4605-9e45-105b55866fbe,1376088461366
807,0.0313725,0.788235,0.0254902,0.0176471,0.0980392,0.0392157,1,Bug-f3dbcafe-5c21-47a0-be18-8b8635486e12,1346287608604
808,0.123545,0.72251,0.0181113,0.0245796,0.0937904,0.0174644,1,Bug-807e54c6-858c-4b55-9267-a466b74f7489,1393484745520
809,0.109029,0.672913,0.151618,0.00851789,0.00170358,0.0562181,1,Bug-22be8022-5760-4caf-b583-c4e31ce25cc5,1339017880691
810,0.019802,0.019802,0.574257,0.0693069,0.0891089,0.227723,2,Bug-d9dd3f13-4c92-4bf8-b6a1-1b7c3ded516a,1402642403404
811,0.135442,0.784266,0.0145985,0.00973236,0.0170316,0.0389294,1,Bug-13aad760-ee87-4c35-aff5-6eaa5826715e,1393552302525
812,0.28972,0.504673,0.0186916,0.00934579,0.168224,0.00934579,1,Bug-21139f94-bef5-4b3a-a241-e3b844ff695c,1379951926954
813,0.0505495,0.887912,0.0175824,0.00659341,0.0351648,0.0021978,1,Bug-75c77ea0-9702-44c3-8bbe-6feac6f81fd1,1357905983557
814,0.138462,0.619231,0.0769231,0.00384615,0.157692,0.00384615,1,Bug-42191453-4d41-4d36-baea-ccb19b836045,1392383396760
815,0.154839,0.0516129,0.56129,0.0516129,0.154839,0.0258065,2,Bug-1a3caca0-c774-47b7-ac3f-39fa33b8248f,1369964277996
816,0.137615,0.0183486,0.761468,0.0275229,0.00917431,0.0458716,2,Bug-8fa097c6-e5cf-4bae-985c-69298e4abcd2,1381879070477
817,0.219672,0.727869,0.00327869,0.00327869,0.00327869,0.042623,1,Bug-b8a1431d-ac6f-48d2-9828-7aa7faee26ae,1358201456614
818,0.0280612,0.933673,0.00255102,0.00255102,0.0306122,0.00255102,1,Bug-162dade1-e180-4ac1-b251-2b5725b3fb12,1379622089068
819,0.0851915,0.722699,0.0720412,0.0411664,0.0646083,0.0142939,1,Bug-7a87e49e-e0ef-4933-8127-475783b877fd,1375786388312
820,0.297619,0.190476,0.22619,0.0119048,0.0119048,0.261905,0,Bug-f27bab81-e00f-4d4c-8ba8-5afe94376fa1,1391192695228
821,0.0188679,0.0188679,0.207547,0.283019,0.0188679,0.45283,5,Bug-73018b5f-ac1a-478e-892f-c7ba9a1d88fb,1299545832226
822,0.0933333,0.746667,0.0333333,0.00333333,0.0966667,0.0266667,1,Bug-815b417a-f698-463d-97d8-f6730cffc4f9,1373923998185
823,0.358491,0.0849057,0.334906,0.0754717,0.0471698,0.0990566,0,Bug-89ef74e1-848b-4de0-bc16-40b4f6bdcb73,1336224769947
824,0.172619,0.77381,0.0357143,0.00297619,0.0119048,0.00297619,1,Bug-e224a3ae-43f0-45bd-8f12-905e5bb01b31,1376947145049
825,0.0482625,0.862934,0.0135135,0.0405405,0.0328185,0.0019305,1,Bug-92a41d1a-c7c5-4c07-b837-1c539f0c5fab,1382469300987
826,0.222222,0.111111,0.222222,0.111111,0.111111,0.222222,0,Bug-9ec3d33d-703e-4148-a6bb-d4f1f62c1e5d,1347673801626
827,0.0204082,0.0204082,0.77551,0.122449,0.0408163,0.0204082,2,Bug-ea308814-3892-40c8-8f26-beedb1adba55,1397847164137
828,0.403226,0.104839,0.467742,0.00806452,0.00806452,0.00806452,2,Bug-5ecd8589-6b52-4989-89ac-53c7dbb8aa5e,1362264447163
829,0.524731,0.027957,0.154839,0.0215054,0.268817,0.00215054,0,Bug-93060ffd-08a1-40d6-a16e-cf6668b63189,1250563485989
830,0.0692308,0.0846154,0.230769,0.00769231,0.238462,0.369231,5,Bug-5ed880d7-445c-48c0-ae01-6f2718315079,1382047416473
831,0.0111111,0.0444444,0.611111,0.222222,0.0111111,0.1,2,Bug-28b68de6-140b-4e61-b77f-12f13d91a9c1,1379775504108
832,0.190678,0.449153,0.207627,0.0127119,0.059322,0.0805085,1,Bug-830b127f-c22c-46aa-95a2-aa6685921fe8,1343262644662
833,0.100737,0.592138,0.213759,0.00737101,0.0012285,0.0847666,1,Bug-acd18d9e-4b4f-4b11-99a0-f57b6cb09be4,1381298945436
834,0.0444444,0.0222222,0.0222222,0.311111,0.111111,0.488889,5,Bug-91d39e87-ad56-4e2b-94cb-50ba05c19428,1405027114929
835,0.200557,0.0473538,0.682451,0.0362117,0.0250696,0.00835655,2,Bug-f997bfc2-d045-4b7b-8e46-2580d9a6b837,1390510421470
836,0.00776398,0.302795,0.158385,0.152174,0.0636646,0.315217,5,Bug-aa492581-a8b4-478a-8a84-cc9fc8b2b742,1399657049406
837,0.244604,0.0143885,0.645084,0.0743405,0.00239808,0.0191847,2,Bug-cb4d3c06-736b-4e12-8f58-b6b77513e9fa,1292541575070
838,0.0105263,0.0105263,0.231579,0.126316,0.210526,0.410526,5,Bug-7459a47b-0ef9-4c09-82e4-aa2c23fb223a,1369434219687
839,0.00917431,0.00917431,0.422018,0.201835,0.0275229,0.330275,2,Bug-85be947d-e72d-4477-8f3d-06819226a8d5,1392182953340
840,0.125737,0.643222,0.17721,0.00353635,0.00628684,0.0440079,1,Bug-19193ae5-4cfd-4dda-b5c4-d461b02e9427,1405319740223
841,0.493103,0.0482759,0.0758621,0.0586207,0.0206897,0.303448,0,Bug-635e4cfc-718c-4e2d-8771-c84b1e66c311,1332035196375
842,0.0555556,0.222222,0.0555556,0.5,0.0555556,0.111111,3,Bug-6b025ab9-2c7f-40c2-9920-4d2680741bd2,1386879927038
843,0.150943,0.0188679,0.509434,0.119497,0.122642,0.0786164,2,Bug-f3732ef8-01df-442c-ad4e-baf97db7749b,1394246045404
844,0.75,0.125,0.03125,0.03125,0.03125,0.03125,0,Bug-4eec45c4-ef0d-4b76-be1f-cf59210818a5,1399670445896
845,0.181818,0.0909091,0.0909091,0.0909091,0.0909091,0.454545,5,Bug-a65a91bd-4d32-497b-8bea-1ca26e620e85,1381362846491
846,0.333333,0.0714286,0.142857,0.380952,0.0238095,0.047619,3,Bug-c4ef7b4d-d0c0-4730-bba6-84a5efe4ed82,1405370418881
847,0.235632,0.62931,0.126437,0.00287356,0.00287356,0.00287356,1,Bug-8554f804-5325-4da4-96ac-35fbc536f112,1386053330765
848,0.0905923,0.756098,0.142857,0.00348432,0.00348432,0.00348432,1,Bug-db8220dd-7b8e-4b8a-b1b9-5c2fc4fa37f3,1400205197609
849,0.0666667,0.0222222,0.466667,0.0222222,0.2,0.222222,2,Bug-b19c0e2c-f122-4339-bd39-6f02bf2eff7d,1407455374283
850,0.0454545,0.0454545,0.363636,0.136364,0.0909091,0.318182,2,Bug-a72a6391-3483-43d7-b2d1-ecca4bedabbd,1383238164270
851,0.0150943,0.818868,0.143396,0.0113208,0.00754717,0.00377358,1,Bug-0610ad20-878d-44fc-84ec-3fe7dd3846ce,1359746643359
852,0.177673,0.740566,0.00157233,0.0235849,0.00157233,0.0550314,1,Bug-5927be97-ab4f-4825-a2c3-3505e97edea1,1323316807623
853,0.105263,0.809598,0.0108359,0.00154799,0.0309598,0.0417957,1,Bug-84af7da5-0f8a-4c4b-830c-a5aa4c4e1198,1366565704069
854,0.156047,0.438231,0.0715215,0.0702211,0.228869,0.0351105,1,Bug-0adb5a07-1808-49b6-93ea-20c38edd1558,1363825441641
855,0.300268,0.586238,0.0178731,0.0563003,0.00357462,0.0357462,1,Bug-fbc90e81-b8cd-4597-91af-cc607ad66996,1379127207498
856,0.196522,0.477101,0.0962319,0.132464,0.0486957,0.0489855,1,Bug-615e00d0-707d-410a-80d1-3804e81f174f,1376095060640
857,0.101449,0.0289855,0.415459,0.101449,0.154589,0.198068,2,Bug-0d329a13-7b7a-4d2a-9c1a-941556ad43ef,1377719416158
858,0.0238095,0.801587,0.0555556,0.0436508,0.00396825,0.0714286,1,Bug-0f31abf0-4251-4520-9d95-f41b4dc121a7,1288376619048
859,0.373134,0.141791,0.0820896,0.119403,0.276119,0.00746269,0,Bug-231a1712-ce68-497f-89a6-5add31b9e3bf,1393422793044
860,0.211268,0.544601,0.00938967,0.00469484,0.173709,0.056338,1,Bug-90e20dbc-c089-4ecc-a660-d88bad7753c9,1409684112113
861,0.0613497,0.769939,0.00306748,0.00306748,0.156442,0.00613497,1,Bug-c445a15d-4c65-4207-827c-01b3cdf2987e,1355261597760
862,0.708861,0.139241,0.101266,0.0253165,0.0126582,0.0126582,0,Bug-d8754257-5741-48e1-a8d6-b9f757e8768a,1337818621289
863,0.142857,0.047619,0.666667,0.047619,0.047619,0.047619,2,Bug-5b4aa422-ff1e-47a7-934f-bfb08f14b840,1387390640060
864,0.0344828,0.689655,0.0560345,0.00215517,0.127155,0.0905172,1,Bug-67eb44b1-bfa5-4118-9aca-ae1b9f0f10ef,1404330455637
865,0.0181818,0.0181818,0.490909,0.2,0.0545455,0.218182,2,Bug-0ddbbe23-f40c-4a06-aa49-960430f6d8b1,1373675056394
866,0.0602883,0.51114,0.266055,0.0196592,0.0458716,0.0969856,1,Bug-7accc572-4d3b-419c-b314-654cff8231aa,1331312265902
867,0.144737,0.0263158,0.276316,0.171053,0.0131579,0.368421,5,Bug-c6f98a91-7b3a-4e6b-baec-840c205de26e,1345245581896
868,0.0211268,0.00704225,0.295775,0.147887,0.00704225,0.521127,5,Bug-97571f8e-6c03-4b5c-a5d0-8d7f2762244f,1378302327881
869,0.154372,0.28041,0.127992,0.125061,0.0600879,0.252076,1,Bug-1408547f-0d19-4181-8035-7b91f6183a5c,1375166271216
870,0.241758,0.0604396,0.450549,0.0604396,0.00549451,0.181319,2,Bug-3b662dd5-34af-457c-9c7a-4b243754503f,1399036369389
871,0.193961,0.735192,0.0150987,0.0162602,0.00116144,0.0383275,1,Bug-80e92681-3394-461c-856e-924db4f9c986,1406893988288
872,0.368421,0.0986842,0.480263,0.0197368,0.0263158,0.00657895,2,Bug-b2527520-6a5d-436f-8259-bdde2f42c077,1395771969744
873,0.179959,0.269939,0.184049,0.153374,0.155419,0.0572597,1,Bug-10023c1f-dc9b-4619-b551-f372930563c3,1394057051672
874,0.045657,0.469933,0.16314,0.234967,0.0155902,0.0707127,1,Bug-9d1e06b2-1a49-42d9-bc2a-6c82739bfdef,1392940962572
875,0.134021,0.817869,0.0103093,0.0206186,0.0137457,0.00343643,1,Bug-360dbe29-ac3a-418d-8bb5-5e1bb5dcb5ce,1362547056696
876,0.0447761,0.0149254,0.38806,0.253731,0.268657,0.0298507,2,Bug-73c16f80-b9cf-4a84-b358-b2c22d79353b,1297486860135
877,0.840491,0.0940695,0.0235174,0.00102249,0.0398773,0.00102249,0,Bug-8951f939-b5ff-4d2e-9f3f-5fb916b9d4df,1395773015877
878,0.0301075,0.873118,0.00215054,0.0172043,0.0172043,0.0602151,1,Bug-d7488066-d139-47ee-b97e-9b9a37f7b7ca,1388989764037
879,0.0332326,0.648792,0.179003,0.0513595,0.0422961,0.0453172,1,Bug-25e3752a-100f-4040-90e3-7fabaa1d14ab,1390344939209
880,0.165414,0.793233,0.0300752,0.0037594,0.0037594,0.0037594,1,Bug-0fe95161-6dcf-4648-aa1a-4a56596c8825,1348597900979
881,0.0294118,0.0294118,0.0882353,0.0588235,0.294118,0.5,5,Bug-590d64ca-dddc-4d1a-afb0-d0b364e12661,1378933277458
882,0.522541,0.44877,0.0184426,0.00614754,0.00204918,0.00204918,0,Bug-def8eb51-db81-4a08-90fc-6617394b0a65,1408528289741
883,0.15625,0.582589,0.0691964,0.046875,0.0133929,0.131696,1,Bug-62296dbf-6363-4b0f-a39e-d862a5a2c17e,1377295143574
884,0.0886525,0.815603,0.070922,0.0035461,0.0177305,0.0035461,1,Bug-81f15d1e-c642-4b4d-b063-092a6e0b286c,1309923509978
885,0.111111,0.111111,0.222222,0.333333,0.111111,0.111111,3,Bug-4aee2b9d-b3ae-4387-acfa-2fa5c219cf3c,1385416220246
886,0.217069,0.376623,0.0593692,0.168831,0.0612245,0.116883,1,Bug-9603a999-8420-4618-bcc7-814f795ad816,1389659531395
887,0.157576,0.587879,0.00606061,0.00606061,0.236364,0.00606061,1,Bug-c4ad99d6-5164-4ddd-82a4-ec2983571bed,1375367677825
888,0.179661,0.749153,0.00338983,0.00338983,0.0610169,0.00338983,1,Bug-4e4179af-ebc0-4478-a012-9d1fcde549b9,1406305792203
889,0.04,0.04,0.24,0.32,0.04,0.32,3,Bug-7f3fa5c2-f82e-4afd-91f2-5a6c8f8270a7,1349210520673
890,0.776481,0.197579,0.00389105,0.00129702,0.0203199,0.000432339,0,Bug-f9c111b2-351a-488c-b5b9-8219d7cd5eb6,1381130153552
891,0.62037,0.148148,0.203704,0.00925926,0.00925926,0.00925926,0,Bug-bafd1b7f-a740-4fd1-b23e-73f782078a42,1394002793044
892,0.0845547,0.578354,0.179256,0.0349493,0.0552424,0.0676437,1,Bug-67cfe136-efb8-46b4-842a-46fa5a8b84b7,1374170565416
893,0.0224719,0.011236,0.134831,0.11236,0.011236,0.707865,5,Bug-4614de22-dafc-4492-99c7-ffec8bed357f,1404950210502
894,0.162914,0.569536,0.0317881,0.0635762,0.0357616,0.136424,1,Bug-874fbda3-6ab2-4c99-a59d-b1078be79899,1391106217397
895,0.0588235,0.0588235,0.529412,0.0588235,0.0588235,0.235294,2,Bug-d330f160-d9ee-4dea-a2a6-f05268cf9680,1382773354041
896,0.117984,0.534937,0.0652921,0.120848,0.100229,0.0607102,1,Bug-99ecb6ab-8ebb-4426-9555-7150d99c497d,1386957656109
897,0.142857,0.142857,0.142857,0.142857,0.142857,0.285714,5,Bug-707f0646-1a78-4848-b7ec-75873f7d91b5,1349158187134
898,0.0285714,0.171429,0.371429,0.342857,0.0285714,0.0571429,2,Bug-81a542bf-e566-43b7-baf8-5a0c1b9d556d,1360464388076
899,0.0588235,0.0588235,0.235294,0.294118,0.0588235,0.294118,3,Bug-94ec1b2a-6e15-4c29-b9dd-086060224641,1343333611136
900,0.208219,0.632877,0.090411,0.0356164,0.0246575,0.00821918,1,Bug-601a8e97-1dcf-4ad4-9c53-49ed22afe962,1368754159227
901,0.0222222,0.0222222,0.311111,0.155556,0.0888889,0.4,5,Bug-ca1370cd-f387-4910-b35a-80efecf4b63c,1361808001171
902,0.0125786,0.0125786,0.245283,0.345912,0.00628931,0.377358,5,Bug-ff87e3fa-eec2-46a2-a729-16e38db53a44,1409539665618
903,0.0567686,0.00436681,0.436681,0.340611,0.0305677,0.131004,2,Bug-511cc806-38cd-49be-87b1-91c27cd1de02,1384201510978
904,0.0855422,0.244578,0.36747,0.0951807,0.0253012,0.181928,2,Bug-d8439dea-9610-4219-9754-149a2c6785e9,1330368263206
905,0.0144928,0.0144928,0.565217,0.202899,0.0144928,0.188406,2,Bug-320ee8b7-d7e8-4a77-b672-272ae6645dab,1386173715425
906,0.0815287,0.543949,0.101911,0.0471338,0.10828,0.117197,1,Bug-007e1cfd-3ea8-4a6e-8680-46901e9816eb,1405533468180
907,0.0537975,0.221519,0.0506329,0.00316456,0.636076,0.0348101,4,Bug-9610ad45-56e4-4cde-9a19-2db3a6ceacfb,1376352503887
908,0.43299,0.123711,0.0618557,0.0103093,0.350515,0.0206186,0,Bug-4ef2b889-a681-4ebb-922d-1e39ac6e2272,1372098285120
909,0.497238,0.39779,0.00552486,0.00552486,0.0883978,0.00552486,0,Bug-418de686-7dd6-4e4c-aa98-18014699e037,1397512920732
910,0.140998,0.725235,0.0751988,0.00650759,0.0021692,0.0498915,1,Bug-5a5a47c7-6a2d-4f18-81c1-0a26d60a3162,1396968547177
911,0.0625,0.0625,0.25,0.125,0.0625,0.4375,5,Bug-a6508579-9abe-4033-a494-e13bb0b0be7a,1363303129331
912,0.258065,0.290323,0.0322581,0.16129,0.225806,0.0322581,1,Bug-0f3e2a08-8650-47ab-839b-1457daeb7273,1409788099491
913,0.0416667,0.0416667,0.0833333,0.25,0.0833333,0.5,5,Bug-a0113083-85d8-4b4e-826d-b4404599a275,1359101504695
914,0.125,0.125,0.375,0.125,0.125,0.125,2,Bug-cff65590-3ac7-4497-9c30-108a3f71f0c6,1374552376113
915,0.095092,0.570552,0.162577,0.0582822,0.0828221,0.0306748,1,Bug-59ab5260-0416-4eb3-b88c-4002f983bb75,1405548354112
916,0.48773,0.0828221,0.266871,0.0736196,0.00306748,0.0858896,0,Bug-2493c49f-b463-4eea-b599-40e61a6be628,1405659155383
917,0.79,0.13,0.05,0.01,0.01,0.01,0,Bug-4225d41d-9675-497e-8ceb-a99f5044bb85,1381180466290
918,0.0289855,0.724155,0.110628,0.0164251,0.0782609,0.0415459,1,Bug-c2cf89c7-860a-4aee-968d-a7a3506b52e1,1404974937058
919,0.353846,0.138462,0.461538,0.0153846,0.0153846,0.0153846,2,Bug-9a1c8428-cd48-443b-ae4a-b95a75b7a486,1378498461979
920,0.015873,0.015873,0.603175,0.174603,0.015873,0.174603,2,Bug-5323266e-d74b-4be8-9251-13be45139858,1331337278568
921,0.149461,0.587057,0.0493066,0.0955316,0.00154083,0.117103,1,Bug-5fdf2ef7-44c4-4e6a-aab8-c0a40d024696,1363535257401
922,0.0717131,0.874502,0.0139442,0.00199203,0.00199203,0.0358566,1,Bug-fb1f8705-9fdf-4984-bfa9-32368d6ca253,1238402231507
923,0.196078,0.563025,0.0112045,0.0532213,0.173669,0.00280112,1,Bug-09e53799-b708-4e01-affa-f3a525a5590f,1394820330580
924,0.441176,0.107843,0.235294,0.0490196,0.00980392,0.156863,0,Bug-38d4059f-3ae8-4079-936d-9ea0da5726f7,1354591523839
925,0.106849,0.131507,0.468493,0.00273973,0.175342,0.115068,2,Bug-d47fb493-dcbe-4738-bb40-5e301a3bdfb7,1335313743028
926,0.0945122,0.594512,0.097561,0.0945122,0.0823171,0.0365854,1,Bug-f7d12dad-f436-4ea1-90b4-ebf71dc094fe,1378413196341
927,0.142857,0.142857,0.142857,0.142857,0.142857,0.285714,5,Bug-af537720-dea1-4433-904d-1e0410510464,1352312396224
928,0.04,0.04,0.36,0.04,0.08,0.44,5,Bug-b8f0501f-12dd-49cd-ac55-1a8a4ad07b0d,1373419305211
929,0.015873,0.0238095,0.52381,0.214286,0.047619,0.174603,2,Bug-284a0073-7891-4867-90d8-d4cd3a93851b,1406821560972
930,0.0583269,0.686876,0.038373,0.0145817,0.00153492,0.200307,1,Bug-5c0cc2de-181f-48a2-9601-4e20d05dde49,1393236140134
931,0.0597484,0.0377358,0.27673,0.27673,0.22327,0.125786,2,Bug-263a94ed-1b27-4902-b445-f0489dd0b569,1394259330211
932,0.391304,0.195652,0.0434783,0.326087,0.0217391,0.0217391,0,Bug-61a41876-f52d-42e7-b5b4-86c33bb903ef,1395872618525
933,0.047619,0.047619,0.0952381,0.0952381,0.333333,0.380952,5,Bug-13da5d90-f88f-4c4f-b555-4e09816c7690,1350540919915
934,0.0554371,0.878465,0.0447761,0.0021322,0.0021322,0.0170576,1,Bug-6323e83a-9e18-4099-9dc1-fe5ba4e15ed8,1332229992284
935,0.0179641,0.882236,0.0499002,0.00199601,0.0459082,0.00199601,1,Bug-d893a790-0817-4e16-8abc-d2d587c9017b,1404163765615
936,0.552163,0.14631,0.179389,0.00508906,0.0852417,0.0318066,0,Bug-e3a56df7-7d89-4b08-9258-f73646684613,1372804633718
937,0.255014,0.653295,0.00286533,0.0429799,0.0429799,0.00286533,1,Bug-fdcf7dad-f536-470d-8c98-e93827934ca3,1405643130638
938,0.0121951,0.0121951,0.682927,0.207317,0.0121951,0.0731707,2,Bug-548e1847-51a5-44eb-8129-ddb23f9d37f2,1368033308309
939,0.1,0.1,0.3,0.2,0.1,0.2,2,Bug-7a9c1c5c-f94a-4ae8-a5dc-7467fda7562a,1403833202589
940,0.0918618,0.257525,0.146042,0.194203,0.0173913,0.292977,5,Bug-98c387a3-678f-4974-844a-a5d6bb5f6d28,1381225384186
941,0.142857,0.142857,0.285714,0.142857,0.142857,0.142857,2,Bug-edd1bf5b-0589-44a7-a0b0-fb12d391d72c,1385649258697
942,0.0561798,0.101124,0.34382,0.0337079,0.375281,0.0898876,4,Bug-f8ba4802-d391-4aa3-8796-814d0f6d07ca,1392845257051
943,0.0203252,0.239837,0.301829,0.0152439,0.267276,0.155488,2,Bug-edaaa043-7cae-44af-a37a-40869364e57c,1375880541829
944,0.05,0.05,0.3,0.4,0.05,0.15,3,Bug-245cf1d8-e867-4ca3-876e-767e7189d29d,1341476408212
945,0.0930233,0.802326,0.0465116,0.00387597,0.0503876,0.00387597,1,Bug-2c3d4f75-a390-4afc-bf4c-9a70a65e672b,1379586568108
946,0.455163,0.413043,0.0475543,0.00271739,0.0149457,0.0665761,0,Bug-0819054a-1b99-48a9-b6a9-a7346f49971b,1363548863688
947,0.147541,0.666667,0.00273224,0.150273,0.0300546,0.00273224,1,Bug-33c0e340-6525-4333-bae9-dccfcbba9f3b,1350693748614
948,0.0477137,0.524851,0.0463883,0.177601,0.0603048,0.143141,1,Bug-6788004f-0750-4f09-a4ad-161a36ca69cf,1409253780117
949,0.210526,0.347826,0.0938215,0.212815,0.0617849,0.0732265,1,Bug-aa470245-c2d8-417b-b29c-24248d2ed459,1394639144431
950,0.0942623,0.790984,0.0245902,0.00409836,0.0819672,0.00409836,1,Bug-5fb75351-b5bf-4ed2-9c31-015e7dd91a38,1383640134060
951,0.0346821,0.0693642,0.115607,0.156069,0.445087,0.179191,4,Bug-f6c9a04b-593a-43e4-b5f6-e273786bb939,1388797564690
952,0.333333,0.222222,0.111111,0.111111,0.111111,0.111111,0,Bug-1f4490d0-d744-48e9-b74a-837d99a1316b,1399413572378
953,0.0166667,0.0166667,0.5,0.0166667,0.0166667,0.433333,2,Bug-7c87d097-24ec-46ca-876e-1097653fa07f,1400724001182
954,0.0944882,0.885827,0.00393701,0.00393701,0.00787402,0.00393701,1,Bug-6322a906-e72a-4583-b05f-87bdd004453d,1360226098431
955,0.0666667,0.797279,0.0136054,0.00136054,0.0176871,0.103401,1,Bug-bd00aeb0-bd88-4338-8e9e-797bf01cdb3e,1377291488454
956,0.0884272,0.72288,0.0910848,0.032375,0.0176371,0.047596,1,Bug-cc0bc914-6ce3-4c8e-b4bb-86530e1a0c11,1380733946400
957,0.745098,0.205882,0.0196078,0.00980392,0.00980392,0.00980392,0,Bug-680f54a5-f21b-436d-abe4-af1cef90102c,1377287233580
958,0.251969,0.577428,0.0918635,0.00262467,0.00262467,0.0734908,1,Bug-4ddd8732-6028-4f7d-ae46-18bfe07ecf3a,1345225837991
959,0.030303,0.030303,0.393939,0.272727,0.030303,0.242424,2,Bug-ccb14272-af20-4ce9-acfc-91b476223f53,1272552959000
960,0.734375,0.09375,0.109375,0.015625,0.03125,0.015625,0,Bug-7a5765cc-d485-4939-bb5a-efc2431b711a,1332304044768
961,0.0789474,0.0263158,0.131579,0.342105,0.0263158,0.394737,5,Bug-8bf81cc5-6bcb-4e73-a876-d72cd62c2c2a,1383776747741
962,0.071875,0.840625,0.0015625,0.0015625,0.0828125,0.0015625,1,Bug-1bfa1dce-0953-4431-b56c-2d3eaf1691fb,1383285385710
963,0.414634,0.134146,0.414634,0.0121951,0.0121951,0.0121951,0,Bug-64f60558-c4bc-4d1f-be0c-b537b40551c1,1389385553911
964,0.0857143,0.840816,0.0408163,0.00408163,0.00816327,0.0204082,1,Bug-95c96c82-079a-4838-b4de-4d12d3e186d0,1381264874214
965,0.131503,0.563584,0.289017,0.00144509,0.00144509,0.0130058,1,Bug-f98a8570-e492-4a36-b24a-9eb98211cd00,1348016694116
966,0.0685279,0.345178,0.119289,0.00253807,0.0152284,0.449239,5,Bug-43697925-4012-462c-8944-cc901b2ccd9f,1403918475075
967,0.171429,0.760714,0.0214286,0.0214286,0.0178571,0.00714286,1,Bug-974ea792-8b25-42d3-89c3-5aa386aa8c8f,1409025706332
968,0.76087,0.0869565,0.0869565,0.0217391,0.0217391,0.0217391,0,Bug-bb62ccc0-8fce-48be-822f-8b24f41ebff6,1384815033072
969,0.125,0.125,0.375,0.125,0.125,0.125,2,Bug-be9a16ca-4910-4f47-b409-83d925561ed3,1406075695432
970,0.350746,0.00248756,0.574627,0.0298507,0.039801,0.00248756,2,Bug-f1fab716-f4e0-4992-ba9f-44c6ad6eb157,1367898660039
971,0.125874,0.800699,0.00699301,0.00699301,0.027972,0.0314685,1,Bug-a96af09d-070d-4dc2-8183-015a81340165,1389587377420
972,0.185819,0.139364,0.0843521,0.00122249,0.512225,0.0770171,4,Bug-01f962bb-4598-4582-b067-82176af22338,1410666852475
973,0.0976492,0.406872,0.0614828,0.264014,0.162749,0.00723327,1,Bug-23e8175a-0ea6-4b2f-a019-579e6faf6d74,1380844568631
974,0.0555556,0.232323,0.10101,0.0353535,0.474747,0.10101,4,Bug-551fa525-d1e5-467e-98cf-bbf62111def3,1368555120772
975,0.155427,0.571583,0.249549,0.0129823,0.0100974,0.00036062,1,Bug-d05f1707-3cc9-4ac8-ba75-cbf3d143fdf0,1368332831675
976,0.221154,0.288462,0.149038,0.0288462,0.283654,0.0288462,1,Bug-d435461b-0acf-4dcb-9b8e-bb1a78e42e07,1388382760210
977,0.0606061,0.606061,0.00606061,0.00606061,0.315152,0.00606061,1,Bug-604fdc58-67f1-4d46-aebc-624b6d078240,1384208796196
978,0.18254,0.291383,0.24263,0.0668934,0.0170068,0.199546,1,Bug-12654adc-2290-4075-b1dc-cea73db3ccd3,1308934708123
979,0.108696,0.472826,0.0380435,0.00543478,0.36413,0.0108696,1,Bug-a5d86d71-6ed1-4bf6-a31f-4c23f830f0f7,1381355644113
980,0.142857,0.142857,0.285714,0.142857,0.142857,0.142857,2,Bug-1f3228de-5abd-4276-b9cb-a15aba465aca,1386552047578
981,0.03125,0.09375,0.28125,0.34375,0.0625,0.1875,3,Bug-0337d3ef-a897-46fa-a8c2-78bf8be6039e,1401348692703
982,0.0166667,0.2,0.0166667,0.05,0.7,0.0166667,4,Bug-31fcab48-c1f3-48f0-98ae-a94ca5c6625c,1378748104426
983,0.0526316,0.0526316,0.105263,0.157895,0.0526316,0.578947,5,Bug-25c5ca4c-b865-42fd-9928-1dfe14ddf374,1393358469018
984,0.767857,0.0892857,0.0357143,0.0178571,0.0178571,0.0714286,0,Bug-52ee2e9c-fb82-4785-bcbd-24c2586b9ab5,1400100669558
985,0.0212443,0.907436,0.0257967,0.0151745,0.0288316,0.00151745,1,Bug-9e675c6f-bc03-454c-8be0-9c92c135ab63,1395436950613
986,0.308642,0.160494,0.333333,0.17284,0.0123457,0.0123457,2,Bug-8a50ee52-7891-46d1-bf0e-c1f42599b12e,1370758994850
987,0.0326087,0.0434783,0.108696,0.358696,0.0108696,0.445652,5,Bug-e887f11b-77e0-4d77-a9c6-d1689a988600,1406743890236
988,0.0123457,0.432099,0.0617284,0.0123457,0.469136,0.0123457,4,Bug-0e7037a2-09b9-44f0-853b-44a62b558fa3,1363282231745
989,0.0903427,0.623053,0.124611,0.0436137,0.115265,0.00311526,1,Bug-1ec15cef-e5f4-4de0-b5bc-3c314d914482,1346960413004
990,0.0641399,0.664723,0.209913,0.00291545,0.0553936,0.00291545,1,Bug-c63cb4e3-086e-4de9-9c92-7dfc0f2ebd45,1346246121410
991,0.118492,0.793537,0.043088,0.00179533,0.0287253,0.0143627,1,Bug-55b67e6d-59c2-49a3-ba8e-963940cf68b3,1389381939815
992,0.433071,0.0866142,0.307087,0.0787402,0.00787402,0.0866142,0,Bug-434f9fca-65b8-43e0-b275-b0903a2ce520,1392103248380
993,0.0943739,0.838475,0.0272232,0.00181488,0.0127042,0.0254083,1,Bug-471b0a6a-2cef-4e9e-afbf-f4cfc6523520,1369520591088
994,0.0262582,0.919037,0.0153173,0.00218818,0.0153173,0.0218818,1,Bug-ac5a311e-86e7-41f8-a6ef-bfe8fac75418,1384948677441
995,0.168224,0.794393,0.0046729,0.00934579,0.00934579,0.0140187,1,Bug-0f5b4e46-c4bc-4523-a6ad-9fd83bf8d28c,1394852131114
996,0.0366492,0.814136,0.0759162,0.0026178,0.052356,0.0183246,1,Bug-05ba0b29-5a10-40cb-abd9-750799979e32,1379785429903
997,0.38,0.01,0.21,0.01,0.21,0.18,0,Bug-e75a3663-da72-4219-9f78-b627e60585ca,1361946761627
998,0.0588235,0.0588235,0.411765,0.0588235,0.0588235,0.352941,2,Bug-08483967-7e57-4d67-8913-8772ec839806,1362777373126
999,0.0833333,0.0833333,0.0833333,0.583333,0.0833333,0.0833333,3,Bug-5fbfb294-4e45-4154-8010-c16941cefff3,1392430766349
1000,0.305085,0.0508475,0.0677966,0.0169492,0.389831,0.169492,4,Bug-26a391dc-3e99-4ef8-9ccb-60147500fda0,1334230153269
1001,0.0833333,0.0208333,0.354167,0.229167,0.0208333,0.291667,2,Bug-75637bb9-f86a-4f77-bc36-b046b591900f,1376529524092
1002,0.938538,0.00996678,0.0215947,0.0265781,0.00166113,0.00166113,0,Bug-822963cc-a2ac-4205-bed0-cce9953d26db,1399613533499
1003,0.103448,0.54023,0.204598,0.0344828,0.0482759,0.0689655,1,Bug-ba58cba6-8c40-4edb-b897-91ce8aa1394e,1358363727271
1004,0.138889,0.788194,0.00347222,0.0381944,0.0138889,0.0173611,1,Bug-d83133a6-9a17-48f4-952d-848253778186,1381821807401
1005,0.0432692,0.798077,0.00480769,0.00480769,0.144231,0.00480769,1,Bug-0699fc4f-08b1-480e-aeae-6edb976c6e03,1376526346829
1006,0.188755,0.791165,0.00803213,0.00401606,0.00401606,0.00401606,1,Bug-a487033b-faf4-4bbb-9766-fa5ece10893e,1379424189700
1007,0.0472973,0.554054,0.0247748,0.0563063,0.304054,0.0135135,1,Bug-8aceb548-7e79-48a3-b00c-3a401a3f62d9,1373504566199
1008,0.25072,0.694524,0.00288184,0.0461095,0.00288184,0.00288184,1,Bug-ba3de79a-3263-487b-a5b4-c0d24566f656,1344503791492
1009,0.0128205,0.867521,0.0106838,0.017094,0.0405983,0.0512821,1,Bug-11670146-813b-4b4c-a97d-ab69638d3e33,1393422607805
1010,0.0833333,0.166667,0.333333,0.25,0.0833333,0.0833333,2,Bug-d7777013-ad9e-4e0c-835d-59b8c46a63b4,1384615345207
1011,0.0715789,0.692632,0.0968421,0.0421053,0.0305263,0.0663158,1,Bug-fb05857d-d373-4706-9674-65d75292802d,1406835099584
1012,0.0839065,0.714924,0.074851,0.0281981,0.0189133,0.0792068,1,Bug-6e40ade3-4636-43d7-893b-0165feef601c,1393889802175
1013,0.457143,0.0857143,0.0285714,0.0571429,0.342857,0.0285714,0,Bug-8f1919f7-c54a-4d94-9747-ac1b3255b9d3,1357782111665
1014,0.629213,0.202247,0.123596,0.011236,0.011236,0.0224719,0,Bug-696ca89f-d3d0-4b93-8e04-5ee69623a636,1381526716432
1015,0.115092,0.729642,0.0814332,0.0162866,0.0217155,0.0358306,1,Bug-6788bb08-fbd3-474a-8f82-39ccd0d6151f,1342989855701
1016,0.0434783,0.130435,0.130435,0.26087,0.0434783,0.391304,5,Bug-5556e013-3fe7-4a7b-9188-050181613f40,1406751112868
1017,0.111111,0.111111,0.444444,0.111111,0.111111,0.111111,2,Bug-d6a23d95-8b1c-42ef-889a-14a8fc4fe247,1355167693167
1018,0.196581,0.222222,0.205128,0.128205,0.230769,0.017094,4,Bug-586ff4bf-ab6a-4a9e-977b-566fdb28a05c,1383177359612
1019,0.176471,0.757353,0.00367647,0.00367647,0.0551471,0.00367647,1,Bug-d3fd52cd-f51c-489f-90a0-992a0d4cc2cd,1405993808027
1020,0.7343,0.164788,0.0144928,0.0477724,0.00751476,0.0311326,0,Bug-759210e5-cfc0-47ee-b485-9915a9e90a83,1387445613014
1021,0.0738786,0.00263852,0.234828,0.343008,0.00263852,0.343008,3,Bug-f6dd1e92-4b9d-452d-9a40-2fe05f7fd9d8,1410471276454
1022,0.150538,0.580645,0.00806452,0.142473,0.0456989,0.0725806,1,Bug-27d75c05-57ec-435a-9d55-a44747a78561,1388171079388
1023,0.176755,0.53753,0.133172,0.121065,0.00968523,0.0217918,1,Bug-d4f599e1-b53e-4d8a-946c-93456f5e4d4e,1266523086161
1024,0.129477,0.628099,0.206612,0.00275482,0.00275482,0.030303,1,Bug-fec1234c-2010-485f-86e6-cfa4b94128f0,1355805229833
1025,0.16,0.04,0.68,0.02,0.06,0.04,2,Bug-bbed19d6-530b-4e2a-8386-521dfcf78e0a,1394662033646
1026,0.284314,0.416667,0.0490196,0.00490196,0.220588,0.0245098,1,Bug-e8bd3259-e7e0-44ac-932f-7ef333c7b96f,1380051880963
1027,0.205212,0.758958,0.0228013,0.00651466,0.00325733,0.00325733,1,Bug-40fc372a-3d1c-4e96-a37a-15a39addc685,1393948956949
1028,0.154472,0.585366,0.101626,0.00406504,0.150407,0.00406504,1,Bug-7bb9b378-6f3e-4b67-8b44-a989e62acb31,1387794060587
1029,0.244514,0.683386,0.0031348,0.0626959,0.0031348,0.0031348,1,Bug-5e883bb4-507a-4733-952a-022b84ead59e,1340729795571
1030,0.494318,0.119318,0.164773,0.0284091,0.00568182,0.1875,0,Bug-d9e32625-747c-4c47-91f4-5e8c1cd7de99,1347579978700
1031,0.111111,0.741192,0.142276,0.00271003,0.00135501,0.00135501,1,Bug-7c26f3a3-85eb-44bf-ba94-4e87152875e7,1370901579579
1032,0.35,0.05,0.266667,0.0333333,0.283333,0.0166667,0,Bug-be65ce0e-4bca-47f0-8f7a-346e28cf6236,1352328420255
1033,0.164474,0.223684,0.0921053,0.0328947,0.381579,0.105263,4,Bug-ed5dc57e-a12f-48cf-9de9-29d5a41c5ff3,1397066538097
1034,0.0966921,0.483461,0.00254453,0.10687,0.307888,0.00254453,1,Bug-026dc3f9-dc6d-47c7-9a18-38a1b07860bd,1392187618544
1035,0.0441767,0.0240964,0.2249,0.385542,0.00401606,0.317269,3,Bug-b718358b-ec74-49aa-a5b3-eeb99d3945ee,1358784134167
1036,0.111111,0.111111,0.333333,0.222222,0.111111,0.111111,2,Bug-8b456804-eb88-48cf-84b1-faf9f3e66c21,1406071284185
1037,0.205882,0.532872,0.216263,0.000865052,0.0155709,0.0285467,1,Bug-eaf2fad6-7ecd-4a56-bc50-20cd954cba57,1369461801640
1038,0.108247,0.805842,0.00343643,0.0429553,0.00343643,0.0360825,1,Bug-25b583cb-a2bf-4e21-8a0d-116ee7628509,1346182237126
1039,0.00966184,0.00483092,0.227053,0.149758,0.00483092,0.603865,5,Bug-3f37a0af-eade-4882-8f75-24a0628147ee,1379713573810
1040,0.0669856,0.753589,0.00239234,0.0430622,0.107656,0.0263158,1,Bug-8ec22ca9-fa91-4ec0-99d9-39ed2eb8fd86,1386359292591
1041,0.519573,0.0782918,0.0213523,0.373665,0.00355872,0.00355872,0,Bug-6598c5a3-b589-4655-88ce-8de1176cbd68,1391417624753
1042,0.125793,0.603594,0.175476,0.00845666,0.0634249,0.0232558,1,Bug-9a5da361-bc8e-43d1-8357-70ab83aa81a0,1386884715913
1043,0.295711,0.586907,0.0112867,0.0677201,0.00225734,0.0361174,1,Bug-be3df807-dbd8-44c3-a080-7495ff34b643,1336074957341
1044,0.0835821,0.78209,0.0447761,0.0179104,0.0149254,0.0567164,1,Bug-ff4a5227-3b7c-40d4-a751-67518117d318,1378142790937
1045,0.457211,0.361331,0.121236,0.00356577,0.00118859,0.0554675,0,Bug-818f725c-b201-4fa0-a4ac-3ff236a666bc,1313475954734
1046,0.636364,0.0909091,0.159091,0.0227273,0.0681818,0.0227273,0,Bug-0e2d9814-0a88-46f9-a2f6-15175e2512e1,1399596800955
1047,0.735632,0.103448,0.0229885,0.0114943,0.114943,0.0114943,0,Bug-327b0cff-71b8-4eec-b0c2-7d88dbd1df6c,1396320988072
1048,0.111417,0.862448,0.00137552,0.00137552,0.00687758,0.0165062,1,Bug-d3260517-f56e-441d-a7ab-d47275a6cb0e,1408392503234
1049,0.227891,0.401361,0.0102041,0.0136054,0.289116,0.0578231,1,Bug-ba50644e-5298-429f-af53-1150ab8204a3,1379638202433
1050,0.127517,0.718121,0.0302013,0.0033557,0.11745,0.0033557,1,Bug-77530551-88ba-40cf-989f-642ceca7236f,1365408106724
1051,0.0324675,0.787338,0.0113636,0.00162338,0.163961,0.00324675,1,Bug-14f4fa8d-7804-4922-a392-88392d872913,1348042623840
1052,0.0451128,0.74812,0.0300752,0.0676692,0.105263,0.0037594,1,Bug-b0f2aae5-5584-4136-ac71-7ed6e5ae2983,1387289784862
1053,0.253071,0.498771,0.036855,0.019656,0.117936,0.0737101,1,Bug-11339f2b-8f0f-4e79-81cd-33958d573c3e,1393588842020
1054,0.1875,0.0625,0.0625,0.375,0.0625,0.25,3,Bug-5fd914dc-bae1-4fca-b1bf-8646ba110e04,1327602416906
1055,0.0666667,0.0666667,0.0666667,0.133333,0.0666667,0.6,5,Bug-6937c954-e519-478e-ba49-17c3cd88509a,1382052328182
1056,0.5,0.0818182,0.0454545,0.00909091,0.354545,0.00909091,0,Bug-9d109f98-14dd-417b-adf4-31fa7cb3a9ac,1387490627481
1057,0.0880399,0.687708,0.104651,0.0282392,0.0614618,0.0299003,1,Bug-d44db231-181b-431e-b512-19487b2a8c3f,1370643323848
1058,0.140187,0.556075,0.0350467,0.00233645,0.067757,0.198598,1,Bug-7e52153a-52a6-4c5b-9fad-ae84f745920b,1391194765931
1059,0.058642,0.0216049,0.861111,0.00617284,0.00308642,0.0493827,2,Bug-31471b15-3938-426a-9224-ce1cf1e89934,1375228004972
1060,0.0204082,0.0204082,0.44898,0.0204082,0.0204082,0.469388,5,Bug-76bf19bd-c22b-4153-802a-d81fe15c2d1f,1262866458055
1061,0.181176,0.595294,0.0117647,0.0823529,0.0164706,0.112941,1,Bug-bbaf181c-3497-41d3-8dfd-1664b623c112,1343766065496
1062,0.0625,0.0625,0.6875,0.0625,0.0625,0.0625,2,Bug-afd78310-74a8-42c4-80c1-8e95726fefc0,1314659608323
1063,0.0882957,0.750513,0.0554415,0.00513347,0.0934292,0.00718686,1,Bug-09a7287c-9cd9-49d7-97b4-fd3a0c9707f7,1387442780827
1064,0.617729,0.0526316,0.157895,0.0581717,0.0304709,0.0831025,0,Bug-22327f15-dbd1-41ec-8dbf-97f3ca5f8a2b,1276541335845
1065,0.104015,0.740876,0.00729927,0.0985401,0.00182482,0.0474453,1,Bug-69c33b26-ce62-4165-803e-3439e5d93bfa,1261958948777
1066,0.314286,0.0571429,0.4,0.0142857,0.0142857,0.2,2,Bug-ad444ace-69af-4ca9-a53e-015fc8026d23,1381899018508
1067,0.136364,0.0454545,0.0454545,0.409091,0.0909091,0.272727,3,Bug-e8707fff-79db-405c-ac75-562402fe42b7,1320343248110
1068,0.21755,0.471664,0.263254,0.0146252,0.00182815,0.0310786,1,Bug-f52773de-8891-4100-bb2d-c38f1eabdd9a,1377191089293
1069,0.023753,0.447743,0.0950119,0.206651,0.225653,0.00118765,1,Bug-e4b306d7-7651-4871-8fb0-38f4878ba381,1386376947976
1070,0.281787,0.345361,0.340206,0.0171821,0.0137457,0.00171821,1,Bug-462a96f4-31e2-47bc-ba7d-11affc66205a,1402527581870
1071,0.444444,0.505669,0.00907029,0.00226757,0.0362812,0.00226757,1,Bug-2afe7a0e-b206-42b9-bb94-60afb40bc33f,1396960398070
1072,0.0188679,0.00943396,0.193396,0.29717,0.0377358,0.443396,5,Bug-1c7c9d7f-d9b9-4992-8443-5338fac795bd,1338199607263
1073,0.0555556,0.0555556,0.5,0.0555556,0.0555556,0.277778,2,Bug-2f561018-b5e5-4cef-b0c7-8a1830246cc2,1386177100281
1074,0.047619,0.142857,0.0952381,0.571429,0.0952381,0.047619,3,Bug-49e65327-12d7-40d5-ac87-c9de84b4209f,1388188128611
1075,0.12931,0.353448,0.00862069,0.0689655,0.431034,0.00862069,4,Bug-bb3adeb8-d232-45c9-add3-dd0019fa9ea2,1395793942493
1076,0.0501792,0.713262,0.00358423,0.00358423,0.225806,0.00358423,1,Bug-23c37d43-010a-4f41-b677-922e4f530d78,1342059549724
1077,0.0909091,0.0909091,0.272727,0.0909091,0.0909091,0.363636,5,Bug-24cfec76-47df-4852-9051-aead4540acb5,1373483639063
1078,0.0528169,0.0704225,0.161972,0.137324,0.0316901,0.545775,5,Bug-b2a37af3-dd22-474c-9cf0-5598f5017681,1405923333105
1079,0.256881,0.256881,0.00917431,0.00917431,0.458716,0.00917431,4,Bug-8830996f-8097-4ab1-8316-0e20d08cacf3,1389580085443
1080,0.0720339,0.652542,0.0974576,0.0127119,0.161017,0.00423729,1,Bug-87093936-bc85-46b2-9fc4-7f9803019ca3,1407488996570
1081,0.194839,0.52,0.180645,0.0180645,0.0683871,0.0180645,1,Bug-25cc2842-1817-4358-bfda-89f4b1754c1f,1367349709186
1082,0.142857,0.0139373,0.505226,0.149826,0.142857,0.0452962,2,Bug-e80bfd39-6179-4c03-9db7-9c0dfae85ee5,1371858114176
1083,0.142857,0.142857,0.285714,0.142857,0.142857,0.142857,2,Bug-e9057612-3b8f-4a5d-a773-2258c8d703ef,1399413448594
1084,0.268714,0.0287908,0.0556622,0.190019,0.00191939,0.454894,5,Bug-a35ed9b6-f500-46e8-855e-84e5488e559f,1379460158544
1085,0.291089,0.425743,0.138614,0.0891089,0.0237624,0.0316832,1,Bug-c078d116-0f6c-4f1e-beea-92d08340e842,1364973209680
1086,0.335196,0.0502793,0.586592,0.00558659,0.00558659,0.0167598,2,Bug-0457659f-9ec5-4800-a654-0ae21d8a10bd,1395144917386
1087,0.0169492,0.0169492,0.118644,0.644068,0.0169492,0.186441,3,Bug-6673e2d0-d86f-47f5-a3d8-311b00afc881,1393460643826
1088,0.047619,0.047619,0.52381,0.047619,0.047619,0.285714,2,Bug-9f94eaed-1e16-4af3-ac67-434f37286367,1349386691478
1089,0.0588235,0.0588235,0.352941,0.0588235,0.411765,0.0588235,4,Bug-250b33ad-132a-4970-b963-16d4abc67869,1229876927394
1090,0.0184426,0.838115,0.0307377,0.0717213,0.0163934,0.0245902,1,Bug-2e41dfec-daf9-4238-ad0f-b0a0096d6b5a,1360376149392
1091,0.0145631,0.849515,0.00242718,0.0121359,0.118932,0.00242718,1,Bug-840958cb-4515-43c4-9833-3e8fe0f8249d,1390420496545
1092,0.0232558,0.0232558,0.372093,0.232558,0.0232558,0.325581,2,Bug-f26be65a-8987-4e7f-b12f-91f945f77a6e,1392621085640
1093,0.0459184,0.341837,0.486395,0.0306122,0.0221088,0.0731293,2,Bug-b884f6ef-ff86-4884-9ad9-4abad0007af6,1381972118465
1094,0.012987,0.025974,0.0519481,0.298701,0.025974,0.584416,5,Bug-e63be9d4-9d9c-4dc3-8ada-3672340f5299,1344234402724
1095,0.5,0.189655,0.155172,0.0172414,0.0172414,0.12069,0,Bug-fabaa2da-0fee-455c-bd97-6c08ad724e40,1391550306735
1096,0.0708155,0.641631,0.0944206,0.154506,0.0171674,0.0214592,1,Bug-8dc6489d-31d0-4756-92f7-89e5696a2e16,1334076443509
1097,0.0124827,0.815534,0.0319001,0.0610264,0.0665742,0.0124827,1,Bug-e69cc4fa-c089-4aea-9559-3052db2d47fc,1407869883403
1098,0.111111,0.111111,0.222222,0.111111,0.222222,0.222222,2,Bug-f246f3f5-2809-47fb-b08f-42a67000f823,1330066930918
1099,0.0478261,0.886957,0.0130435,0.00434783,0.0434783,0.00434783,1,Bug-04d12992-3a3a-47c7-8dc0-cadea4c44176,1394564858687
1100,0.047619,0.047619,0.666667,0.142857,0.047619,0.047619,2,Bug-bd672dc1-f25c-4c2a-93b5-b12751b61075,1392428272788
1101,0.149466,0.275208,0.0937129,0.153025,0.16726,0.161329,1,Bug-ca957c2d-bfc1-4290-9a7f-43baec96aad2,1386632013690
1102,0.276316,0.217105,0.0526316,0.0526316,0.394737,0.00657895,4,Bug-1d9e8ac8-c805-41cb-b9c6-6704ba6b3200,1370643504696
1103,0.0225989,0.00564972,0.570621,0.118644,0.00564972,0.276836,2,Bug-2183b302-1cb6-470b-b514-65821f5836bb,1379492173511
1104,0.02,0.005,0.17,0.21,0.02,0.575,5,Bug-c6214bc4-829e-48c6-b2ae-6bd1a5b6ecaa,1410886205081
1105,0.0268456,0.687919,0.0939597,0.110738,0.0033557,0.0771812,1,Bug-7fb26e5c-bc65-4bca-a5a0-ebf59bc43fa4,1351017470060
1106,0.142857,0.142857,0.142857,0.142857,0.142857,0.285714,5,Bug-7a0cbb08-4e19-448f-bafc-3bcb8552b960,1387221261622
1107,0.116638,0.744425,0.0222985,0.0874786,0.0222985,0.00686106,1,Bug-7c7584b5-1b4b-4ef0-876e-e6037c6f249b,1258579669605
1108,0.139937,0.657233,0.072327,0.0597484,0.0251572,0.0455975,1,Bug-2f6d7685-98f9-440f-bf34-38ee6f13f4b5,1367258192536
1109,0.0238095,0.0119048,0.357143,0.333333,0.0238095,0.25,2,Bug-5886d2d9-329b-497f-8f45-46ee27bdf3ea,1408948064701
1110,0.111111,0.111111,0.444444,0.111111,0.111111,0.111111,2,Bug-560a6b26-117f-4333-8c58-e4433ca1b272,1386159252453
1111,0.025641,0.025641,0.25641,0.384615,0.282051,0.025641,3,Bug-df8a4e1b-b4f7-40d1-8a67-dd370ab24f88,1379944614426
1112,0.442623,0.0655738,0.0983607,0.180328,0.0983607,0.114754,0,Bug-33f26633-1057-4558-9c45-dca9c0489003,1400690063432
1113,0.61,0.22,0.14,0.01,0.01,0.01,0,Bug-9d9d206f-9be7-460b-9cc4-eedf7828936e,1368231493105
1114,0.119658,0.636752,0.025641,0.0299145,0.183761,0.0042735,1,Bug-8844d08d-84ad-48eb-9684-68ca92087f2e,1381347289651
1115,0.00917431,0.00611621,0.394495,0.504587,0.0244648,0.0611621,3,Bug-293f960e-2ed9-499e-b42e-47586409ec3b,1394726292894
1116,0.736264,0.0549451,0.010989,0.175824,0.010989,0.010989,0,Bug-826e2f37-25d5-41d3-bd4e-e91619e33729,1349794337802
1117,0.00952381,0.0190476,0.114286,0.47619,0.0190476,0.361905,3,Bug-547a3331-89a4-4c1f-b8c9-1c629ae986d0,1378734579762
1118,0.117284,0.504115,0.0781893,0.185185,0.113169,0.00205761,1,Bug-69a39672-9ec7-4706-85c7-b76f71649426,1372938066000
1119,0.182519,0.51671,0.0179949,0.0796915,0.0694087,0.133676,1,Bug-05aaa44e-26c0-418a-9e80-cae803d93d87,1401819143116
1120,0.111111,0.111111,0.444444,0.111111,0.111111,0.111111,2,Bug-b091cbfe-2031-4945-a75b-01d3d25bc3b2,1389741369558
1121,0.46875,0.104167,0.177083,0.0104167,0.0104167,0.229167,0,Bug-4386501f-29fa-4dba-92dc-caa9d8adceb5,1397153282169
1122,0.1341,0.777778,0.0344828,0.00383142,0.0153257,0.0344828,1,Bug-a7fe3cd4-7d49-4d5d-bbd6-b3ffca24ab5e,1368465696741
1123,0.0348584,0.901961,0.0261438,0.00217865,0.0152505,0.0196078,1,Bug-27631202-73bb-4da5-86e7-b21590769454,1405026652874
1124,0.137871,0.759162,0.008726,0.0558464,0.0017452,0.0366492,1,Bug-64336e6f-10b1-42df-83a1-bb047810a2a2,1348809286541
1125,0.0220307,0.391762,0.313218,0.113985,0.000957854,0.158046,1,Bug-c2edb201-c3f7-4561-984e-51e86ce876a1,1344974609338
1126,0.0791855,0.359729,0.262443,0.0158371,0.271493,0.0113122,1,Bug-a7b7c6b7-0a2f-4ed4-8600-bbfe15750727,1384353209055
1127,0.294279,0.362014,0.126773,0.0389016,0.17254,0.00549199,1,Bug-5d064b16-a8a4-46d7-8bd4-e51138ecc893,1399150396815
1128,0.485714,0.285714,0.142857,0.0571429,0.0142857,0.0142857,0,Bug-f55dd424-2c18-4ec0-811a-16257edb0e89,1359058859346
1129,0.171315,0.452191,0.0836653,0.0856574,0.0836653,0.123506,1,Bug-bcef0f7a-140f-4878-be8f-56e0895b077b,1405121630783
1130,0.0248668,0.854352,0.0248668,0.0017762,0.079929,0.0142096,1,Bug-0f56fa65-92e9-4e33-b805-6641affa7d8b,1400193485863
1131,0.653199,0.0246914,0.117845,0.0516274,0.0448934,0.107744,0,Bug-6f79956b-5ef0-4e00-874d-ba398b4ed522,1379713357585
1132,0.246006,0.626198,0.00638978,0.0415335,0.0702875,0.00958466,1,Bug-ddac5ae9-4f66-42f6-8d2f-a1e7e43a8b22,1374100260723
1133,0.222047,0.685039,0.0582677,0.0173228,0.015748,0.0015748,1,Bug-1a27e2a8-659a-40a4-89f7-da1c843dbeec,1392232532777
1134,0.0545455,0.00909091,0.254545,0.354545,0.00909091,0.318182,3,Bug-ce60a573-643b-42f3-a524-5cbf4afe1e4b,1349376440614
1135,0.177778,0.327778,0.111111,0.0111111,0.311111,0.0611111,1,Bug-1fffbbaf-96f0-40f0-b320-c8f1aa396c45,1345838053982
1136,0.1,0.1,0.2,0.1,0.1,0.4,5,Bug-d24c342c-386d-4507-88e4-465916b02208,1334909511865
1137,0.0846561,0.608466,0.248677,0.0449735,0.010582,0.0026455,1,Bug-71c345fd-cfa3-4622-9602-9bfe7915b02c,1359738483706
1138,0.2,0.419444,0.0222222,0.00555556,0.35,0.00277778,1,Bug-9de90391-8ac0-42e1-ba84-9252133132a9,1389929142027
1139,0.0869565,0.0869565,0.217391,0.434783,0.130435,0.0434783,3,Bug-4919a294-da28-4a5b-99e5-ca13a75e3f5c,1384276319013
1140,0.0515971,0.369779,0.228501,0.0970516,0.197789,0.0552826,1,Bug-ed385e30-0219-4e3b-a451-9b0706b67d44,1401973352049
1141,0.298611,0.0277778,0.440972,0.0833333,0.0277778,0.121528,2,Bug-03f5ebbe-73be-4aaa-9323-c2349df6bf7d,1348013936874
1142,0.0512821,0.0512821,0.367521,0.435897,0.034188,0.0598291,3,Bug-dd203c46-6c9a-42f3-a00c-17ebd6a3caaa,1408173836645
1143,0.0381166,0.919283,0.00224215,0.00224215,0.0358744,0.00224215,1,Bug-f7a0977d-d9f2-4617-ac63-7dd776b8bbb0,1397607073898
1144,0.40625,0.09375,0.015625,0.09375,0.015625,0.375,0,Bug-ed6f6317-2b39-496b-ac0e-bc9150402fcc,1376401063752
1145,0.0546875,0.796875,0.00390625,0.0742188,0.00390625,0.0664062,1,Bug-5dde1722-2fda-4043-845f-8aa467cc18f5,1403084559417
1146,0.0615385,0.187692,0.191538,0.136923,0.363846,0.0584615,4,Bug-f176d917-7b97-4fa2-baf8-f7eb9f36ce01,1390931743600
1147,0.0769231,0.0769231,0.0769231,0.153846,0.0769231,0.538462,5,Bug-4bd1db18-c6a2-4db2-b9ba-758eecb00207,1366880901100
1148,0.00773994,0.653251,0.0123839,0.114551,0.0882353,0.123839,1,Bug-8bb83e0b-732f-4d09-9f90-6b17f592c65e,1336054337905
1149,0.0384615,0.0384615,0.769231,0.0384615,0.0384615,0.0769231,2,Bug-b6e3247c-9542-4c9e-8987-8c2a21900332,1380527287088
1150,0.477778,0.0666667,0.0888889,0.344444,0.0111111,0.0111111,0,Bug-80dfa8a2-173d-4bf9-9778-92f75fb205c6,1403637105658
1151,0.0211268,0.00352113,0.602113,0.112676,0.00352113,0.257042,2,Bug-819372f6-e5b4-42e4-883b-53ec796c8dce,1389826090274
1152,0.241026,0.54359,0.207692,0.0025641,0.0025641,0.0025641,1,Bug-7d1b82ae-08de-4943-ace8-cde6986cf42b,1364844023805
1153,0.184729,0.62069,0.137931,0.00246305,0.0517241,0.00246305,1,Bug-8623e35e-5603-4893-868e-504f2eb41610,1408728631102
1154,0.0136986,0.0136986,0.328767,0.164384,0.0821918,0.39726,5,Bug-027451b2-fd68-46e1-9b91-40109d7c7f87,1400673493599
1155,0.0972222,0.784722,0.0972222,0.00347222,0.0138889,0.00347222,1,Bug-ab182aaa-53e8-4714-8557-2f3c105f4534,1386389058891
1156,0.0542636,0.00775194,0.178295,0.232558,0.00775194,0.51938,5,Bug-df8551ea-312f-4f2b-b2d7-ef1901964ddc,1355784419219
1157,0.302711,0.650602,0.0361446,0.00150602,0.00753012,0.00150602,1,Bug-6b66949d-46ae-43e9-8a28-2893b9f35443,1326319923516
1158,0.0555556,0.444444,0.0707071,0.0252525,0.39899,0.00505051,1,Bug-c50ce525-5aaf-4c01-ba72-5ca67086a47e,1394451834728
1159,0.470588,0.0882353,0.176471,0.220588,0.0147059,0.0294118,0,Bug-7818b0fc-fafc-4adb-b096-5599131d6cd7,1369263906832
1160,0.384211,0.552632,0.00526316,0.0157895,0.00263158,0.0394737,1,Bug-3b4afac4-1dd4-43e9-a492-30e125677612,1374205243940
1161,0.0790274,0.83232,0.0202634,0.0182371,0.0238095,0.0263425,1,Bug-b713b020-29b8-4413-94f7-99a1412741f3,1280281777375
1162,0.246599,0.309524,0.197279,0.0187075,0.22619,0.00170068,1,Bug-a446ecc5-8c76-4a20-b3e5-cc713e76f61e,1357240228393
1163,0.0903448,0.597931,0.149655,0.0551724,0.062069,0.0448276,1,Bug-87767df8-0ee9-49fb-8511-fd32538b7059,1311681305480
1164,0.034642,0.584296,0.0323326,0.0669746,0.157044,0.124711,1,Bug-723ae724-27c1-4db0-a203-643210f7a08a,1379372998773
1165,0.0992647,0.761029,0.00367647,0.0220588,0.110294,0.00367647,1,Bug-f7add873-7c37-4231-a201-233fb3a75e27,1355861782492
1166,0.0814732,0.632812,0.0290179,0.078125,0.0558036,0.122768,1,Bug-ce3efd7c-9114-423b-a455-3d42204228f7,1401833974801
1167,0.725806,0.0645161,0.16129,0.016129,0.016129,0.016129,0,Bug-3831c97c-e174-4d45-ad37-fb7a5231b23b,1371566631243
1168,0.0434783,0.0434783,0.0869565,0.347826,0.0434783,0.434783,5,Bug-8ee9bb4f-a9b1-42c8-9f50-7e41a255fb71,1392978501010
1169,0.0527394,0.378392,0.181516,0.0634921,0.25064,0.0732207,1,Bug-36ef7ccc-d70e-4c81-bdab-8bc30fca89ad,1380048276961
1170,0.0716846,0.655914,0.0107527,0.00358423,0.25448,0.00358423,1,Bug-97abc5f9-7c73-456d-8947-691f5986f2d6,1372154863334
1171,0.0310754,0.565642,0.0768156,0.179818,0.0272346,0.119413,1,Bug-752905e7-78cb-4860-842e-94da0bb13294,1393942686022
1172,0.159757,0.493933,0.0561173,0.0591507,0.0581395,0.172902,1,Bug-8f3b1581-a2a9-436f-b1fa-d480cdfba1e6,1317083160809
1173,0.0857143,0.825,0.0785714,0.00357143,0.00357143,0.00357143,1,Bug-5845edc0-5d2b-40e3-9481-2bb2f81a0ec5,1393476696612
1174,0.0718563,0.185629,0.311377,0.00598802,0.347305,0.0778443,4,Bug-d98bbdfc-3ace-4fc7-8243-63d4de4e8abe,1362015637578
1175,0.140798,0.413525,0.210643,0.0155211,0.216186,0.00332594,1,Bug-27aa0cf4-f7c8-4388-a99a-9fdfd1cb265d,1409820789422
1176,0.06,0.535,0.025,0.02,0.35,0.01,1,Bug-24d93d38-f03d-4368-88fc-6c7eb70ed745,1336755604422
1177,0.0955414,0.700637,0.0302548,0.0764331,0.0955414,0.00159236,1,Bug-68df3bbb-d87d-4d1d-b0e3-8a5e4e92b98d,1405525030486
1178,0.0625,0.0625,0.5,0.125,0.0625,0.1875,2,Bug-5a35f626-7d29-4f8a-940e-79f2e1c37afd,1406935981796
1179,0.111111,0.111111,0.111111,0.111111,0.111111,0.444444,5,Bug-8b0e0dd9-76a0-4338-a879-f45c6e024837,1402055198216
1180,0.132626,0.511936,0.0477454,0.103448,0.061008,0.143236,1,Bug-1c00ce9e-9a89-4486-90da-555d25a4e955,1345645438996
1181,0.18599,0.625604,0.00483092,0.00241546,0.171498,0.00966184,1,Bug-29548962-9d87-48f0-aa5a-6d1ccf95e74c,1407511404804
1182,0.0322581,0.0322581,0.354839,0.129032,0.0322581,0.419355,5,Bug-b070087b-2917-42ef-a396-dcd8f042e242,1246745188298
1183,0.147651,0.781879,0.0033557,0.0033557,0.0234899,0.0402685,1,Bug-fee0501f-ff8e-4215-b5d8-7997c76eb419,1384950098901
1184,0.105405,0.540541,0.175676,0.0324324,0.105405,0.0405405,1,Bug-996064cf-c09a-455d-8521-948b6aa941cd,1387266881774
1185,0.0272277,0.482673,0.339109,0.00247525,0.00247525,0.14604,1,Bug-999dbcf6-7166-4850-9922-45e54baa1f9f,1365552544133
1186,0.112534,0.43413,0.0315193,0.219404,0.0174834,0.18493,1,Bug-59a82fa5-6651-4135-a940-3b7d82f02b0b,1374539125630
1187,0.23888,0.313015,0.217463,0.0543657,0.14827,0.0280066,1,Bug-6a83a773-1939-473f-b120-e7e8a5fe83d1,1359300286633
1188,0.0934019,0.419023,0.233933,0.0771208,0.0317052,0.144816,1,Bug-cc8fa332-5a14-4edc-8a74-45fc6e15c0a8,1371964527853
1189,0.188119,0.666667,0.00330033,0.00330033,0.0825083,0.0561056,1,Bug-243ad1f7-c01b-4806-8e3a-5aa62e5d2e7b,1381015359500
1190,0.662921,0.0898876,0.213483,0.011236,0.011236,0.011236,0,Bug-df17a792-c40d-4d71-a1c1-96188d8af2c3,1299003616987
1191,0.0695444,0.730216,0.105516,0.0467626,0.0467626,0.00119904,1,Bug-059176c9-44ea-4181-9166-908a2eb8f102,1407170770741
1192,0.163522,0.611321,0.191195,0.00125786,0.00125786,0.0314465,1,Bug-4df5f48c-a9ab-49a6-b4e7-d04c6aa1739f,1381281974021
1193,0.0398936,0.843085,0.0279255,0.00398936,0.0292553,0.0558511,1,Bug-57c99ea8-096b-4bcb-9e4d-1bdce8b6474f,1377200772651
1194,0.136719,0.199219,0.0859375,0.0195312,0.246094,0.3125,5,Bug-d0e963f8-7d75-482e-aa24-3affd19fda78,1408950906817
1195,0.346217,0.5625,0.0419408,0.0411184,0.000822368,0.00740132,1,Bug-ad51d056-d106-4d38-8e3b-a461c6f49134,1374375520346
1196,0.760417,0.114583,0.0729167,0.0208333,0.0208333,0.0104167,0,Bug-1f34a20d-1c9e-4264-aef6-f71d20942990,1395843340261
1197,0.03663,0.029304,0.201465,0.135531,0.0659341,0.531136,5,Bug-acb29c8b-9931-4ef3-9b9d-859b262981cc,1374265607592
1198,0.0178571,0.0357143,0.714286,0.0357143,0.0178571,0.178571,2,Bug-b17c6674-4269-4b87-b4c2-e5a986340f27,1375235548367
1199,0.12028,0.581818,0.234965,0.0013986,0.0377622,0.0237762,1,Bug-eacfa64d-211e-4913-81ac-f54131b30d92,1403496982865
1200,0.148464,0.542662,0.0767918,0.0716724,0.133106,0.0273038,1,Bug-18ca51c2-7ee1-4b18-a1d6-3a98f3999950,1366753977328
1201,0.0203562,0.51145,0.0407125,0.422392,0.00254453,0.00254453,1,Bug-e04aa92d-2549-4a9d-b8d0-2b23876f70f9,1410816483566
1202,0.16,0.743333,0.00333333,0.00333333,0.06,0.03,1,Bug-459cd805-db08-4e61-91f8-ca1939fba8b5,1355211626765
1203,0.183556,0.760994,0.0305927,0.00191205,0.00191205,0.0210325,1,Bug-bbfd174e-a715-4592-8c7e-e67113379e71,1398704690433
1204,0.0160296,0.0604192,0.0357583,0.600493,0.0246609,0.262639,3,Bug-4974910e-0677-43d6-b686-0e10bd80802f,1283536788567
1205,0.104563,0.336502,0.256654,0.0855513,0.214829,0.00190114,1,Bug-c72f5a99-5d03-4ee1-83a8-b536486572ba,1362023661888
1206,0.3125,0.1625,0.4875,0.0125,0.0125,0.0125,2,Bug-671ad97c-6d8c-46d2-a590-9e49cbebb2d9,1339999847395
1207,0.205645,0.427419,0.0887097,0.0403226,0.233871,0.00403226,1,Bug-2f9faaaf-a0d6-4d7a-a106-c6b68415b58f,1316800455354
1208,0.0246914,0.685185,0.0925926,0.00308642,0.00308642,0.191358,1,Bug-4b2e3b2f-d045-4300-b7b4-eaa97b3c001f,1357580772757
1209,0.0833333,0.0833333,0.0833333,0.583333,0.0833333,0.0833333,3,Bug-503e3066-9273-4bf9-9d46-aa94852025bf,1396003548186
1210,0.142857,0.142857,0.285714,0.142857,0.142857,0.142857,2,Bug-9131c325-c0fe-4321-9e4c-93a14b8c0f15,1382240491481
1211,0.179487,0.538462,0.0564103,0.0666667,0.15641,0.0025641,1,Bug-1b196bba-d9ca-4ee2-b524-d0319aaa8726,1320274298915
1212,0.0755208,0.622396,0.0546875,0.00260417,0.242188,0.00260417,1,Bug-924b4e96-5fd0-4692-a773-8c68d70ef4e6,1390551918734
1213,0.136667,0.773333,0.07,0.00333333,0.0133333,0.00333333,1,Bug-d7ff6e0d-5b60-42c8-9f53-fd79ebe06859,1410648129112
1214,0.24359,0.0833333,0.371795,0.141026,0.025641,0.134615,2,Bug-2e74364c-7dba-42f1-95cf-2d04f0795b55,1401117666377
1215,0.433862,0.0687831,0.126984,0.201058,0.015873,0.153439,0,Bug-47245573-4360-4871-bcd6-00ee9806cc27,1335268188890
1216,0.0827586,0.705747,0.0436782,0.00229885,0.163218,0.00229885,1,Bug-dfea9890-59db-487a-b809-859496a8b2ad,1353952142124
1217,0.132616,0.763441,0.0609319,0.00358423,0.0358423,0.00358423,1,Bug-05cc6e06-3d38-4edb-bd7c-85c0f6fcee93,1358182266598
1218,0.205021,0.439331,0.230126,0.0104603,0.0083682,0.106695,1,Bug-c7bb44bc-3f67-4963-817d-d5552bff1a77,1390886942436
1219,0.340369,0.530343,0.00263852,0.108179,0.0158311,0.00263852,1,Bug-6e2e9e14-d0f1-4a91-9850-4239c51f3b87,1277318137561
1220,0.027027,0.027027,0.0810811,0.189189,0.189189,0.486486,5,Bug-4ae93384-e7c6-4eba-8ddc-98e43ba022bf,1362473888456
1221,0.00934579,0.336449,0.252336,0.00934579,0.373832,0.0186916,4,Bug-94af0b12-0b57-4d35-b1e7-0bb5597112d0,1367372102645
1222,0.0140845,0.0422535,0.084507,0.28169,0.0140845,0.56338,5,Bug-b5ec93f0-64ee-48a7-8d22-3b51ad98278c,1391576980522
1223,0.0188679,0.0943396,0.415094,0.0566038,0.113208,0.301887,2,Bug-7281f8b9-3dd3-430e-808f-ef14b8098c54,1410837564209
1224,0.0896159,0.135135,0.128497,0.106211,0.0815552,0.458985,5,Bug-a471d07e-b6ec-4734-bc09-afb2deed99dd,1409267171972
1225,0.102616,0.802817,0.084507,0.00402414,0.00402414,0.00201207,1,Bug-4724b4de-ea2f-4033-ba44-4c040c2a5e10,1274311779647
1226,0.232019,0.549884,0.160093,0.00464037,0.0510441,0.00232019,1,Bug-6ad6f50a-3c61-4679-b18e-f1f46adb240f,1384564582884
1227,0.5,0.125,0.321429,0.0178571,0.0178571,0.0178571,0,Bug-f3947d55-b745-4947-b74b-f7440d56bf82,1379456883171
1228,0.350649,0.340909,0.103896,0.00649351,0.133117,0.0649351,0,Bug-71df9261-8cd1-457f-8117-e7822b6f5e33,1401438633886
1229,0.125,0.0833333,0.375,0.208333,0.0416667,0.166667,2,Bug-ebb71f38-bcf7-4d43-bce4-c3bc0be4e1fc,1385859453496
1230,0.0287356,0.551724,0.0948276,0.0402299,0.0488506,0.235632,1,Bug-8caf4b43-39e3-457c-a520-4f155dfad4c2,1389383601218
1231,0.0208333,0.0208333,0.5,0.0833333,0.0416667,0.333333,2,Bug-ab66b67f-3f09-4140-9814-c4bd4fe580dd,1384301906112
1232,0.00396825,0.00396825,0.142857,0.238095,0.00396825,0.607143,5,Bug-092da7c3-a495-4b76-8d73-738f3a56c273,1392254472827
1233,0.0127014,0.75031,0.0768278,0.039653,0.0139405,0.106568,1,Bug-00e67275-f433-410b-91c3-91e986745594,1389132771551
1234,0.0199637,0.742287,0.0399274,0.147005,0.00181488,0.0490018,1,Bug-1f9d57d7-82cf-4994-a70b-73632f8fc7c4,1379362057478
1235,0.0769231,0.0769231,0.5,0.00961538,0.00961538,0.326923,2,Bug-35dc24d5-400a-437f-ada7-5b089e23da32,1240898629123
1236,0.221212,0.0666667,0.415152,0.184848,0.0030303,0.109091,2,Bug-57ef644a-e0f3-4925-9a98-25f5b9b1616e,1356772945130
1237,0.166667,0.111111,0.555556,0.0555556,0.0555556,0.0555556,2,Bug-60ba4f4e-e7f8-47ab-ae52-a040df3c4e98,1362680972999
1238,0.285714,0.142857,0.142857,0.142857,0.142857,0.142857,0,Bug-5cc6491b-06e0-4bf0-af84-4aa73a863d83,1376524508286
1239,0.0691928,0.642504,0.169687,0.00164745,0.115321,0.00164745,1,Bug-66b5a522-991d-493e-a744-6b6d9e481cfb,1402425956798
1240,0.615385,0.153846,0.173077,0.0192308,0.0192308,0.0192308,0,Bug-16a14d67-5c67-42ef-9039-3d09481888b7,1406176506244
1241,0.125,0.125,0.25,0.25,0.125,0.125,2,Bug-d638025a-17c8-431f-9acd-f7119bedffc0,1375232768504
1242,0.05,0.05,0.6,0.05,0.05,0.2,2,Bug-5177d101-3428-4b4c-bae8-638e35b30030,1379549572392
1243,0.17757,0.738318,0.0716511,0.00311526,0.00623053,0.00311526,1,Bug-1d059b0b-c2ad-405f-8148-99d17eb4ab79,1326750459481
1244,0.0987654,0.0123457,0.0123457,0.407407,0.185185,0.283951,3,Bug-a2dd18a0-17d2-4157-9fc0-4ea0a669eba8,1390943156286
1245,0.109375,0.835337,0.015625,0.00961538,0.0252404,0.00480769,1,Bug-2a9c0d21-2d3d-4ef6-b253-2c865e0ecbd3,1330448869398
1246,0.264706,0.57754,0.0588235,0.0187166,0.0320856,0.0481283,1,Bug-da31c501-5bf3-4921-960c-16adee6d98a7,1390609276981
1247,0.139746,0.363884,0.19873,0.101633,0.0526316,0.143376,1,Bug-ee5711da-5fc2-400c-bab9-65c41139ebb2,1390421664572
1248,0.676056,0.140845,0.140845,0.0140845,0.0140845,0.0140845,0,Bug-01f96a03-a4b9-4670-b3a3-0a9386636782,1345827573325
1249,0.0743494,0.345725,0.0260223,0.00371747,0.546468,0.00371747,4,Bug-9ad40256-6630-4eca-b21e-10eaf5614451,1393833231429
1250,0.2,0.21645,0.351515,0.0112554,0.038961,0.181818,2,Bug-bb6cde06-a782-4fbf-b272-1324cd6a5b45,1373061848098
1251,0.142857,0.142857,0.142857,0.285714,0.142857,0.142857,3,Bug-3c87fae8-4f16-4eef-8414-157fd30d9238,1324358039701
1252,0.5,0.0648148,0.0185185,0.0648148,0.00925926,0.342593,0,Bug-ab3d2e3f-b751-4969-86bd-be3f0ed38b39,1381879170703
1253,0.0313351,0.843324,0.0613079,0.00953678,0.0531335,0.0013624,1,Bug-5e6f9f27-1ce9-4306-803c-b0f78af9fc76,1404388078022
1254,0.0439024,0.0097561,0.365854,0.0731707,0.00487805,0.502439,5,Bug-4928d5f6-1c5a-423d-a809-b75cb54193d8,1383764416470
1255,0.216374,0.649123,0.0175439,0.0584795,0.0555556,0.00292398,1,Bug-7f324132-265a-431e-bd65-942a41fffb59,1372308564601
1256,0.0102249,0.891616,0.0388548,0.0102249,0.0470348,0.00204499,1,Bug-05346fe9-02d2-4a8c-9efe-13c3bf559d56,1387223711335
1257,0.0416667,0.0138889,0.361111,0.277778,0.208333,0.0972222,2,Bug-09662329-7061-41b6-9e3c-3a47a8f4f1af,1377201915527
1258,0.0673684,0.909474,0.0168421,0.00210526,0.00210526,0.00210526,1,Bug-248075d3-095f-4f95-ab79-f6d7dd283ba8,1374304844045
1259,0.234375,0.171875,0.296875,0.109375,0.171875,0.015625,2,Bug-55e3224b-8469-4563-a7b5-48899f26d8a0,1402698940901
1260,0.0864198,0.00411523,0.312757,0.242798,0.00411523,0.349794,5,Bug-da0de755-2454-4834-a899-315ae1b2bdbe,1399588414013
1261,0.0508806,0.575342,0.072407,0.0332681,0.266145,0.00195695,1,Bug-04982470-8cd1-487e-9104-3aca54f81784,1331588702511
1262,0.0807175,0.491031,0.0852018,0.165919,0.123318,0.0538117,1,Bug-0a310e2d-b142-4f08-bb4a-2b7d22256849,1381884983764
1263,0.0384615,0.0769231,0.5,0.269231,0.0384615,0.0769231,2,Bug-554d992f-b117-400f-bef8-e269c83b8e6a,1349812071235
1264,0.161074,0.322148,0.0939597,0.00671141,0.322148,0.0939597,1,Bug-df8847db-6d99-40a1-8298-883f04122c6d,1406939033841
1265,0.217687,0.562358,0.0430839,0.0702948,0.00453515,0.102041,1,Bug-d6c29731-1f8f-4636-a370-5b7e0b63ef41,1343946118320
1266,0.241379,0.241379,0.103448,0.0344828,0.0344828,0.344828,5,Bug-281e1719-f153-4d3a-bcfb-9a230de09863,1377039658866
1267,0.233333,0.564103,0.161538,0.0025641,0.0025641,0.0358974,1,Bug-2784a59b-60ec-449d-a436-11a95e52d023,1396664187033
1268,0.813433,0.0671642,0.00746269,0.00746269,0.00746269,0.0970149,0,Bug-21dd40c2-d1ae-4835-8f90-8deb0484d557,1379710741374
1269,0.117284,0.695988,0.0601852,0.095679,0.0169753,0.0138889,1,Bug-6944f4c3-81e1-40c1-97b4-4603445db257,1334824475690
1270,0.15,0.1,0.1,0.05,0.1,0.5,5,Bug-dd5b8a69-7c33-452a-a9b9-fbeaebe970c4,1362932580369
1271,0.0606061,0.530303,0.114719,0.0108225,0.0692641,0.214286,1,Bug-ee7b8249-f5a5-4977-b7d3-d7318b3f151c,1295567129649
1272,0.0232558,0.0232558,0.372093,0.0465116,0.0232558,0.511628,5,Bug-261cbece-cce9-49d4-83b3-2c56aeeb46a0,1345725612862
1273,0.0977011,0.844828,0.00383142,0.0191571,0.032567,0.00191571,1,Bug-89721330-fa57-4da6-9e47-d88658f7bed9,1384352768787
1274,0.00888889,0.902222,0.0755556,0.00444444,0.00444444,0.00444444,1,Bug-2f74ebd0-ad75-452d-a50b-e46c9b08e11c,1397518031184
1275,0.13577,0.754569,0.0156658,0.0182768,0.0574413,0.0182768,1,Bug-7ad795a5-b0be-4b8b-95fb-9c827e233a6a,1393945962685
1276,0.0277778,0.0277778,0.111111,0.694444,0.0277778,0.111111,3,Bug-e3c9c807-1faf-44e3-8ad8-c18d2850ee74,1374881536694
1277,0.013468,0.814815,0.003367,0.003367,0.161616,0.003367,1,Bug-5a77d44f-26f9-445e-95b2-71fa75d5d027,1368252827326
1278,0.0679785,0.767442,0.0268336,0.00178891,0.118068,0.0178891,1,Bug-8c3021a5-eba5-4e3f-ac97-bbafcfe6aac0,1374143507329
1279,0.0454545,0.0454545,0.363636,0.0909091,0.0909091,0.363636,2,Bug-9739126e-e076-4854-a5a2-364aa6c77d6b,1345675563831
1280,0.16035,0.74344,0.0495627,0.00291545,0.0058309,0.0379009,1,Bug-7b04c045-c747-41b3-8923-e090c953eeb8,1401753891537
1281,0.216561,0.72293,0.0254777,0.0254777,0.00636943,0.00318471,1,Bug-9051d535-fc46-4639-88af-7bd8dc395d68,1376963392175
1282,0.259816,0.64411,0.0434419,0.0167084,0.0334169,0.00250627,1,Bug-9f74fe31-fa14-4f6c-8787-fa4e9538e94a,1363493134463
1283,0.038291,0.654575,0.0161225,0.209593,0.0241838,0.057235,1,Bug-ff43dbb3-151c-46e1-9550-07a325ffa5ea,1363631767266
1284,0.030303,0.0606061,0.212121,0.030303,0.030303,0.636364,5,Bug-e355b721-10fa-4867-aa3c-4b58283141ae,1266473837108
1285,0.129199,0.00258398,0.387597,0.113695,0.00258398,0.364341,2,Bug-918987a6-80b0-4a6a-b903-5a0b0ea79b56,1384512351795
1286,0.0323529,0.926471,0.0367647,0.00147059,0.00147059,0.00147059,1,Bug-59b1e162-b22e-4a72-8ddf-f1625cf2e2a1,1363032019091
1287,0.0263158,0.0263158,0.0263158,0.5,0.0263158,0.394737,3,Bug-455d0a02-3e24-44b0-9b9f-86437a66b66f,1389617582204
1288,0.08,0.386667,0.045,0.358333,0.05,0.08,1,Bug-ee2a7eb3-b483-4c99-ae1e-f6532e16f3b2,1384794997004
1289,0.392079,0.378218,0.0851485,0.019802,0.0316832,0.0930693,0,Bug-3b50411c-aa69-4e5a-a7c1-a4af045c848b,1343715742817
1290,0.1,0.1,0.1,0.3,0.3,0.1,3,Bug-58148cbc-64ec-4596-8bfd-72d17cbd2ccd,1337349698186
1291,0.0626632,0.751958,0.00261097,0.00522193,0.148825,0.0287206,1,Bug-7fd82dcd-0511-4ca3-b3e5-da0a6e8af0ec,1344835904114
1292,0.047619,0.047619,0.619048,0.190476,0.047619,0.047619,2,Bug-bcdfaac7-5ed9-4061-b1c9-2440c398b8d7,1354127290707
1293,0.0135135,0.0135135,0.297297,0.527027,0.0135135,0.135135,3,Bug-33b4a63d-d7ca-444e-89cb-8c8cb1e11e91,1322337900568
1294,0.452381,0.25,0.107143,0.0595238,0.0238095,0.107143,0,Bug-edc76928-a4d6-448b-9286-53d10f3c65dd,1250881661843
1295,0.0326087,0.0108696,0.73913,0.0108696,0.0108696,0.195652,2,Bug-aa055b4e-0f39-4075-8242-d53bbdd71e0f,1402750870854
1296,0.5,0.0892857,0.214286,0.0178571,0.160714,0.0178571,0,Bug-11483ade-0102-4d9d-bdd4-1fd1751f48c3,1398321320806
1297,0.273543,0.506726,0.150972,0.00149477,0.0134529,0.0538117,1,Bug-464b0f40-da90-44e3-81f9-d7d33d98d7f3,1385912414454
1298,0.0781759,0.553746,0.162866,0.0912052,0.110749,0.00325733,1,Bug-06fe9383-b46e-4faa-aac6-d3acec292486,1352428166091
1299,0.0950704,0.862676,0.0140845,0.00352113,0.0211268,0.00352113,1,Bug-1665080f-733b-411c-abab-5addca61c498,1342654648208
1300,0.112245,0.755102,0.108844,0.0102041,0.00340136,0.0102041,1,Bug-719c22ec-d4b8-428b-a044-dfab24a2930d,1339468399342
1301,0.143293,0.737805,0.0518293,0.0213415,0.0426829,0.00304878,1,Bug-5335ea9b-d7af-4dab-8bd8-fc04a250da60,1375378676614
1302,0.00714286,0.748214,0.0178571,0.0339286,0.144643,0.0482143,1,Bug-9ca7a1b2-74ac-447a-a601-608c1273d3bd,1384456181053
1303,0.117647,0.671123,0.0748663,0.0026738,0.131016,0.0026738,1,Bug-4474fc3d-9f0c-4d0f-b30d-d496c2e6a5be,1384487687031
1304,0.0486891,0.475655,0.0561798,0.00749064,0.40824,0.00374532,1,Bug-71e87f16-be0d-4c0c-8b1f-c6d541aa2147,1266281346972
1305,0.240741,0.037037,0.0555556,0.574074,0.0185185,0.0740741,3,Bug-66f78d24-48e0-45ae-9d32-61bc2200db0f,1345839185220
1306,0.0622222,0.913333,0.0177778,0.00222222,0.00222222,0.00222222,1,Bug-e076f670-463a-4c1d-be97-c78694d5c18a,1378195175102
1307,0.14,0.631429,0.0485714,0.0485714,0.0228571,0.108571,1,Bug-e6a80c71-48d9-4d0d-92df-74a63a1aec5c,1394755273442
1308,0.510436,0.056926,0.267552,0.0872865,0.0246679,0.0531309,0,Bug-e9e01168-5c81-4a55-8fb4-d62193f5558a,1406662019886
1309,0.154982,0.760148,0.0184502,0.00369004,0.00369004,0.0590406,1,Bug-390601af-2028-42e1-b6f5-e93d22c2a9cb,1374618846297
1310,0.0264026,0.00660066,0.405941,0.0231023,0.0363036,0.50165,5,Bug-03c71acf-e4de-4818-86fe-b266c64c97c8,1373023407185
1311,0.251908,0.580153,0.103053,0.00763359,0.0229008,0.0343511,1,Bug-ce164c42-8629-40de-854f-195c0e17058e,1383238573547
1312,0.0855019,0.527881,0.0390335,0.139405,0.185874,0.0223048,1,Bug-b3248fdd-c2f4-460b-88ed-153aa1979cbe,1381709520948
1313,0.394928,0.0543478,0.532609,0.00362319,0.00362319,0.0108696,2,Bug-1d189c8b-d79b-4e86-b1ec-1aa551bedc79,1382289032604
1314,0.047619,0.047619,0.52381,0.047619,0.047619,0.285714,2,Bug-dbc827d9-d3f2-4695-ac4b-fc5eaeca4981,1355866427365
1315,0.0217391,0.0217391,0.0434783,0.347826,0.0217391,0.543478,5,Bug-af4e5fde-869b-4f34-9a0f-c9adb8b3c2ba,1286607051090
1316,0.0685185,0.792593,0.0814815,0.0111111,0.0425926,0.0037037,1,Bug-3c4869ec-7268-404b-a95e-b5a9b7d6e325,1351116407566
1317,0.0265393,0.647558,0.26327,0.0350318,0.014862,0.0127389,1,Bug-d316b307-8ff1-4154-88c6-74f502fcad00,1341871255256
1318,0.160638,0.454255,0.119149,0.165957,0.00106383,0.0989362,1,Bug-88a4a27f-bce5-4a6e-b661-17fb78be8755,1382390313100
1319,0.0625,0.0625,0.0625,0.25,0.125,0.4375,5,Bug-33c5a514-fad7-4ce1-a881-a03a5dd9e569,1292363616430
1320,0.289318,0.637982,0.0237389,0.0459941,0.00148368,0.00148368,1,Bug-5951a7b4-56da-4506-8c8a-d3cf67ceb452,1294423892259
1321,0.520325,0.0731707,0.235772,0.0731707,0.00813008,0.0894309,0,Bug-5eaa388f-8b17-44f8-a176-cc29505fde90,1402977165505
1322,0.15894,0.0198675,0.622517,0.0198675,0.00662252,0.172185,2,Bug-fce5aa90-353d-4d9f-b222-125979c704f4,1392392011682
1323,0.290429,0.660066,0.00330033,0.039604,0.00330033,0.00330033,1,Bug-5f629874-b48c-42b9-9294-e9e2c4454117,1254163326090
1324,0.0536585,0.00243902,0.241463,0.319512,0.0292683,0.353659,5,Bug-b2884a41-6b88-4c9f-8eb1-48381f9de14f,1379941224237
1325,0.109091,0.290909,0.0818182,0.2,0.309091,0.00909091,4,Bug-c072096a-ca91-4d6c-8d24-e2884bfc7046,1353533312776
1326,0.240446,0.632166,0.00159236,0.0907643,0.0334395,0.00159236,1,Bug-0d22ac2b-73d1-447f-a0d7-fef572cf8262,1400681623515
1327,0.161638,0.695043,0.00323276,0.0269397,0.112069,0.00107759,1,Bug-f4d9649b-7019-46d9-a9f6-9d6b7ae076e7,1341554306721
1328,0.0341297,0.740614,0.102389,0.00341297,0.00341297,0.116041,1,Bug-1425c7e2-b506-4b97-97fc-819f8f5b27b1,1356800607973
1329,0.344262,0.0327869,0.393443,0.0327869,0.163934,0.0327869,2,Bug-b29f9dfc-a020-41f5-a268-d85ca0b41489,1405006393768
1330,0.133909,0.704104,0.012959,0.00107991,0.00107991,0.146868,1,Bug-427f7c0b-be5b-4a0d-b54c-862f52cac08e,1385662206067
1331,0.00319489,0.591054,0.0255591,0.0191693,0.345048,0.0159744,1,Bug-0bcd7588-4f88-4cf8-9d53-84c94efe09b8,1346426818180
1332,0.0597015,0.863539,0.0703625,0.0021322,0.0021322,0.0021322,1,Bug-9efe5df0-6db8-4646-8d83-945d5b172002,1336765755285
1333,0.0123457,0.679012,0.00411523,0.0123457,0.271605,0.0205761,1,Bug-44018aab-9685-4d68-9b0e-4fc7def7c9cf,1401826548492
1334,0.0227273,0.0227273,0.159091,0.159091,0.272727,0.363636,5,Bug-0ecc0eae-ad03-4921-a55f-76f989d406c8,1382679584018
1335,0.113514,0.0702703,0.027027,0.389189,0.308108,0.0918919,3,Bug-49b66413-2067-4619-bfe2-a6db91199154,1363634906280
1336,0.110041,0.335626,0.127923,0.0151307,0.303989,0.10729,1,Bug-b5139747-f818-4d64-bd0a-2761512fc88c,1279557888331
1337,0.11575,0.772296,0.0588235,0.00189753,0.00189753,0.0493359,1,Bug-a6759164-b0e0-41d4-af16-53eb69c63c4e,1377555391047
1338,0.447368,0.111842,0.342105,0.0197368,0.0723684,0.00657895,0,Bug-08842e62-1345-4e16-965f-2bb7114aa595,1350504294853
1339,0.133333,0.133333,0.0666667,0.466667,0.0666667,0.133333,3,Bug-86f5ae22-f542-4511-9c09-3bdb37419224,1371598769349
1340,0.120805,0.682886,0.0285235,0.00167785,0.0721477,0.0939597,1,Bug-d4066920-dbea-4237-ac41-f465c1ac7327,1405695271538
1341,0.1,0.1,0.4,0.1,0.2,0.1,2,Bug-08b5e578-4f7d-4e89-8102-0b3d0a0b1c4a,1383588496582
1342,0.0555556,0.0555556,0.388889,0.333333,0.0555556,0.111111,2,Bug-1da48607-2c7d-46e5-973b-6d2477c81f97,1317792560212
1343,0.25,0.25,0.125,0.125,0.125,0.125,0,Bug-95177bc4-6575-40e1-8e6a-9db422efd93a,1392944963240
1344,0.0823328,0.656947,0.168096,0.0051458,0.0857633,0.00171527,1,Bug-15c354f9-ff4c-4eaa-95ae-4240c7640fa0,1243971524661
1345,0.149153,0.830508,0.00338983,0.00338983,0.0101695,0.00338983,1,Bug-d682cbd1-c671-408c-b595-a0a9bf1d0435,1407512672011
1346,0.43956,0.0604396,0.153846,0.131868,0.00549451,0.208791,0,Bug-49d2adf7-a509-4245-9293-ff2e88cabe85,1371270886006
1347,0.11157,0.801653,0.0619835,0.00206612,0.00206612,0.0206612,1,Bug-d17e0a5e-6054-47e9-a4e6-e13d34dd8535,1402321154422
1348,0.0380952,0.761905,0.0457143,0.0114286,0.127619,0.0152381,1,Bug-0c0dc239-982f-4c7b-8370-570fabdbd67c,1385593073829
1349,0.0612409,0.502015,0.0572119,0.0177276,0.269138,0.0926672,1,Bug-c5fab9df-f05a-4b3c-befe-c311c1061591,1372701122721
1350,0.370466,0.103627,0.204663,0.0751295,0.00259067,0.243523,0,Bug-1100d659-b418-4e57-98eb-b2d5071bbee4,1386954423421
1351,0.0370995,0.598651,0.037774,0.158179,0.0671164,0.10118,1,Bug-cd9727cc-671a-4912-bebc-86d925403e7b,1392456692490
1352,0.0752427,0.373786,0.065534,0.00485437,0.32767,0.152913,1,Bug-ea906f81-1abc-4a2f-879e-dcb4945bbbac,1401079118709
1353,0.0285714,0.0285714,0.628571,0.171429,0.0285714,0.114286,2,Bug-66a9ccf5-e039-4330-a8c3-b650b341e5d8,1373399382391
1354,0.126623,0.818182,0.00324675,0.00324675,0.0454545,0.00324675,1,Bug-89c8948d-ce2e-4f7a-8a82-597e14d5d59d,1349376747589
1355,0.305164,0.187793,0.492958,0.00469484,0.00469484,0.00469484,2,Bug-a28c63a2-6aca-454c-959d-4e7413c5d6e5,1397069754483
1356,0.0717489,0.0044843,0.578475,0.0627803,0.0807175,0.201794,2,Bug-65a802d3-a9b2-4552-a7fc-19fe37800403,1349905244704
1357,0.0569307,0.616337,0.114356,0.0534653,0.130693,0.0282178,1,Bug-7b5f6bfa-4898-495f-8f2d-de9d72897113,1354133836622
1358,0.111111,0.111111,0.444444,0.111111,0.111111,0.111111,2,Bug-6c7e0561-73c4-4be4-be88-9599e16f296b,1386809163708
1359,0.0117647,0.0117647,0.0823529,0.717647,0.0235294,0.152941,3,Bug-e73f9077-d1b8-4a81-b2c0-b966cdcf251f,1349137854155
1360,0.1,0.4,0.2,0.1,0.1,0.1,1,Bug-fa985d04-8d19-4af0-8f2c-760df71e4c0c,1328255387160
1361,0.111913,0.736462,0.032491,0.00361011,0.111913,0.00361011,1,Bug-83c7af86-3669-4aa1-bfd2-9b9f8c94104e,1365143988133
1362,0.0700389,0.85214,0.0622568,0.00389105,0.0077821,0.00389105,1,Bug-a69caa64-de2a-41fc-825c-0b7ddb56c47b,1392242274572
1363,0.00952381,0.758095,0.0933333,0.0114286,0.0361905,0.0914286,1,Bug-c489a871-e529-4dc8-a87d-02b2b2e2e0ec,1333044300957
1364,0.124535,0.726766,0.063197,0.0167286,0.0669145,0.00185874,1,Bug-a531c351-0ec8-4400-b407-088b76abfa1b,1368775451614
1365,0.0156863,0.772549,0.0313725,0.00392157,0.156863,0.0196078,1,Bug-610d4e70-21bc-43fb-ac46-3b6019e334e5,1392089576714
1366,0.146746,0.533728,0.0284024,0.0485207,0.227219,0.0153846,1,Bug-12c2f18d-475c-4d86-8bb4-5731c7a1ccf9,1395090798946
1367,0.657895,0.0964912,0.232456,0.00438596,0.00438596,0.00438596,0,Bug-78ac0f69-7980-444a-8e1c-99a81350870c,1388172546699
1368,0.0412758,0.716698,0.110694,0.11257,0.00375235,0.0150094,1,Bug-385f7090-0118-47af-aadb-243ef491a86a,1381828460314
1369,0.071599,0.529833,0.105012,0.0596659,0.22673,0.0071599,1,Bug-49ac9b27-3596-4fa5-8770-436bb8fb8b57,1393979875070
1370,0.0631121,0.755713,0.106638,0.00054407,0.00054407,0.0734494,1,Bug-75cdc884-1812-41d9-ac7c-1e53c98813e5,1286312983776
1371,0.0555556,0.0555556,0.222222,0.0555556,0.166667,0.444444,5,Bug-4260b37f-ebdc-41d5-8d21-33f69966e832,1363834172718
1372,0.0736434,0.844961,0.0193798,0.00387597,0.0542636,0.00387597,1,Bug-ddb56864-5ec6-404f-bc4d-2e3b0d29d886,1377281445142
1373,0.0285714,0.0142857,0.4,0.0785714,0.0142857,0.464286,5,Bug-3e7a30e1-4e37-4689-bb57-9969f3a932be,1343429100416
1374,0.101639,0.711475,0.0295082,0.00327869,0.0622951,0.0918033,1,Bug-06123cbc-d8e4-40ee-b544-00498be6f86b,1363515834512
1375,0.560748,0.0747664,0.102804,0.158879,0.00934579,0.0934579,0,Bug-9978dcf8-a656-4c38-bd33-a9469a570638,1409178929364
1376,0.74359,0.166667,0.0512821,0.0128205,0.0128205,0.0128205,0,Bug-18551208-4301-4bdc-a68d-8e9080f99c36,1378895266658
1377,0.105263,0.0075188,0.736842,0.0601504,0.0300752,0.0601504,2,Bug-9e3e6f99-1eae-46ce-9df5-05e8b9f3d81f,1398288985871
1378,0.308958,0.521024,0.00548446,0.135283,0.00182815,0.0274223,1,Bug-2f741546-870e-47b1-86ef-e66dd82ec30e,1366839608208
1379,0.836478,0.106918,0.0377358,0.00628931,0.00628931,0.00628931,0,Bug-f2daf816-4cb2-4068-8f66-48d29d13b8ee,1360242600559
1380,0.0152284,0.923858,0.00507614,0.00507614,0.0456853,0.00507614,1,Bug-21dc6602-91b7-4410-bc85-cef790809759,1406787774912
1381,0.746269,0.179104,0.0298507,0.0149254,0.0149254,0.0149254,0,Bug-afb5554f-1e13-414e-b5f3-2fb9f2b414a3,1409263008692
1382,0.172414,0.0818966,0.0689655,0.00431034,0.607759,0.0646552,4,Bug-d2f5a21e-7912-4ef0-aa12-287a23e03a92,1387829071241
1383,0.0794045,0.00248139,0.707196,0.08933,0.0248139,0.0967742,2,Bug-12e91545-b916-425e-9c75-fa21eb77dc1c,1389137981302
1384,0.123675,0.742049,0.0565371,0.00706714,0.0671378,0.00353357,1,Bug-810896e1-e7ed-4d0f-8e59-5511e524e377,1363845812326
1385,0.0935162,0.138404,0.233167,0.240648,0.190773,0.103491,3,Bug-c6971d65-1b98-4a5d-951b-303ea94e619e,1408789441232
1386,0.181197,0.699145,0.112821,0.0017094,0.0017094,0.0034188,1,Bug-bbe8da54-6e4a-4874-b69d-d04a67492d41,1362692434213
1387,0.192308,0.0769231,0.211538,0.173077,0.134615,0.211538,2,Bug-1e6489a4-7980-48e0-8c40-a2c40dbec561,1395917390785
1388,0.446886,0.021978,0.117216,0.300366,0.003663,0.10989,0,Bug-7bb33fa1-1c7b-4342-9c9d-e24d40176b07,1408159372414
1389,0.0501002,0.390782,0.140281,0.0280561,0.370741,0.0200401,1,Bug-ff75e0b7-1210-48e7-8d05-417d784c42da,1356026852852
1390,0.180995,0.00452489,0.339367,0.253394,0.00452489,0.217195,2,Bug-bb3346d3-7c87-473a-9cd4-9ad3239611ed,1366748217375
1391,0.722222,0.148148,0.0740741,0.0185185,0.0185185,0.0185185,0,Bug-ee598e94-5bac-456f-aaf8-8da92b6475f6,1366060730095
1392,0.119403,0.253731,0.18408,0.0348259,0.333333,0.0746269,4,Bug-3759f97d-f471-46b0-a527-06e1a6dd1ffd,1358175476977
1393,0.0314136,0.712042,0.0183246,0.0209424,0.120419,0.0968586,1,Bug-cd3e0ea0-7c49-47dd-a751-c594e34e1778,1300160556683
1394,0.444056,0.0524476,0.493007,0.0034965,0.0034965,0.0034965,2,Bug-fbd21522-ce11-4f58-a302-e1a70c77ef42,1392372013306
1395,0.415274,0.386635,0.114558,0.0190931,0.0453461,0.0190931,0,Bug-24c04ed9-df61-45a1-aa43-d8f0495eed45,1405530286470
1396,0.62963,0.148148,0.166667,0.0185185,0.0185185,0.0185185,0,Bug-b053622a-c85a-4465-8698-4ddfc6824c38,1283924776334
1397,0.0212355,0.65444,0.129344,0.003861,0.110039,0.0810811,1,Bug-1c9c0810-9cd8-485e-a174-a2628d8dc81b,1372928926976
1398,0.339844,0.542969,0.046875,0.00130208,0.00130208,0.0677083,1,Bug-86962e12-1812-4f84-9ee8-40cf70d8499b,1374764766113
1399,0.0897184,0.421742,0.265226,0.0255403,0.104126,0.0936477,1,Bug-ba492825-786e-4b8c-b841-f5836226c479,1409820524828
1400,0.0730271,0.59894,0.114841,0.0194346,0.12073,0.0730271,1,Bug-006f8299-c025-4463-b8bb-95ce2b1212e5,1403255917321
1401,0.0887793,0.82984,0.0147965,0.0616523,0.00123305,0.00369914,1,Bug-519f0046-a2e1-4948-9d4f-d54fbc906494,1372404241538
1402,0.222222,0.111111,0.111111,0.111111,0.111111,0.333333,5,Bug-49ccb3bf-48b6-41ce-a218-8d59fa579e1f,1402939557353
1403,0.0136209,0.625426,0.046538,0.0794552,0.108967,0.125993,1,Bug-2cc33a2d-4946-4c86-a3a3-e1ac61b3de6b,1390380832772
1404,0.0833333,0.547619,0.0738095,0.0285714,0.264286,0.00238095,1,Bug-7a526542-fcc5-43de-94a7-cfdf09df91ce,1384694443952
1405,0.287619,0.419048,0.0685714,0.0266667,0.00190476,0.19619,1,Bug-159a3a03-d9d1-4a7e-9f6d-f4964ad079b5,1370980920340
1406,0.130319,0.117021,0.265957,0.00797872,0.37766,0.101064,4,Bug-c487e030-a6e4-4826-aad4-1050736ec927,1395773312511
1407,0.675,0.075,0.025,0.025,0.025,0.175,0,Bug-fd70aef7-3493-4760-a2aa-87cb86a9c170,1247595413028
1408,0.484315,0.298393,0.0321347,0.10329,0.0260138,0.0558531,0,Bug-cbbfd4d6-d7c8-42e0-82a1-b3ca56d60a16,1390569772453
1409,0.182013,0.509636,0.252677,0.0107066,0.012848,0.0321199,1,Bug-cdcade26-1ec6-4ca8-9efa-bf9ec38c985e,1274252179823
1410,0.0217391,0.804348,0.057971,0.0398551,0.00362319,0.0724638,1,Bug-6eec345b-d9c2-4f2c-b1f9-d1a749601f3d,1364972409292
1411,0.384615,0.0769231,0.472527,0.043956,0.010989,0.010989,2,Bug-78d6c9c4-05d8-48ef-a493-3db3e5aaab2a,1298412772618
1412,0.00877193,0.0175439,0.350877,0.192982,0.0526316,0.377193,5,Bug-c3c03562-bc92-4108-8df8-a8ea4229d9a5,1363605319280
1413,0.479839,0.0927419,0.0685484,0.100806,0.00403226,0.254032,0,Bug-bb6d6b1a-bfb1-4679-9f56-68e385e65888,1383570486968
1414,0.0502513,0.0150754,0.572864,0.080402,0.0100503,0.271357,2,Bug-c8b79ebe-4a31-41dc-8979-2e6e6a524ec1,1361207011185
1415,0.702703,0.0675676,0.0945946,0.0945946,0.027027,0.0135135,0,Bug-dc328863-8ac2-42d3-adbb-42db3e8d6648,1408108271807
1416,0.0740741,0.851852,0.00411523,0.00411523,0.0617284,0.00411523,1,Bug-2653c968-9e81-49cb-9383-613d6c8f0975,1395382797854
1417,0.0748503,0.700599,0.0568862,0.0688623,0.00299401,0.0958084,1,Bug-8d78390d-aec1-4646-aaca-f457bcca8364,1366909425257
1418,0.148649,0.833333,0.0045045,0.0045045,0.0045045,0.0045045,1,Bug-d35d3d48-9190-4f11-acf7-01f4335b025b,1374785758619
1419,0.0140845,0.678404,0.0211268,0.0938967,0.190141,0.00234742,1,Bug-4393633a-5724-4a95-83de-5d62c65f8175,1362013372429
1420,0.720569,0.227684,0.0206986,0.0219922,0.00776197,0.00129366,0,Bug-4854e567-4388-465d-8e91-89a4a5b20f71,1392172118022
1421,0.13242,0.00456621,0.776256,0.0593607,0.00456621,0.0228311,2,Bug-9f826c54-3125-48ce-b147-e5fc8a8806c3,1367337215980
1422,0.0150754,0.351759,0.211055,0.0552764,0.351759,0.0150754,1,Bug-e8009b43-71a5-4a5f-bd53-e207e3c54bb1,1365304934549
1423,0.23913,0.00724638,0.166667,0.318841,0.00724638,0.26087,3,Bug-4e48a9c9-77e2-419c-8af0-5978dfa1ed10,1397744643941
1424,0.362069,0.103448,0.12069,0.37931,0.0172414,0.0172414,3,Bug-eaa5d7bc-7ad5-4097-994d-caf22d3d5209,1393489381945
1425,0.625,0.0865385,0.00961538,0.259615,0.00961538,0.00961538,0,Bug-0883179d-d6be-4d1e-a702-2aa3219c49eb,1394437208309
1426,0.0883978,0.657459,0.16101,0.00868193,0.000789266,0.0836622,1,Bug-52e56850-a1ba-4a84-a4c0-ea200dd33e55,1408822979776
1427,0.0769231,0.153846,0.384615,0.0769231,0.0769231,0.230769,2,Bug-1828bbeb-72cd-4fc7-9832-a4b2fc6878f6,1393618287943
1428,0.142361,0.670139,0.0555556,0.00347222,0.125,0.00347222,1,Bug-245060f7-e296-41c2-a00d-fe40cc162bdf,1362664957477
1429,0.535714,0.0785714,0.0357143,0.05,0.292857,0.00714286,0,Bug-52af315b-db0b-4ca4-b49b-abf7dff483a4,1363977472589
1430,0.56338,0.0950704,0.0140845,0.320423,0.00352113,0.00352113,0,Bug-d581f940-5183-4f00-b4d8-d29a349adb68,1383081798224
1431,0.111111,0.111111,0.333333,0.111111,0.111111,0.222222,2,Bug-4d0f1f7d-27b8-4770-9fae-814def4460fb,1407574622219
1432,0.144118,0.705882,0.00588235,0.111765,0.0294118,0.00294118,1,Bug-4886661e-6f04-472c-9110-e1017e78f251,1275415023672
1433,0.174129,0.00829187,0.363184,0.208955,0.147595,0.0978441,2,Bug-7cc00755-3853-4039-b3bd-698a38f2b973,1409668435340
1434,0.0161527,0.00440529,0.131424,0.779736,0.0132159,0.0550661,3,Bug-80fb9d27-69f2-45fd-8ce2-4fe7e5e94b77,1389981038697
1435,0.111111,0.111111,0.222222,0.333333,0.111111,0.111111,3,Bug-e19a82ea-0018-4e12-a790-99907a980e2e,1272298574357
1436,0.383007,0.520261,0.00653595,0.00130719,0.00130719,0.0875817,1,Bug-daa82c93-9fb2-4f95-82f8-75b8d0975969,1408972957763
1437,0.22561,0.103659,0.304878,0.207317,0.109756,0.0487805,2,Bug-9354f9c0-01c2-4d9e-9bbc-0cdd834a3f69,1357940647392
1438,0.131179,0.423954,0.152091,0.0855513,0.125475,0.081749,1,Bug-f6e02f22-845e-47f4-9a09-85e913c75908,1385514203121
1439,0.0680529,0.807183,0.0359168,0.0793951,0.00189036,0.00756144,1,Bug-d649b84b-c145-4829-98c8-db4d30be45ce,1370597117295
1440,0.0655738,0.0655738,0.491803,0.0163934,0.0163934,0.344262,2,Bug-0d5c46b2-8818-4b90-b633-2858e823b936,1277093917140
1441,0.095941,0.756458,0.095941,0.0184502,0.0295203,0.00369004,1,Bug-6cab5d29-90dd-4fb4-b398-8f5ec310451f,1344974135627
1442,0.0152672,0.498728,0.178117,0.00254453,0.0534351,0.251908,1,Bug-a2060c33-888f-49d4-9563-e98e0639cabe,1340747973535
1443,0.107143,0.482143,0.344388,0.00255102,0.0229592,0.0408163,1,Bug-c0490ddd-e483-4096-b863-d37a3ceaa99f,1294213650124
1444,0.837945,0.0316206,0.0909091,0.00395257,0.0158103,0.0197628,0,Bug-7ae80b09-4d02-4e81-b7c9-cd8048ef3252,1404957227026
1445,0.243017,0.527933,0.0251397,0.0335196,0.167598,0.0027933,1,Bug-858317ff-8b6f-4602-b965-43a5670d7cf5,1392423380634
1446,0.114286,0.619048,0.146032,0.0031746,0.114286,0.0031746,1,Bug-eefcd2aa-b063-479a-9b9f-776d4469fa40,1383612744324
1447,0.164384,0.150685,0.0479452,0.00684932,0.623288,0.00684932,4,Bug-b8a78846-6c11-4c90-b232-33be0e497185,1402958698830
1448,0.0858586,0.830808,0.0170455,0.0195707,0.010101,0.0366162,1,Bug-2dd22687-0597-4f2a-939c-211315bf03c1,1386626580650
1449,0.274074,0.44537,0.110185,0.012037,0.0222222,0.136111,1,Bug-adbc957f-a54d-481d-ad64-59457b7f904a,1363729090692
1450,0.106775,0.0150957,0.763991,0.0592784,0.00773196,0.0471281,2,Bug-f5c2e118-ee15-4bb5-a1f0-4e7468a42e5c,1375465770546
1451,0.0931677,0.0372671,0.36646,0.180124,0.00621118,0.31677,2,Bug-aacb9731-afba-4edb-944f-3303fbd2978f,1330281280871
1452,0.0866142,0.0209974,0.711286,0.0367454,0.0183727,0.125984,2,Bug-a58cbeae-e600-4cc9-8afa-0703f4cd9c97,1383717184062
1453,0.165192,0.253687,0.150442,0.00294985,0.286136,0.141593,4,Bug-1a810b3a-b820-4686-82fa-78688006f6a6,1391470241787
1454,0.166107,0.662752,0.0184564,0.00838926,0.13255,0.011745,1,Bug-f911d08e-0907-4162-9554-f14b2cf17394,1366682071244
1455,0.117647,0.545455,0.0534759,0.00534759,0.272727,0.00534759,1,Bug-4264905e-7cbd-4796-8b0b-70f9103e99b6,1405550734077
1456,0.0909091,0.0909091,0.363636,0.272727,0.0909091,0.0909091,2,Bug-b9ba7d7b-35e1-4460-b31d-da084b0f79a5,1346086193256
1457,0.081741,0.752654,0.110403,0.0127389,0.0212314,0.0212314,1,Bug-e9f5fc61-b319-46df-9c40-5aae7000abc9,1362424056775
1458,0.0322581,0.0322581,0.677419,0.193548,0.0322581,0.0322581,2,Bug-f9d69fa3-c60c-42be-8b55-9ab157bf2352,1400084415859
1459,0.0204082,0.0204082,0.673469,0.183673,0.0204082,0.0816327,2,Bug-961ac8ca-6eb9-4ed3-8ec0-0dd6dc054769,1404206111957
1460,0.0840708,0.80531,0.0707965,0.00442478,0.0309735,0.00442478,1,Bug-c2a68ab0-28ab-41dc-9f58-af27fcfdef76,1361926340962
1461,0.0714624,0.600095,0.19309,0.0189304,0.0279224,0.0884998,1,Bug-fac92f71-3ee6-4844-a9eb-16a32f786284,1369257758391
1462,0.124113,0.804965,0.0035461,0.0035461,0.0602837,0.0035461,1,Bug-dc0103dd-7ef6-4a5b-bbff-d7f40d94cd46,1362480330242
1463,0.199255,0.536313,0.0884544,0.0456238,0.129423,0.000931099,1,Bug-b1656155-b6e3-449c-bcf6-8b9e8a4adefd,1347897419621
1464,0.0131579,0.0131579,0.131579,0.118421,0.0263158,0.697368,5,Bug-6a931ba3-f85f-4c6f-b2b1-958f0fdaf566,1410573643755
1465,0.0675381,0.745098,0.0501089,0.0283224,0.106754,0.00217865,1,Bug-a6f04065-4776-4567-b0c2-17297965b69b,1349207132518
1466,0.61194,0.291045,0.0746269,0.00746269,0.00746269,0.00746269,0,Bug-d48bb326-39b5-491d-ad1b-97d7b34e1eb3,1346279890938
1467,0.0333333,0.0333333,0.233333,0.4,0.266667,0.0333333,3,Bug-4145a9de-28f8-4e38-9eeb-7e501bfa5801,1410406222107
1468,0.1,0.1,0.2,0.2,0.1,0.3,5,Bug-c22a5c95-7c13-4812-8920-ed61e62d9a47,1393114741511
1469,0.05,0.1,0.716667,0.05,0.0166667,0.0666667,2,Bug-5947418e-e39a-4eeb-b9e3-02cc90a083cc,1395901818078
1470,0.371287,0.524752,0.0767327,0.00742574,0.00247525,0.0173267,1,Bug-3b335089-a9b4-4745-9e3b-1645cbae5cb9,1397815204081
1471,0.402204,0.559229,0.0137741,0.00275482,0.00275482,0.0192837,1,Bug-690d1db1-8439-4ad3-92f1-7e38fa5e3172,1361287831755
1472,0.118081,0.523985,0.0553506,0.0258303,0.273063,0.00369004,1,Bug-672243a7-81d3-4412-9344-29c74e9095b8,1372854963614
1473,0.0666667,0.0666667,0.6,0.133333,0.0666667,0.0666667,2,Bug-9bc99004-9763-41cc-89d9-58c4c6a3a857,1400642758808
1474,0.168067,0.331933,0.00420168,0.0378151,0.453782,0.00420168,4,Bug-6bc95c4f-f88c-4619-9f11-b0f32cd702ab,1391978043327
1475,0.111111,0.111111,0.111111,0.222222,0.333333,0.111111,4,Bug-eb525af3-c687-4bd7-b016-e39ec60e03dd,1334781745769
1476,0.0927152,0.474614,0.0816777,0.0154525,0.0794702,0.256071,1,Bug-e4e346ff-aa62-4208-a008-bd867d1783ee,1372091383207
1477,0.259259,0.0123457,0.283951,0.419753,0.0123457,0.0123457,3,Bug-2536f421-43ee-4ae0-b185-6adc374751ce,1354748255919
1478,0.108108,0.027027,0.216216,0.189189,0.027027,0.432432,5,Bug-3f77388a-2631-4030-8555-fdba0a666602,1362762802541
1479,0.618056,0.208333,0.152778,0.00694444,0.00694444,0.00694444,0,Bug-e5ca3962-21d4-4e85-a667-53a643ad1cf5,1407193288105
1480,0.0484018,0.786301,0.0191781,0.0401826,0.0429224,0.0630137,1,Bug-25de3365-59d7-44b6-b876-be5c9c5b1127,1396503793593
1481,0.654321,0.185185,0.123457,0.0123457,0.0123457,0.0123457,0,Bug-27bdfd51-2c96-4a42-be96-a33ebc1f28af,1291947051029
1482,0.0661686,0.707577,0.0352188,0.0202775,0.0618997,0.108858,1,Bug-765510ee-a3a1-402d-aabe-3e912c9da7d7,1369351450343
1483,0.00385109,0.0821566,0.143774,0.132221,0.0924262,0.545571,5,Bug-f68f4ec8-9ac0-45de-82ac-c33e6a24dedf,1365500785654
1484,0.0796813,0.690239,0.0139442,0.0846614,0.0288845,0.10259,1,Bug-3afc2cb3-4c99-483e-bdef-d5feae2d9a6d,1333639872292
1485,0.0365854,0.813008,0.0487805,0.0853659,0.00406504,0.0121951,1,Bug-18690b01-3ff7-4334-8440-8f6697ffc05f,1374556062622
1486,0.0774908,0.870849,0.0369004,0.00369004,0.00738007,0.00369004,1,Bug-f20d1caf-7574-49df-9d04-25caa99b52a8,1385045848323
1487,0.111111,0.111111,0.111111,0.111111,0.111111,0.444444,5,Bug-6711c2b3-8a8e-4530-b81f-a9cf00cad96d,1380362037266
1488,0.238095,0.177922,0.241558,0.190043,0.0887446,0.0636364,2,Bug-9fb91767-acba-456b-8148-8611da45c909,1353897231413
1489,0.00854701,0.034188,0.0598291,0.470085,0.00854701,0.418803,3,Bug-b1e546f2-f697-408a-8123-24fff550e23d,1389392063365
1490,0.111111,0.111111,0.444444,0.111111,0.111111,0.111111,2,Bug-e6d1213a-652f-4132-af6d-a9f87336b060,1345518210653
1491,0.0909091,0.0909091,0.181818,0.0909091,0.181818,0.363636,5,Bug-72ad6cb6-44e2-4321-8465-602df8488319,1399498307644
1492,0.0588235,0.0588235,0.647059,0.0588235,0.0588235,0.117647,2,Bug-cbdd7343-377b-487d-a334-f8bf798c4f49,1387594778705
1493,0.166667,0.462963,0.185185,0.0037037,0.0962963,0.0851852,1,Bug-7c0b0ffb-daa0-4ba3-a87a-3e39803aeee6,1363535531650
1494,0.273684,0.0315789,0.442105,0.0315789,0.0947368,0.126316,2,Bug-3442d12b-a9ce-4b36-a878-bd41609fc984,1376090136899
1495,0.356306,0.47696,0.0531528,0.0230396,0.00222312,0.0883185,1,Bug-62429c26-a2af-4dc6-9a84-fbf8363306fa,1300929036912
1496,0.0833333,0.0833333,0.583333,0.0833333,0.0833333,0.0833333,2,Bug-0ee79423-acd2-4dbe-ba72-a5d34e9bd565,1402659574169
1497,0.238213,0.610422,0.138958,0.00248139,0.00496278,0.00496278,1,Bug-dd5a23f1-0875-4aee-8b20-238011ee72b0,1378229806131
1498,0.0791476,0.665145,0.0487062,0.0289193,0.0334855,0.144597,1,Bug-fbbcf182-ed68-4c9f-af3f-0ab52c042a3b,1263240669119
1499,0.162963,0.537037,0.037037,0.0333333,0.17037,0.0592593,1,Bug-fea38160-489a-42be-b720-4ffdf71fdf31,1391734762989
1500,0.305439,0.0627615,0.175732,0.213389,0.0041841,0.238494,0,Bug-8e5a0c89-a47a-4c51-8263-541ddb6663d0,1379446151207
1501,0.111111,0.111111,0.444444,0.111111,0.111111,0.111111,2,Bug-e2543dce-343a-4ce4-9502-f0b6477b5e9b,1395918836157
1502,0.333333,0.540052,0.0180879,0.0645995,0.0413437,0.00258398,1,Bug-1c0961b2-33ca-40dc-a0d6-e072d669a131,1348012813765
1503,0.13189,0.844488,0.0019685,0.0177165,0.0019685,0.0019685,1,Bug-4771ce0c-c240-4815-8636-df97ef73f309,1410548832233
1504,0.157827,0.479872,0.0817891,0.0140575,0.229393,0.0370607,1,Bug-5a65a99c-0f35-45d2-b98e-9469ca6c6100,1395863035659
1505,0.347368,0.115789,0.2,0.147368,0.0105263,0.178947,0,Bug-e065e023-8f98-4d90-ba69-a19776a43462,1388895023402
1506,0.205026,0.671958,0.0701058,0.0238095,0.0251323,0.00396825,1,Bug-1f9a6651-7d10-428a-8219-afb3d3e91bbf,1372943953022
1507,0.0639535,0.0348837,0.418605,0.372093,0.0523256,0.0581395,2,Bug-ae8cd5fd-ff7c-4a9b-bde2-749cf2b93969,1391048803391
1508,0.482044,0.0790746,0.00517956,0.428177,0.00517956,0.000345304,0,Bug-80feb9f5-d5c5-42a9-a4fa-632cc0934ca7,1402542536949
1509,0.0244898,0.842857,0.0326531,0.00204082,0.0102041,0.0877551,1,Bug-5a19a5d5-0c35-4229-9046-d59eb2f94278,1405402343928
1510,0.0901408,0.633803,0.0253521,0.056338,0.101408,0.0929577,1,Bug-149806f5-2529-4157-ba51-c7f07abaaa2b,1348012340865
1511,0.0684551,0.791859,0.0730805,0.0111008,0.0194265,0.0360777,1,Bug-51ee79d1-f601-4edb-8c16-b876fac234ef,1353360151297
1512,0.286863,0.581769,0.0268097,0.0482574,0.00268097,0.0536193,1,Bug-210ea90f-5abf-463b-b395-785f817d7ae2,1367362648094
1513,0.0210526,0.0210526,0.2,0.305263,0.0210526,0.431579,5,Bug-4a83cf16-bfe5-4b7b-befa-0ddb96b4bd78,1318371281677
1514,0.148585,0.558962,0.266509,0.00235849,0.0212264,0.00235849,1,Bug-ba8e9860-d1cf-4a9c-a329-4a2fead6048a,1381449888318
1515,0.0625,0.0625,0.125,0.3125,0.0625,0.375,5,Bug-610aede1-ceff-4a37-81aa-60eb0118611f,1401725377380
1516,0.100089,0.25067,0.56613,0.0270331,0.0393208,0.016756,2,Bug-57864b34-cff1-4ef5-ba87-c643dabed078,1339046475718
1517,0.153333,0.693333,0.0433333,0.00333333,0.06,0.0466667,1,Bug-f2057aa1-f6b2-4059-b19d-e5240a8b8c31,1279943964380
1518,0.111913,0.791817,0.0409146,0.00361011,0.00481348,0.0469314,1,Bug-e54b9784-913b-49c0-8ac3-50a0d4695c4b,1360094147710
1519,0.125749,0.11976,0.377246,0.233533,0.101796,0.0419162,2,Bug-3a6502e6-b9b9-4f4e-afa9-61cc2c10d805,1380231924756
1520,0.4,0.2,0.284211,0.0105263,0.0105263,0.0947368,0,Bug-20110f40-2b9b-4e35-be6f-aba25e53a1a7,1290195041278
1521,0.216216,0.4375,0.00168919,0.175676,0.0489865,0.119932,1,Bug-7981c53a-41cf-4d42-bf52-f7ab9e410374,1389912201498
1522,0.22549,0.561275,0.0269608,0.00245098,0.181373,0.00245098,1,Bug-94502189-1780-4944-92a7-7600f0d6e35a,1406074693157
1523,0.0905923,0.271777,0.376307,0.00348432,0.250871,0.00696864,2,Bug-10f73f05-60dc-44f1-9864-c2cdac400359,1400251894621
1524,0.00757576,0.139118,0.0647383,0.495179,0.0144628,0.278926,3,Bug-e4d526a5-9db0-476d-8215-fd812a5fc2ab,1348601827312
1525,0.0116279,0.604651,0.212209,0.0668605,0.0377907,0.0668605,1,Bug-d2cedcca-15fd-4cd2-8c40-59943f07b66b,1355788914166
1526,0.012987,0.038961,0.311688,0.25974,0.337662,0.038961,4,Bug-83ba2212-c00f-442b-86e6-c7d772c1ac41,1406813413259
1527,0.255952,0.627976,0.0372024,0.00297619,0.0119048,0.0639881,1,Bug-e4506982-fb72-4f92-8648-73bc2e3dc094,1356770578647
1528,0.00925926,0.0277778,0.166667,0.407407,0.00925926,0.37963,3,Bug-8d6cb3cc-5861-4b1c-a182-e06854112c4b,1405016882396
1529,0.219153,0.615101,0.0589319,0.0239411,0.0331492,0.0497238,1,Bug-5b4fb97a-afdd-4d84-a76a-7a7e37e23371,1231706768788
1530,0.134948,0.0415225,0.349481,0.16955,0.16263,0.141869,2,Bug-8c49bcef-d505-4294-bf6a-27d7a5ccb3db,1279064155621
1531,0.114035,0.745614,0.00584795,0.0818713,0.0116959,0.0409357,1,Bug-2dfcbb96-5e34-4538-84f2-792ce2d1dd10,1347028618540
1532,0.0338983,0.152542,0.0169492,0.355932,0.0677966,0.372881,5,Bug-cbbd5ce9-5b2f-456c-aa3c-a4f599b9a94c,1400616550937
1533,0.42515,0.107784,0.341317,0.0299401,0.00598802,0.0898204,0,Bug-f3946a65-b781-4d31-aa9d-f83267ac5d0e,1271801285302
1534,0.255751,0.416779,0.0257104,0.0284168,0.0784844,0.194858,1,Bug-9047ea60-93e6-4db5-ab78-143ef0f440d5,1357680903937
1535,0.0117329,0.712996,0.120939,0.000902527,0.0640794,0.0893502,1,Bug-2f3bbdfd-66db-43c8-9eb2-d517fec40b88,1376343371831
1536,0.0784314,0.0588235,0.156863,0.444444,0.00653595,0.254902,3,Bug-5067b2f1-28a5-44ed-9943-39da2391da82,1397004796222
1537,0.12667,0.738369,0.0317826,0.0110548,0.000921234,0.0912022,1,Bug-a97e1c34-2df5-4501-b8b7-7c6c8f4fdc9f,1375048941845
1538,0.0238095,0.00595238,0.178571,0.517857,0.00595238,0.267857,3,Bug-78fb7300-4f6b-4ac2-b7f2-c39cdb9a95ad,1362320950758
1539,0.222222,0.222222,0.111111,0.111111,0.222222,0.111111,0,Bug-d505cb52-a1fb-44f6-82b6-56337e88d835,1391649671268
1540,0.125,0.125,0.375,0.125,0.125,0.125,2,Bug-fc2d3415-814a-41f1-95e1-40bf92cafb23,1363720673791
1541,0.0794224,0.595668,0.0541516,0.00361011,0.169675,0.0974729,1,Bug-f08aaa0a-1f85-4c9c-b898-d82f975c8393,1300493562042
1542,0.121308,0.504219,0.129747,0.101266,0.035865,0.107595,1,Bug-8a91d559-ffa2-4075-afe8-60cae7addbd5,1399013559802
1543,0.0625,0.0833333,0.354167,0.333333,0.0208333,0.145833,2,Bug-af83fecb-4e2f-4673-89a1-929325b6e777,1405960442260
1544,0.119863,0.835616,0.0171233,0.00684932,0.0171233,0.00342466,1,Bug-8ed0e5ee-4b82-41f2-bf83-2be048a14490,1362489656451
1545,0.142857,0.721612,0.0989011,0.003663,0.029304,0.003663,1,Bug-00c06fcf-621c-4461-b34c-a7fbc6ab5f67,1392426043650
1546,0.103125,0.7375,0.046875,0.053125,0.05625,0.003125,1,Bug-5feb9640-16b0-449d-942c-cf3d69257d5d,1372787225734
1547,0.178862,0.689431,0.125203,0.00325203,0.00162602,0.00162602,1,Bug-206f4893-1b72-4f83-94f3-b01ede449637,1365782686406
1548,0.116667,0.0833333,0.633333,0.0166667,0.0166667,0.133333,2,Bug-d8f47ef6-0b64-4d02-998e-088174687f6d,1388688709875
1549,0.0791111,0.704,0.150222,0.0124444,0.00977778,0.0444444,1,Bug-0bee753d-da23-46b6-8179-d616ec15ec55,1366845856517
1550,0.245989,0.614973,0.0855615,0.0240642,0.0187166,0.0106952,1,Bug-d4266e0e-577b-41fb-9c05-7f57ace8c2f4,1369787424531
1551,0.480769,0.125,0.365385,0.00961538,0.00961538,0.00961538,0,Bug-f918abc7-022a-4689-9e06-5b119cb9e081,1350389090670
1552,0.385214,0.0622568,0.00389105,0.0933852,0.346304,0.108949,0,Bug-5dd64a51-29b9-4305-be1a-a1412922cb2a,1353009854003
1553,0.0217391,0.0217391,0.57971,0.210145,0.0144928,0.152174,2,Bug-0c5aff82-1827-4448-a89d-003b45b5ab18,1381861946754
1554,0.0756757,0.248649,0.162162,0.0324324,0.356757,0.124324,4,Bug-55cc05a9-7be8-41fc-b8fd-d6d4384b64a3,1402460771699
1555,0.0841487,0.835616,0.0156556,0.00195695,0.0606654,0.00195695,1,Bug-0d1f6666-dd21-497f-a2c5-333d42305585,1389146035018
1556,0.0833333,0.0833333,0.0833333,0.583333,0.0833333,0.0833333,3,Bug-7acec90f-823e-46d7-99ce-d0d3b1592d84,1382641253548
1557,0.0862069,0.318966,0.0517241,0.00862069,0.525862,0.00862069,4,Bug-638f3259-7c67-427a-b462-59c0f59423e4,1347490471587
1558,0.470588,0.129412,0.2,0.0117647,0.152941,0.0352941,0,Bug-d8accbba-2025-4e0b-a6b4-2e318f7cd5d2,1381828894765
1559,0.0711242,0.622419,0.0517863,0.0668633,0.0599803,0.127827,1,Bug-930a9680-cd3c-4571-b022-de81af8e10a8,1394230574277
1560,0.169381,0.0814332,0.127036,0.159609,0.37785,0.0846906,4,Bug-bfc9aaf1-8146-4882-a6a6-89d82a48139d,1409158429237
1561,0.0326087,0.745652,0.0423913,0.132609,0.0217391,0.025,1,Bug-d954bd76-2407-46e0-9716-278c092753e7,1385515060426
1562,0.600207,0.359504,0.0134298,0.0113636,0.0144628,0.00103306,0,Bug-9017f931-9c12-4a96-8ab9-9c564aef1cce,1350462992470
1563,0.151603,0.810496,0.00291545,0.0204082,0.0116618,0.00291545,1,Bug-d01a3610-e7a4-4e5d-8026-94d5750b6996,1402449499338
1564,0.511905,0.440476,0.0357143,0.00396825,0.00396825,0.00396825,0,Bug-4db0f80b-a725-4df1-a323-140574d6af02,1363212896494
1565,0.506329,0.0886076,0.0759494,0.0126582,0.0379747,0.278481,0,Bug-671af2cc-d40e-4f3e-a086-91fa35640dc6,1402312686823
1566,0.121345,0.49269,0.280702,0.0175439,0.0862573,0.00146199,1,Bug-b23821be-97ea-4397-8dac-3201bd14424f,1396591835761
1567,0.189189,0.72973,0.0760135,0.00168919,0.00168919,0.00168919,1,Bug-b4d25d9e-567c-451e-ba7f-854bf882c2cd,1402551309785
1568,0.210884,0.731293,0.0306122,0.00680272,0.0170068,0.00340136,1,Bug-e43847be-4b5f-4dfc-81e4-f9e28c76c8bf,1362711597415
1569,0.26,0.02,0.54,0.14,0.02,0.02,2,Bug-13b6c5ba-23b2-40d2-98d6-54f6b9cf9dc0,1390929048552
1570,0.0117371,0.669014,0.0594679,0.0539906,0.0422535,0.163537,1,Bug-3f1acafe-d92f-470b-a6c9-8c85ee63f3b4,1354782699672
1571,0.181363,0.794589,0.011022,0.01002,0.001002,0.00200401,1,Bug-d5ed2b05-6a26-4581-a678-9bc72c81bef4,1396429937737
1572,0.334328,0.647761,0.00298507,0.00895522,0.00298507,0.00298507,1,Bug-59da7781-3f6e-44a0-b4e4-046628ae3bfd,1395001004079
1573,0.0822368,0.101974,0.137061,0.0548246,0.513158,0.110746,4,Bug-649a9026-7631-4c62-b53b-e18f76123e20,1399586600651
1574,0.111111,0.111111,0.444444,0.111111,0.111111,0.111111,2,Bug-7df4d523-eb71-4755-81cb-b257f99d9c15,1370543927825
1575,0.00913242,0.954338,0.00456621,0.00456621,0.0228311,0.00456621,1,Bug-17da87e0-1be8-4f17-b2da-3170bc6c3023,1387774544971
1576,0.16835,0.690236,0.003367,0.003367,0.117845,0.016835,1,Bug-f90c9b52-4ca2-453c-a1a2-2120c5b14653,1362423960243
1577,0.104762,0.6,0.0507937,0.00634921,0.142857,0.0952381,1,Bug-f251ccfb-cff6-4d22-95d3-6a8c37c2433b,1338221441581
1578,0.068323,0.616977,0.101449,0.0828157,0.0828157,0.047619,1,Bug-e11c9b52-2e53-4ed4-a937-fb9692e6d61b,1349740943031
1579,0.0833333,0.0166667,0.45,0.0666667,0.2,0.183333,2,Bug-e79cf204-a9b1-433b-becb-fa2e00580fcf,1387580165517
1580,0.189557,0.393871,0.122588,0.108967,0.157775,0.0272418,1,Bug-d2b9627d-6f1d-4d18-a8a3-a1f21110b1fd,1286216831473
1581,0.180359,0.322002,0.286119,0.0103872,0.146364,0.0547686,1,Bug-479949c0-2bf0-4b9d-8b22-7a12b4a53002,1404183876139
1582,0.0769231,0.0769231,0.0769231,0.307692,0.0769231,0.384615,5,Bug-0e0700ce-1606-4321-a2e1-94d209d4536d,1338968535147
1583,0.250932,0.544099,0.152795,0.0310559,0.0198758,0.00124224,1,Bug-91f6fd72-5ae8-4aa3-b107-2abc9d18970d,1357587683664
1584,0.549618,0.122137,0.236641,0.0152672,0.00763359,0.0687023,0,Bug-14b6e512-f5be-41e6-8f6b-a537f3d4dc39,1393618489606
1585,0.430493,0.5,0.0605381,0.00224215,0.0044843,0.00224215,1,Bug-91bae7c7-2541-4487-83d8-14910f9a5610,1304970563444
1586,0.025641,0.205128,0.0512821,0.538462,0.025641,0.153846,3,Bug-58e9b6c2-3191-4481-80fe-d2fb0f4857b5,1380431563302
1587,0.44,0.0733333,0.346667,0.02,0.06,0.06,0,Bug-ceabecff-7500-447b-9974-efba21189a81,1369084541643
1588,0.0833333,0.0833333,0.0833333,0.583333,0.0833333,0.0833333,3,Bug-22d195f2-85da-4010-985e-d71698a0e8a3,1407196755181
1589,0.164286,0.667857,0.128571,0.00357143,0.0321429,0.00357143,1,Bug-af82d773-6353-4b5e-bd2b-cee40b805823,1376612269961
1590,0.142384,0.698675,0.0140728,0.100993,0.00413907,0.0397351,1,Bug-8bcaf014-666f-46ab-ba26-7143b1fc04c8,1376141914200
1591,0.0606695,0.861925,0.0125523,0.0104603,0.0523013,0.00209205,1,Bug-204fb7d8-32c8-41c9-8941-67b82c05dff8,1376545407472
1592,0.315725,0.588452,0.0282555,0.00737101,0.0012285,0.0589681,1,Bug-90f962e3-3c4d-41f7-bbb3-066522460e89,1368729973496
1593,0.0189732,0.933036,0.00111607,0.00558036,0.0379464,0.00334821,1,Bug-c01a9b13-c0b7-4d11-8bca-04aca79f9477,1346176311761
1594,0.0629685,0.631184,0.071964,0.163418,0.0689655,0.00149925,1,Bug-05c4ab54-c29b-401c-a3cc-33ae7af6323f,1274205217902
1595,0.391626,0.535714,0.00123153,0.0184729,0.00123153,0.0517241,1,Bug-fa71ad77-3c36-4107-b924-146d5dee6205,1406322373023
1596,0.438356,0.164384,0.0136986,0.0136986,0.287671,0.0821918,0,Bug-aaedd9dc-9274-46c2-812f-23a2a158d273,1410420406772
1597,0.0106383,0.297872,0.138298,0.0638298,0.478723,0.0106383,4,Bug-5c183d62-af84-448c-a34f-5b17af0b49fa,1401458646521
1598,0.0285714,0.0285714,0.228571,0.228571,0.0857143,0.4,5,Bug-33953f27-57f4-4e72-9c3f-4c74dc1a5e6d,1337103634549
1599,0.127726,0.70405,0.00155763,0.0420561,0.0233645,0.101246,1,Bug-9101eaf7-902f-441b-8aaa-9841ef473c80,1359599744846
1600,0.251337,0.65508,0.0026738,0.0561497,0.0320856,0.0026738,1,Bug-8d5f5992-07a1-4065-bdd0-e98f573b0fd0,1347588742861
1601,0.0672515,0.777778,0.0263158,0.00292398,0.0877193,0.0380117,1,Bug-6f52557b-640f-4a9b-b65d-b573b7067b1c,1392625330661
1602,0.122222,0.72963,0.0037037,0.0037037,0.137037,0.0037037,1,Bug-e137cff6-4065-4d6b-b65f-514e992657c2,1338491807848
1603,0.0227273,0.0227273,0.159091,0.0227273,0.0227273,0.75,5,Bug-e9d93852-1adb-46c9-a950-ab9340e1d6ae,1379816999109
1604,0.018711,0.002079,0.049896,0.444906,0.004158,0.480249,5,Bug-1b235b4c-5743-42b7-a2c4-49fbfd60b4ea,1359667405985
1605,0.142857,0.142857,0.285714,0.142857,0.142857,0.142857,2,Bug-0c9e5a91-e712-4c78-ba88-7624d6f81e8f,1257852014482
1606,0.0869565,0.407609,0.0597826,0.00543478,0.434783,0.00543478,4,Bug-1d6ec9b8-33aa-495f-b69a-1e38fb67ef07,1393802334561
1607,0.0537746,0.47363,0.0630817,0.234747,0.00103413,0.173733,1,Bug-55b49d01-e5bc-46d8-9875-7a2c039b4abb,1363219583706
1608,0.227273,0.539256,0.0557851,0.00826446,0.126033,0.0433884,1,Bug-d1cafe39-8630-45a0-9a44-c47c8e312990,1387729490018
1609,0.102662,0.779468,0.00380228,0.00380228,0.106464,0.00380228,1,Bug-7efc2b51-2f79-4ff8-88b8-08b71590d71b,1376002420338
1610,0.0742049,0.879859,0.00353357,0.0106007,0.0176678,0.0141343,1,Bug-3bc61236-57ef-4504-bb0e-950322b0a2a6,1287446322161
1611,0.24,0.608,0.0213333,0.00266667,0.008,0.12,1,Bug-760d3c65-b293-49d8-931a-4e1dc9573fd1,1346022069182
1612,0.089455,0.00414692,0.337678,0.125592,0.0219194,0.421209,5,Bug-d6286f52-dac9-4739-b99a-1e91df87df02,1402531120703
1613,0.223767,0.584071,0.0316056,0.0606827,0.079646,0.0202276,1,Bug-0105004a-169f-4631-b02f-8d1037bf930e,1384122545724
1614,0.0101695,0.779661,0.0949153,0.0135593,0.0983051,0.00338983,1,Bug-c3933181-7f6a-433b-8be5-78f36050b7aa,1357830726594
1615,0.110727,0.780277,0.0138408,0.00519031,0.0467128,0.0432526,1,Bug-fa1b7b31-0326-410d-b6ed-4bc00d90e349,1331811494496
1616,0.032567,0.837165,0.0114943,0.00191571,0.114943,0.00191571,1,Bug-fc5e1b71-e6a0-43da-ad3e-ae40cb7267c9,1388306066458
1617,0.037037,0.00154321,0.725309,0.0169753,0.0216049,0.197531,2,Bug-7b2bd789-f8f1-466a-99f5-470084202352,1365812044700
1618,0.166667,0.542636,0.0930233,0.00387597,0.189922,0.00387597,1,Bug-e4edbd56-8c98-4561-8979-d4be7e77a14b,1393628065557
1619,0.15,0.513889,0.1,0.00277778,0.141667,0.0916667,1,Bug-7045a5fe-7d07-4166-9488-21dad756ba2c,1375155556703
1620,0.111111,0.111111,0.444444,0.111111,0.111111,0.111111,2,Bug-b5badb0a-42e6-4508-bcb3-47b7344b5171,1383786219306
1621,0.0172414,0.0172414,0.103448,0.5,0.0172414,0.344828,3,Bug-6bfeed97-b3eb-4617-bdac-79487042f38d,1373412835308
1622,0.2,0.170161,0.13629,0.154839,0.0314516,0.307258,5,Bug-e102469c-2941-4554-9df1-06b59d7340f4,1392574660196
1623,0.161074,0.815436,0.0033557,0.0033557,0.0134228,0.0033557,1,Bug-df55c812-74f5-483a-9012-59fa72d224b7,1285147766482
1624,0.0153846,0.0307692,0.0923077,0.369231,0.0153846,0.476923,5,Bug-40bf29b4-9610-48f6-b519-da1c87bdfbd2,1336504714275
1625,0.0147493,0.60767,0.079646,0.0678466,0.00294985,0.227139,1,Bug-68319edf-3ec5-4e83-99fd-579ddc9816de,1311565311181
1626,0.0479705,0.708487,0.154982,0.00369004,0.0184502,0.0664207,1,Bug-c4e878af-b0d2-4e4d-880e-473e998aca7a,1407457717527
1627,0.0542169,0.748996,0.0281124,0.114458,0.0522088,0.00200803,1,Bug-6ecc5a42-2cc3-4640-9f64-8379e0eab147,1365587533967
1628,0.0243902,0.0365854,0.256098,0.426829,0.0243902,0.231707,3,Bug-a8f7c1c3-09d9-4bf1-8cf9-e27118a76632,1314690181310
1629,0.00877193,0.00292398,0.54386,0.163743,0.00292398,0.277778,2,Bug-a761e863-ff71-480f-8e4a-2134986b53ae,1327274477466
1630,0.409091,0.0606061,0.19697,0.0151515,0.287879,0.030303,0,Bug-ede3a355-9226-480f-a7ce-28da55955664,1381798281894
1631,0.17354,0.455326,0.135739,0.199313,0.00859107,0.0274914,1,Bug-b90b6b54-d0d2-4129-af47-8c42c09e7ac3,1380822795864
1632,0.0833333,0.0833333,0.0833333,0.583333,0.0833333,0.0833333,3,Bug-37b2b510-3845-4503-967b-0c5f41ae9713,1387113982162
1633,0.122807,0.776316,0.00438596,0.0350877,0.0570175,0.00438596,1,Bug-5d0b096a-18ca-43f5-a3c3-9df1e5251b51,1391478956328
1634,0.025641,0.025641,0.692308,0.128205,0.102564,0.025641,2,Bug-7a2e9724-488e-4f12-8133-89a61ac10ccb,1405864289714
1635,0.522124,0.247788,0.115044,0.00884956,0.0265487,0.079646,0,Bug-74be2a86-ff14-423a-ace5-6557fd693683,1370644222082
1636,0.229885,0.582102,0.130542,0.0180624,0.000821018,0.0385878,1,Bug-8042e6b1-f567-4155-89a9-88956e2a0e81,1335312800869
1637,0.0487805,0.0243902,0.780488,0.0243902,0.0243902,0.097561,2,Bug-19591abc-b3b2-4521-bb01-af4e26a01e4b,1352997515877
1638,0.0251572,0.654088,0.00628931,0.00628931,0.238994,0.0691824,1,Bug-2e00ce3c-4e18-48b7-9f2c-e4405c277c58,1403674791869
1639,0.685714,0.142857,0.128571,0.0142857,0.0142857,0.0142857,0,Bug-3f50e9c8-bf2c-4aa6-8b36-bf1a9c9b8c4e,1395878113861
1640,0.142857,0.142857,0.285714,0.142857,0.142857,0.142857,2,Bug-9e670d77-54cd-4ce5-af08-bcd03355e5d5,1390388903948
1641,0.166667,0.0277778,0.722222,0.0277778,0.0277778,0.0277778,2,Bug-d1cd66fb-8e90-49e9-8043-8a1a96a47ff2,1376353171608
1642,0.0958904,0.255708,0.0593607,0.0388128,0.52968,0.0205479,4,Bug-594792ae-b6b5-45bf-893e-e16f7408239d,1407292587882
1643,0.0773481,0.571823,0.0276243,0.0220994,0.240331,0.0607735,1,Bug-c6fc0236-5d55-4a75-a70e-2ba7554f964a,1358171267793
1644,0.0783242,0.783242,0.0464481,0.00182149,0.0500911,0.0400729,1,Bug-a3cb8a4e-aebb-4619-a78f-a2d5525de21f,1389588497072
1645,0.0957265,0.728205,0.0700855,0.0444444,0.0444444,0.017094,1,Bug-47f74569-6006-469c-b5bf-89f636972f75,1407873114003
1646,0.143403,0.76673,0.00573614,0.0478011,0.0344168,0.00191205,1,Bug-7e8d0565-1256-4f83-b29d-48d4600e8c9c,1398822319020
1647,0.125,0.125,0.375,0.125,0.125,0.125,2,Bug-0e398906-05ed-4164-8c13-4c28d899732e,1362665733167
1648,0.0516364,0.658182,0.0334545,0.0145455,0.194182,0.048,1,Bug-d88da3ae-cc5c-4ce6-824c-cc793c5fe4c0,1382026872203
1649,0.172775,0.554974,0.11911,0.0013089,0.0981675,0.0536649,1,Bug-9adb189b-26c4-4a50-bc28-a4bb63760a8a,1380290461938
1650,0.119652,0.58623,0.0414439,0.163102,0.0434492,0.046123,1,Bug-4e6f8f9e-0d6f-4b0f-b6f7-f7c0479b7453,1401321264094
1651,0.141914,0.669967,0.0330033,0.00330033,0.108911,0.0429043,1,Bug-ec978c21-64b2-472f-a62f-3909e3d76eb8,1345838247615
1652,0.02693,0.38061,0.156194,0.122083,0.0843806,0.229803,1,Bug-d4e86def-0392-405a-a080-35d4cb81ae98,1400634178339
1653,0.256098,0.158537,0.219512,0.292683,0.0121951,0.0609756,3,Bug-5fc2f2f6-45f8-473d-9d5b-a25cbb4ee207,1382474312313
1654,0.551724,0.0804598,0.0114943,0.0114943,0.0574713,0.287356,0,Bug-0531bd2c-3fea-426d-9e18-1590ab8232e0,1374374297461
1655,0.47561,0.0731707,0.170732,0.0731707,0.0121951,0.195122,0,Bug-50fb134a-b4d2-4918-a18a-beb6e27f36cb,1392944513178
1656,0.0204082,0.0816327,0.285714,0.204082,0.0816327,0.326531,5,Bug-6946a303-e802-4501-bd04-ab3c554456ac,1407351692354
1657,0.142857,0.142857,0.285714,0.142857,0.142857,0.142857,2,Bug-44a5b527-9755-45fe-856a-ec42cc58d550,1368146764990
1658,0.0411765,0.511765,0.0382353,0.0176471,0.0852941,0.305882,1,Bug-5647b05c-6642-496d-b970-f578282c4315,1380662854250
1659,0.183594,0.328125,0.0117188,0.0195312,0.453125,0.00390625,4,Bug-bf64fcc5-c567-45af-9e47-54f06ecf3a8a,1350474409289
1660,0.0454545,0.513986,0.194639,0.181818,0.0128205,0.0512821,1,Bug-e37cb8bc-69d8-4710-897c-71bc64e48f6c,1378256082214
1661,0.198444,0.492218,0.194553,0.0116732,0.00389105,0.0992218,1,Bug-ae7578dc-7b6b-4086-aff7-f2b41f1f6f71,1382659714348
1662,0.14952,0.249657,0.297668,0.0493827,0.194787,0.0589849,2,Bug-30cdf716-7f02-43bd-83ac-8062e801b8d6,1381358637918
1663,0.0769231,0.0769231,0.0769231,0.0769231,0.384615,0.307692,4,Bug-54a184e6-617f-4744-ae6a-815f2baf2a55,1405466251356
1664,0.119107,0.700579,0.125724,0.0322581,0.00082713,0.0215054,1,Bug-db597f21-f899-4638-a1bf-a2169693fe6c,1349385754811
1665,0.188406,0.671498,0.00483092,0.00483092,0.0869565,0.0434783,1,Bug-ecc3e980-d4c5-4fc6-8376-c276750f2a83,1372165465879
1666,0.581395,0.139535,0.0930233,0.116279,0.0232558,0.0465116,0,Bug-49c32446-18f8-4aac-a720-30f2b7318e9a,1402500471643
1667,0.219178,0.0136986,0.178082,0.0136986,0.0136986,0.561644,5,Bug-920c9921-6979-469c-b168-4cc330873cd0,1398283403798
1668,0.125341,0.335815,0.102755,0.106974,0.0555969,0.273517,1,Bug-0183ad26-f189-4e67-b912-9430fe2a7646,1358813629619
1669,0.0761905,0.00952381,0.819048,0.00952381,0.0285714,0.0571429,2,Bug-6777f987-1c68-421b-85bc-f585bb328598,1391445645999
1670,0.150974,0.475649,0.0584416,0.012987,0.12013,0.181818,1,Bug-8a1b8395-2bbf-440d-8310-ffd6fc318d7c,1344378264321
1671,0.264798,0.421599,0.287643,0.00519211,0.00103842,0.01973,1,Bug-d9d1e027-9a69-415c-b584-907434c24ff4,1408035070065
1672,0.125,0.125,0.375,0.125,0.125,0.125,2,Bug-60afb2dc-a130-4a00-ba93-94d8c595ed1c,1379633671893
1673,0.0333333,0.0333333,0.3,0.0166667,0.0166667,0.6,5,Bug-5292caf5-32b5-4aca-9b71-4b4727c672cd,1339019681551
1674,0.0162338,0.681818,0.146104,0.012987,0.025974,0.116883,1,Bug-716d57d8-00ff-44a9-b487-6b7fd02079ac,1407181654433
1675,0.557692,0.105769,0.00961538,0.105769,0.00961538,0.211538,0,Bug-3caa7154-3106-44b1-a028-d4a57fa6c06c,1393409086981
1676,0.108878,0.750419,0.0452261,0.00167504,0.0703518,0.0234506,1,Bug-dea38ccf-2aaa-4c36-8f61-cfc1ce800915,1375833287667
1677,0.00558659,0.617318,0.0893855,0.00558659,0.243017,0.0391061,1,Bug-58862726-3377-4e0e-a248-2a183d3e6dd7,1362108059099
1678,0.413023,0.405581,0.0269767,0.112558,0.00372093,0.0381395,0,Bug-147ecb7a-73fe-4f23-bfcd-b074ecc5e7da,1365100075240
1679,0.077193,0.115789,0.126316,0.0245614,0.533333,0.122807,4,Bug-c3fc7c00-cf94-4025-a113-9c3e5661b381,1390989961970
1680,0.0357143,0.457453,0.0928571,0.102795,0.0801242,0.231056,1,Bug-999f9f68-6429-4a06-9169-7002fb35213e,1392580620322
1681,0.0560345,0.711207,0.0172414,0.00431034,0.206897,0.00431034,1,Bug-f5e2973d-adba-45bd-9b72-50481fee50c4,1289446148840
1682,0.042885,0.797271,0.0701754,0.00194932,0.0818713,0.00584795,1,Bug-10e72f0b-5e9d-4fc4-ad24-3fddb8408932,1384036457099
1683,0.323144,0.504367,0.157205,0.010917,0.00218341,0.00218341,1,Bug-3b3fa4ba-e885-421f-bf85-c1684b927a64,1240597198973
1684,0.14726,0.753425,0.0684932,0.00342466,0.0239726,0.00342466,1,Bug-a7985616-d910-4d1e-bd9c-6f8a2d90c614,1334727004036
1685,0.184932,0.0684932,0.0684932,0.287671,0.349315,0.0410959,4,Bug-ff3bea4d-5a98-4f17-9bcc-d77ee9c1a42f,1340408021438
1686,0.0348837,0.910853,0.0271318,0.00387597,0.0193798,0.00387597,1,Bug-d3360a12-e18e-45f5-ba8c-05a4e7906ab9,1348360645849
1687,0.00389105,0.319066,0.07393,0.0583658,0.540856,0.00389105,4,Bug-6f314fc9-3171-40e6-8995-9c99754de342,1395700151428
1688,0.095,0.36,0.115,0.005,0.41,0.015,4,Bug-96532440-bee9-4303-b65a-3ed6dc112f58,1370380872769
1689,0.285714,0.0612245,0.22449,0.0204082,0.102041,0.306122,5,Bug-3c3e2410-d9f2-4f3a-9e89-2a24fd18aec2,1353514231007
1690,0.0584192,0.769759,0.0171821,0.103093,0.0378007,0.0137457,1,Bug-17ef2445-9e3b-4ae1-8fcc-dd5cb4a9896a,1334296821232
1691,0.663217,0.133678,0.0793445,0.0129366,0.0388098,0.0720138,0,Bug-9065ba26-22a6-4abf-be50-69b9e2f5e990,1400906277758
1692,0.559835,0.151307,0.0123796,0.0591472,0.141678,0.0756534,0,Bug-f7179ee7-32b5-4864-ad63-067715173a6d,1408645160141
1693,0.104167,0.0208333,0.4375,0.166667,0.0208333,0.25,2,Bug-08cd7322-9de8-4b33-a3d5-36420fdb009b,1389247365079
1694,0.0892857,0.00892857,0.616071,0.00892857,0.00892857,0.267857,2,Bug-c5701861-78aa-41a2-8221-9f20ed9029af,1393007589543
1695,0.479109,0.207521,0.0111421,0.0598886,0.238162,0.00417827,0,Bug-40ab00c6-3b4f-403a-a05f-b3daa82f33fc,1394061239241
1696,0.0136986,0.0821918,0.136986,0.410959,0.0136986,0.342466,3,Bug-b7a2cbf9-75bf-4f9b-a4ce-18aa62849cda,1383576835062
1697,0.488889,0.133333,0.311111,0.0222222,0.0222222,0.0222222,0,Bug-cfb8beea-a6b0-4836-a278-1a22a5a1b349,1378505955926
1698,0.0078125,0.523438,0.03125,0.09375,0.328125,0.015625,1,Bug-f26e96d4-dc11-4f53-bbce-ec9287801154,1404775556449
1699,0.479167,0.208333,0.03125,0.239583,0.0104167,0.03125,0,Bug-4317814e-88c3-41f0-8c36-d1d7bf90f45c,1393347412029
1700,0.102679,0.8125,0.00446429,0.00446429,0.0714286,0.00446429,1,Bug-960f2b61-5864-4c94-8f31-f1472237da79,1369937579441
1701,0.111111,0.0555556,0.277778,0.444444,0.0555556,0.0555556,3,Bug-37d3ea00-352b-4904-9788-3f3856336ec7,1410396105142
1702,0.0552326,0.59593,0.0639535,0.0523256,0.0988372,0.133721,1,Bug-9f639a66-747e-442b-babd-3f5a52a6cf14,1395046211670
1703,0.00475059,0.513064,0.0760095,0.168646,0.0285036,0.209026,1,Bug-2e2ee935-b8a7-4574-b647-08f8ee8c4853,1379630551238
1704,0.0263158,0.0263158,0.342105,0.0263158,0.0263158,0.552632,5,Bug-eb08c234-ec3c-434b-8ef0-dad8bc34c1f9,1379114677839
1705,0.00646204,0.765751,0.0630048,0.147011,0.00161551,0.0161551,1,Bug-920fb173-edc1-43b2-b529-d6e53e5cae48,1408681165360
1706,0.215247,0.0672646,0.495516,0.0224215,0.0156951,0.183857,2,Bug-768a9d5d-4a11-4c11-bd9c-aeec66143f9f,1378780388961
1707,0.234892,0.524515,0.0148233,0.0376283,0.115165,0.0729761,1,Bug-246cec9c-8e76-4588-a3d2-a7db029a76a0,1254948229932
1708,0.0909091,0.236364,0.4,0.109091,0.0181818,0.145455,2,Bug-440ddefd-3b9b-4aa1-8497-b18a73186f4c,1385974358432
1709,0.119205,0.832545,0.00283822,0.000946074,0.0160833,0.0283822,1,Bug-22c8fa77-b4cd-4c21-a2eb-ec029fcd2f22,1354081514802
1710,0.11082,0.180628,0.13089,0.15445,0.310646,0.112565,4,Bug-23ee4c52-6150-4884-99c1-f731f5d5dce2,1405573197606
1711,0.0756014,0.831615,0.0412371,0.0274914,0.00343643,0.0206186,1,Bug-0c291187-ce7e-42b6-aae8-a04f86cd00bc,1409073671648
1712,0.688073,0.0733945,0.110092,0.00917431,0.00917431,0.110092,0,Bug-71bfc7a0-c292-4ecb-b6c6-c2f643b63a01,1379478844177
1713,0.0454545,0.136364,0.227273,0.409091,0.0454545,0.136364,3,Bug-c0f5e552-0b48-4492-80b8-cbfa7804efe3,1376352735489
1714,0.0724638,0.0144928,0.797101,0.057971,0.0434783,0.0144928,2,Bug-91b618e2-0a24-4d61-b12a-9915dfd94779,1389926693351
1715,0.248227,0.572104,0.0425532,0.113475,0.00472813,0.0189125,1,Bug-9feecca4-42fb-466d-ab39-8b48f9d2d46b,1403518996992
1716,0.0198675,0.00662252,0.0860927,0.562914,0.0397351,0.284768,3,Bug-85648c9f-7be8-4f33-8276-77ebe41d8079,1396025216181
1717,0.2125,0.15,0.5625,0.05,0.0125,0.0125,2,Bug-8ca1f036-def4-4f1d-b0ff-bb7272ff378e,1356628830551
1718,0.0701468,0.0734095,0.153344,0.0636215,0.0799347,0.559543,5,Bug-639e09af-cb8d-487d-b20f-9d35a1e00e25,1389705333958
1719,0.21875,0.135417,0.166667,0.145833,0.296875,0.0364583,4,Bug-1e9c22f2-a62d-4515-aec6-8f73dc625b14,1400637694250
1720,0.136646,0.173913,0.111801,0.00621118,0.565217,0.00621118,4,Bug-daa3daec-dc93-4dce-9d3f-24549119e381,1358382036822
1721,0.218362,0.552109,0.0235732,0.00124069,0.203474,0.00124069,1,Bug-30d6c23b-ca58-49e7-9ee4-987bdbf3e026,1377734668490
1722,0.150685,0.263699,0.188356,0.00342466,0.356164,0.0376712,4,Bug-74acfc1f-35d9-4f27-a1c6-1f8be011c919,1235478008239
1723,0.438596,0.0701754,0.192982,0.140351,0.0175439,0.140351,0,Bug-8136f51e-27c8-46b5-a1a4-7ee8d7130b4c,1396028576256
1724,0.107527,0.295699,0.0430108,0.00537634,0.543011,0.00537634,4,Bug-90008c21-2355-401b-89ad-f5cdef10752c,1276287383007
1725,0.141753,0.757732,0.00515464,0.00257732,0.064433,0.0283505,1,Bug-daf9abaa-d4b9-4244-8324-a1f8ec6347f6,1394726043711
1726,0.0451613,0.367742,0.103226,0.00645161,0.470968,0.00645161,4,Bug-3d827675-4368-44bc-9011-ac431ee28a22,1387961374298
1727,0.0616531,0.676152,0.117209,0.0142276,0.0616531,0.0691057,1,Bug-0eb0fbb9-1e8e-4646-9bfd-772c0efd1f18,1371849852953
1728,0.176471,0.0588235,0.176471,0.0588235,0.0588235,0.470588,5,Bug-6b8f4d21-00b7-450e-95cc-4d8444925978,1378315258802
1729,0.152051,0.61786,0.150442,0.0144811,0.0136766,0.0514883,1,Bug-b530ec0c-1208-4438-a18a-320db27b9c36,1348018704228
1730,0.0376176,0.648903,0.0344828,0.0501567,0.169279,0.0595611,1,Bug-aa893554-3c6f-4b05-89c2-b04261b91375,1405729296040
1731,0.126498,0.621838,0.0758988,0.0279627,0.0505992,0.0972037,1,Bug-09d8ff8e-a1dd-4b5d-b2e5-c456fa8c14a8,1323466741355
1732,0.0149254,0.0149254,0.134328,0.0597015,0.0149254,0.761194,5,Bug-58fd4026-e743-4254-bc29-0ac5b0c5185f,1235428211944
1733,0.4375,0.109375,0.21875,0.09375,0.015625,0.125,0,Bug-bb0b3420-8b0a-451d-ad81-d19e0e60c46d,1263225131593
1734,0.0995907,0.293315,0.0150068,0.469304,0.0231924,0.0995907,3,Bug-dea6b82e-ac1c-441a-b32e-736b6d9cdd55,1337838524973
1735,0.555556,0.10101,0.313131,0.010101,0.010101,0.010101,0,Bug-ee089092-286b-4985-9a49-40a3a8004f2e,1346314024373
1736,0.08,0.16,0.04,0.56,0.04,0.12,3,Bug-ec9336ab-514b-488c-8f9a-292ab6a766c0,1382482459415
1737,0.288462,0.0769231,0.442308,0.153846,0.0192308,0.0192308,2,Bug-74ed4f1f-eccf-47f2-8f56-adb36f31d8dd,1298893869903
1738,0.218049,0.294634,0.137073,0.0434146,0.128293,0.178537,1,Bug-edae327c-8504-4fc3-bb8b-17758d37b7b0,1360013615844
1739,0.142857,0.142857,0.285714,0.142857,0.142857,0.142857,2,Bug-a6cbe05d-5490-49b5-b417-eae4863a7233,1402989294137
1740,0.181818,0.0909091,0.0909091,0.0909091,0.0909091,0.454545,5,Bug-277a1346-b907-4d0f-89e9-e387333df8ed,1288869525551
1741,0.00717703,0.00239234,0.282297,0.232057,0.00956938,0.466507,5,Bug-91f5f64a-94a6-456e-9c1b-7ba83b655106,1386812712328
1742,0.0629371,0.723776,0.0314685,0.143357,0.00699301,0.0314685,1,Bug-b8a5c1d3-8a37-428c-9e87-3dac9657daa3,1373917303398
1743,0.611111,0.122222,0.0777778,0.0555556,0.0111111,0.122222,0,Bug-8487443b-3bfc-4a03-b007-6c2177e2d7ee,1263255534521
1744,0.353846,0.0769231,0.0769231,0.138462,0.338462,0.0153846,0,Bug-bc5efa4f-b974-4847-8d02-4c40621a09c3,1348553371503
1745,0.461078,0.0658683,0.0299401,0.00598802,0.419162,0.0179641,0,Bug-d2fe5c1e-e938-439a-abab-76e76e493158,1335666277906
1746,0.210466,0.687144,0.0807736,0.00113766,0.00113766,0.0193402,1,Bug-16c9e074-8734-498f-9d36-ed02e4fb1660,1305553395085
1747,0.114362,0.0292553,0.162234,0.12766,0.401596,0.164894,4,Bug-b384cf98-c7b0-46fd-adfd-f14e224ef6c9,1337644917703
1748,0.00411523,0.102881,0.312757,0.18107,0.255144,0.144033,2,Bug-aca6b39c-0ecf-4b20-b117-8e27beb74190,1389402450178
1749,0.205128,0.042735,0.0598291,0.299145,0.128205,0.264957,3,Bug-795d1987-6b2d-44de-9312-3c335156f238,1275951679273
1750,0.142857,0.142857,0.285714,0.142857,0.142857,0.142857,2,Bug-18e50de9-b7da-4408-a915-3de7dbce4fbc,1392112303752
1751,0.726257,0.027933,0.0893855,0.0837989,0.00558659,0.0670391,0,Bug-a9c2ed97-f487-48b7-876a-9877829032de,1374511636482
1752,0.00684932,0.010274,0.0410959,0.400685,0.0445205,0.496575,5,Bug-d913d153-8526-46ac-be29-1dc82dd74555,1398315485913
1753,0.460465,0.204651,0.111628,0.00465116,0.106977,0.111628,0,Bug-b1ae1a27-d4c5-4722-8b0c-f0c279787fc5,1348261000487
1754,0.05,0.0416667,0.541667,0.00833333,0.216667,0.141667,2,Bug-4bbc88ba-0327-4eda-a542-923618d2836a,1358383695679
1755,0.0700525,0.281961,0.0805604,0.00875657,0.556918,0.00175131,4,Bug-aaa8a5d9-066d-4a8a-8d34-732a3a1cc470,1369955841675
1756,0.0685484,0.91129,0.00403226,0.00403226,0.00806452,0.00403226,1,Bug-df64f836-1d72-4d65-a907-ad8118b98c77,1392711787042
1757,0.690476,0.0714286,0.119048,0.0714286,0.0238095,0.0238095,0,Bug-5b64bbe2-9b0b-4465-9c84-54cdd9081df9,1371399148179
1758,0.326027,0.635616,0.0273973,0.00273973,0.00273973,0.00547945,1,Bug-f161709e-a2bb-4e37-a372-f207d1f0caba,1387311009145
1759,0.0959512,0.192457,0.388242,0.00942873,0.261786,0.0521353,2,Bug-5c4d979f-f80a-4e2d-9d6b-8031d737d21c,1386818755798
1760,0.243191,0.418288,0.299611,0.0116732,0.00194553,0.0252918,1,Bug-863083df-a761-4958-af2d-9a9215141024,1400794467741
1761,0.114783,0.12,0.132174,0.0817391,0.412174,0.13913,4,Bug-0722ac18-3c1e-4457-ac77-927053c14fe9,1316660393981
1762,0.075,0.08125,0.61875,0.11875,0.00625,0.1,2,Bug-2f363357-d88f-4e2e-be1f-791c99351706,1355017951091
1763,0.0234375,0.886719,0.00390625,0.0742188,0.0078125,0.00390625,1,Bug-28de9181-d6f2-40b2-9f8d-499c7d674cb6,1383329679989
1764,0.0544118,0.710294,0.025,0.0514706,0.157353,0.00147059,1,Bug-f4bd35c3-ee18-4b66-92e2-77907c81110b,1375742000949
1765,0.203095,0.574952,0.132012,0.0183752,0.0391683,0.0323985,1,Bug-df3d5ad4-e781-4c5a-97ab-8842321fab61,1263878763853
1766,0.0604027,0.842282,0.0100671,0.0436242,0.0402685,0.0033557,1,Bug-d5ccaf4c-1439-4a42-9a1c-9c250a1ec3d3,1348013800318
1767,0.127536,0.669565,0.00869565,0.101449,0.0666667,0.026087,1,Bug-e0531891-28fc-404d-9d41-e90bf139f5df,1385497733494
1768,0.0607287,0.834008,0.0161943,0.00404858,0.0809717,0.00404858,1,Bug-52aef527-f646-4ae6-84cb-2072e2adf9ce,1352201602505
1769,0.10473,0.760135,0.0439189,0.0472973,0.0405405,0.00337838,1,Bug-e2008dd1-982c-46ad-975a-0d054fe49529,1403221040447
1770,0.243728,0.681004,0.00716846,0.00358423,0.0609319,0.00358423,1,Bug-3232b947-a127-4569-9ed2-f3ea153f2680,1403881828868
1771,0.0506329,0.767932,0.0506329,0.00843882,0.118143,0.00421941,1,Bug-81c862f4-292e-42f7-b5ca-4b2a4237feb5,1355932968051
1772,0.165192,0.657817,0.0176991,0.00294985,0.100295,0.0560472,1,Bug-0647d915-2095-4148-a2a3-f46c3d6e0379,1366677526355
1773,0.084507,0.0422535,0.43662,0.15493,0.0140845,0.267606,2,Bug-4f2d4cf5-6472-4285-a310-d95966f0223b,1365445098044
1774,0.047619,0.047619,0.428571,0.047619,0.333333,0.0952381,2,Bug-1f8e9230-5d99-4d42-9500-19fb76e77977,1384945426166
1775,0.128981,0.636943,0.0875796,0.0517516,0.0390127,0.0557325,1,Bug-fe996ffe-9681-46a3-9903-f23134d05238,1353374953415
1776,0.0176991,0.00884956,0.530973,0.0530973,0.00884956,0.380531,2,Bug-29d1eb2f-1a19-4ab0-b876-0847d5cf43a5,1389730851796
1777,0.138847,0.751138,0.0136571,0.0614568,0.0182094,0.016692,1,Bug-7213c77b-20cd-450b-8c3a-2a5444ca6d01,1403193931678
1778,0.143885,0.316547,0.211511,0.0978417,0.161151,0.0690647,1,Bug-5a8373cc-c347-478f-8384-a530f1965c07,1389401258617
1779,0.0892388,0.524934,0.0656168,0.0419948,0.169291,0.108924,1,Bug-12710e77-f637-45a5-838f-8c7cc3fe6029,1405549026645
1780,0.037037,0.037037,0.222222,0.518519,0.037037,0.148148,3,Bug-c4edd34c-98b8-4c2f-af3b-4c59f40404c9,1334839233396
1781,0.00662252,0.0331126,0.258278,0.370861,0.119205,0.211921,3,Bug-b1a02255-2f30-4285-a426-9c6179811cd7,1388735756289
1782,0.037037,0.222222,0.37037,0.111111,0.037037,0.222222,2,Bug-f1a9a828-6bb4-4aa3-9198-001de71fe7bf,1375475340827
1783,0.0169492,0.881356,0.00423729,0.0211864,0.0720339,0.00423729,1,Bug-374d7962-66aa-41a6-8b95-86b06222506e,1403429100451
1784,0.46,0.23,0.01,0.01,0.21,0.08,0,Bug-861466de-5352-423f-87d7-a7678ec4f17b,1378421688387
1785,0.144928,0.375906,0.0416667,0.125,0.0353261,0.277174,1,Bug-2359c18d-db0f-4cae-b168-70d453778813,1377734203824
1786,0.125,0.125,0.125,0.125,0.125,0.375,5,Bug-62e35bdc-7e7b-475c-a119-99040f2fdbc0,1386891312419
1787,0.264,0.112,0.216,0.04,0.224,0.144,0,Bug-428fa51b-73bb-45f5-a45f-8adcd8037f98,1366297288343
1788,0.00632911,0.341772,0.00632911,0.0126582,0.594937,0.0379747,4,Bug-750ed946-77ce-424b-9726-20bd8351cd9c,1380002491045
1789,0.128696,0.69913,0.0417391,0.00695652,0.093913,0.0295652,1,Bug-912b20a8-d821-4f8a-8ba9-ae004d0ee96f,1288295380629
1790,0.0872375,0.668821,0.0387722,0.0573506,0.0088853,0.138934,1,Bug-d6a8120a-9820-409f-a9a4-4302f910f2f5,1394729612093
1791,0.129825,0.685965,0.0578947,0.0140351,0.054386,0.0578947,1,Bug-b9b69821-2e45-42aa-8d5b-893396ad79d5,1386271892313
1792,0.0635641,0.77412,0.0578888,0.0215664,0.0113507,0.0715096,1,Bug-1a9b315f-e805-48b7-884f-20b746f2039f,1364864840028
1793,0.1,0.1,0.1,0.5,0.1,0.1,3,Bug-e5a20efa-70c4-4ffd-a2ef-cd5e83848408,1294960736420
1794,0.285714,0.0357143,0.25,0.0357143,0.0357143,0.357143,5,Bug-56f8dc1c-7d7c-4aa1-9711-ade85d19b4a3,1388980934769
1795,0.015625,0.836648,0.106534,0.0198864,0.00710227,0.0142045,1,Bug-7d4df968-acad-464e-aaa9-9eb8167f44be,1394016805628
1796,0.21648,0.430866,0.047486,0.0195531,0.0307263,0.254888,1,Bug-20911367-d221-4e19-b2bc-9737758869cd,1381917430669
1797,0.143258,0.00280899,0.412921,0.38764,0.0280899,0.0252809,2,Bug-487ec120-62e8-418b-8ba4-06623c661fcf,1366839650137
1798,0.0909091,0.0909091,0.363636,0.272727,0.0909091,0.0909091,2,Bug-dcd423b4-76fb-4b97-9699-cec8c2ff6e9d,1368139139235
1799,0.627907,0.0465116,0.0465116,0.232558,0.0232558,0.0232558,0,Bug-2be52374-7a99-455f-be77-2343c1ff396a,1334876911305
1800,0.28103,0.557377,0.0421546,0.030445,0.0351288,0.0538642,1,Bug-baa44b33-478d-4ac8-9425-79141de2265a,1391421569100
1801,0.418605,0.162791,0.162791,0.0232558,0.209302,0.0232558,0,Bug-c14ca9e6-29c3-4f3e-8975-8751e28d655a,1369959907751
1802,0.0307918,0.812317,0.0293255,0.00733138,0.118768,0.00146628,1,Bug-3c613b3a-4b41-4b61-b2b8-c0b6d7ae9d45,1275425888538
1803,0.116608,0.738516,0.00706714,0.0459364,0.0530035,0.0388693,1,Bug-ab85f3c6-0dc1-4b6a-96ed-1473a398b5e1,1405625833167
1804,0.190934,0.586538,0.0576923,0.0302198,0.0178571,0.116758,1,Bug-f99171e6-2ac6-4734-b881-bf25ade7bc5d,1378239610521
1805,0.0075188,0.0526316,0.593985,0.150376,0.0075188,0.18797,2,Bug-4b62bfed-46cf-4c24-a1a3-e2ff4b9a6e2d,1407233245848
1806,0.176471,0.0588235,0.470588,0.176471,0.0588235,0.0588235,2,Bug-3a390f4d-dd38-46bf-a069-a8c95fd0dd3b,1348014558460
1807,0.0522152,0.712025,0.0268987,0.0506329,0.00316456,0.155063,1,Bug-44a0e4fc-6b44-4812-a4a3-120020a76f40,1395782004074
1808,0.225027,0.637761,0.0307355,0.0482986,0.0208562,0.0373216,1,Bug-ee50c0a5-12c3-46f2-8d81-a51ff4043850,1322592087036
1809,0.1,0.1,0.2,0.4,0.1,0.1,3,Bug-175494ef-d868-4783-b138-c5e225775de8,1409682787045
1810,0.647799,0.188679,0.0754717,0.0566038,0.00628931,0.0251572,0,Bug-7d61c88c-44e6-4c29-b1f4-4e632d282809,1315878691616
1811,0.098434,0.521253,0.344519,0.00223714,0.00671141,0.0268456,1,Bug-41772cd9-88b6-4fdf-b505-e431d35653c4,1350479180014
1812,0.117647,0.784314,0.0117647,0.00392157,0.0666667,0.0156863,1,Bug-09aefe06-904f-4abc-8546-a97725df86fe,1392243544962
1813,0.14927,0.485971,0.0953984,0.162738,0.0617284,0.0448934,1,Bug-d12fb02d-015f-45ad-b9f8-6f24bc294b1c,1395962388593
1814,0.0107527,0.00358423,0.16129,0.200717,0.046595,0.577061,5,Bug-e6d36d89-f386-4c33-9487-ac418fd87246,1393550485252
1815,0.0684211,0.710526,0.1,0.0263158,0.0868421,0.00789474,1,Bug-5368af93-566b-48de-8ab7-2214678bbf7d,1264430731791
1816,0.266003,0.711238,0.0156472,0.00426743,0.00142248,0.00142248,1,Bug-6ace7df8-782d-4146-a1ce-56c71c8540d5,1387593062304
1817,0.0808081,0.020202,0.626263,0.10101,0.010101,0.161616,2,Bug-84d544a6-b79b-4589-9fec-ec07aebc19ea,1380668811118
1818,0.257261,0.449516,0.0359613,0.0843707,0.136929,0.0359613,1,Bug-d504f078-0cf5-4112-901a-11d266a08afd,1269227478213
1819,0.1875,0.565476,0.047619,0.0446429,0.151786,0.00297619,1,Bug-63a22ca7-df5e-4dc0-8135-49c686a3200c,1305551830156
1820,0.275718,0.600478,0.0909091,0.00358852,0.00299043,0.0263158,1,Bug-7993daeb-f51a-43b7-90a3-7639a01d893d,1370644812067
1821,0.027027,0.027027,0.27027,0.27027,0.378378,0.027027,4,Bug-199154f9-f680-4ddf-b57f-fb264499cf09,1300393112012
1822,0.145719,0.766849,0.0728597,0.00364299,0.00182149,0.00910747,1,Bug-7ad7a545-37b1-4dc3-af97-e3189a8c64be,1337262157056
1823,0.142857,0.142857,0.285714,0.142857,0.142857,0.142857,2,Bug-0cd6dd73-d95a-4332-963f-cad595996d61,1394829045378
1824,0.121951,0.0243902,0.609756,0.0243902,0.0243902,0.195122,2,Bug-86f4fcb4-d994-4d93-aa8a-80473ac2b2bf,1403534270737
1825,0.233161,0.57772,0.0725389,0.0595855,0.0544041,0.00259067,1,Bug-7743b408-7156-49fa-913d-371bce665dc0,1400977185550
1826,0.373737,0.0976431,0.0606061,0.003367,0.390572,0.0740741,4,Bug-814e1dd5-c8d0-4860-94bc-62380d03ffb1,1386132423635
1827,0.165644,0.546012,0.174847,0.0490798,0.00306748,0.0613497,1,Bug-89b3e487-525f-4bf8-8e08-6fc5516d3e85,1397663208293
1828,0.157895,0.0526316,0.105263,0.526316,0.105263,0.0526316,3,Bug-12dea9ab-7f92-44b0-bb93-cb426cc2781d,1348001619187
1829,0.047619,0.0952381,0.285714,0.47619,0.047619,0.047619,3,Bug-19805e03-404d-4250-baa9-d31c3c5fee35,1396303961976
1830,0.0243902,0.555556,0.140921,0.0813008,0.00271003,0.195122,1,Bug-6ed3238d-0036-4eec-8d8c-8d69452051da,1371862074560
1831,0.107399,0.729117,0.0477327,0.00119332,0.0787589,0.0357995,1,Bug-e4a6f696-ff8a-4218-989a-f3da848db742,1407449444831
1832,0.221854,0.0215232,0.140728,0.147351,0.100993,0.36755,5,Bug-0b384fe9-6f2f-42f0-8486-6e530f0ff108,1359119966243
1833,0.0806175,0.356775,0.171527,0.0120069,0.35163,0.0274443,1,Bug-1fcb60e2-0f1b-48db-bb1d-81b4ca33abc5,1341844707511
1834,0.0380406,0.034914,0.132361,0.28296,0.0177176,0.494007,5,Bug-60c3fe44-d533-4ca6-a45c-557ea187e3c2,1386631059984
1835,0.4,0.0909091,0.327273,0.145455,0.0181818,0.0181818,0,Bug-d0b04576-a618-4cfd-a1a6-84a8757d4950,1345392519844
1836,0.127148,0.714777,0.00687285,0.0652921,0.0790378,0.00687285,1,Bug-5532bae0-17ea-480b-b20f-c1ea94aba6cd,1374527063886
1837,0.137566,0.544974,0.047619,0.0185185,0.116402,0.134921,1,Bug-7644c571-8267-4796-8487-da8bc5abed40,1402954801761
1838,0.0337838,0.283784,0.170608,0.00168919,0.41723,0.0929054,4,Bug-f1291121-cc79-4768-b2ed-7130f756fb4a,1276453788744
1839,0.0823529,0.0196078,0.156863,0.584314,0.141176,0.0156863,3,Bug-263aebff-d8b1-4314-b0de-54198e656981,1407873353404
1840,0.247863,0.209402,0.0940171,0.0940171,0.128205,0.226496,0,Bug-62af6545-635b-4a51-9dcf-2e0add94d71a,1379268479455
1841,0.69697,0.0909091,0.0606061,0.030303,0.0909091,0.030303,0,Bug-64774c0e-d668-4f65-98ee-22017ed6aba8,1336595119492
1842,0.0833333,0.195652,0.152174,0.0652174,0.369565,0.134058,4,Bug-2794cb3e-0a65-4adb-ab24-dafc744f6ea9,1350069027876
1843,0.0998004,0.808383,0.0299401,0.00399202,0.0558882,0.00199601,1,Bug-9ac280a8-b7ec-4759-bb4e-2feee4dee42c,1393122824711
1844,0.15739,0.760077,0.0153551,0.0287908,0.0345489,0.00383877,1,Bug-0c1eb3e8-7d8f-4795-9aba-d2fa52ab96a8,1393945319330
1845,0.24,0.604286,0.15,0.00285714,0.00142857,0.00142857,1,Bug-3d7fc1f1-d58b-4750-9ecc-b03cf4d233a5,1362039159078
1846,0.247619,0.0571429,0.152381,0.180952,0.0285714,0.333333,5,Bug-284bb747-7348-45e4-b1d8-9f8b1aef0c89,1400825394732
1847,0.108959,0.774818,0.0230024,0.0447942,0.0387409,0.00968523,1,Bug-392499b7-f237-4d80-ade3-9e549b9c7570,1396394018614
1848,0.335052,0.350515,0.118557,0.177835,0.00128866,0.0167526,1,Bug-6b6e3fef-4da4-4384-9fd1-1be046decdef,1385564163937
1849,0.262295,0.163934,0.0983607,0.0163934,0.278689,0.180328,4,Bug-825a1f8b-ecfd-4930-9577-da7759531bc9,1382286920812
1850,0.0196078,0.0196078,0.490196,0.176471,0.0196078,0.27451,2,Bug-55613f3b-9585-4b7a-9324-e43172662ddc,1187453018244
1851,0.139181,0.698246,0.071345,0.0350877,0.00116959,0.0549708,1,Bug-d3f03db2-f5d2-41aa-a800-bca95b8ee779,1377635298526
1852,0.148936,0.574468,0.0106383,0.00531915,0.255319,0.00531915,1,Bug-6b50cdfc-ebc8-4001-8f5e-ccd002127363,1332355130693
1853,0.0575329,0.185763,0.150171,0.175037,0.335934,0.0955631,4,Bug-25800a07-e7d9-40b1-915b-436b331c6106,1407395290349
1854,0.191398,0.550538,0.0387097,0.088172,0.0301075,0.101075,1,Bug-c52c3359-e193-412f-b883-7e51d2e0821f,1354294314635
1855,0.107843,0.653595,0.0490196,0.143791,0.0424837,0.00326797,1,Bug-aa210054-496b-4dbf-a122-16e7a3d02af4,1379659028610
1856,0.265786,0.241102,0.132032,0.197474,0.0269805,0.136625,0,Bug-4414a9b2-71b5-400d-bf81-36ab1b715028,1387788092862
1857,0.0902973,0.25014,0.0263601,0.0140213,0.616938,0.00224341,4,Bug-934bafd6-2583-42d9-b71c-e33439205a79,1381383173040
1858,0.0292326,0.572473,0.154689,0.226553,0.00121803,0.0158343,1,Bug-3539f560-2323-4ad3-8b5a-76188f7956a6,1386887979693
1859,0.164933,0.433878,0.313522,0.0549777,0.0312036,0.00148588,1,Bug-8aec4b3d-4b32-4303-a9a7-df563e31274c,1393969626126
1860,0.262327,0.579882,0.00394477,0.0374753,0.00197239,0.114398,1,Bug-753be384-aa2b-4783-8a34-3156b1ccf725,1400286592097
1861,0.241379,0.126437,0.0804598,0.298851,0.195402,0.0574713,3,Bug-b51123dd-07e8-4f34-a3f0-fecc47fba412,1383886527027
1862,0.0113636,0.602273,0.0340909,0.136364,0.204545,0.0113636,1,Bug-3324f62b-229b-47d2-9d08-76632ad8ea23,1271655270392
1863,0.231694,0.406557,0.196721,0.0131148,0.00327869,0.148634,1,Bug-47b0befc-f773-455b-aba1-7b77bd4547f4,1390431616040
1864,0.324786,0.0940171,0.384615,0.179487,0.00854701,0.00854701,2,Bug-6a1ccc5f-dc84-42e3-a606-8ca8d527d0b3,1392336988655
1865,0.2,0.276923,0.0307692,0.0205128,0.241026,0.230769,1,Bug-8b169d0f-b7d1-4941-87e0-81b39d459e1a,1408356454054
1866,0.025641,0.0512821,0.025641,0.512821,0.025641,0.358974,3,Bug-0b3ca292-498e-480a-8ad5-eb969e02aa62,1404789126792
1867,0.191126,0.767918,0.0102389,0.00341297,0.00341297,0.0238908,1,Bug-3a5d2865-1cb7-40b6-a0c4-4aa67505071f,1394657936355
1868,0.145833,0.0104167,0.729167,0.0989583,0.0104167,0.00520833,2,Bug-d35e9e08-a648-4c9b-beb9-b0969ec9f26b,1374016032018
1869,0.131944,0.663194,0.0173611,0.00347222,0.159722,0.0243056,1,Bug-4d2c297e-3517-4426-840c-bec4cf73740a,1409108550491
1870,0.0638298,0.858801,0.0135397,0.0193424,0.0425532,0.00193424,1,Bug-2f8043a1-d6fe-4d5d-8049-2f4cae93ee8c,1361341441036
1871,0.2634,0.67075,0.0444104,0.00153139,0.0183767,0.00153139,1,Bug-18052bac-8674-4687-90d9-4f65917ee83e,1394792962091
1872,0.0660465,0.644651,0.0130233,0.0706977,0.178605,0.0269767,1,Bug-81e110d5-2c1b-42ab-acc4-aaaa701b7cfe,1358791378951
1873,0.015625,0.015625,0.3125,0.25,0.015625,0.390625,5,Bug-b8b0c026-2e57-4f6d-9c01-c9e21d8ac858,1390931859495
1874,0.0954357,0.838174,0.0456432,0.0124481,0.00414938,0.00414938,1,Bug-aa95db6a-7e4f-482c-8f52-0b8624502709,1376072184483
1875,0.141914,0.752475,0.00330033,0.0627063,0.0363036,0.00330033,1,Bug-536bf449-4fab-47c1-8836-51b8db71d545,1233636680187
1876,0.232558,0.697674,0.0431894,0.00332226,0.0199336,0.00332226,1,Bug-849e5a6e-d651-41d8-9f98-407ec193fd6a,1368559429813
1877,0.102389,0.761092,0.00341297,0.0784983,0.0204778,0.0341297,1,Bug-79e78a78-e27b-4b63-8882-2d5931f3efa7,1405326783942
1878,0.019025,0.768133,0.0237812,0.124851,0.00118906,0.0630202,1,Bug-13c3acad-3d98-484c-9863-c30b93fec0a0,1409633445878
1879,0.125,0.125,0.125,0.375,0.125,0.125,3,Bug-23ec4999-85d7-4a49-8ca0-9af0ad6398f6,1407543317048
1880,0.103165,0.484174,0.0375147,0.317702,0.0164127,0.0410317,1,Bug-7160abea-ac43-4caf-b788-014ad3e20c48,1357152645516
1881,0.0860786,0.714134,0.0361318,0.031881,0.0552604,0.0765143,1,Bug-7aac1b6d-7450-4554-84b7-5916202dd2a3,1254493473806
1882,0.120556,0.840804,0.00618238,0.0293663,0.0015456,0.0015456,1,Bug-8f30c864-d7d3-45e0-ba32-743d9362ad3d,1384893301038
1883,0.0322581,0.564516,0.0225806,0.0741935,0.270968,0.0354839,1,Bug-99bdc218-e267-4580-99af-85ff910c8344,1397694405216
1884,0.0229885,0.00383142,0.321839,0.478927,0.0268199,0.145594,3,Bug-5348647e-8787-4635-b646-1e64c0c0edbf,1395680438448
1885,0.135849,0.769811,0.00377358,0.045283,0.00377358,0.0415094,1,Bug-8add1bc0-beb1-4cab-a1ff-85225c3d52db,1365012456294
1886,0.11293,0.815876,0.0171849,0.000818331,0.0270049,0.0261866,1,Bug-b4158b7a-3556-4748-bcd7-bef37975cd04,1391707969370
1887,0.067623,0.579918,0.0860656,0.0963115,0.0286885,0.141393,1,Bug-ada8b4e2-ae82-487d-8e06-463133bdd3ae,1379952935784
1888,0.253499,0.455677,0.0676516,0.0769829,0.00933126,0.136858,1,Bug-481a6f11-4f6a-46f3-b3dc-5d0c7b6488b4,1381184571609
1889,0.234127,0.642857,0.00396825,0.00396825,0.0952381,0.0198413,1,Bug-99d96b52-2ccc-4a83-8685-7aee73f25f09,1380184950931
1890,0.0189274,0.577287,0.0662461,0.022082,0.249211,0.0662461,1,Bug-157d0066-5fce-4c71-98cf-49b4b3fdec80,1364943711209
1891,0.0705128,0.634615,0.125,0.0288462,0.137821,0.00320513,1,Bug-63732cb4-a034-4c2c-866d-fb56e11bab4e,1410320032172
1892,0.0730769,0.876923,0.00384615,0.00384615,0.0307692,0.0115385,1,Bug-9f24a052-cdd0-484c-9b17-63254b08b5ca,1381869835974
1893,0.0133929,0.915179,0.00446429,0.00446429,0.0580357,0.00446429,1,Bug-ddb31271-c9a3-4eef-8944-a732e3f9c5d3,1382419351235
1894,0.340807,0.0874439,0.221973,0.0560538,0.248879,0.044843,0,Bug-ed6ca3aa-07d9-417a-8270-ac0b61a08df2,1334598151882
1895,0.00934579,0.345794,0.121495,0.102804,0.364486,0.0560748,4,Bug-2733ea7e-b605-493b-b1d6-de94125a04a5,1381552878753
1896,0.0815217,0.0380435,0.233696,0.173913,0.309783,0.163043,4,Bug-dfb1a137-247a-4fc2-acf7-bae541bb76b4,1374092681649
1897,0.189964,0.731183,0.00358423,0.0286738,0.0430108,0.00358423,1,Bug-20cc09f8-4d2e-4e26-aa61-8bf2faada02b,1378235986921
1898,0.325301,0.32358,0.0636833,0.0533563,0.197935,0.0361446,0,Bug-215418a9-7590-465c-bc12-e1dc54516824,1407747952979
1899,0.107639,0.576389,0.15625,0.00347222,0.145833,0.0104167,1,Bug-24181592-9f46-4cc2-91d0-bafb09568cc9,1368464791364
1900,0.101399,0.269231,0.181818,0.20979,0.136364,0.101399,1,Bug-60a5a2c3-ad56-40b9-a584-bef8110ec45a,1380044276687
1901,0.0276968,0.553936,0.0262391,0.345481,0.0145773,0.03207,1,Bug-2dc98103-16e1-4e0f-9065-6175893510d0,1388449689159
1902,0.0420168,0.663866,0.0560224,0.0168067,0.218487,0.00280112,1,Bug-bd9e193e-658a-4e7e-9ecb-9bc2c464f970,1379377110352
1903,0.102381,0.621429,0.140476,0.00714286,0.12619,0.00238095,1,Bug-aba806df-3f44-42c5-bb9f-ca355d9ac73e,1351900918321
1904,0.202609,0.571304,0.0391304,0.0408696,0.073913,0.0721739,1,Bug-dddcf535-e999-46ca-bf02-2fc4c7c99a13,1369675137388
1905,0.142857,0.285714,0.142857,0.142857,0.142857,0.142857,1,Bug-6362c0dc-c4b2-4105-a550-a30cce9a326f,1362775496992
1906,0.280242,0.383065,0.205645,0.00806452,0.120968,0.00201613,1,Bug-d30486d5-a86b-40df-88f9-a6e608c2924d,1343866518322
1907,0.053719,0.681818,0.0206612,0.115702,0.123967,0.00413223,1,Bug-359826a8-bda9-4615-9e6a-a71e3394611c,1358381762020
1908,0.164516,0.754839,0.00322581,0.00322581,0.0322581,0.0419355,1,Bug-0a4fa9ee-acb7-4cfe-a862-b9fcea715c2c,1377886545367
1909,0.374302,0.0726257,0.346369,0.0391061,0.117318,0.0502793,0,Bug-140f9f59-6758-4caf-9e47-6606280433df,1389240407080
1910,0.0793374,0.358326,0.0915432,0.0915432,0.197908,0.181343,1,Bug-60f10ed8-28a4-4029-8dc7-68efde603938,1392770352749
1911,0.382022,0.134831,0.449438,0.011236,0.011236,0.011236,2,Bug-71c1ef02-9b2c-4c1f-a3f7-b0c6d838d155,1362009669561
1912,0.42446,0.0359712,0.158273,0.179856,0.0935252,0.107914,0,Bug-745baac3-eeee-4181-9c97-aeddada24db1,1391634966889
1913,0.0358744,0.865471,0.0358744,0.0044843,0.0538117,0.0044843,1,Bug-d8160002-0b25-495f-94fb-ed5bd951d2a5,1383789419380
1914,0.0849057,0.748428,0.00157233,0.0157233,0.133648,0.0157233,1,Bug-6dfac4d8-7168-4636-8b9b-e6e2337ebfc6,1378754128103
1915,0.497717,0.123288,0.146119,0.196347,0.0319635,0.00456621,0,Bug-ab9c348d-8d7b-4e03-a20e-87c3cac39ad1,1374785254321
1916,0.0176211,0.0220264,0.581498,0.118943,0.00440529,0.255507,2,Bug-babc2259-78b9-4a6a-ba05-cea30871177d,1360375833014
1917,0.601504,0.0037594,0.278195,0.0789474,0.0263158,0.0112782,0,Bug-9b481213-fabc-417d-8137-042b425126ab,1367370957372
1918,0.054384,0.776915,0.0532741,0.0255272,0.0566038,0.0332963,1,Bug-497021d2-7110-4b2a-b8d1-41c56d0a4d3f,1410647012565
1919,0.113971,0.392157,0.213235,0.0159314,0.230392,0.0343137,1,Bug-60e17dfc-8ef0-4d9c-a42b-f28add0282cf,1355243600521
1920,0.363636,0.497727,0.0704545,0.0159091,0.00227273,0.05,1,Bug-fb88019c-9da3-4185-b85b-e39f9663395b,1378974033271
1921,0.030303,0.030303,0.121212,0.212121,0.030303,0.575758,5,Bug-1daf268a-4664-4f0c-9e2c-c31417caa5c1,1402439816539
1922,0.0607143,0.517857,0.0178571,0.00357143,0.396429,0.00357143,1,Bug-08aa525c-fac3-4b6a-b423-3fdcae2c96d5,1384693310245
1923,0.0463576,0.0596026,0.284768,0.00331126,0.576159,0.0298013,4,Bug-be4471eb-50c7-4221-a97e-2bf7bd4ef536,1324968060988
1924,0.465116,0.0930233,0.325581,0.0232558,0.0232558,0.0697674,0,Bug-49862bda-c23f-4b6e-bd1a-600142670dc7,1384225448923
1925,0.714286,0.102041,0.122449,0.0204082,0.0204082,0.0204082,0,Bug-6ec425c7-94a8-4767-b243-9f56321e7b62,1374179553295
1926,0.00757576,0.753788,0.0492424,0.0340909,0.113636,0.0416667,1,Bug-11f53db9-364f-4219-91d1-de77f4bd186a,1366680956782
1927,0.0989399,0.812721,0.0353357,0.00353357,0.0353357,0.0141343,1,Bug-e1dc3d62-4963-466d-9e64-f9f42386683f,1249257997409
1928,0.0310078,0.0155039,0.868217,0.0232558,0.0155039,0.0465116,2,Bug-11d1f321-a0e3-44a1-a963-99a4646947be,1389750882247
1929,0.0385144,0.859697,0.0261348,0.0261348,0.00137552,0.0481431,1,Bug-b367d20c-ff5f-491b-8f61-7ac8751d228e,1379383122114
1930,0.285714,0.0408163,0.336735,0.0408163,0.0102041,0.285714,2,Bug-c0146562-fb3f-475f-b5ec-051fa9b8016d,1373151736572
1931,0.14,0.573333,0.0666667,0.00333333,0.19,0.0266667,1,Bug-3a30bb4a-4eb5-40cb-8afa-52d1252d4528,1390866175846
1932,0.134545,0.0909091,0.621818,0.0509091,0.00363636,0.0981818,2,Bug-17bfdfc7-3f89-4f61-b9de-3b75131d0530,1371798587057
1933,0.553073,0.0391061,0.374302,0.00558659,0.0223464,0.00558659,0,Bug-95c5a138-ab55-4e74-ace5-d16de653fa20,1403901514680
1934,0.00956938,0.952153,0.00956938,0.0143541,0.00478469,0.00956938,1,Bug-cccec657-61bb-4f26-b53a-53b6d259333a,1354925810032
1935,0.015625,0.015625,0.4375,0.0625,0.453125,0.015625,4,Bug-1f3a2f64-4f8c-46fc-bb21-fa65fef8ecb4,1395297731669
1936,0.417532,0.461361,0.0415225,0.0011534,0.0184544,0.0599769,1,Bug-532670a4-e46d-4860-83e0-c5305bf95eff,1399640350323
1937,0.0655977,0.861516,0.016035,0.00291545,0.0393586,0.0145773,1,Bug-87d1a67e-67bf-493a-8905-7cc37ec59759,1367277483474
1938,0.258993,0.467626,0.073741,0.044964,0.0611511,0.0935252,1,Bug-adf5d386-999f-4439-9086-7ee08ea9d3d7,1248997584250
1939,0.538462,0.173077,0.134615,0.115385,0.0192308,0.0192308,0,Bug-f10e6d05-42f5-4958-bea1-95a2d791018f,1295822087381
1940,0.808081,0.030303,0.151515,0.003367,0.003367,0.003367,0,Bug-35a4c74b-b8fe-4c7a-bbeb-7896e08c0763,1395910208998
1941,0.0848708,0.839483,0.0332103,0.00184502,0.0387454,0.00184502,1,Bug-5cff9491-3f2b-4ee3-8b8d-a8d94ec8f3e9,1368717514387
1942,0.404255,0.233367,0.249916,0.0364742,0.029382,0.0466059,0,Bug-72a61c90-0ae2-4457-88c7-ae977cc73715,1377129437183
1943,0.115385,0.0384615,0.0384615,0.0384615,0.0384615,0.730769,5,Bug-8be89a1f-4479-4c5a-9b61-8b9e4cdf2cdd,1389314375601
1944,0.166667,0.416667,0.00757576,0.00757576,0.393939,0.00757576,1,Bug-910ef8fc-ee99-4711-a50a-3b8940790942,1405417937052
1945,0.183036,0.763393,0.0178571,0.0178571,0.0133929,0.00446429,1,Bug-14ebab44-41f2-4324-9f68-e0afea98d521,1277576868774
1946,0.55102,0.183673,0.102041,0.0204082,0.122449,0.0204082,0,Bug-a51739ee-6f7c-460c-852f-a4e967897527,1380924412449
1947,0.346154,0.0576923,0.0192308,0.355769,0.0576923,0.163462,3,Bug-a2c36011-ed9a-49e9-ad3e-927b80dc2de8,1335203026736
1948,0.0981818,0.723636,0.00363636,0.0290909,0.141818,0.00363636,1,Bug-6532379a-b93a-4ce3-baac-54321afdba55,1394128411417
1949,0.0480769,0.841346,0.0240385,0.00480769,0.0769231,0.00480769,1,Bug-846ff14e-f8a4-48f1-ae88-05890f3f8fdd,1398667515377
1950,0.0798898,0.77135,0.0688705,0.0330579,0.0440771,0.00275482,1,Bug-1082b68e-791c-4b73-9614-3d8669455ac8,1369345575991
1951,0.132075,0.72327,0.0220126,0.00314465,0.00314465,0.116352,1,Bug-3a35faa8-94ea-482c-be71-30f89ff7a893,1391043985928
1952,0.255605,0.269058,0.143498,0.0044843,0.32287,0.0044843,4,Bug-c1779749-e721-4a8b-8d59-2c43fb68d267,1404468043618
1953,0.3,0.3,0.1,0.1,0.1,0.1,0,Bug-22d5bead-3bc4-4e40-8bc0-d594488be4e2,1367430237155
1954,0.0693642,0.803468,0.00192678,0.00192678,0.102119,0.0211946,1,Bug-668a3047-631b-425f-9d2e-393d4d89f4ee,1391980103239
1955,0.0455607,0.211449,0.0630841,0.0771028,0.424065,0.178738,4,Bug-1162fbe8-0e33-4eff-b588-386fc519a202,1393381213815
1956,0.126394,0.843866,0.0185874,0.00371747,0.00371747,0.00371747,1,Bug-6d179ea9-bfcd-4da4-92df-dd1affea7709,1363228939935
1957,0.0827815,0.761589,0.0198675,0.00331126,0.129139,0.00331126,1,Bug-32a3b062-f9db-4fc7-b379-fb81990a0cf3,1396397058749
1958,0.307087,0.188976,0.456693,0.00787402,0.0314961,0.00787402,2,Bug-89a7c6b1-a400-4f5b-8746-66fe58402c10,1410856982548
1959,0.207237,0.720395,0.0493421,0.00328947,0.0164474,0.00328947,1,Bug-7c209c39-10f6-40d3-be82-f851bb4750ad,1369462657177
1960,0.0357143,0.00892857,0.116071,0.375,0.00892857,0.455357,5,Bug-fb3ef0d7-c34f-4c9d-8b00-f4105bf69f39,1409351097354
1961,0.0401606,0.895582,0.00401606,0.0120482,0.0441767,0.00401606,1,Bug-be0fe8a7-8bab-4cb8-8853-57c4f62b37dd,1344903014505
1962,0.00613497,0.00613497,0.736196,0.0613497,0.00613497,0.184049,2,Bug-53b7050f-7f75-4590-ac7e-16af857e5cbd,1403726156162
1963,0.142857,0.0714286,0.428571,0.142857,0.142857,0.0714286,2,Bug-795f9c88-539a-47b8-9779-6f9e208ce1d8,1365473154132
1964,0.32,0.16,0.24,0.2,0.04,0.04,0,Bug-be20741d-0eda-4991-a367-3f6d916d45c8,1403879333005
1965,0.217391,0.0869565,0.347826,0.0869565,0.0434783,0.217391,2,Bug-75a3d761-c211-4120-b545-0c624583d29c,1378334866355
1966,0.14433,0.505155,0.115464,0.119588,0.043299,0.0721649,1,Bug-796c8117-cb2b-4a6b-817c-e11c84c611e6,1405660553069
1967,0.223837,0.607558,0.151163,0.0116279,0.00290698,0.00290698,1,Bug-281618f2-809f-499a-b34f-a7511f13581c,1362258071308
1968,0.0637584,0.651007,0.0167785,0.0201342,0.214765,0.033557,1,Bug-e114422b-e1e3-4062-81b3-ea3c208bb583,1392120045891
1969,0.416667,0.25,0.0208333,0.270833,0.0208333,0.0208333,0,Bug-bd985806-a5d6-4f8b-aea3-bfd592df1079,1296024904862
1970,0.0347222,0.173611,0.180556,0.118056,0.305556,0.1875,4,Bug-6c4c084f-da49-42a3-bebe-4c7e1ecd4643,1392885376870
1971,0.0394737,0.0131579,0.0789474,0.539474,0.0131579,0.315789,3,Bug-6f8ff737-0e56-4e23-b237-f7425844e796,1410374857656
1972,0.0651163,0.727907,0.0372093,0.00232558,0.165116,0.00232558,1,Bug-bed7c4b8-51a6-4d8e-acc8-7a5fec211a86,1376078548420
1973,0.0965748,0.349206,0.0928989,0.0843776,0.0115288,0.365414,5,Bug-b8003e87-9af4-4c24-953a-80ac7bb1f495,1358807021392
1974,0.738992,0.135279,0.0111406,0.0323607,0.0816976,0.000530504,0,Bug-9aed51ec-bcd2-4dab-ae66-0a047cf158da,1406567332581
1975,0.249007,0.258278,0.317881,0.0490066,0.0145695,0.111258,2,Bug-efb46036-1d2e-43da-8ec8-b6654d41b501,1362809844240
1976,0.0823045,0.18107,0.201646,0.037037,0.469136,0.0288066,4,Bug-5c04644d-1339-4fca-bbcb-0f6ee60658b5,1376438480147
1977,0.00970874,0.800971,0.092233,0.0121359,0.0825243,0.00242718,1,Bug-11c257ae-d1a7-473f-9746-1ba2c104e051,1408119048347
1978,0.0551181,0.482677,0.0590551,0.28189,0.0220472,0.0992126,1,Bug-d3716453-7f4f-43a1-8293-f1771cb26d2e,1403168755795
1979,0.136364,0.0454545,0.363636,0.318182,0.0909091,0.0454545,2,Bug-c1f1fb43-3dc6-47d9-8d51-9a764c20143c,1387834215455
1980,0.154122,0.777778,0.00716846,0.00358423,0.0143369,0.0430108,1,Bug-5da11ca7-9708-48e1-b28b-124ac66a9cea,1396022122323
1981,0.0471698,0.0518868,0.410377,0.292453,0.00471698,0.193396,2,Bug-7e8b50e7-1d32-4880-87cf-480147b4d524,1365428019010
1982,0.0526316,0.105263,0.684211,0.0526316,0.0526316,0.0526316,2,Bug-ac5e835c-0234-4edb-a657-3b1c68836097,1378482720534
1983,0.00856531,0.784797,0.0481799,0.00107066,0.119914,0.0374732,1,Bug-423cfefc-d5ac-4f81-8d61-563bcdb99e7f,1337775992426
1984,0.0678899,0.805505,0.053211,0.00183486,0.0697248,0.00183486,1,Bug-62aacafd-8fe5-41c9-97b4-0b30b4a97f9e,1386206380818
1985,0.0188679,0.0188679,0.45283,0.226415,0.169811,0.113208,2,Bug-86107b40-d2b5-44c4-87ed-bb4471822893,1391630272825
1986,0.0113636,0.0454545,0.363636,0.386364,0.0227273,0.170455,3,Bug-500d8833-0d6b-419e-8d74-faca2e51f859,1354446308076
1987,0.047619,0.047619,0.333333,0.190476,0.047619,0.333333,2,Bug-77f17598-8141-4fa5-a01b-cb60577b8d6d,1409151194123
1988,0.0912409,0.824818,0.00364964,0.00364964,0.0291971,0.0474453,1,Bug-7a61747f-7869-47d6-a853-f03ea96cd295,1389227116104
1989,0.0852156,0.700719,0.123717,0.0169405,0.000513347,0.0728953,1,Bug-7c26bd72-ff8f-4ee0-9906-6449b42c7d7f,1385562755105
1990,0.0555556,0.0555556,0.444444,0.0555556,0.0555556,0.333333,2,Bug-5022ab8f-b7c7-44bc-bca6-58502cbdad80,1362004691444
1991,0.253571,0.732143,0.00357143,0.00357143,0.00357143,0.00357143,1,Bug-3e9e5707-a0a5-4e40-b706-0f0e4e35f537,1395831968214
1992,0.157895,0.105263,0.368421,0.0526316,0.0526316,0.263158,2,Bug-9efd3554-3e7d-4a69-8e8c-be3a7a8b4956,1376349433375
1993,0.0742219,0.788508,0.0614525,0.0255387,0.000798085,0.0494812,1,Bug-a7da553b-a8df-4fd0-9cc3-a67782ee8c2a,1386728728565
1994,0.228188,0.489933,0.0872483,0.0178971,0.0738255,0.102908,1,Bug-1bbdfe96-4f64-41bc-aecf-55169b323fa7,1396886877998
1995,0.173759,0.762411,0.0248227,0.0319149,0.0035461,0.0035461,1,Bug-8a37022b-b855-4573-93f0-08405f06829a,1343805502625
1996,0.0898438,0.714844,0.0078125,0.0273438,0.0742188,0.0859375,1,Bug-e91a1c12-cd8a-4cdb-b390-50fd55be7f38,1391462915878
1997,0.267658,0.0446097,0.312268,0.144981,0.130112,0.100372,2,Bug-cd9db6d3-7c22-44e7-b030-b56cc440cd8d,1337983473983
1998,0.111702,0.617021,0.130319,0.00265957,0.0930851,0.0452128,1,Bug-0a075b3f-d133-43e1-b0c2-03da6398ed84,1370535198672
1999,0.0868687,0.868687,0.00808081,0.00606061,0.0282828,0.0020202,1,Bug-2100ab07-7289-4342-9afd-cfcd20b11dbc,1390953175426
2000,0.279487,0.548718,0.123077,0.00769231,0.0025641,0.0384615,1,Bug-2ba6953f-62e3-4187-972c-b4635be0c26f,1278195830564
2001,0.150376,0.336842,0.204511,0.142857,0.159398,0.00601504,1,Bug-a5ea02e1-39e9-4d9d-8524-e6071ac32bd2,1400821594505
2002,0.804124,0.0721649,0.0927835,0.0103093,0.0103093,0.0103093,0,Bug-1d98379e-eb36-42f4-8c78-17e6d0859247,1387957298251
2003,0.117109,0.726441,0.074108,0.010064,0.0301921,0.042086,1,Bug-8f2022fb-8ce9-4a9d-8b3d-5d05102f5968,1358372719743
2004,0.0172414,0.0172414,0.0172414,0.655172,0.0689655,0.224138,3,Bug-f38ff2ff-8a41-431b-aba5-9abc637d24e2,1381822030497
2005,0.0326531,0.832653,0.00408163,0.00408163,0.0979592,0.0285714,1,Bug-55de6059-5ca3-4c6b-9bc1-fcdf4ae78f15,1366844409016
2006,0.111111,0.111111,0.111111,0.111111,0.111111,0.444444,5,Bug-8f7806c8-dc83-48d4-994c-282a4ecd1f1a,1380156030463
2007,0.579439,0.0841121,0.00934579,0.00934579,0.00934579,0.308411,0,Bug-4ec4c364-e665-4a30-9ca7-eefe043e7086,1392917509415
2008,0.0921053,0.00657895,0.315789,0.0394737,0.00657895,0.539474,5,Bug-a4c42e93-604b-4955-8c8b-1afd67c58cb4,1390240304815
2009,0.0584795,0.745614,0.00292398,0.00292398,0.187135,0.00292398,1,Bug-fb2d6df7-b54d-4e3c-a972-702e3a25fded,1395670098540
2010,0.0136986,0.0136986,0.520548,0.287671,0.0136986,0.150685,2,Bug-be12bf07-6c7c-45b3-983b-92064cf7c112,1384517970927
2011,0.00862069,0.405172,0.0517241,0.172414,0.344828,0.0172414,1,Bug-9de5fdf6-841d-4234-bf0c-eeb8cb61b257,1380576943643
2012,0.341207,0.458005,0.0538058,0.0564304,0.0380577,0.0524934,1,Bug-0194fb67-f929-4b26-b45c-11c5b5282546,1369342793711
2013,0.0526316,0.0526316,0.578947,0.210526,0.0526316,0.0526316,2,Bug-61c7d279-0576-4775-88e7-45ec4c19d6b9,1404334762537
2014,0.0526316,0.0526316,0.421053,0.368421,0.0526316,0.0526316,2,Bug-2a57a2b9-ffa8-43c8-9783-7c72656df478,1397666916960
2015,0.00716846,0.666667,0.0179211,0.154122,0.0322581,0.121864,1,Bug-c12843ca-9ef6-4351-b666-d762ba96360a,1406289986038
2016,0.0352113,0.795775,0.0528169,0.00352113,0.109155,0.00352113,1,Bug-7d5e7d32-64ad-438d-8256-3f6f10b19983,1387344665308
2017,0.422481,0.00387597,0.550388,0.00775194,0.00387597,0.0116279,2,Bug-8349d0d9-c522-4d34-8679-0bf44d83ab53,1381102077586
2018,0.0919881,0.682493,0.169139,0.00296736,0.0207715,0.0326409,1,Bug-06def5d4-4d3f-4a92-8d0d-a73495410fad,1374264395222
2019,0.117647,0.788927,0.0103806,0.0622837,0.0103806,0.0103806,1,Bug-de1fba62-ea47-4479-905f-94cfd538bc4a,1383152415485
2020,0.524272,0.0776699,0.359223,0.00970874,0.00970874,0.0194175,0,Bug-80d24be1-81a6-4ebb-8063-1920000ef700,1406587897188
2021,0.00729927,0.0145985,0.0948905,0.430657,0.00729927,0.445255,5,Bug-9ea635be-8c37-4773-af9f-a4a626d09bd0,1383811880115
2022,0.154472,0.278049,0.134959,0.121951,0.307317,0.00325203,4,Bug-87f10d45-d274-46e6-8825-e42038fa4b37,1367548791131
2023,0.0664336,0.804196,0.0034965,0.0034965,0.0734266,0.048951,1,Bug-13a04c16-aa8c-41e7-8e88-832e9b6cdbe6,1337979593322
2024,0.27551,0.57398,0.0153061,0.0382653,0.00255102,0.0943878,1,Bug-d33fc375-4495-4327-bdb5-e6aacff07f0f,1348012178372
2025,0.283533,0.431843,0.166848,0.0109051,0.00763359,0.0992366,1,Bug-6f9a1f9d-157e-41db-ae88-59a65ac09961,1403822434731
2026,0.187291,0.779264,0.00334448,0.00334448,0.0234114,0.00334448,1,Bug-aa0aa0cf-abce-4e19-85c2-f29ae82eeaee,1384207237763
2027,0.0555556,0.0555556,0.555556,0.166667,0.0555556,0.111111,2,Bug-496e4c75-eaa3-4c05-9c7a-d3df7f74d08a,1376585428169
2028,0.283146,0.213733,0.100375,0.125343,0.162797,0.114607,0,Bug-83341a52-6393-4ecf-abee-869ec97a9a1d,1397767089702
2029,0.128114,0.701068,0.00355872,0.024911,0.13879,0.00355872,1,Bug-d37c119b-5237-4665-8d97-bda960ff2b99,1373924756686
2030,0.0225225,0.918919,0.0225225,0.0045045,0.0045045,0.027027,1,Bug-2a6c9c80-29d7-4c34-ad74-d7c5cdf4b5fc,1293054830584
2031,0.0217391,0.0434783,0.413043,0.0434783,0.108696,0.369565,2,Bug-2307360b-48d0-4e6f-9248-e5690f8e2092,1380678394203
2032,0.0990991,0.690691,0.003003,0.00900901,0.162162,0.036036,1,Bug-464709c7-fbcd-47f4-85eb-d20993694512,1383968060670
2033,0.0526316,0.862782,0.0488722,0.0018797,0.0018797,0.0319549,1,Bug-cf0737cf-31ac-4c0a-aef4-a37350bb2be3,1354135573327
2034,0.125,0.125,0.125,0.125,0.375,0.125,4,Bug-970e7308-e5ae-49c5-8f53-d543c6b7ce78,1392304204898
2035,0.0838088,0.650856,0.0834522,0.0278174,0.142297,0.0117689,1,Bug-0d0c283f-b665-4403-9541-72df5192bdfa,1397103788653
2036,0.132428,0.72326,0.0814941,0.0220713,0.00169779,0.0390492,1,Bug-cd3c364f-d45e-4942-82df-d85fa752838e,1277256348452
2037,0.0685131,0.728863,0.058309,0.0174927,0.112245,0.0145773,1,Bug-f04e8f10-d895-47a2-a708-4382d57d572e,1384293743634
2038,0.0536113,0.644825,0.0491437,0.0610573,0.0394639,0.151899,1,Bug-a13d433a-067d-4bbc-8e51-de1b9cf3b7f8,1362762609796
2039,0.361446,0.192771,0.204819,0.0120482,0.0722892,0.156627,0,Bug-70c086a2-b488-4e92-b46a-d5c00eb67180,1377987383171
2040,0.140089,0.00447094,0.269001,0.257079,0.236215,0.0931446,2,Bug-e568e4eb-6ff0-4380-bea8-a3f569ddb2b1,1404784211822
2041,0.221106,0.428811,0.0201005,0.21273,0.0368509,0.080402,1,Bug-08570cd8-2872-452c-b6ad-0c374e5ce6d9,1359818610960
2042,0.147541,0.757377,0.0327869,0.00327869,0.0557377,0.00327869,1,Bug-3530ed97-0813-4fd4-a283-b8ea2ad2a85a,1395735748803
2043,0.0714286,0.0714286,0.357143,0.0357143,0.0357143,0.428571,5,Bug-19700e18-cfec-4000-86f0-3930d590da15,1397863283405
2044,0.0387858,0.854975,0.00505902,0.0505902,0.0084317,0.0421585,1,Bug-7e93d74b-2f1c-4f09-a260-60236abefc79,1339399186856
2045,0.0438871,0.871473,0.00940439,0.0344828,0.0376176,0.0031348,1,Bug-eef488e9-670d-4142-b127-6e35603a654e,1379367709474
2046,0.482517,0.020979,0.412587,0.00699301,0.00699301,0.0699301,0,Bug-a7511e40-7177-4e84-8ab5-b672d0dca931,1409819030714
2047,0.0357143,0.829365,0.0436508,0.00396825,0.0714286,0.015873,1,Bug-b02566c4-6428-40ab-a39e-54f61d63b8e7,1370040294716
2048,0.15534,0.378641,0.0291262,0.00970874,0.417476,0.00970874,4,Bug-4271d20b-a4f5-4bcf-9093-ce8f0e9efd2b,1378255740635
2049,0.271605,0.037037,0.222222,0.259259,0.185185,0.0246914,0,Bug-a690a63f-79eb-468b-8ef2-040d9ada77fa,1375235949162
2050,0.641791,0.109453,0.144279,0.0945274,0.00497512,0.00497512,0,Bug-f07cfb63-6bcf-48ba-8761-2b32c3618397,1405966389671
2051,0.0841837,0.632653,0.0561224,0.00255102,0.178571,0.0459184,1,Bug-9b5d7e96-0635-4fd6-a60d-e23f05be8247,1322516876300
2052,0.526316,0.122807,0.0701754,0.0175439,0.0175439,0.245614,0,Bug-322e9d74-d049-4f19-8004-84570c0075f9,1374776751284
2053,0.107383,0.734899,0.0704698,0.00671141,0.00671141,0.0738255,1,Bug-a6f4780b-a75e-4624-b251-6de498a62344,1407260719002
2054,0.128222,0.423001,0.0945142,0.106411,0.00330469,0.244547,1,Bug-6498baba-12a6-4bcb-a1d8-f4930a998f0a,1361572044702
2055,0.123201,0.587795,0.26943,0.00921128,0.00402994,0.00633276,1,Bug-70f9fcbc-475f-4629-a9d2-5c7a0c6f0f43,1378489595713
2056,0.0434783,0.73913,0.0790514,0.00395257,0.130435,0.00395257,1,Bug-f610789b-0030-4e45-bb3b-0fb46007e828,1392625262636
2057,0.142857,0.142857,0.142857,0.285714,0.142857,0.142857,3,Bug-8b288cd5-0081-49b8-80cc-c246c545f8ec,1382052000415
2058,0.0501319,0.0131926,0.688654,0.0316623,0.0633245,0.153034,2,Bug-c4221e0d-9886-4e50-a7ea-7d9201bb126b,1358469737537
2059,0.0682057,0.709339,0.0682057,0.0503673,0.04617,0.0577125,1,Bug-2739b170-b601-4d03-8624-f6e4eca7ae7d,1370912329074
2060,0.037962,0.465534,0.184815,0.224775,0.000999001,0.0859141,1,Bug-801c4390-1468-475b-a609-0256fee6fab4,1380064883636
2061,0.0554415,0.13347,0.0965092,0.0205339,0.507187,0.186858,4,Bug-1a353086-f357-4ef7-8046-fa871a818a57,1382501579601
2062,0.0769231,0.0769231,0.615385,0.0769231,0.0769231,0.0769231,2,Bug-3bc530b7-d6f1-4a52-8680-21d57f2873d3,1362774469895
2063,0.037037,0.037037,0.037037,0.444444,0.037037,0.407407,3,Bug-d3414220-0e4f-47cd-8652-254dd5b9b708,1398723641355
2064,0.04,0.828571,0.00571429,0.00571429,0.114286,0.00571429,1,Bug-033f204b-1a59-42dc-8d52-1009f4c2e926,1382030840608
2065,0.126033,0.483471,0.0914256,0.00774793,0.18595,0.105372,1,Bug-043036cd-a57d-4a3e-8d98-d1dcfd950a98,1396273758429
2066,0.0196629,0.00280899,0.671348,0.0365169,0.0140449,0.255618,2,Bug-67e0dc7b-47e8-4418-ab2c-ff76c9fa55af,1338144445688
2067,0.164,0.022,0.512,0.116,0.184,0.002,2,Bug-c6178288-55be-40b3-9ffc-920b1b22236a,1379816477304
2068,0.455696,0.524051,0.00253165,0.00253165,0.00253165,0.0126582,1,Bug-912be382-1b1f-4f30-a326-b257a8b25339,1352739848991
2069,0.404676,0.102518,0.0611511,0.181655,0.00179856,0.248201,0,Bug-cc845d9d-f47f-4caa-9eca-70d7e2f2e9a6,1363300031735
2070,0.0860495,0.850065,0.0208605,0.00130378,0.00391134,0.0378096,1,Bug-161c9460-15f3-4739-9b7d-42eab1506a41,1383138198397
2071,0.205036,0.701439,0.0431655,0.00719424,0.0359712,0.00719424,1,Bug-baad01ee-a6b9-43c1-96b9-e9356c0dafec,1391556667019
2072,0.450063,0.35019,0.0353982,0.011378,0.141593,0.011378,0,Bug-b610b106-fa44-40d5-a298-1d99e7f6617c,1337626431871
2073,0.255177,0.506845,0.194103,0.001404,0.01755,0.024921,1,Bug-05803736-9cf1-4b88-ae3b-ada11420ed17,1346246616134
2074,0.415,0.055,0.365,0.005,0.09,0.07,0,Bug-169564b6-ef3c-4d1b-a2dd-799f161b110d,1389361997724
2075,0.174603,0.374416,0.157796,0.0298786,0.262372,0.000933707,1,Bug-01bcf162-d690-4f78-b138-201fa1507cb3,1397140708976
2076,0.273364,0.446262,0.0864486,0.163551,0.0280374,0.00233645,1,Bug-5162d765-dd2d-448f-b1e1-4616fcc95ebb,1349112966983
2077,0.104895,0.179021,0.184615,0.0027972,0.429371,0.0993007,4,Bug-9ef04647-e4d2-42bb-99b5-bb15be3cec2a,1386025754600
2078,0.192737,0.583799,0.0865922,0.075419,0.0167598,0.0446927,1,Bug-680451cb-d1a6-4b53-b82c-d78759ffd49a,1393648936588
2079,0.262626,0.010101,0.434343,0.0707071,0.010101,0.212121,2,Bug-09e3acff-5ab2-433d-b100-741eef8b1330,1377717166122
2080,0.125,0.125,0.125,0.125,0.375,0.125,4,Bug-14c6d610-4678-4ae5-af14-2bc36ca2dc6a,1367481962550
2081,0.644737,0.0394737,0.144737,0.0263158,0.131579,0.0131579,0,Bug-77fc4a33-48d6-40a5-ba2f-17fbde27e31a,1370392785272
2082,0.509983,0.098688,0.0889903,0.162578,0.12607,0.0136908,0,Bug-b4436612-5c80-403e-aa44-816b4411613c,1371101563923
2083,0.047619,0.047619,0.428571,0.047619,0.047619,0.380952,2,Bug-b61c2924-ccef-4c7c-885a-a8439731caed,1403274573534
2084,0.144635,0.611198,0.0186625,0.029549,0.0233281,0.172628,1,Bug-b817bd6c-4484-404a-90fb-27fa07c6488b,1389915718745
2085,0.0705882,0.0235294,0.505882,0.317647,0.0117647,0.0705882,2,Bug-fcf8b5ff-bb43-4b51-b9f3-c42fef178c91,1368903694559
2086,0.152083,0.6375,0.0208333,0.0916667,0.0958333,0.00208333,1,Bug-5daebcf6-096d-40f1-9eb6-50c7889f8404,1407170098002
2087,0.00847458,0.00211864,0.754237,0.0995763,0.0233051,0.112288,2,Bug-7a7a441f-1105-487a-a70c-e418eb874a91,1366218939696
2088,0.10084,0.302521,0.0756303,0.0336134,0.478992,0.00840336,4,Bug-b3e57efd-2225-4cb6-a985-cfdbe4fbc840,1362630359220
2089,0.0537313,0.644776,0.0298507,0.00298507,0.223881,0.0447761,1,Bug-b8328b1a-19a0-450d-9e0b-a5f6ac52cfd5,1362613664493
2090,0.853692,0.129055,0.00621118,0.000690131,0.000690131,0.00966184,0,Bug-43bffb07-8fdb-4d1d-a8ec-b7fc8c104ad1,1394600395622
2091,0.0953947,0.657895,0.0164474,0.0986842,0.0526316,0.0789474,1,Bug-4a8d7b19-3539-4c47-9db8-e946c8e012d4,1374158324639
2092,0.0357143,0.0357143,0.821429,0.0357143,0.0357143,0.0357143,2,Bug-61292a30-684b-40e8-8cd6-b2cbbbfade80,1391466112417
2093,0.027027,0.0810811,0.405405,0.243243,0.216216,0.027027,2,Bug-063e12af-bf26-47e8-835b-17e94e3db103,1394007283103
2094,0.184671,0.332819,0.0195473,0.255658,0.0118313,0.195473,1,Bug-6863aec1-caaf-48d8-bf66-dbe47953b1a9,1295025293361
2095,0.0144231,0.913462,0.00480769,0.00480769,0.0576923,0.00480769,1,Bug-8e05bb64-2791-4bae-a1a9-5df9706c9d78,1389487361358
2096,0.0955882,0.647059,0.150735,0.00367647,0.0992647,0.00367647,1,Bug-0ad1adc1-4d38-439c-b6a3-2cb42b11275b,1362739241654
2097,0.0909091,0.0151515,0.515152,0.19697,0.0151515,0.166667,2,Bug-819f7b43-2fa3-4f16-aedc-9bbc13ef590a,1358808249216
2098,0.111111,0.111111,0.444444,0.111111,0.111111,0.111111,2,Bug-8fbc7165-f74b-4946-b0fd-674bdc5f07b5,1380733651598
2099,0.0380228,0.91635,0.00380228,0.0304183,0.00760456,0.00380228,1,Bug-d6c4dda7-fb48-4f62-b382-a28fcfb4ddc8,1403252918792
2100,0.259406,0.467327,0.039604,0.00792079,0.0673267,0.158416,1,Bug-7f8fd1b1-bee4-47f4-8f4f-90be8759da78,1386797477042
2101,0.0136519,0.389078,0.0682594,0.00341297,0.477816,0.0477816,4,Bug-42e3dc95-b0c4-4ea9-a551-8b51fe3b997b,1384038233128
2102,0.0981735,0.890411,0.00456621,0.00228311,0.00228311,0.00228311,1,Bug-250c496b-a012-4151-83ed-4415b1dc150c,1400874400784
2103,0.586538,0.0673077,0.317308,0.00961538,0.00961538,0.00961538,0,Bug-6a85e964-d2a4-4380-be4a-7624e1ec8580,1378300452787
2104,0.203636,0.701818,0.0145455,0.0472727,0.00363636,0.0290909,1,Bug-447d556b-a8fa-4cd9-9ffe-b3d382468a7f,1386652116268
2105,0.114815,0.7,0.037037,0.0037037,0.140741,0.0037037,1,Bug-a9b7f411-62b9-4ab3-bbd8-d396f2884520,1381949486707
2106,0.025641,0.025641,0.153846,0.102564,0.025641,0.666667,5,Bug-9f425c67-6032-480e-9d82-90deb5bfcb8d,1381471006559
2107,0.0666667,0.0666667,0.266667,0.266667,0.266667,0.0666667,2,Bug-a43b742a-3e5a-47d1-be27-08d01a056297,1397522771669
2108,0.131387,0.233577,0.0620438,0.0583942,0.416058,0.0985401,4,Bug-d30d4ac0-de08-470f-a53c-554e1dcc9d07,1341619383279
2109,0.26281,0.49146,0.0429752,0.0589532,0.00991736,0.133884,1,Bug-291f0c9a-c779-4e80-8fa4-48b230aa86ca,1389689305088
2110,0.0640177,0.900662,0.00220751,0.00220751,0.0286976,0.00220751,1,Bug-35564910-eaab-4ceb-9418-85ad6f1abe6c,1392408997054
2111,0.190476,0.047619,0.380952,0.190476,0.0952381,0.0952381,2,Bug-4bccf43d-4ab6-4be0-8bbb-4aa1751dc118,1402514593324
2112,0.371429,0.1,0.214286,0.214286,0.0285714,0.0714286,0,Bug-547a3d41-dfb8-49b5-a9e9-81ae4a1b7f86,1393002160093
2113,0.214286,0.142857,0.428571,0.0714286,0.0714286,0.0714286,2,Bug-7dfcb12c-2653-47dc-a769-7c43e0a30edf,1360373559139
2114,0.363636,0.496503,0.002331,0.0559441,0.002331,0.0792541,1,Bug-fc5c0a60-80c4-451a-a316-fbdc732524ca,1390857496854
2115,0.634921,0.0634921,0.238095,0.031746,0.015873,0.015873,0,Bug-47cf6d9f-1dca-45ce-a656-e4bd38617a66,1377895104073
2116,0.191964,0.535714,0.160714,0.00446429,0.0625,0.0446429,1,Bug-8de399cc-77d6-49b7-a358-c05f09f71b93,1377975130937
2117,0.174775,0.261261,0.0918919,0.018018,0.369369,0.0846847,4,Bug-bf2092cb-4b5b-4189-94b0-d7d78164f4e5,1359162080758
2118,0.352941,0.117647,0.132353,0.367647,0.0147059,0.0147059,3,Bug-e88baf68-9fd5-4667-9cd4-420d8cf8ee4a,1354241621685
2119,0.130435,0.645485,0.0200669,0.00334448,0.187291,0.0133779,1,Bug-a0a12084-3f4f-4a7a-aa54-774ee344de49,1397239879852
2120,0.370572,0.544959,0.0177112,0.0013624,0.0340599,0.0313351,1,Bug-258ddccd-06a2-4973-a88d-602f7d727e43,1321478845556
2121,0.712329,0.109589,0.136986,0.0136986,0.0136986,0.0136986,0,Bug-5d028afb-c564-4660-ab1c-7b52b2a60ff6,1395326554891
2122,0.114028,0.7137,0.0172272,0.0689089,0.050041,0.0360952,1,Bug-fd836db1-07f4-480a-8358-1e60b71a0300,1383934164773
2123,0.0580913,0.651452,0.109959,0.0425311,0.00103734,0.136929,1,Bug-d5019a95-f986-4261-ab1c-cf98523d19ba,1376025726397
2124,0.0408163,0.727891,0.0408163,0.00340136,0.183673,0.00340136,1,Bug-4785d221-b54d-4749-82a4-ed69e4588d13,1374963630117
2125,0.038961,0.396104,0.175325,0.00649351,0.376623,0.00649351,1,Bug-5fbf8e42-7ada-4e1c-8329-c738e1d09e45,1377559217819
2126,0.0909091,0.0909091,0.363636,0.272727,0.0909091,0.0909091,2,Bug-55ebba4b-9352-434f-90dc-a0275c72171c,1384203549788
2127,0.189349,0.710059,0.035503,0.00591716,0.0532544,0.00591716,1,Bug-90946a5f-596f-4bed-a04a-f0a0930e9645,1403376048554
2128,0.171351,0.202176,0.479601,0.0217588,0.0326383,0.0924751,2,Bug-921eeed3-e48e-4e85-bef8-39239be14daa,1365777401861
2129,0.357143,0.133929,0.0357143,0.160714,0.00892857,0.303571,0,Bug-668cb749-8cb2-4179-afe1-381ee3389009,1334746537802
2130,0.0327869,0.67541,0.0393443,0.137705,0.00327869,0.111475,1,Bug-6a6a2211-9835-4e1a-8764-b16ac92fedcb,1243445894591
2131,0.157593,0.744986,0.0429799,0.00286533,0.0487106,0.00286533,1,Bug-f675d1fa-f8ab-42f5-be69-d6d7d2c2fd5f,1379618551064
2132,0.0859189,0.5179,0.214797,0.0071599,0.0501193,0.124105,1,Bug-cd0a2a47-06a9-474b-a0d7-b68bbb7ca828,1397604333375
2133,0.52,0.32,0.04,0.04,0.04,0.04,0,Bug-2cf555d9-5c47-45cf-b521-be19693a562b,1369885365379
2134,0.017341,0.687861,0.00578035,0.0520231,0.109827,0.127168,1,Bug-4fc8077a-644f-4641-9931-618022ffc93d,1384560760294
2135,0.0212766,0.00236407,0.238771,0.167849,0.0260047,0.543735,5,Bug-82130f37-300d-4bd3-9d2e-ec6b1bab45c9,1379944288978
2136,0.4,0.075,0.325,0.125,0.05,0.025,0,Bug-9c38b631-5fa5-4f09-913e-41a3355e5b4a,1377594023738
2137,0.314286,0.128571,0.357143,0.0285714,0.0142857,0.157143,2,Bug-ea4cbe04-c5b7-461a-a043-83472b39f6a6,1357237603074
2138,0.144615,0.732308,0.0123077,0.0215385,0.00307692,0.0861538,1,Bug-0125aebd-c304-442d-bf60-f809c9bafda4,1363022820141
2139,0.0175439,0.942982,0.00438596,0.00438596,0.0219298,0.00877193,1,Bug-8bab4aba-f2d1-4487-b3a1-6f7532236559,1300817826925
2140,0.123494,0.820783,0.0256024,0.00150602,0.00150602,0.0271084,1,Bug-8b341199-8690-4481-b93f-ee9601b37ce2,1396756005589
2141,0.148289,0.828897,0.00380228,0.0114068,0.00380228,0.00380228,1,Bug-02e8cff9-16d2-4393-aa3f-8ec2a0dff2b1,1347581483012
2142,0.488742,0.323179,0.0278146,0.0013245,0.157616,0.0013245,0,Bug-f7790e24-18c4-4dff-9a84-4a9a06a5ca48,1406252935273
2143,0.181054,0.547746,0.0634072,0.117647,0.0175707,0.0725745,1,Bug-4b620649-fb33-4dee-85e3-cfabd61710f3,1389328337225
2144,0.411765,0.0588235,0.0196078,0.137255,0.0196078,0.352941,0,Bug-bf47f2ee-02fc-480c-b6e9-2d4ceccd94b2,1404138420055
2145,0.0555556,0.138889,0.222222,0.138889,0.0277778,0.416667,5,Bug-8c350377-cadf-442a-afba-122a21f60efa,1381986823253
2146,0.194444,0.666667,0.0753968,0.00396825,0.0555556,0.00396825,1,Bug-f513cf9a-26ce-45a0-9fcd-6bfc4c0a9741,1398460986097
2147,0.0714286,0.568182,0.0681818,0.0292208,0.237013,0.025974,1,Bug-6af00316-b5bc-4c05-b0ed-3b4dfa79e8a9,1408962918159
2148,0.0294118,0.808824,0.0477941,0.00367647,0.0220588,0.0882353,1,Bug-8c7513be-f60c-4b05-b741-bb6612c78a5d,1372118316586
2149,0.0334005,0.231212,0.205874,0.0601785,0.0351281,0.434207,5,Bug-74c87a19-fef0-4e86-97d7-edfe3d88a1e0,1381830908538
2150,0.04,0.04,0.44,0.2,0.04,0.24,2,Bug-7b086421-8d05-436e-8140-398566c53b7a,1380063618334
2151,0.462532,0.0258398,0.0439276,0.0826873,0.162791,0.222222,0,Bug-12676bed-af71-465f-90d9-749f5866549d,1338583327264
2152,0.0828157,0.432712,0.15735,0.0724638,0.178054,0.0766046,1,Bug-b0b4fca6-28fc-409e-a21e-50dccaa72be0,1367604720868
2153,0.0769231,0.0769231,0.0769231,0.615385,0.0769231,0.0769231,3,Bug-b7253232-9e57-40e3-a1df-f528129044bc,1343304041938
2154,0.0447958,0.832675,0.030303,0.00922266,0.0685112,0.0144928,1,Bug-76f34f3c-a97d-40f9-be74-5de4d7a7ad23,1394679188106
2155,0.642857,0.128571,0.114286,0.0142857,0.0142857,0.0857143,0,Bug-d3b82e7c-cfc7-4e99-8be9-d6d508b8f926,1409266372485
2156,0.18374,0.38374,0.325203,0.0406504,0.0162602,0.0504065,1,Bug-5f073aa9-8ec9-48c4-a378-bda05250effa,1386957424041
2157,0.264563,0.565534,0.148058,0.00242718,0.00242718,0.0169903,1,Bug-bfb79435-0c07-447b-9037-f427fd5d26f8,1338804321879
2158,0.13486,0.777354,0.0559796,0.00636132,0.00890585,0.0165394,1,Bug-00ee697d-c674-4d76-9361-3bbf14a99810,1383886595921
2159,0.00990099,0.029703,0.188119,0.435644,0.00990099,0.326733,3,Bug-a40b0e7d-faf6-4652-8879-aaf902242f53,1402682156935
2160,0.0309278,0.911635,0.0103093,0.0206186,0.00147275,0.0250368,1,Bug-c3f7657a-089d-4937-969d-65fdae735a93,1396830841799
2161,0.220506,0.594101,0.119382,0.00140449,0.0632022,0.00140449,1,Bug-946c09f4-c987-46f3-b0df-10bde5ef8e74,1386668496687
2162,0.0555556,0.0555556,0.222222,0.0555556,0.0555556,0.555556,5,Bug-a19f2a56-76ba-4d5d-a082-07d51af78d0b,1366066531117
2163,0.107744,0.750842,0.003367,0.020202,0.114478,0.003367,1,Bug-422f22ae-e0b0-4b87-86c4-0a62c64d7db2,1322595900798
2164,0.0160772,0.784566,0.073955,0.0128617,0.109325,0.00321543,1,Bug-511e7e24-a803-4b29-bbae-28daefef3a52,1382659810899
2165,0.00900901,0.00900901,0.387387,0.027027,0.018018,0.54955,5,Bug-0bc11238-3c5e-4988-970c-a23bf8242cf1,1284741020430
2166,0.175,0.742857,0.0214286,0.00357143,0.0321429,0.025,1,Bug-906594b2-59b9-421f-92e0-299cc4b44614,1368551082694
2167,0.142857,0.142857,0.285714,0.142857,0.142857,0.142857,2,Bug-24498713-9c7f-462c-877d-c75bff812bce,1405018708189
2168,0.0285714,0.0142857,0.114286,0.271429,0.0142857,0.557143,5,Bug-3902c2de-c829-4973-b438-d1e08b166994,1366739597532
2169,0.331445,0.586402,0.00283286,0.0708215,0.00566572,0.00283286,1,Bug-091fea20-1b43-4842-912a-99904678cc4f,1374764254533
2170,0.03125,0.03125,0.28125,0.09375,0.15625,0.40625,5,Bug-98381a02-5b66-4b06-b5a2-31c5444d50a8,1227910025888
2171,0.0111607,0.497768,0.332589,0.0111607,0.078125,0.0691964,1,Bug-e231ec49-e91c-4276-b991-0319b73d5719,1410305730484
2172,0.0293255,0.615836,0.0498534,0.00293255,0.258065,0.0439883,1,Bug-2c3752ff-a023-4983-a591-412beeacc385,1373524879417
